date,open,high,low,close,volume,source
2017-11-09,0.001207,0.001415,0.001181,0.001415,6259550,Yahoo Finance
2017-11-10,0.001421,0.001431,0.001125,0.001163,4246520,Yahoo Finance
2017-11-11,0.001146,0.001257,0.001141,0.001201,2231080,Yahoo Finance
2017-11-12,0.001189,0.001210,0.001002,0.001038,3288960,Yahoo Finance
2017-11-13,0.001046,0.001212,0.001019,0.001211,2481270,Yahoo Finance
2017-11-14,0.001201,0.001239,0.001131,0.001184,2660340,Yahoo Finance
2017-11-15,0.001189,0.001351,0.001179,0.001339,2840180,Yahoo Finance
2017-11-16,0.001348,0.001424,0.001286,0.001390,3423010,Yahoo Finance
2017-11-17,0.001381,0.001394,0.001274,0.001313,2787480,Yahoo Finance
2017-11-18,0.001308,0.001385,0.001254,0.001373,1648260,Yahoo Finance
2017-11-19,0.001355,0.001421,0.001340,0.001376,1431720,Yahoo Finance
2017-11-20,0.001374,0.001428,0.001348,0.001394,2141360,Yahoo Finance
2017-11-21,0.001410,0.001446,0.001302,0.001389,3047660,Yahoo Finance
2017-11-22,0.001401,0.002053,0.001373,0.001823,18841700,Yahoo Finance
2017-11-23,0.001819,0.002246,0.001819,0.001891,26126500,Yahoo Finance
2017-11-24,0.001940,0.001978,0.001788,0.001908,9585960,Yahoo Finance
2017-11-25,0.001923,0.002072,0.001877,0.002072,5430930,Yahoo Finance
2017-11-26,0.002073,0.002132,0.001880,0.002026,7670430,Yahoo Finance
2017-11-27,0.001999,0.002036,0.001891,0.001988,6185790,Yahoo Finance
2017-11-28,0.001991,0.002363,0.001949,0.002363,8317540,Yahoo Finance
2017-11-29,0.002333,0.002581,0.001993,0.002080,11077200,Yahoo Finance
2017-11-30,0.002048,0.002271,0.001890,0.002079,4919490,Yahoo Finance
2017-12-01,0.002051,0.002237,0.001971,0.002148,5258110,Yahoo Finance
2017-12-02,0.002122,0.002212,0.002017,0.002149,4978180,Yahoo Finance
2017-12-03,0.002092,0.002340,0.002071,0.002223,4751640,Yahoo Finance
2017-12-04,0.002206,0.002475,0.002178,0.002463,6307150,Yahoo Finance
2017-12-05,0.002474,0.002676,0.002426,0.002479,8772420,Yahoo Finance
2017-12-06,0.002495,0.002663,0.002440,0.002663,9047960,Yahoo Finance
2017-12-07,0.002581,0.002858,0.002515,0.002720,15759300,Yahoo Finance
2017-12-08,0.002730,0.002846,0.002326,0.002779,11797600,Yahoo Finance
2017-12-09,0.002772,0.002846,0.002425,0.002617,6564530,Yahoo Finance
2017-12-10,0.002607,0.002742,0.002307,0.002547,5614920,Yahoo Finance
2017-12-11,0.002563,0.002894,0.002534,0.002798,7017140,Yahoo Finance
2017-12-12,0.002794,0.003381,0.002665,0.003304,19228600,Yahoo Finance
2017-12-13,0.003306,0.003884,0.003218,0.003461,31150900,Yahoo Finance
2017-12-14,0.003449,0.003718,0.003419,0.003709,23426200,Yahoo Finance
2017-12-15,0.003670,0.003809,0.003483,0.003762,19043800,Yahoo Finance
2017-12-16,0.003767,0.006251,0.003638,0.005933,136352992,Yahoo Finance
2017-12-17,0.005917,0.007628,0.005586,0.005984,99417200,Yahoo Finance
2017-12-18,0.005938,0.006809,0.005622,0.006433,44158800,Yahoo Finance
2017-12-19,0.006402,0.006693,0.005476,0.005666,38885700,Yahoo Finance
2017-12-20,0.005619,0.007067,0.004892,0.006661,67820000,Yahoo Finance
2017-12-21,0.006733,0.008768,0.006583,0.007425,159154000,Yahoo Finance
2017-12-22,0.007386,0.007625,0.004742,0.006054,63693900,Yahoo Finance
2017-12-23,0.006135,0.008076,0.006110,0.007259,70143104,Yahoo Finance
2017-12-24,0.007282,0.008948,0.005974,0.008582,143767008,Yahoo Finance
2017-12-25,0.008649,0.010729,0.008582,0.008931,178008992,Yahoo Finance
2017-12-26,0.008935,0.009623,0.008173,0.009411,124427000,Yahoo Finance
2017-12-27,0.009342,0.009609,0.008514,0.008872,63625500,Yahoo Finance
2017-12-28,0.008856,0.008856,0.007717,0.008486,51201500,Yahoo Finance
2017-12-29,0.008513,0.009477,0.008155,0.009391,62474900,Yahoo Finance
2017-12-30,0.009365,0.009446,0.007388,0.007860,56175300,Yahoo Finance
2017-12-31,0.007803,0.009274,0.007669,0.008972,62256400,Yahoo Finance
2018-01-01,0.009031,0.009063,0.008101,0.008909,50616900,Yahoo Finance
2018-01-02,0.008873,0.009598,0.008551,0.009145,89424096,Yahoo Finance
2018-01-03,0.009088,0.009584,0.008882,0.009320,66349900,Yahoo Finance
2018-01-04,0.009346,0.010036,0.008768,0.009644,108986000,Yahoo Finance
2018-01-05,0.009660,0.012283,0.009589,0.012167,212383008,Yahoo Finance
2018-01-06,0.012226,0.015788,0.012226,0.014863,283716992,Yahoo Finance
2018-01-07,0.014673,0.018773,0.014577,0.017088,288184000,Yahoo Finance
2018-01-08,0.017115,0.017664,0.013765,0.015045,235114000,Yahoo Finance
2018-01-09,0.015072,0.015569,0.013015,0.013420,115255000,Yahoo Finance
2018-01-10,0.013554,0.013560,0.011485,0.013102,100243000,Yahoo Finance
2018-01-11,0.013020,0.013153,0.010987,0.011469,62722000,Yahoo Finance
2018-01-12,0.011479,0.013339,0.011165,0.013056,56971300,Yahoo Finance
2018-01-13,0.013057,0.013653,0.012478,0.013023,55890600,Yahoo Finance
2018-01-14,0.013057,0.013187,0.011344,0.011684,65899000,Yahoo Finance
2018-01-15,0.011631,0.011779,0.009848,0.009857,62765500,Yahoo Finance
2018-01-16,0.009863,0.009863,0.005672,0.006822,68099200,Yahoo Finance
2018-01-17,0.006812,0.007741,0.005499,0.007648,58846200,Yahoo Finance
2018-01-18,0.007641,0.008733,0.007195,0.007969,56599300,Yahoo Finance
2018-01-19,0.007872,0.008435,0.007467,0.007871,30335700,Yahoo Finance
2018-01-20,0.007957,0.008649,0.007957,0.008448,22974100,Yahoo Finance
2018-01-21,0.008438,0.008438,0.006983,0.007131,22933100,Yahoo Finance
2018-01-22,0.007199,0.007606,0.006318,0.006734,19968600,Yahoo Finance
2018-01-23,0.006723,0.007049,0.006228,0.006673,17882700,Yahoo Finance
2018-01-24,0.006642,0.007217,0.006473,0.007083,17449900,Yahoo Finance
2018-01-25,0.007155,0.007763,0.007124,0.007667,21329400,Yahoo Finance
2018-01-26,0.007702,0.007982,0.006795,0.007237,19572300,Yahoo Finance
2018-01-27,0.007240,0.007545,0.007168,0.007373,11672900,Yahoo Finance
2018-01-28,0.007409,0.007681,0.007337,0.007465,14070700,Yahoo Finance
2018-01-29,0.007401,0.007522,0.006863,0.006967,13073100,Yahoo Finance
2018-01-30,0.006969,0.006992,0.005942,0.006024,15855900,Yahoo Finance
2018-01-31,0.006001,0.006219,0.005752,0.006010,14754700,Yahoo Finance
2018-02-01,0.006021,0.006090,0.004791,0.005029,18748700,Yahoo Finance
2018-02-02,0.005023,0.005023,0.003310,0.004475,29913700,Yahoo Finance
2018-02-03,0.004501,0.005495,0.004159,0.005164,18018100,Yahoo Finance
2018-02-04,0.005182,0.005317,0.004176,0.004399,12961600,Yahoo Finance
2018-02-05,0.004397,0.004470,0.003376,0.003533,12489400,Yahoo Finance
2018-02-06,0.003544,0.004421,0.003036,0.004361,19139100,Yahoo Finance
2018-02-07,0.004314,0.004800,0.003934,0.004297,12990100,Yahoo Finance
2018-02-08,0.004263,0.004872,0.004263,0.004566,9462680,Yahoo Finance
2018-02-09,0.004560,0.005011,0.004313,0.005000,11190100,Yahoo Finance
2018-02-10,0.004982,0.005441,0.004744,0.004989,16717300,Yahoo Finance
2018-02-11,0.004968,0.005183,0.004606,0.004956,11309800,Yahoo Finance
2018-02-12,0.004964,0.005508,0.004964,0.005472,11124300,Yahoo Finance
2018-02-13,0.005475,0.005678,0.005271,0.005638,14149700,Yahoo Finance
2018-02-14,0.005630,0.006786,0.005630,0.006730,40527400,Yahoo Finance
2018-02-15,0.006717,0.007948,0.006714,0.007347,43275000,Yahoo Finance
2018-02-16,0.007295,0.007485,0.006529,0.007034,26553900,Yahoo Finance
2018-02-17,0.007064,0.007322,0.006853,0.007049,18333100,Yahoo Finance
2018-02-18,0.007114,0.007144,0.006330,0.006424,15291500,Yahoo Finance
2018-02-19,0.006410,0.006938,0.006341,0.006697,13019200,Yahoo Finance
2018-02-20,0.006679,0.008288,0.006399,0.007094,107911000,Yahoo Finance
2018-02-21,0.007087,0.007391,0.006349,0.006581,36813100,Yahoo Finance
2018-02-22,0.006568,0.006869,0.006082,0.006259,20365500,Yahoo Finance
2018-02-23,0.006253,0.006949,0.006038,0.006648,19390500,Yahoo Finance
2018-02-24,0.006666,0.006898,0.006131,0.006324,15687300,Yahoo Finance
2018-02-25,0.006321,0.006411,0.005997,0.006142,11758800,Yahoo Finance
2018-02-26,0.006169,0.006499,0.005962,0.006339,12068600,Yahoo Finance
2018-02-27,0.006363,0.006574,0.006270,0.006291,12201900,Yahoo Finance
2018-02-28,0.006270,0.006451,0.006006,0.006018,13227600,Yahoo Finance
2018-03-01,0.006042,0.006320,0.005945,0.006215,15518400,Yahoo Finance
2018-03-02,0.006174,0.006232,0.005447,0.005482,22498100,Yahoo Finance
2018-03-03,0.005494,0.005756,0.005181,0.005301,21545000,Yahoo Finance
2018-03-04,0.005234,0.005502,0.005164,0.005502,12133500,Yahoo Finance
2018-03-05,0.005462,0.005535,0.005157,0.005218,13627700,Yahoo Finance
2018-03-06,0.005122,0.005136,0.004558,0.004610,14766900,Yahoo Finance
2018-03-07,0.004618,0.004704,0.004011,0.004024,17585500,Yahoo Finance
2018-03-08,0.004015,0.004418,0.003895,0.004025,15499400,Yahoo Finance
2018-03-09,0.004006,0.004146,0.003618,0.004146,13624400,Yahoo Finance
2018-03-10,0.004137,0.004379,0.003950,0.003973,9880540,Yahoo Finance
2018-03-11,0.003959,0.004320,0.003843,0.004210,9251440,Yahoo Finance
2018-03-12,0.004207,0.004273,0.003835,0.004032,7601500,Yahoo Finance
2018-03-13,0.004020,0.004234,0.003879,0.003960,6006560,Yahoo Finance
2018-03-14,0.003954,0.004018,0.003423,0.003524,7532350,Yahoo Finance
2018-03-15,0.003521,0.003619,0.003267,0.003536,9316740,Yahoo Finance
2018-03-16,0.003542,0.003655,0.003441,0.003510,6407110,Yahoo Finance
2018-03-17,0.003505,0.003550,0.003249,0.003299,6231110,Yahoo Finance
2018-03-18,0.003280,0.003280,0.002790,0.003190,9029610,Yahoo Finance
2018-03-19,0.003199,0.003504,0.003144,0.003440,8278910,Yahoo Finance
2018-03-20,0.003466,0.003727,0.003388,0.003651,6638060,Yahoo Finance
2018-03-21,0.003651,0.003833,0.003606,0.003659,6711100,Yahoo Finance
2018-03-22,0.003666,0.003726,0.003443,0.003528,5210480,Yahoo Finance
2018-03-23,0.003533,0.003560,0.003341,0.003560,6178530,Yahoo Finance
2018-03-24,0.003597,0.003727,0.003510,0.003590,4461220,Yahoo Finance
2018-03-25,0.003550,0.003576,0.003463,0.003505,3476340,Yahoo Finance
2018-03-26,0.003498,0.003541,0.003141,0.003289,6061990,Yahoo Finance
2018-03-27,0.003276,0.003283,0.003108,0.003145,5235300,Yahoo Finance
2018-03-28,0.003134,0.003244,0.003114,0.003141,4912220,Yahoo Finance
2018-03-29,0.003171,0.003177,0.002758,0.002827,5630550,Yahoo Finance
2018-03-30,0.002811,0.002890,0.002648,0.002763,5378440,Yahoo Finance
2018-03-31,0.002752,0.002897,0.002699,0.002819,3505010,Yahoo Finance
2018-04-01,0.002818,0.002869,0.002595,0.002719,3373820,Yahoo Finance
2018-04-02,0.002731,0.002814,0.002704,0.002797,5034000,Yahoo Finance
2018-04-03,0.002794,0.002993,0.002780,0.002980,6618080,Yahoo Finance
2018-04-04,0.002982,0.003006,0.002717,0.002770,5330250,Yahoo Finance
2018-04-05,0.002785,0.002791,0.002654,0.002714,4829150,Yahoo Finance
2018-04-06,0.002715,0.002737,0.002614,0.002670,2848290,Yahoo Finance
2018-04-07,0.002682,0.002865,0.002669,0.002802,3034220,Yahoo Finance
2018-04-08,0.002786,0.002907,0.002786,0.002843,3683180,Yahoo Finance
2018-04-09,0.002855,0.002929,0.002724,0.002763,4827250,Yahoo Finance
2018-04-10,0.002759,0.003073,0.002740,0.003043,10212100,Yahoo Finance
2018-04-11,0.003039,0.003499,0.003013,0.003396,25292400,Yahoo Finance
2018-04-12,0.003374,0.003798,0.003255,0.003798,13877700,Yahoo Finance
2018-04-13,0.003782,0.004294,0.003750,0.003995,18150400,Yahoo Finance
2018-04-14,0.003958,0.004218,0.003924,0.004150,13585900,Yahoo Finance
2018-04-15,0.004135,0.004614,0.004135,0.004571,11867500,Yahoo Finance
2018-04-16,0.004588,0.004920,0.004391,0.004585,22272600,Yahoo Finance
2018-04-17,0.004588,0.004869,0.004515,0.004744,17139500,Yahoo Finance
2018-04-18,0.004712,0.005468,0.004708,0.005412,21720200,Yahoo Finance
2018-04-19,0.005397,0.005824,0.005320,0.005824,27012500,Yahoo Finance
2018-04-20,0.005834,0.005958,0.005698,0.005893,23110700,Yahoo Finance
2018-04-21,0.005878,0.005887,0.005194,0.005413,25007100,Yahoo Finance
2018-04-22,0.005442,0.005773,0.005328,0.005539,18456900,Yahoo Finance
2018-04-23,0.005545,0.005707,0.005400,0.005482,33576300,Yahoo Finance
2018-04-24,0.005489,0.005908,0.005482,0.005800,36637000,Yahoo Finance
2018-04-25,0.005879,0.005919,0.004947,0.005093,38270000,Yahoo Finance
2018-04-26,0.005128,0.005676,0.004896,0.005627,41358700,Yahoo Finance
2018-04-27,0.005583,0.005739,0.005296,0.005422,38969800,Yahoo Finance
2018-04-28,0.005364,0.005622,0.005314,0.005357,35916600,Yahoo Finance
2018-04-29,0.005470,0.005558,0.005222,0.005459,37883800,Yahoo Finance
2018-04-30,0.005405,0.005534,0.005136,0.005210,36411800,Yahoo Finance
2018-05-01,0.005272,0.005272,0.004899,0.005144,11657500,Yahoo Finance
2018-05-02,0.005114,0.005415,0.005041,0.005273,49958400,Yahoo Finance
2018-05-03,0.005334,0.005649,0.005212,0.005641,50484900,Yahoo Finance
2018-05-04,0.005533,0.005555,0.005205,0.005269,14434200,Yahoo Finance
2018-05-05,0.005267,0.005347,0.005026,0.005180,30335800,Yahoo Finance
2018-05-06,0.005202,0.005259,0.004725,0.004970,33446900,Yahoo Finance
2018-05-07,0.004966,0.005017,0.004632,0.004817,25891500,Yahoo Finance
2018-05-08,0.004833,0.005356,0.004792,0.005303,40660100,Yahoo Finance
2018-05-09,0.005273,0.005324,0.004652,0.005093,33562300,Yahoo Finance
2018-05-10,0.004825,0.005296,0.004531,0.004870,34878500,Yahoo Finance
2018-05-11,0.005036,0.005036,0.003997,0.004362,27582800,Yahoo Finance
2018-05-12,0.004450,0.004668,0.003918,0.004473,27449400,Yahoo Finance
2018-05-13,0.004307,0.004622,0.003965,0.004329,19823500,Yahoo Finance
2018-05-14,0.004499,0.004559,0.004219,0.004460,12399700,Yahoo Finance
2018-05-15,0.004443,0.004788,0.004418,0.004515,21076900,Yahoo Finance
2018-05-16,0.004474,0.004550,0.004260,0.004385,9611630,Yahoo Finance
2018-05-17,0.004368,0.004480,0.004173,0.004188,17314000,Yahoo Finance
2018-05-18,0.003996,0.004377,0.003755,0.004017,13622000,Yahoo Finance
2018-05-19,0.004217,0.004428,0.004005,0.004286,15007400,Yahoo Finance
2018-05-20,0.004250,0.004476,0.003907,0.004423,15909900,Yahoo Finance
2018-05-21,0.004397,0.004419,0.003947,0.004271,18454500,Yahoo Finance
2018-05-22,0.004212,0.004281,0.003823,0.003851,10205700,Yahoo Finance
2018-05-23,0.003858,0.004274,0.003435,0.003591,14899100,Yahoo Finance
2018-05-24,0.003590,0.003713,0.003248,0.003499,10460200,Yahoo Finance
2018-05-25,0.003474,0.003607,0.003376,0.003514,10613600,Yahoo Finance
2018-05-26,0.003550,0.003569,0.003459,0.003463,6353660,Yahoo Finance
2018-05-27,0.003464,0.003480,0.003401,0.003424,3494870,Yahoo Finance
2018-05-28,0.003433,0.003447,0.003218,0.003226,7502800,Yahoo Finance
2018-05-29,0.003226,0.003446,0.003168,0.003437,9244550,Yahoo Finance
2018-05-30,0.003447,0.003506,0.003323,0.003354,7463910,Yahoo Finance
2018-05-31,0.003429,0.003513,0.003317,0.003398,8971080,Yahoo Finance
2018-06-01,0.003427,0.003469,0.003336,0.003423,5436780,Yahoo Finance
2018-06-02,0.003418,0.003584,0.003400,0.003558,5918490,Yahoo Finance
2018-06-03,0.003576,0.003750,0.003545,0.003690,19570200,Yahoo Finance
2018-06-04,0.003691,0.003760,0.003512,0.003532,22162200,Yahoo Finance
2018-06-05,0.003538,0.003722,0.003514,0.003654,18819700,Yahoo Finance
2018-06-06,0.003655,0.003800,0.003573,0.003787,21273700,Yahoo Finance
2018-06-07,0.003748,0.003836,0.003707,0.003732,6110720,Yahoo Finance
2018-06-08,0.003746,0.003784,0.003633,0.003659,6921140,Yahoo Finance
2018-06-09,0.003658,0.003711,0.003593,0.003593,4672910,Yahoo Finance
2018-06-10,0.003595,0.003595,0.003151,0.003182,7439530,Yahoo Finance
2018-06-11,0.003180,0.003247,0.003102,0.003234,4841840,Yahoo Finance
2018-06-12,0.003237,0.003273,0.003075,0.003089,4965300,Yahoo Finance
2018-06-13,0.003092,0.003115,0.002778,0.002817,11074900,Yahoo Finance
2018-06-14,0.002816,0.003016,0.002811,0.002944,9869880,Yahoo Finance
2018-06-15,0.002953,0.002982,0.002837,0.002901,12125600,Yahoo Finance
2018-06-16,0.002892,0.002956,0.002829,0.002895,6642410,Yahoo Finance
2018-06-17,0.002906,0.002945,0.002873,0.002873,6253640,Yahoo Finance
2018-06-18,0.002916,0.003080,0.002831,0.003027,8143520,Yahoo Finance
2018-06-19,0.003027,0.003074,0.002956,0.003033,4460270,Yahoo Finance
2018-06-20,0.003035,0.003047,0.002944,0.003021,3245680,Yahoo Finance
2018-06-21,0.003021,0.003031,0.002968,0.002988,3952000,Yahoo Finance
2018-06-22,0.002983,0.003004,0.002600,0.002668,9291920,Yahoo Finance
2018-06-23,0.002671,0.002714,0.002585,0.002641,9938440,Yahoo Finance
2018-06-24,0.002635,0.002711,0.002331,0.002510,9879600,Yahoo Finance
2018-06-25,0.002490,0.002576,0.002392,0.002485,5693670,Yahoo Finance
2018-06-26,0.002501,0.002577,0.002457,0.002478,4070170,Yahoo Finance
2018-06-27,0.002484,0.002508,0.002335,0.002437,5765380,Yahoo Finance
2018-06-28,0.002406,0.002504,0.002333,0.002357,3678050,Yahoo Finance
2018-06-29,0.002409,0.002492,0.002293,0.002427,3832380,Yahoo Finance
2018-06-30,0.002435,0.002541,0.002421,0.002499,6122900,Yahoo Finance
2018-07-01,0.002508,0.002554,0.002456,0.002489,8435030,Yahoo Finance
2018-07-02,0.002486,0.002721,0.002429,0.002703,5812800,Yahoo Finance
2018-07-03,0.002699,0.002764,0.002618,0.002638,5643560,Yahoo Finance
2018-07-04,0.002637,0.002724,0.002587,0.002680,4781340,Yahoo Finance
2018-07-05,0.002679,0.002695,0.002578,0.002599,3792270,Yahoo Finance
2018-07-06,0.002610,0.002619,0.002551,0.002597,4306990,Yahoo Finance
2018-07-07,0.002601,0.002646,0.002547,0.002645,4205310,Yahoo Finance
2018-07-08,0.002642,0.002671,0.002573,0.002611,5004800,Yahoo Finance
2018-07-09,0.002612,0.002649,0.002595,0.002603,4233540,Yahoo Finance
2018-07-10,0.002606,0.002623,0.002242,0.002411,6741490,Yahoo Finance
2018-07-11,0.002406,0.002475,0.002353,0.002425,9788650,Yahoo Finance
2018-07-12,0.002395,0.002425,0.002244,0.002306,4220800,Yahoo Finance
2018-07-13,0.002307,0.002356,0.002207,0.002332,6191910,Yahoo Finance
2018-07-14,0.002304,0.002384,0.002187,0.002362,4179950,Yahoo Finance
2018-07-15,0.002370,0.002415,0.002320,0.002380,3869860,Yahoo Finance
2018-07-16,0.002366,0.002869,0.002366,0.002854,15576200,Yahoo Finance
2018-07-17,0.002812,0.003261,0.002801,0.003228,15429200,Yahoo Finance
2018-07-18,0.003222,0.004314,0.003189,0.003712,39281300,Yahoo Finance
2018-07-19,0.003683,0.003950,0.003481,0.003844,25349600,Yahoo Finance
2018-07-20,0.003829,0.003836,0.003294,0.003410,18017900,Yahoo Finance
2018-07-21,0.003450,0.003531,0.003217,0.003270,13342900,Yahoo Finance
2018-07-22,0.003339,0.003582,0.003278,0.003458,11356800,Yahoo Finance
2018-07-23,0.003468,0.003638,0.003419,0.003431,8372820,Yahoo Finance
2018-07-24,0.003446,0.003668,0.003390,0.003620,10829100,Yahoo Finance
2018-07-25,0.003592,0.003660,0.003313,0.003543,13195600,Yahoo Finance
2018-07-26,0.003530,0.003645,0.003354,0.003393,6916450,Yahoo Finance
2018-07-27,0.003388,0.003461,0.003284,0.003418,5090340,Yahoo Finance
2018-07-28,0.003408,0.003470,0.003389,0.003400,3341480,Yahoo Finance
2018-07-29,0.003414,0.003477,0.003286,0.003307,5890530,Yahoo Finance
2018-07-30,0.003313,0.003352,0.003031,0.003273,13732200,Yahoo Finance
2018-07-31,0.003325,0.003325,0.002857,0.002945,14253600,Yahoo Finance
2018-08-01,0.003018,0.003160,0.002828,0.003160,14829700,Yahoo Finance
2018-08-02,0.003080,0.003163,0.002927,0.002946,6942240,Yahoo Finance
2018-08-03,0.002959,0.002969,0.002846,0.002918,9546950,Yahoo Finance
2018-08-04,0.002896,0.002965,0.002737,0.002745,7980110,Yahoo Finance
2018-08-05,0.002783,0.002915,0.002733,0.002837,11384200,Yahoo Finance
2018-08-06,0.002872,0.002909,0.002740,0.002779,5668670,Yahoo Finance
2018-08-07,0.002775,0.002827,0.002660,0.002671,5725520,Yahoo Finance
2018-08-08,0.002669,0.002669,0.002396,0.002415,4879040,Yahoo Finance
2018-08-09,0.002408,0.002593,0.002381,0.002555,7374010,Yahoo Finance
2018-08-10,0.002554,0.002609,0.002365,0.002392,4693290,Yahoo Finance
2018-08-11,0.002380,0.002460,0.002345,0.002404,5083850,Yahoo Finance
2018-08-12,0.002396,0.002440,0.002360,0.002404,3433940,Yahoo Finance
2018-08-13,0.002407,0.002451,0.002285,0.002331,4981090,Yahoo Finance
2018-08-14,0.002320,0.002325,0.002143,0.002260,7512400,Yahoo Finance
2018-08-15,0.002256,0.002412,0.002248,0.002303,5379460,Yahoo Finance
2018-08-16,0.002299,0.002370,0.002227,0.002292,5860370,Yahoo Finance
2018-08-17,0.002316,0.002478,0.002285,0.002455,5233940,Yahoo Finance
2018-08-18,0.002477,0.002499,0.002368,0.002394,6738940,Yahoo Finance
2018-08-19,0.002413,0.002473,0.002366,0.002473,2665100,Yahoo Finance
2018-08-20,0.002464,0.002485,0.002360,0.002369,2424120,Yahoo Finance
2018-08-21,0.002364,0.002431,0.002362,0.002424,2134170,Yahoo Finance
2018-08-22,0.002423,0.002517,0.002312,0.002315,5962320,Yahoo Finance
2018-08-23,0.002315,0.002397,0.002313,0.002385,2596260,Yahoo Finance
2018-08-24,0.002391,0.002436,0.002354,0.002426,3251910,Yahoo Finance
2018-08-25,0.002423,0.002439,0.002355,0.002370,4028740,Yahoo Finance
2018-08-26,0.002368,0.002413,0.002288,0.002404,2912230,Yahoo Finance
2018-08-27,0.002404,0.002468,0.002387,0.002462,3618660,Yahoo Finance
2018-08-28,0.002475,0.002619,0.002451,0.002607,5215460,Yahoo Finance
2018-08-29,0.002607,0.002620,0.002516,0.002606,4588400,Yahoo Finance
2018-08-30,0.002598,0.003269,0.002596,0.003206,33967500,Yahoo Finance
2018-08-31,0.003216,0.004849,0.003213,0.004794,77150500,Yahoo Finance
2018-09-01,0.004741,0.006753,0.004337,0.006278,193826000,Yahoo Finance
2018-09-02,0.006310,0.006554,0.004548,0.004999,139429000,Yahoo Finance
2018-09-03,0.005026,0.005550,0.004985,0.005266,57158800,Yahoo Finance
2018-09-04,0.005279,0.005323,0.005055,0.005269,32495100,Yahoo Finance
2018-09-05,0.005259,0.005394,0.004809,0.004931,50536000,Yahoo Finance
2018-09-06,0.004926,0.005092,0.004665,0.005010,32481300,Yahoo Finance
2018-09-07,0.004996,0.005442,0.004996,0.005307,37618700,Yahoo Finance
2018-09-08,0.005298,0.005858,0.005298,0.005692,48248300,Yahoo Finance
2018-09-09,0.005710,0.005843,0.005702,0.005829,32572000,Yahoo Finance
2018-09-10,0.005840,0.006933,0.005840,0.006892,76891600,Yahoo Finance
2018-09-11,0.006931,0.006931,0.005953,0.006329,89882900,Yahoo Finance
2018-09-12,0.006325,0.006457,0.006193,0.006455,59824100,Yahoo Finance
2018-09-13,0.006468,0.006609,0.006410,0.006554,45785700,Yahoo Finance
2018-09-14,0.006558,0.006658,0.006095,0.006180,41910000,Yahoo Finance
2018-09-15,0.006187,0.006267,0.006134,0.006165,16956400,Yahoo Finance
2018-09-16,0.006191,0.006531,0.006141,0.006531,21598600,Yahoo Finance
2018-09-17,0.006540,0.006547,0.006156,0.006243,26385900,Yahoo Finance
2018-09-18,0.006231,0.006280,0.005789,0.005981,39689500,Yahoo Finance
2018-09-19,0.005984,0.006031,0.005360,0.005609,38645300,Yahoo Finance
2018-09-20,0.005605,0.005900,0.005605,0.005695,25354400,Yahoo Finance
2018-09-21,0.005695,0.005961,0.005553,0.005684,22345300,Yahoo Finance
2018-09-22,0.005682,0.005817,0.005604,0.005758,14917600,Yahoo Finance
2018-09-23,0.005765,0.005907,0.005736,0.005901,12445100,Yahoo Finance
2018-09-24,0.005904,0.006067,0.005659,0.005677,17243600,Yahoo Finance
2018-09-25,0.005680,0.005794,0.005587,0.005686,17598700,Yahoo Finance
2018-09-26,0.005692,0.005753,0.005662,0.005695,11673600,Yahoo Finance
2018-09-27,0.005702,0.005910,0.005693,0.005879,15096200,Yahoo Finance
2018-09-28,0.005864,0.005965,0.005783,0.005831,14461600,Yahoo Finance
2018-09-29,0.005832,0.005898,0.005765,0.005865,15626800,Yahoo Finance
2018-09-30,0.005867,0.005910,0.005828,0.005906,13396600,Yahoo Finance
2018-10-01,0.005901,0.006024,0.005881,0.005942,20096400,Yahoo Finance
2018-10-02,0.005927,0.005964,0.005789,0.005824,15357200,Yahoo Finance
2018-10-03,0.005813,0.005826,0.005655,0.005704,15933900,Yahoo Finance
2018-10-04,0.005712,0.005767,0.005576,0.005645,14529600,Yahoo Finance
2018-10-05,0.005647,0.005744,0.005625,0.005669,12566200,Yahoo Finance
2018-10-06,0.005686,0.005770,0.005483,0.005545,13055500,Yahoo Finance
2018-10-07,0.005559,0.005575,0.005512,0.005562,7755690,Yahoo Finance
2018-10-08,0.005573,0.005652,0.005550,0.005578,12177400,Yahoo Finance
2018-10-09,0.005594,0.005639,0.005574,0.005635,8996090,Yahoo Finance
2018-10-10,0.005628,0.005648,0.005531,0.005552,10274400,Yahoo Finance
2018-10-11,0.005547,0.005547,0.004901,0.005000,18770800,Yahoo Finance
2018-10-12,0.004982,0.005283,0.004957,0.005247,9635600,Yahoo Finance
2018-10-13,0.005245,0.005272,0.005163,0.005182,8095130,Yahoo Finance
2018-10-14,0.005174,0.005223,0.005145,0.005158,7930760,Yahoo Finance
2018-10-15,0.005153,0.005457,0.005124,0.005218,18579800,Yahoo Finance
2018-10-16,0.005222,0.005222,0.004966,0.005017,11794600,Yahoo Finance
2018-10-17,0.005010,0.005025,0.004493,0.004599,24144600,Yahoo Finance
2018-10-18,0.004605,0.004729,0.004336,0.004386,22842600,Yahoo Finance
2018-10-19,0.004389,0.004566,0.004273,0.004470,17274700,Yahoo Finance
2018-10-20,0.004501,0.004558,0.004443,0.004551,7574780,Yahoo Finance
2018-10-21,0.004552,0.004602,0.004509,0.004517,7521080,Yahoo Finance
2018-10-22,0.004508,0.004535,0.004357,0.004366,10602500,Yahoo Finance
2018-10-23,0.004373,0.004401,0.004136,0.004172,12913100,Yahoo Finance
2018-10-24,0.004162,0.004163,0.003859,0.003911,17832300,Yahoo Finance
2018-10-25,0.003912,0.003921,0.003676,0.003717,12336100,Yahoo Finance
2018-10-26,0.003703,0.003984,0.003703,0.003984,16214900,Yahoo Finance
2018-10-27,0.004011,0.004256,0.004011,0.004195,23286000,Yahoo Finance
2018-10-28,0.004188,0.004188,0.004035,0.004063,11694700,Yahoo Finance
2018-10-29,0.004048,0.004064,0.003835,0.003847,14051900,Yahoo Finance
2018-10-30,0.003857,0.003908,0.003819,0.003850,11828900,Yahoo Finance
2018-10-31,0.003835,0.003873,0.003690,0.003764,14273900,Yahoo Finance
2018-11-01,0.003759,0.003951,0.003753,0.003777,10034100,Yahoo Finance
2018-11-02,0.003778,0.003810,0.003745,0.003773,11323400,Yahoo Finance
2018-11-03,0.003776,0.003786,0.003730,0.003733,7815160,Yahoo Finance
2018-11-04,0.003749,0.003788,0.003676,0.003676,8992540,Yahoo Finance
2018-11-05,0.003664,0.003744,0.003616,0.003622,11645300,Yahoo Finance
2018-11-06,0.003632,0.003732,0.003616,0.003696,15554100,Yahoo Finance
2018-11-07,0.003698,0.003719,0.003625,0.003637,10603600,Yahoo Finance
2018-11-08,0.003637,0.003660,0.003377,0.003384,13533900,Yahoo Finance
2018-11-09,0.003369,0.003373,0.003095,0.003140,18644000,Yahoo Finance
2018-11-10,0.003135,0.003347,0.003092,0.003285,15996900,Yahoo Finance
2018-11-11,0.003278,0.003286,0.003142,0.003162,8201330,Yahoo Finance
2018-11-12,0.003164,0.003173,0.003039,0.003064,10401200,Yahoo Finance
2018-11-13,0.003066,0.003087,0.002943,0.002945,7309800,Yahoo Finance
2018-11-14,0.002947,0.002954,0.002612,0.002695,15358000,Yahoo Finance
2018-11-15,0.002703,0.002816,0.002511,0.002800,22776600,Yahoo Finance
2018-11-16,0.002803,0.002819,0.002667,0.002746,24758900,Yahoo Finance
2018-11-17,0.002746,0.002771,0.002563,0.002595,18533300,Yahoo Finance
2018-11-18,0.002597,0.002645,0.002575,0.002643,11556400,Yahoo Finance
2018-11-19,0.002641,0.002717,0.002415,0.002418,16481100,Yahoo Finance
2018-11-20,0.002414,0.002437,0.002184,0.002254,20588800,Yahoo Finance
2018-11-21,0.002266,0.002505,0.002174,0.002448,28366700,Yahoo Finance
2018-11-22,0.002454,0.002481,0.002344,0.002412,13264200,Yahoo Finance
2018-11-23,0.002408,0.002419,0.002290,0.002361,11322000,Yahoo Finance
2018-11-24,0.002364,0.002390,0.002194,0.002224,11318100,Yahoo Finance
2018-11-25,0.002230,0.002262,0.002073,0.002220,11793900,Yahoo Finance
2018-11-26,0.002218,0.002254,0.002040,0.002099,11991200,Yahoo Finance
2018-11-27,0.002095,0.002106,0.002006,0.002087,11737900,Yahoo Finance
2018-11-28,0.002089,0.002302,0.002083,0.002246,14675800,Yahoo Finance
2018-11-29,0.002251,0.002277,0.002186,0.002241,12848617,Yahoo Finance
2018-11-30,0.002240,0.002255,0.002130,0.002165,11289729,Yahoo Finance
2018-12-01,0.002175,0.002279,0.002155,0.002250,9596327,Yahoo Finance
2018-12-02,0.002252,0.002271,0.002216,0.002246,9346514,Yahoo Finance
2018-12-03,0.002247,0.002386,0.002144,0.002371,12481724,Yahoo Finance
2018-12-04,0.002370,0.002379,0.002171,0.002196,17851389,Yahoo Finance
2018-12-05,0.002194,0.002258,0.002143,0.002180,20634689,Yahoo Finance
2018-12-06,0.002178,0.002227,0.002097,0.002097,24766152,Yahoo Finance
2018-12-07,0.002104,0.002139,0.002031,0.002104,27761895,Yahoo Finance
2018-12-08,0.002096,0.002157,0.002068,0.002120,18741868,Yahoo Finance
2018-12-09,0.002113,0.002144,0.002089,0.002102,16961970,Yahoo Finance
2018-12-10,0.002098,0.002119,0.002074,0.002100,15898038,Yahoo Finance
2018-12-11,0.002097,0.002101,0.002065,0.002088,16096640,Yahoo Finance
2018-12-12,0.002089,0.002137,0.002077,0.002111,18564007,Yahoo Finance
2018-12-13,0.002118,0.002119,0.002045,0.002065,17660417,Yahoo Finance
2018-12-14,0.002067,0.002085,0.002056,0.002070,16163454,Yahoo Finance
2018-12-15,0.002070,0.002121,0.002063,0.002113,13579048,Yahoo Finance
2018-12-16,0.002106,0.002145,0.002101,0.002125,16084725,Yahoo Finance
2018-12-17,0.002125,0.002716,0.002119,0.002533,38633067,Yahoo Finance
2018-12-18,0.002536,0.002690,0.002471,0.002684,39838880,Yahoo Finance
2018-12-19,0.002674,0.002771,0.002562,0.002720,29874095,Yahoo Finance
2018-12-20,0.002707,0.002779,0.002610,0.002731,23713034,Yahoo Finance
2018-12-21,0.002722,0.002745,0.002510,0.002545,22399777,Yahoo Finance
2018-12-22,0.002539,0.002561,0.002416,0.002502,18456616,Yahoo Finance
2018-12-23,0.002502,0.002589,0.002500,0.002542,20041491,Yahoo Finance
2018-12-24,0.002550,0.002638,0.002540,0.002540,24536966,Yahoo Finance
2018-12-25,0.002555,0.002555,0.002318,0.002404,19340547,Yahoo Finance
2018-12-26,0.002402,0.002496,0.002394,0.002474,17477619,Yahoo Finance
2018-12-27,0.002477,0.002486,0.002364,0.002364,19224932,Yahoo Finance
2018-12-28,0.002362,0.002447,0.002304,0.002434,19439895,Yahoo Finance
2018-12-29,0.002439,0.002446,0.002388,0.002403,16985015,Yahoo Finance
2018-12-30,0.002380,0.002402,0.002341,0.002367,16846019,Yahoo Finance
2018-12-31,0.002370,0.002395,0.002325,0.002346,18724788,Yahoo Finance
2019-01-01,0.002346,0.002392,0.002322,0.002392,17364744,Yahoo Finance
2019-01-02,0.002388,0.002458,0.002372,0.002407,18015392,Yahoo Finance
2019-01-03,0.002404,0.002414,0.002356,0.002360,17619234,Yahoo Finance
2019-01-04,0.002364,0.002397,0.002274,0.002315,19530100,Yahoo Finance
2019-01-05,0.002320,0.002350,0.002280,0.002319,17148586,Yahoo Finance
2019-01-06,0.002313,0.002371,0.002291,0.002328,18175111,Yahoo Finance
2019-01-07,0.002328,0.002335,0.002275,0.002285,15899004,Yahoo Finance
2019-01-08,0.002298,0.002321,0.002261,0.002276,20994417,Yahoo Finance
2019-01-09,0.002278,0.002307,0.002255,0.002266,17010797,Yahoo Finance
2019-01-10,0.002263,0.002295,0.002085,0.002132,21174109,Yahoo Finance
2019-01-11,0.002129,0.002149,0.002105,0.002129,17187243,Yahoo Finance
2019-01-12,0.002130,0.002158,0.002115,0.002148,14167258,Yahoo Finance
2019-01-13,0.002137,0.002171,0.002083,0.002094,18059306,Yahoo Finance
2019-01-14,0.002102,0.002198,0.002097,0.002183,18534843,Yahoo Finance
2019-01-15,0.002178,0.002188,0.002098,0.002111,15986348,Yahoo Finance
2019-01-16,0.002108,0.002141,0.002084,0.002138,13656181,Yahoo Finance
2019-01-17,0.002133,0.002147,0.002080,0.002094,13882217,Yahoo Finance
2019-01-18,0.002093,0.002117,0.002084,0.002106,12471672,Yahoo Finance
2019-01-19,0.002104,0.002160,0.002089,0.002153,16088820,Yahoo Finance
2019-01-20,0.002153,0.002153,0.002082,0.002119,16178008,Yahoo Finance
2019-01-21,0.002106,0.002122,0.002066,0.002101,17205921,Yahoo Finance
2019-01-22,0.002099,0.002112,0.002033,0.002057,18971837,Yahoo Finance
2019-01-23,0.002055,0.002068,0.002021,0.002043,15672115,Yahoo Finance
2019-01-24,0.002045,0.002073,0.002013,0.002039,15825805,Yahoo Finance
2019-01-25,0.002057,0.002183,0.002027,0.002118,15953121,Yahoo Finance
2019-01-26,0.002094,0.002152,0.002030,0.002083,15588079,Yahoo Finance
2019-01-27,0.002082,0.002096,0.002009,0.002027,16233338,Yahoo Finance
2019-01-28,0.002026,0.002028,0.001927,0.001944,16265136,Yahoo Finance
2019-01-29,0.001947,0.001970,0.001917,0.001927,14809844,Yahoo Finance
2019-01-30,0.001925,0.001970,0.001914,0.001961,11813018,Yahoo Finance
2019-01-31,0.001963,0.001987,0.001912,0.001925,13824059,Yahoo Finance
2019-02-01,0.001926,0.001928,0.001893,0.001916,17411751,Yahoo Finance
2019-02-02,0.001914,0.001956,0.001896,0.001936,13184663,Yahoo Finance
2019-02-03,0.001932,0.001957,0.001890,0.001904,15354409,Yahoo Finance
2019-02-04,0.001904,0.001932,0.001877,0.001896,13169126,Yahoo Finance
2019-02-05,0.001899,0.001913,0.001880,0.001888,13983316,Yahoo Finance
2019-02-06,0.001886,0.001902,0.001837,0.001866,15246340,Yahoo Finance
2019-02-07,0.001869,0.001890,0.001839,0.001845,14228248,Yahoo Finance
2019-02-08,0.001847,0.001957,0.001835,0.001956,17956052,Yahoo Finance
2019-02-09,0.001952,0.001996,0.001923,0.001949,14455529,Yahoo Finance
2019-02-10,0.001951,0.001953,0.001912,0.001946,15828371,Yahoo Finance
2019-02-11,0.001946,0.001946,0.001899,0.001906,15220889,Yahoo Finance
2019-02-12,0.001904,0.001911,0.001873,0.001894,16971098,Yahoo Finance
2019-02-13,0.001894,0.001910,0.001885,0.001893,15440451,Yahoo Finance
2019-02-14,0.001891,0.001909,0.001885,0.001897,16879422,Yahoo Finance
2019-02-15,0.001896,0.001915,0.001889,0.001908,14754160,Yahoo Finance
2019-02-16,0.001907,0.001929,0.001895,0.001924,14351257,Yahoo Finance
2019-02-17,0.001923,0.001993,0.001915,0.001992,19208659,Yahoo Finance
2019-02-18,0.001993,0.002124,0.001993,0.002114,26457493,Yahoo Finance
2019-02-19,0.002116,0.002139,0.002056,0.002067,26883836,Yahoo Finance
2019-02-20,0.002065,0.002081,0.002044,0.002079,20976083,Yahoo Finance
2019-02-21,0.002066,0.002078,0.002022,0.002028,18308575,Yahoo Finance
2019-02-22,0.002030,0.002071,0.002024,0.002056,19850028,Yahoo Finance
2019-02-23,0.002055,0.002111,0.002034,0.002083,20487004,Yahoo Finance
2019-02-24,0.002088,0.002125,0.001955,0.001974,25171947,Yahoo Finance
2019-02-25,0.001973,0.002045,0.001930,0.002030,20965852,Yahoo Finance
2019-02-26,0.002029,0.002050,0.001992,0.002023,19292966,Yahoo Finance
2019-02-27,0.002024,0.002033,0.001954,0.002019,19512740,Yahoo Finance
2019-02-28,0.002018,0.002024,0.001968,0.001976,18191276,Yahoo Finance
2019-03-01,0.001976,0.002020,0.001976,0.001994,18777567,Yahoo Finance
2019-03-02,0.001992,0.002013,0.001980,0.002003,17330550,Yahoo Finance
2019-03-03,0.002002,0.002024,0.001991,0.001999,15753983,Yahoo Finance
2019-03-04,0.002004,0.002011,0.001968,0.001982,16744533,Yahoo Finance
2019-03-05,0.001981,0.002003,0.001961,0.001985,19420739,Yahoo Finance
2019-03-06,0.001985,0.001992,0.001967,0.001983,17375079,Yahoo Finance
2019-03-07,0.001982,0.002015,0.001966,0.001991,17976088,Yahoo Finance
2019-03-08,0.001992,0.001998,0.001968,0.001980,17551404,Yahoo Finance
2019-03-09,0.001982,0.002015,0.001972,0.001998,17348833,Yahoo Finance
2019-03-10,0.002000,0.002004,0.001979,0.001999,14597178,Yahoo Finance
2019-03-11,0.002001,0.002006,0.001947,0.001966,20212258,Yahoo Finance
2019-03-12,0.001969,0.002030,0.001950,0.002012,20817165,Yahoo Finance
2019-03-13,0.002015,0.002053,0.002005,0.002025,17366462,Yahoo Finance
2019-03-14,0.002022,0.002044,0.002009,0.002039,12675418,Yahoo Finance
2019-03-15,0.002041,0.002058,0.002015,0.002048,14469793,Yahoo Finance
2019-03-16,0.002047,0.002099,0.002040,0.002077,17262660,Yahoo Finance
2019-03-17,0.002081,0.002090,0.002057,0.002081,17683010,Yahoo Finance
2019-03-18,0.002076,0.002094,0.002063,0.002083,21958793,Yahoo Finance
2019-03-19,0.002083,0.002106,0.002073,0.002091,20549162,Yahoo Finance
2019-03-20,0.002084,0.002092,0.002054,0.002061,17912276,Yahoo Finance
2019-03-21,0.002065,0.002074,0.002040,0.002054,18961937,Yahoo Finance
2019-03-22,0.002051,0.002074,0.002045,0.002052,17243548,Yahoo Finance
2019-03-23,0.002057,0.002080,0.002047,0.002064,15724762,Yahoo Finance
2019-03-24,0.002062,0.002080,0.002026,0.002054,16541721,Yahoo Finance
2019-03-25,0.002058,0.002066,0.002026,0.002043,17555818,Yahoo Finance
2019-03-26,0.002041,0.002061,0.002026,0.002054,19354498,Yahoo Finance
2019-03-27,0.002050,0.002089,0.002042,0.002085,23194502,Yahoo Finance
2019-03-28,0.002087,0.002092,0.002060,0.002074,20558761,Yahoo Finance
2019-03-29,0.002076,0.002102,0.002056,0.002087,21582049,Yahoo Finance
2019-03-30,0.002091,0.002166,0.002065,0.002080,19212788,Yahoo Finance
2019-03-31,0.002081,0.002100,0.002070,0.002080,18785300,Yahoo Finance
2019-04-01,0.002082,0.002532,0.002078,0.002461,49116894,Yahoo Finance
2019-04-02,0.002459,0.002863,0.002394,0.002795,60298362,Yahoo Finance
2019-04-03,0.002777,0.003656,0.002771,0.003164,89863287,Yahoo Finance
2019-04-04,0.003158,0.004096,0.003134,0.003697,164634741,Yahoo Finance
2019-04-05,0.003679,0.003755,0.003409,0.003590,63331136,Yahoo Finance
2019-04-06,0.003594,0.003594,0.003415,0.003439,46343810,Yahoo Finance
2019-04-07,0.003440,0.003517,0.003256,0.003418,50224984,Yahoo Finance
2019-04-08,0.003428,0.003437,0.003012,0.003045,62195173,Yahoo Finance
2019-04-09,0.003044,0.003070,0.002812,0.002884,53210703,Yahoo Finance
2019-04-10,0.002881,0.003080,0.002872,0.003021,50718761,Yahoo Finance
2019-04-11,0.003019,0.003031,0.002738,0.002789,45881209,Yahoo Finance
2019-04-12,0.002791,0.002873,0.002725,0.002856,42878877,Yahoo Finance
2019-04-13,0.002852,0.002906,0.002820,0.002872,34870866,Yahoo Finance
2019-04-14,0.002873,0.002903,0.002837,0.002882,30693264,Yahoo Finance
2019-04-15,0.002884,0.002923,0.002743,0.002790,36669437,Yahoo Finance
2019-04-16,0.002790,0.002856,0.002738,0.002835,31946320,Yahoo Finance
2019-04-17,0.002837,0.002861,0.002759,0.002810,32027922,Yahoo Finance
2019-04-18,0.002816,0.002958,0.002806,0.002946,42590190,Yahoo Finance
2019-04-19,0.002945,0.002948,0.002875,0.002893,36059338,Yahoo Finance
2019-04-20,0.002892,0.002903,0.002860,0.002902,35542377,Yahoo Finance
2019-04-21,0.002900,0.002906,0.002724,0.002760,37077986,Yahoo Finance
2019-04-22,0.002758,0.002824,0.002726,0.002798,36334621,Yahoo Finance
2019-04-23,0.002804,0.002856,0.002767,0.002772,37261547,Yahoo Finance
2019-04-24,0.002775,0.002779,0.002549,0.002599,43229277,Yahoo Finance
2019-04-25,0.002595,0.002620,0.002490,0.002506,33422071,Yahoo Finance
2019-04-26,0.002499,0.002526,0.002453,0.002519,33070494,Yahoo Finance
2019-04-27,0.002515,0.002545,0.002489,0.002516,27194224,Yahoo Finance
2019-04-28,0.002520,0.002563,0.002502,0.002531,25600272,Yahoo Finance
2019-04-29,0.002527,0.002551,0.002443,0.002466,32974056,Yahoo Finance
2019-04-30,0.002469,0.002519,0.002443,0.002513,34753261,Yahoo Finance
2019-05-01,0.002510,0.002551,0.002477,0.002521,30316782,Yahoo Finance
2019-05-02,0.002525,0.002656,0.002516,0.002611,34506272,Yahoo Finance
2019-05-03,0.002610,0.002753,0.002595,0.002721,40969776,Yahoo Finance
2019-05-04,0.002698,0.002783,0.002608,0.002680,39814872,Yahoo Finance
2019-05-05,0.002709,0.002709,0.002622,0.002653,33161934,Yahoo Finance
2019-05-06,0.002633,0.002661,0.002515,0.002542,37020800,Yahoo Finance
2019-05-07,0.002544,0.002632,0.002536,0.002536,38143865,Yahoo Finance
2019-05-08,0.002534,0.002572,0.002505,0.002537,32200704,Yahoo Finance
2019-05-09,0.002536,0.002554,0.002467,0.002500,30720237,Yahoo Finance
2019-05-10,0.002503,0.002559,0.002449,0.002522,32480633,Yahoo Finance
2019-05-11,0.002515,0.002799,0.002513,0.002754,48521874,Yahoo Finance
2019-05-12,0.002757,0.002820,0.002612,0.002665,44577097,Yahoo Finance
2019-05-13,0.002663,0.002823,0.002649,0.002756,47011255,Yahoo Finance
2019-05-14,0.002758,0.003199,0.002747,0.003068,58434920,Yahoo Finance
2019-05-15,0.003073,0.003317,0.003052,0.003308,57673254,Yahoo Finance
2019-05-16,0.003310,0.003521,0.003114,0.003168,68128483,Yahoo Finance
2019-05-17,0.003169,0.003186,0.002831,0.002962,66495399,Yahoo Finance
2019-05-18,0.002966,0.003054,0.002897,0.003005,54849676,Yahoo Finance
2019-05-19,0.003011,0.003195,0.003000,0.003178,63883932,Yahoo Finance
2019-05-20,0.003179,0.003186,0.002933,0.003041,56440462,Yahoo Finance
2019-05-21,0.003042,0.003112,0.002968,0.003086,54845691,Yahoo Finance
2019-05-22,0.003082,0.003091,0.002912,0.002939,60016531,Yahoo Finance
2019-05-23,0.002937,0.002980,0.002795,0.002961,55428477,Yahoo Finance
2019-05-24,0.002960,0.003022,0.002932,0.002995,61767497,Yahoo Finance
2019-05-25,0.002996,0.003011,0.002958,0.002991,58214409,Yahoo Finance
2019-05-26,0.002987,0.003115,0.002935,0.003092,68909916,Yahoo Finance
2019-05-27,0.003099,0.003207,0.003086,0.003141,76858482,Yahoo Finance
2019-05-28,0.003142,0.003168,0.003071,0.003148,67850692,Yahoo Finance
2019-05-29,0.003149,0.003151,0.003083,0.003127,74244761,Yahoo Finance
2019-05-30,0.003125,0.003600,0.003110,0.003258,97252491,Yahoo Finance
2019-05-31,0.003256,0.003443,0.003172,0.003441,85204091,Yahoo Finance
2019-06-01,0.003443,0.003520,0.003360,0.003419,85093279,Yahoo Finance
2019-06-02,0.003426,0.003448,0.003342,0.003398,74315769,Yahoo Finance
2019-06-03,0.003397,0.003410,0.003194,0.003198,76817043,Yahoo Finance
2019-06-04,0.003213,0.003213,0.002986,0.003042,77725735,Yahoo Finance
2019-06-05,0.003039,0.003098,0.002980,0.003070,72561329,Yahoo Finance
2019-06-06,0.003072,0.003124,0.003005,0.003087,71608123,Yahoo Finance
2019-06-07,0.003088,0.003195,0.003059,0.003110,71288069,Yahoo Finance
2019-06-08,0.003115,0.003191,0.003017,0.003084,69699426,Yahoo Finance
2019-06-09,0.003077,0.003218,0.002978,0.003012,69438950,Yahoo Finance
2019-06-10,0.003014,0.003135,0.002992,0.003091,69822843,Yahoo Finance
2019-06-11,0.003090,0.003143,0.002998,0.003058,65070888,Yahoo Finance
2019-06-12,0.003061,0.003094,0.003019,0.003067,69543166,Yahoo Finance
2019-06-13,0.003063,0.003168,0.003030,0.003074,66973694,Yahoo Finance
2019-06-14,0.003075,0.003142,0.003037,0.003124,59252853,Yahoo Finance
2019-06-15,0.003135,0.003204,0.003097,0.003157,63436423,Yahoo Finance
2019-06-16,0.003145,0.003336,0.003135,0.003186,68789112,Yahoo Finance
2019-06-17,0.003188,0.003225,0.003125,0.003190,60386666,Yahoo Finance
2019-06-18,0.003193,0.003199,0.003110,0.003125,54908991,Yahoo Finance
2019-06-19,0.003123,0.003154,0.003097,0.003130,35562598,Yahoo Finance
2019-06-20,0.003143,0.003204,0.003095,0.003161,36102126,Yahoo Finance
2019-06-21,0.003167,0.003251,0.003128,0.003223,42423841,Yahoo Finance
2019-06-22,0.003229,0.003354,0.003185,0.003279,57373528,Yahoo Finance
2019-06-23,0.003285,0.003496,0.003250,0.003304,44229340,Yahoo Finance
2019-06-24,0.003314,0.003431,0.003234,0.003368,42747865,Yahoo Finance
2019-06-25,0.003367,0.003395,0.003270,0.003392,41001826,Yahoo Finance
2019-06-26,0.003391,0.003450,0.003252,0.003379,64528905,Yahoo Finance
2019-06-27,0.003390,0.003495,0.002990,0.003329,76165577,Yahoo Finance
2019-06-28,0.003332,0.003523,0.003315,0.003490,65310778,Yahoo Finance
2019-06-29,0.003479,0.003486,0.003314,0.003405,46594481,Yahoo Finance
2019-06-30,0.003418,0.003446,0.003247,0.003258,43549174,Yahoo Finance
2019-07-01,0.003250,0.003325,0.003093,0.003238,42771993,Yahoo Finance
2019-07-02,0.003237,0.003360,0.003080,0.003204,41581109,Yahoo Finance
2019-07-03,0.003207,0.003336,0.003172,0.003313,37586127,Yahoo Finance
2019-07-04,0.003314,0.003357,0.003131,0.003229,36433330,Yahoo Finance
2019-07-05,0.003226,0.004471,0.003130,0.003867,187924151,Yahoo Finance
2019-07-06,0.003872,0.003968,0.003470,0.003547,65031784,Yahoo Finance
2019-07-07,0.003553,0.003658,0.003495,0.003633,44379649,Yahoo Finance
2019-07-08,0.003635,0.003644,0.003513,0.003559,41682712,Yahoo Finance
2019-07-09,0.003556,0.003615,0.003459,0.003549,42613827,Yahoo Finance
2019-07-10,0.003551,0.003600,0.003364,0.003424,49078577,Yahoo Finance
2019-07-11,0.003417,0.003426,0.003189,0.003243,43609123,Yahoo Finance
2019-07-12,0.003241,0.003368,0.003207,0.003340,35428239,Yahoo Finance
2019-07-13,0.003343,0.003351,0.003174,0.003249,27243201,Yahoo Finance
2019-07-14,0.003250,0.003259,0.003010,0.003014,36339861,Yahoo Finance
2019-07-15,0.003020,0.003133,0.002922,0.003092,43028086,Yahoo Finance
2019-07-16,0.003093,0.003125,0.002802,0.002825,40980833,Yahoo Finance
2019-07-17,0.002819,0.003177,0.002772,0.003030,41838001,Yahoo Finance
2019-07-18,0.003031,0.003145,0.002876,0.003121,40218356,Yahoo Finance
2019-07-19,0.003120,0.003135,0.002971,0.003059,20956541,Yahoo Finance
2019-07-20,0.003064,0.003187,0.003038,0.003118,23424227,Yahoo Finance
2019-07-21,0.003118,0.003166,0.002983,0.003076,18349874,Yahoo Finance
2019-07-22,0.003076,0.003100,0.002966,0.002997,19174676,Yahoo Finance
2019-07-23,0.003000,0.003003,0.002874,0.002880,21006916,Yahoo Finance
2019-07-24,0.002880,0.002917,0.002816,0.002915,23840681,Yahoo Finance
2019-07-25,0.002910,0.003018,0.002905,0.002921,20653975,Yahoo Finance
2019-07-26,0.002921,0.002949,0.002882,0.002921,19438979,Yahoo Finance
2019-07-27,0.002923,0.003030,0.002797,0.002823,20901185,Yahoo Finance
2019-07-28,0.002822,0.002887,0.002792,0.002859,19878103,Yahoo Finance
2019-07-29,0.002859,0.002897,0.002809,0.002840,19054200,Yahoo Finance
2019-07-30,0.002831,0.002888,0.002801,0.002817,16899416,Yahoo Finance
2019-07-31,0.002816,0.002908,0.002816,0.002899,21310977,Yahoo Finance
2019-08-01,0.002900,0.002959,0.002860,0.002957,20206543,Yahoo Finance
2019-08-02,0.002957,0.002975,0.002897,0.002909,18550954,Yahoo Finance
2019-08-03,0.002908,0.002960,0.002900,0.002912,15813943,Yahoo Finance
2019-08-04,0.002913,0.002984,0.002864,0.002938,19238655,Yahoo Finance
2019-08-05,0.002938,0.003162,0.002936,0.003087,31037239,Yahoo Finance
2019-08-06,0.003089,0.003316,0.002919,0.002950,19786133,Yahoo Finance
2019-08-07,0.002951,0.003050,0.002938,0.003006,26551305,Yahoo Finance
2019-08-08,0.003005,0.003012,0.002858,0.002928,16993741,Yahoo Finance
2019-08-09,0.002929,0.002933,0.002869,0.002904,21528298,Yahoo Finance
2019-08-10,0.002905,0.002929,0.002796,0.002842,17920883,Yahoo Finance
2019-08-11,0.002845,0.002902,0.002839,0.002898,16229246,Yahoo Finance
2019-08-12,0.002896,0.002901,0.002869,0.002880,21554919,Yahoo Finance
2019-08-13,0.002883,0.002890,0.002804,0.002825,27308535,Yahoo Finance
2019-08-14,0.002823,0.002830,0.002715,0.002722,34384340,Yahoo Finance
2019-08-15,0.002720,0.002753,0.002584,0.002640,32124644,Yahoo Finance
2019-08-16,0.002641,0.002714,0.002561,0.002681,19795789,Yahoo Finance
2019-08-17,0.002684,0.002690,0.002619,0.002646,18747565,Yahoo Finance
2019-08-18,0.002647,0.002730,0.002622,0.002723,20832602,Yahoo Finance
2019-08-19,0.002723,0.002827,0.002716,0.002797,20301072,Yahoo Finance
2019-08-20,0.002798,0.002807,0.002714,0.002763,19682454,Yahoo Finance
2019-08-21,0.002764,0.002770,0.002620,0.002675,21056919,Yahoo Finance
2019-08-22,0.002676,0.002731,0.002617,0.002700,21813055,Yahoo Finance
2019-08-23,0.002709,0.002899,0.002657,0.002713,21615807,Yahoo Finance
2019-08-24,0.002713,0.002725,0.002614,0.002661,22299027,Yahoo Finance
2019-08-25,0.002663,0.002888,0.002625,0.002662,22727727,Yahoo Finance
2019-08-26,0.002652,0.002829,0.002640,0.002679,22974750,Yahoo Finance
2019-08-27,0.002680,0.002788,0.002600,0.002620,21250034,Yahoo Finance
2019-08-28,0.002622,0.002633,0.002511,0.002524,23602879,Yahoo Finance
2019-08-29,0.002523,0.002524,0.002392,0.002450,28641509,Yahoo Finance
2019-08-30,0.002451,0.002487,0.002427,0.002482,23809187,Yahoo Finance
2019-08-31,0.002482,0.002529,0.002459,0.002511,23927277,Yahoo Finance
2019-09-01,0.002512,0.002533,0.002443,0.002492,22742519,Yahoo Finance
2019-09-02,0.002492,0.002616,0.002462,0.002596,25999239,Yahoo Finance
2019-09-03,0.002598,0.002724,0.002560,0.002595,40548612,Yahoo Finance
2019-09-04,0.002596,0.002695,0.002541,0.002690,27623103,Yahoo Finance
2019-09-05,0.002690,0.002692,0.002505,0.002531,32285101,Yahoo Finance
2019-09-06,0.002529,0.002640,0.002460,0.002509,29577777,Yahoo Finance
2019-09-07,0.002515,0.002569,0.002479,0.002515,34744018,Yahoo Finance
2019-09-08,0.002511,0.002560,0.002469,0.002501,31506514,Yahoo Finance
2019-09-09,0.002509,0.002510,0.002418,0.002461,34582212,Yahoo Finance
2019-09-10,0.002461,0.002489,0.002410,0.002437,29851957,Yahoo Finance
2019-09-11,0.002432,0.002451,0.002390,0.002399,30308813,Yahoo Finance
2019-09-12,0.002398,0.002446,0.002366,0.002425,38515673,Yahoo Finance
2019-09-13,0.002425,0.002432,0.002398,0.002426,34172204,Yahoo Finance
2019-09-14,0.002427,0.002451,0.002405,0.002441,36253840,Yahoo Finance
2019-09-15,0.002443,0.002486,0.002438,0.002460,35862686,Yahoo Finance
2019-09-16,0.002462,0.002491,0.002430,0.002455,31115288,Yahoo Finance
2019-09-17,0.002454,0.002615,0.002443,0.002608,38934662,Yahoo Finance
2019-09-18,0.002607,0.002993,0.002582,0.002719,45526972,Yahoo Finance
2019-09-19,0.002718,0.002734,0.002589,0.002709,46463665,Yahoo Finance
2019-09-20,0.002710,0.002716,0.002645,0.002672,45337416,Yahoo Finance
2019-09-21,0.002667,0.002672,0.002556,0.002586,47801585,Yahoo Finance
2019-09-22,0.002595,0.002609,0.002546,0.002592,37997883,Yahoo Finance
2019-09-23,0.002587,0.002600,0.002482,0.002486,35603401,Yahoo Finance
2019-09-24,0.002489,0.002502,0.002077,0.002228,56048353,Yahoo Finance
2019-09-25,0.002229,0.002243,0.002110,0.002197,58992978,Yahoo Finance
2019-09-26,0.002202,0.002229,0.002076,0.002155,46965571,Yahoo Finance
2019-09-27,0.002155,0.002228,0.002121,0.002221,47659680,Yahoo Finance
2019-09-28,0.002222,0.002248,0.002202,0.002234,36239557,Yahoo Finance
2019-09-29,0.002238,0.002336,0.002185,0.002223,41861530,Yahoo Finance
2019-09-30,0.002227,0.002416,0.002171,0.002387,56920760,Yahoo Finance
2019-10-01,0.002393,0.002497,0.002381,0.002388,40563787,Yahoo Finance
2019-10-02,0.002391,0.002411,0.002314,0.002351,42121830,Yahoo Finance
2019-10-03,0.002349,0.002365,0.002290,0.002325,36788344,Yahoo Finance
2019-10-04,0.002323,0.002363,0.002283,0.002360,42842902,Yahoo Finance
2019-10-05,0.002355,0.002377,0.002307,0.002322,39360096,Yahoo Finance
2019-10-06,0.002323,0.002362,0.002290,0.002346,40093923,Yahoo Finance
2019-10-07,0.002342,0.002408,0.002305,0.002390,48117979,Yahoo Finance
2019-10-08,0.002390,0.002418,0.002324,0.002346,49622640,Yahoo Finance
2019-10-09,0.002340,0.002402,0.002317,0.002388,39868870,Yahoo Finance
2019-10-10,0.002392,0.002400,0.002330,0.002332,49414270,Yahoo Finance
2019-10-11,0.002332,0.002383,0.002290,0.002345,40769657,Yahoo Finance
2019-10-12,0.002328,0.002383,0.002310,0.002340,45487600,Yahoo Finance
2019-10-13,0.002339,0.002618,0.002323,0.002447,63249479,Yahoo Finance
2019-10-14,0.002449,0.002636,0.002428,0.002545,62460324,Yahoo Finance
2019-10-15,0.002546,0.002565,0.002495,0.002510,50979959,Yahoo Finance
2019-10-16,0.002509,0.002619,0.002506,0.002607,50405533,Yahoo Finance
2019-10-17,0.002604,0.002932,0.002590,0.002755,69269500,Yahoo Finance
2019-10-18,0.002757,0.002863,0.002668,0.002706,60909633,Yahoo Finance
2019-10-19,0.002704,0.002795,0.002668,0.002743,69804524,Yahoo Finance
2019-10-20,0.002742,0.002775,0.002685,0.002730,73744712,Yahoo Finance
2019-10-21,0.002732,0.002813,0.002618,0.002774,82888436,Yahoo Finance
2019-10-22,0.002773,0.002776,0.002560,0.002565,75521553,Yahoo Finance
2019-10-23,0.002564,0.002587,0.002389,0.002495,79141247,Yahoo Finance
2019-10-24,0.002491,0.002553,0.002451,0.002538,81190106,Yahoo Finance
2019-10-25,0.002539,0.002714,0.002502,0.002684,98533278,Yahoo Finance
2019-10-26,0.002684,0.002858,0.002591,0.002622,118574429,Yahoo Finance
2019-10-27,0.002621,0.002747,0.002595,0.002654,99551356,Yahoo Finance
2019-10-28,0.002656,0.002722,0.002629,0.002646,92231650,Yahoo Finance
2019-10-29,0.002647,0.002728,0.002644,0.002655,84394749,Yahoo Finance
2019-10-30,0.002656,0.002682,0.002597,0.002616,88132224,Yahoo Finance
2019-10-31,0.002618,0.002675,0.002586,0.002615,72101942,Yahoo Finance
2019-11-01,0.002617,0.002639,0.002591,0.002630,78282711,Yahoo Finance
2019-11-02,0.002631,0.002651,0.002597,0.002627,63232423,Yahoo Finance
2019-11-03,0.002627,0.002674,0.002622,0.002637,57894711,Yahoo Finance
2019-11-04,0.002635,0.002645,0.002590,0.002614,64040500,Yahoo Finance
2019-11-05,0.002613,0.002651,0.002575,0.002624,78458702,Yahoo Finance
2019-11-06,0.002623,0.002650,0.002615,0.002628,88212203,Yahoo Finance
2019-11-07,0.002628,0.002734,0.002608,0.002725,97141368,Yahoo Finance
2019-11-08,0.002723,0.002731,0.002603,0.002653,88039087,Yahoo Finance
2019-11-09,0.002654,0.002742,0.002650,0.002713,93120071,Yahoo Finance
2019-11-10,0.002712,0.002785,0.002687,0.002775,96734959,Yahoo Finance
2019-11-11,0.002775,0.002780,0.002669,0.002715,84608148,Yahoo Finance
2019-11-12,0.002714,0.002735,0.002679,0.002725,72506822,Yahoo Finance
2019-11-13,0.002723,0.002725,0.002665,0.002698,80974477,Yahoo Finance
2019-11-14,0.002694,0.002698,0.002642,0.002680,77359949,Yahoo Finance
2019-11-15,0.002682,0.002689,0.002609,0.002657,78888251,Yahoo Finance
2019-11-16,0.002657,0.002675,0.002636,0.002669,71531457,Yahoo Finance
2019-11-17,0.002669,0.002718,0.002641,0.002648,74498787,Yahoo Finance
2019-11-18,0.002648,0.002715,0.002549,0.002576,72521449,Yahoo Finance
2019-11-19,0.002576,0.002608,0.002519,0.002548,85557575,Yahoo Finance
2019-11-20,0.002548,0.002698,0.002543,0.002556,77286260,Yahoo Finance
2019-11-21,0.002555,0.002566,0.002378,0.002426,95999426,Yahoo Finance
2019-11-22,0.002426,0.002519,0.002239,0.002362,109619351,Yahoo Finance
2019-11-23,0.002364,0.002507,0.002327,0.002505,112247814,Yahoo Finance
2019-11-24,0.002509,0.002510,0.002298,0.002365,101469803,Yahoo Finance
2019-11-25,0.002369,0.002369,0.002128,0.002286,129591062,Yahoo Finance
2019-11-26,0.002287,0.002342,0.002265,0.002291,100273990,Yahoo Finance
2019-11-27,0.002291,0.002358,0.002229,0.002339,100345294,Yahoo Finance
2019-11-28,0.002337,0.002380,0.002313,0.002313,97959428,Yahoo Finance
2019-11-29,0.002315,0.002458,0.002305,0.002456,97859845,Yahoo Finance
2019-11-30,0.002456,0.002474,0.002314,0.002320,89565611,Yahoo Finance
2019-12-01,0.002320,0.002394,0.002257,0.002292,77007809,Yahoo Finance
2019-12-02,0.002293,0.002312,0.002204,0.002235,66782510,Yahoo Finance
2019-12-03,0.002234,0.002256,0.002167,0.002217,62508732,Yahoo Finance
2019-12-04,0.002217,0.002241,0.002165,0.002208,73151442,Yahoo Finance
2019-12-05,0.002209,0.002305,0.002172,0.002223,66757792,Yahoo Finance
2019-12-06,0.002221,0.002280,0.002180,0.002226,66932958,Yahoo Finance
2019-12-07,0.002230,0.002248,0.002201,0.002230,62933099,Yahoo Finance
2019-12-08,0.002230,0.002341,0.002207,0.002238,55442239,Yahoo Finance
2019-12-09,0.002237,0.002251,0.002198,0.002208,62696753,Yahoo Finance
2019-12-10,0.002208,0.002222,0.002185,0.002204,69802464,Yahoo Finance
2019-12-11,0.002202,0.002240,0.002181,0.002185,64108062,Yahoo Finance
2019-12-12,0.002185,0.002198,0.002167,0.002188,66238690,Yahoo Finance
2019-12-13,0.002187,0.002208,0.002165,0.002175,65851726,Yahoo Finance
2019-12-14,0.002175,0.002204,0.002150,0.002170,71849717,Yahoo Finance
2019-12-15,0.002171,0.002171,0.002080,0.002154,66491990,Yahoo Finance
2019-12-16,0.002154,0.002184,0.002112,0.002121,68370095,Yahoo Finance
2019-12-17,0.002120,0.002152,0.001997,0.002018,85349928,Yahoo Finance
2019-12-18,0.002025,0.002192,0.002008,0.002183,98147109,Yahoo Finance
2019-12-19,0.002182,0.002199,0.002049,0.002123,79064574,Yahoo Finance
2019-12-20,0.002127,0.002141,0.002048,0.002075,67083802,Yahoo Finance
2019-12-21,0.002077,0.002088,0.002044,0.002084,66682998,Yahoo Finance
2019-12-22,0.002082,0.002120,0.002070,0.002115,70976748,Yahoo Finance
2019-12-23,0.002113,0.002137,0.002055,0.002073,77708509,Yahoo Finance
2019-12-24,0.002073,0.002114,0.002052,0.002073,71860410,Yahoo Finance
2019-12-25,0.002072,0.002098,0.002036,0.002088,79207264,Yahoo Finance
2019-12-26,0.002086,0.002098,0.002047,0.002058,71906467,Yahoo Finance
2019-12-27,0.002059,0.002075,0.002032,0.002053,75486740,Yahoo Finance
2019-12-28,0.002053,0.002090,0.002051,0.002064,64539193,Yahoo Finance
2019-12-29,0.002063,0.002114,0.002056,0.002068,67109832,Yahoo Finance
2019-12-30,0.002070,0.002077,0.002043,0.002054,73171188,Yahoo Finance
2019-12-31,0.002056,0.002056,0.002022,0.002028,69469785,Yahoo Finance
2020-01-01,0.002028,0.002052,0.002021,0.002033,51180941,Yahoo Finance
2020-01-02,0.002034,0.002110,0.001983,0.002009,65071106,Yahoo Finance
2020-01-03,0.002008,0.002177,0.001991,0.002145,62619988,Yahoo Finance
2020-01-04,0.002144,0.002490,0.002050,0.002241,94227582,Yahoo Finance
2020-01-05,0.002240,0.002491,0.002117,0.002419,52631740,Yahoo Finance
2020-01-06,0.002418,0.002564,0.002379,0.002463,54562409,Yahoo Finance
2020-01-07,0.002485,0.002497,0.002354,0.002433,52767343,Yahoo Finance
2020-01-08,0.002433,0.002465,0.002265,0.002293,77251526,Yahoo Finance
2020-01-09,0.002291,0.002314,0.002145,0.002256,70690571,Yahoo Finance
2020-01-10,0.002255,0.002361,0.002199,0.002356,87683356,Yahoo Finance
2020-01-11,0.002351,0.002373,0.002296,0.002314,94203409,Yahoo Finance
2020-01-12,0.002313,0.002413,0.002313,0.002381,79426215,Yahoo Finance
2020-01-13,0.002381,0.002407,0.002327,0.002358,83849846,Yahoo Finance
2020-01-14,0.002358,0.002514,0.002340,0.002470,128635383,Yahoo Finance
2020-01-15,0.002468,0.002541,0.002363,0.002369,128940321,Yahoo Finance
2020-01-16,0.002372,0.002424,0.002293,0.002345,98124199,Yahoo Finance
2020-01-17,0.002346,0.002516,0.002310,0.002490,117752841,Yahoo Finance
2020-01-18,0.002490,0.002538,0.002452,0.002507,108133943,Yahoo Finance
2020-01-19,0.002514,0.002570,0.002359,0.002405,108085147,Yahoo Finance
2020-01-20,0.002405,0.002423,0.002359,0.002374,92022277,Yahoo Finance
2020-01-21,0.002374,0.002403,0.002335,0.002376,84321565,Yahoo Finance
2020-01-22,0.002376,0.002399,0.002320,0.002323,82852580,Yahoo Finance
2020-01-23,0.002323,0.002358,0.002238,0.002268,91866620,Yahoo Finance
2020-01-24,0.002268,0.002293,0.002211,0.002276,86865882,Yahoo Finance
2020-01-25,0.002276,0.002276,0.002235,0.002257,82421399,Yahoo Finance
2020-01-26,0.002258,0.002307,0.002240,0.002305,73458474,Yahoo Finance
2020-01-27,0.002304,0.002413,0.002283,0.002368,89023414,Yahoo Finance
2020-01-28,0.002365,0.002450,0.002363,0.002450,91528771,Yahoo Finance
2020-01-29,0.002451,0.002471,0.002390,0.002390,80676219,Yahoo Finance
2020-01-30,0.002391,0.002446,0.002371,0.002440,83967914,Yahoo Finance
2020-01-31,0.002440,0.002458,0.002369,0.002394,76519295,Yahoo Finance
2020-02-01,0.002391,0.002431,0.002382,0.002422,78730830,Yahoo Finance
2020-02-02,0.002421,0.002506,0.002395,0.002468,91552515,Yahoo Finance
2020-02-03,0.002466,0.002517,0.002427,0.002440,78856631,Yahoo Finance
2020-02-04,0.002438,0.002503,0.002402,0.002503,89790002,Yahoo Finance
2020-02-05,0.002503,0.002630,0.002492,0.002582,105741619,Yahoo Finance
2020-02-06,0.002583,0.002677,0.002574,0.002653,108711614,Yahoo Finance
2020-02-07,0.002654,0.002770,0.002647,0.002769,130273878,Yahoo Finance
2020-02-08,0.002767,0.003209,0.002722,0.003159,203803814,Yahoo Finance
2020-02-09,0.003156,0.003531,0.003152,0.003232,218861527,Yahoo Finance
2020-02-10,0.003234,0.003303,0.002904,0.002986,195582003,Yahoo Finance
2020-02-11,0.003011,0.003085,0.002864,0.003041,169747135,Yahoo Finance
2020-02-12,0.003041,0.003173,0.003013,0.003093,181406960,Yahoo Finance
2020-02-13,0.003064,0.003216,0.002973,0.003026,168543942,Yahoo Finance
2020-02-14,0.002999,0.003147,0.002981,0.003130,140849233,Yahoo Finance
2020-02-15,0.003098,0.003181,0.002839,0.002920,144726029,Yahoo Finance
2020-02-16,0.002917,0.002965,0.002626,0.002774,149831933,Yahoo Finance
2020-02-17,0.002740,0.002772,0.002547,0.002712,149622002,Yahoo Finance
2020-02-18,0.002677,0.002846,0.002655,0.002839,144188844,Yahoo Finance
2020-02-19,0.002839,0.002874,0.002624,0.002624,136889052,Yahoo Finance
2020-02-20,0.002625,0.002673,0.002569,0.002659,187866681,Yahoo Finance
2020-02-21,0.002656,0.002703,0.002614,0.002648,157652567,Yahoo Finance
2020-02-22,0.002650,0.002655,0.002577,0.002601,156145895,Yahoo Finance
2020-02-23,0.002600,0.002682,0.002596,0.002680,180747902,Yahoo Finance
2020-02-24,0.002679,0.002687,0.002557,0.002590,159143744,Yahoo Finance
2020-02-25,0.002590,0.002591,0.002436,0.002476,178541404,Yahoo Finance
2020-02-26,0.002475,0.002487,0.002211,0.002339,201370789,Yahoo Finance
2020-02-27,0.002337,0.002403,0.002298,0.002324,162813946,Yahoo Finance
2020-02-28,0.002323,0.002373,0.002226,0.002289,153544453,Yahoo Finance
2020-02-29,0.002286,0.002320,0.002230,0.002235,146635830,Yahoo Finance
2020-03-01,0.002233,0.002297,0.002223,0.002275,162437207,Yahoo Finance
2020-03-02,0.002278,0.002370,0.002256,0.002349,165788612,Yahoo Finance
2020-03-03,0.002348,0.002525,0.002316,0.002499,174988479,Yahoo Finance
2020-03-04,0.002500,0.002508,0.002367,0.002398,144601436,Yahoo Finance
2020-03-05,0.002399,0.002531,0.002395,0.002506,104912777,Yahoo Finance
2020-03-06,0.002504,0.002517,0.002447,0.002496,100268192,Yahoo Finance
2020-03-07,0.002501,0.002513,0.002401,0.002405,88138038,Yahoo Finance
2020-03-08,0.002406,0.002408,0.002184,0.002187,101738284,Yahoo Finance
2020-03-09,0.002189,0.002236,0.002107,0.002214,137033008,Yahoo Finance
2020-03-10,0.002217,0.002263,0.002166,0.002207,115431584,Yahoo Finance
2020-03-11,0.002208,0.002228,0.002099,0.002184,107425626,Yahoo Finance
2020-03-12,0.002183,0.002188,0.001535,0.001537,167892774,Yahoo Finance
2020-03-13,0.001540,0.001799,0.001247,0.001738,218676976,Yahoo Finance
2020-03-14,0.001737,0.001784,0.001640,0.001666,113389101,Yahoo Finance
2020-03-15,0.001664,0.001819,0.001655,0.001685,119811060,Yahoo Finance
2020-03-16,0.001684,0.001699,0.001453,0.001587,134329668,Yahoo Finance
2020-03-17,0.001591,0.001677,0.001558,0.001587,102697604,Yahoo Finance
2020-03-18,0.001590,0.001612,0.001552,0.001566,102196814,Yahoo Finance
2020-03-19,0.001566,0.001844,0.001562,0.001773,251888350,Yahoo Finance
2020-03-20,0.001771,0.001931,0.001679,0.001773,188170528,Yahoo Finance
2020-03-21,0.001771,0.001851,0.001693,0.001785,166141811,Yahoo Finance
2020-03-22,0.001785,0.001868,0.001719,0.001731,161287088,Yahoo Finance
2020-03-23,0.001727,0.001817,0.001692,0.001805,166551897,Yahoo Finance
2020-03-24,0.001805,0.001912,0.001799,0.001851,177134005,Yahoo Finance
2020-03-25,0.001852,0.001890,0.001799,0.001834,163367839,Yahoo Finance
2020-03-26,0.001833,0.001872,0.001827,0.001842,162455890,Yahoo Finance
2020-03-27,0.001843,0.001868,0.001804,0.001807,166326062,Yahoo Finance
2020-03-28,0.001805,0.001808,0.001716,0.001778,169979142,Yahoo Finance
2020-03-29,0.001777,0.001805,0.001717,0.001723,156619235,Yahoo Finance
2020-03-30,0.001723,0.001868,0.001717,0.001831,163244392,Yahoo Finance
2020-03-31,0.001851,0.001851,0.001805,0.001811,156195510,Yahoo Finance
2020-04-01,0.001812,0.001867,0.001776,0.001867,163418627,Yahoo Finance
2020-04-02,0.001868,0.001940,0.001850,0.001882,165879605,Yahoo Finance
2020-04-03,0.001883,0.001916,0.001834,0.001853,161121845,Yahoo Finance
2020-04-04,0.001853,0.001910,0.001841,0.001880,160849686,Yahoo Finance
2020-04-05,0.001880,0.001909,0.001847,0.001865,152557918,Yahoo Finance
2020-04-06,0.001866,0.001983,0.001852,0.001980,173173223,Yahoo Finance
2020-04-07,0.001972,0.002030,0.001934,0.001997,129399793,Yahoo Finance
2020-04-08,0.001986,0.002044,0.001960,0.002012,116283369,Yahoo Finance
2020-04-09,0.002013,0.002033,0.001985,0.002021,109954538,Yahoo Finance
2020-04-10,0.002021,0.002023,0.001891,0.001968,122108790,Yahoo Finance
2020-04-11,0.001968,0.002004,0.001941,0.001990,161367396,Yahoo Finance
2020-04-12,0.001989,0.002009,0.001951,0.001990,169892709,Yahoo Finance
2020-04-13,0.001990,0.001990,0.001894,0.001959,167357650,Yahoo Finance
2020-04-14,0.001958,0.001980,0.001935,0.001964,188937615,Yahoo Finance
2020-04-15,0.001963,0.001975,0.001906,0.001940,169903672,Yahoo Finance
2020-04-16,0.001941,0.002029,0.001886,0.002028,179859738,Yahoo Finance
2020-04-17,0.002028,0.002029,0.001992,0.002013,161550208,Yahoo Finance
2020-04-18,0.002013,0.002062,0.002007,0.002061,168186509,Yahoo Finance
2020-04-19,0.002060,0.002073,0.002028,0.002058,172576560,Yahoo Finance
2020-04-20,0.002058,0.002066,0.001962,0.001982,169715146,Yahoo Finance
2020-04-21,0.001982,0.002032,0.001952,0.001971,163652750,Yahoo Finance
2020-04-22,0.001971,0.002033,0.001964,0.002011,163753943,Yahoo Finance
2020-04-23,0.002011,0.002123,0.002005,0.002047,179000350,Yahoo Finance
2020-04-24,0.002047,0.002121,0.002042,0.002103,209562151,Yahoo Finance
2020-04-25,0.002102,0.002146,0.002087,0.002142,229810398,Yahoo Finance
2020-04-26,0.002141,0.002444,0.002136,0.002409,287859775,Yahoo Finance
2020-04-27,0.002410,0.002414,0.002308,0.002355,276033020,Yahoo Finance
2020-04-28,0.002354,0.002372,0.002322,0.002339,254905520,Yahoo Finance
2020-04-29,0.002339,0.002542,0.002331,0.002517,295698249,Yahoo Finance
2020-04-30,0.002517,0.002689,0.002392,0.002443,298563815,Yahoo Finance
2020-05-01,0.002444,0.002559,0.002441,0.002494,282886977,Yahoo Finance
2020-05-02,0.002495,0.002553,0.002473,0.002549,269155283,Yahoo Finance
2020-05-03,0.002548,0.002583,0.002480,0.002510,265156925,Yahoo Finance
2020-05-04,0.002511,0.002519,0.002389,0.002481,261454253,Yahoo Finance
2020-05-05,0.002481,0.002521,0.002449,0.002484,245861118,Yahoo Finance
2020-05-06,0.002483,0.002583,0.002473,0.002529,251393346,Yahoo Finance
2020-05-07,0.002518,0.002678,0.002479,0.002664,284491226,Yahoo Finance
2020-05-08,0.002659,0.002672,0.002594,0.002625,291757355,Yahoo Finance
2020-05-09,0.002622,0.002634,0.002565,0.002613,294993696,Yahoo Finance
2020-05-10,0.002611,0.002613,0.002360,0.002459,290801097,Yahoo Finance
2020-05-11,0.002457,0.002512,0.002338,0.002413,277646033,Yahoo Finance
2020-05-12,0.002413,0.002513,0.002406,0.002463,262934538,Yahoo Finance
2020-05-13,0.002464,0.002528,0.002458,0.002521,265878080,Yahoo Finance
2020-05-14,0.002518,0.002623,0.002512,0.002574,283778649,Yahoo Finance
2020-05-15,0.002574,0.002577,0.002487,0.002506,261080156,Yahoo Finance
2020-05-16,0.002507,0.002534,0.002484,0.002513,254666485,Yahoo Finance
2020-05-17,0.002512,0.002578,0.002509,0.002538,258469067,Yahoo Finance
2020-05-18,0.002537,0.002587,0.002513,0.002543,265626959,Yahoo Finance
2020-05-19,0.002544,0.002565,0.002501,0.002538,182890489,Yahoo Finance
2020-05-20,0.002539,0.002563,0.002487,0.002508,178925411,Yahoo Finance
2020-05-21,0.002510,0.002549,0.002423,0.002485,200924557,Yahoo Finance
2020-05-22,0.002486,0.002543,0.002473,0.002533,215355485,Yahoo Finance
2020-05-23,0.002533,0.002565,0.002499,0.002544,208878705,Yahoo Finance
2020-05-24,0.002544,0.002561,0.002451,0.002458,186657328,Yahoo Finance
2020-05-25,0.002456,0.002546,0.002435,0.002540,214669452,Yahoo Finance
2020-05-26,0.002539,0.002542,0.002472,0.002486,185485979,Yahoo Finance
2020-05-27,0.002486,0.002529,0.002472,0.002510,186186772,Yahoo Finance
2020-05-28,0.002512,0.002559,0.002495,0.002524,220213442,Yahoo Finance
2020-05-29,0.002524,0.002549,0.002504,0.002532,200485433,Yahoo Finance
2020-05-30,0.002531,0.002626,0.002523,0.002615,200708874,Yahoo Finance
2020-05-31,0.002615,0.002617,0.002549,0.002555,188184731,Yahoo Finance
2020-06-01,0.002555,0.002662,0.002553,0.002647,195748335,Yahoo Finance
2020-06-02,0.002647,0.002655,0.002520,0.002561,200119264,Yahoo Finance
2020-06-03,0.002562,0.002598,0.002546,0.002583,190021630,Yahoo Finance
2020-06-04,0.002583,0.002669,0.002571,0.002631,194078582,Yahoo Finance
2020-06-05,0.002632,0.002634,0.002580,0.002596,188846627,Yahoo Finance
2020-06-06,0.002595,0.002606,0.002566,0.002587,175988365,Yahoo Finance
2020-06-07,0.002587,0.002609,0.002558,0.002606,188151455,Yahoo Finance
2020-06-08,0.002606,0.002607,0.002561,0.002584,187140783,Yahoo Finance
2020-06-09,0.002584,0.002587,0.002517,0.002569,175910197,Yahoo Finance
2020-06-10,0.002569,0.002595,0.002553,0.002584,182748021,Yahoo Finance
2020-06-11,0.002584,0.002602,0.002429,0.002452,183212798,Yahoo Finance
2020-06-12,0.002455,0.002533,0.002447,0.002520,194920048,Yahoo Finance
2020-06-13,0.002520,0.002541,0.002501,0.002533,188981850,Yahoo Finance
2020-06-14,0.002533,0.002554,0.002501,0.002511,173334481,Yahoo Finance
2020-06-15,0.002510,0.002516,0.002407,0.002479,198803041,Yahoo Finance
2020-06-16,0.002479,0.002530,0.002434,0.002487,196212619,Yahoo Finance
2020-06-17,0.002490,0.002492,0.002458,0.002485,185083517,Yahoo Finance
2020-06-18,0.002485,0.002493,0.002447,0.002472,171388606,Yahoo Finance
2020-06-19,0.002471,0.002472,0.002430,0.002435,173280984,Yahoo Finance
2020-06-20,0.002435,0.002466,0.002419,0.002447,158275082,Yahoo Finance
2020-06-21,0.002447,0.002478,0.002441,0.002447,169917761,Yahoo Finance
2020-06-22,0.002447,0.002495,0.002443,0.002474,173530825,Yahoo Finance
2020-06-23,0.002474,0.002492,0.002457,0.002484,171604774,Yahoo Finance
2020-06-24,0.002483,0.002497,0.002389,0.002430,178380748,Yahoo Finance
2020-06-25,0.002430,0.002433,0.002390,0.002417,160003354,Yahoo Finance
2020-06-26,0.002417,0.002427,0.002359,0.002359,151319087,Yahoo Finance
2020-06-27,0.002359,0.002379,0.002294,0.002313,152534000,Yahoo Finance
2020-06-28,0.002313,0.002361,0.002283,0.002326,172693834,Yahoo Finance
2020-06-29,0.002326,0.002341,0.002301,0.002313,172655788,Yahoo Finance
2020-06-30,0.002311,0.002340,0.002297,0.002320,165641131,Yahoo Finance
2020-07-01,0.002320,0.002376,0.002301,0.002354,152549214,Yahoo Finance
2020-07-02,0.002330,0.002382,0.002302,0.002361,110789127,Yahoo Finance
2020-07-03,0.002361,0.002366,0.002304,0.002316,111575143,Yahoo Finance
2020-07-04,0.002315,0.002340,0.002289,0.002309,109218071,Yahoo Finance
2020-07-05,0.002307,0.002327,0.002277,0.002309,110140542,Yahoo Finance
2020-07-06,0.002309,0.002624,0.002302,0.002616,132105139,Yahoo Finance
2020-07-07,0.002614,0.003259,0.002600,0.003090,283970310,Yahoo Finance
2020-07-08,0.003097,0.005420,0.003061,0.004750,1226813925,Yahoo Finance
2020-07-09,0.004732,0.005014,0.004148,0.004397,511315527,Yahoo Finance
2020-07-10,0.004394,0.004394,0.003438,0.003515,225424869,Yahoo Finance
2020-07-11,0.003528,0.003920,0.003476,0.003811,155299369,Yahoo Finance
2020-07-12,0.003811,0.003844,0.003614,0.003630,87562043,Yahoo Finance
2020-07-13,0.003630,0.003636,0.003059,0.003178,143177055,Yahoo Finance
2020-07-14,0.003169,0.003369,0.003061,0.003294,103213409,Yahoo Finance
2020-07-15,0.003287,0.003303,0.003074,0.003085,69399827,Yahoo Finance
2020-07-16,0.003086,0.003098,0.002893,0.002995,78457844,Yahoo Finance
2020-07-17,0.002991,0.003084,0.002937,0.003061,74705371,Yahoo Finance
2020-07-18,0.003060,0.003629,0.003031,0.003473,204080851,Yahoo Finance
2020-07-19,0.003464,0.003753,0.003329,0.003382,116746163,Yahoo Finance
2020-07-20,0.003383,0.003433,0.003167,0.003239,81038624,Yahoo Finance
2020-07-21,0.003232,0.003309,0.003187,0.003305,77748189,Yahoo Finance
2020-07-22,0.003302,0.003304,0.003221,0.003285,54443238,Yahoo Finance
2020-07-23,0.003283,0.003321,0.003265,0.003295,58737115,Yahoo Finance
2020-07-24,0.003295,0.003323,0.003177,0.003220,58910215,Yahoo Finance
2020-07-25,0.003219,0.003295,0.003189,0.003234,63203396,Yahoo Finance
2020-07-26,0.003238,0.003270,0.003184,0.003235,62592233,Yahoo Finance
2020-07-27,0.003234,0.003243,0.003040,0.003153,83138808,Yahoo Finance
2020-07-28,0.003155,0.003219,0.003132,0.003197,63084930,Yahoo Finance
2020-07-29,0.003198,0.003262,0.003175,0.003192,55817191,Yahoo Finance
2020-07-30,0.003192,0.003244,0.003163,0.003231,53506822,Yahoo Finance
2020-07-31,0.003229,0.003240,0.003181,0.003225,54497306,Yahoo Finance
2020-08-01,0.003225,0.003797,0.003203,0.003689,150687884,Yahoo Finance
2020-08-02,0.003696,0.003736,0.003266,0.003336,101249531,Yahoo Finance
2020-08-03,0.003336,0.003441,0.003308,0.003389,66931510,Yahoo Finance
2020-08-04,0.003389,0.003561,0.003376,0.003535,74386428,Yahoo Finance
2020-08-05,0.003543,0.003577,0.003485,0.003513,66465690,Yahoo Finance
2020-08-06,0.003517,0.003636,0.003461,0.003560,62944678,Yahoo Finance
2020-08-07,0.003563,0.003611,0.003425,0.003533,68990009,Yahoo Finance
2020-08-08,0.003534,0.003536,0.003453,0.003510,62509900,Yahoo Finance
2020-08-09,0.003508,0.003533,0.003430,0.003463,57020040,Yahoo Finance
2020-08-10,0.003468,0.003557,0.003454,0.003499,68038181,Yahoo Finance
2020-08-11,0.003495,0.003571,0.003346,0.003394,78539442,Yahoo Finance
2020-08-12,0.003397,0.003534,0.003341,0.003484,70865885,Yahoo Finance
2020-08-13,0.003483,0.003549,0.003365,0.003517,73302994,Yahoo Finance
2020-08-14,0.003514,0.003579,0.003476,0.003561,61334640,Yahoo Finance
2020-08-15,0.003563,0.003607,0.003500,0.003539,64309678,Yahoo Finance
2020-08-16,0.003540,0.003552,0.003469,0.003524,52637926,Yahoo Finance
2020-08-17,0.003524,0.003718,0.003500,0.003591,77628715,Yahoo Finance
2020-08-18,0.003593,0.003709,0.003483,0.003514,62570291,Yahoo Finance
2020-08-19,0.003508,0.003538,0.003368,0.003424,53306857,Yahoo Finance
2020-08-20,0.003424,0.003499,0.003390,0.003459,43536656,Yahoo Finance
2020-08-21,0.003457,0.003554,0.003389,0.003393,60621268,Yahoo Finance
2020-08-22,0.003392,0.003447,0.003354,0.003442,44884852,Yahoo Finance
2020-08-23,0.003438,0.003453,0.003388,0.003414,39485548,Yahoo Finance
2020-08-24,0.003410,0.003465,0.003386,0.003418,46470522,Yahoo Finance
2020-08-25,0.003418,0.003434,0.003239,0.003305,76826314,Yahoo Finance
2020-08-26,0.003301,0.003345,0.003251,0.003303,80416711,Yahoo Finance
2020-08-27,0.003300,0.003314,0.003165,0.003203,89847093,Yahoo Finance
2020-08-28,0.003203,0.003271,0.003182,0.003268,64056957,Yahoo Finance
2020-08-29,0.003267,0.003301,0.003242,0.003282,78149363,Yahoo Finance
2020-08-30,0.003284,0.003344,0.003274,0.003300,79325829,Yahoo Finance
2020-08-31,0.003301,0.003308,0.003204,0.003221,85369757,Yahoo Finance
2020-09-01,0.003220,0.003281,0.003194,0.003256,81863764,Yahoo Finance
2020-09-02,0.003258,0.003266,0.003065,0.003122,56647412,Yahoo Finance
2020-09-03,0.003122,0.003134,0.002790,0.002802,59904548,Yahoo Finance
2020-09-04,0.002799,0.002958,0.002753,0.002899,53434717,Yahoo Finance
2020-09-05,0.002900,0.002934,0.002720,0.002758,62295889,Yahoo Finance
2020-09-06,0.002758,0.002814,0.002704,0.002787,89557154,Yahoo Finance
2020-09-07,0.002787,0.002832,0.002708,0.002811,102610335,Yahoo Finance
2020-09-08,0.002820,0.002834,0.002700,0.002756,57144396,Yahoo Finance
2020-09-09,0.002758,0.002807,0.002704,0.002779,77050464,Yahoo Finance
2020-09-10,0.002792,0.002859,0.002752,0.002805,104276032,Yahoo Finance
2020-09-11,0.002805,0.002825,0.002742,0.002806,134077501,Yahoo Finance
2020-09-12,0.002802,0.002831,0.002781,0.002819,117125272,Yahoo Finance
2020-09-13,0.002819,0.002824,0.002746,0.002776,124253232,Yahoo Finance
2020-09-14,0.002776,0.002843,0.002742,0.002803,128520946,Yahoo Finance
2020-09-15,0.002799,0.002878,0.002785,0.002832,100194174,Yahoo Finance
2020-09-16,0.002831,0.002859,0.002791,0.002826,148555505,Yahoo Finance
2020-09-17,0.002824,0.002859,0.002781,0.002814,161305349,Yahoo Finance
2020-09-18,0.002814,0.002825,0.002749,0.002804,147868185,Yahoo Finance
2020-09-19,0.002796,0.002814,0.002773,0.002794,147046520,Yahoo Finance
2020-09-20,0.002794,0.002806,0.002722,0.002778,145951917,Yahoo Finance
2020-09-21,0.002778,0.002802,0.002616,0.002630,78753428,Yahoo Finance
2020-09-22,0.002625,0.002672,0.002604,0.002656,36467574,Yahoo Finance
2020-09-23,0.002648,0.002651,0.002540,0.002560,79707709,Yahoo Finance
2020-09-24,0.002557,0.002650,0.002536,0.002628,111915974,Yahoo Finance
2020-09-25,0.002628,0.002721,0.002616,0.002698,124575712,Yahoo Finance
2020-09-26,0.002699,0.002753,0.002678,0.002716,108180296,Yahoo Finance
2020-09-27,0.002697,0.002734,0.002664,0.002692,76293172,Yahoo Finance
2020-09-28,0.002709,0.002740,0.002640,0.002652,102662350,Yahoo Finance
2020-09-29,0.002662,0.002710,0.002636,0.002685,109463113,Yahoo Finance
2020-09-30,0.002683,0.002685,0.002617,0.002630,106684832,Yahoo Finance
2020-10-01,0.002631,0.002682,0.002584,0.002616,116194992,Yahoo Finance
2020-10-02,0.002614,0.002628,0.002539,0.002583,128239855,Yahoo Finance
2020-10-03,0.002583,0.002640,0.002574,0.002599,116046378,Yahoo Finance
2020-10-04,0.002606,0.002682,0.002590,0.002635,92364518,Yahoo Finance
2020-10-05,0.002632,0.002662,0.002599,0.002612,127881032,Yahoo Finance
2020-10-06,0.002612,0.002628,0.002574,0.002611,105669881,Yahoo Finance
2020-10-07,0.002593,0.002612,0.002565,0.002595,125523508,Yahoo Finance
2020-10-08,0.002584,0.002631,0.002560,0.002596,109356096,Yahoo Finance
2020-10-09,0.002616,0.002667,0.002595,0.002653,100051523,Yahoo Finance
2020-10-10,0.002654,0.002716,0.002654,0.002655,96632426,Yahoo Finance
2020-10-11,0.002667,0.002706,0.002649,0.002674,107632465,Yahoo Finance
2020-10-12,0.002674,0.002708,0.002629,0.002673,101246789,Yahoo Finance
2020-10-13,0.002667,0.002677,0.002627,0.002635,76963142,Yahoo Finance
2020-10-14,0.002634,0.002653,0.002618,0.002637,87293434,Yahoo Finance
2020-10-15,0.002650,0.002651,0.002569,0.002593,83794207,Yahoo Finance
2020-10-16,0.002595,0.002616,0.002557,0.002612,117882236,Yahoo Finance
2020-10-17,0.002603,0.002612,0.002573,0.002581,125692391,Yahoo Finance
2020-10-18,0.002581,0.002601,0.002577,0.002586,72298803,Yahoo Finance
2020-10-19,0.002595,0.002619,0.002572,0.002590,91049562,Yahoo Finance
2020-10-20,0.002590,0.002623,0.002581,0.002601,65577101,Yahoo Finance
2020-10-21,0.002600,0.002657,0.002594,0.002630,45017115,Yahoo Finance
2020-10-22,0.002627,0.002689,0.002624,0.002655,44976453,Yahoo Finance
2020-10-23,0.002649,0.002691,0.002637,0.002647,46856082,Yahoo Finance
2020-10-24,0.002647,0.002653,0.002624,0.002646,44797614,Yahoo Finance
2020-10-25,0.002645,0.002676,0.002624,0.002653,58532388,Yahoo Finance
2020-10-26,0.002653,0.002893,0.002636,0.002679,122152251,Yahoo Finance
2020-10-27,0.002679,0.002708,0.002630,0.002677,78927089,Yahoo Finance
2020-10-28,0.002677,0.002697,0.002575,0.002595,72848720,Yahoo Finance
2020-10-29,0.002595,0.002623,0.002518,0.002581,58929515,Yahoo Finance
2020-10-30,0.002581,0.002607,0.002533,0.002598,63444097,Yahoo Finance
2020-10-31,0.002598,0.002603,0.002556,0.002576,56189318,Yahoo Finance
2020-11-01,0.002576,0.002590,0.002561,0.002582,45528682,Yahoo Finance
2020-11-02,0.002582,0.002592,0.002515,0.002517,50142376,Yahoo Finance
2020-11-03,0.002517,0.002530,0.002452,0.002528,62871653,Yahoo Finance
2020-11-04,0.002528,0.002558,0.002497,0.002533,52552651,Yahoo Finance
2020-11-05,0.002533,0.002639,0.002496,0.002617,31611963,Yahoo Finance
2020-11-06,0.002617,0.002801,0.002608,0.002760,54267546,Yahoo Finance
2020-11-07,0.002760,0.002819,0.002612,0.002671,44610219,Yahoo Finance
2020-11-08,0.002671,0.002742,0.002658,0.002711,22754531,Yahoo Finance
2020-11-09,0.002711,0.002786,0.002663,0.002670,28124348,Yahoo Finance
2020-11-10,0.002670,0.002851,0.002655,0.002753,39633173,Yahoo Finance
2020-11-11,0.002753,0.002837,0.002753,0.002769,33138759,Yahoo Finance
2020-11-12,0.002769,0.002791,0.002747,0.002779,24028261,Yahoo Finance
2020-11-13,0.002779,0.002836,0.002777,0.002821,29217750,Yahoo Finance
2020-11-14,0.002821,0.002821,0.002721,0.002773,30334380,Yahoo Finance
2020-11-15,0.002773,0.002813,0.002739,0.002775,25131683,Yahoo Finance
2020-11-16,0.002775,0.003009,0.002757,0.002886,52063283,Yahoo Finance
2020-11-17,0.002908,0.002976,0.002886,0.002936,46631464,Yahoo Finance
2020-11-18,0.002936,0.002999,0.002855,0.002909,49460064,Yahoo Finance
2020-11-19,0.002909,0.002960,0.002868,0.002911,40330643,Yahoo Finance
2020-11-20,0.002911,0.003011,0.002908,0.002984,57656465,Yahoo Finance
2020-11-21,0.002984,0.003549,0.002984,0.003507,162641694,Yahoo Finance
2020-11-22,0.003507,0.003660,0.003181,0.003329,121660410,Yahoo Finance
2020-11-23,0.003329,0.003648,0.003232,0.003648,101561039,Yahoo Finance
2020-11-24,0.003645,0.004204,0.003579,0.004204,266716036,Yahoo Finance
2020-11-25,0.004200,0.004256,0.003642,0.003727,174459927,Yahoo Finance
2020-11-26,0.003727,0.003793,0.002980,0.003250,175520294,Yahoo Finance
2020-11-27,0.003250,0.003355,0.003093,0.003275,92323023,Yahoo Finance
2020-11-28,0.003275,0.003470,0.003247,0.003405,58033650,Yahoo Finance
2020-11-29,0.003405,0.003530,0.003358,0.003448,46319972,Yahoo Finance
2020-11-30,0.003448,0.003580,0.003414,0.003551,68622736,Yahoo Finance
2020-12-01,0.003551,0.003572,0.003269,0.003335,80163603,Yahoo Finance
2020-12-02,0.003335,0.003436,0.003293,0.003374,58705661,Yahoo Finance
2020-12-03,0.003375,0.003500,0.003352,0.003428,47907032,Yahoo Finance
2020-12-04,0.003429,0.003447,0.003285,0.003298,45062222,Yahoo Finance
2020-12-05,0.003297,0.003414,0.003268,0.003397,43386583,Yahoo Finance
2020-12-06,0.003397,0.003442,0.003343,0.003388,40936574,Yahoo Finance
2020-12-07,0.003388,0.003400,0.003320,0.003342,36923814,Yahoo Finance
2020-12-08,0.003343,0.003361,0.003138,0.003179,52702701,Yahoo Finance
2020-12-09,0.003179,0.003182,0.003016,0.003158,45746722,Yahoo Finance
2020-12-10,0.003158,0.003165,0.003066,0.003105,33740988,Yahoo Finance
2020-12-11,0.003105,0.003110,0.003009,0.003079,41712942,Yahoo Finance
2020-12-12,0.003079,0.003184,0.003075,0.003163,35466155,Yahoo Finance
2020-12-13,0.003164,0.003274,0.003153,0.003256,37464323,Yahoo Finance
2020-12-14,0.003256,0.003279,0.003199,0.003231,36238516,Yahoo Finance
2020-12-15,0.003230,0.003250,0.003178,0.003206,37127782,Yahoo Finance
2020-12-16,0.003205,0.003422,0.003186,0.003416,50989880,Yahoo Finance
2020-12-17,0.003416,0.004113,0.003406,0.003730,172736659,Yahoo Finance
2020-12-18,0.003730,0.003970,0.003618,0.003858,101799430,Yahoo Finance
2020-12-19,0.003859,0.004018,0.003810,0.003927,98447179,Yahoo Finance
2020-12-20,0.003926,0.004678,0.003827,0.004625,508066004,Yahoo Finance
2020-12-21,0.004627,0.005406,0.004363,0.004787,664160057,Yahoo Finance
2020-12-22,0.004784,0.004843,0.004370,0.004508,239288785,Yahoo Finance
2020-12-23,0.004508,0.004735,0.003640,0.003768,205080908,Yahoo Finance
2020-12-24,0.003768,0.004577,0.003697,0.004570,143405580,Yahoo Finance
2020-12-25,0.004570,0.004613,0.004395,0.004582,136819917,Yahoo Finance
2020-12-26,0.004581,0.004640,0.004423,0.004494,151728507,Yahoo Finance
2020-12-27,0.004493,0.004805,0.004429,0.004548,154526399,Yahoo Finance
2020-12-28,0.004548,0.004716,0.004523,0.004592,99641525,Yahoo Finance
2020-12-29,0.004592,0.004608,0.004278,0.004486,90876497,Yahoo Finance
2020-12-30,0.004487,0.004703,0.004453,0.004636,94834499,Yahoo Finance
2020-12-31,0.004636,0.004743,0.004553,0.004682,85498337,Yahoo Finance
2021-01-01,0.004681,0.005685,0.004615,0.005685,228961515,Yahoo Finance
2021-01-02,0.005686,0.013698,0.005584,0.010615,3421562680,Yahoo Finance
2021-01-03,0.010602,0.013867,0.009409,0.009771,2707003608,Yahoo Finance
2021-01-04,0.009785,0.011421,0.007878,0.009767,1372398979,Yahoo Finance
2021-01-05,0.009767,0.010219,0.008972,0.009920,687256067,Yahoo Finance
2021-01-06,0.009923,0.010854,0.009685,0.010465,749915516,Yahoo Finance
2021-01-07,0.010454,0.010532,0.009162,0.009742,520644706,Yahoo Finance
2021-01-08,0.009743,0.010285,0.008986,0.009846,394462164,Yahoo Finance
2021-01-09,0.009833,0.010740,0.009740,0.010194,485842353,Yahoo Finance
2021-01-10,0.010193,0.010867,0.009177,0.009860,458583519,Yahoo Finance
2021-01-11,0.009858,0.009858,0.006770,0.008835,637956958,Yahoo Finance
2021-01-12,0.008830,0.009145,0.007904,0.008063,333308457,Yahoo Finance
2021-01-13,0.008062,0.008646,0.007787,0.008616,240079033,Yahoo Finance
2021-01-14,0.008619,0.010030,0.008349,0.009397,428369039,Yahoo Finance
2021-01-15,0.009389,0.009796,0.008460,0.009369,398965925,Yahoo Finance
2021-01-16,0.009367,0.009531,0.009140,0.009265,258630480,Yahoo Finance
2021-01-17,0.009263,0.009367,0.008841,0.009067,254487989,Yahoo Finance
2021-01-18,0.009070,0.009295,0.008981,0.009171,205025648,Yahoo Finance
2021-01-19,0.009172,0.009613,0.009020,0.009098,249242632,Yahoo Finance
2021-01-20,0.009096,0.009153,0.008529,0.009060,220205442,Yahoo Finance
2021-01-21,0.009062,0.009089,0.008061,0.008166,215419839,Yahoo Finance
2021-01-22,0.008165,0.008769,0.007654,0.008524,185490003,Yahoo Finance
2021-01-23,0.008520,0.008808,0.008388,0.008579,154393737,Yahoo Finance
2021-01-24,0.008578,0.008951,0.008516,0.008727,162191977,Yahoo Finance
2021-01-25,0.008727,0.008879,0.008276,0.008383,180820875,Yahoo Finance
2021-01-26,0.008382,0.008456,0.008022,0.008255,161173749,Yahoo Finance
2021-01-27,0.008255,0.008259,0.007294,0.007482,204797186,Yahoo Finance
2021-01-28,0.007481,0.034177,0.007351,0.034084,10971544561,Yahoo Finance
2021-01-29,0.043734,0.077973,0.032341,0.047162,25403310432,Yahoo Finance
2021-01-30,0.046803,0.049901,0.022488,0.028176,8735576553,Yahoo Finance
2021-01-31,0.028191,0.045289,0.027102,0.037196,8548997882,Yahoo Finance
2021-02-01,0.037054,0.043250,0.033367,0.034875,6319224026,Yahoo Finance
2021-02-02,0.034910,0.034926,0.029195,0.031520,3090896595,Yahoo Finance
2021-02-03,0.031493,0.039105,0.031146,0.037120,3146856788,Yahoo Finance
2021-02-04,0.037226,0.057869,0.035945,0.053289,13040837601,Yahoo Finance
2021-02-05,0.053043,0.053740,0.043540,0.046935,6136160058,Yahoo Finance
2021-02-06,0.046931,0.058308,0.044904,0.057595,5946101275,Yahoo Finance
2021-02-07,0.057502,0.084357,0.054239,0.078782,14261024073,Yahoo Finance
2021-02-08,0.078352,0.084945,0.064702,0.078825,12844375210,Yahoo Finance
2021-02-09,0.078773,0.083128,0.065621,0.070070,7348840814,Yahoo Finance
2021-02-10,0.070111,0.081091,0.068525,0.072896,6785088422,Yahoo Finance
2021-02-11,0.072844,0.074301,0.068290,0.069676,3818556739,Yahoo Finance
2021-02-12,0.069650,0.072610,0.061445,0.070069,4190843784,Yahoo Finance
2021-02-13,0.070025,0.071646,0.066135,0.066450,2618049766,Yahoo Finance
2021-02-14,0.066448,0.066448,0.056723,0.062537,3984667628,Yahoo Finance
2021-02-15,0.062568,0.063924,0.048547,0.056591,4944804938,Yahoo Finance
2021-02-16,0.056488,0.059668,0.050983,0.053520,3409478696,Yahoo Finance
2021-02-17,0.053522,0.054983,0.048034,0.049376,2976148723,Yahoo Finance
2021-02-18,0.049363,0.061799,0.048989,0.059541,4551943638,Yahoo Finance
2021-02-19,0.059434,0.059497,0.054315,0.055139,2949251418,Yahoo Finance
2021-02-20,0.055132,0.060286,0.051628,0.054384,3175468554,Yahoo Finance
2021-02-21,0.054369,0.058428,0.053556,0.055980,2450293068,Yahoo Finance
2021-02-22,0.056044,0.060466,0.047096,0.053725,3366757324,Yahoo Finance
2021-02-23,0.053698,0.053768,0.042410,0.047392,2394345361,Yahoo Finance
2021-02-24,0.047414,0.059873,0.046216,0.056555,4148511571,Yahoo Finance
2021-02-25,0.056615,0.057808,0.049869,0.050167,2356982022,Yahoo Finance
2021-02-26,0.050138,0.052472,0.048708,0.050480,1694323466,Yahoo Finance
2021-02-27,0.050500,0.051920,0.049297,0.050083,1286229526,Yahoo Finance
2021-02-28,0.050097,0.050134,0.045088,0.048052,1408101260,Yahoo Finance
2021-03-01,0.048070,0.051479,0.048029,0.050599,1494427207,Yahoo Finance
2021-03-02,0.050596,0.052382,0.049299,0.050262,1346282318,Yahoo Finance
2021-03-03,0.050278,0.052126,0.050078,0.050592,1093877445,Yahoo Finance
2021-03-04,0.050587,0.051087,0.047879,0.050048,1170617084,Yahoo Finance
2021-03-05,0.050028,0.050854,0.048147,0.049609,1173113591,Yahoo Finance
2021-03-06,0.049601,0.052397,0.049383,0.050984,1480482384,Yahoo Finance
2021-03-07,0.050980,0.052141,0.050572,0.052122,945455832,Yahoo Finance
2021-03-08,0.052123,0.061949,0.051672,0.061949,3554150800,Yahoo Finance
2021-03-09,0.062104,0.062268,0.056051,0.057998,2466159943,Yahoo Finance
2021-03-10,0.057964,0.058616,0.054692,0.056004,1534489620,Yahoo Finance
2021-03-11,0.055977,0.056698,0.054502,0.055918,1233383425,Yahoo Finance
2021-03-12,0.055921,0.056980,0.054513,0.055349,1287767221,Yahoo Finance
2021-03-13,0.055353,0.062432,0.054756,0.062432,1869833076,Yahoo Finance
2021-03-14,0.062384,0.063052,0.058592,0.058592,2752132530,Yahoo Finance
2021-03-15,0.058531,0.059689,0.055141,0.057088,1738710876,Yahoo Finance
2021-03-16,0.057086,0.058921,0.055493,0.058607,1393771913,Yahoo Finance
2021-03-17,0.058610,0.058866,0.056471,0.057653,861926643,Yahoo Finance
2021-03-18,0.057640,0.058828,0.054143,0.057383,909777445,Yahoo Finance
2021-03-19,0.057377,0.059721,0.056604,0.058328,964747809,Yahoo Finance
2021-03-20,0.058315,0.060639,0.058120,0.058961,1012934488,Yahoo Finance
2021-03-21,0.058970,0.059521,0.056798,0.057234,759592996,Yahoo Finance
2021-03-22,0.057259,0.057732,0.054909,0.054962,696918565,Yahoo Finance
2021-03-23,0.054941,0.056081,0.052940,0.053556,1040781777,Yahoo Finance
2021-03-24,0.053528,0.056494,0.051242,0.051702,934537959,Yahoo Finance
2021-03-25,0.051699,0.052407,0.049697,0.051448,1084214116,Yahoo Finance
2021-03-26,0.051433,0.054028,0.051331,0.053952,776280028,Yahoo Finance
2021-03-27,0.053940,0.055435,0.053528,0.054377,753844053,Yahoo Finance
2021-03-28,0.054381,0.054752,0.053013,0.053698,460472975,Yahoo Finance
2021-03-29,0.053678,0.054651,0.053175,0.054052,537919140,Yahoo Finance
2021-03-30,0.054052,0.055434,0.053697,0.053900,728906171,Yahoo Finance
2021-03-31,0.053902,0.054468,0.052269,0.053657,653389282,Yahoo Finance
2021-04-01,0.053655,0.070111,0.053644,0.061986,5816046822,Yahoo Finance
2021-04-02,0.061968,0.062249,0.057333,0.057664,2166925111,Yahoo Finance
2021-04-03,0.057658,0.059484,0.055804,0.055804,1136931403,Yahoo Finance
2021-04-04,0.055776,0.058107,0.055295,0.057404,938035097,Yahoo Finance
2021-04-05,0.057411,0.060153,0.056435,0.059696,1513832721,Yahoo Finance
2021-04-06,0.059689,0.065050,0.058094,0.064458,2608613912,Yahoo Finance
2021-04-07,0.064454,0.067299,0.057641,0.059028,2857060849,Yahoo Finance
2021-04-08,0.059036,0.061745,0.058817,0.061464,1055257541,Yahoo Finance
2021-04-09,0.061463,0.063910,0.060296,0.061684,1060465774,Yahoo Finance
2021-04-10,0.061591,0.065068,0.060818,0.063845,1369793118,Yahoo Finance
2021-04-11,0.063749,0.079243,0.063203,0.074649,6646627317,Yahoo Finance
2021-04-12,0.074544,0.074986,0.068889,0.070767,2687720380,Yahoo Finance
2021-04-13,0.070678,0.095181,0.070678,0.093445,7176815090,Yahoo Finance
2021-04-14,0.094256,0.142510,0.092452,0.121517,20977679327,Yahoo Finance
2021-04-15,0.121167,0.187326,0.120736,0.182207,17916620386,Yahoo Finance
2021-04-16,0.181587,0.437700,0.180488,0.365870,69410680685,Yahoo Finance
2021-04-17,0.366098,0.374455,0.236524,0.284173,31413404067,Yahoo Finance
2021-04-18,0.285105,0.349918,0.246440,0.320475,23464350388,Yahoo Finance
2021-04-19,0.320466,0.431751,0.309080,0.407318,30641432779,Yahoo Finance
2021-04-20,0.408435,0.422347,0.271618,0.319500,28130646191,Yahoo Finance
2021-04-21,0.316953,0.346966,0.297036,0.306925,12723463706,Yahoo Finance
2021-04-22,0.305990,0.308757,0.256276,0.260967,11879823706,Yahoo Finance
2021-04-23,0.261023,0.268378,0.163669,0.248509,16165566164,Yahoo Finance
2021-04-24,0.249544,0.289390,0.229891,0.270212,11057578568,Yahoo Finance
2021-04-25,0.269789,0.288771,0.226301,0.251111,6849914675,Yahoo Finance
2021-04-26,0.251240,0.280452,0.248026,0.270674,5118886527,Yahoo Finance
2021-04-27,0.271427,0.279629,0.264928,0.272188,3590611310,Yahoo Finance
2021-04-28,0.272273,0.344662,0.256231,0.323682,14464343767,Yahoo Finance
2021-04-29,0.323232,0.323881,0.296904,0.305169,5027354503,Yahoo Finance
2021-04-30,0.304702,0.339757,0.302981,0.337561,5290390982,Yahoo Finance
2021-05-01,0.337559,0.397135,0.328290,0.392987,10123343703,Yahoo Finance
2021-05-02,0.391087,0.400029,0.364874,0.376046,8040406918,Yahoo Finance
2021-05-03,0.373631,0.445567,0.373631,0.441707,10526649978,Yahoo Finance
2021-05-04,0.440274,0.605998,0.400800,0.541334,38238126181,Yahoo Finance
2021-05-05,0.537355,0.695262,0.523822,0.657633,42525098292,Yahoo Finance
2021-05-06,0.652842,0.663616,0.545102,0.580804,18989900291,Yahoo Finance
2021-05-07,0.581110,0.731972,0.520174,0.684777,28615083657,Yahoo Finance
2021-05-08,0.687801,0.737567,0.608168,0.636439,25555125135,Yahoo Finance
2021-05-09,0.635820,0.697625,0.425706,0.570070,46138063928,Yahoo Finance
2021-05-10,0.569687,0.569687,0.421291,0.449964,16514521828,Yahoo Finance
2021-05-11,0.450488,0.546651,0.445034,0.495231,14566975476,Yahoo Finance
2021-05-12,0.493742,0.519975,0.385376,0.385376,8621337859,Yahoo Finance
2021-05-13,0.392176,0.519461,0.357175,0.490374,18663174069,Yahoo Finance
2021-05-14,0.487070,0.589690,0.464622,0.559604,20466177002,Yahoo Finance
2021-05-15,0.559668,0.562676,0.491299,0.507972,9836892944,Yahoo Finance
2021-05-16,0.507910,0.548145,0.451023,0.514895,9541552064,Yahoo Finance
2021-05-17,0.513413,0.515221,0.458551,0.487892,7330830504,Yahoo Finance
2021-05-18,0.486954,0.515599,0.470384,0.476115,4802902841,Yahoo Finance
2021-05-19,0.476435,0.684735,0.218267,0.333123,15072620946,Yahoo Finance
2021-05-20,0.330252,0.433192,0.296253,0.400194,12415484460,Yahoo Finance
2021-05-21,0.398124,0.411975,0.314766,0.359382,7452862203,Yahoo Finance
2021-05-22,0.358717,0.360517,0.318169,0.342371,5243222352,Yahoo Finance
2021-05-23,0.342522,0.350863,0.249437,0.308071,7143545371,Yahoo Finance
2021-05-24,0.306715,0.371485,0.296291,0.366162,6821088755,Yahoo Finance
2021-05-25,0.366041,0.380010,0.323497,0.346302,5544552739,Yahoo Finance
2021-05-26,0.346396,0.365920,0.338857,0.353693,3355793260,Yahoo Finance
2021-05-27,0.353463,0.353463,0.328144,0.332945,2485942309,Yahoo Finance
2021-05-28,0.333651,0.347879,0.301518,0.311205,3289455640,Yahoo Finance
2021-05-29,0.311398,0.317919,0.281793,0.303110,2470710737,Yahoo Finance
2021-05-30,0.302969,0.310324,0.287680,0.302224,1929947933,Yahoo Finance
2021-05-31,0.301949,0.329163,0.294330,0.325810,2440829325,Yahoo Finance
2021-06-01,0.325744,0.383079,0.312360,0.370077,5796031087,Yahoo Finance
2021-06-02,0.370302,0.444590,0.352588,0.423374,11425588479,Yahoo Finance
2021-06-03,0.423739,0.440763,0.378819,0.399963,6809900030,Yahoo Finance
2021-06-04,0.400982,0.400982,0.351442,0.376323,5889983048,Yahoo Finance
2021-06-05,0.376752,0.393886,0.360488,0.372177,3464039041,Yahoo Finance
2021-06-06,0.371676,0.376798,0.367254,0.371807,1836611411,Yahoo Finance
2021-06-07,0.371566,0.379678,0.329806,0.331050,3043974994,Yahoo Finance
2021-06-08,0.331822,0.341435,0.296660,0.327687,3918487504,Yahoo Finance
2021-06-09,0.326423,0.353762,0.313131,0.343331,3154332929,Yahoo Finance
2021-06-10,0.343339,0.344529,0.323278,0.326351,2114010549,Yahoo Finance
2021-06-11,0.326364,0.333223,0.311502,0.319359,1834446577,Yahoo Finance
2021-06-12,0.318893,0.319332,0.301804,0.312084,1605633791,Yahoo Finance
2021-06-13,0.312485,0.330026,0.307892,0.324382,1484851447,Yahoo Finance
2021-06-14,0.323903,0.336927,0.320087,0.332085,1613812023,Yahoo Finance
2021-06-15,0.326785,0.330495,0.316976,0.328381,1687965230,Yahoo Finance
2021-06-16,0.320378,0.321393,0.305485,0.307761,1391720788,Yahoo Finance
2021-06-17,0.307749,0.314011,0.303316,0.306496,1120766442,Yahoo Finance
2021-06-18,0.306428,0.307752,0.280481,0.293472,1846213589,Yahoo Finance
2021-06-19,0.293649,0.297803,0.286189,0.287356,1003248258,Yahoo Finance
2021-06-20,0.286394,0.289727,0.256467,0.280900,1963503800,Yahoo Finance
2021-06-21,0.280660,0.280889,0.166491,0.178691,5640232167,Yahoo Finance
2021-06-22,0.178682,0.216122,0.164654,0.191031,5992850344,Yahoo Finance
2021-06-23,0.190671,0.247110,0.180979,0.232174,5098674891,Yahoo Finance
2021-06-24,0.234970,0.268690,0.222527,0.262782,3844648059,Yahoo Finance
2021-06-25,0.263480,0.289145,0.230006,0.239153,5542163262,Yahoo Finance
2021-06-26,0.237673,0.255127,0.230972,0.244784,2649457302,Yahoo Finance
2021-06-27,0.246045,0.266891,0.240894,0.264450,2167521670,Yahoo Finance
2021-06-28,0.264918,0.266982,0.250762,0.256857,1932994784,Yahoo Finance
2021-06-29,0.257061,0.274940,0.252988,0.262769,2192562738,Yahoo Finance
2021-06-30,0.263417,0.263538,0.238268,0.254215,2047763830,Yahoo Finance
2021-07-01,0.253828,0.260092,0.238677,0.244549,2463946548,Yahoo Finance
2021-07-02,0.243982,0.247997,0.238848,0.245264,1321470954,Yahoo Finance
2021-07-03,0.245106,0.250214,0.242454,0.246411,917015819,Yahoo Finance
2021-07-04,0.246425,0.252567,0.243425,0.246483,973511519,Yahoo Finance
2021-07-05,0.246419,0.246419,0.227838,0.231614,1267949362,Yahoo Finance
2021-07-06,0.231216,0.241910,0.229842,0.234422,1265920169,Yahoo Finance
2021-07-07,0.234301,0.237851,0.222576,0.224126,1148903688,Yahoo Finance
2021-07-08,0.224383,0.224930,0.202987,0.207597,1789637577,Yahoo Finance
2021-07-09,0.207073,0.229139,0.196607,0.219864,3045790264,Yahoo Finance
2021-07-10,0.219846,0.227681,0.210745,0.213920,1264519098,Yahoo Finance
2021-07-11,0.213887,0.218745,0.210931,0.215856,719870047,Yahoo Finance
2021-07-12,0.216010,0.218965,0.204506,0.208048,973602708,Yahoo Finance
2021-07-13,0.208009,0.208062,0.198163,0.200003,1035890377,Yahoo Finance
2021-07-14,0.199978,0.204483,0.187752,0.197324,1319171299,Yahoo Finance
2021-07-15,0.197749,0.200840,0.180786,0.184888,1044558931,Yahoo Finance
2021-07-16,0.185238,0.188322,0.171612,0.172345,1144730187,Yahoo Finance
2021-07-17,0.172118,0.204937,0.169230,0.186125,2393120423,Yahoo Finance
2021-07-18,0.186841,0.195788,0.180886,0.182233,1424484163,Yahoo Finance
2021-07-19,0.181818,0.183950,0.170712,0.173556,1084816777,Yahoo Finance
2021-07-20,0.173763,0.178895,0.160728,0.170801,1809479230,Yahoo Finance
2021-07-21,0.170527,0.214210,0.168719,0.190349,4433688120,Yahoo Finance
2021-07-22,0.190480,0.196404,0.186664,0.191303,1629442360,Yahoo Finance
2021-07-23,0.191359,0.199531,0.183540,0.194764,1447257649,Yahoo Finance
2021-07-24,0.194823,0.204369,0.191344,0.197319,1695867808,Yahoo Finance
2021-07-25,0.197173,0.200451,0.191697,0.197864,1256116971,Yahoo Finance
2021-07-26,0.198030,0.232767,0.197063,0.204419,4863225852,Yahoo Finance
2021-07-27,0.203836,0.209293,0.195350,0.205899,2229903212,Yahoo Finance
2021-07-28,0.206111,0.213746,0.202011,0.205392,2076707890,Yahoo Finance
2021-07-29,0.205591,0.206355,0.200716,0.204619,1169322798,Yahoo Finance
2021-07-30,0.205023,0.210643,0.196535,0.208821,1523981522,Yahoo Finance
2021-07-31,0.208638,0.214345,0.204897,0.208314,1349212924,Yahoo Finance
2021-08-01,0.207753,0.217611,0.201389,0.204437,1711494501,Yahoo Finance
2021-08-02,0.204279,0.209959,0.202188,0.203600,1181469976,Yahoo Finance
2021-08-03,0.203431,0.205077,0.193750,0.195967,1121632377,Yahoo Finance
2021-08-04,0.196312,0.203110,0.194450,0.201490,1095300718,Yahoo Finance
2021-08-05,0.201575,0.202513,0.194685,0.200974,1139204754,Yahoo Finance
2021-08-06,0.200960,0.211756,0.198617,0.204688,1332579279,Yahoo Finance
2021-08-07,0.204846,0.261990,0.203772,0.260341,6343062404,Yahoo Finance
2021-08-08,0.261956,0.281379,0.235348,0.240045,6984782653,Yahoo Finance
2021-08-09,0.240122,0.266265,0.231410,0.256897,4607903346,Yahoo Finance
2021-08-10,0.256366,0.262791,0.245352,0.257325,3424415504,Yahoo Finance
2021-08-11,0.257424,0.282482,0.256382,0.265263,4732068476,Yahoo Finance
2021-08-12,0.264853,0.294142,0.252775,0.263921,5264857508,Yahoo Finance
2021-08-13,0.264249,0.287188,0.261907,0.286808,3565092106,Yahoo Finance
2021-08-14,0.286801,0.298456,0.277154,0.293113,4677579997,Yahoo Finance
2021-08-15,0.294086,0.348722,0.287063,0.341441,8046171669,Yahoo Finance
2021-08-16,0.340165,0.350953,0.310828,0.320715,6681324187,Yahoo Finance
2021-08-17,0.319631,0.339462,0.295763,0.299442,5699700481,Yahoo Finance
2021-08-18,0.299203,0.324227,0.282016,0.303739,6347995770,Yahoo Finance
2021-08-19,0.303376,0.319018,0.294088,0.317144,3760495939,Yahoo Finance
2021-08-20,0.317571,0.333223,0.314142,0.327491,3512291078,Yahoo Finance
2021-08-21,0.327395,0.329356,0.315433,0.316797,2600396651,Yahoo Finance
2021-08-22,0.317085,0.321541,0.306546,0.314963,2237836352,Yahoo Finance
2021-08-23,0.314926,0.328094,0.313368,0.317914,2836628655,Yahoo Finance
2021-08-24,0.318386,0.319757,0.277777,0.288739,3143768703,Yahoo Finance
2021-08-25,0.289218,0.296815,0.279995,0.292226,2518743227,Yahoo Finance
2021-08-26,0.292794,0.296002,0.265313,0.268909,2410285454,Yahoo Finance
2021-08-27,0.268819,0.294845,0.265392,0.294433,2382150423,Yahoo Finance
2021-08-28,0.294631,0.299170,0.283273,0.285629,1534807298,Yahoo Finance
2021-08-29,0.285863,0.291663,0.277486,0.281125,1473623363,Yahoo Finance
2021-08-30,0.281233,0.289559,0.270375,0.272125,1748987269,Yahoo Finance
2021-08-31,0.271878,0.285819,0.270047,0.278453,1745967018,Yahoo Finance
2021-09-01,0.278062,0.294889,0.273526,0.294401,1937809622,Yahoo Finance
2021-09-02,0.294393,0.309227,0.292010,0.295955,2981069411,Yahoo Finance
2021-09-03,0.294754,0.304494,0.288541,0.296273,2384046931,Yahoo Finance
2021-09-04,0.296068,0.308731,0.293342,0.299388,2263193245,Yahoo Finance
2021-09-05,0.299324,0.315009,0.296582,0.314527,2393033527,Yahoo Finance
2021-09-06,0.314315,0.319751,0.300451,0.308765,2611846129,Yahoo Finance
2021-09-07,0.308951,0.311030,0.216527,0.253744,5653327525,Yahoo Finance
2021-09-08,0.254266,0.263290,0.234864,0.257113,3226346052,Yahoo Finance
2021-09-09,0.250362,0.259558,0.249270,0.252596,1763183557,Yahoo Finance
2021-09-10,0.252585,0.261622,0.235909,0.239982,1840815800,Yahoo Finance
2021-09-11,0.239826,0.248018,0.238487,0.241432,1196337689,Yahoo Finance
2021-09-12,0.241329,0.254794,0.239233,0.250617,1419288866,Yahoo Finance
2021-09-13,0.250624,0.252031,0.228911,0.235906,1759116002,Yahoo Finance
2021-09-14,0.236063,0.241678,0.233962,0.240709,967948743,Yahoo Finance
2021-09-15,0.240590,0.248322,0.239215,0.247697,980188820,Yahoo Finance
2021-09-16,0.247542,0.247733,0.233852,0.242555,1140048496,Yahoo Finance
2021-09-17,0.242098,0.259535,0.238026,0.239930,2246768047,Yahoo Finance
2021-09-18,0.239928,0.247328,0.238228,0.241386,999151515,Yahoo Finance
2021-09-19,0.241281,0.241285,0.231337,0.233142,892763953,Yahoo Finance
2021-09-20,0.233161,0.233606,0.200022,0.207071,2244003542,Yahoo Finance
2021-09-21,0.208773,0.218094,0.198161,0.201027,1766963639,Yahoo Finance
2021-09-22,0.200822,0.229423,0.200224,0.224858,2016471206,Yahoo Finance
2021-09-23,0.224748,0.227095,0.218115,0.224832,1169581249,Yahoo Finance
2021-09-24,0.224726,0.228267,0.197720,0.209451,1883155313,Yahoo Finance
2021-09-25,0.209348,0.212604,0.204875,0.208640,1067132277,Yahoo Finance
2021-09-26,0.208730,0.209068,0.194489,0.204962,1147321467,Yahoo Finance
2021-09-27,0.205241,0.209281,0.200078,0.200262,838297166,Yahoo Finance
2021-09-28,0.200001,0.202579,0.196352,0.196804,866301240,Yahoo Finance
2021-09-29,0.196980,0.204144,0.195042,0.198876,926737135,Yahoo Finance
2021-09-30,0.198869,0.205806,0.197855,0.204244,916819792,Yahoo Finance
2021-10-01,0.204427,0.224607,0.201994,0.223010,1435469263,Yahoo Finance
2021-10-02,0.222741,0.224955,0.215493,0.219133,1166058975,Yahoo Finance
2021-10-03,0.218811,0.226228,0.215872,0.221748,1070267896,Yahoo Finance
2021-10-04,0.221930,0.247924,0.213284,0.240852,3684051106,Yahoo Finance
2021-10-05,0.241240,0.267787,0.233588,0.252016,4628329381,Yahoo Finance
2021-10-06,0.252008,0.271509,0.243096,0.255134,4659725421,Yahoo Finance
2021-10-07,0.254340,0.256739,0.239127,0.242923,2936116763,Yahoo Finance
2021-10-08,0.243023,0.254764,0.241692,0.243851,1952117191,Yahoo Finance
2021-10-09,0.243495,0.251966,0.241757,0.246596,1484990033,Yahoo Finance
2021-10-10,0.246572,0.248663,0.227858,0.229805,1466060853,Yahoo Finance
2021-10-11,0.229450,0.239381,0.225521,0.231503,1463611233,Yahoo Finance
2021-10-12,0.231525,0.231718,0.216447,0.226242,1881102059,Yahoo Finance
2021-10-13,0.226175,0.233943,0.221061,0.232572,1457486924,Yahoo Finance
2021-10-14,0.232561,0.239880,0.231497,0.232273,1337117776,Yahoo Finance
2021-10-15,0.232644,0.243469,0.225750,0.233782,1837803539,Yahoo Finance
2021-10-16,0.233881,0.244447,0.233683,0.237292,1541850812,Yahoo Finance
2021-10-17,0.237193,0.241973,0.226380,0.237898,1397143121,Yahoo Finance
2021-10-18,0.237806,0.271394,0.237488,0.247281,5003365533,Yahoo Finance
2021-10-19,0.247378,0.254611,0.240651,0.245788,1675967829,Yahoo Finance
2021-10-20,0.245502,0.261555,0.242384,0.254093,1853058770,Yahoo Finance
2021-10-21,0.254793,0.258261,0.242273,0.242391,1742570934,Yahoo Finance
2021-10-22,0.242479,0.252772,0.236472,0.244221,1829875043,Yahoo Finance
2021-10-23,0.244514,0.253140,0.241589,0.251733,1502684867,Yahoo Finance
2021-10-24,0.251432,0.281935,0.246028,0.277048,5278760541,Yahoo Finance
2021-10-25,0.275745,0.279472,0.260220,0.264707,3364560707,Yahoo Finance
2021-10-26,0.264783,0.274317,0.253721,0.255732,2513384162,Yahoo Finance
2021-10-27,0.255836,0.263317,0.220328,0.237690,5022822846,Yahoo Finance
2021-10-28,0.237381,0.338843,0.233334,0.300447,20359592492,Yahoo Finance
2021-10-29,0.299964,0.306312,0.279771,0.287853,5866664030,Yahoo Finance
2021-10-30,0.287764,0.294647,0.259888,0.268345,3637334331,Yahoo Finance
2021-10-31,0.269239,0.284707,0.252614,0.280244,4224104205,Yahoo Finance
2021-11-01,0.280123,0.285551,0.264089,0.271728,2784956027,Yahoo Finance
2021-11-02,0.271892,0.280686,0.267597,0.273121,2336414476,Yahoo Finance
2021-11-03,0.273504,0.277104,0.263979,0.269407,2091380862,Yahoo Finance
2021-11-04,0.269112,0.270865,0.254711,0.263280,1902957818,Yahoo Finance
2021-11-05,0.263655,0.270789,0.257888,0.261465,1559898586,Yahoo Finance
2021-11-06,0.261264,0.267697,0.250521,0.261898,1353526462,Yahoo Finance
2021-11-07,0.261971,0.269849,0.258967,0.266315,1155873526,Yahoo Finance
2021-11-08,0.266728,0.296532,0.264918,0.282359,4093381450,Yahoo Finance
2021-11-09,0.282539,0.289668,0.271752,0.273526,2353452396,Yahoo Finance
2021-11-10,0.273597,0.276989,0.238030,0.255709,2820521435,Yahoo Finance
2021-11-11,0.255705,0.269965,0.253283,0.261167,1628781435,Yahoo Finance
2021-11-12,0.260937,0.268437,0.249457,0.259414,1563007446,Yahoo Finance
2021-11-13,0.259618,0.262251,0.254540,0.261706,923837904,Yahoo Finance
2021-11-14,0.261591,0.271257,0.260275,0.262912,1264556615,Yahoo Finance
2021-11-15,0.262870,0.265170,0.256367,0.256529,1028469310,Yahoo Finance
2021-11-16,0.257094,0.257094,0.226394,0.237249,2248804980,Yahoo Finance
2021-11-17,0.237010,0.240906,0.232859,0.237487,1543405154,Yahoo Finance
2021-11-18,0.237556,0.241091,0.216099,0.221383,1860661769,Yahoo Finance
2021-11-19,0.220995,0.236832,0.216518,0.233110,1296123511,Yahoo Finance
2021-11-20,0.233174,0.235953,0.225451,0.233024,805305660,Yahoo Finance
2021-11-21,0.233255,0.233350,0.225680,0.226328,751789838,Yahoo Finance
2021-11-22,0.226160,0.227531,0.216898,0.219676,921753721,Yahoo Finance
2021-11-23,0.219666,0.236201,0.214566,0.226512,1907278849,Yahoo Finance
2021-11-24,0.226680,0.230245,0.211836,0.221825,1957665360,Yahoo Finance
2021-11-25,0.217132,0.228810,0.214317,0.216326,1344826632,Yahoo Finance
2021-11-26,0.221047,0.221759,0.190344,0.200887,2231733479,Yahoo Finance
2021-11-27,0.201429,0.209613,0.200871,0.205347,917785649,Yahoo Finance
2021-11-28,0.205295,0.207472,0.193064,0.207472,1027555437,Yahoo Finance
2021-11-29,0.207444,0.223692,0.203252,0.215175,1869737827,Yahoo Finance
2021-11-30,0.215111,0.226890,0.213251,0.214715,1897635999,Yahoo Finance
2021-12-01,0.214487,0.218496,0.206298,0.209487,988030934,Yahoo Finance
2021-12-02,0.209476,0.223011,0.202169,0.209726,1879305770,Yahoo Finance
2021-12-03,0.209463,0.211991,0.193274,0.199993,1260948451,Yahoo Finance
2021-12-04,0.200356,0.200562,0.132826,0.178853,4388513696,Yahoo Finance
2021-12-05,0.178263,0.181133,0.162949,0.171255,1645331135,Yahoo Finance
2021-12-06,0.171383,0.180527,0.159558,0.178400,1896979202,Yahoo Finance
2021-12-07,0.178374,0.183539,0.175505,0.176805,1085087124,Yahoo Finance
2021-12-08,0.176609,0.182168,0.172630,0.179151,1014713070,Yahoo Finance
2021-12-09,0.178961,0.181890,0.169484,0.169484,1071039221,Yahoo Finance
2021-12-10,0.169466,0.174610,0.164065,0.164422,845450410,Yahoo Finance
2021-12-11,0.164499,0.170080,0.161817,0.169019,692929162,Yahoo Finance
2021-12-12,0.168904,0.172899,0.165899,0.169891,593132337,Yahoo Finance
2021-12-13,0.169880,0.170615,0.151996,0.157565,968464045,Yahoo Finance
2021-12-14,0.157465,0.219632,0.155447,0.180157,6411471551,Yahoo Finance
2021-12-15,0.191144,0.191144,0.171266,0.181082,2466135011,Yahoo Finance
2021-12-16,0.181171,0.184933,0.172655,0.173454,1057988990,Yahoo Finance
2021-12-17,0.173381,0.176559,0.162263,0.169010,1026719015,Yahoo Finance
2021-12-18,0.169100,0.174874,0.166244,0.172400,658993272,Yahoo Finance
2021-12-19,0.172533,0.174378,0.169382,0.169576,541018118,Yahoo Finance
2021-12-20,0.169523,0.170833,0.161497,0.167322,912233179,Yahoo Finance
2021-12-21,0.167098,0.172340,0.166108,0.171175,621397179,Yahoo Finance
2021-12-22,0.171129,0.179585,0.170055,0.173214,932537493,Yahoo Finance
2021-12-23,0.173209,0.184522,0.171740,0.184490,1184481683,Yahoo Finance
2021-12-24,0.184979,0.195290,0.179761,0.186622,1853415104,Yahoo Finance
2021-12-25,0.186712,0.194876,0.185571,0.190657,1010443046,Yahoo Finance
2021-12-26,0.190567,0.192546,0.185646,0.190020,650674078,Yahoo Finance
2021-12-27,0.189986,0.192923,0.187239,0.187705,666773423,Yahoo Finance
2021-12-28,0.187847,0.187885,0.172738,0.174117,954075337,Yahoo Finance
2021-12-29,0.174095,0.177339,0.166760,0.167765,823628336,Yahoo Finance
2021-12-30,0.168137,0.175771,0.165381,0.171313,599236772,Yahoo Finance
2021-12-31,0.171317,0.175294,0.167307,0.170496,644416694,Yahoo Finance
2022-01-01,0.170510,0.173423,0.170353,0.173035,371336089,Yahoo Finance
2022-01-02,0.173027,0.175989,0.171201,0.174403,391041933,Yahoo Finance
2022-01-03,0.174406,0.174406,0.168271,0.170088,505900382,Yahoo Finance
2022-01-04,0.170151,0.172339,0.168128,0.168803,541922892,Yahoo Finance
2022-01-05,0.168835,0.170747,0.151898,0.159420,994086848,Yahoo Finance
2022-01-06,0.159436,0.161706,0.155142,0.160213,715345645,Yahoo Finance
2022-01-07,0.160205,0.160295,0.151299,0.155023,969384523,Yahoo Finance
2022-01-08,0.155031,0.157725,0.147669,0.151954,584437036,Yahoo Finance
2022-01-09,0.151959,0.153742,0.149607,0.151065,408786249,Yahoo Finance
2022-01-10,0.151073,0.152135,0.139840,0.143359,763684873,Yahoo Finance
2022-01-11,0.143351,0.164621,0.142647,0.153399,1628447666,Yahoo Finance
2022-01-12,0.153458,0.161652,0.152095,0.161652,896008600,Yahoo Finance
2022-01-13,0.161562,0.174792,0.161562,0.172043,2301820074,Yahoo Finance
2022-01-14,0.172053,0.203232,0.171283,0.183549,5784004926,Yahoo Finance
2022-01-15,0.183644,0.193600,0.182676,0.185103,1878282290,Yahoo Finance
2022-01-16,0.185093,0.185093,0.175327,0.177176,1102750171,Yahoo Finance
2022-01-17,0.177187,0.177872,0.166891,0.171145,1094379303,Yahoo Finance
2022-01-18,0.171086,0.173790,0.162565,0.165485,979693368,Yahoo Finance
2022-01-19,0.165485,0.168647,0.160122,0.162356,935006164,Yahoo Finance
2022-01-20,0.162346,0.168846,0.155176,0.155204,469269658,Yahoo Finance
2022-01-21,0.155263,0.157156,0.141496,0.142640,1163061854,Yahoo Finance
2022-01-22,0.142651,0.145027,0.122816,0.132892,1693524581,Yahoo Finance
2022-01-23,0.132960,0.143072,0.132819,0.141863,1006234946,Yahoo Finance
2022-01-24,0.141881,0.141951,0.127220,0.137798,1446873574,Yahoo Finance
2022-01-25,0.137784,0.147236,0.133235,0.143049,1347567750,Yahoo Finance
2022-01-26,0.143014,0.152603,0.142152,0.143789,1253108115,Yahoo Finance
2022-01-27,0.143756,0.145010,0.136947,0.141247,608707586,Yahoo Finance
2022-01-28,0.141244,0.142413,0.138380,0.141656,506667466,Yahoo Finance
2022-01-29,0.141649,0.143984,0.141480,0.143056,397610776,Yahoo Finance
2022-01-30,0.143057,0.143515,0.138754,0.139471,363976741,Yahoo Finance
2022-01-31,0.139469,0.142264,0.136853,0.141805,412307174,Yahoo Finance
2022-02-01,0.141805,0.144129,0.141125,0.142631,409432267,Yahoo Finance
2022-02-02,0.142626,0.145253,0.136918,0.137235,483194691,Yahoo Finance
2022-02-03,0.137213,0.138747,0.135565,0.137541,383506507,Yahoo Finance
2022-02-04,0.137523,0.147592,0.137250,0.147503,580740990,Yahoo Finance
2022-02-05,0.147533,0.150140,0.145410,0.147141,587009429,Yahoo Finance
2022-02-06,0.147140,0.154775,0.145258,0.153770,757004142,Yahoo Finance
2022-02-07,0.153803,0.171586,0.151741,0.165578,1791358822,Yahoo Finance
2022-02-08,0.165606,0.169145,0.153709,0.158405,1190116000,Yahoo Finance
2022-02-09,0.158357,0.160704,0.155035,0.159123,778670798,Yahoo Finance
2022-02-10,0.159145,0.160437,0.151497,0.151889,1053630584,Yahoo Finance
2022-02-11,0.151895,0.154069,0.143349,0.144847,776730555,Yahoo Finance
2022-02-12,0.144856,0.147013,0.141678,0.144405,602699408,Yahoo Finance
2022-02-13,0.144379,0.157354,0.144031,0.148948,1581065491,Yahoo Finance
2022-02-14,0.148869,0.150132,0.143649,0.146003,898042727,Yahoo Finance
2022-02-15,0.145996,0.152199,0.145203,0.151761,674961496,Yahoo Finance
2022-02-16,0.151779,0.151824,0.146771,0.149095,505588732,Yahoo Finance
2022-02-17,0.149050,0.149889,0.138071,0.138552,721382126,Yahoo Finance
2022-02-18,0.138594,0.142097,0.136960,0.138768,563817289,Yahoo Finance
2022-02-19,0.138764,0.145906,0.138751,0.141206,655782652,Yahoo Finance
2022-02-20,0.141197,0.141197,0.135852,0.136868,490138547,Yahoo Finance
2022-02-21,0.136838,0.141345,0.128246,0.128490,913773124,Yahoo Finance
2022-02-22,0.128488,0.131696,0.125365,0.131553,711967119,Yahoo Finance
2022-02-23,0.131561,0.135337,0.127846,0.127846,587472906,Yahoo Finance
2022-02-24,0.127821,0.127851,0.109555,0.123813,2046477370,Yahoo Finance
2022-02-25,0.123843,0.128181,0.120983,0.127576,805161073,Yahoo Finance
2022-02-26,0.127568,0.130071,0.126199,0.127647,535575654,Yahoo Finance
2022-02-27,0.127639,0.128235,0.122053,0.123111,592809151,Yahoo Finance
2022-02-28,0.123118,0.134479,0.121954,0.133156,765755924,Yahoo Finance
2022-03-01,0.133174,0.137730,0.130462,0.133938,876604512,Yahoo Finance
2022-03-02,0.133964,0.136214,0.131232,0.132990,709536320,Yahoo Finance
2022-03-03,0.132998,0.133649,0.127810,0.129610,518193386,Yahoo Finance
2022-03-04,0.129631,0.129856,0.121544,0.122591,650665594,Yahoo Finance
2022-03-05,0.122614,0.125375,0.121572,0.124996,334091552,Yahoo Finance
2022-03-06,0.125025,0.125611,0.120384,0.120766,400458464,Yahoo Finance
2022-03-07,0.120769,0.122563,0.115015,0.117105,513014829,Yahoo Finance
2022-03-08,0.117106,0.119724,0.115838,0.117029,491414294,Yahoo Finance
2022-03-09,0.117047,0.123734,0.116766,0.121588,519157507,Yahoo Finance
2022-03-10,0.121572,0.121612,0.115532,0.116885,513641345,Yahoo Finance
2022-03-11,0.116893,0.118293,0.114570,0.115602,388727358,Yahoo Finance
2022-03-12,0.115608,0.117239,0.115132,0.115136,235277001,Yahoo Finance
2022-03-13,0.115080,0.116231,0.110686,0.111608,373430106,Yahoo Finance
2022-03-14,0.111607,0.118967,0.110817,0.114048,822092169,Yahoo Finance
2022-03-15,0.114043,0.114213,0.110937,0.112784,400614617,Yahoo Finance
2022-03-16,0.112779,0.116908,0.112364,0.116908,537170937,Yahoo Finance
2022-03-17,0.116907,0.118710,0.116281,0.116502,412838814,Yahoo Finance
2022-03-18,0.116490,0.119375,0.114568,0.119306,410862503,Yahoo Finance
2022-03-19,0.119278,0.124573,0.118530,0.123569,628081786,Yahoo Finance
2022-03-20,0.123579,0.123919,0.117991,0.119154,428111799,Yahoo Finance
2022-03-21,0.119146,0.121332,0.118306,0.119339,439486516,Yahoo Finance
2022-03-22,0.119333,0.125350,0.119014,0.122481,610507111,Yahoo Finance
2022-03-23,0.122487,0.130713,0.121361,0.129727,998922753,Yahoo Finance
2022-03-24,0.129722,0.140605,0.128455,0.136550,2017926806,Yahoo Finance
2022-03-25,0.136603,0.137275,0.128782,0.131013,882486375,Yahoo Finance
2022-03-26,0.131010,0.136495,0.129878,0.135868,610401998,Yahoo Finance
2022-03-27,0.135900,0.144858,0.135703,0.144732,1445019558,Yahoo Finance
2022-03-28,0.144725,0.152737,0.142457,0.142657,1476875507,Yahoo Finance
2022-03-29,0.142557,0.148559,0.141290,0.144470,961074557,Yahoo Finance
2022-03-30,0.144456,0.144997,0.139880,0.143210,884305263,Yahoo Finance
2022-03-31,0.143184,0.147220,0.137172,0.137826,1055136949,Yahoo Finance
2022-04-01,0.137922,0.142394,0.133209,0.141315,877530017,Yahoo Finance
2022-04-02,0.141310,0.144069,0.138882,0.138913,682408266,Yahoo Finance
2022-04-03,0.138903,0.148558,0.137088,0.146453,1047399132,Yahoo Finance
2022-04-04,0.146413,0.155312,0.142008,0.148591,2253509569,Yahoo Finance
2022-04-05,0.148614,0.178045,0.147727,0.172907,5230288678,Yahoo Finance
2022-04-06,0.172485,0.173497,0.143291,0.143417,3729047979,Yahoo Finance
2022-04-07,0.143432,0.148028,0.141312,0.146102,1420790611,Yahoo Finance
2022-04-08,0.146106,0.152716,0.141608,0.142549,1683800631,Yahoo Finance
2022-04-09,0.142544,0.144462,0.141416,0.144303,523997409,Yahoo Finance
2022-04-10,0.144304,0.156972,0.143863,0.149535,1931829669,Yahoo Finance
2022-04-11,0.149374,0.151292,0.133818,0.134654,1515679359,Yahoo Finance
2022-04-12,0.134652,0.144122,0.134243,0.138076,1214105682,Yahoo Finance
2022-04-13,0.138070,0.142608,0.137067,0.140080,890728707,Yahoo Finance
2022-04-14,0.140053,0.146633,0.138101,0.143920,1759067761,Yahoo Finance
2022-04-15,0.143917,0.149287,0.142767,0.146026,1140382087,Yahoo Finance
2022-04-16,0.146017,0.147811,0.142093,0.143712,584019179,Yahoo Finance
2022-04-17,0.143693,0.144709,0.138995,0.139459,636442285,Yahoo Finance
2022-04-18,0.139471,0.140461,0.134384,0.140286,909718484,Yahoo Finance
2022-04-19,0.140297,0.144141,0.139500,0.142665,679511647,Yahoo Finance
2022-04-20,0.142677,0.146241,0.139595,0.140878,1068542289,Yahoo Finance
2022-04-21,0.140868,0.142448,0.135255,0.136365,740549793,Yahoo Finance
2022-04-22,0.136357,0.137908,0.134985,0.136395,505251263,Yahoo Finance
2022-04-23,0.136387,0.136495,0.133810,0.134241,349740069,Yahoo Finance
2022-04-24,0.134202,0.134690,0.131502,0.131947,436620221,Yahoo Finance
2022-04-25,0.131936,0.167735,0.123869,0.157959,5177823685,Yahoo Finance
2022-04-26,0.157777,0.165278,0.137424,0.137767,4529010503,Yahoo Finance
2022-04-27,0.137847,0.145405,0.136272,0.139700,1765370972,Yahoo Finance
2022-04-28,0.139691,0.142618,0.136058,0.137363,1105137506,Yahoo Finance
2022-04-29,0.137376,0.144643,0.134099,0.135027,1555397213,Yahoo Finance
2022-04-30,0.135033,0.136528,0.126239,0.127557,916612071,Yahoo Finance
2022-05-01,0.127589,0.134821,0.127533,0.132773,991710768,Yahoo Finance
2022-05-02,0.132794,0.133783,0.128300,0.130938,769062732,Yahoo Finance
2022-05-03,0.130935,0.131833,0.127399,0.129520,555706527,Yahoo Finance
2022-05-04,0.129514,0.135809,0.129313,0.135809,838050627,Yahoo Finance
2022-05-05,0.135813,0.137313,0.126697,0.128430,1258066467,Yahoo Finance
2022-05-06,0.128403,0.129305,0.124566,0.127901,839005988,Yahoo Finance
2022-05-07,0.127890,0.131920,0.125365,0.127532,746383231,Yahoo Finance
2022-05-08,0.127527,0.128017,0.123974,0.124207,728953161,Yahoo Finance
2022-05-09,0.124200,0.125136,0.104824,0.104824,1353326367,Yahoo Finance
2022-05-10,0.104708,0.117775,0.100881,0.108477,1723066438,Yahoo Finance
2022-05-11,0.108449,0.110565,0.080036,0.084581,2556008051,Yahoo Finance
2022-05-12,0.084636,0.089028,0.070037,0.082671,2631064083,Yahoo Finance
2022-05-13,0.082639,0.094254,0.082371,0.088331,1444350618,Yahoo Finance
2022-05-14,0.088341,0.091598,0.084483,0.089796,902479951,Yahoo Finance
2022-05-15,0.089785,0.092843,0.086876,0.092843,651900826,Yahoo Finance
2022-05-16,0.092867,0.093061,0.086428,0.087841,606521740,Yahoo Finance
2022-05-17,0.087836,0.091112,0.087484,0.090213,560800173,Yahoo Finance
2022-05-18,0.090221,0.090797,0.083649,0.083649,558257804,Yahoo Finance
2022-05-19,0.083635,0.087124,0.082087,0.086723,613801947,Yahoo Finance
2022-05-20,0.086719,0.087750,0.082859,0.083977,518556378,Yahoo Finance
2022-05-21,0.083972,0.085110,0.082932,0.084463,335246011,Yahoo Finance
2022-05-22,0.084448,0.086480,0.084058,0.086105,375026021,Yahoo Finance
2022-05-23,0.086084,0.088110,0.082858,0.083253,507385171,Yahoo Finance
2022-05-24,0.083267,0.084317,0.080811,0.083637,462415724,Yahoo Finance
2022-05-25,0.083628,0.084338,0.082319,0.082985,419834752,Yahoo Finance
2022-05-26,0.082994,0.083600,0.076065,0.078252,711890873,Yahoo Finance
2022-05-27,0.078211,0.085384,0.076582,0.081335,1310057650,Yahoo Finance
2022-05-28,0.082248,0.083048,0.081151,0.081839,535539620,Yahoo Finance
2022-05-29,0.081838,0.083034,0.080299,0.082686,394962471,Yahoo Finance
2022-05-30,0.082684,0.088275,0.082269,0.087871,690696756,Yahoo Finance
2022-05-31,0.087865,0.088230,0.083612,0.085865,672444588,Yahoo Finance
2022-06-01,0.085855,0.088647,0.079807,0.081056,830748610,Yahoo Finance
2022-06-02,0.081052,0.083007,0.080417,0.082772,434510607,Yahoo Finance
2022-06-03,0.082777,0.082857,0.079756,0.080442,403339248,Yahoo Finance
2022-06-04,0.080454,0.082337,0.079727,0.081777,350329772,Yahoo Finance
2022-06-05,0.081776,0.082138,0.080836,0.081229,282624184,Yahoo Finance
2022-06-06,0.081225,0.084559,0.081126,0.082530,503707292,Yahoo Finance
2022-06-07,0.082530,0.082530,0.078332,0.080513,509642725,Yahoo Finance
2022-06-08,0.080492,0.081420,0.079156,0.079439,328046389,Yahoo Finance
2022-06-09,0.079436,0.080898,0.079082,0.079336,274673852,Yahoo Finance
2022-06-10,0.079335,0.079521,0.074804,0.075454,431520761,Yahoo Finance
2022-06-11,0.075472,0.076399,0.068596,0.069895,497184012,Yahoo Finance
2022-06-12,0.069919,0.070345,0.063861,0.064336,708156957,Yahoo Finance
2022-06-13,0.064275,0.065702,0.053002,0.053921,1465281537,Yahoo Finance
2022-06-14,0.053941,0.058154,0.050267,0.055592,908921329,Yahoo Finance
2022-06-15,0.055577,0.063472,0.050670,0.063000,1122284662,Yahoo Finance
2022-06-16,0.062977,0.062977,0.054508,0.055029,724479688,Yahoo Finance
2022-06-17,0.055047,0.057911,0.054898,0.056995,383830484,Yahoo Finance
2022-06-18,0.056979,0.057755,0.049720,0.053012,652345943,Yahoo Finance
2022-06-19,0.053007,0.062472,0.051308,0.060396,1166163984,Yahoo Finance
2022-06-20,0.060399,0.061157,0.057707,0.060177,499018791,Yahoo Finance
2022-06-21,0.060175,0.069324,0.059315,0.065571,1051899538,Yahoo Finance
2022-06-22,0.065606,0.065751,0.061389,0.061711,633619298,Yahoo Finance
2022-06-23,0.061703,0.064615,0.061703,0.064032,434169751,Yahoo Finance
2022-06-24,0.064019,0.068162,0.064004,0.067124,514729444,Yahoo Finance
2022-06-25,0.067110,0.069112,0.065384,0.068503,432671864,Yahoo Finance
2022-06-26,0.068488,0.076966,0.067504,0.073177,883689355,Yahoo Finance
2022-06-27,0.073154,0.078389,0.071018,0.072239,962250061,Yahoo Finance
2022-06-28,0.072221,0.072951,0.065723,0.065957,534793983,Yahoo Finance
2022-06-29,0.065996,0.071335,0.064635,0.069468,592828738,Yahoo Finance
2022-06-30,0.069481,0.069513,0.062746,0.066086,566648029,Yahoo Finance
2022-07-01,0.066208,0.067862,0.064224,0.066175,472441458,Yahoo Finance
2022-07-02,0.066205,0.067692,0.065933,0.066698,352589827,Yahoo Finance
2022-07-03,0.066698,0.067356,0.065111,0.067179,280878240,Yahoo Finance
2022-07-04,0.067174,0.069605,0.065927,0.069472,379581122,Yahoo Finance
2022-07-05,0.069431,0.069841,0.065697,0.067155,403220687,Yahoo Finance
2022-07-06,0.067172,0.069058,0.066448,0.068583,398926503,Yahoo Finance
2022-07-07,0.068579,0.071124,0.068053,0.070621,402591742,Yahoo Finance
2022-07-08,0.070618,0.073009,0.068541,0.069257,444369733,Yahoo Finance
2022-07-09,0.069224,0.070009,0.068995,0.069512,254272147,Yahoo Finance
2022-07-10,0.069509,0.069509,0.066533,0.067263,299810124,Yahoo Finance
2022-07-11,0.067268,0.067268,0.061535,0.061847,326125900,Yahoo Finance
2022-07-12,0.061851,0.062861,0.060087,0.060087,298462083,Yahoo Finance
2022-07-13,0.060085,0.062011,0.058398,0.061953,446505400,Yahoo Finance
2022-07-14,0.061933,0.062632,0.059741,0.062394,348090510,Yahoo Finance
2022-07-15,0.062400,0.064259,0.061747,0.063042,374357844,Yahoo Finance
2022-07-16,0.063037,0.064725,0.061870,0.064280,279644299,Yahoo Finance
2022-07-17,0.064288,0.065394,0.063101,0.063107,249697026,Yahoo Finance
2022-07-18,0.063114,0.068674,0.063114,0.067715,564795959,Yahoo Finance
2022-07-19,0.067690,0.069900,0.065752,0.069013,552211168,Yahoo Finance
2022-07-20,0.069015,0.076574,0.067928,0.070120,1019375521,Yahoo Finance
2022-07-21,0.070124,0.070732,0.067237,0.069960,492434239,Yahoo Finance
2022-07-22,0.069970,0.071270,0.067003,0.067563,479456105,Yahoo Finance
2022-07-23,0.067531,0.069332,0.066277,0.068124,427922351,Yahoo Finance
2022-07-24,0.068116,0.068854,0.067589,0.067724,369141492,Yahoo Finance
2022-07-25,0.067716,0.067880,0.062306,0.062306,448572441,Yahoo Finance
2022-07-26,0.062319,0.062512,0.060425,0.062512,416488015,Yahoo Finance
2022-07-27,0.062514,0.067021,0.061886,0.067021,499204589,Yahoo Finance
2022-07-28,0.067031,0.070577,0.065591,0.069108,650983024,Yahoo Finance
2022-07-29,0.069104,0.072004,0.067549,0.068909,696887711,Yahoo Finance
2022-07-30,0.068905,0.073910,0.068186,0.069644,760571682,Yahoo Finance
2022-07-31,0.069642,0.072028,0.068054,0.068272,521194035,Yahoo Finance
2022-08-01,0.068266,0.070721,0.067187,0.068725,444088167,Yahoo Finance
2022-08-02,0.068708,0.068896,0.065809,0.066694,336642237,Yahoo Finance
2022-08-03,0.066692,0.068320,0.065516,0.066195,286819387,Yahoo Finance
2022-08-04,0.066197,0.067502,0.066007,0.067357,256457805,Yahoo Finance
2022-08-05,0.067333,0.070117,0.067256,0.069765,336216727,Yahoo Finance
2022-08-06,0.069766,0.070999,0.068586,0.068674,277979112,Yahoo Finance
2022-08-07,0.068669,0.069899,0.067747,0.068940,204862521,Yahoo Finance
2022-08-08,0.068946,0.072058,0.068923,0.070055,399183407,Yahoo Finance
2022-08-09,0.070061,0.073886,0.068462,0.069125,611327142,Yahoo Finance
2022-08-10,0.069119,0.071309,0.067389,0.071195,431172729,Yahoo Finance
2022-08-11,0.071205,0.074646,0.070727,0.070930,563908591,Yahoo Finance
2022-08-12,0.070931,0.072480,0.070027,0.072345,320410367,Yahoo Finance
2022-08-13,0.072344,0.074860,0.071951,0.072840,446287445,Yahoo Finance
2022-08-14,0.072856,0.084013,0.072754,0.081687,1530403447,Yahoo Finance
2022-08-15,0.081698,0.081820,0.075151,0.076720,855017472,Yahoo Finance
2022-08-16,0.076695,0.088639,0.076394,0.086964,1947377918,Yahoo Finance
2022-08-17,0.086933,0.088113,0.079927,0.080154,996272861,Yahoo Finance
2022-08-18,0.080174,0.082087,0.074989,0.075079,621394159,Yahoo Finance
2022-08-19,0.075045,0.075183,0.067536,0.067939,965543533,Yahoo Finance
2022-08-20,0.067897,0.070961,0.067897,0.069540,537299425,Yahoo Finance
2022-08-21,0.069529,0.070646,0.067847,0.069448,421455865,Yahoo Finance
2022-08-22,0.069441,0.069489,0.065606,0.068391,453413439,Yahoo Finance
2022-08-23,0.068395,0.069169,0.067213,0.068770,335476543,Yahoo Finance
2022-08-24,0.068771,0.069415,0.067298,0.067990,345474347,Yahoo Finance
2022-08-25,0.067991,0.071579,0.067957,0.069094,469798193,Yahoo Finance
2022-08-26,0.069082,0.069296,0.063254,0.063572,620512451,Yahoo Finance
2022-08-27,0.063571,0.064065,0.062607,0.063587,380887727,Yahoo Finance
2022-08-28,0.063558,0.064268,0.061786,0.061786,295086067,Yahoo Finance
2022-08-29,0.061753,0.063982,0.061246,0.063887,315005254,Yahoo Finance
2022-08-30,0.063899,0.064408,0.060550,0.061525,328934727,Yahoo Finance
2022-08-31,0.061534,0.063333,0.061058,0.061330,309748693,Yahoo Finance
2022-09-01,0.061336,0.062479,0.060194,0.062372,328765413,Yahoo Finance
2022-09-02,0.062372,0.062712,0.060947,0.061635,273453013,Yahoo Finance
2022-09-03,0.061629,0.063601,0.061344,0.062694,297123402,Yahoo Finance
2022-09-04,0.062697,0.063714,0.062066,0.063226,250044436,Yahoo Finance
2022-09-05,0.063230,0.063640,0.061297,0.062738,231918999,Yahoo Finance
2022-09-06,0.062750,0.064642,0.058652,0.058983,471485708,Yahoo Finance
2022-09-07,0.058964,0.061450,0.057944,0.061104,324781387,Yahoo Finance
2022-09-08,0.061089,0.061293,0.059923,0.060977,268099702,Yahoo Finance
2022-09-09,0.060974,0.064622,0.060934,0.064018,487988732,Yahoo Finance
2022-09-10,0.064009,0.065241,0.063404,0.064776,413101249,Yahoo Finance
2022-09-11,0.064771,0.065187,0.063010,0.063714,327741964,Yahoo Finance
2022-09-12,0.063715,0.065194,0.062878,0.063905,383630739,Yahoo Finance
2022-09-13,0.063903,0.063981,0.059524,0.060129,461644993,Yahoo Finance
2022-09-14,0.059717,0.061425,0.059542,0.061173,369554274,Yahoo Finance
2022-09-15,0.061168,0.061211,0.058785,0.058791,327176374,Yahoo Finance
2022-09-16,0.058792,0.060423,0.058453,0.060423,247011315,Yahoo Finance
2022-09-17,0.060430,0.062315,0.060330,0.062210,209604119,Yahoo Finance
2022-09-18,0.062210,0.062210,0.057238,0.057520,265405124,Yahoo Finance
2022-09-19,0.057519,0.058744,0.056180,0.058612,301268389,Yahoo Finance
2022-09-20,0.058612,0.060262,0.057738,0.058417,294929293,Yahoo Finance
2022-09-21,0.058423,0.060478,0.056378,0.057404,406017754,Yahoo Finance
2022-09-22,0.057386,0.059838,0.056945,0.059599,241738855,Yahoo Finance
2022-09-23,0.059593,0.064032,0.059565,0.063336,704823247,Yahoo Finance
2022-09-24,0.063333,0.067973,0.063029,0.063234,969527521,Yahoo Finance
2022-09-25,0.063223,0.063679,0.060457,0.061152,367453955,Yahoo Finance
2022-09-26,0.061167,0.061797,0.060051,0.061089,323710024,Yahoo Finance
2022-09-27,0.061084,0.062931,0.059927,0.060609,337427597,Yahoo Finance
2022-09-28,0.060597,0.061039,0.058754,0.060623,277399298,Yahoo Finance
2022-09-29,0.060624,0.061036,0.059423,0.060728,229157795,Yahoo Finance
2022-09-30,0.060738,0.062040,0.059958,0.061653,369084722,Yahoo Finance
2022-10-01,0.061650,0.062806,0.060400,0.060627,347895211,Yahoo Finance
2022-10-02,0.060628,0.060908,0.059128,0.059288,198168354,Yahoo Finance
2022-10-03,0.059287,0.060467,0.059078,0.060384,195766522,Yahoo Finance
2022-10-04,0.060381,0.066252,0.060041,0.065962,826424315,Yahoo Finance
2022-10-05,0.065938,0.066465,0.062997,0.064735,606625264,Yahoo Finance
2022-10-06,0.064740,0.066618,0.063223,0.063444,387962671,Yahoo Finance
2022-10-07,0.063449,0.063717,0.061570,0.062409,299717356,Yahoo Finance
2022-10-08,0.062414,0.062576,0.061381,0.061678,169254316,Yahoo Finance
2022-10-09,0.061672,0.062342,0.061292,0.062156,158280272,Yahoo Finance
2022-10-10,0.062151,0.062469,0.059513,0.059513,254559947,Yahoo Finance
2022-10-11,0.059508,0.060653,0.057887,0.060258,295967661,Yahoo Finance
2022-10-12,0.060259,0.060866,0.059540,0.059881,199133108,Yahoo Finance
2022-10-13,0.059871,0.060159,0.055741,0.059674,466439562,Yahoo Finance
2022-10-14,0.059666,0.060943,0.058315,0.058643,242691429,Yahoo Finance
2022-10-15,0.058638,0.059567,0.058146,0.058580,182208164,Yahoo Finance
2022-10-16,0.058583,0.059415,0.058583,0.058914,162246280,Yahoo Finance
2022-10-17,0.058913,0.060057,0.058625,0.059935,174261450,Yahoo Finance
2022-10-18,0.059935,0.060773,0.058752,0.059776,239236218,Yahoo Finance
2022-10-19,0.059779,0.060680,0.058628,0.058713,287297160,Yahoo Finance
2022-10-20,0.058711,0.060237,0.058449,0.059536,241388629,Yahoo Finance
2022-10-21,0.059526,0.059526,0.057418,0.059334,224787600,Yahoo Finance
2022-10-22,0.059337,0.059846,0.059184,0.059694,159431212,Yahoo Finance
2022-10-23,0.059683,0.060379,0.058927,0.060347,182523575,Yahoo Finance
2022-10-24,0.060341,0.060814,0.058858,0.059506,226574582,Yahoo Finance
2022-10-25,0.059502,0.064049,0.059227,0.062882,475512798,Yahoo Finance
2022-10-26,0.062856,0.073274,0.062760,0.072800,1357027720,Yahoo Finance
2022-10-27,0.072799,0.084825,0.072033,0.077018,2652784687,Yahoo Finance
2022-10-28,0.077028,0.087901,0.072930,0.083897,3172500998,Yahoo Finance
2022-10-29,0.083933,0.149392,0.083387,0.121603,12157642295,Yahoo Finance
2022-10-30,0.121644,0.141657,0.112892,0.117802,7908593943,Yahoo Finance
2022-10-31,0.117752,0.130245,0.115076,0.127026,5814247122,Yahoo Finance
2022-11-01,0.126985,0.157203,0.125177,0.142575,7877293443,Yahoo Finance
2022-11-02,0.142524,0.147391,0.124067,0.127830,4675647398,Yahoo Finance
2022-11-03,0.127801,0.135990,0.121411,0.122592,2570574344,Yahoo Finance
2022-11-04,0.122555,0.128599,0.116445,0.126280,2957002544,Yahoo Finance
2022-11-05,0.126279,0.135145,0.123392,0.124388,1907421740,Yahoo Finance
2022-11-06,0.124382,0.126702,0.113634,0.114606,1316810628,Yahoo Finance
2022-11-07,0.114626,0.118577,0.108814,0.111299,1337977256,Yahoo Finance
2022-11-08,0.111278,0.112296,0.080654,0.088410,3545838435,Yahoo Finance
2022-11-09,0.088405,0.091096,0.072109,0.074288,2807794508,Yahoo Finance
2022-11-10,0.074296,0.093256,0.073735,0.089789,2421832556,Yahoo Finance
2022-11-11,0.089779,0.091865,0.081397,0.084885,1305192050,Yahoo Finance
2022-11-12,0.084909,0.093994,0.079300,0.088039,1842469589,Yahoo Finance
2022-11-13,0.088053,0.091137,0.083810,0.084893,949584216,Yahoo Finance
2022-11-14,0.084926,0.090774,0.080101,0.085879,1212678659,Yahoo Finance
2022-11-15,0.085879,0.088920,0.085360,0.086971,640084422,Yahoo Finance
2022-11-16,0.086964,0.090659,0.083986,0.085583,712826081,Yahoo Finance
2022-11-17,0.085594,0.086954,0.083178,0.084765,461654197,Yahoo Finance
2022-11-18,0.084764,0.086504,0.083805,0.084672,337485766,Yahoo Finance
2022-11-19,0.084672,0.084905,0.083387,0.084581,246661551,Yahoo Finance
2022-11-20,0.084582,0.085682,0.077043,0.077174,499031478,Yahoo Finance
2022-11-21,0.077175,0.077188,0.072404,0.074711,660061266,Yahoo Finance
2022-11-22,0.074708,0.078963,0.073407,0.078488,556392479,Yahoo Finance
2022-11-23,0.078500,0.083128,0.077966,0.081786,529744394,Yahoo Finance
2022-11-24,0.081792,0.083666,0.080759,0.081481,360326829,Yahoo Finance
2022-11-25,0.081469,0.090990,0.080937,0.089475,1022484210,Yahoo Finance
2022-11-26,0.089465,0.094740,0.088391,0.088988,902063657,Yahoo Finance
2022-11-27,0.088979,0.106433,0.088979,0.098712,1965264746,Yahoo Finance
2022-11-28,0.098676,0.099327,0.091449,0.095122,1375600313,Yahoo Finance
2022-11-29,0.095131,0.104712,0.094019,0.101853,1352427444,Yahoo Finance
2022-11-30,0.101827,0.108942,0.100304,0.106860,1388624554,Yahoo Finance
2022-12-01,0.106857,0.107381,0.101071,0.101584,891639200,Yahoo Finance
2022-12-02,0.101594,0.103260,0.097639,0.102148,776013992,Yahoo Finance
2022-12-03,0.102150,0.102823,0.098651,0.099824,632114946,Yahoo Finance
2022-12-04,0.099811,0.105264,0.099806,0.104286,759219556,Yahoo Finance
2022-12-05,0.104252,0.111012,0.100063,0.101474,1051327257,Yahoo Finance
2022-12-06,0.101480,0.102627,0.098508,0.100278,534648134,Yahoo Finance
2022-12-07,0.100281,0.100950,0.095017,0.095783,622336382,Yahoo Finance
2022-12-08,0.095785,0.098874,0.095367,0.098540,492909327,Yahoo Finance
2022-12-09,0.098538,0.099086,0.096001,0.096662,423432535,Yahoo Finance
2022-12-10,0.096663,0.097356,0.096258,0.096457,242190274,Yahoo Finance
2022-12-11,0.096464,0.097093,0.092668,0.092875,300470314,Yahoo Finance
2022-12-12,0.092872,0.093005,0.087288,0.090258,749817261,Yahoo Finance
2022-12-13,0.090255,0.094380,0.087718,0.090940,766352149,Yahoo Finance
2022-12-14,0.090958,0.092240,0.088244,0.088514,549320298,Yahoo Finance
2022-12-15,0.088508,0.088762,0.084419,0.084722,412364377,Yahoo Finance
2022-12-16,0.084722,0.086731,0.075388,0.075942,699338853,Yahoo Finance
2022-12-17,0.075944,0.079375,0.075893,0.079267,495547979,Yahoo Finance
2022-12-18,0.079262,0.079865,0.077920,0.078641,256971055,Yahoo Finance
2022-12-19,0.078648,0.079342,0.070913,0.071429,581773249,Yahoo Finance
2022-12-20,0.071442,0.075247,0.071422,0.074935,438099132,Yahoo Finance
2022-12-21,0.074932,0.074964,0.072010,0.073679,349830700,Yahoo Finance
2022-12-22,0.073678,0.077362,0.073391,0.076967,593083646,Yahoo Finance
2022-12-23,0.076961,0.078638,0.076742,0.077129,398842519,Yahoo Finance
2022-12-24,0.077128,0.077976,0.076818,0.077648,165055617,Yahoo Finance
2022-12-25,0.077632,0.077644,0.074229,0.075952,423876257,Yahoo Finance
2022-12-26,0.075965,0.076361,0.074772,0.075783,248935710,Yahoo Finance
2022-12-27,0.075763,0.076022,0.073131,0.073724,290428818,Yahoo Finance
2022-12-28,0.073727,0.073821,0.070052,0.070381,496350491,Yahoo Finance
2022-12-29,0.070380,0.071302,0.069771,0.071042,285144119,Yahoo Finance
2022-12-30,0.071032,0.071308,0.066953,0.068404,419889739,Yahoo Finance
2022-12-31,0.068394,0.071109,0.068162,0.070294,289371049,Yahoo Finance
2023-01-01,0.070287,0.070685,0.069289,0.070225,185279750,Yahoo Finance
2023-01-02,0.070225,0.072479,0.069358,0.071454,405800240,Yahoo Finance
2023-01-03,0.071456,0.072197,0.069774,0.070468,283398864,Yahoo Finance
2023-01-04,0.070468,0.073250,0.070310,0.073237,343264145,Yahoo Finance
2023-01-05,0.073233,0.075027,0.071400,0.071550,424927580,Yahoo Finance
2023-01-06,0.071555,0.072570,0.070344,0.072470,306914647,Yahoo Finance
2023-01-07,0.072469,0.072844,0.071876,0.072222,173703551,Yahoo Finance
2023-01-08,0.072210,0.073612,0.071546,0.073601,246133445,Yahoo Finance
2023-01-09,0.073592,0.079211,0.073258,0.075784,853703837,Yahoo Finance
2023-01-10,0.075769,0.077731,0.074690,0.077729,492952309,Yahoo Finance
2023-01-11,0.077734,0.078181,0.075178,0.078153,394318759,Yahoo Finance
2023-01-12,0.079214,0.080717,0.076988,0.080286,706796194,Yahoo Finance
2023-01-13,0.080284,0.084916,0.079184,0.084438,575039277,Yahoo Finance
2023-01-14,0.084439,0.091870,0.084362,0.087323,1101070507,Yahoo Finance
2023-01-15,0.087334,0.087686,0.083130,0.086131,501123418,Yahoo Finance
2023-01-16,0.086127,0.087904,0.082308,0.083636,537067710,Yahoo Finance
2023-01-17,0.083652,0.084720,0.082756,0.082982,366437449,Yahoo Finance
2023-01-18,0.082978,0.089458,0.080174,0.080191,1094371447,Yahoo Finance
2023-01-19,0.080171,0.082052,0.080132,0.081660,337970684,Yahoo Finance
2023-01-20,0.081649,0.086760,0.080767,0.086403,444441989,Yahoo Finance
2023-01-21,0.086408,0.088706,0.084761,0.084765,716057148,Yahoo Finance
2023-01-22,0.084771,0.092892,0.084771,0.088304,794717541,Yahoo Finance
2023-01-23,0.088310,0.091150,0.087327,0.088605,661273714,Yahoo Finance
2023-01-24,0.088577,0.090592,0.083660,0.083950,559881331,Yahoo Finance
2023-01-25,0.083966,0.087880,0.082446,0.086594,542521010,Yahoo Finance
2023-01-26,0.086569,0.087358,0.085549,0.086373,424196515,Yahoo Finance
2023-01-27,0.086365,0.087746,0.084525,0.087123,400056534,Yahoo Finance
2023-01-28,0.087124,0.092969,0.087124,0.087788,642333816,Yahoo Finance
2023-01-29,0.087783,0.090859,0.087544,0.090233,458157342,Yahoo Finance
2023-01-30,0.090221,0.091837,0.085399,0.088337,787132771,Yahoo Finance
2023-01-31,0.088329,0.097335,0.088329,0.096167,1542889216,Yahoo Finance
2023-02-01,0.096157,0.096599,0.088752,0.094171,1110308356,Yahoo Finance
2023-02-02,0.094145,0.095753,0.090957,0.090979,776556390,Yahoo Finance
2023-02-03,0.090984,0.093209,0.090667,0.092987,548668917,Yahoo Finance
2023-02-04,0.092975,0.099530,0.092663,0.095782,1071858301,Yahoo Finance
2023-02-05,0.095747,0.096726,0.090966,0.092095,753364305,Yahoo Finance
2023-02-06,0.092104,0.093097,0.089062,0.089549,488311044,Yahoo Finance
2023-02-07,0.089537,0.092634,0.089518,0.092576,512569389,Yahoo Finance
2023-02-08,0.092564,0.093138,0.089169,0.090156,462925887,Yahoo Finance
2023-02-09,0.090163,0.090758,0.080172,0.081480,819008026,Yahoo Finance
2023-02-10,0.081479,0.082880,0.080415,0.081090,516764147,Yahoo Finance
2023-02-11,0.081066,0.082514,0.080788,0.082372,244141279,Yahoo Finance
2023-02-12,0.082355,0.085419,0.081742,0.082144,448723137,Yahoo Finance
2023-02-13,0.082144,0.086205,0.079978,0.082156,752090969,Yahoo Finance
2023-02-14,0.082143,0.083648,0.081273,0.083534,427664094,Yahoo Finance
2023-02-15,0.083535,0.089355,0.082832,0.089291,846713153,Yahoo Finance
2023-02-16,0.089281,0.091262,0.084966,0.085044,849757697,Yahoo Finance
2023-02-17,0.085055,0.088411,0.084707,0.087766,447263733,Yahoo Finance
2023-02-18,0.087759,0.089822,0.086974,0.088927,397918582,Yahoo Finance
2023-02-19,0.088926,0.089738,0.086286,0.086966,505191212,Yahoo Finance
2023-02-20,0.086994,0.088627,0.085853,0.088208,449906814,Yahoo Finance
2023-02-21,0.088223,0.088707,0.084845,0.085413,483249308,Yahoo Finance
2023-02-22,0.085418,0.087464,0.083253,0.085534,765182582,Yahoo Finance
2023-02-23,0.085535,0.086369,0.083932,0.084292,351385340,Yahoo Finance
2023-02-24,0.084288,0.084900,0.079889,0.080900,449138535,Yahoo Finance
2023-02-25,0.080915,0.081779,0.079058,0.080786,316321963,Yahoo Finance
2023-02-26,0.080776,0.082473,0.080577,0.082202,218231642,Yahoo Finance
2023-02-27,0.082202,0.082202,0.080204,0.081354,267030813,Yahoo Finance
2023-02-28,0.081359,0.082735,0.080200,0.080749,370709700,Yahoo Finance
2023-03-01,0.080762,0.082564,0.080545,0.081964,260501052,Yahoo Finance
2023-03-02,0.081968,0.082167,0.079859,0.080520,225493749,Yahoo Finance
2023-03-03,0.080525,0.080572,0.074235,0.076777,564252293,Yahoo Finance
2023-03-04,0.076778,0.077155,0.073100,0.074556,267382234,Yahoo Finance
2023-03-05,0.074565,0.075917,0.074415,0.074795,215772335,Yahoo Finance
2023-03-06,0.074790,0.075061,0.073552,0.074805,274994083,Yahoo Finance
2023-03-07,0.074805,0.075830,0.073030,0.074048,309277502,Yahoo Finance
2023-03-08,0.074048,0.074235,0.070767,0.071130,321627782,Yahoo Finance
2023-03-09,0.071132,0.072203,0.064628,0.065987,523758954,Yahoo Finance
2023-03-10,0.065996,0.066071,0.063023,0.065833,475760293,Yahoo Finance
2023-03-11,0.065833,0.068196,0.064447,0.066594,449044632,Yahoo Finance
2023-03-12,0.066582,0.071250,0.066069,0.071001,375272678,Yahoo Finance
2023-03-13,0.071000,0.073726,0.068514,0.073041,537268873,Yahoo Finance
2023-03-14,0.073036,0.077640,0.071777,0.074787,652033915,Yahoo Finance
2023-03-15,0.074805,0.076058,0.068141,0.069866,528466415,Yahoo Finance
2023-03-16,0.069878,0.073477,0.069254,0.072718,326147102,Yahoo Finance
2023-03-17,0.072731,0.077297,0.071814,0.076509,485591017,Yahoo Finance
2023-03-18,0.076510,0.078764,0.072946,0.073050,517840653,Yahoo Finance
2023-03-19,0.073041,0.076602,0.073041,0.074813,338882489,Yahoo Finance
2023-03-20,0.074807,0.075608,0.071022,0.071487,409238948,Yahoo Finance
2023-03-21,0.071491,0.077477,0.070862,0.076894,631254174,Yahoo Finance
2023-03-22,0.076870,0.077643,0.072134,0.073999,693511781,Yahoo Finance
2023-03-23,0.073996,0.078934,0.073295,0.077412,637122733,Yahoo Finance
2023-03-24,0.077404,0.077490,0.073388,0.074680,396748009,Yahoo Finance
2023-03-25,0.074682,0.075914,0.072964,0.074044,286831067,Yahoo Finance
2023-03-26,0.074055,0.075376,0.073721,0.074417,228916506,Yahoo Finance
2023-03-27,0.074426,0.075831,0.071756,0.072895,435284210,Yahoo Finance
2023-03-28,0.072899,0.073925,0.071937,0.073823,276514415,Yahoo Finance
2023-03-29,0.073824,0.076733,0.073642,0.075627,423884022,Yahoo Finance
2023-03-30,0.075642,0.076641,0.073684,0.074245,372289117,Yahoo Finance
2023-03-31,0.074259,0.077722,0.073808,0.077035,378314248,Yahoo Finance
2023-04-01,0.077025,0.085279,0.076144,0.084051,933070185,Yahoo Finance
2023-04-02,0.081859,0.085279,0.077848,0.079089,929778146,Yahoo Finance
2023-04-03,0.079087,0.102640,0.076632,0.096079,3497240136,Yahoo Finance
2023-04-04,0.096083,0.102538,0.092871,0.095159,3096545498,Yahoo Finance
2023-04-05,0.095168,0.098939,0.092084,0.092817,1529520651,Yahoo Finance
2023-04-06,0.092822,0.092847,0.085412,0.085412,1410995902,Yahoo Finance
2023-04-07,0.085438,0.086098,0.081891,0.082456,858234171,Yahoo Finance
2023-04-08,0.082443,0.083826,0.081035,0.081405,507929909,Yahoo Finance
2023-04-09,0.081401,0.083825,0.081354,0.083290,454428407,Yahoo Finance
2023-04-10,0.083297,0.085272,0.082470,0.084852,473882914,Yahoo Finance
2023-04-11,0.084851,0.085710,0.083899,0.084237,472611203,Yahoo Finance
2023-04-12,0.084237,0.084429,0.081319,0.083433,540510658,Yahoo Finance
2023-04-13,0.083428,0.088381,0.083020,0.087484,810485328,Yahoo Finance
2023-04-14,0.087485,0.091116,0.085879,0.088785,1007326042,Yahoo Finance
2023-04-15,0.088785,0.090447,0.087653,0.088974,463978095,Yahoo Finance
2023-04-16,0.088968,0.091515,0.088231,0.090472,594760862,Yahoo Finance
2023-04-17,0.090482,0.094595,0.088577,0.091449,1360494890,Yahoo Finance
2023-04-18,0.091458,0.094495,0.090086,0.093989,839983343,Yahoo Finance
2023-04-19,0.093988,0.094021,0.086849,0.087868,1277738666,Yahoo Finance
2023-04-20,0.087857,0.092972,0.082998,0.083937,1950918834,Yahoo Finance
2023-04-21,0.083934,0.084629,0.077517,0.078479,853137910,Yahoo Finance
2023-04-22,0.078482,0.080919,0.078313,0.080375,396888464,Yahoo Finance
2023-04-23,0.080380,0.080628,0.077437,0.078820,365182428,Yahoo Finance
2023-04-24,0.078819,0.079973,0.077569,0.078784,392854009,Yahoo Finance
2023-04-25,0.078783,0.079926,0.077756,0.079847,343833135,Yahoo Finance
2023-04-26,0.079848,0.083372,0.076151,0.078623,722718207,Yahoo Finance
2023-04-27,0.078638,0.080950,0.078527,0.080190,435944109,Yahoo Finance
2023-04-28,0.080193,0.080576,0.079423,0.080364,258987983,Yahoo Finance
2023-04-29,0.080366,0.081846,0.080303,0.081630,268639541,Yahoo Finance
2023-04-30,0.081627,0.081701,0.079628,0.079769,264245527,Yahoo Finance
2023-05-01,0.079760,0.079996,0.077628,0.078820,325694977,Yahoo Finance
2023-05-02,0.078822,0.079045,0.077832,0.078806,234651604,Yahoo Finance
2023-05-03,0.078806,0.080527,0.077328,0.079713,306950726,Yahoo Finance
2023-05-04,0.079703,0.079736,0.078156,0.078449,255462655,Yahoo Finance
2023-05-05,0.078452,0.081292,0.077910,0.080390,335482524,Yahoo Finance
2023-05-06,0.080385,0.080385,0.076439,0.076998,341154511,Yahoo Finance
2023-05-07,0.076987,0.077496,0.076693,0.076710,205466114,Yahoo Finance
2023-05-08,0.076697,0.077107,0.070946,0.072473,459549555,Yahoo Finance
2023-05-09,0.072473,0.073304,0.072288,0.073139,249148363,Yahoo Finance
2023-05-10,0.073143,0.074608,0.071320,0.073226,344464160,Yahoo Finance
2023-05-11,0.073233,0.073233,0.069567,0.072085,325440313,Yahoo Finance
2023-05-12,0.072076,0.072567,0.069724,0.072459,365130285,Yahoo Finance
2023-05-13,0.072461,0.072461,0.071473,0.071777,150685494,Yahoo Finance
2023-05-14,0.071778,0.072582,0.071422,0.071986,136339325,Yahoo Finance
2023-05-15,0.071981,0.073441,0.071198,0.072046,225262487,Yahoo Finance
2023-05-16,0.072049,0.073138,0.071182,0.072729,191614182,Yahoo Finance
2023-05-17,0.072730,0.075308,0.072466,0.074911,327166551,Yahoo Finance
2023-05-18,0.074902,0.074902,0.071909,0.073546,308943184,Yahoo Finance
2023-05-19,0.073535,0.073956,0.073162,0.073527,168839396,Yahoo Finance
2023-05-20,0.073540,0.073844,0.073225,0.073670,115557983,Yahoo Finance
2023-05-21,0.073666,0.073979,0.072082,0.072142,142232849,Yahoo Finance
2023-05-22,0.072144,0.073868,0.071133,0.072998,210015266,Yahoo Finance
2023-05-23,0.073000,0.073882,0.072572,0.072864,160114643,Yahoo Finance
2023-05-24,0.072867,0.072876,0.070062,0.070735,240278483,Yahoo Finance
2023-05-25,0.070734,0.070965,0.069224,0.070875,195452304,Yahoo Finance
2023-05-26,0.070877,0.071350,0.070443,0.070984,162190615,Yahoo Finance
2023-05-27,0.070982,0.073287,0.070915,0.072683,152865632,Yahoo Finance
2023-05-28,0.072681,0.073917,0.072199,0.073613,190660985,Yahoo Finance
2023-05-29,0.073616,0.073919,0.072831,0.073185,157791026,Yahoo Finance
2023-05-30,0.073183,0.073383,0.072275,0.072361,248138018,Yahoo Finance
2023-05-31,0.072362,0.072633,0.070842,0.071660,189603858,Yahoo Finance
2023-06-01,0.071662,0.072119,0.070882,0.071492,163467169,Yahoo Finance
2023-06-02,0.071490,0.073198,0.071168,0.072612,172034498,Yahoo Finance
2023-06-03,0.072610,0.072947,0.072334,0.072671,112049190,Yahoo Finance
2023-06-04,0.072672,0.073250,0.072466,0.072471,135558595,Yahoo Finance
2023-06-05,0.072475,0.072632,0.064828,0.066573,506101788,Yahoo Finance
2023-06-06,0.066568,0.071784,0.066112,0.070373,428926152,Yahoo Finance
2023-06-07,0.070371,0.070371,0.066878,0.067300,278793457,Yahoo Finance
2023-06-08,0.067302,0.068426,0.067154,0.067966,167825308,Yahoo Finance
2023-06-09,0.067963,0.070920,0.067626,0.069489,274101529,Yahoo Finance
2023-06-10,0.069489,0.070591,0.058536,0.061860,975736541,Yahoo Finance
2023-06-11,0.061861,0.062515,0.061303,0.061587,235910036,Yahoo Finance
2023-06-12,0.061579,0.061635,0.060404,0.061459,210832319,Yahoo Finance
2023-06-13,0.061459,0.062453,0.060764,0.061723,204620564,Yahoo Finance
2023-06-14,0.061723,0.062109,0.058949,0.060387,248200812,Yahoo Finance
2023-06-15,0.060389,0.061825,0.059796,0.061503,218623835,Yahoo Finance
2023-06-16,0.061503,0.062630,0.060952,0.062102,198520116,Yahoo Finance
2023-06-17,0.062106,0.062823,0.061835,0.062217,153965122,Yahoo Finance
2023-06-18,0.062214,0.063749,0.061605,0.062167,243548821,Yahoo Finance
2023-06-19,0.062167,0.062698,0.061696,0.062341,149792820,Yahoo Finance
2023-06-20,0.062343,0.063057,0.060911,0.063045,190107977,Yahoo Finance
2023-06-21,0.063045,0.066470,0.062965,0.065704,370299722,Yahoo Finance
2023-06-22,0.065696,0.069006,0.065550,0.065643,406178282,Yahoo Finance
2023-06-23,0.065640,0.069663,0.065534,0.068174,319058221,Yahoo Finance
2023-06-24,0.068181,0.068309,0.065700,0.066742,276939973,Yahoo Finance
2023-06-25,0.066739,0.067963,0.066545,0.066764,191028870,Yahoo Finance
2023-06-26,0.066754,0.066785,0.063879,0.064749,266917426,Yahoo Finance
2023-06-27,0.064747,0.065743,0.064553,0.065545,212409649,Yahoo Finance
2023-06-28,0.065550,0.065565,0.061584,0.062602,274764095,Yahoo Finance
2023-06-29,0.062594,0.064028,0.062551,0.063407,192396033,Yahoo Finance
2023-06-30,0.063402,0.066712,0.062643,0.066479,489091093,Yahoo Finance
2023-07-01,0.066481,0.070789,0.066468,0.068478,635045706,Yahoo Finance
2023-07-02,0.068479,0.068908,0.066720,0.068038,374040291,Yahoo Finance
2023-07-03,0.068042,0.068695,0.067459,0.068353,265466622,Yahoo Finance
2023-07-04,0.068347,0.071424,0.067920,0.068941,493149432,Yahoo Finance
2023-07-05,0.068947,0.069132,0.065940,0.067033,313972996,Yahoo Finance
2023-07-06,0.067025,0.068476,0.065005,0.065026,281014235,Yahoo Finance
2023-07-07,0.065030,0.065797,0.064553,0.065425,202607383,Yahoo Finance
2023-07-08,0.065421,0.065957,0.064971,0.065761,148945060,Yahoo Finance
2023-07-09,0.065762,0.066294,0.065332,0.065435,146485995,Yahoo Finance
2023-07-10,0.065437,0.066032,0.064009,0.065243,258321415,Yahoo Finance
2023-07-11,0.065247,0.065455,0.064519,0.065287,151465120,Yahoo Finance
2023-07-12,0.065288,0.065570,0.064000,0.065071,164499091,Yahoo Finance
2023-07-13,0.065073,0.071267,0.064675,0.070507,625261655,Yahoo Finance
2023-07-14,0.070499,0.072731,0.067198,0.068529,632033705,Yahoo Finance
2023-07-15,0.068524,0.074708,0.067975,0.071927,883881437,Yahoo Finance
2023-07-16,0.071929,0.072135,0.069399,0.069554,389882289,Yahoo Finance
2023-07-17,0.069558,0.072752,0.068255,0.069905,464403123,Yahoo Finance
2023-07-18,0.069901,0.070257,0.067743,0.068583,284882933,Yahoo Finance
2023-07-19,0.068589,0.071212,0.068487,0.070159,418313611,Yahoo Finance
2023-07-20,0.070148,0.071022,0.068487,0.070516,574227832,Yahoo Finance
2023-07-21,0.070526,0.076391,0.070407,0.073295,762216251,Yahoo Finance
2023-07-22,0.073295,0.073295,0.070081,0.070433,353000261,Yahoo Finance
2023-07-23,0.070435,0.072804,0.070220,0.071819,287153173,Yahoo Finance
2023-07-24,0.071812,0.077222,0.070556,0.074268,1446707666,Yahoo Finance
2023-07-25,0.074266,0.083341,0.073890,0.081845,1525713202,Yahoo Finance
2023-07-26,0.081851,0.082080,0.077259,0.077958,846709085,Yahoo Finance
2023-07-27,0.077964,0.079733,0.076916,0.077562,515430911,Yahoo Finance
2023-07-28,0.077562,0.077782,0.076201,0.077321,370256171,Yahoo Finance
2023-07-29,0.077315,0.081316,0.077077,0.080188,466582431,Yahoo Finance
2023-07-30,0.080190,0.080439,0.077039,0.078061,436209339,Yahoo Finance
2023-07-31,0.078063,0.079656,0.077100,0.077818,346973531,Yahoo Finance
2023-08-01,0.077824,0.078168,0.076043,0.078042,369078156,Yahoo Finance
2023-08-02,0.078038,0.078195,0.074100,0.074213,364508311,Yahoo Finance
2023-08-03,0.074212,0.074893,0.073053,0.073615,374949368,Yahoo Finance
2023-08-04,0.073608,0.074785,0.072795,0.073416,307538917,Yahoo Finance
2023-08-05,0.073417,0.076803,0.072998,0.075686,443213361,Yahoo Finance
2023-08-06,0.075682,0.076292,0.074200,0.074266,311182997,Yahoo Finance
2023-08-07,0.074262,0.075466,0.072370,0.073422,346276669,Yahoo Finance
2023-08-08,0.073425,0.075384,0.073210,0.074986,305594303,Yahoo Finance
2023-08-09,0.074984,0.076054,0.074463,0.075314,347481441,Yahoo Finance
2023-08-10,0.075319,0.076706,0.075158,0.075803,341419517,Yahoo Finance
2023-08-11,0.075805,0.075983,0.075167,0.075666,222363416,Yahoo Finance
2023-08-12,0.075671,0.077150,0.075602,0.076742,301476614,Yahoo Finance
2023-08-13,0.076733,0.076789,0.074473,0.074783,271947904,Yahoo Finance
2023-08-14,0.074781,0.076414,0.073952,0.074731,347333620,Yahoo Finance
2023-08-15,0.074724,0.074809,0.070512,0.070863,400240141,Yahoo Finance
2023-08-16,0.070864,0.071116,0.066807,0.067183,409310897,Yahoo Finance
2023-08-17,0.067185,0.068251,0.058340,0.061185,684430325,Yahoo Finance
2023-08-18,0.061184,0.063653,0.060196,0.063234,488755203,Yahoo Finance
2023-08-19,0.063237,0.064384,0.063209,0.063758,246572116,Yahoo Finance
2023-08-20,0.063761,0.064587,0.063623,0.063830,208195392,Yahoo Finance
2023-08-21,0.063830,0.063991,0.061365,0.062529,277361290,Yahoo Finance
2023-08-22,0.062529,0.063189,0.061075,0.062599,271392247,Yahoo Finance
2023-08-23,0.062593,0.064505,0.062514,0.063778,293273521,Yahoo Finance
2023-08-24,0.063780,0.064005,0.062226,0.063036,210634657,Yahoo Finance
2023-08-25,0.063039,0.063094,0.061898,0.063084,202977283,Yahoo Finance
2023-08-26,0.063084,0.063286,0.062723,0.062868,127881732,Yahoo Finance
2023-08-27,0.062867,0.063532,0.062757,0.063171,141407750,Yahoo Finance
2023-08-28,0.063174,0.063547,0.062211,0.063438,169636026,Yahoo Finance
2023-08-29,0.063434,0.068065,0.062542,0.066390,445903123,Yahoo Finance
2023-08-30,0.066394,0.066438,0.064675,0.065838,260654192,Yahoo Finance
2023-08-31,0.065841,0.066920,0.063085,0.063785,336593454,Yahoo Finance
2023-09-01,0.063787,0.064130,0.062595,0.063849,238777563,Yahoo Finance
2023-09-02,0.063855,0.064658,0.062961,0.063494,208019339,Yahoo Finance
2023-09-03,0.063499,0.063731,0.062928,0.063173,163140788,Yahoo Finance
2023-09-04,0.063173,0.063722,0.062457,0.063185,181249918,Yahoo Finance
2023-09-05,0.063186,0.064217,0.062908,0.063992,209934446,Yahoo Finance
2023-09-06,0.063997,0.064491,0.062825,0.063613,208287267,Yahoo Finance
2023-09-07,0.063612,0.063763,0.062857,0.063579,164667102,Yahoo Finance
2023-09-08,0.063586,0.063922,0.062680,0.063649,162864062,Yahoo Finance
2023-09-09,0.063647,0.063817,0.063328,0.063405,108500870,Yahoo Finance
2023-09-10,0.063405,0.063405,0.060845,0.061327,240746565,Yahoo Finance
2023-09-11,0.061324,0.061869,0.059486,0.060462,259096660,Yahoo Finance
2023-09-12,0.060464,0.062086,0.060448,0.060951,231017444,Yahoo Finance
2023-09-13,0.060950,0.061583,0.060641,0.061280,191695350,Yahoo Finance
2023-09-14,0.061280,0.062386,0.061156,0.062072,189093769,Yahoo Finance
2023-09-15,0.062074,0.062874,0.061515,0.062553,155088363,Yahoo Finance
2023-09-16,0.062551,0.062884,0.061930,0.062148,144247521,Yahoo Finance
2023-09-17,0.062152,0.062498,0.061286,0.061517,156292597,Yahoo Finance
2023-09-18,0.061517,0.062808,0.061144,0.062016,207651893,Yahoo Finance
2023-09-19,0.062016,0.063215,0.061974,0.062709,198507548,Yahoo Finance
2023-09-20,0.062709,0.063009,0.061965,0.062630,187443142,Yahoo Finance
2023-09-21,0.062629,0.063307,0.061282,0.061346,518556615,Yahoo Finance
2023-09-22,0.061345,0.061829,0.061054,0.061531,144488200,Yahoo Finance
2023-09-23,0.061528,0.061846,0.061378,0.061507,117222607,Yahoo Finance
2023-09-24,0.061507,0.061743,0.060702,0.060743,115250326,Yahoo Finance
2023-09-25,0.060742,0.061200,0.060545,0.060959,117409471,Yahoo Finance
2023-09-26,0.060956,0.061116,0.059907,0.060599,141794234,Yahoo Finance
2023-09-27,0.060593,0.061332,0.060275,0.060504,153818653,Yahoo Finance
2023-09-28,0.060497,0.061661,0.060406,0.061484,137019315,Yahoo Finance
2023-09-29,0.061486,0.062310,0.061385,0.062178,141947701,Yahoo Finance
2023-09-30,0.062180,0.062506,0.061799,0.062141,124411353,Yahoo Finance
2023-10-01,0.062140,0.063519,0.061896,0.063193,162108911,Yahoo Finance
2023-10-02,0.063190,0.063961,0.061626,0.062060,275648168,Yahoo Finance
2023-10-03,0.062054,0.062269,0.061228,0.061386,156615776,Yahoo Finance
2023-10-04,0.061389,0.061561,0.060458,0.061488,141610437,Yahoo Finance
2023-10-05,0.061486,0.061607,0.060839,0.060923,114148166,Yahoo Finance
2023-10-06,0.060920,0.061555,0.060821,0.061426,109783884,Yahoo Finance
2023-10-07,0.061425,0.061669,0.061129,0.061455,97620505,Yahoo Finance
2023-10-08,0.061456,0.061611,0.060876,0.061008,92483679,Yahoo Finance
2023-10-09,0.061010,0.061030,0.058260,0.058779,241183528,Yahoo Finance
2023-10-10,0.058779,0.059204,0.058608,0.059025,123311323,Yahoo Finance
2023-10-11,0.059041,0.059454,0.057813,0.058470,146066511,Yahoo Finance
2023-10-12,0.058470,0.058495,0.057466,0.057897,116644185,Yahoo Finance
2023-10-13,0.057897,0.058756,0.057824,0.058398,139290300,Yahoo Finance
2023-10-14,0.058400,0.059930,0.058400,0.059859,112567930,Yahoo Finance
2023-10-15,0.059860,0.059860,0.059125,0.059350,105304368,Yahoo Finance
2023-10-16,0.059357,0.061226,0.059351,0.060114,255254744,Yahoo Finance
2023-10-17,0.060110,0.060156,0.058801,0.059120,154163593,Yahoo Finance
2023-10-18,0.059116,0.059274,0.058362,0.058673,113718362,Yahoo Finance
2023-10-19,0.058668,0.058883,0.058013,0.058883,119806282,Yahoo Finance
2023-10-20,0.058878,0.060337,0.058700,0.059965,154146216,Yahoo Finance
2023-10-21,0.059965,0.061363,0.059571,0.061188,149488431,Yahoo Finance
2023-10-22,0.061189,0.061667,0.060563,0.061596,152154020,Yahoo Finance
2023-10-23,0.061828,0.067238,0.061769,0.067085,618990461,Yahoo Finance
2023-10-24,0.067111,0.069767,0.065124,0.066556,676497484,Yahoo Finance
2023-10-25,0.066564,0.069454,0.065049,0.068361,536305756,Yahoo Finance
2023-10-26,0.068364,0.074888,0.068132,0.071867,1010931815,Yahoo Finance
2023-10-27,0.071872,0.072179,0.067624,0.067881,468362462,Yahoo Finance
2023-10-28,0.067882,0.069691,0.067710,0.069001,246982558,Yahoo Finance
2023-10-29,0.069002,0.070084,0.067910,0.069359,203013207,Yahoo Finance
2023-10-30,0.069359,0.070200,0.068274,0.069650,292736698,Yahoo Finance
2023-10-31,0.069648,0.070722,0.066970,0.068277,474946795,Yahoo Finance
2023-11-01,0.068279,0.069554,0.066129,0.068841,461539028,Yahoo Finance
2023-11-02,0.068859,0.070704,0.067186,0.067934,501730943,Yahoo Finance
2023-11-03,0.067931,0.068208,0.066640,0.068144,282752934,Yahoo Finance
2023-11-04,0.068147,0.069257,0.068059,0.069079,203958701,Yahoo Finance
2023-11-05,0.069079,0.071599,0.068981,0.071224,447538899,Yahoo Finance
2023-11-06,0.071224,0.076386,0.070621,0.076381,707371164,Yahoo Finance
2023-11-07,0.076389,0.076389,0.071898,0.073518,789220960,Yahoo Finance
2023-11-08,0.073517,0.076681,0.073027,0.075481,531673694,Yahoo Finance
2023-11-09,0.075474,0.077736,0.070557,0.073461,964429145,Yahoo Finance
2023-11-10,0.073465,0.075454,0.073155,0.075444,649733691,Yahoo Finance
2023-11-11,0.075445,0.081698,0.074922,0.078406,1345253621,Yahoo Finance
2023-11-12,0.078420,0.079981,0.076144,0.077981,727221576,Yahoo Finance
2023-11-13,0.077980,0.079398,0.074176,0.074782,829471613,Yahoo Finance
2023-11-14,0.074778,0.075427,0.070281,0.072457,708265059,Yahoo Finance
2023-11-15,0.072456,0.076408,0.072419,0.076356,503454120,Yahoo Finance
2023-11-16,0.076353,0.082837,0.076047,0.079277,1563730284,Yahoo Finance
2023-11-17,0.079326,0.087061,0.079323,0.086304,2031597493,Yahoo Finance
2023-11-18,0.086327,0.086394,0.079829,0.080383,1340580447,Yahoo Finance
2023-11-19,0.080395,0.080598,0.077984,0.080576,620299419,Yahoo Finance
2023-11-20,0.080575,0.082040,0.077816,0.077879,668234221,Yahoo Finance
2023-11-21,0.077879,0.078698,0.071492,0.072119,860811107,Yahoo Finance
2023-11-22,0.072114,0.076561,0.071884,0.075784,440962821,Yahoo Finance
2023-11-23,0.075770,0.076348,0.075162,0.076200,279606815,Yahoo Finance
2023-11-24,0.076199,0.078429,0.076149,0.078217,401116993,Yahoo Finance
2023-11-25,0.078216,0.079105,0.077763,0.078955,291859035,Yahoo Finance
2023-11-26,0.078952,0.078980,0.076346,0.078704,343339848,Yahoo Finance
2023-11-27,0.078690,0.081320,0.077089,0.078788,743996999,Yahoo Finance
2023-11-28,0.078792,0.081031,0.077037,0.081009,618900678,Yahoo Finance
2023-11-29,0.081004,0.082842,0.079786,0.080593,596560786,Yahoo Finance
2023-11-30,0.080599,0.084217,0.080537,0.083417,645565938,Yahoo Finance
2023-12-01,0.083414,0.084908,0.082504,0.083857,519429439,Yahoo Finance
2023-12-02,0.083856,0.086481,0.083548,0.086279,462433973,Yahoo Finance
2023-12-03,0.086283,0.087147,0.083890,0.085615,550096321,Yahoo Finance
2023-12-04,0.085617,0.091954,0.085431,0.091940,1364950607,Yahoo Finance
2023-12-05,0.091921,0.095057,0.087720,0.094247,1094480332,Yahoo Finance
2023-12-06,0.094248,0.105432,0.093774,0.094864,2606846041,Yahoo Finance
2023-12-07,0.094891,0.097939,0.093308,0.095920,1229053762,Yahoo Finance
2023-12-08,0.095914,0.103406,0.095825,0.101470,1017561991,Yahoo Finance
2023-12-09,0.101496,0.104615,0.098041,0.098542,1122491938,Yahoo Finance
2023-12-10,0.098543,0.102636,0.097152,0.101801,687190079,Yahoo Finance
2023-12-11,0.101812,0.105837,0.091815,0.094384,1973481451,Yahoo Finance
2023-12-12,0.094382,0.097453,0.091542,0.093835,948285886,Yahoo Finance
2023-12-13,0.093820,0.097382,0.090605,0.096428,812811810,Yahoo Finance
2023-12-14,0.096427,0.098679,0.094975,0.098255,742258598,Yahoo Finance
2023-12-15,0.098269,0.098611,0.092973,0.093004,614056351,Yahoo Finance
2023-12-16,0.093004,0.097076,0.092285,0.097056,498585277,Yahoo Finance
2023-12-17,0.097062,0.097585,0.092775,0.093097,482463968,Yahoo Finance
2023-12-18,0.093084,0.093651,0.087187,0.092036,685264950,Yahoo Finance
2023-12-19,0.092038,0.093355,0.089607,0.090297,482452805,Yahoo Finance
2023-12-20,0.090290,0.093265,0.089744,0.091417,596172199,Yahoo Finance
2023-12-21,0.091424,0.097211,0.090832,0.095004,808685569,Yahoo Finance
2023-12-22,0.095007,0.095494,0.092331,0.095198,622353150,Yahoo Finance
2023-12-23,0.095200,0.095200,0.092427,0.093562,357245326,Yahoo Finance
2023-12-24,0.093579,0.094802,0.091348,0.091895,566323407,Yahoo Finance
2023-12-25,0.091903,0.095167,0.091540,0.094449,435910884,Yahoo Finance
2023-12-26,0.094447,0.094447,0.089122,0.091356,567640365,Yahoo Finance
2023-12-27,0.091354,0.093864,0.089921,0.093579,423259088,Yahoo Finance
2023-12-28,0.093595,0.094901,0.091377,0.091884,464569016,Yahoo Finance
2023-12-29,0.091883,0.093014,0.089667,0.091038,407349878,Yahoo Finance
2023-12-30,0.091031,0.091401,0.089593,0.090148,252403426,Yahoo Finance
2023-12-31,0.090146,0.090816,0.088971,0.089472,259196255,Yahoo Finance
2024-01-01,0.089473,0.092046,0.088838,0.092024,298687049,Yahoo Finance
2024-01-02,0.092037,0.094330,0.090804,0.091204,496309010,Yahoo Finance
2024-01-03,0.091205,0.092093,0.081018,0.082042,1026941029,Yahoo Finance
2024-01-04,0.082049,0.084655,0.081551,0.084131,514230239,Yahoo Finance
2024-01-05,0.084121,0.084755,0.081235,0.082773,547983037,Yahoo Finance
2024-01-06,0.082773,0.082773,0.078854,0.080664,414677901,Yahoo Finance
2024-01-07,0.080668,0.081474,0.077635,0.078225,399266341,Yahoo Finance
2024-01-08,0.078228,0.081717,0.074972,0.081370,603250657,Yahoo Finance
2024-01-09,0.081378,0.082182,0.077233,0.079263,957047300,Yahoo Finance
2024-01-10,0.079263,0.084450,0.076683,0.082942,703451086,Yahoo Finance
2024-01-11,0.082969,0.087635,0.082383,0.084625,778110109,Yahoo Finance
2024-01-12,0.084615,0.085378,0.078247,0.080046,607108203,Yahoo Finance
2024-01-13,0.080036,0.081260,0.078906,0.080923,297741301,Yahoo Finance
2024-01-14,0.080921,0.083824,0.079851,0.079978,461353847,Yahoo Finance
2024-01-15,0.079969,0.081637,0.079969,0.081125,272657967,Yahoo Finance
2024-01-16,0.081106,0.082267,0.079990,0.081310,328206882,Yahoo Finance
2024-01-17,0.081312,0.081539,0.079556,0.080505,261149597,Yahoo Finance
2024-01-18,0.080509,0.080693,0.077399,0.077987,314880990,Yahoo Finance
2024-01-19,0.077988,0.078705,0.075152,0.078536,351038255,Yahoo Finance
2024-01-20,0.078534,0.089998,0.078236,0.087888,684267184,Yahoo Finance
2024-01-21,0.087868,0.089992,0.084843,0.085273,948730356,Yahoo Finance
2024-01-22,0.085292,0.085416,0.080195,0.080341,673330908,Yahoo Finance
2024-01-23,0.080346,0.081677,0.076091,0.078154,555482191,Yahoo Finance
2024-01-24,0.078157,0.080518,0.077750,0.079016,372585722,Yahoo Finance
2024-01-25,0.079016,0.079137,0.077193,0.077933,292888748,Yahoo Finance
2024-01-26,0.077929,0.080279,0.077595,0.079901,283895680,Yahoo Finance
2024-01-27,0.079883,0.080678,0.079071,0.080142,212327663,Yahoo Finance
2024-01-28,0.080140,0.081370,0.078292,0.078813,257196385,Yahoo Finance
2024-01-29,0.078813,0.082872,0.078223,0.081289,540569157,Yahoo Finance
2024-01-30,0.081300,0.082129,0.079593,0.079723,333456483,Yahoo Finance
2024-01-31,0.079729,0.080222,0.078214,0.078764,307301569,Yahoo Finance
2024-02-01,0.078763,0.079779,0.077684,0.079327,257042563,Yahoo Finance
2024-02-02,0.079327,0.079901,0.078622,0.079233,220161256,Yahoo Finance
2024-02-03,0.079234,0.079455,0.078616,0.078651,152907809,Yahoo Finance
2024-02-04,0.078658,0.079857,0.078084,0.078238,183715849,Yahoo Finance
2024-02-05,0.078248,0.080027,0.077504,0.078220,257544919,Yahoo Finance
2024-02-06,0.078226,0.079181,0.077763,0.078466,192061699,Yahoo Finance
2024-02-07,0.078470,0.080255,0.078211,0.080104,213373948,Yahoo Finance
2024-02-08,0.080101,0.080755,0.079626,0.079871,248828595,Yahoo Finance
2024-02-09,0.079870,0.082088,0.079870,0.081579,333635097,Yahoo Finance
2024-02-10,0.081582,0.082083,0.080462,0.081448,212946391,Yahoo Finance
2024-02-11,0.081447,0.083279,0.080992,0.081193,304303558,Yahoo Finance
2024-02-12,0.081203,0.082797,0.079568,0.082345,360525326,Yahoo Finance
2024-02-13,0.082333,0.082954,0.080062,0.081089,419683385,Yahoo Finance
2024-02-14,0.081086,0.087003,0.080569,0.085543,627015518,Yahoo Finance
2024-02-15,0.085546,0.088048,0.084166,0.085356,636946996,Yahoo Finance
2024-02-16,0.085355,0.087880,0.084393,0.086013,441121282,Yahoo Finance
2024-02-17,0.086016,0.086059,0.082205,0.083593,347758664,Yahoo Finance
2024-02-18,0.083592,0.085700,0.083017,0.085166,300251530,Yahoo Finance
2024-02-19,0.085169,0.090536,0.085121,0.089477,663450017,Yahoo Finance
2024-02-20,0.089474,0.091208,0.083568,0.086143,801458657,Yahoo Finance
2024-02-21,0.086148,0.086222,0.082173,0.084615,435393890,Yahoo Finance
2024-02-22,0.084605,0.085407,0.083165,0.084089,362895383,Yahoo Finance
2024-02-23,0.084083,0.085483,0.083036,0.084434,400189069,Yahoo Finance
2024-02-24,0.084448,0.086320,0.083955,0.086156,326082311,Yahoo Finance
2024-02-25,0.086157,0.086759,0.085461,0.086099,290853292,Yahoo Finance
2024-02-26,0.086098,0.090024,0.084292,0.089389,523738048,Yahoo Finance
2024-02-27,0.089388,0.099957,0.088637,0.097671,1806722811,Yahoo Finance
2024-02-28,0.097673,0.121116,0.094607,0.116582,3843947641,Yahoo Finance
2024-02-29,0.116447,0.134409,0.111816,0.117185,4799960277,Yahoo Finance
2024-03-01,0.117167,0.145261,0.117167,0.139557,3758449851,Yahoo Finance
2024-03-02,0.139614,0.150064,0.136927,0.142121,3588994520,Yahoo Finance
2024-03-03,0.142131,0.155759,0.129840,0.153836,4012808483,Yahoo Finance
2024-03-04,0.153941,0.184307,0.148781,0.182910,6348241494,Yahoo Finance
2024-03-05,0.182804,0.205439,0.130103,0.153937,9368269377,Yahoo Finance
2024-03-06,0.153925,0.177433,0.146967,0.157791,4497901224,Yahoo Finance
2024-03-07,0.157791,0.162041,0.147082,0.158121,3006036407,Yahoo Finance
2024-03-08,0.158120,0.175495,0.155494,0.165347,3976624455,Yahoo Finance
2024-03-09,0.165347,0.184543,0.164319,0.179083,3451219764,Yahoo Finance
2024-03-10,0.179083,0.179588,0.165952,0.169920,2274489696,Yahoo Finance
2024-03-11,0.169907,0.182509,0.162567,0.181965,2905703482,Yahoo Finance
2024-03-12,0.181973,0.183108,0.160104,0.168144,2524942571,Yahoo Finance
2024-03-13,0.168152,0.173851,0.165792,0.169158,1930415342,Yahoo Finance
2024-03-14,0.169158,0.191512,0.165624,0.177330,6047716785,Yahoo Finance
2024-03-15,0.177329,0.181057,0.154082,0.163231,3584306802,Yahoo Finance
2024-03-16,0.163231,0.164936,0.138419,0.142368,2400392026,Yahoo Finance
2024-03-17,0.142364,0.158761,0.137732,0.154330,2329294453,Yahoo Finance
2024-03-18,0.154328,0.154332,0.140197,0.143673,1657669949,Yahoo Finance
2024-03-19,0.143673,0.145014,0.125630,0.128728,2946516944,Yahoo Finance
2024-03-20,0.128735,0.152868,0.123453,0.152186,3190645446,Yahoo Finance
2024-03-21,0.152186,0.158759,0.147189,0.155292,2581283877,Yahoo Finance
2024-03-22,0.155300,0.164902,0.145591,0.152703,2672448713,Yahoo Finance
2024-03-23,0.152703,0.174619,0.151855,0.161768,2912614106,Yahoo Finance
2024-03-24,0.161768,0.179900,0.161716,0.176453,2848346890,Yahoo Finance
2024-03-25,0.176453,0.185999,0.170166,0.175367,2654389972,Yahoo Finance
2024-03-26,0.175367,0.186057,0.174924,0.182486,2877194654,Yahoo Finance
2024-03-27,0.182486,0.191285,0.179843,0.190330,4055908716,Yahoo Finance
2024-03-28,0.190317,0.226581,0.189573,0.220056,6553128323,Yahoo Finance
2024-03-29,0.220056,0.224400,0.208810,0.213491,3493454859,Yahoo Finance
2024-03-30,0.213424,0.216516,0.197847,0.199434,2403795719,Yahoo Finance
2024-03-31,0.199413,0.223933,0.199334,0.220064,2414867092,Yahoo Finance
2024-04-01,0.220065,0.220068,0.198108,0.205570,3408206742,Yahoo Finance
2024-04-02,0.205575,0.205577,0.180468,0.182304,3855758084,Yahoo Finance
2024-04-03,0.182302,0.187403,0.170506,0.175547,3112605374,Yahoo Finance
2024-04-04,0.175547,0.188100,0.172262,0.179926,2153623709,Yahoo Finance
2024-04-05,0.179926,0.180480,0.168037,0.177518,1914940616,Yahoo Finance
2024-04-06,0.177521,0.187686,0.176790,0.185951,1620171667,Yahoo Finance
2024-04-07,0.185949,0.204811,0.185803,0.199108,2643420654,Yahoo Finance
2024-04-08,0.199106,0.208690,0.195885,0.202640,2106344172,Yahoo Finance
2024-04-09,0.202640,0.203243,0.186361,0.189001,2078490138,Yahoo Finance
2024-04-10,0.189001,0.201676,0.181762,0.199984,2662343295,Yahoo Finance
2024-04-11,0.199984,0.203120,0.190442,0.194011,2179869259,Yahoo Finance
2024-04-12,0.194011,0.200428,0.162513,0.174597,3611512055,Yahoo Finance
2024-04-13,0.174612,0.175572,0.132195,0.153168,4750917199,Yahoo Finance
2024-04-14,0.153168,0.164486,0.144482,0.162285,3723264167,Yahoo Finance
2024-04-15,0.162285,0.168890,0.150884,0.161369,3604719833,Yahoo Finance
2024-04-16,0.161369,0.162237,0.146908,0.155989,2473810383,Yahoo Finance
2024-04-17,0.155990,0.158511,0.144836,0.147605,1972027907,Yahoo Finance
2024-04-18,0.147606,0.153717,0.141307,0.152448,1947482132,Yahoo Finance
2024-04-19,0.152448,0.156906,0.139644,0.156268,2186567402,Yahoo Finance
2024-04-20,0.156268,0.164842,0.150942,0.162827,1649509831,Yahoo Finance
2024-04-21,0.162826,0.165478,0.155606,0.158260,1293159346,Yahoo Finance
2024-04-22,0.158259,0.163361,0.156843,0.161194,1251987179,Yahoo Finance
2024-04-23,0.161194,0.162868,0.157169,0.159944,1047860346,Yahoo Finance
2024-04-24,0.159944,0.164094,0.149529,0.151354,1524749099,Yahoo Finance
2024-04-25,0.151356,0.154181,0.147753,0.151394,1078441792,Yahoo Finance
2024-04-26,0.151394,0.151727,0.147061,0.147837,877813549,Yahoo Finance
2024-04-27,0.147837,0.149364,0.143299,0.147716,847646783,Yahoo Finance
2024-04-28,0.147716,0.150960,0.146301,0.146699,638063324,Yahoo Finance
2024-04-29,0.146699,0.147950,0.139905,0.143492,1030579266,Yahoo Finance
2024-04-30,0.143492,0.145902,0.129762,0.133327,1342359702,Yahoo Finance
2024-05-01,0.133327,0.133724,0.120348,0.130134,2135887034,Yahoo Finance
2024-05-02,0.130134,0.134254,0.124227,0.132106,1308884973,Yahoo Finance
2024-05-03,0.132109,0.147762,0.131422,0.146146,1266276714,Yahoo Finance
2024-05-04,0.146142,0.169092,0.146106,0.160157,2791346636,Yahoo Finance
2024-05-05,0.160157,0.163130,0.154978,0.161068,1506950274,Yahoo Finance
2024-05-06,0.161066,0.168941,0.154445,0.156608,1747675308,Yahoo Finance
2024-05-07,0.156608,0.159802,0.149738,0.150190,1139969527,Yahoo Finance
2024-05-08,0.150190,0.151921,0.142211,0.143294,1159774226,Yahoo Finance
2024-05-09,0.143294,0.153983,0.143158,0.152117,1093467705,Yahoo Finance
2024-05-10,0.152117,0.153048,0.142525,0.144031,1056928481,Yahoo Finance
2024-05-11,0.144031,0.146037,0.142707,0.142924,533516788,Yahoo Finance
2024-05-12,0.142925,0.144389,0.140016,0.141231,601107964,Yahoo Finance
2024-05-13,0.141231,0.156825,0.136043,0.148434,1918835792,Yahoo Finance
2024-05-14,0.148433,0.154765,0.144361,0.145419,1899294334,Yahoo Finance
2024-05-15,0.145419,0.156989,0.145400,0.155526,1767635344,Yahoo Finance
2024-05-16,0.155529,0.159025,0.149070,0.149637,1374063837,Yahoo Finance
2024-05-17,0.149637,0.156364,0.149517,0.155563,1112782871,Yahoo Finance
2024-05-18,0.155563,0.156872,0.151657,0.153077,771261615,Yahoo Finance
2024-05-19,0.153077,0.155964,0.147957,0.149107,786457296,Yahoo Finance
2024-05-20,0.149107,0.165945,0.148099,0.165688,1512244150,Yahoo Finance
2024-05-21,0.165688,0.172630,0.160905,0.170474,2792364765,Yahoo Finance
2024-05-22,0.170474,0.174095,0.162244,0.166163,1978486152,Yahoo Finance
2024-05-23,0.166163,0.169142,0.153403,0.159613,2243999960,Yahoo Finance
2024-05-24,0.159613,0.172701,0.156161,0.163803,3012763365,Yahoo Finance
2024-05-25,0.163804,0.174086,0.162959,0.173960,1489582490,Yahoo Finance
2024-05-26,0.173961,0.174550,0.165708,0.166220,1359410362,Yahoo Finance
2024-05-27,0.166220,0.173036,0.164365,0.169090,1404874711,Yahoo Finance
2024-05-28,0.169090,0.169330,0.161796,0.164962,1410223091,Yahoo Finance
2024-05-29,0.164964,0.170269,0.162220,0.163695,1525668595,Yahoo Finance
2024-05-30,0.163696,0.165407,0.156595,0.159544,1452218159,Yahoo Finance
2024-05-31,0.159539,0.162226,0.154907,0.159136,945969518,Yahoo Finance
2024-06-01,0.159136,0.161323,0.158391,0.160200,496035603,Yahoo Finance
2024-06-02,0.160200,0.161194,0.154960,0.157201,585756299,Yahoo Finance
2024-06-03,0.157201,0.163211,0.156027,0.158282,929987302,Yahoo Finance
2024-06-04,0.158282,0.161744,0.157163,0.161450,760727969,Yahoo Finance
2024-06-05,0.161450,0.164724,0.161292,0.163235,820053785,Yahoo Finance
2024-06-06,0.163235,0.165170,0.158657,0.160159,893170339,Yahoo Finance
2024-06-07,0.160158,0.162019,0.143118,0.148303,1581768204,Yahoo Finance
2024-06-08,0.148296,0.148583,0.144010,0.146059,872877278,Yahoo Finance
2024-06-09,0.146045,0.149089,0.145200,0.146774,656320138,Yahoo Finance
2024-06-10,0.146767,0.147820,0.143467,0.144740,752565082,Yahoo Finance
2024-06-11,0.144742,0.145047,0.134103,0.138104,1271975142,Yahoo Finance
2024-06-12,0.138097,0.150325,0.135030,0.146196,1274848212,Yahoo Finance
2024-06-13,0.146197,0.146353,0.140381,0.141060,790003626,Yahoo Finance
2024-06-14,0.141046,0.143213,0.132164,0.134970,859600884,Yahoo Finance
2024-06-15,0.134975,0.137277,0.134358,0.136566,476136328,Yahoo Finance
2024-06-16,0.136576,0.137347,0.134819,0.136937,385407083,Yahoo Finance
2024-06-17,0.136940,0.138023,0.126495,0.128889,960646592,Yahoo Finance
2024-06-18,0.128866,0.129103,0.115392,0.122296,1413960450,Yahoo Finance
2024-06-19,0.122279,0.126508,0.121579,0.122341,642487745,Yahoo Finance
2024-06-20,0.122341,0.128266,0.121454,0.124419,734399819,Yahoo Finance
2024-06-21,0.124430,0.125500,0.121617,0.124029,598393023,Yahoo Finance
2024-06-22,0.124038,0.125365,0.122959,0.123789,328642106,Yahoo Finance
2024-06-23,0.123783,0.126120,0.121827,0.122257,429188641,Yahoo Finance
2024-06-24,0.122249,0.123675,0.114731,0.119043,951099440,Yahoo Finance
2024-06-25,0.119033,0.128236,0.118895,0.126153,783244352,Yahoo Finance
2024-06-26,0.126150,0.128522,0.121920,0.122679,526276880,Yahoo Finance
2024-06-27,0.122672,0.128115,0.120630,0.126911,616932730,Yahoo Finance
2024-06-28,0.126910,0.127976,0.122361,0.122789,634763078,Yahoo Finance
2024-06-29,0.122795,0.124121,0.121389,0.121699,285391178,Yahoo Finance
2024-06-30,0.121699,0.125333,0.120452,0.124305,369166834,Yahoo Finance
2024-07-01,0.124304,0.127236,0.123248,0.123442,452573746,Yahoo Finance
2024-07-02,0.123439,0.125094,0.122462,0.125016,408063753,Yahoo Finance
2024-07-03,0.125019,0.125326,0.117045,0.118471,657681923,Yahoo Finance
2024-07-04,0.118448,0.118948,0.104431,0.104887,1239123198,Yahoo Finance
2024-07-05,0.104853,0.106418,0.093795,0.105594,1709690679,Yahoo Finance
2024-07-06,0.105585,0.114079,0.104935,0.113615,842720114,Yahoo Finance
2024-07-07,0.113577,0.113577,0.103733,0.104232,641031095,Yahoo Finance
2024-07-08,0.104235,0.111021,0.099163,0.107581,1023119021,Yahoo Finance
2024-07-09,0.107570,0.109220,0.106138,0.107513,572733013,Yahoo Finance
2024-07-10,0.107519,0.110430,0.105904,0.108022,552090147,Yahoo Finance
2024-07-11,0.108024,0.112179,0.106311,0.106667,546104180,Yahoo Finance
2024-07-12,0.106664,0.108266,0.105032,0.107685,468503073,Yahoo Finance
2024-07-13,0.107685,0.112889,0.107447,0.112356,497448463,Yahoo Finance
2024-07-14,0.112350,0.116495,0.111350,0.115449,551768272,Yahoo Finance
2024-07-15,0.115471,0.125352,0.114789,0.125228,865334768,Yahoo Finance
2024-07-16,0.125164,0.127257,0.119371,0.124931,1023424280,Yahoo Finance
2024-07-17,0.124933,0.127506,0.120643,0.121884,731025036,Yahoo Finance
2024-07-18,0.121879,0.123843,0.117573,0.119496,710080580,Yahoo Finance
2024-07-19,0.119501,0.126056,0.117908,0.125480,724349409,Yahoo Finance
2024-07-20,0.125475,0.135646,0.124485,0.134430,1109519614,Yahoo Finance
2024-07-21,0.134430,0.143087,0.126405,0.140169,1229665449,Yahoo Finance
2024-07-22,0.140167,0.142469,0.136214,0.137881,1468393831,Yahoo Finance
2024-07-23,0.137882,0.139202,0.128489,0.130391,963364309,Yahoo Finance
2024-07-24,0.130386,0.134627,0.127244,0.128088,734879689,Yahoo Finance
2024-07-25,0.128089,0.128641,0.120323,0.125221,970420635,Yahoo Finance
2024-07-26,0.125222,0.134878,0.125200,0.134318,752603628,Yahoo Finance
2024-07-27,0.134318,0.138667,0.131341,0.131592,1193072781,Yahoo Finance
2024-07-28,0.131597,0.131800,0.128324,0.130075,755293791,Yahoo Finance
2024-07-29,0.130076,0.134949,0.127955,0.128674,809333955,Yahoo Finance
2024-07-30,0.128662,0.130306,0.123662,0.125595,638122391,Yahoo Finance
2024-07-31,0.125593,0.127201,0.121543,0.122014,609802169,Yahoo Finance
2024-08-01,0.122021,0.122932,0.112828,0.119236,861079384,Yahoo Finance
2024-08-02,0.119235,0.119513,0.110567,0.111508,826720039,Yahoo Finance
2024-08-03,0.111507,0.114497,0.105418,0.108169,808239471,Yahoo Finance
2024-08-04,0.108169,0.109214,0.099606,0.103733,827323034,Yahoo Finance
2024-08-05,0.103732,0.104166,0.080831,0.094503,3194029250,Yahoo Finance
2024-08-06,0.094502,0.101388,0.094367,0.096371,1124169389,Yahoo Finance
2024-08-07,0.096371,0.101847,0.094594,0.095515,1000135339,Yahoo Finance
2024-08-08,0.095515,0.107772,0.093977,0.107404,858015369,Yahoo Finance
2024-08-09,0.107409,0.107582,0.101774,0.103974,602450305,Yahoo Finance
2024-08-10,0.103974,0.105859,0.103116,0.105202,371267774,Yahoo Finance
2024-08-11,0.105203,0.110794,0.100299,0.100566,676944256,Yahoo Finance
2024-08-12,0.100566,0.108535,0.100471,0.107767,778786434,Yahoo Finance
2024-08-13,0.107767,0.108843,0.103572,0.106416,575505923,Yahoo Finance
2024-08-14,0.106416,0.106740,0.101805,0.102555,564943505,Yahoo Finance
2024-08-15,0.102555,0.104798,0.098195,0.100267,617034813,Yahoo Finance
2024-08-16,0.100267,0.102028,0.097742,0.100439,539609334,Yahoo Finance
2024-08-17,0.100439,0.103631,0.100156,0.102755,305545333,Yahoo Finance
2024-08-18,0.102755,0.104306,0.100169,0.100172,377630490,Yahoo Finance
2024-08-19,0.100172,0.101807,0.098712,0.101504,463249309,Yahoo Finance
2024-08-20,0.101506,0.105619,0.101229,0.103001,695089222,Yahoo Finance
2024-08-21,0.103000,0.107825,0.102462,0.106157,509933481,Yahoo Finance
2024-08-22,0.106157,0.106822,0.104274,0.105308,391690266,Yahoo Finance
2024-08-23,0.105308,0.115239,0.105305,0.112927,860650259,Yahoo Finance
2024-08-24,0.112927,0.114947,0.111247,0.112631,673199379,Yahoo Finance
2024-08-25,0.112631,0.112758,0.108117,0.109698,584876309,Yahoo Finance
2024-08-26,0.109699,0.110292,0.104639,0.105292,560759055,Yahoo Finance
2024-08-27,0.105292,0.106478,0.097392,0.099056,615156838,Yahoo Finance
2024-08-28,0.099056,0.101758,0.097292,0.099627,657073357,Yahoo Finance
2024-08-29,0.099627,0.102492,0.098535,0.100425,461885564,Yahoo Finance
2024-08-30,0.100425,0.102382,0.097275,0.102043,572514236,Yahoo Finance
2024-08-31,0.102043,0.102241,0.100474,0.101332,303734469,Yahoo Finance
2024-09-01,0.101332,0.101461,0.094343,0.095354,424515197,Yahoo Finance
2024-09-02,0.095354,0.099740,0.094167,0.099115,463950026,Yahoo Finance
2024-09-03,0.099115,0.100706,0.096701,0.096719,395659305,Yahoo Finance
2024-09-04,0.096715,0.099456,0.092979,0.098025,579587111,Yahoo Finance
2024-09-05,0.098025,0.099099,0.096225,0.098309,452927311,Yahoo Finance
2024-09-06,0.098309,0.099379,0.089373,0.092484,802922234,Yahoo Finance
2024-09-07,0.092484,0.095618,0.091812,0.095261,412044016,Yahoo Finance
2024-09-08,0.095261,0.096903,0.094047,0.096080,381739751,Yahoo Finance
2024-09-09,0.096080,0.104619,0.095832,0.103829,698093518,Yahoo Finance
2024-09-10,0.103829,0.104521,0.101661,0.102712,465166360,Yahoo Finance
2024-09-11,0.102712,0.102970,0.098091,0.101378,532198021,Yahoo Finance
2024-09-12,0.101378,0.103207,0.100636,0.102799,439730013,Yahoo Finance
2024-09-13,0.102799,0.108290,0.101865,0.107114,675630464,Yahoo Finance
2024-09-14,0.107113,0.107558,0.104643,0.105467,426157956,Yahoo Finance
2024-09-15,0.105467,0.106359,0.102577,0.102933,428890116,Yahoo Finance
2024-09-16,0.102938,0.103132,0.098458,0.099693,528755469,Yahoo Finance
2024-09-17,0.099696,0.102467,0.098844,0.101137,480290242,Yahoo Finance
2024-09-18,0.101137,0.103590,0.099578,0.103585,549512848,Yahoo Finance
2024-09-19,0.103585,0.107074,0.103585,0.105031,656532122,Yahoo Finance
2024-09-20,0.105031,0.107296,0.103748,0.105471,595150523,Yahoo Finance
2024-09-21,0.105471,0.110373,0.104152,0.110049,502306053,Yahoo Finance
2024-09-22,0.110049,0.110050,0.104020,0.106339,480950368,Yahoo Finance
2024-09-23,0.106339,0.109084,0.104720,0.108156,644419670,Yahoo Finance
2024-09-24,0.108156,0.110468,0.106983,0.109775,708492630,Yahoo Finance
2024-09-25,0.109775,0.110884,0.108170,0.108504,696620734,Yahoo Finance
2024-09-26,0.108504,0.120163,0.107145,0.118176,1347684388,Yahoo Finance
2024-09-27,0.118176,0.128080,0.117173,0.123714,1367867354,Yahoo Finance
2024-09-28,0.123714,0.131950,0.120616,0.128671,1449764972,Yahoo Finance
2024-09-29,0.128670,0.130302,0.124642,0.124674,856945778,Yahoo Finance
2024-09-30,0.124669,0.124669,0.113739,0.114428,976744755,Yahoo Finance
2024-10-01,0.114427,0.119274,0.103955,0.107043,1332235464,Yahoo Finance
2024-10-02,0.107043,0.109411,0.102509,0.104759,910153432,Yahoo Finance
2024-10-03,0.104758,0.106638,0.101529,0.105099,825842052,Yahoo Finance
2024-10-04,0.105099,0.110437,0.104959,0.109264,670077063,Yahoo Finance
2024-10-05,0.109264,0.110063,0.107727,0.109487,391880787,Yahoo Finance
2024-10-06,0.109487,0.112656,0.108512,0.111480,435305366,Yahoo Finance
2024-10-07,0.111480,0.115209,0.108655,0.108655,849108258,Yahoo Finance
2024-10-08,0.108652,0.109704,0.105352,0.107044,615072081,Yahoo Finance
2024-10-09,0.107044,0.111132,0.106377,0.107939,667785123,Yahoo Finance
2024-10-10,0.107937,0.108450,0.103308,0.105980,749185963,Yahoo Finance
2024-10-11,0.105980,0.111344,0.105702,0.110733,650490847,Yahoo Finance
2024-10-12,0.110733,0.112058,0.109457,0.111416,519024338,Yahoo Finance
2024-10-13,0.111416,0.112005,0.108799,0.111336,573648913,Yahoo Finance
2024-10-14,0.111336,0.117456,0.109429,0.116654,1038038455,Yahoo Finance
2024-10-15,0.116654,0.118792,0.110512,0.117527,1367247373,Yahoo Finance
2024-10-16,0.117525,0.129444,0.115931,0.125773,2270276586,Yahoo Finance
2024-10-17,0.125773,0.130649,0.120762,0.129658,1557107117,Yahoo Finance
2024-10-18,0.129660,0.140527,0.129647,0.137213,2216997635,Yahoo Finance
2024-10-19,0.137213,0.146544,0.137190,0.144527,1898579280,Yahoo Finance
2024-10-20,0.144526,0.145246,0.137577,0.142083,1456913937,Yahoo Finance
2024-10-21,0.142084,0.149533,0.138433,0.143690,2075196142,Yahoo Finance
2024-10-22,0.143690,0.147883,0.136848,0.139508,1647303198,Yahoo Finance
2024-10-23,0.139511,0.140604,0.133279,0.138497,1430747359,Yahoo Finance
2024-10-24,0.139901,0.143502,0.136450,0.141987,1349772912,Yahoo Finance
2024-10-25,0.141988,0.142400,0.128548,0.131013,1458877964,Yahoo Finance
2024-10-26,0.131013,0.137831,0.130839,0.137357,947921669,Yahoo Finance
2024-10-27,0.137357,0.145857,0.136057,0.144312,1129296560,Yahoo Finance
2024-10-28,0.144311,0.162010,0.141176,0.161150,3078140199,Yahoo Finance
2024-10-29,0.161152,0.179227,0.160826,0.175839,3785378330,Yahoo Finance
2024-10-30,0.175839,0.177535,0.165250,0.168146,2319205433,Yahoo Finance
2024-10-31,0.168146,0.172997,0.156546,0.161372,2213630995,Yahoo Finance
2024-11-01,0.161372,0.168242,0.154420,0.159185,2406203136,Yahoo Finance
2024-11-02,0.159189,0.163298,0.156035,0.159316,1342216649,Yahoo Finance
2024-11-03,0.159316,0.159627,0.142823,0.151454,2214868458,Yahoo Finance
2024-11-04,0.151454,0.159894,0.148581,0.158346,2541759238,Yahoo Finance
2024-11-05,0.158345,0.178840,0.158179,0.170180,4095671194,Yahoo Finance
2024-11-06,0.170188,0.213336,0.169694,0.196658,12194137333,Yahoo Finance
2024-11-07,0.196658,0.203478,0.186255,0.193159,4338342915,Yahoo Finance
2024-11-08,0.193159,0.206564,0.191289,0.202132,4089504352,Yahoo Finance
2024-11-09,0.202131,0.219737,0.197825,0.218761,4290391407,Yahoo Finance
2024-11-10,0.218794,0.296614,0.217302,0.279095,14901681717,Yahoo Finance
2024-11-11,0.279095,0.349602,0.276142,0.349521,19590715363,Yahoo Finance
2024-11-12,0.349521,0.435863,0.333432,0.382221,39936467957,Yahoo Finance
2024-11-13,0.382218,0.431624,0.356609,0.399523,28286313456,Yahoo Finance
2024-11-14,0.399523,0.414704,0.355808,0.361646,15564516841,Yahoo Finance
2024-11-15,0.361713,0.384246,0.354469,0.379189,11623194182,Yahoo Finance
2024-11-16,0.379190,0.389879,0.361303,0.363748,7524229950,Yahoo Finance
2024-11-17,0.363750,0.373558,0.341699,0.366560,7832273719,Yahoo Finance
2024-11-18,0.366570,0.379906,0.359235,0.371741,8396330143,Yahoo Finance
2024-11-19,0.371740,0.418334,0.368020,0.391356,12889618537,Yahoo Finance
2024-11-20,0.391340,0.395599,0.366569,0.377497,8029529786,Yahoo Finance
2024-11-21,0.377497,0.394944,0.370012,0.387617,8052510566,Yahoo Finance
2024-11-22,0.387626,0.419192,0.381520,0.412924,13591947495,Yahoo Finance
2024-11-23,0.412924,0.477460,0.405566,0.430012,20873625275,Yahoo Finance
2024-11-24,0.430012,0.452428,0.400967,0.429882,12213185937,Yahoo Finance
2024-11-25,0.429895,0.437042,0.381515,0.393340,9773285006,Yahoo Finance
2024-11-26,0.393311,0.408372,0.367319,0.387618,8847260920,Yahoo Finance
2024-11-27,0.387615,0.408052,0.381691,0.401525,6388400976,Yahoo Finance
2024-11-28,0.401515,0.427305,0.392259,0.402018,5955119388,Yahoo Finance
2024-11-29,0.402019,0.437086,0.399992,0.425839,6768739922,Yahoo Finance
2024-11-30,0.425839,0.434701,0.415361,0.421971,5601447294,Yahoo Finance
2024-12-01,0.421968,0.449281,0.417694,0.440023,8333397829,Yahoo Finance
2024-12-02,0.440049,0.460245,0.405112,0.424670,13072433718,Yahoo Finance
2024-12-03,0.424672,0.428049,0.391472,0.407882,9362620939,Yahoo Finance
2024-12-04,0.407851,0.435626,0.401959,0.431957,8065078709,Yahoo Finance
2024-12-05,0.431903,0.463404,0.409011,0.430586,15284058219,Yahoo Finance
2024-12-06,0.427894,0.441782,0.421260,0.435709,6668459793,Yahoo Finance
2024-12-07,0.435712,0.466039,0.432128,0.453887,8127914572,Yahoo Finance
2024-12-08,0.453891,0.483510,0.448240,0.467297,8171222257,Yahoo Finance
2024-12-09,0.467299,0.467299,0.384721,0.414719,11830538830,Yahoo Finance
2024-12-10,0.414722,0.422407,0.366840,0.394520,11257345383,Yahoo Finance
2024-12-11,0.394512,0.418788,0.376633,0.414492,6670843571,Yahoo Finance
2024-12-12,0.414495,0.423359,0.401744,0.406548,5601004925,Yahoo Finance
2024-12-13,0.406548,0.411687,0.399862,0.409081,3815608761,Yahoo Finance
2024-12-14,0.409081,0.412754,0.388139,0.397976,3165759137,Yahoo Finance
2024-12-15,0.397972,0.409835,0.392909,0.406272,2654366167,Yahoo Finance
2024-12-16,0.406295,0.413594,0.392736,0.401934,3891164219,Yahoo Finance
2024-12-17,0.401935,0.409899,0.391596,0.394337,3618256203,Yahoo Finance
2024-12-18,0.394341,0.396163,0.356494,0.358039,5749656033,Yahoo Finance
2024-12-19,0.358047,0.367036,0.302769,0.315066,9565836573,Yahoo Finance
2024-12-20,0.315054,0.328057,0.264440,0.317713,11414899319,Yahoo Finance
2024-12-21,0.317719,0.349406,0.315249,0.320951,6875286934,Yahoo Finance
2024-12-22,0.320904,0.324032,0.305718,0.312192,4115525341,Yahoo Finance
2024-12-23,0.312199,0.327882,0.303278,0.324219,4390431993,Yahoo Finance
2024-12-24,0.324218,0.339434,0.316393,0.336924,3138423654,Yahoo Finance
2024-12-25,0.336926,0.341366,0.326899,0.334319,2538802504,Yahoo Finance
2024-12-26,0.334304,0.337381,0.308998,0.312256,2514756816,Yahoo Finance
2024-12-27,0.312255,0.323847,0.309764,0.311036,2157162506,Yahoo Finance
2024-12-28,0.311056,0.325858,0.311056,0.323919,1410132054,Yahoo Finance
2024-12-29,0.323917,0.328933,0.311667,0.314320,1654780626,Yahoo Finance
2024-12-30,0.314320,0.322480,0.306547,0.313514,2526977895,Yahoo Finance
2024-12-31,0.313518,0.327866,0.309403,0.315681,2204579838,Yahoo Finance
2025-01-01,0.315682,0.326478,0.311723,0.324306,1532271286,Yahoo Finance
2025-01-02,0.324306,0.344178,0.324292,0.338610,3205163576,Yahoo Finance
2025-01-03,0.338610,0.387797,0.335886,0.379279,4823481336,Yahoo Finance
2025-01-04,0.379283,0.397997,0.378043,0.394746,4431717187,Yahoo Finance
2025-01-05,0.394746,0.397305,0.376316,0.382563,2594267525,Yahoo Finance
2025-01-06,0.382494,0.393702,0.376551,0.387957,2937148475,Yahoo Finance
2025-01-07,0.387952,0.397808,0.348422,0.348437,5280516863,Yahoo Finance
2025-01-08,0.348436,0.355111,0.326810,0.342248,4416730765,Yahoo Finance
2025-01-09,0.342247,0.346286,0.315103,0.320912,3614560190,Yahoo Finance
2025-01-10,0.320909,0.338534,0.320891,0.333981,3222794655,Yahoo Finance
2025-01-11,0.333979,0.347811,0.330075,0.340955,1461005907,Yahoo Finance
2025-01-12,0.340950,0.342989,0.332278,0.335959,1436724129,Yahoo Finance
2025-01-13,0.335956,0.345214,0.311399,0.338299,3713750868,Yahoo Finance
2025-01-14,0.338297,0.361091,0.336058,0.356120,3143614167,Yahoo Finance
2025-01-15,0.356120,0.387354,0.348744,0.385710,4079184871,Yahoo Finance
2025-01-16,0.385713,0.389349,0.368461,0.376748,4097841421,Yahoo Finance
2025-01-17,0.376706,0.420501,0.375973,0.415939,6276540245,Yahoo Finance
2025-01-18,0.415913,0.433512,0.387239,0.396081,7331618418,Yahoo Finance
2025-01-19,0.396085,0.408965,0.352120,0.357757,9531626101,Yahoo Finance
2025-01-20,0.357739,0.384973,0.347247,0.354608,8850825869,Yahoo Finance
2025-01-21,0.354573,0.400170,0.335899,0.371577,9507969594,Yahoo Finance
2025-01-22,0.371588,0.373342,0.355989,0.363056,2940097446,Yahoo Finance
2025-01-23,0.362980,0.364087,0.342993,0.352353,3093003294,Yahoo Finance
2025-01-24,0.352302,0.363893,0.343288,0.350740,2122786422,Yahoo Finance
2025-01-25,0.350745,0.359588,0.345960,0.353776,1500843148,Yahoo Finance
2025-01-26,0.353785,0.357023,0.336301,0.336326,1263299832,Yahoo Finance
2025-01-27,0.336323,0.336741,0.307810,0.333822,4453314117,Yahoo Finance
2025-01-28,0.333818,0.338646,0.315835,0.319074,2019292120,Yahoo Finance
2025-01-29,0.319074,0.333509,0.317941,0.323864,1981300959,Yahoo Finance
2025-01-30,0.323871,0.338084,0.322871,0.331509,1365524939,Yahoo Finance
2025-01-31,0.331507,0.340677,0.324313,0.328728,1796042122,Yahoo Finance
2025-02-01,0.328727,0.331894,0.304264,0.308357,1577548524,Yahoo Finance
2025-02-02,0.308377,0.314589,0.254555,0.267509,5607210222,Yahoo Finance
2025-02-03,0.267510,0.292464,0.211720,0.285004,11007373557,Yahoo Finance
2025-02-04,0.285016,0.288467,0.256292,0.264144,4306969827,Yahoo Finance
2025-02-05,0.264128,0.269028,0.254372,0.256233,1818131454,Yahoo Finance
2025-02-06,0.256233,0.265695,0.243942,0.248084,1892595490,Yahoo Finance
2025-02-07,0.248079,0.261217,0.239544,0.246613,2042225149,Yahoo Finance
2025-02-08,0.246613,0.253950,0.244992,0.253266,989182891,Yahoo Finance
2025-02-09,0.253265,0.259836,0.240306,0.249290,1242077795,Yahoo Finance
2025-02-10,0.249289,0.255925,0.242061,0.255260,1342589439,Yahoo Finance
2025-02-11,0.255264,0.269233,0.249031,0.253122,1721245015,Yahoo Finance
2025-02-12,0.253123,0.267030,0.248891,0.264122,1949247514,Yahoo Finance
2025-02-13,0.264130,0.266918,0.254050,0.262492,1492303517,Yahoo Finance
2025-02-14,0.262491,0.285293,0.261210,0.271929,2320487584,Yahoo Finance
2025-02-15,0.271932,0.282679,0.268941,0.271724,1624562147,Yahoo Finance
2025-02-16,0.271726,0.273816,0.264238,0.265740,969472255,Yahoo Finance
2025-02-17,0.265758,0.268499,0.254484,0.258148,1369340298,Yahoo Finance
2025-02-18,0.258148,0.259394,0.242603,0.250901,1601424562,Yahoo Finance
2025-02-19,0.250903,0.255223,0.249278,0.254768,1007520306,Yahoo Finance
2025-02-20,0.254767,0.257460,0.250512,0.254860,1119395680,Yahoo Finance
2025-02-21,0.254858,0.260931,0.234919,0.239308,2024664109,Yahoo Finance
2025-02-22,0.239314,0.247665,0.238340,0.246723,932077730,Yahoo Finance
2025-02-23,0.246724,0.247435,0.240655,0.243023,707579811,Yahoo Finance
2025-02-24,0.243022,0.243828,0.208322,0.210359,2239353273,Yahoo Finance
2025-02-25,0.210373,0.213921,0.196764,0.212389,3432761745,Yahoo Finance
2025-02-26,0.211268,0.213502,0.196364,0.205541,2020402428,Yahoo Finance
2025-02-27,0.202853,0.211239,0.201255,0.206824,1369944972,Yahoo Finance
2025-02-28,0.206823,0.206859,0.181876,0.201963,2620914147,Yahoo Finance
2025-03-01,0.201963,0.208697,0.199463,0.206537,1197948866,Yahoo Finance
2025-03-02,0.206537,0.241670,0.201905,0.239267,3319886568,Yahoo Finance
2025-03-03,0.239259,0.239653,0.194282,0.199076,2824331185,Yahoo Finance
2025-03-04,0.199082,0.201629,0.183734,0.199146,2366639397,Yahoo Finance
2025-03-05,0.199143,0.205957,0.196583,0.204720,1433656840,Yahoo Finance
2025-03-06,0.204719,0.219231,0.199566,0.201727,1799078197,Yahoo Finance
2025-03-07,0.201727,0.208331,0.191547,0.197973,1829178903,Yahoo Finance
2025-03-08,0.197973,0.200669,0.191506,0.192172,949946399,Yahoo Finance
2025-03-09,0.192171,0.193997,0.166287,0.167803,1797791194,Yahoo Finance
2025-03-10,0.167803,0.180283,0.151364,0.154060,2202314258,Yahoo Finance
2025-03-11,0.154058,0.168317,0.145350,0.164166,2372945325,Yahoo Finance
2025-03-12,0.164155,0.172513,0.159791,0.172381,1618464957,Yahoo Finance
2025-03-13,0.172381,0.172711,0.162095,0.165065,1437934838,Yahoo Finance
2025-03-14,0.165065,0.175702,0.164927,0.171799,1042050428,Yahoo Finance
2025-03-15,0.171765,0.177612,0.171561,0.176068,731309597,Yahoo Finance
2025-03-16,0.176067,0.176699,0.166227,0.168235,935490545,Yahoo Finance
2025-03-17,0.168233,0.175992,0.168193,0.173465,1002401452,Yahoo Finance
2025-03-18,0.173472,0.173472,0.163237,0.168029,1046683878,Yahoo Finance
2025-03-19,0.168029,0.178517,0.167004,0.178065,1238919491,Yahoo Finance
2025-03-20,0.178070,0.179006,0.167042,0.169351,959535286,Yahoo Finance
2025-03-21,0.169351,0.171401,0.164959,0.167062,743835419,Yahoo Finance
2025-03-22,0.167068,0.169546,0.166804,0.167343,438263314,Yahoo Finance
2025-03-23,0.167342,0.172253,0.167180,0.172253,564898047,Yahoo Finance
2025-03-24,0.172247,0.188946,0.170879,0.182889,1472602266,Yahoo Finance
2025-03-25,0.182890,0.193350,0.181283,0.190910,1549790934,Yahoo Finance
2025-03-26,0.190908,0.205379,0.189852,0.194798,2068603477,Yahoo Finance
2025-03-27,0.194798,0.200384,0.188312,0.190495,1282332601,Yahoo Finance
2025-03-28,0.190495,0.192581,0.177484,0.180190,1407200953,Yahoo Finance
2025-03-29,0.180191,0.182207,0.166583,0.169565,1120659030,Yahoo Finance
2025-03-30,0.169571,0.172210,0.164974,0.166319,831596449,Yahoo Finance
2025-03-31,0.166319,0.168212,0.160492,0.166715,1321114553,Yahoo Finance
2025-04-01,0.166716,0.175145,0.166215,0.174086,1149373221,Yahoo Finance
2025-04-02,0.174086,0.178698,0.162409,0.164195,1734215164,Yahoo Finance
2025-04-03,0.164195,0.167240,0.155735,0.162060,1201472795,Yahoo Finance
2025-04-04,0.162059,0.172579,0.160430,0.171098,1645454216,Yahoo Finance
2025-04-05,0.171098,0.171413,0.166378,0.169027,607481980,Yahoo Finance
2025-04-06,0.169027,0.169769,0.146452,0.148845,1267445532,Yahoo Finance
2025-04-07,0.148845,0.152600,0.131507,0.149521,3512035481,Yahoo Finance
2025-04-08,0.149520,0.156727,0.141514,0.142107,1829881699,Yahoo Finance
2025-04-09,0.142109,0.164026,0.136720,0.160371,2265462273,Yahoo Finance
2025-04-10,0.160371,0.160377,0.149419,0.153666,1231567926,Yahoo Finance
2025-04-11,0.153668,0.162140,0.153363,0.160089,864574135,Yahoo Finance
2025-04-12,0.160089,0.169334,0.157877,0.167611,867802910,Yahoo Finance
2025-04-13,0.167611,0.168489,0.161320,0.162792,874509965,Yahoo Finance
2025-04-14,0.162792,0.168641,0.157689,0.158501,988651639,Yahoo Finance
2025-04-15,0.158503,0.161061,0.153258,0.153550,777400544,Yahoo Finance
2025-04-16,0.153547,0.157003,0.150944,0.154688,823568608,Yahoo Finance
2025-04-17,0.154691,0.159351,0.153181,0.155740,586169227,Yahoo Finance
2025-04-18,0.155741,0.158770,0.153774,0.157616,477534244,Yahoo Finance
2025-04-19,0.157618,0.160556,0.156523,0.157333,477710096,Yahoo Finance
2025-04-20,0.157333,0.159283,0.152745,0.155184,637644889,Yahoo Finance
2025-04-21,0.155184,0.162934,0.155140,0.159388,1038358279,Yahoo Finance
2025-04-22,0.159387,0.179371,0.157954,0.178648,1568128902,Yahoo Finance
2025-04-23,0.178652,0.185022,0.175658,0.178605,1860794550,Yahoo Finance
2025-04-24,0.178605,0.183145,0.170261,0.182457,1479272164,Yahoo Finance
2025-04-25,0.182460,0.186035,0.178120,0.181830,1731253893,Yahoo Finance
2025-04-26,0.181832,0.192443,0.180411,0.181890,1467785872,Yahoo Finance
2025-04-27,0.181891,0.183145,0.177003,0.179672,1113159755,Yahoo Finance
2025-04-28,0.179673,0.182672,0.174373,0.178952,1345897366,Yahoo Finance
2025-04-29,0.178952,0.180541,0.172795,0.174636,966758883,Yahoo Finance
2025-04-30,0.174640,0.176350,0.167269,0.172340,970750123,Yahoo Finance
2025-05-01,0.172341,0.183290,0.172294,0.180759,1018176528,Yahoo Finance
2025-05-02,0.180766,0.184082,0.179440,0.181577,1008214455,Yahoo Finance
2025-05-03,0.181577,0.182053,0.175508,0.175757,577738365,Yahoo Finance
2025-05-04,0.175757,0.177264,0.170171,0.170552,626186290,Yahoo Finance
2025-05-05,0.170552,0.174538,0.168666,0.170604,689655044,Yahoo Finance
2025-05-06,0.170604,0.172402,0.164398,0.172116,831221260,Yahoo Finance
2025-05-07,0.172115,0.174063,0.169481,0.172007,677248571,Yahoo Finance
2025-05-08,0.172010,0.197939,0.171893,0.197577,1943565536,Yahoo Finance
2025-05-09,0.197581,0.212635,0.193339,0.205290,2387581238,Yahoo Finance
2025-05-10,0.205295,0.249110,0.203610,0.248689,3238796872,Yahoo Finance
2025-05-11,0.248682,0.258739,0.223580,0.231508,3518175098,Yahoo Finance
2025-05-12,0.231509,0.251541,0.222185,0.231002,4628696012,Yahoo Finance
2025-05-13,0.231002,0.242899,0.218023,0.241215,2734212256,Yahoo Finance
2025-05-14,0.241215,0.246769,0.228742,0.232808,2249826077,Yahoo Finance
2025-05-15,0.232807,0.236437,0.214923,0.219189,2477683429,Yahoo Finance
2025-05-16,0.219194,0.230296,0.218316,0.221287,1759584218,Yahoo Finance
2025-05-17,0.221287,0.222045,0.211488,0.214698,1499656753,Yahoo Finance
2025-05-18,0.214698,0.237157,0.214378,0.234181,2360198976,Yahoo Finance
2025-05-19,0.233961,0.235143,0.214545,0.224421,2122215648,Yahoo Finance
2025-05-20,0.224421,0.230327,0.218046,0.226126,1815889701,Yahoo Finance
2025-05-21,0.226127,0.237583,0.223293,0.234058,2813244924,Yahoo Finance
2025-05-22,0.234068,0.245439,0.234064,0.245028,2739121621,Yahoo Finance
2025-05-23,0.245028,0.253617,0.223778,0.224814,3466192197,Yahoo Finance
2025-05-24,0.224814,0.230362,0.224054,0.225297,1223553027,Yahoo Finance
2025-05-25,0.225297,0.226271,0.216231,0.224984,1528958070,Yahoo Finance
2025-05-26,0.224983,0.230275,0.223010,0.226025,1172026172,Yahoo Finance
2025-05-27,0.226030,0.232007,0.220110,0.226164,1406054690,Yahoo Finance
2025-05-28,0.226161,0.227657,0.217216,0.220782,1203668237,Yahoo Finance
2025-05-29,0.220782,0.227834,0.214583,0.214833,1561923823,Yahoo Finance
2025-05-30,0.214837,0.216300,0.192135,0.193436,2466944860,Yahoo Finance
2025-05-31,0.193442,0.195352,0.186063,0.192579,1529424800,Yahoo Finance
2025-06-01,0.192578,0.194780,0.187268,0.193632,939280532,Yahoo Finance
2025-06-02,0.193632,0.196065,0.188872,0.195390,1007324701,Yahoo Finance
2025-06-03,0.195396,0.200251,0.192190,0.193138,1062603805,Yahoo Finance
2025-06-04,0.193139,0.196910,0.187427,0.188236,779255975,Yahoo Finance
2025-06-05,0.188237,0.192376,0.169233,0.171628,1718819551,Yahoo Finance
2025-06-06,0.171627,0.184253,0.170184,0.178973,1247591143,Yahoo Finance
2025-06-07,0.178970,0.188573,0.178034,0.185168,836264651,Yahoo Finance
2025-06-08,0.185168,0.186751,0.181223,0.184173,689923176,Yahoo Finance
2025-06-09,0.184173,0.195425,0.180454,0.194933,1177667689,Yahoo Finance
2025-06-10,0.194933,0.198300,0.189887,0.198282,1400212022,Yahoo Finance
2025-06-11,0.198282,0.204332,0.191594,0.193011,1630500550,Yahoo Finance
2025-06-12,0.193011,0.193619,0.180532,0.181548,1254786513,Yahoo Finance
2025-06-13,0.181548,0.181548,0.170792,0.180380,1883491191,Yahoo Finance
2025-06-14,0.180382,0.180442,0.174978,0.178467,777784368,Yahoo Finance
2025-06-15,0.178467,0.178576,0.171758,0.175669,760010233,Yahoo Finance
2025-06-16,0.175669,0.181015,0.172698,0.172698,1204577500,Yahoo Finance
2025-06-17,0.172697,0.175895,0.164303,0.169668,1273076742,Yahoo Finance
2025-06-18,0.169668,0.172061,0.164379,0.170632,970407002,Yahoo Finance
2025-06-19,0.170633,0.171847,0.167936,0.170963,542107459,Yahoo Finance
2025-06-20,0.170961,0.171881,0.158867,0.162475,1099193747,Yahoo Finance
2025-06-21,0.162475,0.164233,0.151780,0.154169,813191920,Yahoo Finance
2025-06-22,0.154197,0.157249,0.143774,0.151322,1841758169,Yahoo Finance
2025-06-23,0.151321,0.164991,0.149158,0.164363,1346692450,Yahoo Finance
2025-06-24,0.164363,0.167427,0.162027,0.165731,1072291444,Yahoo Finance
2025-06-25,0.165734,0.167365,0.162992,0.164578,839304495,Yahoo Finance
2025-06-26,0.164578,0.167904,0.158370,0.159986,916611999,Yahoo Finance
2025-06-27,0.159986,0.162597,0.157465,0.161068,638328531,Yahoo Finance
2025-06-28,0.161069,0.164898,0.160631,0.163692,400589442,Yahoo Finance
2025-06-29,0.163692,0.169776,0.162712,0.169602,543918306,Yahoo Finance
2025-06-30,0.169602,0.169794,0.162627,0.165136,838074434,Yahoo Finance
2025-07-01,0.165136,0.166152,0.157063,0.157751,687516950,Yahoo Finance
2025-07-02,0.157751,0.172439,0.157036,0.168720,1151068316,Yahoo Finance
2025-07-03,0.168717,0.175191,0.167758,0.172034,1280276705,Yahoo Finance
2025-07-04,0.172033,0.172661,0.161582,0.162871,1005469062,Yahoo Finance
2025-07-05,0.162872,0.164955,0.162385,0.164272,444944070,Yahoo Finance
2025-07-06,0.164272,0.174711,0.163271,0.171986,1092475819,Yahoo Finance
2025-07-07,0.171986,0.176729,0.165904,0.167966,1238654782,Yahoo Finance
2025-07-08,0.167967,0.171777,0.166131,0.170989,852173993,Yahoo Finance
2025-07-09,0.170989,0.184786,0.170103,0.180755,1657071962,Yahoo Finance
2025-07-10,0.180755,0.195742,0.178921,0.194793,1741316233,Yahoo Finance
2025-07-11,0.194787,0.212934,0.191776,0.201188,3859031770,Yahoo Finance
2025-07-12,0.201188,0.206106,0.192244,0.197328,1645230470,Yahoo Finance
2025-07-13,0.197328,0.203609,0.196262,0.198595,1460860601,Yahoo Finance
2025-07-14,0.198595,0.210389,0.195530,0.197431,2642688097,Yahoo Finance
2025-07-15,0.197431,0.199179,0.188751,0.199162,2108544271,Yahoo Finance
2025-07-16,0.199162,0.219732,0.195721,0.212747,2865490732,Yahoo Finance
2025-07-17,0.212747,0.222055,0.207382,0.218028,3524415111,Yahoo Finance
2025-07-18,0.218020,0.252537,0.216755,0.236129,6909551812,Yahoo Finance
2025-07-19,0.236139,0.256633,0.236082,0.241493,4276687151,Yahoo Finance
2025-07-20,0.241493,0.276966,0.240242,0.272929,6077966743,Yahoo Finance
2025-07-21,0.272929,0.286756,0.264930,0.271719,6129417334,Yahoo Finance
2025-07-22,0.271719,0.274409,0.258195,0.270379,4399161114,Yahoo Finance
2025-07-23,0.270378,0.270877,0.232087,0.240649,4422461834,Yahoo Finance
2025-07-24,0.240663,0.246478,0.223279,0.231974,4245820253,Yahoo Finance
2025-07-25,0.231974,0.236812,0.221982,0.236812,3502127057,Yahoo Finance
2025-07-26,0.236808,0.239864,0.233185,0.235514,1499470254,Yahoo Finance
2025-07-27,0.235513,0.243574,0.234739,0.240803,1975404021,Yahoo Finance
2025-07-28,0.240803,0.248214,0.224932,0.225226,2900653769,Yahoo Finance
2025-07-29,0.225232,0.232449,0.218313,0.223793,2219777443,Yahoo Finance
2025-07-30,0.223793,0.226144,0.211008,0.219900,2295849760,Yahoo Finance
2025-07-31,0.219900,0.225513,0.209218,0.209873,1775122878,Yahoo Finance
2025-08-01,0.209854,0.212035,0.196777,0.201216,3400021925,Yahoo Finance
2025-08-02,0.201216,0.203219,0.189627,0.191214,2202580408,Yahoo Finance
2025-08-03,0.191214,0.199928,0.189542,0.198864,1383820507,Yahoo Finance
2025-08-04,0.198863,0.211188,0.198653,0.210413,1808700824,Yahoo Finance
2025-08-05,0.210413,0.210878,0.196447,0.199739,1606059547,Yahoo Finance
2025-08-06,0.199740,0.207018,0.195741,0.205255,1273212150,Yahoo Finance
2025-08-07,0.205255,0.222873,0.203543,0.222390,2060907648,Yahoo Finance
2025-08-08,0.222391,0.232236,0.220015,0.230214,2813209061,Yahoo Finance
2025-08-09,0.230219,0.246098,0.229958,0.240325,3167912055,Yahoo Finance
2025-08-10,0.240325,0.243130,0.229978,0.234099,2275130914,Yahoo Finance
2025-08-11,0.234103,0.241408,0.221562,0.222550,2818659723,Yahoo Finance
2025-08-12,0.222551,0.237800,0.219197,0.235666,2721898586,Yahoo Finance
2025-08-13,0.235666,0.249657,0.231602,0.245202,4066944826,Yahoo Finance
2025-08-14,0.245202,0.254779,0.218133,0.223893,5430971906,Yahoo Finance
2025-08-15,0.223894,0.232849,0.220671,0.228613,3284438866,Yahoo Finance
2025-08-16,0.228613,0.235411,0.226397,0.231246,2012788849,Yahoo Finance
2025-08-17,0.231245,0.242348,0.228726,0.234565,2308822296,Yahoo Finance
2025-08-18,0.234565,0.235532,0.220459,0.222425,3221260023,Yahoo Finance
2025-08-19,0.222424,0.225562,0.208966,0.209048,2965240262,Yahoo Finance
2025-08-20,0.209050,0.222722,0.208530,0.221450,3332092604,Yahoo Finance
2025-08-21,0.221450,0.224030,0.214099,0.214749,2146370687,Yahoo Finance
2025-08-22,0.214747,0.241725,0.208751,0.240590,4553800466,Yahoo Finance
2025-08-23,0.240588,0.240593,0.229271,0.236009,2633509850,Yahoo Finance
2025-08-24,0.236021,0.244502,0.228374,0.231798,3243609548,Yahoo Finance
2025-08-25,0.231804,0.234110,0.207201,0.209824,3601938683,Yahoo Finance
2025-08-26,0.209824,0.219824,0.208246,0.218465,2273426712,Yahoo Finance
2025-08-27,0.218462,0.223265,0.216316,0.218919,2291320646,Yahoo Finance
2025-08-28,0.218926,0.225878,0.217237,0.224340,1900714656,Yahoo Finance
2025-08-29,0.224338,0.224628,0.210038,0.214035,2575985418,Yahoo Finance
2025-08-30,0.214034,0.218420,0.212002,0.215980,1092661803,Yahoo Finance
2025-08-31,0.215981,0.220946,0.213563,0.213815,1044727824,Yahoo Finance
2025-09-01,0.213812,0.219626,0.205453,0.210254,2726790335,Yahoo Finance
2025-09-02,0.210252,0.215263,0.206999,0.214818,2083072411,Yahoo Finance
2025-09-03,0.214818,0.223240,0.212659,0.220560,1806352077,Yahoo Finance
2025-09-04,0.220560,0.220892,0.210789,0.212477,1600512717,Yahoo Finance
2025-09-05,0.212469,0.220651,0.212105,0.217904,2429307965,Yahoo Finance
2025-09-06,0.217904,0.218726,0.212552,0.215886,1195532222,Yahoo Finance
2025-09-07,0.215886,0.229052,0.215867,0.228443,1913782985,Yahoo Finance
2025-09-08,0.228443,0.243640,0.226950,0.241881,3729000010,Yahoo Finance
2025-09-09,0.241881,0.248531,0.234089,0.240690,4216668251,Yahoo Finance
2025-09-10,0.240691,0.248039,0.236970,0.245395,2829953595,Yahoo Finance
2025-09-11,0.245392,0.256856,0.244302,0.255658,3760658715,Yahoo Finance
2025-09-12,0.255652,0.278387,0.255165,0.275428,4643519794,Yahoo Finance
2025-09-13,0.275420,0.305642,0.273147,0.289464,9024886352,Yahoo Finance
2025-09-14,0.289463,0.294212,0.273188,0.278590,5708225877,Yahoo Finance
2025-09-15,0.278587,0.281681,0.259829,0.268630,5721394577,Yahoo Finance
2025-09-16,0.268629,0.271562,0.258969,0.269771,4384096063,Yahoo Finance
2025-09-17,0.269771,0.283566,0.262246,0.282464,4837069879,Yahoo Finance
2025-09-18,0.282449,0.287902,0.276461,0.278779,4420244724,Yahoo Finance
2025-09-19,0.278780,0.284022,0.263711,0.265387,3402582767,Yahoo Finance
2025-09-20,0.265388,0.269145,0.263566,0.267749,1791655632,Yahoo Finance
2025-09-21,0.267749,0.269684,0.260830,0.261159,1759685373,Yahoo Finance
2025-09-22,0.261160,0.262041,0.235858,0.241316,5600811076,Yahoo Finance
2025-09-23,0.241315,0.243401,0.234702,0.237388,2979805692,Yahoo Finance
2025-09-24,0.237386,0.250155,0.232086,0.241244,3426936081,Yahoo Finance
2025-09-25,0.241245,0.241934,0.221570,0.222706,4513449818,Yahoo Finance
2025-09-26,0.222714,0.233288,0.222036,0.232629,3136341383,Yahoo Finance
2025-09-27,0.232629,0.234215,0.228247,0.230836,1404236029,Yahoo Finance
2025-09-28,0.230838,0.237472,0.225417,0.237388,1629383714,Yahoo Finance
2025-09-29,0.237389,0.238685,0.229170,0.235057,2451434578,Yahoo Finance
2025-09-30,0.235067,0.235651,0.226797,0.232905,2112968133,Yahoo Finance
2025-10-01,0.232905,0.248365,0.230833,0.248365,2935493861,Yahoo Finance
2025-10-02,0.248372,0.263415,0.247055,0.261937,3466616007,Yahoo Finance
2025-10-03,0.261940,0.264969,0.253547,0.258603,3285893533,Yahoo Finance
2025-10-04,0.258604,0.259405,0.247337,0.250917,2121406683,Yahoo Finance
2025-10-05,0.250915,0.264665,0.249815,0.252954,3422890843,Yahoo Finance
2025-10-06,0.252954,0.270047,0.251322,0.266313,3938750191,Yahoo Finance
2025-10-07,0.266312,0.267863,0.247257,0.247316,4263519773,Yahoo Finance
2025-10-08,0.247316,0.260931,0.244136,0.255563,3136056857,Yahoo Finance
2025-10-09,0.255562,0.255709,0.241941,0.248563,3221293489,Yahoo Finance
2025-10-10,0.248563,0.253624,0.114784,0.193155,8989277920,Yahoo Finance
2025-10-11,0.193155,0.200234,0.179012,0.185443,6948749972,Yahoo Finance
2025-10-12,0.185441,0.214049,0.181756,0.207795,5183180935,Yahoo Finance
2025-10-13,0.207795,0.218270,0.204746,0.213991,4745994514,Yahoo Finance
2025-10-14,0.213991,0.215544,0.195104,0.204532,4841725506,Yahoo Finance
2025-10-15,0.204532,0.207973,0.195098,0.196327,2877365449,Yahoo Finance
2025-10-16,0.196328,0.201235,0.185209,0.188367,3498982322,Yahoo Finance
2025-10-17,0.188366,0.190797,0.176211,0.184842,3317944601,Yahoo Finance
2025-10-18,0.184850,0.190223,0.184532,0.189599,1238849111,Yahoo Finance
2025-10-19,0.189599,0.198535,0.186295,0.195323,1982258702,Yahoo Finance
2025-10-20,0.195324,0.202447,0.191941,0.200114,2148033213,Yahoo Finance
2025-10-21,0.200156,0.205435,0.192332,0.194389,2783675973,Yahoo Finance
2025-10-22,0.194386,0.195314,0.186501,0.190002,2573427089,Yahoo Finance
2025-10-23,0.190002,0.197216,0.189832,0.194844,1769172845,Yahoo Finance
2025-10-24,0.194858,0.199683,0.194402,0.197698,1546313970,Yahoo Finance
2025-10-25,0.197698,0.199718,0.196252,0.196591,1136645097,Yahoo Finance
2025-10-26,0.196590,0.206411,0.194793,0.205670,1679630618,Yahoo Finance
2025-10-27,0.205668,0.209315,0.199803,0.200382,1984421014,Yahoo Finance
2025-10-28,0.200382,0.202907,0.191220,0.193757,2809894306,Yahoo Finance
2025-10-29,0.193755,0.197270,0.189077,0.192390,2590886109,Yahoo Finance
2025-10-30,0.192383,0.194489,0.176786,0.182710,3112664146,Yahoo Finance
2025-10-31,0.182713,0.187756,0.182510,0.186433,1579798665,Yahoo Finance
2025-11-01,0.186432,0.188383,0.185299,0.187281,849876271,Yahoo Finance
2025-11-02,0.187280,0.188677,0.182480,0.186573,967206772,Yahoo Finance
2025-11-03,0.186572,0.186578,0.163827,0.167243,3648984899,Yahoo Finance
2025-11-04,0.167242,0.170885,0.152496,0.162695,4796083616,Yahoo Finance
2025-11-05,0.162695,0.168463,0.155305,0.167380,2522587575,Yahoo Finance
2025-11-06,0.167379,0.167380,0.157731,0.161406,1870692567,Yahoo Finance
2025-11-07,0.161408,0.181384,0.160486,0.178673,2931787387,Yahoo Finance
2025-11-08,0.178674,0.183009,0.173312,0.176182,2236137677,Yahoo Finance
2025-11-09,0.176182,0.180964,0.171679,0.179260,1608940509,Yahoo Finance
2025-11-10,0.179259,0.185019,0.177660,0.181814,2127003685,Yahoo Finance
2025-11-11,0.181813,0.185346,0.171870,0.172025,2107396312,Yahoo Finance
2025-11-12,0.172020,0.178284,0.167481,0.170081,1803938275,Yahoo Finance
2025-11-13,0.170081,0.176795,0.160322,0.164296,2729846444,Yahoo Finance
2025-11-14,0.164296,0.165719,0.155417,0.157466,3090051874,Yahoo Finance
2025-11-15,0.157466,0.164293,0.157465,0.163137,1245164553,Yahoo Finance
2025-11-16,0.163137,0.165328,0.154417,0.158661,1764383845,Yahoo Finance
2025-11-17,0.158661,0.163945,0.150919,0.151892,2792290270,Yahoo Finance
2025-11-18,0.151892,0.162533,0.150102,0.161704,2444487369,Yahoo Finance
2025-11-19,0.161704,0.162097,0.147310,0.154325,2265496568,Yahoo Finance
2025-11-20,0.154325,0.159100,0.146436,0.149092,2500681053,Yahoo Finance
2025-11-21,0.149093,0.150626,0.134114,0.140182,3788412140,Yahoo Finance
2025-11-22,0.140182,0.141906,0.135898,0.140304,1508164780,Yahoo Finance
2025-11-23,0.140304,0.147426,0.139760,0.144831,1345739666,Yahoo Finance
2025-11-24,0.144831,0.153595,0.143780,0.151794,1886500747,Yahoo Finance
2025-11-25,0.151795,0.154739,0.146309,0.152972,1584986684,Yahoo Finance
2025-11-26,0.152972,0.156602,0.148900,0.154778,1505665002,Yahoo Finance
2025-11-27,0.154778,0.155463,0.152359,0.152689,922512953,Yahoo Finance
2025-11-28,0.152690,0.155008,0.148630,0.150280,1307624427,Yahoo Finance
2025-11-29,0.150279,0.150801,0.147619,0.148569,648320199,Yahoo Finance
2025-11-30,0.148569,0.150482,0.146669,0.146669,717631352,Yahoo Finance
2025-12-01,0.146669,0.146671,0.132366,0.135588,1935250412,Yahoo Finance
2025-12-02,0.135588,0.147246,0.134701,0.145972,1442143940,Yahoo Finance
2025-12-03,0.145970,0.152919,0.145390,0.151944,1522255570,Yahoo Finance
2025-12-04,0.151920,0.152731,0.145984,0.147503,1232527768,Yahoo Finance
2025-12-05,0.147503,0.148284,0.137661,0.139632,1279447426,Yahoo Finance
2025-12-06,0.139632,0.140585,0.138565,0.139743,637344481,Yahoo Finance
2025-12-07,0.139745,0.142832,0.135271,0.138576,1065448744,Yahoo Finance
2025-12-08,0.138571,0.144608,0.138245,0.142599,1167700280,Yahoo Finance
2025-12-09,0.142600,0.152913,0.139627,0.148037,1669844829,Yahoo Finance
2025-12-10,0.148037,0.150121,0.142825,0.143515,1454774688,Yahoo Finance
2025-12-11,0.143499,0.143543,0.136535,0.140384,1459697025,Yahoo Finance
2025-12-12,0.140384,0.141390,0.134709,0.136949,1065894918,Yahoo Finance
2025-12-13,0.136949,0.139904,0.136947,0.139166,519857549,Yahoo Finance
2025-12-14,0.139166,0.139238,0.133396,0.134164,831077847,Yahoo Finance
2025-12-15,0.134165,0.138075,0.127318,0.129732,1383279585,Yahoo Finance
2025-12-16,0.129732,0.132933,0.128218,0.131740,1026120710,Yahoo Finance
2025-12-17,0.131741,0.135922,0.125113,0.126175,1368935538,Yahoo Finance
2025-12-18,0.126176,0.130420,0.120234,0.122047,1762583322,Yahoo Finance
2025-12-19,0.122048,0.133113,0.120733,0.132214,1479134848,Yahoo Finance
2025-12-20,0.132215,0.132452,0.130772,0.131952,537943591,Yahoo Finance
2025-12-21,0.131952,0.132997,0.128908,0.131058,662389637,Yahoo Finance
2025-12-22,0.131057,0.134988,0.130000,0.132434,1123402771,Yahoo Finance
2025-12-23,0.132434,0.133500,0.128213,0.129195,920201581,Yahoo Finance
2025-12-24,0.129193,0.130181,0.126715,0.128518,638034560,Yahoo Finance
2025-12-25,0.128517,0.128858,0.123253,0.123545,726734769,Yahoo Finance
2025-12-26,0.123545,0.127244,0.120775,0.122013,1170409215,Yahoo Finance
2025-12-27,0.122013,0.124485,0.121919,0.124224,481541479,Yahoo Finance
2025-12-28,0.124225,0.124725,0.122815,0.123825,458322998,Yahoo Finance
2025-12-29,0.123825,0.127817,0.122229,0.122730,1128737873,Yahoo Finance
2025-12-30,0.122730,0.124886,0.122391,0.123276,915801292,Yahoo Finance
2025-12-31,0.123276,0.123539,0.116188,0.117294,1037180935,Yahoo Finance
2026-01-01,0.117293,0.126957,0.117293,0.126680,1303368853,Yahoo Finance
2026-01-02,0.126683,0.144536,0.125870,0.141673,3130956326,Yahoo Finance
2026-01-03,0.141673,0.144129,0.139617,0.143058,1603761211,Yahoo Finance
2026-01-04,0.143059,0.153908,0.143031,0.149308,2329346323,Yahoo Finance
2026-01-05,0.149307,0.153535,0.146479,0.151818,2074134256,Yahoo Finance
2026-01-06,0.151817,0.156091,0.143881,0.150633,2233301980,Yahoo Finance
2026-01-07,0.150632,0.153616,0.145259,0.146255,1527678668,Yahoo Finance
2026-01-08,0.146256,0.147381,0.138402,0.141995,1645615672,Yahoo Finance
2026-01-09,0.141987,0.143796,0.138527,0.140480,1302798478,Yahoo Finance
2026-01-10,0.140480,0.140515,0.139047,0.139473,468571514,Yahoo Finance
2026-01-11,0.139475,0.140862,0.135924,0.137737,816409422,Yahoo Finance
2026-01-12,0.137736,0.142084,0.135498,0.136540,1327503214,Yahoo Finance
2026-01-13,0.136540,0.150190,0.136202,0.148095,1732372910,Yahoo Finance
2026-01-14,0.148096,0.151069,0.145662,0.147223,1778999507,Yahoo Finance
2026-01-15,0.147221,0.147226,0.139002,0.139995,1541885031,Yahoo Finance
2026-01-16,0.139995,0.140315,0.135354,0.138059,1398269621,Yahoo Finance
2026-01-17,0.138059,0.139742,0.136918,0.137792,617323254,Yahoo Finance
2026-01-18,0.137792,0.138236,0.131643,0.131659,808975310,Yahoo Finance
2026-01-19,0.131658,0.131664,0.124641,0.129067,1914066465,Yahoo Finance
2026-01-20,0.129068,0.129135,0.123163,0.123267,1323990723,Yahoo Finance
2026-01-21,0.123267,0.128539,0.120743,0.126480,1594881270,Yahoo Finance
2026-01-22,0.126480,0.127742,0.123237,0.124207,827497183,Yahoo Finance
2026-01-23,0.124207,0.127298,0.122183,0.124646,904439765,Yahoo Finance
2026-01-24,0.124646,0.124689,0.123002,0.124096,377237700,Yahoo Finance
2026-01-25,0.124096,0.124138,0.117833,0.119299,1040862578,Yahoo Finance
2026-01-26,0.119301,0.123510,0.119275,0.122300,1151054520,Yahoo Finance
2026-01-27,0.122300,0.126286,0.121439,0.126010,1096515615,Yahoo Finance
2026-01-28,0.126010,0.127272,0.123790,0.124873,1064072731,Yahoo Finance
2026-01-29,0.124875,0.124902,0.114489,0.117099,1681357064,Yahoo Finance
2026-01-30,0.117099,0.118353,0.112456,0.115663,1638538810,Yahoo Finance
2026-01-31,0.115663,0.115663,0.099590,0.104099,2644125762,Yahoo Finance
2026-02-01,0.104098,0.106534,0.101636,0.104344,1460160286,Yahoo Finance
2026-02-02,0.104341,0.110035,0.099736,0.107864,1987430619,Yahoo Finance
2026-02-03,0.107864,0.109996,0.102348,0.105646,1957004305,Yahoo Finance
2026-02-04,0.105644,0.109096,0.101451,0.103767,1647515646,Yahoo Finance
2026-02-05,0.103767,0.104288,0.087361,0.088286,3236639682,Yahoo Finance
2026-02-06,0.088286,0.101416,0.081573,0.098489,3019798108,Yahoo Finance
2026-02-07,0.098488,0.099254,0.094956,0.098277,1554578203,Yahoo Finance
2026-02-08,0.098277,0.098539,0.095297,0.096738,813743324,Yahoo Finance
2026-02-09,0.096736,0.097114,0.092585,0.096021,945795680,Yahoo Finance
2026-02-10,0.096022,0.096415,0.092120,0.092699,840498107,Yahoo Finance
2026-02-11,0.092699,0.093485,0.088326,0.091049,1032329246,Yahoo Finance
2026-02-12,0.091049,0.094370,0.090883,0.092989,851954055,Yahoo Finance
2026-02-13,0.092989,0.097447,0.091801,0.096582,879500779,Yahoo Finance
2026-02-14,0.096583,0.113120,0.096360,0.111169,1609438576,Yahoo Finance
2026-02-15,0.111168,0.117099,0.101759,0.102657,2563783568,Yahoo Finance
2026-02-16,0.102657,0.103361,0.098834,0.100982,1222534498,Yahoo Finance
2026-02-17,0.100982,0.103004,0.098597,0.100631,986666468,Yahoo Finance
2026-02-18,0.100631,0.102227,0.097665,0.098513,729291583,Yahoo Finance
2026-02-19,0.098513,0.099005,0.096203,0.098290,800628206,Yahoo Finance
2026-02-20,0.098291,0.102117,0.095929,0.100123,1090061835,Yahoo Finance
2026-02-21,0.100123,0.100866,0.098473,0.098478,500345490,Yahoo Finance
2026-02-22,0.098478,0.098481,0.094757,0.095453,528956200,Yahoo Finance
2026-02-23,0.095452,0.097450,0.091734,0.092573,1060468925,Yahoo Finance
2026-02-24,0.092573,0.093332,0.090341,0.091462,812929133,Yahoo Finance
2026-02-25,0.091462,0.105746,0.091053,0.100739,1718365946,Yahoo Finance
2026-02-26,0.100738,0.101444,0.095665,0.097029,1132980994,Yahoo Finance
2026-02-27,0.097029,0.098991,0.092543,0.093370,1000779753,Yahoo Finance
2026-02-28,0.093370,0.094661,0.087917,0.094064,1541167339,Yahoo Finance
2026-03-01,0.094064,0.097469,0.090669,0.091929,1305707878,Yahoo Finance
2026-03-02,0.091929,0.097244,0.090868,0.093547,1243748292,Yahoo Finance
2026-03-03,0.093547,0.093673,0.088723,0.090033,1332806985,Yahoo Finance
2026-03-04,0.090033,0.104020,0.088802,0.099028,2557379537,Yahoo Finance
2026-03-05,0.099028,0.099103,0.092915,0.093536,1361504900,Yahoo Finance
2026-03-06,0.093536,0.094254,0.090066,0.091262,1016580083,Yahoo Finance
2026-03-07,0.091262,0.091942,0.089541,0.089937,549955367,Yahoo Finance
2026-03-08,0.089937,0.091205,0.087440,0.089163,902261216,Yahoo Finance
2026-03-09,0.089163,0.092534,0.089125,0.090382,1143463665,Yahoo Finance
2026-03-10,0.090384,0.100138,0.090384,0.094547,2001286838,Yahoo Finance
2026-03-11,0.094547,0.094629,0.091635,0.092886,1392246716,Yahoo Finance
2026-03-12,0.092887,0.095718,0.091909,0.094736,1086419780,Yahoo Finance
2026-03-13,0.094736,0.101596,0.094723,0.095945,2062953190,Yahoo Finance
2026-03-14,0.095945,0.096379,0.094147,0.095991,796905714,Yahoo Finance
2026-03-15,0.095991,0.097955,0.094670,0.097394,970107780,Yahoo Finance
2026-03-16,0.097396,0.103403,0.097126,0.103141,2434118912,Yahoo Finance
2026-03-17,0.103141,0.104164,0.098647,0.100159,1527791766,Yahoo Finance
2026-03-18,0.100161,0.101733,0.093410,0.095183,1574300234,Yahoo Finance
2026-03-19,0.095183,0.095932,0.091886,0.093552,959041027,Yahoo Finance
2026-03-20,0.093552,0.095267,0.092990,0.094171,760919548,Yahoo Finance
2026-03-21,0.094172,0.094909,0.091116,0.091216,522903398,Yahoo Finance
2026-03-22,0.091224,0.092752,0.089305,0.090104,938057621,Yahoo Finance
2026-03-23,0.090104,0.095634,0.089350,0.094188,1613527933,Yahoo Finance
2026-03-24,0.094191,0.095484,0.092496,0.095103,1055241754,Yahoo Finance
2026-03-25,0.095103,0.097720,0.094504,0.096119,1200850547,Yahoo Finance
2026-03-26,0.096119,0.096188,0.090660,0.092022,1220182628,Yahoo Finance
2026-03-27,0.092022,0.092578,0.089358,0.090017,855528672,Yahoo Finance
2026-03-28,0.090018,0.094996,0.089700,0.090887,979449553,Yahoo Finance
2026-03-29,0.090887,0.091499,0.088625,0.090397,736546723,Yahoo Finance
2026-03-30,0.090397,0.093631,0.090339,0.090711,1173367524,Yahoo Finance
2026-03-31,0.090711,0.092594,0.089422,0.092208,1084425209,Yahoo Finance
2026-04-01,0.092208,0.094346,0.091637,0.092191,991662262,Yahoo Finance
2026-04-02,0.092191,0.092597,0.089229,0.090374,1039856118,Yahoo Finance
2026-04-03,0.090374,0.092431,0.089982,0.091535,678899030,Yahoo Finance
2026-04-04,0.091535,0.092943,0.090801,0.092018,482063762,Yahoo Finance
2026-04-05,0.092018,0.092320,0.089798,0.092267,659625530,Yahoo Finance
2026-04-06,0.092267,0.093369,0.090092,0.090595,1118708956,Yahoo Finance
2026-04-07,0.090595,0.095837,0.090123,0.095036,1483465291,Yahoo Finance
2026-04-08,0.095036,0.095196,0.092280,0.092397,1434291416,Yahoo Finance
2026-04-09,0.092397,0.094606,0.091050,0.092530,1472976981,Yahoo Finance
2026-04-10,0.092530,0.095159,0.092060,0.093734,1303958868,Yahoo Finance
2026-04-11,0.093734,0.094771,0.092429,0.093112,1023168856,Yahoo Finance
2026-04-12,0.093112,0.093226,0.090443,0.090834,1255120519,Yahoo Finance
2026-04-13,0.090834,0.094286,0.090780,0.094126,1505950736,Yahoo Finance
2026-04-14,0.094126,0.097444,0.092582,0.093012,2377788953,Yahoo Finance
2026-04-15,0.093011,0.096415,0.092754,0.094919,1330401093,Yahoo Finance
2026-04-16,0.094919,0.099647,0.094633,0.099196,2821086478,Yahoo Finance
2026-04-17,0.099198,0.101999,0.096788,0.099545,2698889767,Yahoo Finance
2026-04-18,0.099545,0.099679,0.094453,0.094904,1628522617,Yahoo Finance
2026-04-19,0.094902,0.095996,0.092743,0.093060,1874450943,Yahoo Finance
2026-04-20,0.093059,0.096021,0.093058,0.095246,1385975118,Yahoo Finance
2026-04-21,0.095244,0.095876,0.093721,0.095151,1043337281,Yahoo Finance
2026-04-22,0.095152,0.098472,0.094933,0.095738,1646535784,Yahoo Finance
2026-04-23,0.095739,0.097944,0.095386,0.097203,1613587143,Yahoo Finance
2026-04-24,0.097203,0.099160,0.097003,0.098456,1600279263,Yahoo Finance
2026-04-25,0.098456,0.099008,0.097470,0.098048,902226862,Yahoo Finance
2026-04-26,0.098048,0.099786,0.097570,0.099289,1062539949,Yahoo Finance
2026-04-27,0.099289,0.100704,0.097099,0.098978,1599145745,Yahoo Finance
2026-04-28,0.098980,0.100481,0.098166,0.099379,1800926086,Yahoo Finance
2026-04-29,0.099379,0.110357,0.099329,0.104018,4576701689,Yahoo Finance
2026-04-30,0.104018,0.108146,0.104003,0.106493,2544825095,Yahoo Finance
2026-05-01,0.106493,0.110403,0.106471,0.108394,2242834148,Yahoo Finance
2026-05-02,0.108394,0.109149,0.107291,0.108446,1160422010,Yahoo Finance
2026-05-03,0.108446,0.109450,0.107227,0.108274,1023645466,Yahoo Finance
2026-05-04,0.108274,0.113469,0.107799,0.110172,2664862403,Yahoo Finance
2026-05-05,0.110168,0.116183,0.110097,0.114884,1813436313,Yahoo Finance
2026-05-06,0.114884,0.116875,0.112092,0.112427,2419876400,Yahoo Finance
2026-05-07,0.112428,0.112441,0.107389,0.107810,1654526434,Yahoo Finance
2026-05-08,0.107810,0.109607,0.105806,0.109456,1287284889,Yahoo Finance
2026-05-09,0.109456,0.111036,0.108175,0.108717,842193893,Yahoo Finance
2026-05-10,0.108717,0.112696,0.107572,0.112518,1381684972,Yahoo Finance
2026-05-11,0.112518,0.112544,0.108580,0.111275,1467112252,Yahoo Finance
2026-05-12,0.111275,0.111496,0.107627,0.110016,1220750077,Yahoo Finance
2026-05-13,0.110016,0.114504,0.109921,0.112710,1961859469,Yahoo Finance
2026-05-14,0.112710,0.118255,0.112094,0.115290,2701345396,Yahoo Finance
2026-05-15,0.115291,0.117219,0.111000,0.113359,1734943099,Yahoo Finance
2026-05-16,0.113357,0.113358,0.107882,0.109362,1040833248,Yahoo Finance
2026-05-17,0.109362,0.112620,0.107083,0.108775,958511707,Yahoo Finance
2026-05-18,0.108775,0.108950,0.102634,0.104651,1572790953,Yahoo Finance
2026-05-19,0.104651,0.105257,0.102631,0.102923,678087083,Yahoo Finance
2026-05-20,0.102923,0.104633,0.101969,0.103574,718673911,Yahoo Finance
2026-05-21,0.103574,0.106358,0.103570,0.105494,915330742,Yahoo Finance
2026-05-22,0.105495,0.106527,0.101779,0.102255,782017162,Yahoo Finance
2026-05-23,0.102255,0.104739,0.098181,0.102982,1148990404,Yahoo Finance
2026-05-24,0.102982,0.103461,0.100581,0.102194,576461248,Yahoo Finance
2026-05-25,0.102194,0.103487,0.101670,0.102067,512022709,Yahoo Finance
2026-05-26,0.102067,0.103648,0.100286,0.100909,794020531,Yahoo Finance
2026-05-27,0.100909,0.102848,0.099835,0.100416,804090270,Yahoo Finance
2026-05-28,0.100416,0.100643,0.096755,0.099413,965939870,Yahoo Finance
2026-05-29,0.099413,0.100964,0.097528,0.099639,713308044,Yahoo Finance
2026-05-30,0.099639,0.101613,0.099434,0.100385,573303190,Yahoo Finance
2026-05-31,0.100385,0.101190,0.099083,0.100256,519375538,Yahoo Finance
2026-06-01,0.100255,0.101337,0.097773,0.100736,1085202118,Yahoo Finance
2026-06-02,0.100736,0.101046,0.091400,0.092578,1479233067,Yahoo Finance
2026-06-03,0.092576,0.094344,0.090779,0.091358,956689831,Yahoo Finance
2026-06-04,0.091358,0.091643,0.086762,0.088380,1454997905,Yahoo Finance
2026-06-05,0.088380,0.088573,0.079183,0.081360,1953394364,Yahoo Finance
2026-06-06,0.081360,0.082881,0.078095,0.081853,938400078,Yahoo Finance
2026-06-07,0.081853,0.086904,0.081683,0.086089,824946985,Yahoo Finance
2026-06-08,0.086090,0.087433,0.084441,0.086288,653338940,Yahoo Finance
2026-06-09,0.086288,0.086630,0.083269,0.084787,760706416,Yahoo Finance
2026-06-10,0.084786,0.085082,0.081917,0.082955,603745819,Yahoo Finance
2026-06-11,0.082953,0.086878,0.082919,0.085975,620809279,Yahoo Finance
2026-06-12,0.085975,0.091694,0.085135,0.085964,1233803732,Yahoo Finance
2026-06-13,0.085965,0.088708,0.085847,0.087871,594340596,Yahoo Finance
2026-06-14,0.087871,0.088906,0.085738,0.088766,548008068,Yahoo Finance
2026-06-15,0.088766,0.090746,0.087864,0.088109,991467900,Yahoo Finance
2026-06-16,0.088109,0.088850,0.086329,0.087115,695949486,Yahoo Finance
2026-06-17,0.087115,0.087946,0.085014,0.085797,582872315,Yahoo Finance
2026-06-18,0.085796,0.086432,0.081907,0.083425,534177121,Yahoo Finance
2026-06-19,0.083425,0.083831,0.081891,0.083528,364426485,Yahoo Finance
2026-06-20,0.083527,0.084208,0.082628,0.083596,357318788,Yahoo Finance
2026-06-21,0.083596,0.083679,0.082161,0.082172,306721310,Yahoo Finance
2026-06-22,0.082172,0.084942,0.081944,0.082406,450831568,Yahoo Finance
2026-06-23,0.082406,0.082582,0.078304,0.078841,661419088,Yahoo Finance
2026-06-24,0.078841,0.079603,0.072967,0.076011,943832498,Yahoo Finance
2026-06-25,0.076011,0.077274,0.072059,0.074787,824804872,Yahoo Finance
2026-06-26,0.074787,0.075936,0.072267,0.075662,775998512,Yahoo Finance
2026-06-27,0.075662,0.076250,0.074244,0.074430,423128832,Yahoo Finance
2026-06-28,0.074430,0.074555,0.072263,0.073093,451615344,Yahoo Finance
2026-06-29,0.073093,0.073977,0.071951,0.073285,632551100,Yahoo Finance
2026-06-30,0.073285,0.073408,0.069611,0.071994,804871522,Yahoo Finance
2026-07-01,0.071995,0.073660,0.070785,0.072177,634691110,Yahoo Finance
2026-07-02,0.072177,0.075338,0.071682,0.074080,720590514,Yahoo Finance
2026-07-03,0.074080,0.078229,0.073887,0.077490,686589926,Yahoo Finance
2026-07-04,0.077490,0.079234,0.076588,0.077589,637816413,Yahoo Finance
2026-07-05,0.077588,0.078631,0.075383,0.077734,576175431,Yahoo Finance
2026-07-06,0.077734,0.078143,0.074459,0.076583,796943568,Yahoo Finance
2026-07-07,0.076583,0.076899,0.073874,0.074184,614095619,Yahoo Finance
2026-07-08,0.074184,0.074325,0.071068,0.072311,623046331,Yahoo Finance
2026-07-09,0.072311,0.073490,0.072028,0.072859,474045659,Yahoo Finance
2026-07-10,0.072858,0.074568,0.072682,0.074047,490630557,Yahoo Finance
2026-07-11,0.074046,0.075464,0.073269,0.073269,418621412,Yahoo Finance
2026-07-12,0.073270,0.073782,0.072398,0.072683,410320711,Yahoo Finance
2026-07-13,0.072683,0.073952,0.070974,0.071851,482776650,Yahoo Finance
2026-07-14,0.071851,0.075250,0.071403,0.074441,626004788,Yahoo Finance
2026-07-15,0.074440,0.075152,0.073428,0.074044,643787478,Yahoo Finance
2026-07-16,0.074043,0.074314,0.072152,0.072341,479419102,Yahoo Finance
2026-07-17,0.072341,0.072841,0.071073,0.072511,481867256,Yahoo Finance
2026-07-18,0.072510,0.072711,0.071956,0.072469,288703070,Yahoo Finance
2026-07-19,0.072469,0.072734,0.071879,0.072310,317317635,Yahoo Finance
2026-07-20,0.072310,0.073483,0.071268,0.072139,688263015,Yahoo Finance
2026-07-21,0.072140,0.073703,0.071926,0.073282,563152290,Yahoo Finance
2026-07-22,0.073284,0.073768,0.072121,0.072952,550152848,Yahoo Finance
2026-07-23,0.072952,0.073157,0.068756,0.069133,826187083,Yahoo Finance
2026-07-24,0.069133,0.070037,0.068293,0.069521,668668235,Yahoo Finance
2026-07-25,0.069521,0.073479,0.069201,0.071675,683104351,Yahoo Finance
2026-07-26,0.071675,0.073804,0.071590,0.073297,614864450,Yahoo Finance
2026-07-27,0.073297,0.073304,0.070199,0.070334,574579762,Yahoo Finance
2026-07-28,0.070334,0.071277,0.069341,0.070750,576281369,Yahoo Finance
2026-07-29,0.070751,0.071027,0.069092,0.070074,593504603,Yahoo Finance
2026-07-30,0.070074,0.070911,0.069614,0.070552,487290066,Yahoo Finance
2026-07-31,0.070552,0.070853,0.068702,0.069520,566191793,Yahoo Finance
2026-08-01,0.069520,0.070165,0.067973,0.069072,420631180,Yahoo Finance
2026-08-02,0.069072,0.071173,0.069072,0.070679,422700048,Yahoo Finance
2026-08-03,0.070680,0.070731,0.068959,0.070144,479807812,Yahoo Finance
2026-08-04,0.070144,0.070526,0.069799,0.070043,401984213,Yahoo Finance
2026-08-05,0.070044,0.070434,0.069325,0.069982,413765662,Yahoo Finance
2026-08-06,0.069982,0.070071,0.068349,0.068988,406618557,Yahoo Finance
2026-08-07,0.068987,0.070122,0.068865,0.069623,456543350,Yahoo Finance
2026-08-08,0.069623,0.071406,0.069570,0.070391,389867619,Yahoo Finance
2026-08-09,0.070391,0.070815,0.069252,0.069255,312351818,Yahoo Finance
2026-08-10,0.069255,0.070055,0.069182,0.069688,369763045,Yahoo Finance
2026-08-11,0.069688,0.072864,0.069608,0.071831,539009187,Yahoo Finance
2026-08-12,0.071831,0.072403,0.068951,0.069592,498657507,Yahoo Finance
2026-08-13,0.069593,0.070725,0.069593,0.070089,309518926,Yahoo Finance
2026-08-14,0.070089,0.070279,0.069189,0.070002,247717787,Yahoo Finance
2026-08-15,0.070002,0.070439,0.069498,0.069550,176737108,Yahoo Finance
2026-08-16,0.069550,0.070054,0.069289,0.069482,195718032,Yahoo Finance
2026-08-17,0.069482,0.070510,0.069464,0.070348,306135508,Yahoo Finance
2026-08-18,0.070350,0.070472,0.069612,0.070213,290520298,Yahoo Finance
2026-08-19,0.070214,0.076184,0.069834,0.074972,877902423,Yahoo Finance
2026-08-20,0.074971,0.083243,0.074471,0.080422,1541557560,Yahoo Finance
2026-08-21,0.080423,0.094227,0.080400,0.091627,2201173402,Yahoo Finance
2026-08-22,0.091626,0.099979,0.087992,0.091952,3404861007,Yahoo Finance
2026-08-23,0.091953,0.094390,0.088982,0.093418,1323580928,Yahoo Finance
2026-08-24,0.093418,0.093425,0.088470,0.089910,1363440627,Yahoo Finance
2026-08-25,0.089910,0.092958,0.085279,0.085716,1122888607,Yahoo Finance
2026-08-26,0.085715,0.087753,0.083996,0.087741,738992340,Yahoo Finance
2026-08-27,0.087740,0.089884,0.086298,0.089143,834834507,Yahoo Finance
2026-08-28,0.089141,0.090107,0.083910,0.085219,869184736,Yahoo Finance
2026-08-29,0.085218,0.085608,0.084284,0.085281,348058007,Yahoo Finance
2026-08-30,0.085281,0.086424,0.081169,0.082097,667536995,Yahoo Finance
2026-08-31,0.082095,0.083800,0.081551,0.082814,563787768,Yahoo Finance
2026-09-01,0.082814,0.083864,0.080942,0.081645,634877651,Yahoo Finance
2026-09-02,0.081645,0.081982,0.080283,0.081636,648266844,Yahoo Finance
2026-09-03,0.081636,0.089773,0.081279,0.087781,1215155961,Yahoo Finance
2026-09-04,0.087781,0.088171,0.084032,0.084815,1027896104,Yahoo Finance
2026-09-05,0.084816,0.094209,0.084502,0.089684,1323590367,Yahoo Finance
2026-09-06,0.089683,0.091873,0.088308,0.090819,1026914316,Yahoo Finance
2026-09-07,0.090822,0.091700,0.088813,0.090627,927287322,Yahoo Finance
2026-09-08,0.090629,0.091472,0.088278,0.089994,1013827765,Yahoo Finance
2026-09-09,0.089994,0.091456,0.085309,0.086163,1047109420,Yahoo Finance
2026-09-10,0.086163,0.086200,0.082850,0.082914,898538634,Yahoo Finance
2026-09-11,0.082915,0.087801,0.082895,0.084284,929079065,Yahoo Finance
2026-09-12,0.084286,0.085264,0.084152,0.084853,346142564,Yahoo Finance
2026-09-13,0.084853,0.085128,0.082202,0.082421,417755598,Yahoo Finance
2026-09-14,0.082421,0.085954,0.082081,0.083632,746197216,Yahoo Finance
2026-09-15,0.083632,0.083881,0.079016,0.080076,983582349,Yahoo Finance
2026-09-16,0.080076,0.080925,0.078405,0.080866,800535316,Yahoo Finance
2026-09-17,0.080864,0.082334,0.080488,0.081718,621490965,Yahoo Finance
2026-09-18,0.081718,0.088549,0.081380,0.087411,1428256992,Yahoo Finance
2026-09-19,0.087411,0.090990,0.086533,0.087722,1165656069,Yahoo Finance
2026-09-20,0.087721,0.087758,0.084541,0.087283,924305412,Yahoo Finance
2026-09-21,0.087283,0.101702,0.087276,0.099622,3256030668,Yahoo Finance
2026-09-22,0.099623,0.105281,0.097528,0.100367,2758120977,Yahoo Finance
2026-09-23,0.100368,0.104187,0.091746,0.092690,2426774618,Yahoo Finance
2026-09-24,0.092690,0.096959,0.091779,0.095750,1374017121,Yahoo Finance
2026-09-25,0.095752,0.099596,0.094678,0.098948,1463989426,Yahoo Finance
2026-09-26,0.098947,0.099385,0.095447,0.096766,761294016,Yahoo Finance
2026-09-27,0.096766,0.098788,0.095538,0.097034,951351908,Yahoo Finance
2026-09-28,0.097036,0.097677,0.091964,0.093875,1449317553,Yahoo Finance
2026-09-29,0.093874,0.096247,0.091909,0.093856,974007886,Yahoo Finance
2026-09-30,0.093856,0.097656,0.092952,0.094472,1210341334,Yahoo Finance
