date,open,high,low,close,volume,source
2000-01-03,39.069944,39.390189,36.330066,37.112888,12030800,Yahoo Finance
2000-01-04,36.436812,36.614726,34.871168,35.155830,8774500,Yahoo Finance
2000-01-05,35.155817,35.867474,34.728824,35.867474,6931400,Yahoo Finance
2000-01-06,35.084657,35.298154,34.159504,34.159504,6603400,Yahoo Finance
2000-01-07,35.155838,36.152157,34.586512,36.152157,6201600,Yahoo Finance
2000-01-10,35.298162,36.187732,35.298162,35.974236,5453000,Yahoo Finance
2000-01-11,36.116584,36.223333,34.871185,35.049099,4371500,Yahoo Finance
2000-01-12,35.049078,35.333741,34.550919,34.764416,4599400,Yahoo Finance
2000-01-13,35.369347,35.582844,35.013518,35.369347,4538900,Yahoo Finance
2000-01-14,35.511645,35.547228,34.835572,35.262566,4578000,Yahoo Finance
2000-01-18,34.871173,34.871173,34.230683,34.444180,5322000,Yahoo Finance
2000-01-19,34.230697,35.547262,34.230697,35.227016,5176400,Yahoo Finance
2000-01-20,35.049087,35.155836,34.088351,34.622093,7213400,Yahoo Finance
2000-01-21,35.013492,35.013492,33.839259,34.159504,6682900,Yahoo Finance
2000-01-24,34.693255,34.693255,32.273623,33.020863,7339600,Yahoo Finance
2000-01-25,32.451536,32.522702,31.241720,31.953377,10252400,Yahoo Finance
2000-01-26,31.846638,32.842957,31.348478,32.665043,8468400,Yahoo Finance
2000-01-27,32.949707,33.874861,31.988971,33.163204,6915900,Yahoo Finance
2000-01-28,32.451543,32.700622,31.597555,31.668720,7425100,Yahoo Finance
2000-01-31,32.166875,32.344789,31.348470,32.238041,5958600,Yahoo Finance
2000-02-01,32.415962,35.298172,32.344797,35.298172,10950500,Yahoo Finance
2000-02-02,34.728841,35.013504,33.946019,34.586510,5862100,Yahoo Finance
2000-02-03,34.444180,34.515345,33.590192,34.444180,4008800,Yahoo Finance
2000-02-04,34.728837,35.013500,34.337426,34.800003,4063900,Yahoo Finance
2000-02-07,34.728837,34.728837,33.590187,33.590187,3796600,Yahoo Finance
2000-02-08,34.017191,34.977927,33.910442,34.728848,4501700,Yahoo Finance
2000-02-09,34.906741,34.906741,33.447845,33.447845,5289700,Yahoo Finance
2000-02-10,33.590174,34.123916,33.234346,33.910419,3644900,Yahoo Finance
2000-02-11,33.874838,34.444163,33.696924,34.195084,4647100,Yahoo Finance
2000-02-14,33.874852,34.444178,33.839269,34.337429,3173900,Yahoo Finance
2000-02-15,34.195092,34.266257,33.625767,34.017178,3531100,Yahoo Finance
2000-02-16,33.447864,33.803692,31.739888,32.593876,6829800,Yahoo Finance
2000-02-17,32.593873,32.700622,30.494486,31.028229,10785700,Yahoo Finance
2000-02-18,31.063802,31.775458,30.067483,30.601225,10402700,Yahoo Finance
2000-02-22,30.814711,31.633115,30.245386,30.530048,8019200,Yahoo Finance
2000-02-23,30.850312,31.312889,30.103073,31.206141,6533700,Yahoo Finance
2000-02-24,31.277303,31.419634,29.960738,30.209818,7763600,Yahoo Finance
2000-02-25,30.458897,30.885891,30.031903,30.174234,6155600,Yahoo Finance
2000-02-28,30.601229,32.380370,30.138652,32.344788,8120100,Yahoo Finance
2000-02-29,32.700612,33.269937,32.344784,32.736195,7119900,Yahoo Finance
2000-03-01,32.914119,33.198782,30.921481,31.668720,6504000,Yahoo Finance
2000-03-02,31.633144,32.024555,30.850321,31.384064,5352000,Yahoo Finance
2000-03-03,31.597554,31.775468,30.957063,31.028229,5832800,Yahoo Finance
2000-03-06,30.957062,31.134976,30.245406,30.672400,4821800,Yahoo Finance
2000-03-07,31.336148,31.336148,29.057155,29.840559,8491900,Yahoo Finance
2000-03-08,29.804955,30.623969,29.448863,29.911783,6631400,Yahoo Finance
2000-03-09,30.374693,31.621017,29.484461,31.514189,5736400,Yahoo Finance
2000-03-10,31.692244,31.799072,30.410311,30.481529,4456000,Yahoo Finance
2000-03-13,29.983015,30.303498,29.520094,30.196671,4412500,Yahoo Finance
2000-03-14,30.054233,30.374716,29.555703,29.804968,5094600,Yahoo Finance
2000-03-15,29.983006,32.618092,29.555694,32.475655,8097100,Yahoo Finance
2000-03-16,33.615135,35.253161,33.401479,35.039505,12165000,Yahoo Finance
2000-03-17,35.039515,36.784369,35.039515,36.000965,13587500,Yahoo Finance
2000-03-20,36.143401,36.535103,35.288779,36.250229,5350300,Yahoo Finance
2000-03-21,36.250216,36.855573,35.217547,36.178997,5552300,Yahoo Finance
2000-03-22,35.538047,36.428278,34.825861,35.929749,4746500,Yahoo Finance
2000-03-23,35.929757,36.641942,35.431227,36.535114,5540300,Yahoo Finance
2000-03-24,36.463892,37.211686,36.179018,36.677547,5903600,Yahoo Finance
2000-03-27,36.677547,36.819985,35.894144,36.677547,3828000,Yahoo Finance
2000-03-28,35.929744,37.460942,35.894134,36.463882,4848400,Yahoo Finance
2000-03-29,36.962429,39.063376,36.962429,39.027767,6944300,Yahoo Finance
2000-03-30,38.742871,39.633102,37.567765,38.173122,7934300,Yahoo Finance
2000-03-31,38.173135,38.351181,36.606327,36.748764,5169700,Yahoo Finance
2000-04-03,37.318518,38.778499,37.282909,38.742889,5898500,Yahoo Finance
2000-04-04,38.600448,39.098978,36.143408,36.819984,8188500,Yahoo Finance
2000-04-05,36.179008,36.819975,35.894134,36.463882,5348300,Yahoo Finance
2000-04-06,36.428264,38.173118,36.036563,37.567760,4234800,Yahoo Finance
2000-04-07,37.674611,38.351187,36.535114,36.535114,3425100,Yahoo Finance
2000-04-10,37.104859,38.315574,36.606329,37.995090,3992300,Yahoo Finance
2000-04-11,37.425334,38.386784,37.389724,38.386784,3714600,Yahoo Finance
2000-04-12,38.849714,39.882383,37.603390,37.603390,7081600,Yahoo Finance
2000-04-13,37.781430,37.781430,34.184894,35.609264,7953100,Yahoo Finance
2000-04-14,34.184898,34.327335,32.440044,34.327335,7695600,Yahoo Finance
2000-04-17,32.119551,33.152219,31.514193,32.618080,8667000,Yahoo Finance
2000-04-18,32.475639,33.793181,31.941500,33.472698,7233700,Yahoo Finance
2000-04-19,33.437089,34.184883,32.831732,33.472698,5078400,Yahoo Finance
2000-04-20,33.116630,33.686379,32.618100,33.401505,4111100,Yahoo Finance
2000-04-24,33.045399,35.181955,32.974181,33.935631,4850200,Yahoo Finance
2000-04-25,34.327332,34.362941,33.437100,33.615147,5227700,Yahoo Finance
2000-04-26,33.900024,34.683428,33.864415,34.469772,4469400,Yahoo Finance
2000-04-27,34.184884,34.184884,33.187825,33.508308,4940000,Yahoo Finance
2000-04-28,33.187824,33.543917,31.621017,32.190765,6475300,Yahoo Finance
2000-05-01,32.190779,32.974183,31.977123,31.977123,4360000,Yahoo Finance
2000-05-02,32.618089,33.009791,31.941513,32.368824,3961700,Yahoo Finance
2000-05-03,31.621039,31.656649,29.947403,30.766417,6666000,Yahoo Finance
2000-05-04,30.623969,30.659578,29.520081,29.911783,6863800,Yahoo Finance
2000-05-05,29.520104,30.481555,29.164011,30.374727,6345700,Yahoo Finance
2000-05-08,30.267878,30.837627,29.626912,30.517143,5133800,Yahoo Finance
2000-05-09,30.517141,31.122498,29.484472,29.911783,4821700,Yahoo Finance
2000-05-10,29.911794,30.908854,29.448873,30.766417,6547300,Yahoo Finance
2000-05-11,31.051270,31.478581,30.232257,30.695177,4413300,Yahoo Finance
2000-05-12,30.623979,31.478602,30.552761,30.766417,3683400,Yahoo Finance
2000-05-15,30.481521,32.404421,30.481521,32.190765,5611300,Yahoo Finance
2000-05-16,32.190781,32.190781,29.626913,30.445927,13052500,Yahoo Finance
2000-05-17,30.054211,30.445913,29.342026,29.769337,7027500,Yahoo Finance
2000-05-18,29.555685,30.445917,29.235202,29.342030,6951400,Yahoo Finance
2000-05-19,29.163969,29.769326,29.092751,29.377625,5682600,Yahoo Finance
2000-05-22,29.448865,29.626912,28.487415,28.701071,5313500,Yahoo Finance
2000-05-23,28.843510,29.128384,27.454748,28.344980,6293100,Yahoo Finance
2000-05-24,27.347906,27.347906,25.140133,26.635721,17769300,Yahoo Finance
2000-05-25,27.347908,28.380577,26.386458,26.493286,8621100,Yahoo Finance
2000-05-26,27.632790,27.775227,26.350857,26.706949,4711400,Yahoo Finance
2000-05-30,27.063042,27.241088,26.564512,26.920605,4767600,Yahoo Finance
2000-05-31,26.635723,27.988874,26.564504,27.917656,6583700,Yahoo Finance
2000-06-01,27.917669,28.523027,27.632795,28.416199,6049000,Yahoo Finance
2000-06-02,30.054222,30.766407,29.626911,30.552752,8388800,Yahoo Finance
2000-06-05,30.481526,30.552744,29.769340,29.840559,3858000,Yahoo Finance
2000-06-06,29.662521,29.662521,28.523024,28.701071,6753000,Yahoo Finance
2000-06-07,29.199584,29.520067,28.416181,28.807882,4581800,Yahoo Finance
2000-06-08,29.306431,29.342040,28.202543,28.416199,5036400,Yahoo Finance
2000-06-09,28.701057,29.199586,27.134250,27.454733,5466100,Yahoo Finance
2000-06-12,27.098646,27.098646,25.638666,26.208414,12584100,Yahoo Finance
2000-06-13,26.302492,28.333986,26.195572,28.155785,9177000,Yahoo Finance
2000-06-14,28.369653,29.082458,27.977610,29.082458,8827700,Yahoo Finance
2000-06-15,29.046812,29.225013,28.654769,29.011171,5048400,Yahoo Finance
2000-06-16,29.011165,29.082446,28.262720,28.405281,7158700,Yahoo Finance
2000-06-19,28.155808,28.512211,27.799406,28.512211,5058600,Yahoo Finance
2000-06-20,28.013249,28.369651,27.585565,27.870687,5080900,Yahoo Finance
2000-06-21,27.870676,27.870676,27.193511,27.692474,3773900,Yahoo Finance
2000-06-22,27.157869,27.478632,26.765827,27.300430,5537600,Yahoo Finance
2000-06-23,27.407348,27.442988,26.837104,27.371708,3631600,Yahoo Finance
2000-06-26,27.157867,27.585550,26.837105,26.872746,3663400,Yahoo Finance
2000-06-27,27.157869,28.583479,27.086588,28.262716,6641200,Yahoo Finance
2000-06-28,28.405282,28.476562,27.442995,27.442995,5233400,Yahoo Finance
2000-06-29,27.442991,27.514272,26.872747,27.300430,5339200,Yahoo Finance
2000-06-30,27.407344,28.538921,27.157862,28.476551,5055500,Yahoo Finance
2000-07-03,28.333994,28.440915,27.728110,28.333994,1885300,Yahoo Finance
2000-07-05,28.476570,29.011174,28.298369,28.654772,4063400,Yahoo Finance
2000-07-06,28.726048,29.723975,28.512207,29.225012,4646900,Yahoo Finance
2000-07-07,30.222927,31.862378,29.866524,31.648537,10254800,Yahoo Finance
2000-07-10,31.541612,33.145423,31.220850,32.789021,9340900,Yahoo Finance
2000-07-11,32.717745,33.394909,32.539544,32.860306,7711000,Yahoo Finance
2000-07-12,32.895936,33.109778,32.147492,32.717735,5062400,Yahoo Finance
2000-07-13,32.860314,32.895954,31.791107,32.040588,3751500,Yahoo Finance
2000-07-14,32.325712,32.325712,31.577267,32.183151,3456600,Yahoo Finance
2000-07-17,32.432636,32.503917,31.719831,32.432636,3686600,Yahoo Finance
2000-07-18,32.432613,33.181058,32.361333,32.717735,4019800,Yahoo Finance
2000-07-19,32.824658,32.860298,32.396975,32.575176,2794900,Yahoo Finance
2000-07-20,32.575180,33.359265,32.503899,33.109783,4664500,Yahoo Finance
2000-07-21,33.287981,33.501822,32.575176,32.575176,3611700,Yahoo Finance
2000-07-24,32.218781,32.325701,31.256494,31.933659,3839900,Yahoo Finance
2000-07-25,31.791103,31.826744,30.864457,31.363420,4115200,Yahoo Finance
2000-07-26,31.078313,31.862399,30.543709,30.543709,5031400,Yahoo Finance
2000-07-27,30.971387,31.256509,30.650625,31.220869,3319300,Yahoo Finance
2000-07-28,31.256512,31.327792,29.795261,30.044743,3639900,Yahoo Finance
2000-07-31,30.151670,30.187310,29.296304,29.510145,3888800,Yahoo Finance
2000-08-01,29.617047,29.937809,29.082443,29.652687,3623600,Yahoo Finance
2000-08-02,29.866539,30.508063,29.581417,30.294222,3331100,Yahoo Finance
2000-08-03,30.329871,30.721914,29.331944,29.510145,3913800,Yahoo Finance
2000-08-04,29.545779,30.793188,29.438858,30.793188,4235200,Yahoo Finance
2000-08-07,30.009091,31.648542,30.009091,31.363420,4122900,Yahoo Finance
2000-08-08,31.363437,33.323652,31.327796,32.503925,6870100,Yahoo Finance
2000-08-09,32.682130,33.074173,31.791123,33.074173,4782800,Yahoo Finance
2000-08-10,32.717747,32.753387,31.434698,31.434698,4227000,Yahoo Finance
2000-08-11,31.363435,32.218801,31.363435,31.898039,2719500,Yahoo Finance
2000-08-14,32.396985,34.214638,32.396985,33.644394,5011300,Yahoo Finance
2000-08-15,31.933663,31.969303,30.222931,30.508053,16307100,Yahoo Finance
2000-08-16,29.759624,29.795264,28.369653,29.082458,20874900,Yahoo Finance
2000-08-17,29.153743,29.367585,28.761700,29.260664,6989900,Yahoo Finance
2000-08-18,29.153730,29.723974,28.939889,29.296291,6392800,Yahoo Finance
2000-08-21,29.153732,29.331934,28.476567,29.011171,5822700,Yahoo Finance
2000-08-22,29.046820,29.652704,28.832978,29.189381,4724000,Yahoo Finance
2000-08-23,29.207191,29.296291,28.797328,29.296291,5202900,Yahoo Finance
2000-08-24,28.868611,29.046812,28.440928,28.761690,5200800,Yahoo Finance
2000-08-25,28.761681,28.904242,28.583480,28.797321,3784300,Yahoo Finance
2000-08-28,28.868613,28.975534,28.512211,28.512211,4950400,Yahoo Finance
2000-08-29,28.499349,28.713362,27.999986,28.356674,5433100,Yahoo Finance
2000-08-30,28.107020,28.142689,27.393644,27.607656,8329200,Yahoo Finance
2000-08-31,27.500646,28.178353,27.393639,27.429308,8541200,Yahoo Finance
2000-09-01,27.964338,27.964338,27.429306,27.714657,5517300,Yahoo Finance
2000-09-05,27.928671,29.105742,27.750327,28.606379,5492500,Yahoo Finance
2000-09-06,28.891727,29.177078,28.820390,28.891727,5266700,Yahoo Finance
2000-09-07,28.891719,29.105731,28.570700,28.820381,5109900,Yahoo Finance
2000-09-08,29.034383,30.496803,28.963045,30.211452,7810500,Yahoo Finance
2000-09-11,30.247134,31.317198,30.211466,30.960510,5222000,Yahoo Finance
2000-09-12,31.210204,31.923580,30.960522,31.887911,6328100,Yahoo Finance
2000-09-13,31.531213,32.030576,30.746500,31.245863,7056100,Yahoo Finance
2000-09-14,31.887888,32.066232,31.245850,31.673876,5346800,Yahoo Finance
2000-09-15,31.923568,31.923568,30.960510,30.960510,6577700,Yahoo Finance
2000-09-18,31.174519,31.852225,30.639487,31.424200,4399500,Yahoo Finance
2000-09-19,31.388536,31.459874,30.104460,30.247135,4102400,Yahoo Finance
2000-09-20,30.532485,30.710829,29.997454,30.247135,3739300,Yahoo Finance
2000-09-21,30.318471,31.959235,30.247133,31.388535,5001200,Yahoo Finance
2000-09-22,31.245865,31.923573,30.960515,31.923573,5557600,Yahoo Finance
2000-09-25,31.923581,31.923581,30.639504,31.174536,4601800,Yahoo Finance
2000-09-26,31.067530,31.103199,29.783453,30.461161,5580200,Yahoo Finance
2000-09-27,31.352869,31.352869,30.603825,31.245863,5173100,Yahoo Finance
2000-09-28,30.960509,31.388535,30.710828,31.388535,3416400,Yahoo Finance
2000-09-29,30.889159,31.245847,30.175784,30.211452,4396400,Yahoo Finance
2000-10-02,30.782173,30.782173,29.997459,29.997459,3095900,Yahoo Finance
2000-10-03,30.211471,31.245866,30.104465,30.710835,4093700,Yahoo Finance
2000-10-04,30.710808,32.422909,30.710808,31.709534,5747000,Yahoo Finance
2000-10-05,30.817825,31.816551,30.318462,30.675150,7223900,Yahoo Finance
2000-10-06,29.248417,29.498099,28.606379,29.141411,9449800,Yahoo Finance
2000-10-09,29.141405,29.569431,28.891724,29.034399,2754300,Yahoo Finance
2000-10-10,29.177057,29.391070,28.677694,28.927376,3018200,Yahoo Finance
2000-10-11,28.642041,29.248411,27.928665,27.928665,5142600,Yahoo Finance
2000-10-12,21.258595,21.686620,19.796175,19.903181,66652300,Yahoo Finance
2000-10-13,20.224201,20.794902,19.903182,20.723564,43718200,Yahoo Finance
2000-10-16,21.080264,21.508289,21.044595,21.508289,16537300,Yahoo Finance
2000-10-17,21.401274,21.472612,20.010191,20.045860,13126400,Yahoo Finance
2000-10-18,20.117195,20.866239,19.831844,20.830570,13906400,Yahoo Finance
2000-10-19,21.472610,22.114648,21.151590,22.043310,12302400,Yahoo Finance
2000-10-20,22.043311,23.184713,21.829299,22.507006,9776600,Yahoo Finance
2000-10-23,23.184715,23.755415,22.863696,23.149046,7514900,Yahoo Finance
2000-10-24,23.577076,23.577076,22.114655,22.400005,11845200,Yahoo Finance
2000-10-25,22.114644,22.364325,21.864962,21.900631,6196400,Yahoo Finance
2000-10-26,21.971970,22.399995,21.936301,22.221651,6469300,Yahoo Finance
2000-10-27,22.114662,22.721031,21.829311,22.471350,5017600,Yahoo Finance
2000-10-30,22.685349,24.005094,22.685349,23.363056,8475400,Yahoo Finance
2000-10-31,24.254780,24.896819,23.969430,24.540131,7567900,Yahoo Finance
2000-11-01,24.540132,25.289177,24.290450,25.146502,6781100,Yahoo Finance
2000-11-02,24.968148,25.003817,24.040760,24.397448,8273900,Yahoo Finance
2000-11-03,24.254777,24.326114,23.291719,23.541401,5857800,Yahoo Finance
2000-11-06,23.791087,23.969431,23.220386,23.577074,6531600,Yahoo Finance
2000-11-07,23.969426,24.040763,23.363056,23.612738,3723100,Yahoo Finance
2000-11-08,23.933758,24.290445,23.541401,23.541401,5220600,Yahoo Finance
2000-11-09,22.828025,22.899363,22.043312,22.150318,7868600,Yahoo Finance
2000-11-10,21.115924,21.401274,20.652230,20.687899,12460000,Yahoo Finance
2000-11-13,20.259870,21.793627,20.224201,21.329933,16025400,Yahoo Finance
2000-11-14,22.828025,23.256050,22.292993,22.364330,11823600,Yahoo Finance
2000-11-15,22.828023,23.042035,21.864965,22.614010,10061600,Yahoo Finance
2000-11-16,22.649681,22.792356,22.364330,22.364330,5515400,Yahoo Finance
2000-11-17,22.471337,22.685350,21.864968,22.150318,7022900,Yahoo Finance
2000-11-20,22.150321,22.400002,21.864970,22.185989,5796900,Yahoo Finance
2000-11-21,22.257329,22.685355,21.329941,21.829304,7188100,Yahoo Finance
2000-11-22,21.829298,21.864967,20.937579,20.973248,5832700,Yahoo Finance
2000-11-24,21.971978,21.971978,21.329940,21.401278,3615300,Yahoo Finance
2000-11-27,22.507005,22.507005,21.829299,22.114649,7418800,Yahoo Finance
2000-11-28,22.280322,23.137258,22.137500,22.601673,7382700,Yahoo Finance
2000-11-29,22.923021,23.065844,22.637376,22.851610,7667000,Yahoo Finance
2000-11-30,22.708787,22.851609,22.137496,22.387436,7619600,Yahoo Finance
2000-12-01,22.423146,22.887319,22.244617,22.244617,5532200,Yahoo Finance
2000-12-04,22.280326,23.387202,22.137504,23.280085,8811100,Yahoo Finance
2000-12-05,23.208675,25.136780,22.780207,25.136780,12795600,Yahoo Finance
2000-12-06,26.136535,26.172240,25.279599,25.743773,18096600,Yahoo Finance
2000-12-07,25.743776,26.315067,25.458131,25.672365,10976300,Yahoo Finance
2000-12-08,26.243638,27.100573,25.850876,26.993456,10211000,Yahoo Finance
2000-12-11,26.243644,26.886345,25.636648,25.779470,9399800,Yahoo Finance
2000-12-12,25.422427,25.993718,25.351016,25.708073,6589300,Yahoo Finance
2000-12-13,25.779468,25.922291,25.208178,25.815174,6351200,Yahoo Finance
2000-12-14,25.493835,25.672363,24.993955,25.065367,5402100,Yahoo Finance
2000-12-15,24.137015,24.422660,23.637136,23.958487,11467700,Yahoo Finance
2000-12-18,24.744012,25.493830,24.708306,25.208185,7372200,Yahoo Finance
2000-12-19,25.422419,25.529536,24.244133,24.351250,7366700,Yahoo Finance
2000-12-20,23.565735,23.994203,22.958739,23.494324,7784300,Yahoo Finance
2000-12-21,23.458601,25.208177,23.422895,24.494064,10168700,Yahoo Finance
2000-12-22,24.494074,25.279598,22.851614,23.779961,10621200,Yahoo Finance
2000-12-26,23.565726,23.958488,22.851613,23.244375,6407000,Yahoo Finance
2000-12-27,23.280071,24.672591,23.208660,24.422651,7302000,Yahoo Finance
2000-12-28,24.565488,25.386718,24.458371,24.922544,4983300,Yahoo Finance
2000-12-29,24.958242,26.814935,24.922536,26.100822,7949100,Yahoo Finance
2001-01-02,26.100821,26.457877,25.493825,26.029409,6497200,Yahoo Finance
2001-01-03,26.029417,29.421454,25.743772,29.385748,17594900,Yahoo Finance
2001-01-04,28.457415,29.992759,28.350298,29.528585,15560100,Yahoo Finance
2001-01-05,28.564536,28.885887,28.171773,28.421713,8803200,Yahoo Finance
2001-01-08,28.278874,28.278874,26.850648,27.243410,7037800,Yahoo Finance
2001-01-09,27.172009,27.279126,25.672371,26.207956,8026000,Yahoo Finance
2001-01-10,26.172245,27.172003,25.708071,27.100592,7515900,Yahoo Finance
2001-01-11,27.314816,28.278868,27.136288,28.028929,6131600,Yahoo Finance
2001-01-12,28.028931,28.707338,28.028931,28.064636,8391900,Yahoo Finance
2001-01-16,27.850414,28.064648,27.207712,27.921825,5983700,Yahoo Finance
2001-01-17,27.350535,27.779003,26.315071,26.493599,8951500,Yahoo Finance
2001-01-18,26.565004,26.922060,25.208189,25.279600,12073100,Yahoo Finance
2001-01-19,23.851379,24.565492,23.422911,23.422911,34361100,Yahoo Finance
2001-01-22,23.994190,25.101065,23.387194,24.993948,15010000,Yahoo Finance
2001-01-23,24.922526,25.636639,24.422648,25.565228,8310800,Yahoo Finance
2001-01-24,25.600950,25.922301,25.351010,25.743773,7287500,Yahoo Finance
2001-01-25,25.922288,26.315050,25.243881,26.279345,9890400,Yahoo Finance
2001-01-26,26.136518,26.136518,25.208171,25.565228,7185400,Yahoo Finance
2001-01-29,25.879457,26.262222,25.422425,25.993715,5499900,Yahoo Finance
2001-01-30,26.136522,26.502147,25.953709,26.279345,9632700,Yahoo Finance
2001-01-31,26.650704,27.993235,26.427898,27.536203,14702100,Yahoo Finance
2001-02-01,27.147717,27.936098,26.884924,27.793276,8844000,Yahoo Finance
2001-02-02,27.793276,27.793276,26.604991,26.787804,5833100,Yahoo Finance
2001-02-05,26.776376,26.799229,26.336483,26.627842,4199700,Yahoo Finance
2001-02-06,26.913478,27.079153,26.027979,26.079395,4063200,Yahoo Finance
2001-02-07,26.222212,26.707808,25.748041,26.153656,5983400,Yahoo Finance
2001-02-08,26.279350,26.422173,24.896829,25.131058,7761100,Yahoo Finance
2001-02-09,25.422415,26.136528,25.165334,25.382425,5922700,Yahoo Finance
2001-02-12,25.462410,26.216513,25.388142,26.125107,5510200,Yahoo Finance
2001-02-13,26.273643,26.644980,25.622370,26.456455,6083500,Yahoo Finance
2001-02-14,26.707827,26.776381,25.788049,26.119398,6110300,Yahoo Finance
2001-02-15,25.936570,25.936570,25.136763,25.485250,6318000,Yahoo Finance
2001-02-16,25.708076,25.708076,24.279849,24.565495,7435300,Yahoo Finance
2001-02-20,25.410993,26.050838,25.022516,25.188190,8286100,Yahoo Finance
2001-02-21,24.651180,24.845419,23.308646,23.394341,8240700,Yahoo Finance
2001-02-22,23.708546,23.708546,22.794482,22.851610,12723600,Yahoo Finance
2001-02-23,22.823049,23.468607,22.634522,22.857325,10725900,Yahoo Finance
2001-02-26,23.422900,25.062502,23.422900,24.993948,10543400,Yahoo Finance
2001-02-27,25.422417,25.685210,24.879691,25.479546,8935800,Yahoo Finance
2001-02-28,25.479553,25.668080,24.108458,24.279844,7979800,Yahoo Finance
2001-03-01,24.222712,24.274128,23.280082,23.708549,7726600,Yahoo Finance
2001-03-02,23.165824,24.222712,23.034427,23.737114,6377600,Yahoo Finance
2001-03-05,23.879941,23.965635,23.451473,23.668564,4188300,Yahoo Finance
2001-03-06,24.017384,24.217528,23.519882,23.651405,6202900,Yahoo Finance
2001-03-07,23.702872,25.103886,23.679997,24.989517,8762300,Yahoo Finance
2001-03-08,25.103902,26.018850,25.046716,25.572813,8456500,Yahoo Finance
2001-03-09,25.721476,25.778662,24.932333,25.458429,7067500,Yahoo Finance
2001-03-12,24.903737,25.149629,23.788644,24.051693,8396100,Yahoo Finance
2001-03-13,24.051700,24.474862,23.594224,24.417679,10060000,Yahoo Finance
2001-03-14,23.617084,24.474848,23.159611,23.800074,7025300,Yahoo Finance
2001-03-15,24.732186,25.018107,24.349053,24.703594,7711500,Yahoo Finance
2001-03-16,24.331889,25.046691,23.960192,24.166054,9820300,Yahoo Finance
2001-03-19,24.023099,24.646407,23.445539,24.303303,8090000,Yahoo Finance
2001-03-20,24.589232,25.241133,23.988798,23.988798,8313400,Yahoo Finance
2001-03-21,23.988792,24.589226,23.599939,23.731462,7536100,Yahoo Finance
2001-03-22,23.617099,23.651411,21.792922,23.308304,14021200,Yahoo Finance
2001-03-23,23.216800,23.216800,21.907282,22.684986,10532600,Yahoo Finance
2001-03-26,23.788650,24.023105,23.445545,23.645689,8100700,Yahoo Finance
2001-03-27,23.988800,24.995242,23.788654,24.852282,8471200,Yahoo Finance
2001-03-28,24.812244,24.846555,23.857268,24.720749,8035200,Yahoo Finance
2001-03-29,24.817961,25.229686,24.160341,24.394796,7181800,Yahoo Finance
2001-03-30,24.875144,25.018105,24.400514,24.646406,7060200,Yahoo Finance
2001-04-02,24.646401,24.886576,24.074559,24.331888,7320100,Yahoo Finance
2001-04-03,24.675010,24.760785,23.617100,24.360495,7647300,Yahoo Finance
2001-04-04,24.017382,24.589224,23.903013,24.188934,7249300,Yahoo Finance
2001-04-05,24.646406,25.161065,24.492011,25.138191,6122500,Yahoo Finance
2001-04-06,24.675006,25.212537,24.188938,25.035265,6806900,Yahoo Finance
2001-04-09,24.760781,24.789373,23.880143,24.126036,6231900,Yahoo Finance
2001-04-10,24.640694,24.812247,24.303307,24.594946,5711500,Yahoo Finance
2001-04-11,24.045975,24.303305,22.919447,23.731462,11755200,Yahoo Finance
2001-04-12,23.531322,23.817244,22.902294,23.817244,6806100,Yahoo Finance
2001-04-16,23.331172,23.960200,23.159620,23.731462,5037600,Yahoo Finance
2001-04-17,23.731466,24.188940,23.296867,23.965921,5187700,Yahoo Finance
2001-04-18,24.446269,26.316195,24.314746,26.081739,14545300,Yahoo Finance
2001-04-19,25.732909,26.356218,25.349776,26.350500,7419700,Yahoo Finance
2001-04-20,26.213258,26.447713,25.898745,26.424839,5638400,Yahoo Finance
2001-04-23,26.424840,27.299760,26.196104,26.413403,6682900,Yahoo Finance
2001-04-24,26.018831,26.270441,25.675726,25.744347,6692400,Yahoo Finance
2001-04-25,26.047418,26.441991,25.910177,26.316185,4606800,Yahoo Finance
2001-04-26,26.590677,27.105337,26.390533,27.048151,4794700,Yahoo Finance
2001-04-27,27.437000,27.677175,27.168234,27.505621,7059000,Yahoo Finance
2001-04-30,27.505627,27.734365,26.853727,26.933784,6381300,Yahoo Finance
2001-05-01,26.882312,28.449161,26.733634,28.157522,7525100,Yahoo Finance
2001-05-02,27.848732,28.449166,27.734363,27.900198,7186700,Yahoo Finance
2001-05-03,27.757235,27.860167,27.391256,27.740078,5144400,Yahoo Finance
2001-05-04,27.305470,28.443438,27.225413,28.357660,5701500,Yahoo Finance
2001-05-07,28.357664,28.706488,27.905908,28.071743,4870800,Yahoo Finance
2001-05-08,28.300476,28.700764,27.682885,28.597832,6602000,Yahoo Finance
2001-05-09,28.083185,28.363386,27.459876,27.740078,6166200,Yahoo Finance
2001-05-10,28.311922,28.735087,28.008847,28.163244,6788400,Yahoo Finance
2001-05-11,28.134647,28.649304,28.077462,28.523500,4914500,Yahoo Finance
2001-05-14,28.523495,28.523495,27.677169,28.106050,5068600,Yahoo Finance
2001-05-15,28.735084,29.072472,28.300485,28.649307,11519500,Yahoo Finance
2001-05-16,28.592127,29.358396,28.254740,29.284056,10689200,Yahoo Finance
2001-05-17,29.444173,30.136101,29.364113,29.735811,6027400,Yahoo Finance
2001-05-18,29.695780,30.136099,29.392704,30.136099,5857900,Yahoo Finance
2001-05-21,30.136106,30.725104,29.667196,30.524960,6873300,Yahoo Finance
2001-05-22,30.250467,30.650755,29.735808,30.301933,5401600,Yahoo Finance
2001-05-23,30.221875,30.422021,29.564257,30.090351,4794300,Yahoo Finance
2001-05-24,30.021729,30.564980,29.621439,30.564980,5039200,Yahoo Finance
2001-05-25,30.279059,30.422020,29.895924,29.895924,3354500,Yahoo Finance
2001-05-29,29.821584,29.941670,28.700771,28.900917,7858700,Yahoo Finance
2001-05-30,29.306937,29.644324,28.306212,28.586416,7964800,Yahoo Finance
2001-05-31,28.649299,28.792259,27.677168,28.186108,8098300,Yahoo Finance
2001-06-01,28.020298,28.186133,27.791560,28.168976,5124600,Yahoo Finance
2001-06-04,28.306213,28.620726,27.940234,28.592134,4721900,Yahoo Finance
2001-06-05,28.792274,29.106790,28.306209,28.792274,7372100,Yahoo Finance
2001-06-06,28.563534,28.729369,28.294767,28.311922,4114200,Yahoo Finance
2001-06-07,28.220434,29.106792,28.048882,28.998140,5732200,Yahoo Finance
2001-06-08,29.003843,29.272607,28.792260,29.049589,3235400,Yahoo Finance
2001-06-11,29.049598,29.221150,28.906637,29.009569,3974500,Yahoo Finance
2001-06-12,29.061077,29.307164,28.231253,29.249935,4186000,Yahoo Finance
2001-06-13,29.249942,29.444522,28.872228,28.906565,3952400,Yahoo Finance
2001-06-14,28.649026,28.958063,28.133961,28.334263,3411400,Yahoo Finance
2001-06-15,28.013788,28.265597,27.527337,27.985174,7731100,Yahoo Finance
2001-06-18,28.271303,28.729138,28.042385,28.042385,4486800,Yahoo Finance
2001-06-19,28.557465,28.666200,28.071014,28.322824,3572300,Yahoo Finance
2001-06-20,28.322812,29.129746,27.538769,28.179739,7581600,Yahoo Finance
2001-06-21,28.465878,29.249920,28.185454,29.061062,6567200,Yahoo Finance
2001-06-22,29.072524,29.209875,28.488784,29.021017,5113500,Yahoo Finance
2001-06-25,28.471605,28.586064,27.492984,28.042385,7937800,Yahoo Finance
2001-06-26,27.527337,27.727641,26.668896,26.983660,9434900,Yahoo Finance
2001-06-27,26.840579,27.613174,26.726119,26.811962,5776800,Yahoo Finance
2001-06-28,27.012262,27.779135,26.817682,26.897802,7310500,Yahoo Finance
2001-06-29,27.040873,27.321297,26.640267,27.035151,7624000,Yahoo Finance
2001-07-02,26.892088,27.613177,26.726122,27.298416,4711300,Yahoo Finance
2001-07-03,27.498719,27.573118,27.098113,27.407152,2435000,Yahoo Finance
2001-07-05,26.983659,27.121008,26.474315,26.703234,6393100,Yahoo Finance
2001-07-06,26.697497,26.697497,25.673091,25.959238,6077400,Yahoo Finance
2001-07-09,26.010751,26.388465,25.753218,26.319790,4042700,Yahoo Finance
2001-07-10,26.897809,27.029436,25.730329,25.753222,6766600,Yahoo Finance
2001-07-11,26.010739,26.354114,25.524288,26.159534,5902300,Yahoo Finance
2001-07-12,26.159538,27.544490,26.119478,27.470091,6943400,Yahoo Finance
2001-07-13,27.470099,28.042392,27.029432,27.870705,5827400,Yahoo Finance
2001-07-16,27.985175,28.317105,27.544509,28.099632,4835000,Yahoo Finance
2001-07-17,28.099632,28.557469,27.784871,28.339996,4311200,Yahoo Finance
2001-07-18,28.042388,28.557453,27.739073,28.179739,5055400,Yahoo Finance
2001-07-19,28.322810,28.597510,27.899312,28.500219,4354400,Yahoo Finance
2001-07-20,28.500219,28.671907,28.099613,28.271303,4102500,Yahoo Finance
2001-07-23,28.414378,28.546005,27.452925,27.452925,3717500,Yahoo Finance
2001-07-24,27.699014,27.699014,26.645993,26.977922,4062200,Yahoo Finance
2001-07-25,27.241185,28.214085,26.811965,28.162579,5720200,Yahoo Finance
2001-07-26,28.042400,28.397221,27.870712,28.328547,6060400,Yahoo Finance
2001-07-27,28.380045,28.442997,27.704738,28.414383,3601600,Yahoo Finance
2001-07-30,28.414387,28.586075,27.962275,28.357157,4135400,Yahoo Finance
2001-07-31,28.557455,29.129748,28.202631,28.826431,7001100,Yahoo Finance
2001-08-01,28.826436,29.015294,28.322819,28.488783,4751900,Yahoo Finance
2001-08-02,28.694809,28.786376,28.242696,28.488783,4275400,Yahoo Finance
2001-08-03,28.586075,28.586075,27.813477,28.116795,3937400,Yahoo Finance
2001-08-06,28.299916,28.414375,27.447197,27.630331,4571800,Yahoo Finance
2001-08-07,27.899317,28.322816,27.687569,28.036669,4658200,Yahoo Finance
2001-08-08,28.036677,28.299931,27.327031,27.401430,5792900,Yahoo Finance
2001-08-09,27.699018,27.899320,27.441486,27.744801,6216500,Yahoo Finance
2001-08-10,27.956551,27.973721,27.080942,27.733356,3746500,Yahoo Finance
2001-08-13,27.733349,27.836362,27.126719,27.527323,5452200,Yahoo Finance
2001-08-14,28.042387,28.586067,28.042387,28.214075,6750600,Yahoo Finance
2001-08-15,28.328550,28.488792,28.013789,28.151138,6004400,Yahoo Finance
2001-08-16,27.899317,28.597516,27.899317,28.551731,5875600,Yahoo Finance
2001-08-17,28.523115,28.523115,27.985159,28.174015,4452300,Yahoo Finance
2001-08-20,28.053831,28.614678,27.979432,28.500219,5670100,Yahoo Finance
2001-08-21,28.591789,28.591789,27.527323,27.527323,5261900,Yahoo Finance
2001-08-22,27.544504,28.042399,27.269804,27.956554,5007100,Yahoo Finance
2001-08-23,27.870697,27.950817,27.212558,27.464369,4275500,Yahoo Finance
2001-08-24,27.618897,28.586075,27.412873,28.580351,6012100,Yahoo Finance
2001-08-27,28.294199,28.374322,27.670399,28.036669,5885100,Yahoo Finance
2001-08-28,27.807564,28.036669,27.406630,27.435270,5532800,Yahoo Finance
2001-08-29,27.292075,27.349350,26.690673,26.919779,6540600,Yahoo Finance
2001-08-30,26.633401,27.011423,25.928905,26.243923,8332600,Yahoo Finance
2001-08-31,26.261107,26.994243,26.255380,26.318384,5730000,Yahoo Finance
2001-09-04,26.243922,27.492541,26.238195,26.816683,6475000,Yahoo Finance
2001-09-05,26.816692,26.816692,25.659713,26.341301,6845700,Yahoo Finance
2001-09-06,25.923181,26.490216,24.857847,24.943760,7881900,Yahoo Finance
2001-09-07,24.170528,24.909391,22.910453,23.454576,19099700,Yahoo Finance
2001-09-10,22.956268,23.655035,22.944812,23.225464,11048500,Yahoo Finance
2001-09-17,20.333030,21.335362,20.046649,20.733963,25283900,Yahoo Finance
2001-09-18,21.186442,21.868028,20.189837,21.014612,17420200,Yahoo Finance
2001-09-19,21.363994,21.581644,19.485338,20.218472,15368500,Yahoo Finance
2001-09-20,19.072956,19.874823,18.557472,18.786575,15620100,Yahoo Finance
2001-09-21,17.641044,19.198955,17.354663,18.964123,18367700,Yahoo Finance
2001-09-24,18.969862,20.917253,18.958407,20.625143,12591500,Yahoo Finance
2001-09-25,21.043251,21.329632,20.258567,20.791235,11481000,Yahoo Finance
2001-09-26,21.306723,21.392636,20.361666,20.361666,8373400,Yahoo Finance
2001-09-27,20.676684,21.249446,20.333029,21.134895,7937500,Yahoo Finance
2001-09-28,21.335357,22.223136,20.819871,21.976849,9380100,Yahoo Finance
2001-10-01,21.833659,21.976849,21.249442,21.661831,8279300,Yahoo Finance
2001-10-02,21.908117,22.543882,21.713378,22.366325,6284500,Yahoo Finance
2001-10-03,22.251780,23.529039,22.120045,23.385849,8645800,Yahoo Finance
2001-10-04,23.368660,23.454575,22.446514,22.446514,8620400,Yahoo Finance
2001-10-05,22.452248,22.629802,21.707658,22.572527,6713400,Yahoo Finance
2001-10-08,22.572521,22.572521,21.850843,21.976849,5532700,Yahoo Finance
2001-10-09,22.452242,22.452242,21.507185,21.707653,8105400,Yahoo Finance
2001-10-10,21.862298,23.076553,21.713381,23.030731,7337700,Yahoo Finance
2001-10-11,23.483211,24.697464,23.483211,24.686008,12261600,Yahoo Finance
2001-10-12,24.273624,24.285079,23.019275,23.872690,9989600,Yahoo Finance
2001-10-15,23.340021,23.614946,22.910450,23.460300,6194600,Yahoo Finance
2001-10-16,23.603492,23.941421,23.139556,23.838324,4728200,Yahoo Finance
2001-10-17,24.055980,24.342360,23.139562,23.202564,6201900,Yahoo Finance
2001-10-18,23.082281,23.935696,22.795900,23.311386,7382200,Yahoo Finance
2001-10-19,23.540495,23.609228,22.910458,23.145290,7786800,Yahoo Finance
2001-10-22,23.002102,23.351487,22.211690,22.881823,8669800,Yahoo Finance
2001-10-23,23.391570,23.500394,22.881813,23.110916,7189900,Yahoo Finance
2001-10-24,23.105188,23.368657,22.824534,23.025002,5536400,Yahoo Finance
2001-10-25,22.738619,23.168190,22.194496,23.168190,8327300,Yahoo Finance
2001-10-26,23.025007,23.277021,22.727170,23.076555,5901300,Yahoo Finance
2001-10-29,22.767264,22.967729,22.062768,22.120043,5679200,Yahoo Finance
2001-10-30,21.908123,21.953945,21.278087,21.535828,8989900,Yahoo Finance
2001-10-31,21.759198,22.343413,21.392629,21.896660,9468300,Yahoo Finance
2001-11-01,21.896680,22.303341,21.461382,21.994051,7256600,Yahoo Finance
2001-11-02,22.223141,23.437395,21.994038,23.093739,11010100,Yahoo Finance
2001-11-05,23.569130,24.141891,23.488941,23.798233,8191800,Yahoo Finance
2001-11-06,23.798231,24.456907,23.597765,24.456907,7596400,Yahoo Finance
2001-11-07,24.313723,24.600103,23.884151,24.027342,5923000,Yahoo Finance
2001-11-08,24.451184,24.972397,23.763872,23.992975,7273600,Yahoo Finance
2001-11-09,23.992970,24.227802,23.597766,24.118979,3969500,Yahoo Finance
2001-11-12,23.196833,23.826870,22.910453,23.551945,6561800,Yahoo Finance
2001-11-13,24.628744,25.562346,24.313726,25.201506,11132500,Yahoo Finance
2001-11-14,25.774260,26.530305,25.201498,26.478756,12221500,Yahoo Finance
2001-11-15,26.192369,26.770859,26.014812,26.627668,7493400,Yahoo Finance
2001-11-16,26.627703,26.633430,25.802925,26.232496,9341800,Yahoo Finance
2001-11-19,26.347032,27.051528,26.175204,26.959887,8395600,Yahoo Finance
2001-11-20,26.639135,26.776599,26.289752,26.450125,5799600,Yahoo Finance
2001-11-21,26.203825,26.593302,26.117910,26.564665,4381100,Yahoo Finance
2001-11-23,26.261127,26.725065,26.255400,26.679245,2671900,Yahoo Finance
2001-11-26,26.347025,26.415756,25.659711,26.072100,7722300,Yahoo Finance
2001-11-27,25.687930,25.802609,24.604221,24.856512,12722800,Yahoo Finance
2001-11-28,24.540778,25.413339,24.483374,25.143534,10684400,Yahoo Finance
2001-11-29,25.396110,25.539623,25.000012,25.269817,7297700,Yahoo Finance
2001-11-30,25.832400,26.980506,25.832400,26.779589,14775400,Yahoo Finance
2001-12-03,26.785326,26.923099,26.549964,26.630331,9213300,Yahoo Finance
2001-12-04,27.095307,27.663619,26.934571,27.382334,10860900,Yahoo Finance
2001-12-05,27.520123,28.932296,27.445498,28.645269,14671400,Yahoo Finance
2001-12-06,28.186015,28.507486,27.933433,28.214720,7409000,Yahoo Finance
2001-12-07,28.048254,28.501757,27.898999,28.363983,4819800,Yahoo Finance
2001-12-10,28.300826,28.306567,27.554557,27.703810,5626600,Yahoo Finance
2001-12-11,27.554565,27.698078,27.181429,27.537344,5020400,Yahoo Finance
2001-12-12,27.525856,28.071207,27.399564,27.755476,6814400,Yahoo Finance
2001-12-13,27.411027,27.755458,27.066597,27.554541,6056100,Yahoo Finance
2001-12-14,27.554569,28.760081,27.324947,28.593607,9046900,Yahoo Finance
2001-12-17,28.593613,28.978228,28.220477,28.702682,7298000,Yahoo Finance
2001-12-18,28.932284,29.305417,28.691180,28.794510,6992000,Yahoo Finance
2001-12-19,28.731375,29.047104,28.507494,29.047104,6364800,Yahoo Finance
2001-12-20,28.960996,29.253762,28.731373,28.880629,4591100,Yahoo Finance
2001-12-21,29.190608,29.563744,28.673961,29.563744,10996500,Yahoo Finance
2001-12-24,29.477628,29.621141,29.408742,29.460407,2519700,Yahoo Finance
2001-12-26,29.500607,29.873743,29.500607,29.632639,3828900,Yahoo Finance
2001-12-27,29.563731,29.810574,29.167636,29.529287,4287400,Yahoo Finance
2001-12-28,29.816326,29.845031,29.431712,29.563744,3679900,Yahoo Finance
2001-12-31,29.288190,29.483368,29.276708,29.282448,3972200,Yahoo Finance
2002-01-02,29.282457,29.282457,28.358233,28.926544,7291300,Yahoo Finance
2002-01-03,28.788776,28.926547,28.415640,28.731369,5186600,Yahoo Finance
2002-01-04,28.983941,29.259486,28.760058,29.248005,5523200,Yahoo Finance
2002-01-07,29.334121,29.592446,29.006911,29.041355,6288800,Yahoo Finance
2002-01-08,29.334110,29.443182,29.052825,29.334110,5172400,Yahoo Finance
2002-01-09,29.506342,29.649855,28.737110,28.851919,6352600,Yahoo Finance
2002-01-10,28.851913,29.334118,28.559147,28.874876,6625400,Yahoo Finance
2002-01-11,29.018384,29.357075,28.903572,28.966719,6278400,Yahoo Finance
2002-01-14,28.966737,29.018402,28.363981,28.432867,7568100,Yahoo Finance
2002-01-15,28.432857,28.800251,28.214718,28.530447,6201800,Yahoo Finance
2002-01-16,28.501759,28.673975,28.180288,28.180288,4163900,Yahoo Finance
2002-01-17,28.099891,28.151556,27.411027,27.554541,8933200,Yahoo Finance
2002-01-18,27.554572,28.128625,27.411058,27.841599,5394500,Yahoo Finance
2002-01-22,28.099923,28.409913,27.732529,27.841599,4901000,Yahoo Finance
2002-01-23,27.927689,28.128607,27.698067,27.853062,4568300,Yahoo Finance
2002-01-24,27.956396,28.260643,27.497154,27.548819,6254900,Yahoo Finance
2002-01-25,27.267532,27.273271,26.928840,26.980505,7529800,Yahoo Finance
2002-01-28,27.267543,27.485684,27.095327,27.439758,4683700,Yahoo Finance
2002-01-29,27.537337,27.870287,26.923101,26.980505,5715100,Yahoo Finance
2002-01-30,26.980497,28.329521,26.980497,28.168787,7776900,Yahoo Finance
2002-01-31,28.415632,28.817470,28.151569,28.754324,7555000,Yahoo Finance
2002-02-01,28.702671,28.788780,28.134357,28.358240,5025800,Yahoo Finance
2002-02-04,28.415640,28.783033,28.013802,28.122873,6246900,Yahoo Finance
2002-02-05,28.122876,28.363977,27.755480,28.186020,7221600,Yahoo Finance
2002-02-06,28.157311,28.329527,27.841583,28.076944,4306900,Yahoo Finance
2002-02-07,28.082677,28.427111,27.847316,28.042494,4905900,Yahoo Finance
2002-02-08,28.128609,28.559149,27.876027,28.530447,4789000,Yahoo Finance
2002-02-11,28.427124,29.133210,28.415643,28.989697,5716600,Yahoo Finance
2002-02-12,28.989698,29.219320,28.817482,28.880629,4844800,Yahoo Finance
2002-02-13,29.276716,29.695775,28.989689,29.414490,6119500,Yahoo Finance
2002-02-14,29.558004,29.793365,29.190608,29.592445,5358500,Yahoo Finance
2002-02-15,29.592443,29.592443,28.817472,29.001169,5937600,Yahoo Finance
2002-02-19,29.127466,29.454676,28.874881,28.903584,5684900,Yahoo Finance
2002-02-20,29.150432,29.730227,28.995437,29.684301,8007300,Yahoo Finance
2002-02-21,29.494864,29.908181,29.138949,29.448938,7551200,Yahoo Finance
2002-02-22,29.259501,29.299685,28.587857,29.276722,8604300,Yahoo Finance
2002-02-25,29.420228,29.919653,29.322640,29.890951,8632400,Yahoo Finance
2002-02-26,29.908186,30.195213,29.029885,29.569494,12242200,Yahoo Finance
2002-02-27,29.936884,29.994289,28.955251,29.230797,8919700,Yahoo Finance
2002-02-28,29.225071,29.276736,28.530467,28.702682,9268900,Yahoo Finance
2002-03-01,28.863405,28.989697,28.530455,28.869146,8664600,Yahoo Finance
2002-03-04,28.128620,28.788783,27.933442,28.645269,12373700,Yahoo Finance
2002-03-05,28.231930,28.231930,27.037899,27.267521,14541800,Yahoo Finance
2002-03-06,27.411030,28.111375,27.382328,27.956381,9741600,Yahoo Finance
2002-03-07,28.450083,28.473044,27.554559,27.784182,8833800,Yahoo Finance
2002-03-08,28.071202,28.358228,27.870282,28.094162,6996700,Yahoo Finance
2002-03-11,28.076947,28.076947,27.606224,27.743998,6442900,Yahoo Finance
2002-03-12,27.640558,27.991093,27.450925,27.784220,7512700,Yahoo Finance
2002-03-13,27.525642,27.991106,27.324514,27.870430,6465400,Yahoo Finance
2002-03-14,27.726756,28.151996,27.698024,27.784220,4748700,Yahoo Finance
2002-03-15,27.784227,28.146256,27.439439,28.111776,10340300,Yahoo Finance
2002-03-18,28.404846,28.404846,27.726761,27.991098,5762200,Yahoo Finance
2002-03-19,28.295655,28.611711,28.117514,28.445063,6070900,Yahoo Finance
2002-03-20,28.330130,28.876046,28.174975,28.525511,7084700,Yahoo Finance
2002-03-21,28.456553,28.525510,27.881906,28.186468,7946500,Yahoo Finance
2002-03-22,28.152005,28.588736,27.893413,28.364624,5208600,Yahoo Finance
2002-03-25,28.243938,28.445064,27.583092,27.841684,5216600,Yahoo Finance
2002-03-26,27.698026,28.284167,27.669294,28.157743,7481600,Yahoo Finance
2002-03-27,28.215203,28.387599,27.755485,28.307146,6815400,Yahoo Finance
2002-03-28,28.157740,28.215204,27.761234,27.933628,5981500,Yahoo Finance
2002-04-01,27.669299,28.042819,27.617581,27.709524,6961800,Yahoo Finance
2002-04-02,27.709519,27.709519,27.152110,27.301517,6247500,Yahoo Finance
2002-04-03,27.387709,27.755483,26.433794,26.979710,7151300,Yahoo Finance
2002-04-04,27.152114,27.744001,27.094650,27.669298,5382900,Yahoo Finance
2002-04-05,27.784230,28.209470,27.640568,28.025583,5547500,Yahoo Finance
2002-04-08,27.755485,28.445063,27.755485,28.445063,4669400,Yahoo Finance
2002-04-09,28.445065,28.657684,28.157741,28.203714,5068700,Yahoo Finance
2002-04-10,28.249681,28.588723,28.123257,28.582977,4372900,Yahoo Finance
2002-04-11,28.582983,28.899039,28.255432,28.347378,6956500,Yahoo Finance
2002-04-12,28.588736,28.996736,28.439329,28.939272,5825500,Yahoo Finance
2002-04-15,28.818594,28.870313,28.169242,28.272678,4793800,Yahoo Finance
2002-04-16,28.456549,28.646182,28.140493,28.640436,6424500,Yahoo Finance
2002-04-17,28.502528,28.680670,28.220952,28.370359,3836200,Yahoo Finance
2002-04-18,28.502548,28.594492,27.927900,28.456577,5226400,Yahoo Finance
2002-04-19,28.588726,28.674924,28.215204,28.243938,6608500,Yahoo Finance
2002-04-22,28.163495,28.450819,27.876171,27.876171,7705400,Yahoo Finance
2002-04-23,27.881909,28.272670,27.583092,28.077290,6304900,Yahoo Finance
2002-04-24,28.083042,28.266929,27.617579,27.680788,5576800,Yahoo Finance
2002-04-25,27.680787,28.100282,27.525634,27.968111,5848800,Yahoo Finance
2002-04-26,28.215203,28.330133,27.617571,27.634809,4548200,Yahoo Finance
2002-04-29,27.410701,27.703770,26.985460,26.985460,7133700,Yahoo Finance
2002-04-30,26.841802,27.129126,26.433802,26.646421,9027400,Yahoo Finance
2002-05-01,26.686642,26.991207,26.089010,26.744108,9459700,Yahoo Finance
2002-05-02,26.744113,27.295774,26.675154,26.893520,6820500,Yahoo Finance
2002-05-03,26.893517,26.991208,26.428053,26.721123,5299900,Yahoo Finance
2002-05-06,26.721118,26.721118,25.606302,25.686752,6536300,Yahoo Finance
2002-05-07,25.974095,26.267164,25.859165,26.267164,9049300,Yahoo Finance
2002-05-08,26.864795,26.950994,26.347611,26.634935,6929300,Yahoo Finance
2002-05-09,26.548744,26.767111,26.232688,26.520012,5696300,Yahoo Finance
2002-05-10,26.462542,26.571727,25.893642,26.146486,4959100,Yahoo Finance
2002-05-13,26.146472,26.226923,25.801684,26.215429,5896300,Yahoo Finance
2002-05-14,27.008436,27.571590,26.893506,27.571590,8185400,Yahoo Finance
2002-05-15,27.571600,27.985347,26.882023,27.008446,8454500,Yahoo Finance
2002-05-16,27.152108,27.180840,26.790079,27.008446,5240900,Yahoo Finance
2002-05-17,27.123373,27.640555,27.094641,27.634809,5530900,Yahoo Finance
2002-05-20,28.152008,28.445078,27.732513,27.870430,10370800,Yahoo Finance
2002-05-21,27.381963,27.387708,25.715483,25.801682,22179600,Yahoo Finance
2002-05-22,25.732709,25.732709,24.428259,25.428146,19553900,Yahoo Finance
2002-05-23,25.290255,25.341973,24.480001,24.652397,16275300,Yahoo Finance
2002-05-24,24.709863,25.077637,24.652399,24.951214,10466600,Yahoo Finance
2002-05-28,24.566180,24.951193,23.284717,23.870857,19734700,Yahoo Finance
2002-05-29,23.560556,24.129458,23.273232,23.531824,14882000,Yahoo Finance
2002-05-30,23.416901,23.474365,22.899717,23.072113,16635500,Yahoo Finance
2002-05-31,23.416897,24.290362,23.359434,23.957066,16912200,Yahoo Finance
2002-06-03,23.646756,24.163937,23.158304,23.284727,8726800,Yahoo Finance
2002-06-04,23.278975,23.503089,22.669850,23.043369,11057900,Yahoo Finance
2002-06-05,23.158308,23.675492,23.049126,23.296225,9548100,Yahoo Finance
2002-06-06,23.296222,23.330699,22.325066,22.417009,10427300,Yahoo Finance
2002-06-07,22.123939,22.468727,21.986023,22.313574,10797100,Yahoo Finance
2002-06-10,22.313568,23.100834,22.267595,22.957172,8409600,Yahoo Finance
2002-06-11,23.043482,23.532546,22.439346,22.531404,8343200,Yahoo Finance
2002-06-12,22.479613,22.525644,21.863970,21.898493,12306500,Yahoo Finance
2002-06-13,21.582041,22.122888,21.582041,21.806437,8931200,Yahoo Finance
2002-06-14,21.058467,21.576299,21.000931,21.277107,11835300,Yahoo Finance
2002-06-17,21.403689,22.381815,21.185048,22.151667,10391800,Yahoo Finance
2002-06-18,22.065365,22.151671,21.633839,21.633839,9382500,Yahoo Finance
2002-06-19,21.645339,22.318521,21.438206,21.662601,10567000,Yahoo Finance
2002-06-20,21.633827,22.007817,21.000923,21.006676,8264100,Yahoo Finance
2002-06-21,20.770785,21.000933,20.425565,20.523376,12176300,Yahoo Finance
2002-06-24,20.540632,21.432452,20.080339,21.098738,10618500,Yahoo Finance
2002-06-25,21.576297,21.950287,20.655709,20.793797,9570300,Yahoo Finance
2002-06-26,20.425556,21.173534,20.310482,21.023939,12075600,Yahoo Finance
2002-06-27,21.547511,21.628062,20.713228,21.403669,10905000,Yahoo Finance
2002-06-28,21.346135,21.863966,21.006668,21.133249,10237200,Yahoo Finance
2002-07-01,21.144768,21.564787,20.408298,20.454327,8997300,Yahoo Finance
2002-07-02,20.293230,20.695988,19.418671,19.418671,10936300,Yahoo Finance
2002-07-03,19.562509,21.202307,19.516479,21.202307,12426000,Yahoo Finance
2002-07-05,21.403686,22.151663,21.305872,21.858227,5060400,Yahoo Finance
2002-07-08,21.714390,21.938783,21.231081,21.231081,9799200,Yahoo Finance
2002-07-09,21.317384,21.374922,20.224186,20.339258,13496200,Yahoo Finance
2002-07-10,20.310489,20.569405,19.130985,19.130985,15367000,Yahoo Finance
2002-07-11,19.217286,19.648812,18.066549,18.066549,23426500,Yahoo Finance
2002-07-12,16.892803,17.215009,16.340449,16.737453,46589100,Yahoo Finance
2002-07-15,17.030893,17.404882,16.110304,17.261040,25172800,Yahoo Finance
2002-07-16,17.519948,18.210389,17.232265,17.571732,21221300,Yahoo Finance
2002-07-17,18.267937,18.549868,17.203506,17.767366,16941800,Yahoo Finance
2002-07-18,17.836403,18.066550,17.030888,17.036642,11875800,Yahoo Finance
2002-07-19,16.858276,17.203496,16.513056,16.513056,13688300,Yahoo Finance
2002-07-22,16.628137,16.973359,16.121814,16.156336,17756300,Yahoo Finance
2002-07-23,16.271406,16.858281,15.966461,16.196608,16434900,Yahoo Finance
2002-07-24,15.822616,17.836404,15.678774,17.675301,20872500,Yahoo Finance
2002-07-25,17.404880,17.491185,16.139070,16.599365,18263000,Yahoo Finance
2002-07-26,16.829512,17.030891,16.156332,16.858280,12349300,Yahoo Finance
2002-07-29,17.238015,17.824890,17.099927,17.824890,13384200,Yahoo Finance
2002-07-30,17.813395,18.152862,17.203505,17.600510,11618500,Yahoo Finance
2002-07-31,17.698323,17.916962,17.117201,17.767366,11424700,Yahoo Finance
2002-08-01,17.692570,17.721337,16.829517,17.048157,12578600,Yahoo Finance
2002-08-02,16.973351,17.030888,16.087284,16.357708,10777300,Yahoo Finance
2002-08-05,16.357712,16.593613,15.765083,15.811112,11214000,Yahoo Finance
2002-08-06,16.052761,16.478533,15.920427,16.127560,13750000,Yahoo Finance
2002-08-07,16.415247,16.610872,15.834125,16.259897,16987100,Yahoo Finance
2002-08-08,16.259897,16.265651,15.017102,15.615484,32287500,Yahoo Finance
2002-08-09,15.448627,16.426752,15.362322,16.277157,18477700,Yahoo Finance
2002-08-12,15.822618,15.931938,15.276018,15.362324,19157200,Yahoo Finance
2002-08-13,15.379587,16.156334,15.195470,15.241499,18725700,Yahoo Finance
2002-08-14,15.419859,16.397985,15.247249,16.271404,16914500,Yahoo Finance
2002-08-15,16.426751,16.771972,16.116053,16.645391,16689800,Yahoo Finance
2002-08-16,16.167835,16.472779,15.983718,16.167835,14096400,Yahoo Finance
2002-08-19,16.679919,17.203504,16.346206,16.702934,23581300,Yahoo Finance
2002-08-20,17.571744,17.836412,17.203507,17.404886,24616600,Yahoo Finance
2002-08-21,18.066558,18.808783,17.968746,18.803030,23847400,Yahoo Finance
2002-08-22,18.964125,19.666074,18.872066,19.481956,17985800,Yahoo Finance
2002-08-23,19.481956,19.838684,19.246055,19.292084,15096700,Yahoo Finance
2002-08-26,19.361137,19.654574,19.188525,19.522240,10490400,Yahoo Finance
2002-08-27,19.735119,19.792657,18.958373,19.021664,13413200,Yahoo Finance
2002-08-28,18.987147,19.010162,18.693710,18.814537,9624100,Yahoo Finance
2002-08-29,18.693701,19.205778,18.469306,19.010153,7669500,Yahoo Finance
2002-08-30,18.929609,19.303596,18.837550,18.946869,9025700,Yahoo Finance
2002-09-03,18.802804,18.929576,18.266898,18.359097,11832300,Yahoo Finance
2002-09-04,18.295705,18.883473,18.266893,18.779749,8564700,Yahoo Finance
2002-09-05,18.439769,18.808564,18.376382,18.497393,10244000,Yahoo Finance
2002-09-06,18.773994,19.477009,18.773994,19.160076,10088400,Yahoo Finance
2002-09-09,18.900763,19.332945,18.814328,19.165834,7028300,Yahoo Finance
2002-09-10,19.298372,19.304134,18.929575,19.016012,7552500,Yahoo Finance
2002-09-11,19.304136,19.540395,19.073638,19.148550,5840000,Yahoo Finance
2002-09-12,18.929577,19.102452,18.658744,18.716368,8007800,Yahoo Finance
2002-09-13,18.716369,19.407861,18.670271,19.275326,7750800,Yahoo Finance
2002-09-16,19.223461,19.736316,19.131262,19.603781,6461500,Yahoo Finance
2002-09-17,19.880379,20.110877,19.062115,19.108213,8904600,Yahoo Finance
2002-09-18,18.958396,19.419390,18.762473,19.119743,8176100,Yahoo Finance
2002-09-19,18.843140,19.304133,18.439769,18.560780,9377600,Yahoo Finance
2002-09-20,18.652980,18.727892,17.805903,17.996063,13707600,Yahoo Finance
2002-09-23,17.863534,17.863534,16.745622,17.218142,11466300,Yahoo Finance
2002-09-24,16.855100,17.218132,16.307669,16.371056,13977700,Yahoo Finance
2002-09-25,16.566980,16.653416,15.696853,15.904301,22796100,Yahoo Finance
2002-09-26,15.961924,16.330719,15.915825,16.290382,18345000,Yahoo Finance
2002-09-27,16.192419,16.422916,15.420254,15.420254,11593900,Yahoo Finance
2002-09-30,15.126372,15.310770,14.262008,15.039936,17984100,Yahoo Finance
2002-10-01,14.953508,15.328066,14.117956,15.201292,22640600,Yahoo Finance
2002-10-02,15.057229,15.212815,14.117953,14.377263,18694400,Yahoo Finance
2002-10-03,14.406069,14.924687,14.089136,14.383018,17840600,Yahoo Finance
2002-10-04,14.682669,15.091802,14.175576,14.867066,19569600,Yahoo Finance
2002-10-07,14.636573,14.861309,13.841358,13.950844,16780400,Yahoo Finance
2002-10-08,14.342688,14.895882,13.916268,14.550136,19936200,Yahoo Finance
2002-10-09,14.273538,14.550135,13.599334,13.633908,16369500,Yahoo Finance
2002-10-10,13.818306,14.290825,13.357312,14.175577,17775400,Yahoo Finance
2002-10-11,14.550132,15.207049,14.285061,15.103325,13474900,Yahoo Finance
2002-10-14,14.982315,15.835154,14.838254,15.299248,10646600,Yahoo Finance
2002-10-15,16.129043,16.999170,15.990745,16.941545,16979200,Yahoo Finance
2002-10-16,16.711031,16.711031,16.077164,16.394098,12188300,Yahoo Finance
2002-10-17,17.229656,17.460153,16.711038,16.797474,14699900,Yahoo Finance
2002-10-18,16.797480,17.638795,16.624608,17.523546,12708400,Yahoo Finance
2002-10-21,17.506259,17.517785,16.883917,17.200851,11724300,Yahoo Finance
2002-10-22,16.999168,17.391014,16.803245,17.039505,9207000,Yahoo Finance
2002-10-23,17.051026,17.575407,16.993401,17.540833,9160600,Yahoo Finance
2002-10-24,17.546601,18.047931,17.114418,17.223904,12091200,Yahoo Finance
2002-10-25,17.287291,17.725235,17.114418,17.621511,8379300,Yahoo Finance
2002-10-28,17.921151,17.973013,17.223897,17.373720,7662100,Yahoo Finance
2002-10-29,17.287285,17.454396,16.653417,17.252710,10166900,Yahoo Finance
2002-10-30,17.189318,17.281517,16.739849,16.981871,8647300,Yahoo Finance
2002-10-31,17.027968,17.143217,16.376815,16.641886,11774400,Yahoo Finance
2002-11-01,16.601563,16.601563,16.134806,16.365303,11772400,Yahoo Finance
2002-11-04,16.365302,16.480551,15.581612,15.679572,17446500,Yahoo Finance
2002-11-05,15.702620,16.348012,15.696857,16.296150,11308300,Yahoo Finance
2002-11-06,16.394112,16.457498,16.019553,16.307674,11065800,Yahoo Finance
2002-11-07,16.313434,16.313434,15.489406,15.668042,11832600,Yahoo Finance
2002-11-08,15.760242,15.887015,15.235861,15.356872,11611300,Yahoo Finance
2002-11-11,15.356876,15.374164,15.097568,15.120617,7481900,Yahoo Finance
2002-11-12,15.385684,15.881252,15.068750,15.518220,10490200,Yahoo Finance
2002-11-13,15.333822,15.812103,15.126374,15.529744,9382700,Yahoo Finance
2002-11-14,15.990733,16.203943,15.898534,16.042595,10308500,Yahoo Finance
2002-11-15,16.134807,16.595801,16.008034,16.319204,12346800,Yahoo Finance
2002-11-18,16.826301,16.855112,16.394118,16.480555,13255200,Yahoo Finance
2002-11-19,14.999600,15.414495,14.175573,14.354208,54316300,Yahoo Finance
2002-11-20,14.550135,14.550135,13.714582,14.233202,53474800,Yahoo Finance
2002-11-21,14.377254,14.532839,14.175569,14.394541,34273000,Yahoo Finance
2002-11-22,14.394547,14.682668,14.313873,14.492508,20748200,Yahoo Finance
2002-11-25,14.550133,14.826730,14.527083,14.665382,15416600,Yahoo Finance
2002-11-26,14.550130,14.630804,14.365733,14.417595,13789800,Yahoo Finance
2002-11-27,14.561662,15.086043,14.538611,15.034181,18651100,Yahoo Finance
2002-11-29,15.264675,15.356874,15.132140,15.212813,7173400,Yahoo Finance
2002-12-02,15.835151,15.846676,15.132135,15.253145,16330500,Yahoo Finance
2002-12-03,15.218497,15.287803,14.929721,15.016354,12795900,Yahoo Finance
2002-12-04,14.692917,15.195387,14.612059,15.022121,16843900,Yahoo Finance
2002-12-05,14.947051,15.131869,14.814215,14.999031,12711400,Yahoo Finance
2002-12-06,14.698699,15.149188,14.698699,15.074107,12104800,Yahoo Finance
2002-12-09,14.987471,15.056777,14.866185,14.871961,12105700,Yahoo Finance
2002-12-10,14.923943,15.559251,14.923943,15.536148,16030200,Yahoo Finance
2002-12-11,15.466839,15.611227,15.131859,15.461063,13328000,Yahoo Finance
2002-12-12,15.703637,15.957759,15.507269,15.761393,14487400,Yahoo Finance
2002-12-13,15.767169,15.767169,15.235822,15.241597,15097800,Yahoo Finance
2002-12-16,15.247376,15.617011,15.166520,15.426417,13254700,Yahoo Finance
2002-12-17,15.276251,15.357108,14.814209,14.843087,13069800,Yahoo Finance
2002-12-18,14.866193,14.929724,14.496560,14.710254,13252700,Yahoo Finance
2002-12-19,14.565861,14.837311,14.381045,14.404147,11451400,Yahoo Finance
2002-12-20,14.433019,14.496550,14.092263,14.340611,25290000,Yahoo Finance
2002-12-23,14.063393,14.294413,14.034514,14.121148,11977800,Yahoo Finance
2002-12-24,14.005644,14.063399,13.832379,13.976767,7312200,Yahoo Finance
2002-12-26,13.918999,14.201999,13.849692,13.970979,8403800,Yahoo Finance
2002-12-27,13.838146,13.999861,13.711085,13.728412,8281400,Yahoo Finance
2002-12-30,13.728411,13.803493,13.289472,13.676432,18383800,Yahoo Finance
2002-12-31,13.601355,13.959438,13.468519,13.872806,11774200,Yahoo Finance
2003-01-02,13.982532,14.386819,13.947879,14.369492,12884400,Yahoo Finance
2003-01-03,13.006476,13.081557,12.272984,12.348065,65004600,Yahoo Finance
2003-01-06,12.469339,12.677258,12.359604,12.602176,23925400,Yahoo Finance
2003-01-07,12.561757,12.706145,12.359613,12.394266,19715600,Yahoo Finance
2003-01-08,12.371164,12.492450,12.163245,12.221001,19973300,Yahoo Finance
2003-01-09,12.301860,12.469350,12.238330,12.400043,21948100,Yahoo Finance
2003-01-10,12.267205,12.706144,12.203674,12.463573,16412600,Yahoo Finance
2003-01-13,12.659940,12.752348,12.446245,12.683042,17696200,Yahoo Finance
2003-01-14,12.688819,12.862086,12.272982,12.729249,14524700,Yahoo Finance
2003-01-15,12.844756,12.844756,12.579083,12.631063,13219100,Yahoo Finance
2003-01-16,12.752348,12.890961,12.671491,12.804328,15111400,Yahoo Finance
2003-01-17,12.994920,13.110431,12.723471,12.954492,23525200,Yahoo Finance
2003-01-21,12.983373,13.087332,12.538657,12.590637,15390300,Yahoo Finance
2003-01-22,12.504001,12.792777,12.434695,12.463573,12664500,Yahoo Finance
2003-01-23,12.590633,12.746573,12.203673,12.683042,11995700,Yahoo Finance
2003-01-24,12.619510,12.659938,12.134366,12.278754,13705600,Yahoo Finance
2003-01-27,12.140138,12.359607,11.834035,11.897566,16422300,Yahoo Finance
2003-01-28,12.001529,12.059283,11.770507,11.857141,13693000,Yahoo Finance
2003-01-29,11.608796,12.169021,11.608796,12.111265,15072300,Yahoo Finance
2003-01-30,12.111262,12.324957,11.880242,11.966874,16044200,Yahoo Finance
2003-01-31,11.926449,12.151695,11.909123,12.070837,14137800,Yahoo Finance
2003-02-03,12.128596,12.411596,12.099719,12.348065,12549800,Yahoo Finance
2003-02-04,12.215220,12.353832,12.013077,12.192119,11141500,Yahoo Finance
2003-02-05,12.284535,12.348065,12.099718,12.307636,11048800,Yahoo Finance
2003-02-06,12.284530,12.729245,12.284530,12.492448,17750200,Yahoo Finance
2003-02-07,12.648392,12.688821,12.301861,12.307636,11844100,Yahoo Finance
2003-02-10,12.388491,12.532879,12.134368,12.463573,8863200,Yahoo Finance
2003-02-11,12.434699,12.538657,12.215228,12.290311,10129700,Yahoo Finance
2003-02-12,12.261426,12.405814,12.215222,12.244101,7826100,Yahoo Finance
2003-02-13,12.244097,12.255647,11.654994,11.955321,12944200,Yahoo Finance
2003-02-14,11.909123,12.330736,11.822490,12.330736,10711900,Yahoo Finance
2003-02-18,12.417372,12.804332,12.388495,12.648393,12041300,Yahoo Finance
2003-02-19,12.590636,12.775454,12.463575,12.613739,8619900,Yahoo Finance
2003-02-20,12.694594,12.694594,12.463573,12.504002,7732900,Yahoo Finance
2003-02-21,12.561756,12.989144,12.521327,12.942940,13246100,Yahoo Finance
2003-02-24,13.202840,13.202840,12.740798,12.810104,15189600,Yahoo Finance
2003-02-25,12.937169,13.283700,12.486679,13.191292,20170600,Yahoo Finance
2003-02-26,13.139307,13.341450,13.058450,13.214388,13479300,Yahoo Finance
2003-02-27,13.283699,13.399210,13.052678,13.347230,14378200,Yahoo Finance
2003-02-28,13.127753,13.624447,13.127753,13.543591,11461300,Yahoo Finance
2003-03-03,13.566699,13.728414,13.283698,13.335678,10208200,Yahoo Finance
2003-03-04,13.220169,13.225945,12.735025,12.763904,11893200,Yahoo Finance
2003-03-05,12.706142,12.989142,12.567529,12.792774,11008300,Yahoo Finance
2003-03-06,12.688821,12.960271,12.567536,12.763904,8971100,Yahoo Finance
2003-03-07,12.457800,13.046904,12.423148,13.006475,10939100,Yahoo Finance
2003-03-10,12.908290,13.058454,12.613739,12.659943,7610700,Yahoo Finance
2003-03-11,12.735226,12.874219,12.596233,12.596233,7190100,Yahoo Finance
2003-03-12,12.596237,12.845266,12.544115,12.839475,10365400,Yahoo Finance
2003-03-13,13.030591,13.435988,12.897390,13.407030,11208700,Yahoo Finance
2003-03-14,13.441773,13.598141,13.088500,13.314363,9413500,Yahoo Finance
2003-03-17,13.273825,13.887710,13.082710,13.841379,14499500,Yahoo Finance
2003-03-18,13.870335,13.951414,13.511270,13.864544,11698400,Yahoo Finance
2003-03-19,13.829797,14.304691,13.783466,14.217819,11782400,Yahoo Finance
2003-03-20,14.078827,14.495807,13.731345,14.432101,12848600,Yahoo Finance
2003-03-21,14.767998,14.941739,14.530552,14.930157,15717600,Yahoo Finance
2003-03-24,14.188858,14.767995,13.957203,14.119361,12019100,Yahoo Finance
2003-03-25,14.102001,14.600059,14.084626,14.542146,13468600,Yahoo Finance
2003-03-26,14.565299,14.883825,14.478429,14.721666,11527200,Yahoo Finance
2003-03-27,14.490021,14.646388,14.304697,14.513186,7644700,Yahoo Finance
2003-03-28,14.513173,14.513173,14.142526,14.264144,7364200,Yahoo Finance
2003-03-31,13.899291,14.368391,13.800837,14.107780,11630500,Yahoo Finance
2003-04-01,14.252569,14.356814,13.887712,14.356814,10403600,Yahoo Finance
2003-04-02,14.536341,15.132852,14.536341,14.988068,13033900,Yahoo Finance
2003-04-03,15.086522,15.219724,14.970695,15.074940,11812400,Yahoo Finance
2003-04-04,15.086526,15.393469,15.069152,15.306599,10454500,Yahoo Finance
2003-04-07,15.781487,15.926272,15.190767,15.248681,13721300,Yahoo Finance
2003-04-08,15.347138,15.462966,15.045986,15.306599,11268600,Yahoo Finance
2003-04-09,15.306595,15.405049,14.854868,14.912782,12678400,Yahoo Finance
2003-04-10,15.057561,15.173389,14.756410,14.982274,15850300,Yahoo Finance
2003-04-11,15.063356,15.341342,14.843284,14.999651,10657800,Yahoo Finance
2003-04-14,14.970697,15.428214,14.912783,15.376092,7930700,Yahoo Finance
2003-04-15,15.520868,15.752524,15.410833,15.729358,12137100,Yahoo Finance
2003-04-16,15.764119,15.868364,15.399263,15.434011,10259000,Yahoo Finance
2003-04-17,15.439801,15.920485,15.405053,15.850989,9513700,Yahoo Finance
2003-04-21,15.850991,15.984193,15.694624,15.908904,7764100,Yahoo Finance
2003-04-22,15.764114,16.071057,15.683036,16.013144,9557200,Yahoo Finance
2003-04-23,15.955226,16.215838,15.787277,16.146341,8650600,Yahoo Finance
2003-04-24,15.879942,16.134763,15.879942,16.013144,7917700,Yahoo Finance
2003-04-25,16.013149,16.117394,15.868365,15.908904,6889100,Yahoo Finance
2003-04-28,15.926271,16.215840,15.926271,16.163717,6979700,Yahoo Finance
2003-04-29,16.331668,16.655984,16.285337,16.360624,10936400,Yahoo Finance
2003-04-30,16.244797,16.325877,16.088431,16.291128,11720600,Yahoo Finance
2003-05-01,16.273754,16.273754,15.839401,15.926271,10986700,Yahoo Finance
2003-05-02,16.100014,16.563324,16.030518,16.511202,10056600,Yahoo Finance
2003-05-05,16.511200,16.974509,16.267962,16.748646,14546000,Yahoo Finance
2003-05-06,16.887646,17.188797,16.887646,17.072969,13626200,Yahoo Finance
2003-05-07,17.084541,17.316196,16.893426,17.136663,9649300,Yahoo Finance
2003-05-08,16.997681,17.258293,16.800775,16.928185,7776400,Yahoo Finance
2003-05-09,17.055583,17.223532,16.881841,17.206158,7550100,Yahoo Finance
2003-05-12,17.084549,17.420448,17.038218,17.420448,11137400,Yahoo Finance
2003-05-13,17.113511,17.518908,17.113511,17.345167,8392400,Yahoo Finance
2003-05-14,17.403065,17.489937,17.049792,17.142454,8791100,Yahoo Finance
2003-05-15,17.293037,17.316202,16.592281,17.009260,12929500,Yahoo Finance
2003-05-16,16.847104,16.905018,16.574910,16.905018,11254400,Yahoo Finance
2003-05-19,16.360621,16.852888,16.128967,16.256376,16506600,Yahoo Finance
2003-05-20,17.692645,18.184912,17.605775,17.762142,39383700,Yahoo Finance
2003-05-21,17.518902,17.866384,17.403074,17.733183,13235900,Yahoo Finance
2003-05-22,17.733180,17.970626,17.623144,17.860590,10599200,Yahoo Finance
2003-05-23,17.814265,17.849013,17.663689,17.686855,5588700,Yahoo Finance
2003-05-27,17.460984,18.289151,17.443611,18.213863,10011600,Yahoo Finance
2003-05-28,18.294947,18.659804,18.242824,18.393400,10287200,Yahoo Finance
2003-05-29,18.520814,18.862506,17.953260,18.821966,10262200,Yahoo Finance
2003-05-30,18.706138,18.821966,18.561354,18.816175,8428600,Yahoo Finance
2003-06-02,18.966745,19.163652,18.758256,18.903040,9925600,Yahoo Finance
2003-06-03,18.897252,19.042037,18.619267,18.931999,7732600,Yahoo Finance
2003-06-04,18.932001,18.972541,18.746677,18.816175,7596500,Yahoo Finance
2003-06-05,18.792998,19.042027,18.590299,19.007278,9686300,Yahoo Finance
2003-06-06,19.152067,19.343184,18.908831,19.030449,9614400,Yahoo Finance
2003-06-09,19.030449,19.111528,18.677175,18.850916,6521700,Yahoo Finance
2003-06-10,18.833509,18.943750,18.682656,18.891531,6170200,Yahoo Finance
2003-06-11,18.833515,19.088807,18.752286,19.083004,6152500,Yahoo Finance
2003-06-12,19.262865,19.320885,18.885730,19.106209,6578100,Yahoo Finance
2003-06-13,19.233864,19.529768,19.083008,19.471748,10376400,Yahoo Finance
2003-06-16,19.616779,20.144767,19.483332,19.993912,9995700,Yahoo Finance
2003-06-17,19.959105,20.133166,19.918490,19.982311,7510800,Yahoo Finance
2003-06-18,19.976521,19.982323,19.286076,19.396315,12015900,Yahoo Finance
2003-06-19,19.436932,19.640003,19.071401,19.100410,7886000,Yahoo Finance
2003-06-20,19.158432,19.199047,18.827715,18.850924,13732900,Yahoo Finance
2003-06-23,18.775486,18.966953,18.322925,18.520195,7418800,Yahoo Finance
2003-06-24,18.624633,18.798697,18.473780,18.694260,9835400,Yahoo Finance
2003-06-25,18.769685,19.239654,18.746479,18.827707,8650500,Yahoo Finance
2003-06-26,18.972759,19.326685,18.560812,18.839312,7609800,Yahoo Finance
2003-06-27,19.059789,19.129415,18.821904,18.839312,7092500,Yahoo Finance
2003-06-30,19.088808,19.756044,19.059796,19.216452,10783600,Yahoo Finance
2003-07-01,19.216448,19.274470,18.676855,19.204844,8807900,Yahoo Finance
2003-07-02,19.262861,19.465932,19.239652,19.402109,7589800,Yahoo Finance
2003-07-03,19.349894,19.471739,19.059791,19.378906,4153900,Yahoo Finance
2003-07-07,19.523960,19.674813,19.489147,19.593584,6669400,Yahoo Finance
2003-07-08,19.581983,20.133180,19.523963,20.046148,7614300,Yahoo Finance
2003-07-09,19.854674,20.011330,19.338291,19.431124,13723000,Yahoo Finance
2003-07-10,19.431129,19.431129,18.566620,18.816109,11537900,Yahoo Finance
2003-07-11,19.378904,19.436924,19.123612,19.245455,10669200,Yahoo Finance
2003-07-14,19.552960,19.727022,19.291867,19.367294,7455500,Yahoo Finance
2003-07-15,19.465934,20.046141,19.193238,19.245455,10319000,Yahoo Finance
2003-07-16,19.233856,19.512355,18.908940,19.436928,10460600,Yahoo Finance
2003-07-17,19.436927,19.831468,19.094605,19.204844,7127000,Yahoo Finance
2003-07-18,19.436925,19.442726,18.949551,19.193239,6285600,Yahoo Finance
2003-07-21,19.262863,19.286072,18.653646,18.653646,7447300,Yahoo Finance
2003-07-22,18.752286,18.752286,18.218495,18.427370,12416400,Yahoo Finance
2003-07-23,18.584025,18.763890,18.380954,18.636244,8026100,Yahoo Finance
2003-07-24,18.659449,18.839313,18.253303,18.264908,7095400,Yahoo Finance
2003-07-25,18.392549,18.589819,17.934185,18.566610,10019400,Yahoo Finance
2003-07-28,18.682658,18.781292,18.247503,18.421564,9533700,Yahoo Finance
2003-07-29,18.485393,18.665256,18.253310,18.317133,9160000,Yahoo Finance
2003-07-30,18.322923,18.357736,17.731113,18.160465,13376600,Yahoo Finance
2003-07-31,18.305523,18.485388,18.090847,18.102451,8446200,Yahoo Finance
2003-08-01,18.131459,18.131459,17.783334,17.870365,8249800,Yahoo Finance
2003-08-04,17.870366,18.061834,17.464222,17.957397,7036200,Yahoo Finance
2003-08-05,17.783338,17.963201,17.568662,17.580265,8585900,Yahoo Finance
2003-08-06,17.812348,18.264908,17.690504,18.172075,10176400,Yahoo Finance
2003-08-07,18.160473,18.595628,18.154672,18.543409,10281900,Yahoo Finance
2003-08-08,18.740670,19.013368,18.740670,18.984358,8409000,Yahoo Finance
2003-08-11,18.949555,19.187440,18.868327,18.966961,6665400,Yahoo Finance
2003-08-12,19.042381,19.222246,18.914735,19.222246,5552400,Yahoo Finance
2003-08-13,19.222255,19.344098,19.146827,19.251265,6164300,Yahoo Finance
2003-08-14,19.216446,19.286072,19.048188,19.193239,6313600,Yahoo Finance
2003-08-15,19.291870,19.460131,19.152620,19.460131,5241800,Yahoo Finance
2003-08-18,19.750243,19.860481,19.564577,19.669014,11878700,Yahoo Finance
2003-08-19,19.674808,19.727027,18.578218,18.659447,32574000,Yahoo Finance
2003-08-20,18.705862,18.943747,18.624632,18.897329,12612000,Yahoo Finance
2003-08-21,18.990167,19.065594,18.827709,19.007572,10810700,Yahoo Finance
2003-08-22,19.117813,19.204842,18.804501,19.030781,11956300,Yahoo Finance
2003-08-25,18.885736,19.216453,18.636247,18.845121,7901100,Yahoo Finance
2003-08-26,18.682661,18.798703,18.467984,18.705870,10068300,Yahoo Finance
2003-08-27,18.653645,18.920539,18.647842,18.833508,7076500,Yahoo Finance
2003-08-28,18.700068,19.059796,18.589830,18.717474,6342200,Yahoo Finance
2003-08-29,18.624634,18.705864,18.491187,18.659447,6875600,Yahoo Finance
2003-09-02,18.566416,18.799006,18.548971,18.758301,9068300,Yahoo Finance
2003-09-03,18.688519,19.107180,18.665260,19.066477,11368700,Yahoo Finance
2003-09-04,19.101357,19.915419,19.101357,19.909605,18824400,Yahoo Finance
2003-09-05,19.677027,19.828209,19.345588,19.630508,11734600,Yahoo Finance
2003-09-08,19.624699,19.630512,19.392109,19.624699,8739200,Yahoo Finance
2003-09-09,19.182769,19.188583,18.572222,18.694332,19824300,Yahoo Finance
2003-09-10,18.607121,18.833895,18.432680,18.473383,11832300,Yahoo Finance
2003-09-11,18.519896,18.752485,18.455934,18.467564,9628500,Yahoo Finance
2003-09-12,18.473384,18.473384,18.089613,18.368719,12207400,Yahoo Finance
2003-09-15,18.601301,19.130442,18.578042,19.060663,15480000,Yahoo Finance
2003-09-16,19.078111,19.374661,18.921113,19.363031,12875500,Yahoo Finance
2003-09-17,19.264187,19.363036,19.147892,19.188595,8335500,Yahoo Finance
2003-09-18,19.130449,19.345593,18.903673,19.293261,9354600,Yahoo Finance
2003-09-19,19.211846,19.374657,19.095551,19.246733,8032300,Yahoo Finance
2003-09-22,19.107183,19.182775,18.932742,19.037407,5602900,Yahoo Finance
2003-09-23,19.246741,19.287444,19.078116,19.188595,6493000,Yahoo Finance
2003-09-24,19.188595,19.188595,18.828082,18.839712,5628700,Yahoo Finance
2003-09-25,18.828070,19.101361,18.682702,18.694332,6490300,Yahoo Finance
2003-09-26,18.665264,18.862964,18.548970,18.595488,6719800,Yahoo Finance
2003-09-29,18.537333,18.723405,18.426854,18.694332,7399900,Yahoo Finance
2003-09-30,18.694336,18.793185,18.403599,18.519894,9819300,Yahoo Finance
2003-10-01,18.676888,19.188584,18.642001,19.130438,9912200,Yahoo Finance
2003-10-02,19.229289,19.461878,19.130439,19.333954,9057300,Yahoo Finance
2003-10-03,19.589799,19.711910,19.496764,19.554913,8669200,Yahoo Finance
2003-10-06,19.549097,19.857279,19.496764,19.781687,5318200,Yahoo Finance
2003-10-07,19.566547,20.049168,19.508398,20.043354,7272100,Yahoo Finance
2003-10-08,20.043362,20.049176,19.851475,19.996843,5623600,Yahoo Finance
2003-10-09,20.299204,20.636459,20.159649,20.421312,12209100,Yahoo Finance
2003-10-10,20.363166,20.496904,20.229428,20.305017,6918100,Yahoo Finance
2003-10-13,20.409683,20.642273,20.409683,20.642273,5948200,Yahoo Finance
2003-10-14,20.642268,20.648082,20.462011,20.543419,6939600,Yahoo Finance
2003-10-15,20.834154,21.165593,20.624824,21.101631,12786800,Yahoo Finance
2003-10-16,21.101638,21.252820,20.892308,21.113268,7833800,Yahoo Finance
2003-10-17,21.177227,21.305152,20.944639,21.020231,7276900,Yahoo Finance
2003-10-20,21.095827,21.136530,20.816720,20.991161,6973800,Yahoo Finance
2003-10-21,20.996972,21.223746,20.903936,21.020231,4898100,Yahoo Finance
2003-10-22,21.020222,21.107442,20.816706,20.967890,5297400,Yahoo Finance
2003-10-23,20.845780,21.031851,20.758560,20.839966,7017700,Yahoo Finance
2003-10-24,20.642274,20.781828,20.415500,20.700420,6866000,Yahoo Finance
2003-10-27,20.781823,21.002780,20.746933,20.933004,5430100,Yahoo Finance
2003-10-28,21.153969,21.805218,21.095821,21.805218,12889600,Yahoo Finance
2003-10-29,21.642402,22.002915,21.543551,21.648216,7415600,Yahoo Finance
2003-10-30,21.816839,21.828469,21.305143,21.549362,5883300,Yahoo Finance
2003-10-31,21.747067,21.799399,21.514477,21.555180,4915200,Yahoo Finance
2003-11-03,21.764505,22.031981,21.688913,21.816837,6959300,Yahoo Finance
2003-11-04,21.776147,21.863367,21.578447,21.671482,5221100,Yahoo Finance
2003-11-05,21.601703,21.636590,21.258635,21.572628,4584400,Yahoo Finance
2003-11-06,21.398177,21.729616,21.276068,21.700542,5826300,Yahoo Finance
2003-11-07,21.741252,21.933139,21.549367,21.729622,5057200,Yahoo Finance
2003-11-10,21.729617,21.793579,21.293513,21.549362,5932100,Yahoo Finance
2003-11-11,21.549366,21.624956,21.229554,21.473774,5175900,Yahoo Finance
2003-11-12,21.456338,21.508671,21.299340,21.479595,4472700,Yahoo Finance
2003-11-13,21.479586,21.479586,20.991149,21.119074,7777000,Yahoo Finance
2003-11-14,21.119082,21.316782,20.787642,21.043489,6387600,Yahoo Finance
2003-11-17,20.479460,20.886489,20.252686,20.624828,9816200,Yahoo Finance
2003-11-18,21.281890,21.369112,20.322462,20.322462,18409200,Yahoo Finance
2003-11-19,20.392237,20.787638,20.293388,20.619011,9175600,Yahoo Finance
2003-11-20,20.543423,20.903936,20.508534,20.531794,6770300,Yahoo Finance
2003-11-21,20.671345,20.810900,20.525977,20.735308,6219300,Yahoo Finance
2003-11-24,20.816704,21.276067,20.810890,21.212105,6957300,Yahoo Finance
2003-11-25,21.212105,21.369102,21.107440,21.293510,5727300,Yahoo Finance
2003-11-26,21.293510,21.380732,20.892295,21.252808,5825600,Yahoo Finance
2003-11-28,21.351665,21.450514,21.316775,21.374922,3237500,Yahoo Finance
2003-12-01,21.444703,21.502850,21.090005,21.380741,7125300,Yahoo Finance
2003-12-02,21.205969,21.310834,20.885548,20.897200,8624500,Yahoo Finance
2003-12-03,20.943801,21.106923,20.629207,20.699116,6877700,Yahoo Finance
2003-12-04,20.681640,20.815634,19.557258,20.308788,15138600,Yahoo Finance
2003-12-05,20.116532,20.506863,19.965062,20.227224,5612500,Yahoo Finance
2003-12-08,20.087411,20.448611,19.988374,20.215580,5338800,Yahoo Finance
2003-12-09,20.302971,20.320450,19.819429,19.831081,7784300,Yahoo Finance
2003-12-10,19.842729,19.871857,18.601829,19.271799,14876200,Yahoo Finance
2003-12-11,19.516481,20.209752,19.504829,20.116539,13795700,Yahoo Finance
2003-12-12,20.244710,20.291318,20.099065,20.186453,7409200,Yahoo Finance
2003-12-15,20.646683,20.664162,19.912631,20.011669,11036400,Yahoo Finance
2003-12-16,19.924285,20.087407,19.691252,20.017498,12630300,Yahoo Finance
2003-12-17,19.866022,20.535991,19.825241,20.471907,9428900,Yahoo Finance
2003-12-18,20.471913,20.669991,20.215578,20.582605,9953200,Yahoo Finance
2003-12-19,20.669985,20.693289,20.419475,20.681637,16135100,Yahoo Finance
2003-12-22,20.553471,20.658336,20.099058,20.291311,9432000,Yahoo Finance
2003-12-23,20.128193,20.390355,20.040807,20.157322,6813200,Yahoo Finance
2003-12-24,20.186448,20.302962,20.046627,20.209749,4408200,Yahoo Finance
2003-12-26,20.209747,20.466084,20.209747,20.320438,2436000,Yahoo Finance
2003-12-29,20.390354,20.739902,20.314618,20.728252,8173700,Yahoo Finance
2003-12-30,20.658337,20.774854,20.495215,20.559299,4995500,Yahoo Finance
2003-12-31,20.495213,20.716594,20.483561,20.675814,5012400,Yahoo Finance
2004-01-02,20.827287,20.937976,20.279661,20.402002,7177600,Yahoo Finance
2004-01-05,20.431133,20.535998,20.279663,20.407829,11405100,Yahoo Finance
2004-01-06,20.442787,20.710774,20.297142,20.629213,8845200,Yahoo Finance
2004-01-07,20.646684,21.025363,20.600078,20.914673,9236900,Yahoo Finance
2004-01-08,20.908848,20.961280,20.489388,20.739899,10918400,Yahoo Finance
2004-01-09,20.623383,21.013711,20.617556,20.792330,8280000,Yahoo Finance
2004-01-12,20.757381,20.856418,20.291316,20.506870,10170700,Yahoo Finance
2004-01-13,20.646688,20.652515,20.244707,20.436960,8871800,Yahoo Finance
2004-01-14,20.436965,20.739905,20.285492,20.664171,9344700,Yahoo Finance
2004-01-15,20.699117,20.763201,20.378698,20.640860,9006100,Yahoo Finance
2004-01-16,20.856413,20.891368,20.244703,20.355392,18627300,Yahoo Finance
2004-01-20,20.367047,20.483563,20.273834,20.396175,10340800,Yahoo Finance
2004-01-21,20.477733,20.821456,20.396170,20.763197,8554800,Yahoo Finance
2004-01-22,20.763205,21.054495,20.565127,20.932154,7968800,Yahoo Finance
2004-01-23,21.002059,21.095272,20.838937,20.926323,6773100,Yahoo Finance
2004-01-26,20.908852,21.176839,20.833116,21.147711,6377700,Yahoo Finance
2004-01-27,20.926325,21.205966,20.926325,20.937977,6164400,Yahoo Finance
2004-01-28,21.042846,21.060325,20.215581,20.297142,11054400,Yahoo Finance
2004-01-29,20.419479,20.769030,20.332093,20.739899,8789700,Yahoo Finance
2004-01-30,20.652519,20.868074,20.576783,20.664171,5811100,Yahoo Finance
2004-02-02,20.664164,20.873894,20.419479,20.559299,7547200,Yahoo Finance
2004-02-03,20.419481,20.693295,20.402005,20.419481,7144400,Yahoo Finance
2004-02-04,20.419476,20.873891,20.396173,20.658335,7859100,Yahoo Finance
2004-02-05,20.681637,20.885539,20.588424,20.681637,5996600,Yahoo Finance
2004-02-06,20.739896,21.211787,20.728246,21.165182,7356200,Yahoo Finance
2004-02-09,21.165181,21.369084,21.037013,21.071966,5684900,Yahoo Finance
2004-02-10,21.147711,21.176840,20.873899,21.002066,7258100,Yahoo Finance
2004-02-11,21.031195,21.561345,20.937982,21.456482,9489400,Yahoo Finance
2004-02-12,21.421529,21.473961,21.182670,21.305012,4933200,Yahoo Finance
2004-02-13,21.322476,21.427341,20.961277,21.071966,6144800,Yahoo Finance
2004-02-17,21.124407,21.258403,21.042846,21.147711,6118000,Yahoo Finance
2004-02-18,21.293351,21.293351,20.798158,20.908848,6156400,Yahoo Finance
2004-02-19,21.147710,21.153537,20.699121,20.716600,7672200,Yahoo Finance
2004-02-20,20.827299,20.914687,20.483575,20.798170,7681800,Yahoo Finance
2004-02-23,20.850595,20.914679,20.483568,20.611736,8243100,Yahoo Finance
2004-02-24,20.850591,21.037017,20.658338,20.967108,11990400,Yahoo Finance
2004-02-25,21.205965,21.264223,21.037016,21.211790,9190500,Yahoo Finance
2004-02-26,21.217616,21.543862,21.089449,21.462301,8174400,Yahoo Finance
2004-02-27,21.555514,21.602122,21.130230,21.153534,10312900,Yahoo Finance
2004-03-01,21.310831,21.491430,21.205966,21.462301,6856800,Yahoo Finance
2004-03-02,21.421516,21.736111,21.415689,21.572987,8727000,Yahoo Finance
2004-03-03,21.503083,21.706986,21.497258,21.584644,5706200,Yahoo Finance
2004-03-04,21.642900,21.666202,21.398215,21.613770,5845800,Yahoo Finance
2004-03-05,21.468123,21.881757,21.357433,21.817673,9249200,Yahoo Finance
2004-03-08,21.817675,21.934192,21.613770,21.683681,6794900,Yahoo Finance
2004-03-09,21.566943,21.695351,21.421023,21.578617,7330100,Yahoo Finance
2004-03-10,21.496912,21.625320,21.187560,21.245930,6455800,Yahoo Finance
2004-03-11,21.135028,21.444380,21.012456,21.064987,8674800,Yahoo Finance
2004-03-12,21.041639,21.584461,20.755638,21.064987,6765300,Yahoo Finance
2004-03-15,20.983271,21.035802,20.498816,20.668083,7237200,Yahoo Finance
2004-03-16,20.767309,21.070820,20.668082,20.930738,5786400,Yahoo Finance
2004-03-17,21.123344,21.350980,21.012446,21.304285,5748500,Yahoo Finance
2004-03-18,21.304288,21.683681,21.245921,21.590292,8353600,Yahoo Finance
2004-03-19,21.596132,21.695357,21.327640,21.409355,7530600,Yahoo Finance
2004-03-22,21.187552,21.240083,20.971591,21.047470,6640400,Yahoo Finance
2004-03-23,21.129183,21.269265,21.029957,21.135019,7240500,Yahoo Finance
2004-03-24,21.100007,21.193396,20.884044,21.006618,6452000,Yahoo Finance
2004-03-25,21.041633,21.747884,20.959918,21.683681,7944900,Yahoo Finance
2004-03-26,21.572783,21.730376,21.537763,21.555273,6852100,Yahoo Finance
2004-03-29,21.555274,21.788746,21.514416,21.771235,5376700,Yahoo Finance
2004-03-30,21.771223,21.893795,21.689509,21.835428,5044600,Yahoo Finance
2004-03-31,21.782902,21.882129,21.607799,21.806250,6272500,Yahoo Finance
2004-04-01,21.771230,21.794578,21.596127,21.642822,5471600,Yahoo Finance
2004-04-02,21.771236,21.823767,21.275109,21.409355,12430300,Yahoo Finance
2004-04-05,21.321802,21.759561,21.315966,21.736216,6466300,Yahoo Finance
2004-04-06,22.086420,22.086420,21.450209,21.561108,5716000,Yahoo Finance
2004-04-07,21.666173,21.718704,21.257597,21.298456,7767000,Yahoo Finance
2004-04-08,21.450208,21.502739,21.047470,21.129185,9025200,Yahoo Finance
2004-04-12,21.164203,21.298451,21.129184,21.280939,3910700,Yahoo Finance
2004-04-13,21.280945,21.315967,20.849024,20.930738,8008400,Yahoo Finance
2004-04-14,20.720617,21.035805,20.691434,20.907394,6885600,Yahoo Finance
2004-04-15,20.913229,21.094168,20.878207,20.930738,6164600,Yahoo Finance
2004-04-16,21.100001,21.158368,20.778976,21.129185,7030600,Yahoo Finance
2004-04-19,21.041640,21.070824,20.790658,21.012457,4980300,Yahoo Finance
2004-04-20,21.100016,21.321812,20.808176,20.808176,4915800,Yahoo Finance
2004-04-21,20.843191,20.989111,20.662252,20.743967,6626300,Yahoo Finance
2004-04-22,20.703102,21.304291,20.662244,21.216738,6015100,Yahoo Finance
2004-04-23,21.070819,21.450212,21.053310,21.298456,4680400,Yahoo Finance
2004-04-26,21.362658,21.502742,21.193392,21.216738,4549700,Yahoo Finance
2004-04-27,21.228414,21.520253,21.222578,21.321802,5152000,Yahoo Finance
2004-04-28,21.175884,21.257599,20.913230,21.006618,5011200,Yahoo Finance
2004-04-29,20.954081,21.123346,20.662242,20.854855,6266500,Yahoo Finance
2004-04-30,20.854858,20.942411,20.539671,20.539671,6377800,Yahoo Finance
2004-05-03,20.574691,20.720611,20.312035,20.563017,8375300,Yahoo Finance
2004-05-04,20.557182,20.866531,20.487139,20.638897,5134500,Yahoo Finance
2004-05-05,20.563019,20.662245,20.446282,20.580528,4653800,Yahoo Finance
2004-05-06,20.428770,20.440444,19.932644,20.055216,10876800,Yahoo Finance
2004-05-07,19.553253,19.991013,19.191373,19.261414,15928600,Yahoo Finance
2004-05-10,19.027940,19.535742,18.998756,19.518230,10169800,Yahoo Finance
2004-05-11,19.524073,19.564930,19.331458,19.547421,7538100,Yahoo Finance
2004-05-12,19.465704,19.675829,18.876189,19.570766,10560700,Yahoo Finance
2004-05-13,19.407337,19.880118,19.331458,19.681667,8983200,Yahoo Finance
2004-05-14,19.599942,19.903453,19.378143,19.728350,6948300,Yahoo Finance
2004-05-17,19.407334,19.699173,19.302271,19.535744,8121900,Yahoo Finance
2004-05-18,20.107752,20.277019,19.932648,20.206976,14104700,Yahoo Finance
2004-05-19,20.341222,20.399591,19.821748,19.856770,7603400,Yahoo Finance
2004-05-20,19.856768,20.043545,19.710848,19.903461,6761300,Yahoo Finance
2004-05-21,19.991007,20.323704,19.915128,20.119417,8684700,Yahoo Finance
2004-05-24,20.195303,20.300366,20.049384,20.224489,6276400,Yahoo Finance
2004-05-25,20.230324,20.609716,20.026037,20.603878,7517900,Yahoo Finance
2004-05-26,20.574692,20.743959,20.393750,20.697264,6813900,Yahoo Finance
2004-05-27,20.720614,21.024128,20.673919,20.919065,8433900,Yahoo Finance
2004-05-28,20.919057,21.187548,20.878199,20.965750,7014700,Yahoo Finance
2004-06-01,20.878204,20.965755,20.726446,20.872366,6297800,Yahoo Finance
2004-06-02,20.428772,20.854857,20.341219,20.819836,11178600,Yahoo Finance
2004-06-03,20.720607,21.006610,20.557177,20.708933,7191900,Yahoo Finance
2004-06-04,20.761479,20.878215,20.603885,20.621397,8056300,Yahoo Finance
2004-06-07,20.767310,20.983271,20.580530,20.919065,7311300,Yahoo Finance
2004-06-08,20.916130,21.033144,20.652850,21.021442,7613500,Yahoo Finance
2004-06-09,20.758167,20.910286,20.664557,20.734764,8780500,Yahoo Finance
2004-06-10,20.851770,20.962935,20.641146,20.916128,8184600,Yahoo Finance
2004-06-14,20.769871,20.881033,20.524144,20.775721,5682500,Yahoo Finance
2004-06-15,20.945391,21.050703,20.863482,20.927839,7589900,Yahoo Finance
2004-06-16,20.933691,21.103361,20.769873,21.062407,5333100,Yahoo Finance
2004-06-17,21.033150,21.038999,20.769869,20.869329,5880500,Yahoo Finance
2004-06-18,20.875183,20.875183,20.594351,20.693811,13836700,Yahoo Finance
2004-06-21,20.623602,21.009746,20.623602,20.898584,7814000,Yahoo Finance
2004-06-22,20.682104,20.717208,20.342766,20.500734,10313400,Yahoo Finance
2004-06-23,20.418830,20.769869,20.331069,20.734764,7715000,Yahoo Finance
2004-06-24,20.769871,21.126762,20.682110,20.711365,8889700,Yahoo Finance
2004-06-25,20.799125,21.138465,20.623606,20.623606,12481000,Yahoo Finance
2004-06-28,20.769869,20.916136,20.682108,20.746466,6621300,Yahoo Finance
2004-06-29,20.670412,20.676262,20.407132,20.576799,7898200,Yahoo Finance
2004-06-30,20.518288,20.629450,20.389572,20.594347,6443600,Yahoo Finance
2004-07-01,20.600202,20.682111,20.266714,20.471489,7660100,Yahoo Finance
2004-07-02,20.471489,20.588501,20.178956,20.295967,6150600,Yahoo Finance
2004-07-06,20.126296,20.453932,20.009282,20.284262,6617700,Yahoo Finance
2004-07-07,20.214047,20.547535,20.214047,20.477327,5049600,Yahoo Finance
2004-07-08,20.360326,20.471490,20.032690,20.061943,7180500,Yahoo Finance
2004-07-09,20.067793,20.184807,19.968333,20.108747,5737500,Yahoo Finance
2004-07-12,20.108742,20.372022,19.985879,20.278412,5761400,Yahoo Finance
2004-07-13,20.301823,20.459791,20.243315,20.395433,4922700,Yahoo Finance
2004-07-14,20.342768,20.459781,20.102890,20.190649,5486800,Yahoo Finance
2004-07-15,20.278407,20.278407,20.073635,20.085337,5370700,Yahoo Finance
2004-07-16,20.266717,20.266717,19.810366,19.845469,6820400,Yahoo Finance
2004-07-19,19.863019,19.927377,19.272101,19.465174,10107400,Yahoo Finance
2004-07-20,19.511980,19.997587,19.511980,19.886425,5870600,Yahoo Finance
2004-07-21,20.020988,20.050241,19.617290,19.617290,5192200,Yahoo Finance
2004-07-22,19.511969,19.810354,19.394958,19.775249,5672600,Yahoo Finance
2004-07-23,19.716747,19.740150,19.254543,19.307199,7399700,Yahoo Finance
2004-07-26,19.336456,19.465171,19.055624,19.236996,6551000,Yahoo Finance
2004-07-27,19.295500,19.775255,19.277949,19.558781,7403500,Yahoo Finance
2004-07-28,19.535372,19.705042,19.330599,19.599730,5647200,Yahoo Finance
2004-07-29,19.687506,19.898128,19.465180,19.728460,4196000,Yahoo Finance
2004-07-30,19.658251,19.822071,19.541239,19.728460,4397600,Yahoo Finance
2004-08-02,19.728449,20.020983,19.634839,19.909819,5040500,Yahoo Finance
2004-08-03,19.816215,19.833769,19.435923,19.611443,6156100,Yahoo Finance
2004-08-04,19.465176,19.810365,19.371565,19.652397,5037500,Yahoo Finance
2004-08-05,19.652397,19.675800,19.190193,19.295506,5542800,Yahoo Finance
2004-08-06,19.043924,19.453472,18.950314,19.248699,7796500,Yahoo Finance
2004-08-09,19.248692,19.447614,19.231138,19.254541,4149700,Yahoo Finance
2004-08-10,19.307209,19.523684,19.254553,19.523684,4364600,Yahoo Finance
2004-08-11,19.377409,19.389110,19.131682,19.359858,5863900,Yahoo Finance
2004-08-12,19.389112,19.529529,19.236996,19.277950,5226300,Yahoo Finance
2004-08-13,19.394964,19.582186,19.272099,19.389112,6774800,Yahoo Finance
2004-08-16,19.570483,20.091192,19.541230,19.880568,9742200,Yahoo Finance
2004-08-17,20.933696,20.974651,20.494896,20.535851,14737400,Yahoo Finance
2004-08-18,20.477332,21.115055,20.477332,21.079950,12812900,Yahoo Finance
2004-08-19,21.079954,21.524606,21.062403,21.202820,9857400,Yahoo Finance
2004-08-20,21.202837,21.349104,21.085823,21.273045,5818000,Yahoo Finance
2004-08-23,21.220375,21.226225,20.857634,21.062407,5654200,Yahoo Finance
2004-08-24,21.173563,21.296429,21.103356,21.255474,7265700,Yahoo Finance
2004-08-25,21.191128,21.512915,21.115069,21.413452,5550000,Yahoo Finance
2004-08-26,21.372499,21.571422,21.337397,21.395903,3941200,Yahoo Finance
2004-08-27,21.401745,21.524608,21.261328,21.407595,3429100,Yahoo Finance
2004-08-30,21.384193,21.530460,21.343239,21.372492,3540200,Yahoo Finance
2004-08-31,21.510305,21.551355,21.217089,21.439934,5879100,Yahoo Finance
2004-09-01,21.434063,21.668636,21.322642,21.627586,5789800,Yahoo Finance
2004-09-02,21.645175,22.284385,21.645175,22.219877,10186800,Yahoo Finance
2004-09-03,22.143650,22.214024,21.914942,21.979450,6655700,Yahoo Finance
2004-09-07,22.126065,22.278538,21.997049,22.073286,6950800,Yahoo Finance
2004-09-08,21.991177,22.073277,21.715554,21.856298,6507800,Yahoo Finance
2004-09-09,21.844570,21.903212,21.516167,21.703825,5785900,Yahoo Finance
2004-09-10,21.697956,22.102593,21.692093,22.014629,5502800,Yahoo Finance
2004-09-13,22.108463,22.161242,21.903211,21.950127,5861900,Yahoo Finance
2004-09-14,22.079149,22.401686,21.991183,22.366499,6788100,Yahoo Finance
2004-09-15,22.348900,22.606929,22.249205,22.513100,9079300,Yahoo Finance
2004-09-16,22.518954,22.923591,22.518954,22.694883,7300600,Yahoo Finance
2004-09-17,22.841502,22.841502,22.448592,22.466187,11139500,Yahoo Finance
2004-09-20,22.460319,22.630384,22.319577,22.554148,4644200,Yahoo Finance
2004-09-21,22.712477,22.923592,22.606919,22.747663,5712700,Yahoo Finance
2004-09-22,22.606923,22.759396,22.360623,22.430994,6069800,Yahoo Finance
2004-09-23,22.431002,22.589339,22.348902,22.378223,3818000,Yahoo Finance
2004-09-24,22.378223,22.759405,22.343037,22.536560,5289200,Yahoo Finance
2004-09-27,22.518965,22.671437,22.436863,22.466187,4492300,Yahoo Finance
2004-09-28,22.442733,22.870828,22.208159,22.771135,7447000,Yahoo Finance
2004-09-29,22.735941,23.099527,22.735941,23.093664,5908200,Yahoo Finance
2004-09-30,23.029158,23.298916,22.906008,22.988108,9433100,Yahoo Finance
2004-10-01,23.216812,23.251999,22.988104,23.017426,6472800,Yahoo Finance
2004-10-04,23.023295,23.398613,23.023295,23.246140,7468200,Yahoo Finance
2004-10-05,23.164039,23.269597,22.988110,23.181631,5888800,Yahoo Finance
2004-10-06,23.222674,23.339961,23.081932,23.287182,4025000,Yahoo Finance
2004-10-07,23.310646,23.427932,23.023293,23.040888,5069600,Yahoo Finance
2004-10-08,22.929465,23.222680,22.700757,22.882551,6016000,Yahoo Finance
2004-10-11,23.058481,23.580404,23.052618,23.498304,8886700,Yahoo Finance
2004-10-12,23.310641,23.457249,22.947055,23.369284,5636500,Yahoo Finance
2004-10-13,23.457251,23.474843,23.216814,23.334101,5368700,Yahoo Finance
2004-10-14,23.281322,23.381014,22.929462,23.052614,3965200,Yahoo Finance
2004-10-15,23.169892,23.386873,22.958779,23.345823,7371900,Yahoo Finance
2004-10-18,23.345841,23.615599,23.246147,23.562820,7005600,Yahoo Finance
2004-10-19,23.586272,23.727014,23.205090,23.304785,5545500,Yahoo Finance
2004-10-20,23.304791,23.345841,23.081946,23.152317,5560000,Yahoo Finance
2004-10-21,23.105389,23.416197,23.105389,23.298910,4912000,Yahoo Finance
2004-10-22,23.298917,23.422067,22.941193,22.970514,4380200,Yahoo Finance
2004-10-25,22.812177,22.812177,22.466182,22.677296,6264900,Yahoo Finance
2004-10-26,22.665566,23.293047,22.624516,23.263723,6137100,Yahoo Finance
2004-10-27,23.169897,23.955715,23.164033,23.920530,8385400,Yahoo Finance
2004-10-28,23.791516,24.301710,23.779787,24.137510,7369600,Yahoo Finance
2004-10-29,24.084726,24.336891,23.932255,24.090591,8337000,Yahoo Finance
2004-11-01,24.055405,24.442449,24.020218,24.090591,7110800,Yahoo Finance
2004-11-02,23.961586,24.372088,23.961586,24.125786,5946600,Yahoo Finance
2004-11-03,24.565613,24.565613,23.926403,24.166840,7181700,Yahoo Finance
2004-11-04,24.166838,24.624256,24.073009,24.594933,6686900,Yahoo Finance
2004-11-05,24.594926,25.040615,24.571471,24.800179,7846500,Yahoo Finance
2004-11-08,24.747403,25.075803,24.688758,24.894011,5877800,Yahoo Finance
2004-11-09,24.806056,24.952664,24.536298,24.665314,4926300,Yahoo Finance
2004-11-10,24.741540,24.894014,24.635983,24.635983,5292700,Yahoo Finance
2004-11-11,24.852963,25.140313,24.688761,25.081671,5803900,Yahoo Finance
2004-11-12,25.122723,25.363160,25.075808,25.345568,6469000,Yahoo Finance
2004-11-15,25.286918,25.797115,25.140311,25.679829,9986300,Yahoo Finance
2004-11-16,25.961315,25.978907,25.011297,25.216547,16544900,Yahoo Finance
2004-11-17,25.128577,25.392472,24.735669,24.794312,11830900,Yahoo Finance
2004-11-18,24.794321,25.152045,24.665308,25.105131,9321300,Yahoo Finance
2004-11-19,25.198959,25.204823,25.017165,25.040623,8913000,Yahoo Finance
2004-11-22,25.058206,25.456979,24.952648,25.351421,6973200,Yahoo Finance
2004-11-23,25.345552,25.550802,25.216536,25.527344,6060100,Yahoo Finance
2004-11-24,25.498043,25.685700,25.404214,25.468721,4722400,Yahoo Finance
2004-11-26,25.369019,25.621185,25.363156,25.433527,2106000,Yahoo Finance
2004-11-29,25.398325,25.498018,24.981958,25.234123,7299300,Yahoo Finance
2004-11-30,24.972655,25.207693,24.531961,24.531961,9843800,Yahoo Finance
2004-12-01,24.649482,25.013788,24.620102,24.843386,8646500,Yahoo Finance
2004-12-02,24.843393,25.078431,24.379197,24.767008,8408100,Yahoo Finance
2004-12-03,24.590733,24.837523,24.484966,24.555479,6244100,Yahoo Finance
2004-12-06,24.437949,24.784628,24.437949,24.678862,5012800,Yahoo Finance
2004-12-07,24.561353,24.896280,24.520222,24.543726,6350400,Yahoo Finance
2004-12-08,24.678861,25.096051,24.655357,25.007914,5893900,Yahoo Finance
2004-12-09,25.007912,25.260577,24.796379,25.201817,5861300,Yahoo Finance
2004-12-10,25.237080,25.284086,24.990290,25.054926,4620400,Yahoo Finance
2004-12-13,25.119556,25.190067,24.808133,25.125431,4595500,Yahoo Finance
2004-12-14,25.090176,25.148934,24.884517,25.060797,5186000,Yahoo Finance
2004-12-15,25.119572,25.119572,24.866907,24.966799,4959200,Yahoo Finance
2004-12-16,24.966772,25.060786,24.714107,25.025530,7310000,Yahoo Finance
2004-12-17,24.972667,25.060807,24.667119,24.684746,8841600,Yahoo Finance
2004-12-20,25.002041,25.002041,24.508464,24.520216,5614900,Yahoo Finance
2004-12-21,24.473214,24.772885,24.396826,24.743505,5506300,Yahoo Finance
2004-12-22,24.796382,25.060799,24.702367,24.984411,5144700,Yahoo Finance
2004-12-23,24.984411,25.172440,24.943280,24.984411,3565700,Yahoo Finance
2004-12-27,24.984415,25.190071,24.755254,24.814013,4526800,Yahoo Finance
2004-12-28,24.890392,25.266450,24.872765,25.172436,4482100,Yahoo Finance
2004-12-29,25.031422,25.237081,25.025547,25.148941,4837100,Yahoo Finance
2004-12-30,25.231214,25.319353,25.148951,25.219461,3358100,Yahoo Finance
2004-12-31,25.178323,25.248835,25.078433,25.113689,3616200,Yahoo Finance
2005-01-03,25.260575,25.395721,25.225319,25.325209,7294600,Yahoo Finance
2005-01-04,25.407473,25.425100,24.990281,25.002033,6899600,Yahoo Finance
2005-01-05,24.972662,25.413356,24.749376,24.772881,6868300,Yahoo Finance
2005-01-06,24.772880,24.872772,24.197040,24.402697,8912200,Yahoo Finance
2005-01-07,24.461451,24.479078,24.097142,24.338055,7015500,Yahoo Finance
2005-01-10,24.238167,24.708240,24.238167,24.561342,6102200,Yahoo Finance
2005-01-11,24.432087,24.584860,24.432087,24.508472,4569700,Yahoo Finance
2005-01-12,24.473217,24.825772,24.273436,24.796392,6468700,Yahoo Finance
2005-01-13,24.708245,24.796385,24.326312,24.520216,8269600,Yahoo Finance
2005-01-14,24.561345,24.678864,24.520214,24.620106,4186200,Yahoo Finance
2005-01-18,24.390945,24.819889,24.385070,24.772881,7041700,Yahoo Finance
2005-01-19,24.667109,24.808132,24.549590,24.561342,4310700,Yahoo Finance
2005-01-20,24.567218,24.567218,24.009005,24.179407,6664100,Yahoo Finance
2005-01-21,24.179409,24.320430,24.009007,24.032511,6068200,Yahoo Finance
2005-01-24,24.150022,24.155899,23.691701,23.732832,6174100,Yahoo Finance
2005-01-25,23.791609,24.020770,23.779857,23.838615,5137100,Yahoo Finance
2005-01-26,23.985502,23.985502,23.809225,23.932619,5664000,Yahoo Finance
2005-01-27,23.809227,24.126527,23.803349,23.891489,5813200,Yahoo Finance
2005-01-28,23.944378,23.985509,23.668209,23.744596,5598400,Yahoo Finance
2005-01-31,23.856233,24.291052,23.856233,24.244043,6341200,Yahoo Finance
2005-02-01,24.208795,24.273430,24.079524,24.173538,5558000,Yahoo Finance
2005-02-02,24.138279,24.296927,24.103023,24.267548,3586000,Yahoo Finance
2005-02-03,24.208804,24.455591,24.179425,24.426212,4831700,Yahoo Finance
2005-02-04,24.355702,24.931542,24.355702,24.925665,7180200,Yahoo Finance
2005-02-07,24.837513,24.984411,24.831636,24.984411,5391700,Yahoo Finance
2005-02-08,24.855144,25.031421,24.684742,24.708246,5564200,Yahoo Finance
2005-02-09,24.767006,24.843391,24.531968,24.596603,4155100,Yahoo Finance
2005-02-10,24.678864,24.943281,24.490835,24.896273,4434300,Yahoo Finance
2005-02-11,24.819892,25.260586,24.678869,25.154819,6385200,Yahoo Finance
2005-02-14,25.137197,25.207710,25.002051,25.043182,3449000,Yahoo Finance
2005-02-15,24.913907,25.178321,24.902155,25.107811,5477900,Yahoo Finance
2005-02-16,24.990287,25.107806,24.772879,24.896273,5560500,Yahoo Finance
2005-02-17,24.831635,24.943279,24.390941,24.567221,6916600,Yahoo Finance
2005-02-18,24.573088,24.814001,24.526082,24.690607,5879400,Yahoo Finance
2005-02-22,24.296938,24.355699,23.562448,23.668215,14330000,Yahoo Finance
2005-02-23,23.738719,23.856235,23.286272,23.356783,12444500,Yahoo Finance
2005-02-24,23.303900,23.374410,22.845579,23.280396,15068200,Yahoo Finance
2005-02-25,23.362657,23.862111,23.280394,23.844484,9844600,Yahoo Finance
2005-02-28,23.650588,23.885626,23.515442,23.515442,8184700,Yahoo Finance
2005-03-01,23.533056,23.609444,23.409662,23.533056,9299200,Yahoo Finance
2005-03-02,23.415539,23.615320,23.374407,23.491926,7257100,Yahoo Finance
2005-03-03,23.497805,23.591820,23.327403,23.339155,6993800,Yahoo Finance
2005-03-04,23.474292,23.591811,23.327394,23.556555,5639700,Yahoo Finance
2005-03-07,23.509558,23.662333,23.380289,23.433172,6808200,Yahoo Finance
2005-03-08,23.533312,23.645234,23.474404,23.545094,5578000,Yahoo Finance
2005-03-09,23.468520,23.503865,23.256454,23.262346,7951000,Yahoo Finance
2005-03-10,23.215218,23.497971,23.215218,23.497971,5574900,Yahoo Finance
2005-03-11,23.444960,23.562775,23.185770,23.221113,5837300,Yahoo Finance
2005-03-14,23.327130,23.368365,22.832312,23.250553,8673000,Yahoo Finance
2005-03-15,23.356595,23.556878,23.297687,23.421391,7213700,Yahoo Finance
2005-03-16,23.244664,23.468511,22.773410,22.903006,9594200,Yahoo Finance
2005-03-17,22.849997,22.979591,22.690948,22.920685,6771300,Yahoo Finance
2005-03-18,22.926567,23.032599,22.791081,22.903006,11023500,Yahoo Finance
2005-03-21,22.761630,22.779301,22.095981,22.378736,11310900,Yahoo Finance
2005-03-22,22.384626,22.608473,22.278593,22.278593,7509000,Yahoo Finance
2005-03-23,22.113660,22.366960,22.054751,22.207911,13465500,Yahoo Finance
2005-03-24,22.202020,22.579026,22.149004,22.402304,7585400,Yahoo Finance
2005-03-28,22.561347,22.849992,22.502441,22.732178,6300500,Yahoo Finance
2005-03-29,22.620260,22.767527,22.184347,22.202019,8156400,Yahoo Finance
2005-03-30,22.296260,22.632029,22.284481,22.472982,6376800,Yahoo Finance
2005-03-31,22.490666,22.761637,22.443539,22.526011,6665400,Yahoo Finance
2005-04-01,22.620253,22.826427,21.771993,22.148996,12149300,Yahoo Finance
2005-04-04,22.119541,22.414075,21.978165,22.331606,7878700,Yahoo Finance
2005-04-05,22.207905,22.590799,22.072420,22.520111,7168400,Yahoo Finance
2005-04-06,22.467097,22.567240,22.207907,22.260923,5966400,Yahoo Finance
2005-04-07,22.154895,22.207911,21.931048,22.031191,9925200,Yahoo Finance
2005-04-08,22.095985,22.255034,21.972281,22.078314,8287200,Yahoo Finance
2005-04-11,22.119542,22.378734,22.007619,22.231466,6325500,Yahoo Finance
2005-04-12,22.284486,22.820539,22.166672,22.708614,7174900,Yahoo Finance
2005-04-13,22.620264,22.714515,22.249150,22.325729,6411800,Yahoo Finance
2005-04-14,22.249127,22.249127,21.842671,21.883905,9794500,Yahoo Finance
2005-04-15,21.542253,21.766100,21.059217,21.271282,12597700,Yahoo Finance
2005-04-18,21.271287,21.695417,21.224160,21.636509,8421300,Yahoo Finance
2005-04-19,21.618838,21.642402,21.336086,21.477461,6016300,Yahoo Finance
2005-04-20,21.212380,21.259506,20.782359,20.970861,11172100,Yahoo Finance
2005-04-21,21.147577,21.601158,21.147577,21.601158,8073600,Yahoo Finance
2005-04-22,21.601155,21.601155,21.012086,21.218262,7728700,Yahoo Finance
2005-04-25,21.218274,21.554043,21.206492,21.324306,6150500,Yahoo Finance
2005-04-26,21.241837,21.660076,21.212382,21.324306,5496000,Yahoo Finance
2005-04-27,21.212378,21.554039,21.135800,21.224159,7256500,Yahoo Finance
2005-04-28,21.059224,21.124022,20.552624,20.670439,11298200,Yahoo Finance
2005-04-29,20.764691,20.906069,20.358234,20.835379,10155600,Yahoo Finance
2005-05-02,21.012102,21.442125,20.935525,21.359653,8223300,Yahoo Finance
2005-05-03,21.029772,21.848578,21.017991,21.648294,9662900,Yahoo Finance
2005-05-04,21.689521,21.913368,21.595270,21.854460,7092700,Yahoo Finance
2005-05-05,21.783773,22.048854,21.595271,21.707193,5553100,Yahoo Finance
2005-05-06,21.854468,22.078314,21.819125,21.889812,7768300,Yahoo Finance
2005-05-09,21.795554,21.995838,21.783773,21.942822,5995300,Yahoo Finance
2005-05-10,21.607057,21.730761,21.347867,21.477461,7924800,Yahoo Finance
2005-05-11,21.453898,21.583494,21.118128,21.512806,7089800,Yahoo Finance
2005-05-12,21.436237,21.766116,21.312533,21.341986,6003300,Yahoo Finance
2005-05-13,21.459783,21.707191,21.283063,21.377314,7355400,Yahoo Finance
2005-05-16,21.465681,22.013515,21.459791,22.013515,10428200,Yahoo Finance
2005-05-17,22.944236,23.185755,22.738061,22.891220,17725400,Yahoo Finance
2005-05-18,23.032601,23.492077,22.932461,23.444950,12155700,Yahoo Finance
2005-05-19,23.444946,23.710027,23.433164,23.645229,7771100,Yahoo Finance
2005-05-20,23.651117,23.651117,23.132736,23.344801,7891900,Yahoo Finance
2005-05-23,23.550987,23.763052,23.521534,23.539206,7297200,Yahoo Finance
2005-05-24,23.450837,23.550977,23.327130,23.474398,6790300,Yahoo Finance
2005-05-25,23.344813,23.480299,23.050279,23.191654,5611200,Yahoo Finance
2005-05-26,23.280010,23.627561,23.256447,23.515636,5342200,Yahoo Finance
2005-05-27,23.444951,23.586328,23.415498,23.545094,4346800,Yahoo Finance
2005-05-31,23.444948,23.533310,23.168087,23.179867,7188900,Yahoo Finance
2005-06-01,23.091518,23.592226,23.073844,23.527428,6970600,Yahoo Finance
2005-06-02,23.509748,23.851409,23.462624,23.763048,5728000,Yahoo Finance
2005-06-03,23.763046,23.839625,23.356589,23.397823,4474500,Yahoo Finance
2005-06-06,23.397832,23.574552,23.397832,23.533318,3935000,Yahoo Finance
2005-06-07,23.669145,24.094338,23.598278,23.621901,8725200,Yahoo Finance
2005-06-08,23.621887,23.869916,23.385668,23.427006,7032700,Yahoo Finance
2005-06-09,23.338431,23.592366,23.297093,23.385674,6792400,Yahoo Finance
2005-06-10,23.373869,23.456545,22.824659,23.326624,5273800,Yahoo Finance
2005-06-13,23.190789,23.598266,23.190789,23.480156,4747200,Yahoo Finance
2005-06-14,23.391580,23.734096,23.385673,23.639608,5474500,Yahoo Finance
2005-06-15,23.810868,23.846301,23.338430,23.639608,6016400,Yahoo Finance
2005-06-16,23.568739,23.828579,23.503778,23.739998,5554700,Yahoo Finance
2005-06-17,23.946688,24.171097,23.462440,23.739998,11352600,Yahoo Finance
2005-06-20,23.621892,23.686853,23.391579,23.592365,4614300,Yahoo Finance
2005-06-21,23.533314,23.810872,23.362057,23.432922,4172600,Yahoo Finance
2005-06-22,23.604175,23.615986,23.356144,23.444727,4490500,Yahoo Finance
2005-06-23,23.468357,23.633709,23.090405,23.114027,8723600,Yahoo Finance
2005-06-24,23.031344,23.066778,22.529380,22.582529,13323400,Yahoo Finance
2005-06-27,22.647488,22.901423,22.647488,22.718355,5528000,Yahoo Finance
2005-06-28,22.854177,23.226222,22.771500,23.214411,4777700,Yahoo Finance
2005-06-29,23.178985,23.249850,22.883712,22.913239,4861100,Yahoo Finance
2005-06-30,23.562839,23.627798,22.936858,22.972292,7645900,Yahoo Finance
2005-07-01,23.137646,23.320717,23.078593,23.320717,8116900,Yahoo Finance
2005-07-05,23.367954,23.745904,23.273466,23.669134,8604100,Yahoo Finance
2005-07-06,23.645518,23.698667,23.025443,23.190796,6355500,Yahoo Finance
2005-07-07,23.025446,23.468357,22.801037,23.243948,6532900,Yahoo Finance
2005-07-08,23.326616,23.722281,23.267562,23.669134,6062100,Yahoo Finance
2005-07-11,23.503780,23.905352,23.474253,23.799053,5353900,Yahoo Finance
2005-07-12,23.946694,24.507714,23.923072,24.389605,12055000,Yahoo Finance
2005-07-13,24.336460,24.554964,24.159296,24.200634,7801200,Yahoo Finance
2005-07-14,24.194729,24.596301,24.194729,24.236067,6442000,Yahoo Finance
2005-07-15,24.230159,24.802991,24.218348,24.572678,7591100,Yahoo Finance
2005-07-18,24.484090,25.098260,24.484090,25.068733,8828000,Yahoo Finance
2005-07-19,25.098272,25.541183,25.068745,25.511656,10756300,Yahoo Finance
2005-07-20,25.517555,25.972277,25.423068,25.954561,10919500,Yahoo Finance
2005-07-21,25.806930,25.942756,25.417169,25.600237,9706500,Yahoo Finance
2005-07-22,25.523456,25.724242,25.263614,25.671093,5249800,Yahoo Finance
2005-07-25,25.588415,25.842348,25.393533,25.428967,5009400,Yahoo Finance
2005-07-26,25.440786,25.925034,25.428974,25.801018,7092300,Yahoo Finance
2005-07-27,25.848268,25.848268,25.405357,25.600237,5181800,Yahoo Finance
2005-07-28,25.547072,25.925025,25.547072,25.907307,5530400,Yahoo Finance
2005-07-29,25.854162,25.925029,25.541172,25.694714,5782400,Yahoo Finance
2005-08-01,25.517564,25.623863,25.027410,25.310873,7171500,Yahoo Finance
2005-08-02,25.234097,25.275435,24.962446,25.045122,7466400,Yahoo Finance
2005-08-03,24.862040,25.062827,24.767553,24.938812,6690600,Yahoo Finance
2005-08-04,24.507717,24.802991,24.271497,24.377796,9947700,Yahoo Finance
2005-08-05,24.342359,24.425035,24.035274,24.182911,6879800,Yahoo Finance
2005-08-08,24.241973,24.265595,23.816780,23.970322,6408200,Yahoo Finance
2005-08-09,24.177008,24.525431,24.112050,24.425039,6648600,Yahoo Finance
2005-08-10,24.625822,25.110071,24.513617,24.602200,8320600,Yahoo Finance
2005-08-11,24.584491,24.838426,24.218350,24.507719,6887100,Yahoo Finance
2005-08-12,24.330554,24.472284,24.064807,24.377796,5832900,Yahoo Finance
2005-08-15,24.802991,24.956532,24.283308,24.572678,8448800,Yahoo Finance
2005-08-16,24.419137,24.419137,23.917173,24.017565,11346500,Yahoo Finance
2005-08-17,23.928985,24.200636,23.822686,23.988039,8325900,Yahoo Finance
2005-08-18,23.840395,24.153386,23.680947,24.035276,8504100,Yahoo Finance
2005-08-19,24.053000,24.206544,23.816782,23.840403,7647700,Yahoo Finance
2005-08-22,23.911257,24.182908,23.710471,23.934877,7165800,Yahoo Finance
2005-08-23,24.052997,24.052997,23.757723,23.999847,6296000,Yahoo Finance
2005-08-24,23.887642,24.153389,23.562841,23.562841,7920500,Yahoo Finance
2005-08-25,23.533317,23.775442,23.480168,23.728199,7926500,Yahoo Finance
2005-08-26,23.651416,23.739999,23.356142,23.509686,6208700,Yahoo Finance
2005-08-29,23.533305,24.230151,23.533305,23.940784,11979500,Yahoo Finance
2005-08-30,23.887510,24.065115,23.171182,23.532307,13065400,Yahoo Finance
2005-08-31,23.739512,23.976316,23.396149,23.869755,11258800,Yahoo Finance
2005-09-01,24.094718,24.266401,23.769114,24.041437,11009100,Yahoo Finance
2005-09-02,24.213118,24.219037,23.769112,23.875673,7324800,Yahoo Finance
2005-09-06,24.094723,24.757771,24.094723,24.692650,10523000,Yahoo Finance
2005-09-07,24.745918,24.888001,24.591997,24.822880,10186400,Yahoo Finance
2005-09-08,24.745918,24.745918,24.313753,24.378874,8893900,Yahoo Finance
2005-09-09,24.384794,24.509117,24.272313,24.402555,6108400,Yahoo Finance
2005-09-12,24.396626,24.485428,24.153903,24.467669,5892400,Yahoo Finance
2005-09-13,24.183517,24.319681,23.982234,24.035515,9501200,Yahoo Finance
2005-09-14,24.130224,24.272307,23.798702,23.881582,6779200,Yahoo Finance
2005-09-15,24.029584,24.041425,23.638859,23.881582,6481600,Yahoo Finance
2005-09-16,24.124313,24.124313,23.573745,23.621107,14306000,Yahoo Finance
2005-09-19,23.644798,23.650719,23.188952,23.402075,7714700,Yahoo Finance
2005-09-20,23.396145,23.479026,22.833738,22.916618,8016100,Yahoo Finance
2005-09-21,22.733097,23.117901,22.519974,22.703495,11245900,Yahoo Finance
2005-09-22,22.756767,23.040931,22.496285,22.940290,15575600,Yahoo Finance
2005-09-23,22.981736,23.094216,22.585092,22.810053,13810300,Yahoo Finance
2005-09-26,23.023179,23.070541,22.555492,22.739016,10384600,Yahoo Finance
2005-09-27,22.821894,22.857415,22.561411,22.727173,8057800,Yahoo Finance
2005-09-28,22.673892,22.762694,22.194367,22.407488,13690600,Yahoo Finance
2005-09-29,22.318688,22.638372,21.987163,22.531811,9330700,Yahoo Finance
2005-09-30,22.531809,22.709411,22.360126,22.579168,7024700,Yahoo Finance
2005-10-03,22.585084,22.750845,22.525881,22.567322,7330200,Yahoo Finance
2005-10-04,22.638371,22.940293,22.602849,22.638371,8222300,Yahoo Finance
2005-10-05,22.614681,22.644281,22.277237,22.306837,7894900,Yahoo Finance
2005-10-06,22.383812,22.762696,22.188448,22.448931,11939900,Yahoo Finance
2005-10-07,22.585098,22.727178,22.306853,22.377893,6964300,Yahoo Finance
2005-10-10,22.555502,22.863346,22.466702,22.508142,8386100,Yahoo Finance
2005-10-11,22.508137,22.733100,22.502215,22.632458,8306200,Yahoo Finance
2005-10-12,22.644283,22.721245,22.247639,22.567322,8938900,Yahoo Finance
2005-10-13,22.419332,22.614696,22.318692,22.466694,7965600,Yahoo Finance
2005-10-14,23.035019,23.035019,22.454852,22.739016,7870500,Yahoo Finance
2005-10-17,22.792297,22.821897,22.496293,22.768616,5450900,Yahoo Finance
2005-10-18,22.673896,22.697576,22.478534,22.591015,7092000,Yahoo Finance
2005-10-19,22.496291,23.384303,22.229887,23.242220,23767700,Yahoo Finance
2005-10-20,23.538229,23.828314,23.384308,23.425749,14543400,Yahoo Finance
2005-10-21,23.561906,23.680308,23.437585,23.473106,10900900,Yahoo Finance
2005-10-24,23.680303,24.071028,23.473101,24.071028,10548300,Yahoo Finance
2005-10-25,24.035512,24.071033,23.597427,23.751348,11884800,Yahoo Finance
2005-10-26,23.650704,24.029588,23.579664,23.834225,13506600,Yahoo Finance
2005-10-27,23.709901,23.780941,23.212614,23.319176,8507500,Yahoo Finance
2005-10-28,23.532305,24.023673,23.455344,23.988152,9281600,Yahoo Finance
2005-10-31,24.035513,24.550561,24.005913,24.295998,12744700,Yahoo Finance
2005-11-01,24.272316,24.378877,24.118395,24.260475,11443400,Yahoo Finance
2005-11-02,24.201263,24.544626,24.183501,24.426224,11835600,Yahoo Finance
2005-11-03,24.473595,24.532795,23.887506,24.147991,14353300,Yahoo Finance
2005-11-04,24.230872,24.532795,24.029589,24.485435,6370400,Yahoo Finance
2005-11-07,24.473598,24.609760,24.355196,24.568319,7188600,Yahoo Finance
2005-11-08,24.390715,24.390715,23.946710,24.017750,9728500,Yahoo Finance
2005-11-09,24.088791,24.319676,24.088791,24.159834,10352300,Yahoo Finance
2005-11-10,24.224957,24.828805,24.153917,24.710405,8757400,Yahoo Finance
2005-11-11,24.390720,24.864325,24.390720,24.811045,7537600,Yahoo Finance
2005-11-14,25.101127,25.574732,25.089286,25.201767,12409700,Yahoo Finance
2005-11-15,25.580650,25.616172,24.959043,25.101126,14159500,Yahoo Finance
2005-11-16,25.101125,25.148484,24.574236,25.000483,10368300,Yahoo Finance
2005-11-17,25.101108,25.213589,24.870224,25.166227,6763500,Yahoo Finance
2005-11-18,25.574736,25.586577,25.006410,25.124809,7892400,Yahoo Finance
2005-11-21,24.935356,25.101120,24.799194,25.030077,6505200,Yahoo Finance
2005-11-22,24.893927,25.118891,24.805127,25.089291,7796100,Yahoo Finance
2005-11-23,25.041916,25.349761,25.006397,25.160318,6192400,Yahoo Finance
2005-11-25,25.207703,25.456346,25.059701,25.112980,2216100,Yahoo Finance
2005-11-28,25.118883,25.124802,24.627516,24.657118,11974800,Yahoo Finance
2005-11-29,24.787671,25.084387,24.740195,24.924160,7815300,Yahoo Finance
2005-11-30,24.924164,25.030982,24.752068,24.793608,7001300,Yahoo Finance
2005-12-01,24.829211,24.953832,24.384137,24.651182,7757900,Yahoo Finance
2005-12-02,24.538434,24.864824,24.538434,24.728333,5565900,Yahoo Finance
2005-12-05,24.568106,24.686790,24.366338,24.562170,6490400,Yahoo Finance
2005-12-06,24.627448,24.775807,24.461288,24.574039,6645000,Yahoo Finance
2005-12-07,24.538439,24.763945,24.461295,24.639324,5880400,Yahoo Finance
2005-12-08,24.609648,24.716467,24.366341,24.461290,6492600,Yahoo Finance
2005-12-09,24.508747,24.574025,24.283242,24.342587,5963000,Yahoo Finance
2005-12-12,24.419744,24.639313,24.396006,24.520626,4643300,Yahoo Finance
2005-12-13,24.419749,25.114064,24.348535,25.084393,9021100,Yahoo Finance
2005-12-14,25.084391,25.392976,25.042851,25.209011,7486500,Yahoo Finance
2005-12-15,25.209012,25.392977,24.947902,25.268356,5405500,Yahoo Finance
2005-12-16,25.381100,25.387033,25.161531,25.220873,8577900,Yahoo Finance
2005-12-19,25.102190,25.191206,24.686787,24.817343,5646100,Yahoo Finance
2005-12-20,24.817340,24.817340,24.479084,24.597771,5798200,Yahoo Finance
2005-12-21,24.769868,24.906357,24.615574,24.657114,4887100,Yahoo Finance
2005-12-22,24.627443,24.663050,24.467216,24.585903,4550300,Yahoo Finance
2005-12-23,24.585906,24.781737,24.413810,24.680855,3910000,Yahoo Finance
2005-12-27,24.746121,24.900412,24.342587,24.342587,4424300,Yahoo Finance
2005-12-28,24.449420,24.538433,24.283257,24.384142,4379100,Yahoo Finance
2005-12-29,24.431615,24.449420,24.134899,24.176441,4537800,Yahoo Finance
2005-12-30,24.123027,24.312925,23.986536,24.022142,5154000,Yahoo Finance
2006-01-03,23.968733,24.597772,23.600806,24.473152,8959200,Yahoo Finance
2006-01-04,24.295121,24.354465,23.873784,24.022142,9449800,Yahoo Finance
2006-01-05,23.796638,23.950931,23.624544,23.784771,9492400,Yahoo Finance
2006-01-06,23.885650,24.039942,23.790701,23.962797,9170200,Yahoo Finance
2006-01-09,24.212040,24.390070,23.885653,24.223909,8242300,Yahoo Finance
2006-01-10,24.354468,25.214945,24.342599,24.805475,15087800,Yahoo Finance
2006-01-11,24.924161,25.636281,24.870752,25.487923,12113400,Yahoo Finance
2006-01-12,25.339561,25.487919,25.214941,25.250546,8515200,Yahoo Finance
2006-01-13,24.870754,25.274288,24.615578,24.870754,8372500,Yahoo Finance
2006-01-17,24.627455,24.852960,24.544375,24.668995,6372700,Yahoo Finance
2006-01-18,24.668990,24.989445,24.556239,24.864824,7066400,Yahoo Finance
2006-01-19,24.508758,24.918228,24.407876,24.496889,12264400,Yahoo Finance
2006-01-20,24.425687,24.490965,23.808517,23.838188,15030200,Yahoo Finance
2006-01-23,23.974670,24.081488,23.529596,23.553331,9305100,Yahoo Finance
2006-01-24,23.731367,24.004345,23.571139,24.004345,10890900,Yahoo Finance
2006-01-25,23.986527,24.128952,23.612667,23.725418,8095800,Yahoo Finance
2006-01-26,23.796646,24.069627,23.761042,23.974678,7279800,Yahoo Finance
2006-01-27,23.867859,24.123035,23.600814,23.737303,8192700,Yahoo Finance
2006-01-30,23.571142,23.909399,23.571142,23.737303,5657800,Yahoo Finance
2006-01-31,23.737291,24.247644,23.630473,24.063679,10809700,Yahoo Finance
2006-02-01,24.004339,24.081486,23.683885,23.873783,6937400,Yahoo Finance
2006-02-02,23.713564,23.879727,23.624550,23.713564,7343300,Yahoo Finance
2006-02-03,23.648269,23.713547,23.381226,23.630466,7560400,Yahoo Finance
2006-02-06,23.600815,23.749173,23.310032,23.434654,7603800,Yahoo Finance
2006-02-07,23.345625,23.404967,22.847142,22.983631,11150100,Yahoo Finance
2006-02-08,23.143862,23.357498,23.060781,23.304089,7242700,Yahoo Finance
2006-02-09,23.274431,23.440591,23.114203,23.173546,6989600,Yahoo Finance
2006-02-10,23.114189,23.333758,22.965831,23.274416,6237300,Yahoo Finance
2006-02-13,23.155737,23.695760,23.155737,23.559271,6469100,Yahoo Finance
2006-02-14,23.707628,24.455352,23.636417,24.407879,12911900,Yahoo Finance
2006-02-15,24.390074,24.787675,24.212045,24.645250,10143400,Yahoo Finance
2006-02-16,24.692727,24.894494,24.532500,24.841085,7780200,Yahoo Finance
2006-02-17,24.835150,24.882626,24.544369,24.841085,8572700,Yahoo Finance
2006-02-21,25.517595,25.517595,24.752066,24.847015,15235900,Yahoo Finance
2006-02-22,25.001317,25.042857,24.419753,24.852959,10013900,Yahoo Finance
2006-02-23,24.888547,25.143723,24.603700,24.674913,8311300,Yahoo Finance
2006-02-24,24.805495,24.847035,24.366356,24.704613,7274700,Yahoo Finance
2006-02-27,24.817337,25.351427,24.775797,25.191200,9702400,Yahoo Finance
2006-02-28,25.030988,25.173410,24.746140,25.013186,12243100,Yahoo Finance
2006-03-01,25.013175,25.333627,24.627443,25.274284,9634900,Yahoo Finance
2006-03-02,25.030978,25.214943,24.805473,25.096256,11570100,Yahoo Finance
2006-03-03,24.924167,25.398913,24.870758,25.042854,6157100,Yahoo Finance
2006-03-06,25.019111,25.030980,24.651184,24.805475,8198200,Yahoo Finance
2006-03-07,24.805467,24.811422,24.573193,24.638706,5710600,Yahoo Finance
2006-03-08,24.477910,24.591070,24.358798,24.513645,8533800,Yahoo Finance
2006-03-09,24.460044,24.537469,23.989544,24.203949,9795500,Yahoo Finance
2006-03-10,24.203959,24.614904,24.198004,24.567257,6776000,Yahoo Finance
2006-03-13,24.466011,24.734016,24.329028,24.567257,5190900,Yahoo Finance
2006-03-14,24.483866,25.240239,24.483866,25.097301,9242200,Yahoo Finance
2006-03-15,25.025836,25.222373,24.870987,25.168772,6063400,Yahoo Finance
2006-03-16,25.293843,25.532070,25.198552,25.460602,8699300,Yahoo Finance
2006-03-17,25.591634,25.615455,25.430830,25.549944,13093100,Yahoo Finance
2006-03-20,25.442736,25.603540,25.430825,25.520159,7354600,Yahoo Finance
2006-03-21,25.514212,25.710749,25.436787,25.609503,10821900,Yahoo Finance
2006-03-22,25.472516,25.877504,25.472516,25.829857,9505900,Yahoo Finance
2006-03-23,25.758386,26.175285,25.752431,26.091906,10267800,Yahoo Finance
2006-03-24,26.038293,26.115716,25.490368,25.680950,7884800,Yahoo Finance
2006-03-27,25.579713,25.692871,25.460599,25.603537,6646600,Yahoo Finance
2006-03-28,25.549935,25.937054,25.502289,25.603537,7215400,Yahoo Finance
2006-03-29,25.639276,25.817947,25.448694,25.555897,7367300,Yahoo Finance
2006-03-30,25.496345,25.627369,25.162825,25.240250,7492200,Yahoo Finance
2006-03-31,25.371273,25.573766,25.144958,25.192602,9198200,Yahoo Finance
2006-04-03,25.240250,25.401054,25.127090,25.240250,6977700,Yahoo Finance
2006-04-04,25.192586,25.430815,25.049651,25.341478,6306000,Yahoo Finance
2006-04-05,25.424868,25.567806,25.353400,25.401047,6680000,Yahoo Finance
2006-04-06,25.371263,25.389132,25.049657,25.097301,7130000,Yahoo Finance
2006-04-07,25.246196,25.389134,24.918634,25.073481,8844700,Yahoo Finance
2006-04-10,25.061571,25.138993,24.745917,24.894810,6960400,Yahoo Finance
2006-04-11,24.954374,25.067532,24.585119,24.674456,7065300,Yahoo Finance
2006-04-12,24.614903,24.656592,24.299249,24.412409,7047400,Yahoo Finance
2006-04-13,24.358789,24.644662,24.192028,24.489813,5386000,Yahoo Finance
2006-04-17,24.436212,24.513637,23.888289,24.049093,6777600,Yahoo Finance
2006-04-18,24.066970,24.680406,23.965724,24.608938,9382700,Yahoo Finance
2006-04-19,24.537471,24.686364,24.239686,24.263510,6692800,Yahoo Finance
2006-04-20,24.329024,24.525563,24.043150,24.305202,5348100,Yahoo Finance
2006-04-21,24.477917,24.501740,23.822791,23.989550,9110200,Yahoo Finance
2006-04-24,24.102702,24.102702,23.793005,23.870430,6571700,Yahoo Finance
2006-04-25,23.870441,24.025288,23.525010,23.798971,10603000,Yahoo Finance
2006-04-26,23.929996,24.126533,23.804927,23.864483,7964900,Yahoo Finance
2006-04-27,23.685809,24.215865,23.685809,23.953815,8777700,Yahoo Finance
2006-04-28,23.971689,24.078892,23.781107,23.781107,9010100,Yahoo Finance
2006-05-01,23.912116,24.287324,23.876381,24.144388,10232800,Yahoo Finance
2006-05-02,24.358794,24.388572,23.900205,23.941895,8125600,Yahoo Finance
2006-05-03,23.941908,24.168225,23.852572,24.043154,6072600,Yahoo Finance
2006-05-04,24.072924,24.120570,23.876387,23.977633,9261500,Yahoo Finance
2006-05-05,24.215864,24.704231,24.102707,24.591074,11264000,Yahoo Finance
2006-05-08,24.507690,24.686361,24.346886,24.424309,7029300,Yahoo Finance
2006-05-09,24.477912,24.781653,24.436222,24.632761,8358200,Yahoo Finance
2006-05-10,24.597030,24.632765,24.329023,24.543428,7472100,Yahoo Finance
2006-05-11,24.448133,24.597026,24.150348,24.251596,9089700,Yahoo Finance
2006-05-12,24.138439,24.192041,23.620294,23.822788,11666600,Yahoo Finance
2006-05-15,23.793012,24.120575,23.673898,24.120575,9653300,Yahoo Finance
2006-05-16,23.584552,23.584552,22.738845,22.899649,30901200,Yahoo Finance
2006-05-17,22.792459,22.840103,22.214755,22.637609,29136400,Yahoo Finance
2006-05-18,22.929425,23.280811,22.768621,22.875824,16002800,Yahoo Finance
2006-05-19,22.983027,23.298678,22.947292,23.191475,11992600,Yahoo Finance
2006-05-22,22.929434,23.036637,22.667384,22.923479,10881400,Yahoo Finance
2006-05-23,22.971122,23.048546,22.482755,22.536356,10796100,Yahoo Finance
2006-05-24,22.512540,22.738858,22.381517,22.637609,14849400,Yahoo Finance
2006-05-25,22.846054,22.869877,22.589958,22.869877,9405700,Yahoo Finance
2006-05-26,22.929428,23.280814,22.929428,23.030674,9235100,Yahoo Finance
2006-05-30,22.786496,22.840097,22.452978,22.452978,11519200,Yahoo Finance
2006-05-31,22.494659,22.715019,22.399368,22.703108,12052000,Yahoo Finance
2006-06-01,22.601869,22.994944,22.572091,22.959209,11641400,Yahoo Finance
2006-06-02,22.875829,23.078322,22.512531,22.631645,12508100,Yahoo Finance
2006-06-05,22.482748,22.691196,22.298120,22.310032,11632400,Yahoo Finance
2006-06-06,22.465504,22.507361,21.885478,22.160543,17697300,Yahoo Finance
2006-06-07,22.094766,22.351891,21.915378,21.951254,11670600,Yahoo Finance
2006-06-08,21.867539,22.363850,21.843620,22.274155,13226800,Yahoo Finance
2006-06-09,22.184467,22.357878,21.981160,22.094774,10768700,Yahoo Finance
2006-06-12,22.064883,22.100760,21.646308,21.682184,11108500,Yahoo Finance
2006-06-13,21.586501,22.064874,21.550624,21.700115,12581800,Yahoo Finance
2006-06-14,21.604441,22.011056,21.598460,21.975178,11091600,Yahoo Finance
2006-06-15,22.142615,22.423658,21.933328,22.345922,20366900,Yahoo Finance
2006-06-16,22.304064,22.531291,22.040960,22.070858,15064900,Yahoo Finance
2006-06-19,22.070852,22.262201,21.993116,22.040955,9870000,Yahoo Finance
2006-06-20,21.951254,22.005070,21.670212,21.777843,13114000,Yahoo Finance
2006-06-21,21.718054,22.046934,21.718054,21.921362,8614100,Yahoo Finance
2006-06-22,22.088784,22.094764,21.741966,21.813721,10054400,Yahoo Finance
2006-06-23,21.735985,23.200997,21.724028,21.771864,8122000,Yahoo Finance
2006-06-26,21.682176,22.005077,21.676197,21.909403,7495100,Yahoo Finance
2006-06-27,21.855591,21.951265,21.706100,21.747957,10033000,Yahoo Finance
2006-06-28,21.688160,21.795793,21.526709,21.622383,26954100,Yahoo Finance
2006-06-29,21.646307,21.861575,21.437018,21.801777,20206500,Yahoo Finance
2006-06-30,21.801773,21.825692,21.305464,21.401138,24057400,Yahoo Finance
2006-07-03,21.442994,21.514749,21.347320,21.389177,7944800,Yahoo Finance
2006-07-05,21.395158,21.395158,21.161952,21.245667,14000400,Yahoo Finance
2006-07-06,21.197826,21.365255,21.167928,21.209785,10733200,Yahoo Finance
2006-07-07,21.233705,21.347319,21.096173,21.149990,14575700,Yahoo Finance
2006-07-10,21.167922,21.269575,20.845021,20.928736,12949100,Yahoo Finance
2006-07-11,20.868946,20.886884,20.265001,20.558004,21508600,Yahoo Finance
2006-07-12,20.486250,20.593883,20.073655,20.097574,25645000,Yahoo Finance
2006-07-13,20.031794,20.378614,19.882303,20.372633,20904600,Yahoo Finance
2006-07-14,20.306857,20.552022,20.103549,20.235102,16324500,Yahoo Finance
2006-07-17,20.288922,20.611823,19.972002,20.091593,14148200,Yahoo Finance
2006-07-18,20.001897,20.073652,19.643117,19.810549,24942100,Yahoo Finance
2006-07-19,19.834470,20.623785,19.768696,20.540068,19621300,Yahoo Finance
2006-07-20,20.641718,21.018436,20.306858,20.318817,17558600,Yahoo Finance
2006-07-21,20.366657,20.366657,19.983958,20.241083,14074700,Yahoo Finance
2006-07-24,20.414492,20.827088,20.360675,20.695536,9545700,Yahoo Finance
2006-07-25,20.593890,21.132059,20.522135,21.072264,10972700,Yahoo Finance
2006-07-26,20.928742,20.928742,20.635739,20.749353,9331200,Yahoo Finance
2006-07-27,20.731416,20.856991,20.265005,20.342741,11595900,Yahoo Finance
2006-07-28,20.534093,20.928749,20.504195,20.683584,9571300,Yahoo Finance
2006-07-31,20.683580,20.809152,20.540067,20.755335,8566200,Yahoo Finance
2006-08-01,20.629757,20.629757,20.300877,20.414490,9419400,Yahoo Finance
2006-08-02,20.420472,20.534084,20.217164,20.396553,12543400,Yahoo Finance
2006-08-03,20.211185,20.749353,20.043756,20.671618,11433700,Yahoo Finance
2006-08-04,21.048338,21.060298,20.546048,20.755335,10587900,Yahoo Finance
2006-08-07,20.755333,20.809150,20.510168,20.743374,6767900,Yahoo Finance
2006-08-08,20.809150,20.862967,20.402534,20.528109,8972300,Yahoo Finance
2006-08-09,20.552024,20.623781,19.972000,19.972000,16718200,Yahoo Finance
2006-08-10,19.912205,20.175310,19.846428,20.097574,9823900,Yahoo Finance
2006-08-11,20.145404,20.169323,19.774667,19.894260,11925000,Yahoo Finance
2006-08-14,19.954067,20.426459,19.798597,19.888290,19552200,Yahoo Finance
2006-08-15,20.599857,20.779246,20.181282,20.593876,21028600,Yahoo Finance
2006-08-16,20.659655,20.695533,20.342734,20.629757,12539600,Yahoo Finance
2006-08-17,20.629762,20.988539,20.569966,20.761314,13203100,Yahoo Finance
2006-08-18,20.785231,20.880905,20.528109,20.791212,10542100,Yahoo Finance
2006-08-21,20.420469,20.569960,20.354693,20.510162,12770500,Yahoo Finance
2006-08-22,20.540071,20.558011,20.312846,20.366663,11680000,Yahoo Finance
2006-08-23,20.181284,20.270980,20.037772,20.121489,14504100,Yahoo Finance
2006-08-24,20.103550,20.121490,19.780651,19.977978,16185700,Yahoo Finance
2006-08-25,20.091588,20.145404,19.900239,20.019833,10298300,Yahoo Finance
2006-08-28,20.031796,20.426452,20.031796,20.145409,11072700,Yahoo Finance
2006-08-29,20.223147,20.450374,20.097575,20.384598,10124600,Yahoo Finance
2006-08-30,20.414504,20.635750,20.229136,20.402544,12323900,Yahoo Finance
2006-08-31,20.396562,20.599870,20.306867,20.504196,10638700,Yahoo Finance
2006-09-01,20.510163,20.851002,20.438408,20.713470,9145000,Yahoo Finance
2006-09-05,20.809576,20.971727,20.707479,20.881643,8370600,Yahoo Finance
2006-09-06,20.641413,20.719487,20.401188,20.521299,11691500,Yahoo Finance
2006-09-07,20.389170,20.791548,20.269057,20.623390,11571100,Yahoo Finance
2006-09-08,20.701469,20.761525,20.515293,20.587360,7429900,Yahoo Finance
2006-09-11,20.587357,21.157894,20.539313,21.055799,13311300,Yahoo Finance
2006-09-12,21.139881,22.106790,21.121862,22.016705,24431400,Yahoo Finance
2006-09-13,22.040719,22.551198,21.860550,22.322983,20425200,Yahoo Finance
2006-09-14,22.100785,22.443107,21.866565,22.353024,14856500,Yahoo Finance
2006-09-15,22.473135,22.611267,22.070757,22.353024,14876200,Yahoo Finance
2006-09-18,21.920606,22.118794,21.776470,21.968653,13968300,Yahoo Finance
2006-09-19,22.040725,22.064748,21.680385,21.788486,11884500,Yahoo Finance
2006-09-20,21.884574,21.968655,21.596303,21.848541,12795200,Yahoo Finance
2006-09-21,21.890579,22.052732,21.482195,21.530239,11414500,Yahoo Finance
2006-09-22,21.542255,21.608317,21.259991,21.596306,7813200,Yahoo Finance
2006-09-25,21.596301,22.040720,21.422137,21.968653,10884900,Yahoo Finance
2006-09-26,21.800493,22.310975,21.740438,21.992674,13853000,Yahoo Finance
2006-09-27,21.974656,22.124797,21.758452,21.896582,8965700,Yahoo Finance
2006-09-28,21.836528,22.076752,21.680380,22.040720,9732100,Yahoo Finance
2006-09-29,21.908600,22.112792,21.758459,21.782482,8485000,Yahoo Finance
2006-10-02,21.728428,22.034715,21.608315,21.824518,8620500,Yahoo Finance
2006-10-03,21.854546,22.244913,21.770467,22.118795,10101500,Yahoo Finance
2006-10-04,22.082767,22.605258,21.998689,22.515175,12285900,Yahoo Finance
2006-10-05,22.473127,22.515169,22.202875,22.377037,10960000,Yahoo Finance
2006-10-06,22.256918,22.371025,22.100770,22.304962,10853200,Yahoo Finance
2006-10-09,22.106788,22.665314,22.094777,22.641291,9489800,Yahoo Finance
2006-10-10,22.671312,22.743379,22.539187,22.677317,9159700,Yahoo Finance
2006-10-11,22.557213,22.941574,22.557213,22.773415,11529400,Yahoo Finance
2006-10-12,22.809444,22.965592,22.677319,22.761400,13221000,Yahoo Finance
2006-10-13,22.485136,22.491143,21.950634,22.160833,19330600,Yahoo Finance
2006-10-16,21.890578,21.998680,21.776470,21.830521,13144600,Yahoo Finance
2006-10-17,21.590307,21.710420,21.434159,21.476198,15175100,Yahoo Finance
2006-10-18,21.590306,21.776480,21.470193,21.554272,12402300,Yahoo Finance
2006-10-19,21.524228,21.734424,21.440149,21.566267,9847200,Yahoo Finance
2006-10-20,21.608321,21.662372,21.350078,21.614328,11183400,Yahoo Finance
2006-10-23,21.506222,21.830526,21.500215,21.764465,11491300,Yahoo Finance
2006-10-24,21.728426,21.956641,21.722419,21.920607,12234500,Yahoo Finance
2006-10-25,21.962655,22.040729,21.818520,21.980671,12371600,Yahoo Finance
2006-10-26,22.124803,22.545198,21.998685,22.449108,15365100,Yahoo Finance
2006-10-27,22.365023,22.419074,22.100773,22.262926,14936800,Yahoo Finance
2006-10-30,22.148823,22.401059,22.136811,22.371031,10040700,Yahoo Finance
2006-10-31,22.371034,22.503159,22.190866,22.419081,14471000,Yahoo Finance
2006-11-01,22.521175,22.605254,22.353018,22.431089,14395800,Yahoo Finance
2006-11-02,22.250918,22.521172,22.166839,22.341003,16633900,Yahoo Finance
2006-11-03,22.419077,22.461117,22.100777,22.341003,13998200,Yahoo Finance
2006-11-06,21.980672,22.383051,21.950644,22.353024,16866400,Yahoo Finance
2006-11-07,22.316985,22.509165,22.286957,22.359024,17390900,Yahoo Finance
2006-11-08,22.220890,22.515167,22.220890,22.371031,13936900,Yahoo Finance
2006-11-09,22.371033,22.467123,22.094774,22.130806,18646500,Yahoo Finance
2006-11-10,22.100779,22.130806,21.908598,22.004688,14180600,Yahoo Finance
2006-11-13,22.070750,22.082762,21.770468,21.860554,20610100,Yahoo Finance
2006-11-14,21.512228,22.857494,21.482200,22.797436,49455400,Yahoo Finance
2006-11-15,22.683332,22.995626,22.467128,22.593246,28458300,Yahoo Finance
2006-11-16,22.701350,22.761408,22.322994,22.707357,18965600,Yahoo Finance
2006-11-17,22.683326,22.995620,22.605252,22.989613,16742100,Yahoo Finance
2006-11-20,22.899533,23.331938,22.731373,23.067690,15707800,Yahoo Finance
2006-11-21,23.067692,23.085709,22.767410,22.773415,9018400,Yahoo Finance
2006-11-22,22.773423,23.007645,22.761414,22.881525,14130400,Yahoo Finance
2006-11-24,22.731363,22.911535,22.647285,22.653292,3064100,Yahoo Finance
2006-11-27,22.881505,22.911535,22.497144,22.575218,12267800,Yahoo Finance
2006-11-28,22.541994,22.626579,22.348657,22.396990,11906100,Yahoo Finance
2006-11-29,22.469496,22.801797,22.390954,22.729294,12005600,Yahoo Finance
2006-11-30,22.662836,23.115972,22.493666,22.940762,17329100,Yahoo Finance
2006-12-01,23.623473,24.143069,23.345551,23.544931,47279400,Yahoo Finance
2006-12-04,23.381812,23.847032,23.206599,23.683903,14555500,Yahoo Finance
2006-12-05,23.798692,23.985989,23.581186,23.786608,11901800,Yahoo Finance
2006-12-06,23.877235,24.233702,23.720147,24.118906,17948700,Yahoo Finance
2006-12-07,23.907449,24.082662,23.496605,23.520773,16351400,Yahoo Finance
2006-12-08,23.544942,23.744321,23.375770,23.442230,11267400,Yahoo Finance
2006-12-11,23.442227,23.532855,23.236805,23.436186,15648700,Yahoo Finance
2006-12-12,23.381809,23.399934,23.067635,23.381809,17788200,Yahoo Finance
2006-12-13,23.532846,23.738267,23.436177,23.629515,18604500,Yahoo Finance
2006-12-14,23.623477,24.227658,23.484516,24.149117,24292200,Yahoo Finance
2006-12-15,24.233701,24.390787,24.064531,24.100780,25977200,Yahoo Finance
2006-12-18,24.209542,24.348503,23.973912,24.143082,14082200,Yahoo Finance
2006-12-19,24.016194,24.028278,23.810772,23.949734,14938400,Yahoo Finance
2006-12-20,23.895353,24.082649,23.641598,23.641598,13445400,Yahoo Finance
2006-12-21,23.714112,23.786613,23.351604,23.508690,14785100,Yahoo Finance
2006-12-22,23.532859,23.605360,23.412022,23.496607,7911700,Yahoo Finance
2006-12-26,23.333465,23.695975,23.315340,23.599306,7255400,Yahoo Finance
2006-12-27,23.677853,23.973903,23.671812,23.901402,8736900,Yahoo Finance
2006-12-28,23.810776,24.052450,23.792652,24.004114,8890100,Yahoo Finance
2006-12-29,23.961833,24.342468,23.955792,24.263924,11611400,Yahoo Finance
2007-01-03,24.952678,25.278937,24.747257,24.813717,50853600,Yahoo Finance
2007-01-04,24.771418,24.880170,24.396826,24.511620,22319400,Yahoo Finance
2007-01-05,24.433080,24.547875,23.998071,24.040363,21676500,Yahoo Finance
2007-01-08,24.131003,24.137046,23.714119,23.859123,17465300,Yahoo Finance
2007-01-09,23.865163,24.076626,23.695993,23.756411,20341100,Yahoo Finance
2007-01-10,24.070576,24.124953,23.599316,24.034325,15324600,Yahoo Finance
2007-01-11,23.955778,24.282034,23.955778,24.215576,12149100,Yahoo Finance
2007-01-12,24.137031,24.390786,24.076611,24.233700,11218600,Yahoo Finance
2007-01-16,24.167246,24.421001,24.118910,24.342459,12639900,Yahoo Finance
2007-01-17,24.282039,24.451212,24.221622,24.342459,12729000,Yahoo Finance
2007-01-18,24.197447,24.735167,24.173279,24.692875,18810000,Yahoo Finance
2007-01-19,24.753282,24.759323,24.439108,24.499525,12125900,Yahoo Finance
2007-01-22,24.565994,24.565994,24.155151,24.197443,14165800,Yahoo Finance
2007-01-23,24.185367,24.535793,24.167242,24.427040,11380400,Yahoo Finance
2007-01-24,24.481422,24.644551,24.421002,24.584131,9835700,Yahoo Finance
2007-01-25,24.487454,24.572039,24.173279,24.221615,11086200,Yahoo Finance
2007-01-26,24.239748,24.300167,23.949741,24.130995,9797400,Yahoo Finance
2007-01-29,24.348490,24.481410,24.070567,24.112860,12147600,Yahoo Finance
2007-01-30,24.233690,24.396819,24.173271,24.269939,8671700,Yahoo Finance
2007-01-31,24.149116,24.741213,24.137032,24.614336,11630100,Yahoo Finance
2007-02-01,24.632462,24.880177,24.584127,24.819759,12544200,Yahoo Finance
2007-02-02,24.711001,24.856003,24.535788,24.668709,9928300,Yahoo Finance
2007-02-05,24.572049,24.910391,24.493507,24.789555,9017400,Yahoo Finance
2007-02-06,24.825810,25.001023,24.717057,24.934563,8096800,Yahoo Finance
2007-02-07,24.904345,25.049347,24.783508,24.988930,8347100,Yahoo Finance
2007-02-08,24.904348,24.934557,24.735176,24.825804,11976500,Yahoo Finance
2007-02-09,24.904348,25.025182,24.717051,24.771427,9320000,Yahoo Finance
2007-02-12,25.146020,25.381651,24.934558,25.037268,18480700,Yahoo Finance
2007-02-13,24.946639,25.278938,24.880178,25.230602,13173700,Yahoo Finance
2007-02-14,25.206444,25.351446,25.073523,25.212484,20514700,Yahoo Finance
2007-02-15,25.115795,25.284965,24.964750,25.170172,10828700,Yahoo Finance
2007-02-16,25.073519,25.170188,24.892265,25.037268,11035300,Yahoo Finance
2007-02-20,24.614328,25.254758,24.590160,24.976835,17903400,Yahoo Finance
2007-02-21,24.704970,25.025186,24.559968,24.952684,11916800,Yahoo Finance
2007-02-22,24.874128,24.952672,24.765377,24.880171,9484700,Yahoo Finance
2007-02-23,25.025178,25.067473,24.656630,24.747255,13729700,Yahoo Finance
2007-02-26,24.771420,24.771420,24.354536,24.644543,12198400,Yahoo Finance
2007-02-27,24.463289,24.481414,23.901401,24.058487,23480300,Yahoo Finance
2007-02-28,23.738279,24.076619,23.738279,23.919533,26115700,Yahoo Finance
2007-03-01,23.665768,23.955777,23.357636,23.834940,21139500,Yahoo Finance
2007-03-02,23.750361,23.792654,23.544940,23.569105,19521700,Yahoo Finance
2007-03-05,23.412012,23.683894,23.315343,23.363676,22835500,Yahoo Finance
2007-03-06,23.713126,23.713126,23.354573,23.579428,17472800,Yahoo Finance
2007-03-07,23.524723,23.694885,23.409258,23.524723,12320700,Yahoo Finance
2007-03-08,23.561197,23.773897,23.536888,23.579428,11707100,Yahoo Finance
2007-03-09,23.792118,23.804270,23.391025,23.500412,11988600,Yahoo Finance
2007-03-12,23.342407,23.561186,23.160093,23.196554,14195200,Yahoo Finance
2007-03-13,23.111480,23.172254,22.637462,22.698233,21392500,Yahoo Finance
2007-03-14,22.655691,22.838008,22.181672,22.825853,24242400,Yahoo Finance
2007-03-15,22.765084,22.971708,22.619234,22.783318,10151000,Yahoo Finance
2007-03-16,22.850162,22.983861,22.686080,22.795467,16888700,Yahoo Finance
2007-03-19,22.880544,22.959546,22.704306,22.923084,9396200,Yahoo Finance
2007-03-20,22.880537,23.093237,22.789379,23.050697,11080800,Yahoo Finance
2007-03-21,23.026396,23.652344,22.977780,23.542957,15305400,Yahoo Finance
2007-03-22,23.463962,23.640201,23.184413,23.293802,9487800,Yahoo Finance
2007-03-23,23.305947,23.378875,23.135787,23.226946,11566800,Yahoo Finance
2007-03-26,23.184401,23.263402,22.838002,23.038548,11825300,Yahoo Finance
2007-03-27,22.929169,22.965633,22.655696,22.692160,12839000,Yahoo Finance
2007-03-28,22.594922,22.637462,22.242445,22.345758,13983700,Yahoo Finance
2007-03-29,22.467301,22.521996,22.181673,22.376143,14383400,Yahoo Finance
2007-03-30,22.345761,22.601001,22.090518,22.327530,12672200,Yahoo Finance
2007-04-02,22.284988,22.400456,22.242448,22.357916,9918400,Yahoo Finance
2007-04-03,22.418676,22.959543,22.363981,22.868387,15862400,Yahoo Finance
2007-04-04,22.856237,23.251251,22.813697,23.160095,19168400,Yahoo Finance
2007-04-05,23.056791,23.160104,22.965635,23.105410,10734900,Yahoo Finance
2007-04-09,23.239099,23.245176,23.008166,23.141865,7312400,Yahoo Finance
2007-04-10,23.147941,23.427490,23.111477,23.233021,10978700,Yahoo Finance
2007-04-11,23.166186,23.293808,22.953485,23.075029,15910400,Yahoo Finance
2007-04-12,23.026406,23.208720,22.850167,23.105410,11377900,Yahoo Finance
2007-04-13,23.068940,23.087173,22.941320,23.026400,10763200,Yahoo Finance
2007-04-16,23.093248,23.573346,23.038554,23.433571,11514300,Yahoo Finance
2007-04-17,23.603737,24.004830,23.518657,23.968367,15722100,Yahoo Finance
2007-04-18,23.937981,23.968366,23.591582,23.725281,11182000,Yahoo Finance
2007-04-19,23.640195,23.804276,23.445725,23.646271,11024800,Yahoo Finance
2007-04-20,23.901514,23.907590,23.652348,23.828587,13711900,Yahoo Finance
2007-04-23,23.816432,23.937976,23.731352,23.828587,7912200,Yahoo Finance
2007-04-24,23.755662,23.944055,23.488267,23.889360,13273100,Yahoo Finance
2007-04-25,23.956213,24.120297,23.822517,24.004831,11327800,Yahoo Finance
2007-04-26,23.956201,24.004820,23.634112,23.694885,11421300,Yahoo Finance
2007-04-27,23.640194,23.694889,23.342412,23.378876,11310100,Yahoo Finance
2007-04-30,23.397106,23.433570,22.989937,23.014244,20383500,Yahoo Finance
2007-05-01,23.184401,23.384946,23.032472,23.354561,13068100,Yahoo Finance
2007-05-02,23.299870,23.737427,23.299870,23.549034,13997800,Yahoo Finance
2007-05-03,23.670578,23.852892,23.360641,23.737427,10799300,Yahoo Finance
2007-05-04,23.773890,23.816430,23.536881,23.640194,8889900,Yahoo Finance
2007-05-07,23.518657,23.822515,23.427498,23.603737,7764700,Yahoo Finance
2007-05-08,23.524727,23.549036,23.305948,23.476110,12568400,Yahoo Finance
2007-05-09,23.372801,23.822513,23.342416,23.810358,10012600,Yahoo Finance
2007-05-10,23.634120,24.077753,23.476114,23.573349,13333800,Yahoo Finance
2007-05-11,23.518652,23.804278,23.463957,23.615887,11994300,Yahoo Finance
2007-05-14,23.725282,24.016986,23.615892,23.707048,15876800,Yahoo Finance
2007-05-15,23.093248,23.895434,23.075017,23.275562,31391600,Yahoo Finance
2007-05-16,23.372802,23.445730,23.093253,23.318108,14048500,Yahoo Finance
2007-05-17,23.196558,23.451801,23.184406,23.275562,9091200,Yahoo Finance
2007-05-18,23.391023,23.646263,23.245170,23.628033,13864100,Yahoo Finance
2007-05-21,23.518650,23.731351,23.421416,23.476110,12653300,Yahoo Finance
2007-05-22,23.457879,23.518652,23.305949,23.415339,9354700,Yahoo Finance
2007-05-23,23.530805,23.779969,23.463956,23.567266,10899400,Yahoo Finance
2007-05-24,23.476111,23.944053,23.463956,23.670580,19185500,Yahoo Finance
2007-05-25,23.652352,23.700970,23.245182,23.324186,9629300,Yahoo Finance
2007-05-29,23.324182,23.506497,23.287718,23.488266,8878900,Yahoo Finance
2007-05-30,23.476116,23.549041,23.263413,23.518656,9268900,Yahoo Finance
2007-05-31,23.549038,23.719198,23.439649,23.621964,9728800,Yahoo Finance
2007-06-01,23.761737,24.047365,23.676657,23.828587,12959300,Yahoo Finance
2007-06-04,23.700970,24.229683,23.652352,24.187143,12809100,Yahoo Finance
2007-06-05,24.122960,24.355204,23.640134,23.750145,15236100,Yahoo Finance
2007-06-06,23.560685,23.652362,23.346776,23.407892,11719100,Yahoo Finance
2007-06-07,23.316220,23.407894,22.986186,23.016745,17329400,Yahoo Finance
2007-06-08,23.016750,23.224549,22.961745,23.193991,10146700,Yahoo Finance
2007-06-11,23.090080,23.120641,22.992293,23.047298,13278600,Yahoo Finance
2007-06-12,23.047302,23.096197,22.827280,22.833393,17317200,Yahoo Finance
2007-06-13,22.986186,23.120645,22.882286,23.059526,14036400,Yahoo Finance
2007-06-14,23.102315,23.126763,22.961746,23.096205,9948800,Yahoo Finance
2007-06-15,23.426237,23.524024,23.193991,23.193991,21091500,Yahoo Finance
2007-06-18,23.224545,23.377339,23.163429,23.200098,8644200,Yahoo Finance
2007-06-19,23.444564,23.469012,23.108420,23.389559,14297900,Yahoo Finance
2007-06-20,24.966380,25.174179,24.391879,24.465219,66783600,Yahoo Finance
2007-06-21,24.428550,24.532448,24.177970,24.416327,26940900,Yahoo Finance
2007-06-22,24.196315,24.520236,24.055746,24.055746,19316100,Yahoo Finance
2007-06-25,24.110747,24.269651,23.835719,23.945730,13095600,Yahoo Finance
2007-06-26,24.000723,24.092398,23.756254,23.927383,16997300,Yahoo Finance
2007-06-27,23.805157,24.324653,23.719594,24.300205,15476200,Yahoo Finance
2007-06-28,24.245201,24.532452,24.141303,24.153526,19649200,Yahoo Finance
2007-06-29,24.165746,24.422437,23.909052,24.049622,13714300,Yahoo Finance
2007-07-02,24.171857,24.202415,23.927389,24.061846,8844800,Yahoo Finance
2007-07-03,24.098530,24.171870,23.805167,23.957960,6266400,Yahoo Finance
2007-07-05,24.037403,24.385771,23.957950,24.342989,14665100,Yahoo Finance
2007-07-06,24.397993,24.758585,24.355212,24.630239,16811000,Yahoo Finance
2007-07-09,24.923598,25.039722,24.550783,24.587454,17337100,Yahoo Finance
2007-07-10,24.703582,24.954165,24.556902,24.599684,34920700,Yahoo Finance
2007-07-11,24.587458,24.911379,24.532453,24.740252,20798500,Yahoo Finance
2007-07-12,24.831923,25.058056,24.709688,25.021385,20013800,Yahoo Finance
2007-07-13,24.966376,25.064163,24.819696,24.978600,12028000,Yahoo Finance
2007-07-16,24.844147,24.905263,24.752470,24.801365,11226400,Yahoo Finance
2007-07-17,24.734147,24.801377,24.508012,24.538572,13871500,Yahoo Finance
2007-07-18,24.459111,24.709691,24.257423,24.471334,17388700,Yahoo Finance
2007-07-19,24.477453,24.532459,24.153533,24.263544,15693500,Yahoo Finance
2007-07-20,24.141303,24.367436,24.043516,24.074074,17880700,Yahoo Finance
2007-07-23,24.135191,24.141301,23.774599,23.811268,19651500,Yahoo Finance
2007-07-24,23.695152,23.805163,23.145096,23.193991,26185100,Yahoo Finance
2007-07-25,23.352885,23.469010,22.992294,23.248987,23885100,Yahoo Finance
2007-07-26,22.900623,23.365113,22.485026,22.796722,35164600,Yahoo Finance
2007-07-27,22.650041,22.912845,22.442243,22.460577,25522900,Yahoo Finance
2007-07-30,22.588924,23.334554,22.491136,23.108421,29638600,Yahoo Finance
2007-07-31,23.322341,23.481245,22.662276,22.717279,29752100,Yahoo Finance
2007-08-01,22.576710,23.157324,22.338353,23.083984,30751500,Yahoo Finance
2007-08-02,23.071749,23.316218,22.986185,23.114531,26469600,Yahoo Finance
2007-08-03,23.126755,23.126755,21.947193,22.118320,45337400,Yahoo Finance
2007-08-06,22.210006,22.607269,21.818856,22.546150,33499100,Yahoo Finance
2007-08-07,22.338346,22.656156,21.953307,22.246672,28361200,Yahoo Finance
2007-08-08,22.307790,23.102314,22.185555,23.102314,35795600,Yahoo Finance
2007-08-09,21.611051,22.154994,21.464369,21.873856,37137600,Yahoo Finance
2007-08-10,21.867741,22.167216,21.574378,21.953304,22034500,Yahoo Finance
2007-08-13,22.014418,22.014418,21.464362,21.537704,21036600,Yahoo Finance
2007-08-14,21.458250,21.568261,20.468152,20.486486,42251600,Yahoo Finance
2007-08-15,20.480379,21.048769,20.297028,20.388704,26864000,Yahoo Finance
2007-08-16,20.205354,20.608728,19.465835,20.058672,37740300,Yahoo Finance
2007-08-17,20.682067,20.865418,20.138124,20.358147,30623400,Yahoo Finance
2007-08-20,20.578172,20.743189,20.358152,20.651514,18473500,Yahoo Finance
2007-08-21,20.657619,21.183228,20.535384,20.963205,18789300,Yahoo Finance
2007-08-22,21.073217,21.268792,20.840971,21.250458,28241500,Yahoo Finance
2007-08-23,20.871529,20.999875,20.645394,20.792076,23123600,Yahoo Finance
2007-08-24,20.908194,21.360463,20.877636,21.195446,14370700,Yahoo Finance
2007-08-27,21.647719,21.733286,21.446034,21.543821,25881100,Yahoo Finance
2007-08-28,21.835995,21.872902,21.534596,21.559200,55781000,Yahoo Finance
2007-08-29,21.608407,22.635620,21.608407,22.481846,66298200,Yahoo Finance
2007-08-30,22.383426,22.844750,22.364974,22.783241,34579600,Yahoo Finance
2007-08-31,22.980086,23.705903,22.893973,23.564430,65864700,Yahoo Finance
2007-09-04,22.887821,22.986237,22.223516,22.364988,94537000,Yahoo Finance
2007-09-05,22.315763,22.487992,21.257796,22.457235,45147200,Yahoo Finance
2007-09-06,22.364983,22.617173,21.663771,21.663771,36327500,Yahoo Finance
2007-09-07,21.411581,21.460788,20.987162,21.042521,30279900,Yahoo Finance
2007-09-10,21.190143,21.307011,20.544290,20.796480,22191400,Yahoo Finance
2007-09-11,20.913344,21.466933,20.821078,21.448479,33242500,Yahoo Finance
2007-09-12,21.233184,21.725262,21.196277,21.583790,19849900,Yahoo Finance
2007-09-13,21.706821,22.051274,21.602253,21.903652,16274100,Yahoo Finance
2007-09-14,22.020522,22.038976,21.528443,21.946711,12541000,Yahoo Finance
2007-09-17,21.743724,21.959010,21.639158,21.762178,13144900,Yahoo Finance
2007-09-18,21.842153,22.377291,21.682228,22.364988,21552700,Yahoo Finance
2007-09-19,22.481849,22.850909,22.155847,22.254263,20242000,Yahoo Finance
2007-09-20,22.168143,22.254256,21.633006,21.725271,20980500,Yahoo Finance
2007-09-21,21.848297,21.866749,21.202444,21.202444,23949700,Yahoo Finance
2007-09-24,21.233193,21.399270,20.624245,20.839531,16852100,Yahoo Finance
2007-09-25,20.408969,20.427421,20.119872,20.347460,27939100,Yahoo Finance
2007-09-26,20.421263,20.531981,20.181375,20.292093,18513800,Yahoo Finance
2007-09-27,20.390512,20.439718,20.082963,20.150621,16988700,Yahoo Finance
2007-09-28,20.181375,20.181375,19.910730,19.953787,24716200,Yahoo Finance
2007-10-01,20.039904,20.575039,20.033752,20.396660,22312300,Yahoo Finance
2007-10-02,20.427412,20.710357,20.372054,20.519678,23370600,Yahoo Finance
2007-10-03,20.464320,21.042511,20.445868,20.833378,20350500,Yahoo Finance
2007-10-04,20.919496,20.944101,20.605797,20.753422,12150200,Yahoo Finance
2007-10-05,21.036362,21.251645,20.851833,21.048664,12933200,Yahoo Finance
2007-10-08,21.079420,21.110175,20.753419,20.870287,11252200,Yahoo Finance
2007-10-09,20.857981,20.913340,20.556581,20.790319,14044100,Yahoo Finance
2007-10-10,20.722665,20.913346,20.544288,20.698063,16501700,Yahoo Finance
2007-10-11,20.728817,21.067121,20.433570,20.562740,17127000,Yahoo Finance
2007-10-12,20.618095,20.716510,20.421264,20.568886,12414300,Yahoo Finance
2007-10-15,20.575046,20.698066,20.187534,20.304401,14904100,Yahoo Finance
2007-10-16,20.267502,20.273652,19.830782,19.996857,15989800,Yahoo Finance
2007-10-17,20.181373,20.236732,19.344839,19.547821,23218000,Yahoo Finance
2007-10-18,19.437111,19.689300,19.301788,19.486319,17879500,Yahoo Finance
2007-10-19,19.510921,19.590885,18.797407,18.920427,27030000,Yahoo Finance
2007-10-22,18.809707,19.178766,18.674386,18.994236,17779900,Yahoo Finance
2007-10-23,19.191069,19.191069,18.698989,19.018841,16354200,Yahoo Finance
2007-10-24,19.061897,19.092653,18.625178,18.994236,18545700,Yahoo Finance
2007-10-25,19.123404,19.387897,18.686684,18.883516,24280100,Yahoo Finance
2007-10-26,19.074203,19.406356,18.760503,19.283337,12484600,Yahoo Finance
2007-10-29,19.406351,19.590882,19.227974,19.314087,15986200,Yahoo Finance
2007-10-30,19.375595,19.529369,19.240274,19.350990,18673800,Yahoo Finance
2007-10-31,19.504769,19.560128,19.080352,19.381750,14935900,Yahoo Finance
2007-11-01,19.314090,19.424808,18.852766,18.877371,15003400,Yahoo Finance
2007-11-02,19.018843,19.074202,18.526765,18.698992,16577200,Yahoo Finance
2007-11-05,18.545218,18.545218,18.163857,18.329933,17515500,Yahoo Finance
2007-11-06,18.145400,18.526762,18.145400,18.489855,15828300,Yahoo Finance
2007-11-07,18.268425,18.403747,18.022385,18.046989,16487900,Yahoo Finance
2007-11-08,18.145402,18.182307,17.376529,17.893211,25256800,Yahoo Finance
2007-11-09,17.647177,17.788650,17.216608,17.253513,21922500,Yahoo Finance
2007-11-12,17.253513,17.887065,17.222758,17.505703,18968500,Yahoo Finance
2007-11-13,17.222754,17.979325,17.081282,17.911665,28296000,Yahoo Finance
2007-11-14,18.016236,18.286878,17.751743,17.856310,18442800,Yahoo Finance
2007-11-15,17.880913,18.299180,17.739440,17.825554,17497700,Yahoo Finance
2007-11-16,17.911666,17.960874,17.481097,17.880911,18189700,Yahoo Finance
2007-11-19,17.733287,17.733287,17.235058,17.339624,21986400,Yahoo Finance
2007-11-20,17.339626,17.684080,17.192002,17.530306,26557200,Yahoo Finance
2007-11-21,17.351929,17.462647,17.105890,17.253513,12611300,Yahoo Finance
2007-11-23,17.333474,17.844006,17.259662,17.807100,9786400,Yahoo Finance
2007-11-26,17.770193,17.837854,16.859848,16.909056,16282500,Yahoo Finance
2007-11-27,17.104413,17.123019,16.608274,16.837738,20151400,Yahoo Finance
2007-11-28,16.930762,17.668769,16.788122,17.532331,24263400,Yahoo Finance
2007-11-29,17.439309,17.488923,17.085809,17.290466,19899300,Yahoo Finance
2007-11-30,17.550926,18.047066,17.439296,17.712172,24847100,Yahoo Finance
2007-12-03,17.749393,18.003665,17.643963,17.668770,12101600,Yahoo Finance
2007-12-04,17.600544,17.947842,17.364878,17.854816,18286500,Yahoo Finance
2007-12-05,18.016066,18.090487,17.780400,17.966452,12545200,Yahoo Finance
2007-12-06,17.885827,18.394370,17.724582,18.288940,11632800,Yahoo Finance
2007-12-07,18.394370,18.450186,18.189713,18.288940,10064200,Yahoo Finance
2007-12-10,18.109090,18.388168,18.016063,18.350958,11895200,Yahoo Finance
2007-12-11,18.344761,18.481199,17.557139,17.612955,19388100,Yahoo Finance
2007-12-12,17.985059,18.158708,17.364884,17.668770,20141500,Yahoo Finance
2007-12-13,17.557138,17.662567,16.905955,17.141621,20290600,Yahoo Finance
2007-12-14,16.936958,16.961766,16.515240,16.515240,21681100,Yahoo Finance
2007-12-17,16.434621,16.577261,16.025306,16.087324,25190900,Yahoo Finance
2007-12-18,16.211368,16.496649,15.857868,16.416025,22441300,Yahoo Finance
2007-12-19,16.391210,16.391210,16.025307,16.273376,17910700,Yahoo Finance
2007-12-20,16.248576,16.385014,16.112137,16.291988,16008200,Yahoo Finance
2007-12-21,16.347790,16.707491,16.304378,16.533842,24522500,Yahoo Finance
2007-12-24,16.502844,16.800528,16.434624,16.750914,7199400,Yahoo Finance
2007-12-26,16.744714,16.775722,16.533854,16.738512,15081100,Yahoo Finance
2007-12-27,16.732302,16.732302,16.564855,16.602066,13361100,Yahoo Finance
2007-12-28,16.583467,16.750915,16.341599,16.546257,13743400,Yahoo Finance
2007-12-31,16.440823,16.856340,16.285780,16.707499,16689900,Yahoo Finance
2008-01-02,16.825330,16.912155,16.136937,16.192753,16560700,Yahoo Finance
2008-01-03,16.273377,16.409814,16.000499,16.012903,14635500,Yahoo Finance
2008-01-04,15.851657,15.919877,15.355518,15.479552,19772000,Yahoo Finance
2008-01-07,15.541570,16.006701,15.460948,15.733825,20682400,Yahoo Finance
2008-01-08,15.845453,16.000496,15.299700,15.343112,15488100,Yahoo Finance
2008-01-09,15.349321,15.485759,14.741550,15.336917,25468800,Yahoo Finance
2008-01-10,15.200472,15.944680,15.101244,15.678006,16098800,Yahoo Finance
2008-01-11,15.566382,15.851662,15.237689,15.324513,17627000,Yahoo Finance
2008-01-14,15.566368,15.814437,15.219071,15.746218,15513500,Yahoo Finance
2008-01-15,15.535368,15.907473,15.293500,15.733825,20304900,Yahoo Finance
2008-01-16,15.690414,16.645483,15.678011,16.335396,27356000,Yahoo Finance
2008-01-17,16.353997,16.564855,16.136936,16.279575,20633800,Yahoo Finance
2008-01-18,16.409810,17.048590,16.124530,16.298180,25818700,Yahoo Finance
2008-01-22,15.479551,17.873424,15.479551,17.488916,45150200,Yahoo Finance
2008-01-23,17.178830,18.679652,16.794322,18.574223,41347200,Yahoo Finance
2008-01-24,18.357153,18.481188,17.941637,18.332346,26773500,Yahoo Finance
2008-01-25,18.363361,18.388168,17.457906,17.693573,22483600,Yahoo Finance
2008-01-28,17.681173,18.084286,17.383489,18.071882,17078900,Yahoo Finance
2008-01-29,18.214513,18.555608,17.718373,18.425371,19525200,Yahoo Finance
2008-01-30,18.016059,18.729260,18.016059,18.220716,21216400,Yahoo Finance
2008-01-31,17.972653,19.275019,17.873425,19.002142,33237000,Yahoo Finance
2008-02-01,18.791283,19.033151,18.530809,18.884310,17198800,Yahoo Finance
2008-02-04,18.884312,18.946328,18.084286,18.202120,16497000,Yahoo Finance
2008-02-05,17.916841,18.257938,17.271860,17.358685,21585200,Yahoo Finance
2008-02-06,17.513719,17.966445,17.110606,17.147816,23844900,Yahoo Finance
2008-02-07,17.085807,18.090490,17.067202,17.612955,20958600,Yahoo Finance
2008-02-08,17.550941,17.730792,17.178837,17.346283,15908100,Yahoo Finance
2008-02-11,17.377288,17.910637,17.160227,17.792805,13946700,Yahoo Finance
2008-02-12,17.867225,18.065681,17.501322,17.600550,17804800,Yahoo Finance
2008-02-13,17.699776,17.861020,17.445504,17.575741,12399300,Yahoo Finance
2008-02-14,17.544728,17.612946,16.955562,17.060991,16340000,Yahoo Finance
2008-02-15,17.160226,17.160226,16.719901,17.067200,15780200,Yahoo Finance
2008-02-19,17.290461,17.439304,16.800524,16.936962,15004300,Yahoo Finance
2008-02-20,16.763315,17.315270,16.707499,17.191235,13649500,Yahoo Finance
2008-02-21,17.216037,17.501317,16.912152,16.986572,13051000,Yahoo Finance
2008-02-22,17.023787,17.247049,16.744708,17.222242,13601200,Yahoo Finance
2008-02-25,16.918362,17.873430,16.918362,17.873430,20911400,Yahoo Finance
2008-02-26,17.501319,18.288940,17.501319,17.879625,30638500,Yahoo Finance
2008-02-27,17.705978,18.133899,17.650162,17.929241,17330300,Yahoo Finance
2008-02-28,17.761794,17.799006,17.160226,17.185032,18085800,Yahoo Finance
2008-02-29,17.067192,17.147814,16.378798,16.465622,21898800,Yahoo Finance
2008-03-03,16.434619,16.856338,16.310584,16.800522,19162200,Yahoo Finance
2008-03-04,16.614471,16.775716,16.434620,16.664085,15672300,Yahoo Finance
2008-03-05,16.744711,17.098210,16.434624,16.595869,18340500,Yahoo Finance
2008-03-06,16.546244,16.670278,15.950877,15.975684,14345600,Yahoo Finance
2008-03-07,15.802044,16.385008,15.615992,16.050114,15410100,Yahoo Finance
2008-03-10,16.093521,16.093521,15.479548,15.504355,17188800,Yahoo Finance
2008-03-11,16.177108,16.408656,15.820399,16.396141,22119800,Yahoo Finance
2008-03-12,16.402396,16.978138,16.252202,16.352331,20008900,Yahoo Finance
2008-03-13,16.302259,16.684001,15.945549,16.571356,20243000,Yahoo Finance
2008-03-14,16.740328,16.752844,15.870457,16.114521,21473500,Yahoo Finance
2008-03-17,15.714005,16.283489,15.563812,16.083231,21915500,Yahoo Finance
2008-03-18,16.389874,17.046970,16.333551,17.015680,21428500,Yahoo Finance
2008-03-19,16.984395,17.535106,16.777879,16.796654,23266600,Yahoo Finance
2008-03-20,16.878000,17.628968,16.871742,17.560129,22243000,Yahoo Finance
2008-03-24,17.603945,18.774205,17.603945,18.311108,25245600,Yahoo Finance
2008-03-25,18.254782,18.436265,17.710330,17.998201,18463700,Yahoo Finance
2008-03-26,17.866779,17.866779,17.485038,17.622715,14793500,Yahoo Finance
2008-03-27,17.628967,17.904322,17.372386,17.391161,13212700,Yahoo Finance
2008-03-28,17.272265,17.441233,17.072007,17.134586,15818700,Yahoo Finance
2008-03-31,17.140851,17.560141,16.978141,17.503819,15593400,Yahoo Finance
2008-04-01,17.647741,18.511353,17.585160,18.455030,20263800,Yahoo Finance
2008-04-02,18.430004,18.774198,18.129616,18.248520,16090000,Yahoo Finance
2008-04-03,18.160909,18.455038,17.941877,18.286070,11648300,Yahoo Finance
2008-04-04,18.154654,18.392460,17.910590,18.016977,13520500,Yahoo Finance
2008-04-07,18.117105,18.204717,17.741620,17.835491,10883600,Yahoo Finance
2008-04-08,17.647751,17.791687,17.497557,17.635235,11547400,Yahoo Finance
2008-04-09,17.616454,17.679034,17.147099,17.316067,13431800,Yahoo Finance
2008-04-10,17.284781,18.054523,17.284781,17.760393,19890600,Yahoo Finance
2008-04-11,17.516324,17.941872,17.516324,17.628969,12688100,Yahoo Finance
2008-04-14,17.591421,17.760388,17.422453,17.466259,8104500,Yahoo Finance
2008-04-15,17.585166,17.585166,17.209682,17.478779,9872000,Yahoo Finance
2008-04-16,17.553876,17.660263,17.303554,17.535103,12137900,Yahoo Finance
2008-04-17,17.522578,17.653997,17.434966,17.597675,9241200,Yahoo Finance
2008-04-18,17.654007,18.073298,17.654007,17.948137,12670000,Yahoo Finance
2008-04-21,17.835491,18.254781,17.591426,18.135878,16470500,Yahoo Finance
2008-04-22,18.085813,18.298588,17.691556,17.848007,20109900,Yahoo Finance
2008-04-23,17.948141,17.954399,17.535109,17.603947,15925000,Yahoo Finance
2008-04-24,17.597687,18.304848,17.597687,18.098331,21726200,Yahoo Finance
2008-04-25,18.154643,18.655288,18.023223,18.636515,19656600,Yahoo Finance
2008-04-28,18.530136,18.874329,18.286071,18.605232,13374300,Yahoo Finance
2008-04-29,18.542647,18.755421,18.223487,18.373680,10969000,Yahoo Finance
2008-04-30,18.373682,18.555165,17.985682,18.023230,15221000,Yahoo Finance
2008-05-01,18.204713,19.062067,18.154648,18.692842,26628800,Yahoo Finance
2008-05-02,19.024512,19.087093,18.667803,18.849287,19294300,Yahoo Finance
2008-05-05,18.705362,18.799234,18.292330,18.379944,15897800,Yahoo Finance
2008-05-06,18.323614,18.354904,17.966903,18.323614,14309000,Yahoo Finance
2008-05-07,18.304838,18.448774,17.822967,17.873032,14745400,Yahoo Finance
2008-05-08,17.904328,18.010715,17.391166,17.472521,19465900,Yahoo Finance
2008-05-09,17.409936,17.797937,17.291033,17.510065,13031400,Yahoo Finance
2008-05-12,17.528836,17.966900,17.528836,17.923094,12314100,Yahoo Finance
2008-05-13,17.935617,18.129617,17.835488,17.991940,10391900,Yahoo Finance
2008-05-14,18.073293,18.480068,17.991939,18.223488,12094200,Yahoo Finance
2008-05-15,18.204707,18.492578,17.998191,18.480062,11044900,Yahoo Finance
2008-05-16,18.680331,18.680331,17.991943,18.210976,13246300,Yahoo Finance
2008-05-19,17.929359,18.386198,17.848005,18.067038,13893700,Yahoo Finance
2008-05-20,17.547625,17.641495,16.896785,17.128334,39809400,Yahoo Finance
2008-05-21,17.097038,17.203425,16.771618,16.852974,29274700,Yahoo Finance
2008-05-22,16.796655,17.015688,16.715300,16.840462,15894100,Yahoo Finance
2008-05-23,16.796648,16.890519,16.446197,16.752842,17324800,Yahoo Finance
2008-05-27,16.834197,17.228456,16.715294,17.072004,21412600,Yahoo Finance
2008-05-28,17.266007,17.428717,17.034458,17.165878,13242200,Yahoo Finance
2008-05-29,17.115813,17.441233,17.078265,17.341103,13855400,Yahoo Finance
2008-05-30,17.366138,17.366138,17.115816,17.122074,11714900,Yahoo Finance
2008-06-02,17.153358,17.272262,16.771616,16.996906,15497700,Yahoo Finance
2008-06-03,17.069473,17.195680,16.854921,17.094715,15232800,Yahoo Finance
2008-06-04,17.082100,17.353445,16.955894,17.151514,17537800,Yahoo Finance
2008-06-05,17.302953,17.750987,17.290332,17.612160,20265500,Yahoo Finance
2008-06-06,17.321894,17.473342,17.101031,17.151514,19366500,Yahoo Finance
2008-06-09,17.176754,17.448099,16.671927,16.747652,17695600,Yahoo Finance
2008-06-10,16.652994,17.006374,16.463685,16.854925,17878700,Yahoo Finance
2008-06-11,16.854923,16.924337,16.312234,16.350096,19163100,Yahoo Finance
2008-06-12,16.432133,16.962201,16.432133,16.709787,15099500,Yahoo Finance
2008-06-13,16.842301,17.403921,16.817059,17.372370,16052200,Yahoo Finance
2008-06-16,17.334508,17.467026,17.126267,17.353439,12418600,Yahoo Finance
2008-06-17,17.384989,17.498575,16.911713,16.955887,12272500,Yahoo Finance
2008-06-18,16.823374,16.955892,16.608822,16.753960,13989600,Yahoo Finance
2008-06-19,16.760272,17.220928,16.760272,17.151514,16005900,Yahoo Finance
2008-06-20,17.056853,17.151508,16.482612,16.564646,17186900,Yahoo Finance
2008-06-23,16.659303,16.659303,15.712752,15.813717,22900000,Yahoo Finance
2008-06-24,15.832648,16.249130,15.668579,15.971475,18579100,Yahoo Finance
2008-06-25,16.034576,16.646678,15.939921,16.072437,19925800,Yahoo Finance
2008-06-26,15.920996,16.009342,15.529756,15.561307,18896500,Yahoo Finance
2008-06-27,15.561309,15.586551,15.088034,15.157448,22343700,Yahoo Finance
2008-06-30,15.157447,15.371998,14.715722,14.778826,19582700,Yahoo Finance
2008-07-01,14.583205,14.759893,14.210894,14.646307,21993700,Yahoo Finance
2008-07-02,14.671549,14.829308,14.179342,14.210895,22753400,Yahoo Finance
2008-07-03,14.305547,14.488546,14.103616,14.223513,11321500,Yahoo Finance
2008-07-07,14.292925,14.633684,13.895374,14.084683,20770400,Yahoo Finance
2008-07-08,14.078374,14.557960,14.072064,14.539030,17205000,Yahoo Finance
2008-07-09,14.583202,14.583202,14.072063,14.116237,13390800,Yahoo Finance
2008-07-10,14.141478,14.204582,13.699754,13.800720,18560300,Yahoo Finance
2008-07-11,13.617722,13.964790,13.251722,13.617722,27126500,Yahoo Finance
2008-07-14,13.819651,13.882755,13.441030,13.586169,12911800,Yahoo Finance
2008-07-15,13.497827,13.813344,13.100275,13.541999,20546400,Yahoo Finance
2008-07-16,13.586164,14.343404,13.384232,14.311852,19572400,Yahoo Finance
2008-07-17,14.381273,14.961823,13.914306,14.753582,22340200,Yahoo Finance
2008-07-18,15.031240,15.031240,14.324482,14.791448,15882800,Yahoo Finance
2008-07-21,14.905030,15.012306,14.463305,14.589513,13685300,Yahoo Finance
2008-07-22,14.513782,15.207920,14.425438,15.113265,17808300,Yahoo Finance
2008-07-23,14.993375,16.312236,14.993375,15.794788,26441300,Yahoo Finance
2008-07-24,15.775861,15.857895,15.100655,15.157448,16362800,Yahoo Finance
2008-07-25,15.214241,15.700137,14.867171,15.018620,14512500,Yahoo Finance
2008-07-28,14.791445,15.201617,14.557961,14.614755,11420200,Yahoo Finance
2008-07-29,14.703098,15.422478,14.665236,15.353064,15479200,Yahoo Finance
2008-07-30,15.586551,15.775861,14.703102,14.980758,19262100,Yahoo Finance
2008-07-31,14.879789,15.491892,14.822996,15.037548,18557500,Yahoo Finance
2008-08-01,15.163756,15.277342,14.400204,15.081721,11920700,Yahoo Finance
2008-08-04,15.031232,15.258405,14.835612,15.075404,10556200,Yahoo Finance
2008-08-05,15.207930,15.737999,15.207930,15.706447,14371000,Yahoo Finance
2008-08-06,15.460342,15.775859,15.397238,15.712755,15075400,Yahoo Finance
2008-08-07,15.586546,15.712752,15.346752,15.447718,13603900,Yahoo Finance
2008-08-08,15.460335,16.735024,15.460335,16.640369,25506600,Yahoo Finance
2008-08-11,16.570958,18.142233,16.438440,17.359751,53932100,Yahoo Finance
2008-08-12,17.258781,17.517505,17.151505,17.340815,27222900,Yahoo Finance
2008-08-13,17.239852,17.347128,16.482612,16.735025,21870300,Yahoo Finance
2008-08-14,16.552026,17.574302,16.539405,17.145199,17365400,Yahoo Finance
2008-08-15,17.164129,17.504886,17.101025,17.372370,23269100,Yahoo Finance
2008-08-18,17.517514,17.732066,16.766583,17.012686,22175300,Yahoo Finance
2008-08-19,17.025294,17.088398,16.362709,16.381639,30629300,Yahoo Finance
2008-08-20,16.413191,16.684536,16.198639,16.387949,19012500,Yahoo Finance
2008-08-21,16.154483,16.836000,16.097690,16.766586,18816700,Yahoo Finance
2008-08-22,16.842300,17.132575,16.772886,17.107334,13319700,Yahoo Finance
2008-08-25,17.025306,17.063168,16.728720,16.760271,13088300,Yahoo Finance
2008-08-26,16.741344,17.088412,16.501550,17.050550,16797600,Yahoo Finance
2008-08-27,17.050544,17.340819,16.785510,17.145199,13091000,Yahoo Finance
2008-08-28,17.296649,17.441787,17.031615,17.302959,13626200,Yahoo Finance
2008-08-29,17.176752,17.340821,17.050546,17.113649,12520800,Yahoo Finance
2008-09-02,17.594073,18.249476,17.594073,17.861324,27655200,Yahoo Finance
2008-09-03,17.778592,18.707609,17.759502,18.663067,39057000,Yahoo Finance
2008-09-04,18.421279,18.561268,18.109485,18.179480,31607400,Yahoo Finance
2008-09-05,18.020393,18.319461,17.835863,18.192198,25053100,Yahoo Finance
2008-09-08,18.962142,19.560277,18.904874,19.191216,41467300,Yahoo Finance
2008-09-09,19.203938,19.477553,18.535808,18.548534,35965400,Yahoo Finance
2008-09-10,18.669441,18.790341,18.306742,18.516726,19819300,Yahoo Finance
2008-09-11,18.166751,18.783976,18.045853,18.771250,27556200,Yahoo Finance
2008-09-12,18.561263,18.656710,18.134933,18.325827,25732100,Yahoo Finance
2008-09-15,17.511348,18.503997,17.511348,18.134935,27620000,Yahoo Finance
2008-09-16,17.746781,18.071301,17.479529,17.549524,42932600,Yahoo Finance
2008-09-17,17.078653,17.174100,16.264171,16.302351,42981300,Yahoo Finance
2008-09-18,16.544145,17.498615,15.557860,17.148643,42121100,Yahoo Finance
2008-09-19,18.523087,18.892148,16.639598,17.415901,32616200,Yahoo Finance
2008-09-22,17.441351,17.638608,16.092368,16.302351,24649000,Yahoo Finance
2008-09-23,16.334165,16.703227,16.003282,16.073277,22392700,Yahoo Finance
2008-09-24,16.238722,16.270538,15.640587,15.920566,20665700,Yahoo Finance
2008-09-25,16.066913,16.505970,15.920562,16.416885,22970800,Yahoo Finance
2008-09-26,15.863289,16.855937,15.863289,16.836847,17008500,Yahoo Finance
2008-09-29,16.537783,16.938661,15.551497,15.901469,28057100,Yahoo Finance
2008-09-30,16.327804,16.512335,15.723305,16.474155,23152800,Yahoo Finance
2008-10-01,16.238723,16.601421,16.098733,16.493248,20739900,Yahoo Finance
2008-10-02,16.359615,16.582325,15.704213,15.818749,18545900,Yahoo Finance
2008-10-03,15.971471,16.105097,15.093358,15.150626,27243600,Yahoo Finance
2008-10-06,14.724291,14.889733,13.852542,14.520671,36436400,Yahoo Finance
2008-10-07,14.711564,15.093351,13.795273,13.928898,34193300,Yahoo Finance
2008-10-08,13.464388,14.291595,13.209863,13.470752,35105500,Yahoo Finance
2008-10-09,13.559834,13.668008,12.541733,12.681723,29596900,Yahoo Finance
2008-10-10,11.899059,13.559836,10.849141,12.567187,49333700,Yahoo Finance
2008-10-13,13.050791,13.877998,12.885349,13.814366,24678100,Yahoo Finance
2008-10-14,14.412499,14.507945,12.974430,13.407124,26867500,Yahoo Finance
2008-10-15,13.279858,13.477115,12.408108,12.618092,26416300,Yahoo Finance
2008-10-16,12.408111,12.732631,11.466368,12.535375,38445400,Yahoo Finance
2008-10-17,12.204489,13.171686,12.064499,12.859891,26629800,Yahoo Finance
2008-10-20,13.025334,13.362581,12.796262,13.222592,18408800,Yahoo Finance
2008-10-21,13.044427,13.655288,12.923527,13.057154,15135300,Yahoo Finance
2008-10-22,12.751720,12.872618,12.070863,12.389020,23827700,Yahoo Finance
2008-10-23,12.382660,12.599007,11.460006,12.128135,29497600,Yahoo Finance
2008-10-24,11.390017,12.089962,11.186397,11.778169,22524500,Yahoo Finance
2008-10-27,11.460006,12.408113,11.460006,12.032688,21744700,Yahoo Finance
2008-10-28,12.198124,13.769817,11.879967,13.725275,28156400,Yahoo Finance
2008-10-29,13.521661,14.749746,13.197141,13.776186,32328400,Yahoo Finance
2008-10-30,14.138880,14.590663,13.928897,14.457037,21072800,Yahoo Finance
2008-10-31,14.444318,15.290615,14.189791,15.010636,21720300,Yahoo Finance
2008-11-03,14.940636,15.010630,14.068887,14.138881,17940200,Yahoo Finance
2008-11-04,14.437951,14.947001,14.100704,14.883369,24131800,Yahoo Finance
2008-11-05,14.635203,14.845186,14.037068,14.094337,22260700,Yahoo Finance
2008-11-06,13.935272,14.514318,13.158970,13.318048,25524300,Yahoo Finance
2008-11-07,13.394400,13.865273,13.171691,13.400764,19600100,Yahoo Finance
2008-11-10,13.699826,13.814361,13.018970,13.197138,14073700,Yahoo Finance
2008-11-11,12.974435,13.661653,12.688094,13.050793,17405400,Yahoo Finance
2008-11-12,12.637181,12.942611,12.484466,12.599001,18189400,Yahoo Finance
2008-11-13,12.656276,14.234334,12.185404,14.145249,28059400,Yahoo Finance
2008-11-14,13.833451,14.406133,12.929886,13.069876,24957300,Yahoo Finance
2008-11-17,12.675362,13.356217,12.560825,12.726267,22643100,Yahoo Finance
2008-11-18,13.146232,13.629830,12.688087,13.178047,32638500,Yahoo Finance
2008-11-19,13.031704,13.528029,12.471749,12.573559,21970500,Yahoo Finance
2008-11-20,12.369934,12.910801,11.650899,11.784526,32825000,Yahoo Finance
2008-11-21,11.975419,12.306303,11.110033,12.274487,38361300,Yahoo Finance
2008-11-24,12.484476,13.941633,12.000877,13.629840,31820400,Yahoo Finance
2008-11-25,13.763458,14.285236,13.489845,14.157973,31618500,Yahoo Finance
2008-11-26,13.712551,15.131531,13.712551,14.985178,25401900,Yahoo Finance
2008-11-28,14.896104,15.137904,14.463411,14.705211,10272300,Yahoo Finance
2008-12-01,14.348868,14.635210,13.445303,13.496208,26816900,Yahoo Finance
2008-12-02,13.840282,14.116831,13.280754,14.052517,23835800,Yahoo Finance
2008-12-03,13.711655,14.714946,13.544439,14.637771,32948500,Yahoo Finance
2008-12-04,14.451263,15.641064,14.329068,14.933615,30083600,Yahoo Finance
2008-12-05,14.682794,15.782557,14.599187,15.692517,32975900,Yahoo Finance
2008-12-08,16.059103,16.200594,15.467418,15.596045,28815400,Yahoo Finance
2008-12-09,15.364517,15.911183,14.695657,14.920754,26321100,Yahoo Finance
2008-12-10,15.042946,15.711808,14.798555,15.621769,18719700,Yahoo Finance
2008-12-11,15.351656,15.518871,14.663500,14.785696,18390900,Yahoo Finance
2008-12-12,14.348359,15.255181,14.251889,15.094397,20831300,Yahoo Finance
2008-12-15,15.190870,15.351654,14.817851,15.055811,14736800,Yahoo Finance
2008-12-16,15.261613,15.814710,14.714947,15.641063,26188100,Yahoo Finance
2008-12-17,15.441691,16.149141,15.370946,15.885455,20068300,Yahoo Finance
2008-12-18,15.949769,16.123416,15.467417,15.724672,22105800,Yahoo Finance
2008-12-19,15.962631,16.078395,15.325926,15.576749,23095200,Yahoo Finance
2008-12-22,15.493141,15.518866,14.895025,15.261612,13244400,Yahoo Finance
2008-12-23,15.171575,15.428829,15.107261,15.190869,13559600,Yahoo Finance
2008-12-24,15.235887,15.506004,15.190868,15.261612,3976000,Yahoo Finance
2008-12-26,15.184442,15.435265,15.055814,15.152285,4461200,Yahoo Finance
2008-12-29,15.139414,15.242315,14.792120,15.023649,8461500,Yahoo Finance
2008-12-30,15.113703,15.235899,14.592762,14.862880,14896900,Yahoo Finance
2008-12-31,14.882164,15.306633,14.772830,14.804988,15143500,Yahoo Finance
2009-01-02,14.837142,15.557455,14.766397,15.518866,14902500,Yahoo Finance
2009-01-05,15.448128,16.001225,15.313069,15.891891,22570900,Yahoo Finance
2009-01-06,16.039806,16.393530,15.834003,16.245609,22856600,Yahoo Finance
2009-01-07,15.994789,16.181298,15.711809,15.801847,19857300,Yahoo Finance
2009-01-08,15.512433,15.731098,15.242316,15.686079,17319800,Yahoo Finance
2009-01-09,15.743965,15.743965,15.139418,15.345222,16927400,Yahoo Finance
2009-01-12,15.338793,15.409537,14.547736,14.772833,23560200,Yahoo Finance
2009-01-13,14.766396,14.856436,14.309770,14.476986,20440300,Yahoo Finance
2009-01-14,14.245454,14.316199,13.943181,14.091102,20531200,Yahoo Finance
2009-01-15,14.097543,14.991501,13.930327,14.669933,25999400,Yahoo Finance
2009-01-16,15.010793,15.036518,14.515578,14.920754,20942600,Yahoo Finance
2009-01-20,14.727817,14.920758,14.046093,14.142563,20339500,Yahoo Finance
2009-01-21,14.335500,14.431970,13.891736,14.329068,19667200,Yahoo Finance
2009-01-22,14.091112,14.374092,13.820995,14.129700,22725600,Yahoo Finance
2009-01-23,13.750246,14.136128,13.698795,13.968912,20867100,Yahoo Finance
2009-01-26,14.213300,14.882161,14.181142,14.618475,34329500,Yahoo Finance
2009-01-27,14.624909,14.721379,14.026793,14.226166,21691000,Yahoo Finance
2009-01-28,14.528450,14.940057,14.341940,14.792136,20543500,Yahoo Finance
2009-01-29,14.470560,14.843578,14.091109,14.148992,18030700,Yahoo Finance
2009-01-30,14.290482,14.374090,13.730954,13.846719,27041800,Yahoo Finance
2009-02-02,13.640910,14.206870,13.576597,13.872439,17971800,Yahoo Finance
2009-02-03,14.129696,14.174717,13.396522,14.097540,17471100,Yahoo Finance
2009-02-04,13.911033,14.194013,13.827426,13.975347,18486300,Yahoo Finance
2009-02-05,13.814561,14.438404,13.737385,14.406246,24668100,Yahoo Finance
2009-02-06,14.399815,15.338794,14.386953,15.132991,31085500,Yahoo Finance
2009-02-09,15.094393,15.197295,14.509140,14.850002,16315200,Yahoo Finance
2009-02-10,14.727813,14.940048,14.148991,14.284049,21897800,Yahoo Finance
2009-02-11,14.380518,14.470556,14.084675,14.239027,17896200,Yahoo Finance
2009-02-12,13.956052,14.187580,13.602327,14.136129,23454000,Yahoo Finance
2009-02-13,14.007499,14.251890,13.634480,13.647342,18598200,Yahoo Finance
2009-02-17,13.312911,13.345067,12.772676,12.824127,35715200,Yahoo Finance
2009-02-18,13.023501,13.029933,12.496130,12.734090,23374800,Yahoo Finance
2009-02-19,12.830560,13.145697,12.817697,12.965618,20353800,Yahoo Finance
2009-02-20,12.656914,13.023502,12.328915,12.515424,29576700,Yahoo Finance
2009-02-23,12.496132,12.759818,11.730800,12.033073,26930200,Yahoo Finance
2009-02-24,12.637623,13.364367,12.502565,13.293622,37719500,Yahoo Finance
2009-02-25,13.087824,13.364372,12.869157,13.062098,27022900,Yahoo Finance
2009-02-26,13.216437,13.435104,13.074948,13.274320,22728900,Yahoo Finance
2009-02-27,12.972053,13.685934,12.972053,13.435110,23320600,Yahoo Finance
2009-03-02,13.087817,13.473698,12.759817,12.811268,25493600,Yahoo Finance
2009-03-03,12.592598,12.830559,12.065227,12.148834,29268800,Yahoo Finance
2009-03-04,12.213151,12.457543,12.026642,12.226014,22093200,Yahoo Finance
2009-03-05,11.904446,12.335347,11.576446,11.672916,23774300,Yahoo Finance
2009-03-06,11.769387,11.962328,11.280605,11.576447,25862900,Yahoo Finance
2009-03-09,11.409233,12.187429,11.248449,11.724370,28387300,Yahoo Finance
2009-03-10,11.942511,12.749965,11.890417,12.645778,25527600,Yahoo Finance
2009-03-11,12.645777,12.971363,12.502519,12.815082,21666600,Yahoo Finance
2009-03-12,12.795551,13.316490,12.554618,13.238349,17504200,Yahoo Finance
2009-03-13,13.309969,13.674625,12.893218,13.485785,22210800,Yahoo Finance
2009-03-16,13.498810,13.713697,13.062525,13.114618,17034600,Yahoo Finance
2009-03-17,13.349044,13.993705,13.244856,13.987193,25333900,Yahoo Finance
2009-03-18,13.869982,14.872789,13.707189,14.703484,31811800,Yahoo Finance
2009-03-19,14.664413,14.872788,14.456038,14.612319,22955200,Yahoo Finance
2009-03-20,14.709994,14.801158,14.169521,14.429990,22361800,Yahoo Finance
2009-03-23,14.605811,15.159308,14.436506,15.139772,22873800,Yahoo Finance
2009-03-24,14.996511,15.283026,14.898834,14.944417,20462800,Yahoo Finance
2009-03-25,15.152789,15.595587,14.827203,15.159301,33358900,Yahoo Finance
2009-03-26,15.504425,15.862571,15.322097,15.719312,28080900,Yahoo Finance
2009-03-27,15.510943,15.693272,15.191868,15.387219,18856900,Yahoo Finance
2009-03-30,15.133255,15.276512,14.755575,15.224419,21579600,Yahoo Finance
2009-03-31,15.315587,15.478380,14.742554,15.341633,27463300,Yahoo Finance
2009-04-01,15.074658,15.556526,14.924889,15.517456,21365000,Yahoo Finance
2009-04-02,15.830015,16.435606,15.784433,16.129555,30264800,Yahoo Finance
2009-04-03,16.077462,16.363977,15.849551,16.279325,20294400,Yahoo Finance
2009-04-06,16.136064,16.298858,15.927688,16.181646,17140400,Yahoo Finance
2009-04-07,15.934203,16.044902,15.712804,15.869086,16837400,Yahoo Finance
2009-04-08,16.077450,16.481176,16.077450,16.357454,18547600,Yahoo Finance
2009-04-09,16.643982,16.904451,16.565842,16.865381,20316000,Yahoo Finance
2009-04-13,16.689551,16.995603,16.656993,16.904438,11593400,Yahoo Finance
2009-04-14,16.663514,16.722120,16.311880,16.500721,14961600,Yahoo Finance
2009-04-15,16.422578,16.767700,16.344438,16.715607,17464000,Yahoo Finance
2009-04-16,16.787230,17.034675,16.461643,16.910952,16673900,Yahoo Finance
2009-04-17,17.034681,17.236544,16.442114,16.995611,21671300,Yahoo Finance
2009-04-20,16.748167,16.845844,16.220718,16.376999,17480600,Yahoo Finance
2009-04-21,16.409555,16.963051,16.136062,16.845840,20556600,Yahoo Finance
2009-04-22,16.689563,17.529577,16.591887,17.041197,23918400,Yahoo Finance
2009-04-23,16.904442,17.073747,16.481180,16.774208,17975100,Yahoo Finance
2009-04-24,16.884917,17.464461,16.643983,17.132362,21857600,Yahoo Finance
2009-04-27,16.865376,17.125845,16.670025,16.852352,14868400,Yahoo Finance
2009-04-28,16.650495,17.243063,16.507238,16.976082,14949200,Yahoo Finance
2009-04-29,17.106314,17.483994,16.943520,17.151896,21349300,Yahoo Finance
2009-04-30,17.288638,17.627248,17.106310,17.138868,18251600,Yahoo Finance
2009-05-01,17.308167,17.308167,16.611413,16.780718,15045800,Yahoo Finance
2009-05-04,17.021660,17.431899,16.819797,17.067242,18075500,Yahoo Finance
2009-05-05,17.047706,17.190964,16.884913,17.054218,11348800,Yahoo Finance
2009-05-06,17.132355,17.262590,16.643975,16.956539,13892300,Yahoo Finance
2009-05-07,17.054219,17.151894,16.481186,16.676538,20582800,Yahoo Finance
2009-05-08,16.787239,16.787239,16.116530,16.604910,18467600,Yahoo Finance
2009-05-11,16.155602,16.442119,15.979787,16.233744,17525200,Yahoo Finance
2009-05-12,16.350951,16.429091,15.803966,16.044899,19437700,Yahoo Finance
2009-05-13,16.246760,16.370482,15.771403,16.168619,32337000,Yahoo Finance
2009-05-14,16.292350,16.383514,15.940716,15.973275,15822700,Yahoo Finance
2009-05-15,15.921186,16.227236,15.771415,15.888626,20385500,Yahoo Finance
2009-05-18,16.709097,17.028172,16.513746,16.943520,26101700,Yahoo Finance
2009-05-19,16.533279,16.539791,15.628149,16.038387,39888600,Yahoo Finance
2009-05-20,16.181653,16.279329,15.341639,15.517456,31471700,Yahoo Finance
2009-05-21,15.296051,15.517450,14.742554,14.905347,25534300,Yahoo Finance
2009-05-22,15.107211,15.133257,14.716507,14.885812,15133800,Yahoo Finance
2009-05-26,14.762092,15.608617,14.703487,15.497917,20313100,Yahoo Finance
2009-05-27,15.563032,15.764896,15.113723,15.191864,18507500,Yahoo Finance
2009-05-28,15.387220,15.387220,14.540696,14.781631,27154200,Yahoo Finance
2009-05-29,14.970465,15.100700,14.749066,15.081164,18681600,Yahoo Finance
2009-06-01,15.361169,15.908154,15.230934,15.732337,18094400,Yahoo Finance
2009-06-02,15.602099,16.149084,15.517447,15.953732,18364400,Yahoo Finance
2009-06-03,15.882109,16.155601,15.686757,15.869086,14453400,Yahoo Finance
2009-06-04,15.882103,16.051408,15.465353,15.999314,15777400,Yahoo Finance
2009-06-05,16.136067,16.207696,15.608616,15.738852,14749000,Yahoo Finance
2009-06-08,15.784432,16.136066,15.628151,15.992807,13184500,Yahoo Finance
2009-06-09,15.996094,16.160393,15.825224,16.002666,13033200,Yahoo Finance
2009-06-10,16.469271,16.508704,15.897514,16.028952,24352000,Yahoo Finance
2009-06-11,16.028951,16.193250,15.877797,15.923800,17911500,Yahoo Finance
2009-06-12,15.897515,15.930374,15.660925,15.871226,18283600,Yahoo Finance
2009-06-15,15.733211,15.772642,15.457190,15.674064,13946900,Yahoo Finance
2009-06-16,15.680645,15.759507,15.227180,15.246897,17023400,Yahoo Finance
2009-06-17,15.273176,15.798932,15.122022,15.542625,19015600,Yahoo Finance
2009-06-18,15.595205,15.614922,15.286325,15.345472,11365200,Yahoo Finance
2009-06-19,15.424330,15.582056,15.352040,15.457191,15209600,Yahoo Finance
2009-06-22,15.358611,15.536052,15.220600,15.279747,12930800,Yahoo Finance
2009-06-23,15.273182,15.279754,14.931441,15.036592,15209400,Yahoo Finance
2009-06-24,15.214031,15.220603,14.806572,14.905150,14555600,Yahoo Finance
2009-06-25,14.898578,15.608347,14.885434,15.490052,18940500,Yahoo Finance
2009-06-26,15.424337,15.812081,15.391478,15.516345,18879400,Yahoo Finance
2009-06-29,15.549204,15.877801,15.483485,15.687216,12322400,Yahoo Finance
2009-06-30,15.720072,15.779219,15.345471,15.529485,12676800,Yahoo Finance
2009-07-01,15.641208,15.733216,15.430907,15.582061,13277900,Yahoo Finance
2009-07-02,15.358611,15.582055,14.951150,14.990582,13532900,Yahoo Finance
2009-07-06,14.957729,15.207462,14.800003,15.036592,12638500,Yahoo Finance
2009-07-07,15.056304,15.056304,14.668560,14.721135,15007900,Yahoo Finance
2009-07-08,14.707996,14.951158,14.648850,14.892011,14710700,Yahoo Finance
2009-07-09,15.016873,15.095736,14.675132,14.905150,14322200,Yahoo Finance
2009-07-10,14.839430,14.997156,14.675131,14.799998,9814600,Yahoo Finance
2009-07-13,14.793434,15.207466,14.635708,15.187751,17804800,Yahoo Finance
2009-07-14,15.174597,15.568913,15.082590,15.562341,15595800,Yahoo Finance
2009-07-15,15.693791,15.864662,15.536065,15.825231,13914400,Yahoo Finance
2009-07-16,15.818647,16.114384,15.654348,16.035521,13633700,Yahoo Finance
2009-07-17,16.166969,16.265548,15.982955,16.212973,15283300,Yahoo Finance
2009-07-20,16.206398,16.337837,16.094675,16.298405,10165600,Yahoo Finance
2009-07-21,16.344407,16.364122,15.858083,16.074957,13716300,Yahoo Finance
2009-07-22,16.015806,16.364117,15.950086,16.278683,11348400,Yahoo Finance
2009-07-23,16.272114,16.765010,16.107816,16.613855,20780700,Yahoo Finance
2009-07-24,16.580993,16.712432,16.396980,16.640141,11246800,Yahoo Finance
2009-07-27,16.594140,16.640143,16.285259,16.534992,13443900,Yahoo Finance
2009-07-28,16.482416,16.692718,16.403552,16.686146,11689700,Yahoo Finance
2009-07-29,16.673003,16.857016,16.508704,16.686146,11970200,Yahoo Finance
2009-07-30,16.889870,17.192179,16.778147,16.988449,13545300,Yahoo Finance
2009-07-31,16.981888,17.211906,16.955599,17.047607,11709000,Yahoo Finance
2009-08-03,17.205332,17.336770,16.870163,17.297338,12022400,Yahoo Finance
2009-08-04,17.192184,17.376199,17.139609,17.277620,10411100,Yahoo Finance
2009-08-05,17.284193,17.389344,17.060747,17.303909,9996600,Yahoo Finance
2009-08-06,17.349909,17.573355,17.198755,17.441917,13755000,Yahoo Finance
2009-08-07,17.566783,18.059678,17.487921,17.915096,16415900,Yahoo Finance
2009-08-10,17.862521,17.901953,17.593072,17.809946,10407600,Yahoo Finance
2009-08-11,17.763950,17.816525,17.566791,17.671942,9524200,Yahoo Finance
2009-08-12,17.612783,18.092536,17.579924,17.875662,13269600,Yahoo Finance
2009-08-13,18.020242,18.276547,17.744221,18.191113,19973100,Yahoo Finance
2009-08-14,18.184540,18.237116,17.678501,17.836227,15928500,Yahoo Finance
2009-08-17,17.034454,17.376195,16.712429,17.159321,30714600,Yahoo Finance
2009-08-18,17.711367,17.941384,17.461633,17.698223,35350300,Yahoo Finance
2009-08-19,17.579931,17.698226,17.395917,17.579931,19453600,Yahoo Finance
2009-08-20,17.606214,17.619357,17.415627,17.533922,14196700,Yahoo Finance
2009-08-21,17.704800,18.092545,17.520785,18.072828,18664100,Yahoo Finance
2009-08-24,18.223981,18.223981,17.704799,17.763947,16237900,Yahoo Finance
2009-08-25,17.888811,18.223980,17.744229,17.954531,21848800,Yahoo Finance
2009-08-26,17.928239,18.361986,17.888806,18.118824,15608400,Yahoo Finance
2009-08-27,18.138545,18.197692,17.875668,18.105684,13446800,Yahoo Finance
2009-08-28,18.191125,18.243700,17.901959,18.197697,12841400,Yahoo Finance
2009-08-31,18.072821,18.138540,17.809944,17.934811,13091300,Yahoo Finance
2009-09-01,17.898372,18.209820,17.646561,17.719454,15738800,Yahoo Finance
2009-09-02,17.639931,17.772462,17.461013,17.580292,10684100,Yahoo Finance
2009-09-03,17.633300,17.832097,17.514022,17.825470,9733200,Yahoo Finance
2009-09-04,17.845349,17.997760,17.732698,17.911615,8150000,Yahoo Finance
2009-09-08,18.044154,18.269457,17.918250,18.209818,12253300,Yahoo Finance
2009-09-09,18.183315,18.223074,18.037530,18.143555,10679500,Yahoo Finance
2009-09-10,18.156795,18.282700,18.037516,18.242941,9446400,Yahoo Finance
2009-09-11,18.223068,18.236321,17.885112,18.117043,14667900,Yahoo Finance
2009-09-14,17.997760,18.329089,17.951375,18.229691,8349400,Yahoo Finance
2009-09-15,18.282704,18.355597,18.057400,18.163425,10045700,Yahoo Finance
2009-09-16,18.315842,18.693556,18.262830,18.594158,17815700,Yahoo Finance
2009-09-17,18.826088,18.839342,18.388735,18.501387,13318200,Yahoo Finance
2009-09-18,18.561030,18.845972,18.554403,18.706814,15767900,Yahoo Finance
2009-09-21,18.527891,18.819460,18.448373,18.647169,8915700,Yahoo Finance
2009-09-22,18.713438,18.759824,18.209818,18.302591,14328500,Yahoo Finance
2009-09-23,18.368849,18.521261,18.097160,18.123667,14091100,Yahoo Finance
2009-09-24,18.236324,18.249578,17.818850,17.918249,12037700,Yahoo Finance
2009-09-25,17.812228,18.044158,17.593551,17.792349,11859300,Yahoo Finance
2009-09-28,17.858604,18.176680,17.825471,18.064028,6862900,Yahoo Finance
2009-09-29,18.103797,18.183316,17.679696,17.779095,13765400,Yahoo Finance
2009-09-30,17.851983,17.851983,17.441135,17.653185,16564800,Yahoo Finance
2009-10-01,17.659808,17.659808,17.301974,17.441132,16260800,Yahoo Finance
2009-10-02,17.328479,17.407998,17.142935,17.248960,13849200,Yahoo Finance
2009-10-05,17.335108,17.447760,17.229083,17.328482,10168400,Yahoo Finance
2009-10-06,17.434503,17.547155,17.348359,17.421251,14352000,Yahoo Finance
2009-10-07,17.408002,17.507400,17.275470,17.321856,13455700,Yahoo Finance
2009-10-08,17.500773,17.931499,17.480892,17.818848,16128300,Yahoo Finance
2009-10-09,17.792351,17.898376,17.659819,17.865242,11117900,Yahoo Finance
2009-10-12,17.958008,18.183312,17.898369,17.918249,11015900,Yahoo Finance
2009-10-13,17.904986,18.295953,17.798961,18.242941,13896000,Yahoo Finance
2009-10-14,18.395365,18.567656,18.103796,18.143555,17510700,Yahoo Finance
2009-10-15,18.077284,18.136923,17.924872,18.090536,13350200,Yahoo Finance
2009-10-16,17.991135,18.136920,17.785712,18.064028,12072000,Yahoo Finance
2009-10-19,18.077283,18.348972,18.037522,18.309212,8302000,Yahoo Finance
2009-10-20,18.110414,18.335717,17.798965,17.871857,12902600,Yahoo Finance
2009-10-21,17.818846,18.044149,17.374866,17.441132,23488900,Yahoo Finance
2009-10-22,17.368237,17.792338,17.262212,17.706192,14882100,Yahoo Finance
2009-10-23,17.653185,17.719451,17.341737,17.408003,16329000,Yahoo Finance
2009-10-26,17.427874,17.586913,17.229077,17.295343,17852200,Yahoo Finance
2009-10-27,17.295348,17.487518,17.209202,17.229082,16016300,Yahoo Finance
2009-10-28,17.222462,17.229089,16.672457,16.705589,22498500,Yahoo Finance
2009-10-29,16.897756,17.288724,16.732091,17.169445,12980200,Yahoo Finance
2009-10-30,17.116428,17.162814,16.539916,16.626062,19426300,Yahoo Finance
2009-11-02,16.659193,17.010401,16.374250,16.606180,15585500,Yahoo Finance
2009-11-03,16.506786,16.751970,16.215217,16.566425,17426600,Yahoo Finance
2009-11-04,16.745340,16.897750,16.500156,16.539915,18645200,Yahoo Finance
2009-11-05,16.685700,17.103173,16.652566,16.983894,15410500,Yahoo Finance
2009-11-06,17.142934,17.421250,17.096547,17.282091,15066700,Yahoo Finance
2009-11-09,17.434510,17.805599,17.361619,17.765839,13331200,Yahoo Finance
2009-11-10,17.765832,17.885111,17.560409,17.772459,14851300,Yahoo Finance
2009-11-11,17.991139,18.189937,17.924873,18.097164,18716700,Yahoo Finance
2009-11-12,18.110417,18.415240,18.004392,18.050777,18713500,Yahoo Finance
2009-11-13,18.064030,18.256200,17.812220,18.117043,14179800,Yahoo Finance
2009-11-16,18.309214,18.521266,18.156804,18.322468,18782200,Yahoo Finance
2009-11-17,17.958004,18.090534,17.461011,17.885111,31046300,Yahoo Finance
2009-11-18,17.798967,18.097162,17.792341,18.083910,17834400,Yahoo Finance
2009-11-19,18.030895,18.050775,17.759206,17.964630,11302700,Yahoo Finance
2009-11-20,17.878479,18.070650,17.719442,18.011011,17600400,Yahoo Finance
2009-11-23,18.136919,18.289330,18.044146,18.229691,18224600,Yahoo Finance
2009-11-24,18.223068,18.335720,18.143548,18.262827,11705100,Yahoo Finance
2009-11-25,18.269454,18.481504,18.077284,18.454998,11451600,Yahoo Finance
2009-11-27,17.997765,18.421865,17.964633,18.295961,7517800,Yahoo Finance
2009-11-30,18.282704,18.388729,17.865229,18.130293,16716700,Yahoo Finance
2009-12-01,18.367492,18.902015,18.273952,18.708250,20488700,Yahoo Finance
2009-12-02,18.728291,19.028958,18.708246,18.928736,17298300,Yahoo Finance
2009-12-03,18.935426,18.935426,18.608032,18.661484,15502800,Yahoo Finance
2009-12-04,18.995553,19.042323,18.674841,18.761700,16845500,Yahoo Finance
2009-12-07,18.734972,18.908690,18.734972,18.855238,12664800,Yahoo Finance
2009-12-08,18.761707,18.781752,18.400905,18.487764,15120500,Yahoo Finance
2009-12-09,18.507803,18.527847,18.327402,18.407579,12481400,Yahoo Finance
2009-12-10,18.561261,18.775070,18.547898,18.701572,11865000,Yahoo Finance
2009-12-11,18.808467,19.062365,18.808467,19.035639,16327200,Yahoo Finance
2009-12-14,19.256137,19.376404,19.109144,19.289545,11488900,Yahoo Finance
2009-12-15,19.115821,19.516711,19.115821,19.389763,17012400,Yahoo Finance
2009-12-16,19.463262,19.623620,19.309587,19.349676,13734200,Yahoo Finance
2009-12-17,19.276181,19.456583,19.222729,19.242773,11472300,Yahoo Finance
2009-12-18,19.363026,19.389753,18.988862,19.142536,17315800,Yahoo Finance
2009-12-21,19.182638,19.543441,19.182638,19.349676,10009100,Yahoo Finance
2009-12-22,19.409808,19.657025,19.349674,19.570166,11790600,Yahoo Finance
2009-12-23,19.603576,19.630301,19.236093,19.376404,9789800,Yahoo Finance
2009-12-24,19.496670,19.536759,19.369721,19.489988,3790100,Yahoo Finance
2009-12-28,19.523391,19.670386,19.356353,19.496666,7299800,Yahoo Finance
2009-12-29,19.483306,19.583528,19.236090,19.556803,6991500,Yahoo Finance
2009-12-30,19.443215,19.563483,19.369718,19.463259,5703100,Yahoo Finance
2009-12-31,19.436534,19.623617,19.302903,19.329630,7437100,Yahoo Finance
2010-01-04,19.476621,19.476621,19.075730,19.155909,13120900,Yahoo Finance
2010-01-05,19.196000,19.369720,18.902014,19.296223,15594300,Yahoo Finance
2010-01-06,19.296224,19.376403,19.175958,19.229410,8833200,Yahoo Finance
2010-01-07,19.282867,19.523401,19.196007,19.456587,12058200,Yahoo Finance
2010-01-08,19.376395,19.536751,19.169268,19.363031,15609800,Yahoo Finance
2010-01-11,19.376403,19.389766,18.761703,18.815155,23670500,Yahoo Finance
2010-01-12,18.808469,18.942100,18.634750,18.694883,23075800,Yahoo Finance
2010-01-13,18.708252,18.875289,18.708252,18.795111,15639100,Yahoo Finance
2010-01-14,18.788423,19.002232,18.788423,18.908689,13208200,Yahoo Finance
2010-01-15,18.915373,19.169271,18.708246,19.089092,23013500,Yahoo Finance
2010-01-19,19.015599,19.342994,18.942103,19.296223,14170100,Yahoo Finance
2010-01-20,19.175956,19.269497,18.942102,19.149229,13256400,Yahoo Finance
2010-01-21,19.129178,19.416483,18.922051,19.028955,18900600,Yahoo Finance
2010-01-22,18.868603,19.075730,18.494439,18.521164,16696600,Yahoo Finance
2010-01-25,18.674845,18.674845,18.380858,18.454355,11098400,Yahoo Finance
2010-01-26,18.374171,18.674840,18.374171,18.527845,13275800,Yahoo Finance
2010-01-27,18.454346,18.654791,18.367486,18.601339,12821800,Yahoo Finance
2010-01-28,18.661477,18.674840,18.167045,18.267267,19430400,Yahoo Finance
2010-01-29,18.420944,18.768384,18.293995,18.714931,22453800,Yahoo Finance
2010-02-01,18.714925,19.008912,18.648110,18.968822,17172100,Yahoo Finance
2010-02-02,18.968832,19.409812,18.908698,19.396450,19640800,Yahoo Finance
2010-02-03,19.336310,19.336310,18.881967,19.022278,19437300,Yahoo Finance
2010-02-04,18.868611,19.062375,18.601350,18.661484,19813600,Yahoo Finance
2010-02-05,18.608024,18.755017,18.394216,18.694883,20229400,Yahoo Finance
2010-02-08,19.062368,19.336310,19.022278,19.102457,26005400,Yahoo Finance
2010-02-09,19.289545,19.436538,19.089099,19.289545,18057700,Yahoo Finance
2010-02-10,19.269485,19.349663,18.975498,19.142536,14481500,Yahoo Finance
2010-02-11,19.182630,19.423165,19.069045,19.369713,14614200,Yahoo Finance
2010-02-12,19.209366,19.376404,19.075735,19.376404,15027700,Yahoo Finance
2010-02-16,19.456573,19.710470,19.329624,19.670382,13317200,Yahoo Finance
2010-02-17,19.884195,20.084640,19.877513,20.057915,21524600,Yahoo Finance
2010-02-18,20.057917,20.298451,19.957695,20.244999,16564800,Yahoo Finance
2010-02-19,20.184870,20.345227,20.044559,20.144781,18576300,Yahoo Finance
2010-02-22,20.311814,20.412036,20.178184,20.258362,16101000,Yahoo Finance
2010-02-23,20.418715,20.732747,20.278403,20.545664,35770100,Yahoo Finance
2010-02-24,20.565706,20.993322,20.538979,20.953234,22937500,Yahoo Finance
2010-02-25,20.759469,21.013367,20.706017,20.953234,15049200,Yahoo Finance
2010-02-26,20.953235,20.953235,20.679293,20.846331,13879200,Yahoo Finance
2010-03-01,20.873064,21.080191,20.772842,21.000013,14182000,Yahoo Finance
2010-03-02,20.973277,21.100227,20.893100,20.953234,15189500,Yahoo Finance
2010-03-03,21.000010,21.253907,20.926513,21.026735,13900900,Yahoo Finance
2010-03-04,21.073506,21.100232,20.913149,21.006691,13777600,Yahoo Finance
2010-03-05,21.080187,21.320722,21.040098,21.247225,18768700,Yahoo Finance
2010-03-08,21.167058,21.407593,21.167058,21.354139,11048000,Yahoo Finance
2010-03-09,21.337981,21.506262,21.317787,21.324518,15127700,Yahoo Finance
2010-03-10,21.263932,21.459136,21.169695,21.344706,10532400,Yahoo Finance
2010-03-11,21.257199,21.687998,21.216812,21.627417,15316800,Yahoo Finance
2010-03-12,21.694733,21.943788,21.620690,21.842821,14953600,Yahoo Finance
2010-03-15,21.869738,22.017823,21.728380,22.004360,12049100,Yahoo Finance
2010-03-16,21.950518,22.085143,21.775505,21.910130,13690400,Yahoo Finance
2010-03-17,21.869740,21.970707,21.768770,21.889933,14730700,Yahoo Finance
2010-03-18,21.842816,21.916860,21.694728,21.809160,17763500,Yahoo Finance
2010-03-19,21.782232,21.923587,21.607219,21.782232,22430600,Yahoo Finance
2010-03-22,21.634154,22.071684,21.634154,21.990908,11737300,Yahoo Finance
2010-03-23,21.937048,21.963973,21.721649,21.937048,11511400,Yahoo Finance
2010-03-24,21.836084,21.943783,21.701462,21.755310,11804400,Yahoo Finance
2010-03-25,21.876473,22.159183,21.849547,21.957247,12956600,Yahoo Finance
2010-03-26,21.990899,22.199568,21.963976,22.044750,12346300,Yahoo Finance
2010-03-29,22.064951,22.138995,21.876477,21.943789,8929400,Yahoo Finance
2010-03-30,21.916856,22.132255,21.876468,22.004360,8666400,Yahoo Finance
2010-03-31,21.903404,21.970715,21.674542,21.775509,10342100,Yahoo Finance
2010-04-01,21.815895,21.963983,21.647614,21.795702,9432500,Yahoo Finance
2010-04-05,21.775496,22.038016,21.647604,21.984165,11381200,Yahoo Finance
2010-04-06,21.957248,22.031292,21.822623,21.910130,9399600,Yahoo Finance
2010-04-07,21.876474,22.024562,21.795700,21.950518,11070100,Yahoo Finance
2010-04-08,21.849543,22.266881,21.809157,22.192837,13825000,Yahoo Finance
2010-04-09,22.233228,22.482285,22.105335,22.381315,13060700,Yahoo Finance
2010-04-12,22.361122,22.596714,22.307271,22.536133,12251500,Yahoo Finance
2010-04-13,22.489015,23.303492,22.489015,23.115019,30322500,Yahoo Finance
2010-04-14,23.101556,23.606398,23.088093,23.545816,24720700,Yahoo Finance
2010-04-15,23.518896,23.660253,23.384273,23.653521,17975700,Yahoo Finance
2010-04-16,23.552551,23.613132,23.364075,23.566011,28512200,Yahoo Finance
2010-04-19,23.505424,23.741018,23.384264,23.673704,17571800,Yahoo Finance
2010-04-20,23.774672,23.889104,23.566003,23.680435,14848400,Yahoo Finance
2010-04-21,23.660250,23.855454,23.619862,23.741024,19597400,Yahoo Finance
2010-04-22,23.660251,24.158360,23.579474,24.043930,21648900,Yahoo Finance
2010-04-23,24.070851,24.528574,24.030465,24.494919,21336400,Yahoo Finance
2010-04-26,24.582430,24.925721,24.542041,24.562237,22057300,Yahoo Finance
2010-04-27,24.488193,24.488193,23.700639,23.754490,20588400,Yahoo Finance
2010-04-28,23.848728,23.996816,23.579478,23.687178,19371600,Yahoo Finance
2010-04-29,23.862188,24.205479,23.828532,23.936232,16263800,Yahoo Finance
2010-04-30,24.030466,24.225672,23.714098,23.714098,15800700,Yahoo Finance
2010-05-03,23.821786,24.272779,23.673698,24.144884,12644500,Yahoo Finance
2010-05-04,23.936229,23.956422,23.417924,23.841990,25531100,Yahoo Finance
2010-05-05,23.714093,24.010265,23.579468,23.720825,24373800,Yahoo Finance
2010-05-06,23.505435,23.815073,21.587037,22.859238,31183100,Yahoo Finance
2010-05-07,22.711146,23.101556,21.963980,22.502478,28620700,Yahoo Finance
2010-05-10,23.316959,23.828534,23.276574,23.754490,21683400,Yahoo Finance
2010-05-11,23.646788,24.205478,23.606399,23.983349,26625400,Yahoo Finance
2010-05-12,24.010266,24.192009,23.815063,24.158354,19130600,Yahoo Finance
2010-05-13,24.131434,24.232403,23.640055,23.741024,20229800,Yahoo Finance
2010-05-14,23.734285,23.875642,23.397724,23.693899,22621300,Yahoo Finance
2010-05-17,23.539082,24.023728,22.940004,23.956417,33494400,Yahoo Finance
2010-05-18,24.104512,24.434341,23.040978,23.377539,49088700,Yahoo Finance
2010-05-19,23.141939,23.269831,22.650560,23.141939,27200100,Yahoo Finance
2010-05-20,22.657299,22.812117,22.071683,22.138994,29536800,Yahoo Finance
2010-05-21,21.714923,22.536133,21.708193,22.226498,36007500,Yahoo Finance
2010-05-24,22.112059,22.596708,22.051478,22.361116,24263400,Yahoo Finance
2010-05-25,21.903395,22.913078,21.822619,22.872690,30507700,Yahoo Finance
2010-05-26,23.256371,23.525621,22.839036,22.913080,25393100,Yahoo Finance
2010-05-27,23.229441,23.343873,23.007312,23.256367,16379300,Yahoo Finance
2010-05-28,23.269838,23.316956,22.764996,22.791922,17549000,Yahoo Finance
2010-06-01,22.653636,23.162021,22.518069,22.734980,17273700,Yahoo Finance
2010-06-02,22.789210,22.965451,22.633305,22.958672,14262300,Yahoo Finance
2010-06-03,22.979001,23.087456,22.484170,22.660412,15651600,Yahoo Finance
2010-06-04,22.287602,22.301159,21.650426,21.792774,20061800,Yahoo Finance
2010-06-07,21.867335,21.975790,21.352173,21.386065,20853000,Yahoo Finance
2010-06-08,21.372511,21.596200,21.182713,21.562307,16153400,Yahoo Finance
2010-06-09,21.602977,21.962237,21.433516,21.528414,15788600,Yahoo Finance
2010-06-10,21.853774,22.206252,21.752096,22.179140,15343000,Yahoo Finance
2010-06-11,21.901226,22.030016,21.541967,21.840219,13693000,Yahoo Finance
2010-06-14,22.016464,22.124919,21.684319,21.731770,20280100,Yahoo Finance
2010-06-15,21.752100,21.948676,21.386062,21.867332,19748300,Yahoo Finance
2010-06-16,21.663979,21.867333,21.474183,21.785992,16321600,Yahoo Finance
2010-06-17,21.819889,21.894452,21.318284,21.630093,23934100,Yahoo Finance
2010-06-18,21.657198,21.887666,21.548743,21.650419,19785600,Yahoo Finance
2010-06-21,21.806327,21.826664,21.175931,21.304722,16599700,Yahoo Finance
2010-06-22,21.325051,21.419950,20.694655,20.748882,22902300,Yahoo Finance
2010-06-23,20.728552,20.870900,20.518420,20.674324,24796400,Yahoo Finance
2010-06-24,20.430293,20.464186,20.043921,20.111706,28837400,Yahoo Finance
2010-06-25,20.050710,20.504868,20.050710,20.470976,43592400,Yahoo Finance
2010-06-28,20.437081,20.491309,20.050709,20.057487,15451400,Yahoo Finance
2010-06-29,19.759226,19.759226,19.264399,19.406746,22817400,Yahoo Finance
2010-06-30,19.338969,19.562658,18.972931,19.027159,20940900,Yahoo Finance
2010-07-01,19.257625,19.318631,18.634006,18.925480,27119600,Yahoo Finance
2010-07-02,18.986482,18.986482,18.695008,18.817020,15404500,Yahoo Finance
2010-07-06,18.972930,19.067828,18.369647,18.532330,18300200,Yahoo Finance
2010-07-07,18.634008,19.040716,18.511995,18.986488,21796200,Yahoo Finance
2010-07-08,19.216951,19.237285,18.789907,19.081381,15975800,Yahoo Finance
2010-07-09,19.047491,19.196617,18.932257,19.155947,13507400,Yahoo Finance
2010-07-12,19.135609,19.494868,19.135609,19.189837,14259400,Yahoo Finance
2010-07-13,19.311855,19.616887,19.176287,19.413532,22058600,Yahoo Finance
2010-07-14,19.352526,19.352526,19.040717,19.169508,13638600,Yahoo Finance
2010-07-15,19.128840,19.257631,18.925486,19.210182,13535300,Yahoo Finance
2010-07-16,19.081385,19.169505,18.335753,18.376425,21870900,Yahoo Finance
2010-07-19,18.410316,18.478101,18.200184,18.349310,17061600,Yahoo Finance
2010-07-20,18.132399,19.000044,18.044280,18.932259,23279400,Yahoo Finance
2010-07-21,18.830579,18.986483,18.539104,18.620445,17161300,Yahoo Finance
2010-07-22,18.783128,19.298292,18.783128,19.128830,26142700,Yahoo Finance
2010-07-23,19.074608,19.223735,18.911925,19.149172,18979200,Yahoo Finance
2010-07-26,19.142387,19.705000,19.135609,19.650772,16149800,Yahoo Finance
2010-07-27,19.813460,19.908360,19.345747,19.372860,14851100,Yahoo Finance
2010-07-28,19.372855,19.623659,18.979704,19.033932,13917900,Yahoo Finance
2010-07-29,19.162726,19.332188,18.823803,19.013599,15504300,Yahoo Finance
2010-07-30,18.810255,19.359310,18.728912,19.325418,14837700,Yahoo Finance
2010-08-02,19.535544,19.820240,19.440646,19.738899,17882200,Yahoo Finance
2010-08-03,19.718564,19.779570,19.257628,19.284742,11724700,Yahoo Finance
2010-08-04,19.393192,19.610103,19.325407,19.467754,10987700,Yahoo Finance
2010-08-05,19.332190,19.610107,19.203398,19.460979,9101200,Yahoo Finance
2010-08-06,19.338967,19.440643,19.122055,19.440643,11372800,Yahoo Finance
2010-08-09,19.501644,19.637213,19.440638,19.454195,8354900,Yahoo Finance
2010-08-10,19.250843,19.332185,18.993262,19.142387,13866400,Yahoo Finance
2010-08-11,18.932262,19.020381,18.708572,18.783134,11672600,Yahoo Finance
2010-08-12,18.661116,18.810242,18.511989,18.715343,9886800,Yahoo Finance
2010-08-13,18.647569,18.783138,18.484886,18.511999,9316000,Yahoo Finance
2010-08-16,18.640783,19.027155,18.491657,18.559441,12152400,Yahoo Finance
2010-08-17,19.000040,19.521981,18.783128,19.189837,22537900,Yahoo Finance
2010-08-18,19.216956,19.657556,19.196620,19.562658,13733000,Yahoo Finance
2010-08-19,19.359298,19.555874,18.959368,19.128830,14149300,Yahoo Finance
2010-08-20,19.033936,19.196619,18.905145,19.094942,12430300,Yahoo Finance
2010-08-23,19.359297,19.413525,18.844134,18.864470,11447300,Yahoo Finance
2010-08-24,18.674685,19.033945,18.369655,18.830591,16615700,Yahoo Finance
2010-08-25,18.701791,19.318632,18.701791,19.203398,14357500,Yahoo Finance
2010-08-26,19.244072,19.359306,19.162731,19.237293,12712200,Yahoo Finance
2010-08-27,19.332186,19.549097,19.155946,19.481312,12750900,Yahoo Finance
2010-08-30,19.481324,19.521994,18.966160,18.972939,9632800,Yahoo Finance
2010-08-31,18.888163,19.195788,18.833474,19.018049,12408200,Yahoo Finance
2010-09-01,19.195787,19.646970,19.182114,19.599117,12772500,Yahoo Finance
2010-09-02,19.660647,20.200699,19.646975,20.104994,14321400,Yahoo Finance
2010-09-03,20.446793,20.727073,20.180186,20.405777,12769800,Yahoo Finance
2010-09-07,20.275894,20.371599,20.016122,20.050303,8605900,Yahoo Finance
2010-09-08,20.043462,20.241709,20.016118,20.132332,9560100,Yahoo Finance
2010-09-09,20.357930,20.433127,20.029796,20.104994,7879000,Yahoo Finance
2010-09-10,20.152841,20.357925,20.132334,20.289564,7330900,Yahoo Finance
2010-09-13,20.467296,20.610854,20.351082,20.501476,9961400,Yahoo Finance
2010-09-14,20.528828,20.665549,20.426285,20.487810,14073800,Yahoo Finance
2010-09-15,20.357921,20.515151,20.269051,20.467299,9804100,Yahoo Finance
2010-09-16,20.426281,20.542494,20.303232,20.474134,9352500,Yahoo Finance
2010-09-17,20.542496,20.638203,20.371594,20.433119,13015200,Yahoo Finance
2010-09-20,20.535658,21.014185,20.439952,20.952660,11541200,Yahoo Finance
2010-09-21,21.048369,21.376502,20.980008,21.130402,13833500,Yahoo Finance
2010-09-22,21.014198,21.342331,21.014198,21.109903,11663500,Yahoo Finance
2010-09-23,20.925318,21.253451,20.904809,21.082548,16047000,Yahoo Finance
2010-09-24,21.376507,21.663624,21.355998,21.629442,11421600,Yahoo Finance
2010-09-27,21.677287,21.772993,21.492713,21.602091,7991000,Yahoo Finance
2010-09-28,21.629436,21.909716,21.438025,21.745649,12505200,Yahoo Finance
2010-09-29,21.697797,21.827683,21.643108,21.745649,9178300,Yahoo Finance
2010-09-30,21.793509,22.032773,21.615772,21.656788,11401200,Yahoo Finance
2010-10-01,21.745657,21.902888,21.636279,21.752493,8648800,Yahoo Finance
2010-10-04,21.677290,21.861865,21.554241,21.649946,10321100,Yahoo Finance
2010-10-05,21.431194,21.827688,21.362833,21.697802,15975000,Yahoo Finance
2010-10-06,21.718310,21.786672,21.561080,21.697802,9957300,Yahoo Finance
2010-10-07,21.766163,21.950738,21.595260,21.697802,13163400,Yahoo Finance
2010-10-08,21.759321,21.971239,21.670452,21.800337,10578500,Yahoo Finance
2010-10-11,21.800341,21.800341,21.622602,21.731981,8358700,Yahoo Finance
2010-10-12,21.697801,21.725146,21.362832,21.472210,12539000,Yahoo Finance
2010-10-13,21.622609,21.636281,21.150918,21.191935,15267600,Yahoo Finance
2010-10-14,21.239781,21.321815,20.856960,21.062042,11242500,Yahoo Finance
2010-10-15,21.191930,21.246618,20.795435,20.986847,12945300,Yahoo Finance
2010-10-18,20.959501,21.021026,20.631368,20.870632,10701300,Yahoo Finance
2010-10-19,20.713403,21.034701,20.679223,20.788601,12047100,Yahoo Finance
2010-10-20,20.863791,21.171415,20.733905,21.007349,18500800,Yahoo Finance
2010-10-21,21.116728,21.902881,21.109891,21.745649,22203300,Yahoo Finance
2010-10-22,21.718309,21.752489,21.465373,21.520061,9102000,Yahoo Finance
2010-10-25,21.479050,21.759331,21.410689,21.465378,8561300,Yahoo Finance
2010-10-26,21.376510,21.540576,21.191935,21.390182,9277900,Yahoo Finance
2010-10-27,21.226109,21.226109,20.815944,21.123568,11575100,Yahoo Finance
2010-10-28,21.314983,21.383344,21.109899,21.321819,7932400,Yahoo Finance
2010-10-29,21.253454,21.314979,21.103060,21.123568,9499200,Yahoo Finance
2010-11-01,21.191927,21.403846,20.891138,20.993679,8229900,Yahoo Finance
2010-11-02,21.191932,21.855033,21.178259,21.540573,15092700,Yahoo Finance
2010-11-03,21.608928,21.636272,21.219271,21.506386,9073300,Yahoo Finance
2010-11-04,21.759328,21.861870,21.711476,21.834526,11096000,Yahoo Finance
2010-11-05,21.841361,22.073789,21.718311,21.820852,10750000,Yahoo Finance
2010-11-08,21.622601,21.629437,21.328649,21.526896,9696400,Yahoo Finance
2010-11-09,21.520064,21.540573,21.314981,21.513227,10268600,Yahoo Finance
2010-11-10,21.520065,21.670460,21.362835,21.656788,11175200,Yahoo Finance
2010-11-11,21.444861,21.827682,21.417516,21.670452,9226300,Yahoo Finance
2010-11-12,21.513225,21.711473,21.431193,21.492718,10594800,Yahoo Finance
2010-11-15,21.485881,21.855030,21.431192,21.458536,9645900,Yahoo Finance
2010-11-16,21.670453,22.436096,21.561076,21.677288,25568500,Yahoo Finance
2010-11-17,21.643113,21.677293,20.966338,21.075716,19411800,Yahoo Finance
2010-11-18,21.185096,21.253457,21.021030,21.103064,26258300,Yahoo Finance
2010-11-19,21.055201,21.342318,21.055201,21.342318,25364400,Yahoo Finance
2010-11-22,21.226109,21.431193,21.109895,21.253454,23205700,Yahoo Finance
2010-11-23,21.178254,21.191927,21.075713,21.130402,11698400,Yahoo Finance
2010-11-24,21.314980,21.431194,21.246619,21.301308,9748600,Yahoo Finance
2010-11-26,21.137246,21.301312,21.089393,21.191935,4182200,Yahoo Finance
2010-11-29,21.103065,21.137245,20.733915,20.980015,11838700,Yahoo Finance
2010-11-30,20.708578,21.087479,20.653466,20.811914,12889600,Yahoo Finance
2010-12-01,21.080585,21.872829,21.080585,21.776382,17102400,Yahoo Finance
2010-12-02,21.783277,23.099091,21.783277,22.981977,25843400,Yahoo Finance
2010-12-03,22.857972,23.119758,22.733968,23.064644,16353500,Yahoo Finance
2010-12-06,23.043975,23.112865,22.940638,22.968195,9357000,Yahoo Finance
2010-12-07,23.195541,23.374659,23.092207,23.112873,12615800,Yahoo Finance
2010-12-08,23.037090,23.526217,23.016424,23.443546,11406300,Yahoo Finance
2010-12-09,23.836227,23.939564,23.340215,23.643333,15158700,Yahoo Finance
2010-12-10,23.712218,23.787999,23.526215,23.698442,11475700,Yahoo Finance
2010-12-13,23.698437,23.870664,23.657102,23.808662,12755700,Yahoo Finance
2010-12-14,23.843110,24.042894,23.746663,23.918890,11134100,Yahoo Finance
2010-12-15,23.815547,24.173780,23.801769,23.967108,13972800,Yahoo Finance
2010-12-16,24.001563,24.263348,23.898225,24.194456,11193300,Yahoo Finance
2010-12-17,24.104905,24.297799,24.063570,24.180683,17797200,Yahoo Finance
2010-12-20,24.284010,24.449349,24.153118,24.249565,8956500,Yahoo Finance
2010-12-21,24.359794,24.449353,24.160010,24.166901,7002600,Yahoo Finance
2010-12-22,24.222010,24.352901,24.118673,24.235788,6448100,Yahoo Finance
2010-12-23,24.201347,24.387352,24.132455,24.173790,6238800,Yahoo Finance
2010-12-27,24.070448,24.394236,23.939556,24.277122,5111100,Yahoo Finance
2010-12-28,24.263349,24.318460,24.091122,24.173790,4081700,Yahoo Finance
2010-12-29,24.160009,24.318457,24.036005,24.036005,6126800,Yahoo Finance
2010-12-30,23.967108,24.153113,23.939551,24.015331,6563300,Yahoo Finance
2010-12-31,23.932668,24.166897,23.856887,24.153118,5411300,Yahoo Finance
2011-01-03,24.249564,24.504459,24.242673,24.325344,7464300,Yahoo Finance
2011-01-04,24.297790,24.497574,23.863777,23.884443,14359700,Yahoo Finance
2011-01-05,23.849995,24.022222,23.719104,23.808662,11479400,Yahoo Finance
2011-01-06,23.856884,23.973997,23.588211,23.712212,11526700,Yahoo Finance
2011-01-07,23.712226,23.836229,23.546889,23.684671,11735800,Yahoo Finance
2011-01-10,23.533099,23.746661,23.471097,23.691547,9825600,Yahoo Finance
2011-01-11,23.843104,24.256448,23.760436,24.015331,12408600,Yahoo Finance
2011-01-12,23.974009,24.160015,23.877563,23.994678,8963300,Yahoo Finance
2011-01-13,23.980893,24.304678,23.912001,24.297791,10713100,Yahoo Finance
2011-01-14,24.187554,24.800681,24.125552,24.724901,13844200,Yahoo Finance
2011-01-18,24.780025,24.945362,24.704245,24.814470,10765000,Yahoo Finance
2011-01-19,24.800698,24.800698,24.442466,24.545803,9110300,Yahoo Finance
2011-01-20,24.621573,25.241589,24.614683,25.138254,13483000,Yahoo Finance
2011-01-21,25.365593,25.482709,25.124477,25.152031,11886200,Yahoo Finance
2011-01-24,25.117588,25.248482,25.007362,25.248482,8884200,Yahoo Finance
2011-01-25,25.152037,25.613607,25.062481,25.599829,14228300,Yahoo Finance
2011-01-26,25.606713,26.164730,25.592937,25.778940,14228300,Yahoo Finance
2011-01-27,25.840946,26.261181,25.772056,26.164734,10722100,Yahoo Finance
2011-01-28,26.102732,26.150955,25.234709,25.282932,12588000,Yahoo Finance
2011-01-31,25.579169,25.613614,25.179601,25.331161,11189800,Yahoo Finance
2011-02-01,25.448268,25.579162,25.145149,25.482716,9623200,Yahoo Finance
2011-02-02,25.289808,25.462035,25.062470,25.186474,7782400,Yahoo Finance
2011-02-03,25.200264,25.524049,25.124484,25.282932,5664700,Yahoo Finance
2011-02-04,25.324265,25.592941,25.158928,25.351822,7559900,Yahoo Finance
2011-02-07,25.351813,25.406927,25.193365,25.214031,7046400,Yahoo Finance
2011-02-08,25.234708,25.675609,25.083148,25.599829,6137400,Yahoo Finance
2011-02-09,25.537828,25.627387,25.468939,25.606718,6812400,Yahoo Finance
2011-02-10,25.586057,25.799619,25.530946,25.703173,6009500,Yahoo Finance
2011-02-11,25.510273,25.820282,25.262265,25.820282,10053400,Yahoo Finance
2011-02-14,25.813389,25.944281,25.675607,25.889170,9070800,Yahoo Finance
2011-02-15,25.896051,25.992498,25.710046,25.964941,6538400,Yahoo Finance
2011-02-16,25.999392,26.240508,25.896054,26.082060,6801500,Yahoo Finance
2011-02-17,26.061396,26.330070,25.909836,26.302513,8196500,Yahoo Finance
2011-02-18,26.268075,26.522970,26.171628,26.509192,12894800,Yahoo Finance
2011-02-22,27.074083,27.129197,26.013164,26.240505,20604500,Yahoo Finance
2011-02-23,26.185384,26.371390,25.420699,25.696260,15127800,Yahoo Finance
2011-02-24,25.648048,25.951167,25.338039,25.586046,9342800,Yahoo Finance
2011-02-25,25.627376,25.820270,25.338034,25.544708,9723700,Yahoo Finance
2011-02-28,25.592935,25.861608,25.530933,25.813385,9736700,Yahoo Finance
2011-03-01,25.586041,25.985609,25.276032,25.324255,10015500,Yahoo Finance
2011-03-02,25.214039,25.482716,25.028037,25.255375,12677300,Yahoo Finance
2011-03-03,25.503376,25.916719,25.455152,25.868496,8060300,Yahoo Finance
2011-03-04,25.799608,26.082060,25.338038,25.641159,9269600,Yahoo Finance
2011-03-07,25.668717,25.971839,25.372489,25.400043,8888200,Yahoo Finance
2011-03-08,25.469407,25.843955,25.344557,25.691362,14254200,Yahoo Finance
2011-03-09,25.726050,26.204641,25.601200,26.128344,9339800,Yahoo Finance
2011-03-10,25.906386,26.010428,25.622005,25.712175,8897300,Yahoo Finance
2011-03-11,25.684425,25.906381,25.434725,25.760723,7729400,Yahoo Finance
2011-03-14,25.608129,25.622002,25.164218,25.441664,8729100,Yahoo Finance
2011-03-15,24.900638,25.358422,24.845148,25.171146,8897300,Yahoo Finance
2011-03-16,25.067113,25.150346,24.574650,24.748053,13998700,Yahoo Finance
2011-03-17,25.018562,25.060179,24.630138,24.803541,9726300,Yahoo Finance
2011-03-18,24.997752,25.157282,24.803539,24.970007,11368200,Yahoo Finance
2011-03-21,25.171158,25.455538,25.164220,25.268263,7704500,Yahoo Finance
2011-03-22,25.219699,25.400037,25.150336,25.171146,6506200,Yahoo Finance
2011-03-23,25.025492,25.441657,24.990809,25.400040,8496900,Yahoo Finance
2011-03-24,25.559564,26.183815,25.517949,25.913307,9999300,Yahoo Finance
2011-03-25,25.948000,26.232381,25.899448,25.954935,7611400,Yahoo Finance
2011-03-28,25.982682,26.017362,25.400048,25.420858,8585300,Yahoo Finance
2011-03-29,25.920254,26.225445,25.767661,26.149147,18370800,Yahoo Finance
2011-03-30,26.052027,26.246237,25.809262,26.058962,7722000,Yahoo Finance
2011-03-31,25.864755,25.982668,25.531822,25.705225,8917300,Yahoo Finance
2011-04-01,25.746853,26.267062,25.635876,26.052044,9247500,Yahoo Finance
2011-04-04,25.996548,26.169950,25.823145,25.989613,6571700,Yahoo Finance
2011-04-05,25.850888,26.246247,25.837016,26.079779,10098700,Yahoo Finance
2011-04-06,26.149143,26.211568,25.809272,26.010420,10077900,Yahoo Finance
2011-04-07,25.968791,26.287854,25.830071,26.239302,10395700,Yahoo Finance
2011-04-08,26.287868,26.329483,25.830085,25.982677,9848100,Yahoo Finance
2011-04-11,25.975739,26.315607,25.941059,26.079779,7032900,Yahoo Finance
2011-04-12,25.954926,26.350287,25.913311,26.190754,8542600,Yahoo Finance
2011-04-13,26.246259,26.336429,25.781538,26.128344,10337800,Yahoo Finance
2011-04-14,26.079788,26.336426,25.975748,26.246256,6608300,Yahoo Finance
2011-04-15,26.322545,26.634671,26.315607,26.475138,10440600,Yahoo Finance
2011-04-18,26.204626,26.232372,25.809268,26.190754,8250600,Yahoo Finance
2011-04-19,26.280931,26.371101,26.058976,26.197699,7023300,Yahoo Finance
2011-04-20,26.551435,26.710965,26.246247,26.315607,8887400,Yahoo Finance
2011-04-21,26.405775,26.475136,26.038162,26.218500,8406800,Yahoo Finance
2011-04-25,26.086724,26.156084,25.864769,26.052044,8594000,Yahoo Finance
2011-04-26,25.857822,26.045097,25.621994,25.809269,14100000,Yahoo Finance
2011-04-27,25.871702,26.045105,25.649746,25.885574,12615000,Yahoo Finance
2011-04-28,25.781527,26.128333,25.774592,25.989613,9730800,Yahoo Finance
2011-04-29,25.982678,26.052041,25.677490,25.767660,15945000,Yahoo Finance
2011-05-02,25.968803,26.128333,25.788465,25.906378,7918500,Yahoo Finance
2011-05-03,25.719105,25.954930,25.705233,25.906378,8833000,Yahoo Finance
2011-05-04,25.871698,26.093654,25.732976,25.795401,11319900,Yahoo Finance
2011-05-05,25.663616,25.961869,25.511021,25.670551,13661700,Yahoo Finance
2011-05-06,25.899440,25.996545,25.504082,25.656677,10677800,Yahoo Finance
2011-05-09,25.615061,25.726038,25.455530,25.635868,6550000,Yahoo Finance
2011-05-10,25.587329,25.920263,25.587329,25.850903,6818400,Yahoo Finance
2011-05-11,25.670548,25.899441,25.608123,25.823143,9594900,Yahoo Finance
2011-05-12,25.767666,25.961876,25.580390,25.864771,9749400,Yahoo Finance
2011-05-13,25.878637,25.913317,25.511021,25.670551,8666600,Yahoo Finance
2011-05-16,25.448590,25.878631,25.351485,25.649738,11603500,Yahoo Finance
2011-05-17,25.906382,26.315613,25.795404,25.941065,17428400,Yahoo Finance
2011-05-18,25.899445,26.038168,25.767660,25.982677,9069300,Yahoo Finance
2011-05-19,25.975745,25.975745,25.726045,25.934128,7015200,Yahoo Finance
2011-05-20,25.885577,25.920257,25.594261,25.698301,8154000,Yahoo Finance
2011-05-23,25.448597,25.663617,25.337619,25.538767,9662800,Yahoo Finance
2011-05-24,25.573449,25.587322,25.289069,25.351494,10580400,Yahoo Finance
2011-05-25,25.351487,25.462464,25.191956,25.406977,12316900,Yahoo Finance
2011-05-26,25.282132,25.434724,25.046304,25.101791,8083300,Yahoo Finance
2011-05-27,25.219707,25.261322,24.907582,24.970007,9596500,Yahoo Finance
2011-05-31,25.094857,25.164217,24.983879,25.164217,8628100,Yahoo Finance
2011-06-01,25.053231,25.150336,24.553833,24.553833,10483000,Yahoo Finance
2011-06-02,24.449797,24.491415,24.075246,24.338820,11346600,Yahoo Finance
2011-06-03,24.012826,24.179294,23.881041,24.019764,8840300,Yahoo Finance
2011-06-06,23.950393,24.144606,23.783928,23.783928,7485400,Yahoo Finance
2011-06-07,23.901845,24.290269,23.797805,23.811678,9335000,Yahoo Finance
2011-06-08,23.721506,23.804739,23.596656,23.652143,9432400,Yahoo Finance
2011-06-09,23.672955,23.971208,23.659083,23.811678,6934100,Yahoo Finance
2011-06-10,23.700698,23.756188,23.180489,23.215172,12388200,Yahoo Finance
2011-06-13,23.208227,23.499545,23.173547,23.242907,11743300,Yahoo Finance
2011-06-14,23.662213,24.340074,23.557388,24.284166,17534700,Yahoo Finance
2011-06-15,24.004637,24.088498,23.634261,23.676191,14608600,Yahoo Finance
2011-06-16,23.808968,24.305133,23.767037,24.109463,14084900,Yahoo Finance
2011-06-17,24.256211,24.409954,23.976683,24.130423,18322400,Yahoo Finance
2011-06-20,23.962706,24.444894,23.955716,24.298141,7866600,Yahoo Finance
2011-06-21,24.381990,24.780319,24.179330,24.759356,14805200,Yahoo Finance
2011-06-22,24.647555,24.738403,24.382000,24.409954,9901700,Yahoo Finance
2011-06-23,24.158377,24.927083,24.137413,24.913109,17098000,Yahoo Finance
2011-06-24,24.892142,24.941059,24.514778,24.514778,15738100,Yahoo Finance
2011-06-27,24.479833,24.731410,24.235245,24.598635,8424900,Yahoo Finance
2011-06-28,24.696474,25.353369,24.640567,25.199629,17004200,Yahoo Finance
2011-06-29,25.262518,25.374330,25.010941,25.143717,12298200,Yahoo Finance
2011-06-30,25.290469,25.374330,25.115763,25.311436,11945200,Yahoo Finance
2011-07-01,25.360361,25.828572,25.339394,25.667843,9777900,Yahoo Finance
2011-07-05,25.597948,25.751687,25.458182,25.569994,9938900,Yahoo Finance
2011-07-06,25.472166,25.674826,25.381318,25.556025,7031700,Yahoo Finance
2011-07-07,25.730729,26.031224,25.681812,25.891459,9850200,Yahoo Finance
2011-07-08,25.583969,25.639873,25.374322,25.590956,9822700,Yahoo Finance
2011-07-11,25.339378,25.618909,25.269496,25.409262,8283800,Yahoo Finance
2011-07-12,25.437222,25.681809,25.227572,25.234562,8931500,Yahoo Finance
2011-07-13,25.395299,25.597959,25.199629,25.248547,10563600,Yahoo Finance
2011-07-14,25.297463,25.535063,25.031909,25.129744,10861100,Yahoo Finance
2011-07-15,25.220588,25.220588,24.801294,25.094799,9923500,Yahoo Finance
2011-07-18,25.031894,25.122742,24.696458,24.941046,6908300,Yahoo Finance
2011-07-19,25.052866,25.346374,24.969008,25.234562,9689400,Yahoo Finance
2011-07-20,25.318427,25.563017,25.101790,25.444216,11320700,Yahoo Finance
2011-07-21,25.556026,26.003273,25.528072,25.660851,12431800,Yahoo Finance
2011-07-22,25.646880,25.730738,25.416267,25.521091,8011500,Yahoo Finance
2011-07-25,25.416262,25.835558,25.325417,25.611935,8622300,Yahoo Finance
2011-07-26,25.570004,25.828569,25.416262,25.430239,9886700,Yahoo Finance
2011-07-27,25.374337,25.409278,24.843228,24.899136,12291900,Yahoo Finance
2011-07-28,24.899130,25.234565,24.500800,24.563694,13821200,Yahoo Finance
2011-07-29,24.291152,24.626591,24.200307,24.409954,12097800,Yahoo Finance
2011-08-01,24.507790,24.507790,23.676189,23.934753,14037800,Yahoo Finance
2011-08-02,23.662205,23.760040,22.914463,22.935427,18396800,Yahoo Finance
2011-08-03,22.963387,23.047245,22.606985,23.026281,14224700,Yahoo Finance
2011-08-04,22.648909,22.865546,22.145756,22.152744,18946100,Yahoo Finance
2011-08-05,22.411311,22.467219,21.398016,21.481874,36483500,Yahoo Finance
2011-08-08,21.048597,21.209326,20.210007,20.216995,38047000,Yahoo Finance
2011-08-09,20.461597,21.146446,19.657947,21.069574,26132600,Yahoo Finance
2011-08-10,20.489544,20.727145,19.874579,19.923496,23457600,Yahoo Finance
2011-08-11,19.797707,21.244274,19.790719,20.999685,20127300,Yahoo Finance
2011-08-12,21.132463,21.418981,20.817993,21.370064,18736700,Yahoo Finance
2011-08-15,21.425968,21.992016,21.293191,21.985027,15899400,Yahoo Finance
2011-08-16,23.082179,23.347733,22.837591,23.145073,28972400,Yahoo Finance
2011-08-17,23.445573,23.753058,23.005313,23.347738,16303100,Yahoo Finance
2011-08-18,22.655906,22.928450,22.187694,22.474213,18497300,Yahoo Finance
2011-08-19,22.257568,22.963381,22.215639,22.278532,15469100,Yahoo Finance
2011-08-22,22.641922,22.788675,22.383355,22.558062,12720900,Yahoo Finance
2011-08-23,22.683851,23.166042,22.537099,23.138088,12545000,Yahoo Finance
2011-08-24,23.047246,24.081506,22.977364,24.018612,19880300,Yahoo Finance
2011-08-25,24.081510,24.291157,23.494497,23.648239,15470400,Yahoo Finance
2011-08-26,23.829926,24.088493,23.487503,23.760044,18409800,Yahoo Finance
2011-08-29,24.095482,24.095482,23.620281,23.753059,14713500,Yahoo Finance
2011-08-30,23.746016,23.816417,23.443294,23.633375,16123400,Yahoo Finance
2011-08-31,23.823453,23.872733,23.358812,23.499613,17507500,Yahoo Finance
2011-09-01,23.605208,23.781209,23.140567,23.182808,15358200,Yahoo Finance
2011-09-02,22.718172,22.936414,22.471771,22.654812,12277400,Yahoo Finance
2011-09-06,21.929693,22.612575,21.880413,22.563295,12043700,Yahoo Finance
2011-09-07,22.943452,23.140572,22.774490,23.140572,13313200,Yahoo Finance
2011-09-08,23.020891,23.154650,22.739288,22.851929,9915100,Yahoo Finance
2011-09-09,22.570328,22.774487,22.204246,22.436567,11734600,Yahoo Finance
2011-09-12,21.957850,22.788573,21.943770,22.774492,12102200,Yahoo Finance
2011-09-13,22.788570,23.119452,22.626649,22.992731,12607700,Yahoo Finance
2011-09-14,23.042016,23.936100,23.006816,23.612259,15407500,Yahoo Finance
2011-09-15,23.858658,24.147299,23.717857,24.133219,12017900,Yahoo Finance
2011-09-16,24.379620,24.640100,24.274018,24.365540,20791300,Yahoo Finance
2011-09-19,23.978331,24.281052,23.816410,24.182489,8805400,Yahoo Finance
2011-09-20,24.288094,24.872418,24.083933,24.506336,13980300,Yahoo Finance
2011-09-21,24.555627,24.661226,23.788264,23.823463,11896600,Yahoo Finance
2011-09-22,23.091293,23.774177,22.936414,23.267294,19984900,Yahoo Finance
2011-09-23,23.218014,23.837537,23.168734,23.738977,12993800,Yahoo Finance
2011-09-26,23.753057,23.936096,23.218013,23.936096,17329700,Yahoo Finance
2011-09-27,24.344424,24.400743,23.717859,23.851622,13172200,Yahoo Finance
2011-09-28,23.957219,24.147300,23.633378,23.654497,9723100,Yahoo Finance
2011-09-29,23.964256,24.274017,23.267292,23.788256,14233100,Yahoo Finance
2011-09-30,23.408093,23.689696,23.119452,23.140572,10915500,Yahoo Finance
2011-10-03,23.091285,23.232086,22.232403,22.239443,17929700,Yahoo Finance
2011-10-04,21.915604,22.915288,21.845204,22.858969,15100000,Yahoo Finance
2011-10-05,22.415455,23.260259,22.352095,23.112419,16324600,Yahoo Finance
2011-10-06,22.887128,23.513693,22.809690,23.499613,9052800,Yahoo Finance
2011-10-07,23.682654,24.175457,23.570014,23.879774,12809500,Yahoo Finance
2011-10-10,24.140248,24.400728,24.055766,24.400728,8757300,Yahoo Finance
2011-10-11,24.358493,24.513375,24.098013,24.435934,8010300,Yahoo Finance
2011-10-12,24.576736,24.703456,24.435934,24.442976,10671200,Yahoo Finance
2011-10-13,24.302176,24.435936,23.971294,24.224735,8943700,Yahoo Finance
2011-10-14,24.513375,24.696417,24.281055,24.675295,7648700,Yahoo Finance
2011-10-17,24.534498,24.978021,24.351459,24.393700,8837700,Yahoo Finance
2011-10-18,24.457060,25.484903,24.238818,25.308903,15042600,Yahoo Finance
2011-10-19,25.196264,25.358184,24.844263,24.921703,9948800,Yahoo Finance
2011-10-20,25.062507,25.238508,24.752746,25.154028,9481300,Yahoo Finance
2011-10-21,25.449696,25.949537,25.337056,25.949537,14116400,Yahoo Finance
2011-10-24,26.132582,26.294503,25.738343,25.836903,11163800,Yahoo Finance
2011-10-25,25.710194,25.872114,25.322992,25.372272,10883800,Yahoo Finance
2011-10-26,25.625707,25.808747,25.097705,25.731306,11159200,Yahoo Finance
2011-10-27,26.428266,26.505707,25.900264,26.202986,11760900,Yahoo Finance
2011-10-28,25.991779,26.174821,25.365217,25.428577,14076900,Yahoo Finance
2011-10-31,25.231463,25.358184,25.118823,25.203302,10288000,Yahoo Finance
2011-11-01,24.457051,25.330012,24.344410,25.020252,13087000,Yahoo Finance
2011-11-02,25.421548,25.484909,25.175146,25.337069,9894700,Yahoo Finance
2011-11-03,25.513070,25.696109,25.125866,25.660910,9028600,Yahoo Finance
2011-11-04,25.435628,25.639787,25.238505,25.618668,6245200,Yahoo Finance
2011-11-07,25.843940,26.343781,25.745380,26.287462,12573600,Yahoo Finance
2011-11-08,26.442341,26.752101,26.245218,26.709860,9872600,Yahoo Finance
2011-11-09,26.364915,26.597234,26.069232,26.160753,10918000,Yahoo Finance
2011-11-10,26.378983,26.428263,26.083300,26.188902,7287700,Yahoo Finance
2011-11-11,26.400105,27.019628,26.400105,26.794348,10185600,Yahoo Finance
2011-11-14,26.857703,27.132264,26.716902,26.928102,13926600,Yahoo Finance
2011-11-15,27.160431,27.273071,26.646506,26.801388,15280400,Yahoo Finance
2011-11-16,26.505706,27.280108,26.456426,26.639465,11800000,Yahoo Finance
2011-11-17,26.639464,26.815465,26.217064,26.484583,11376300,Yahoo Finance
2011-11-18,26.632430,26.716909,26.252267,26.667629,11816000,Yahoo Finance
2011-11-21,26.400110,26.646509,25.829866,26.090349,11602100,Yahoo Finance
2011-11-22,26.055139,26.378983,25.893219,26.118500,8235700,Yahoo Finance
2011-11-23,25.893231,25.970672,25.674992,25.710192,6710500,Yahoo Finance
2011-11-25,25.689072,26.012913,25.632750,25.674992,3616800,Yahoo Finance
2011-11-28,26.181865,26.554989,26.097386,26.259306,8060800,Yahoo Finance
2011-11-29,26.536012,27.742193,26.436678,27.642860,20793800,Yahoo Finance
2011-11-30,27.990530,28.231767,27.380343,27.827341,19655000,Yahoo Finance
2011-12-01,27.571903,28.068567,27.522237,27.912472,9621900,Yahoo Finance
2011-12-02,28.160816,28.707146,28.146625,28.338196,17909600,Yahoo Finance
2011-12-05,28.472998,28.799376,28.231762,28.543949,13964300,Yahoo Finance
2011-12-06,28.444624,28.891622,28.359482,28.607813,12500900,Yahoo Finance
2011-12-07,28.437538,29.040628,28.409156,28.898724,12196100,Yahoo Finance
2011-12-08,28.728436,28.948385,28.267247,28.316914,12008200,Yahoo Finance
2011-12-09,28.465902,28.671663,28.373666,28.543949,10311000,Yahoo Finance
2011-12-12,28.274329,28.458805,27.891191,28.416233,11089400,Yahoo Finance
2011-12-13,28.536870,28.558155,27.926683,28.033110,11351400,Yahoo Finance
2011-12-14,27.933779,28.075683,27.557735,27.770590,12084800,Yahoo Finance
2011-12-15,28.111152,28.352389,27.940869,27.969248,10784900,Yahoo Finance
2011-12-16,28.203393,28.763914,28.196299,28.678770,20212600,Yahoo Finance
2011-12-19,28.600713,28.955472,28.458808,28.522665,8901900,Yahoo Finance
2011-12-20,28.934187,29.792708,28.934187,29.764326,20396200,Yahoo Finance
2011-12-21,29.743038,29.835276,29.487613,29.799801,12073900,Yahoo Finance
2011-12-22,29.750141,29.899139,29.551476,29.743044,9880000,Yahoo Finance
2011-12-23,29.785609,29.892038,29.579848,29.863657,4353700,Yahoo Finance
2011-12-27,29.792715,30.133284,29.743046,29.955904,4763300,Yahoo Finance
2011-12-28,29.962995,30.076518,29.459237,29.466331,5136600,Yahoo Finance
2011-12-29,29.594035,29.821081,29.501800,29.806890,6297000,Yahoo Finance
2011-12-30,29.906230,30.026847,29.806895,29.828182,4773800,Yahoo Finance
2012-01-03,30.090712,30.438377,29.849475,29.899141,8452900,Yahoo Finance
2012-01-04,29.842382,30.452567,29.743047,30.324856,11085800,Yahoo Finance
2012-01-05,30.246795,30.651221,30.076510,30.573174,10245500,Yahoo Finance
2012-01-06,30.509320,30.722175,30.367415,30.651224,7285500,Yahoo Finance
2012-01-09,30.637037,30.722178,30.331943,30.672512,7346600,Yahoo Finance
2012-01-10,30.885368,30.935034,30.594466,30.885368,7497500,Yahoo Finance
2012-01-11,30.878271,30.935031,30.622844,30.835699,8222100,Yahoo Finance
2012-01-12,30.927942,30.977608,30.601564,30.786037,8449900,Yahoo Finance
2012-01-13,30.587366,30.885363,30.452556,30.871172,8076200,Yahoo Finance
2012-01-17,30.942130,31.190461,30.878273,31.034369,7709100,Yahoo Finance
2012-01-18,31.020180,31.921269,31.005989,31.843222,13147000,Yahoo Finance
2012-01-19,31.836116,32.226351,31.538120,32.219257,15722900,Yahoo Finance
2012-01-20,32.247644,32.283119,31.438793,31.580694,12589200,Yahoo Finance
2012-01-23,31.445890,31.921269,31.204653,31.843222,13779200,Yahoo Finance
2012-01-24,31.715503,32.020596,31.616171,31.899977,10953000,Yahoo Finance
2012-01-25,31.807744,32.219264,31.644552,32.112835,9930000,Yahoo Finance
2012-01-26,32.176682,32.176682,31.552307,31.892876,11174400,Yahoo Finance
2012-01-27,31.736796,31.928366,31.509750,31.836128,7924800,Yahoo Finance
2012-01-30,31.630371,31.779369,31.374944,31.765179,6724600,Yahoo Finance
2012-01-31,31.836127,32.105745,31.403320,31.495558,10343500,Yahoo Finance
2012-02-01,31.708413,31.864508,31.516842,31.552320,10906400,Yahoo Finance
2012-02-02,31.609074,31.658740,31.431695,31.545218,8963500,Yahoo Finance
2012-02-03,31.800654,32.119938,31.800654,32.048985,10422700,Yahoo Finance
2012-02-06,31.963845,32.127034,31.921276,32.070274,8091400,Yahoo Finance
2012-02-07,32.020598,32.339882,31.999311,32.254738,9725400,Yahoo Finance
2012-02-08,32.254746,32.261842,31.821939,32.048985,7578800,Yahoo Finance
2012-02-09,32.119934,32.190885,31.807747,32.119934,5356700,Yahoo Finance
2012-02-10,31.907071,32.162498,31.878690,32.162498,5026100,Yahoo Finance
2012-02-13,32.297320,32.715936,32.247654,32.588223,9184000,Yahoo Finance
2012-02-14,32.538546,32.786877,32.410832,32.680450,7717100,Yahoo Finance
2012-02-15,32.467593,32.758496,32.389548,32.432117,7486800,Yahoo Finance
2012-02-16,32.559841,32.801078,32.439224,32.588223,7453800,Yahoo Finance
2012-02-17,32.744311,33.148736,32.701739,33.141640,11555900,Yahoo Finance
2012-02-21,34.099488,34.106582,33.091970,33.290634,20475700,Yahoo Finance
2012-02-22,33.205506,33.517696,32.957175,33.042316,11639500,Yahoo Finance
2012-02-23,33.021025,33.489308,33.006834,33.311928,9232100,Yahoo Finance
2012-02-24,33.347393,33.446725,33.191298,33.333202,9730700,Yahoo Finance
2012-02-27,33.134548,33.609925,33.056500,33.297737,9804600,Yahoo Finance
2012-02-28,33.482212,33.581547,33.226787,33.510593,7947700,Yahoo Finance
2012-02-29,33.496385,33.915001,33.489291,33.751812,11348600,Yahoo Finance
2012-03-01,33.723437,33.978864,33.553154,33.673771,7940900,Yahoo Finance
2012-03-02,33.659594,33.794405,33.538977,33.638309,5916700,Yahoo Finance
2012-03-05,33.546067,33.829876,33.304831,33.624115,9044600,Yahoo Finance
2012-03-06,33.295705,33.352817,32.924483,33.117233,9087000,Yahoo Finance
2012-03-07,33.131522,33.909659,33.095828,33.831131,10648900,Yahoo Finance
2012-03-08,33.931087,34.259477,33.881115,34.138115,10433000,Yahoo Finance
2012-03-09,34.209505,34.395117,34.145258,34.338005,8799200,Yahoo Finance
2012-03-12,34.316579,34.737773,34.266608,34.687801,9458800,Yahoo Finance
2012-03-13,34.766331,35.101856,34.694941,35.080441,10853100,Yahoo Finance
2012-03-14,35.280340,35.487368,35.144702,35.316036,10076400,Yahoo Finance
2012-03-15,35.273188,35.294603,34.887688,35.123272,8869200,Yahoo Finance
2012-03-16,35.301753,35.351725,34.873419,35.016197,13267200,Yahoo Finance
2012-03-19,34.916256,34.973368,34.609284,34.859146,9028200,Yahoo Finance
2012-03-20,34.666394,35.337447,34.666394,35.251781,7629300,Yahoo Finance
2012-03-21,35.251778,35.644416,35.201806,35.544472,10347800,Yahoo Finance
2012-03-22,35.316027,35.608720,35.223220,35.465942,7195700,Yahoo Finance
2012-03-23,35.251775,35.394553,34.802025,35.365997,8655700,Yahoo Finance
2012-03-26,35.487355,35.801468,35.480218,35.787189,11740100,Yahoo Finance
2012-03-27,35.730072,35.944238,35.694379,35.722935,7785700,Yahoo Finance
2012-03-28,35.615872,35.872872,35.408844,35.630150,7982700,Yahoo Finance
2012-03-29,35.337456,35.651566,35.266068,35.630150,5491400,Yahoo Finance
2012-03-30,35.694389,35.994221,35.694389,35.915695,7713000,Yahoo Finance
2012-04-02,35.765770,35.872854,35.523048,35.687244,8435800,Yahoo Finance
2012-04-03,35.573037,35.865731,35.487369,35.694397,8669600,Yahoo Finance
2012-04-04,35.544464,35.701517,35.380270,35.587296,6280000,Yahoo Finance
2012-04-05,35.473074,36.172683,35.380270,36.136990,9558500,Yahoo Finance
2012-04-09,35.601582,36.186970,35.601582,36.108444,8302700,Yahoo Finance
2012-04-10,35.922831,36.308331,35.237499,35.237499,13245100,Yahoo Finance
2012-04-11,35.465943,35.651553,35.415971,35.515915,7631100,Yahoo Finance
2012-04-12,35.587304,36.179832,35.451666,36.144138,10472200,Yahoo Finance
2012-04-13,36.122726,36.608170,36.122726,36.379726,10430600,Yahoo Finance
2012-04-16,36.722392,37.015086,36.365448,36.900864,10239000,Yahoo Finance
2012-04-17,36.972242,37.229242,36.593880,37.143574,9054400,Yahoo Finance
2012-04-18,37.022209,37.093597,36.765209,36.986515,7051600,Yahoo Finance
2012-04-19,36.979376,37.100738,36.615294,36.808044,10894800,Yahoo Finance
2012-04-20,36.979386,37.072192,36.593886,36.736664,11027600,Yahoo Finance
2012-04-23,36.515368,36.593893,36.165562,36.479671,6801100,Yahoo Finance
2012-04-24,36.579608,36.886577,36.308330,36.572468,6437400,Yahoo Finance
2012-04-25,36.758091,37.143588,36.729535,37.057922,6529100,Yahoo Finance
2012-04-26,36.979386,37.157858,36.693833,37.029358,7361400,Yahoo Finance
2012-04-27,37.129307,37.400585,36.615309,37.086475,11022100,Yahoo Finance
2012-04-30,37.050776,37.093608,36.822332,36.972248,6800700,Yahoo Finance
2012-05-01,37.072189,37.657577,36.822330,37.350605,8474800,Yahoo Finance
2012-05-02,37.257806,37.728972,37.222112,37.629028,10109100,Yahoo Finance
2012-05-03,37.621897,37.750397,37.293509,37.457703,10470300,Yahoo Finance
2012-05-04,37.329189,37.379161,36.907995,37.093605,8564700,Yahoo Finance
2012-05-07,36.836599,37.000796,36.665268,36.686684,8532000,Yahoo Finance
2012-05-08,36.565324,36.608155,35.558742,36.136990,15807200,Yahoo Finance
2012-05-09,35.830032,35.958532,35.587310,35.772923,17577400,Yahoo Finance
2012-05-10,36.065602,36.229796,35.958518,36.136990,16080300,Yahoo Finance
2012-05-11,35.872869,36.322619,35.730090,35.937119,10489700,Yahoo Finance
2012-05-14,35.794332,36.115582,35.494501,35.608723,12329400,Yahoo Finance
2012-05-15,34.195228,35.337447,33.716921,34.744919,28826600,Yahoo Finance
2012-05-16,34.909117,35.208949,34.802033,34.816311,14756500,Yahoo Finance
2012-05-17,34.759189,34.766329,33.559857,33.566998,15699100,Yahoo Finance
2012-05-18,33.552716,33.938216,33.352828,33.588409,12962200,Yahoo Finance
2012-05-21,33.188648,34.138117,33.102979,33.988201,12713000,Yahoo Finance
2012-05-22,34.259477,34.680671,34.038171,34.452225,15028300,Yahoo Finance
2012-05-23,34.252335,34.837723,34.145254,34.794891,13489900,Yahoo Finance
2012-05-24,34.859139,35.494498,34.744914,35.487358,9702000,Yahoo Finance
2012-05-25,35.515915,35.758637,35.208943,35.294609,9819200,Yahoo Finance
2012-05-29,35.632102,35.847531,35.380768,35.746998,8582600,Yahoo Finance
2012-05-30,35.581859,35.747021,35.122275,35.696754,11996300,Yahoo Finance
2012-05-31,35.632113,35.739829,35.301787,35.431046,14217000,Yahoo Finance
2012-06-01,35.079183,35.366425,34.411350,34.440075,12638700,Yahoo Finance
2012-06-04,34.404173,35.100731,34.289277,35.014557,15969800,Yahoo Finance
2012-06-05,34.813477,35.244339,34.669857,35.129440,9457500,Yahoo Finance
2012-06-06,35.545941,36.335850,35.431045,36.335850,19333500,Yahoo Finance
2012-06-07,36.709274,37.068324,36.558474,36.795448,20693300,Yahoo Finance
2012-06-08,36.773903,37.599719,36.659007,37.592537,13338300,Yahoo Finance
2012-06-11,37.764873,37.836682,36.824161,36.874428,11729100,Yahoo Finance
2012-06-12,37.010879,37.556634,36.910346,37.513550,9006300,Yahoo Finance
2012-06-13,37.183210,37.269384,36.486655,36.601551,14524800,Yahoo Finance
2012-06-14,36.946250,37.750521,36.816992,37.456100,16512900,Yahoo Finance
2012-06-15,37.405824,37.700245,37.061136,37.247841,17480700,Yahoo Finance
2012-06-18,37.290941,37.793611,37.089873,37.570999,11636100,Yahoo Finance
2012-06-19,37.879767,38.217275,37.728967,38.037750,10420400,Yahoo Finance
2012-06-20,38.131102,38.260360,37.585348,37.937218,9376400,Yahoo Finance
2012-06-21,37.922852,38.059290,36.795436,36.809795,20047000,Yahoo Finance
2012-06-22,37.125769,37.355560,36.910339,37.355560,22946500,Yahoo Finance
2012-06-25,37.046773,37.140126,36.773894,36.996506,10104700,Yahoo Finance
2012-06-26,37.075510,37.499190,36.845719,37.255035,9202500,Yahoo Finance
2012-06-27,37.269384,37.290926,36.924694,37.018047,12224000,Yahoo Finance
2012-06-28,36.895974,37.240662,36.544104,37.118584,11017000,Yahoo Finance
2012-06-29,37.527901,38.052116,37.477634,38.052116,9688100,Yahoo Finance
2012-07-02,38.030567,38.231636,37.707421,38.066471,9738900,Yahoo Finance
2012-07-03,37.247831,37.319643,36.529732,37.089851,13270600,Yahoo Finance
2012-07-05,36.881614,37.549447,36.845709,37.420189,9036100,Yahoo Finance
2012-07-06,37.190401,37.535089,37.118589,37.448917,7127700,Yahoo Finance
2012-07-09,37.484810,37.556619,37.147302,37.427361,6132600,Yahoo Finance
2012-07-10,37.657175,37.879787,37.384299,37.499195,8368700,Yahoo Finance
2012-07-11,37.491996,37.779237,36.895974,37.104221,10075500,Yahoo Finance
2012-07-12,36.673360,37.233477,36.522559,37.018047,9535000,Yahoo Finance
2012-07-13,37.240653,37.484807,37.125757,37.405815,7970300,Yahoo Finance
2012-07-16,37.204760,37.204760,36.572831,36.946243,8484000,Yahoo Finance
2012-07-17,36.565638,36.687716,36.106054,36.422020,16519200,Yahoo Finance
2012-07-18,36.328676,36.644639,36.134789,36.558468,9222600,Yahoo Finance
2012-07-19,36.630272,36.895971,36.264043,36.594368,10630900,Yahoo Finance
2012-07-20,36.536927,36.680548,36.335857,36.407669,8926100,Yahoo Finance
2012-07-23,35.983984,36.795438,35.739830,36.594368,10575800,Yahoo Finance
2012-07-24,36.594374,36.838528,36.343040,36.745174,8847100,Yahoo Finance
2012-07-25,36.974951,37.233464,36.623081,36.673347,8365500,Yahoo Finance
2012-07-26,37.154488,38.030568,37.154488,37.994663,12548400,Yahoo Finance
2012-07-27,38.052104,38.978450,37.994655,38.569134,9140400,Yahoo Finance
2012-07-30,38.389619,38.605049,37.922856,38.238819,9024400,Yahoo Finance
2012-07-31,38.044942,38.059305,37.427376,37.470463,11606100,Yahoo Finance
2012-08-01,37.563804,37.721784,37.018047,37.111401,8327200,Yahoo Finance
2012-08-02,37.010865,37.398639,36.773890,36.903149,9536700,Yahoo Finance
2012-08-03,37.484813,37.585347,37.240659,37.549442,7484300,Yahoo Finance
2012-08-06,37.635615,37.872589,37.298107,37.341194,7471600,Yahoo Finance
2012-08-07,37.520717,37.721784,37.183209,37.628433,6519100,Yahoo Finance
2012-08-08,37.434555,37.951585,37.305297,37.908501,5398200,Yahoo Finance
2012-08-09,37.728974,38.360900,37.693069,38.167015,8324900,Yahoo Finance
2012-08-10,38.023391,38.123925,37.757695,38.102383,9086700,Yahoo Finance
2012-08-13,38.167017,38.224463,37.807967,37.930042,9982500,Yahoo Finance
2012-08-14,38.885094,39.481115,38.576311,39.287228,19528000,Yahoo Finance
2012-08-15,39.315974,39.739653,39.265707,39.495499,9630600,Yahoo Finance
2012-08-16,39.495495,40.551103,39.473953,40.436207,10150600,Yahoo Finance
2012-08-17,40.400312,41.060965,40.263874,40.737820,11263000,Yahoo Finance
2012-08-20,40.622910,40.694718,40.199231,40.622910,8435300,Yahoo Finance
2012-08-21,40.694720,40.859885,40.299766,40.443386,8382600,Yahoo Finance
2012-08-22,40.429029,40.874251,40.371583,40.673183,6677800,Yahoo Finance
2012-08-23,40.630107,40.881441,40.536754,40.608562,6613200,Yahoo Finance
2012-08-24,40.493653,40.931694,40.493653,40.902969,5784000,Yahoo Finance
2012-08-27,40.989153,40.989153,40.515204,40.694729,7164000,Yahoo Finance
2012-08-28,40.593676,41.033968,40.564803,40.802994,4758300,Yahoo Finance
2012-08-29,40.918471,41.149445,40.810204,41.026741,4593900,Yahoo Finance
2012-08-30,40.932920,40.997881,40.759691,40.867958,5846200,Yahoo Finance
2012-08-31,41.005104,41.120591,40.817437,40.961796,7446700,Yahoo Finance
2012-09-04,40.990646,41.142222,40.759673,40.990646,5914100,Yahoo Finance
2012-09-05,41.120583,41.373209,40.687505,40.810211,6068500,Yahoo Finance
2012-09-06,40.781333,41.625830,40.781333,41.611397,7706900,Yahoo Finance
2012-09-07,41.690792,41.784626,41.171102,41.329895,6808700,Yahoo Finance
2012-09-10,41.488692,41.777410,41.301026,41.358768,6903700,Yahoo Finance
2012-09-11,41.308249,41.358775,40.860738,40.940136,7490100,Yahoo Finance
2012-09-12,41.033951,41.214400,40.730799,41.178310,7774400,Yahoo Finance
2012-09-13,41.192768,42.145536,41.005103,42.080574,10772200,Yahoo Finance
2012-09-14,42.383713,43.098287,42.340405,42.917839,12476500,Yahoo Finance
2012-09-17,42.730176,42.925060,42.347623,42.520855,7985900,Yahoo Finance
2012-09-18,42.564173,42.621915,42.232146,42.484776,5216500,Yahoo Finance
2012-09-19,42.715739,43.307610,42.585816,42.925060,6648700,Yahoo Finance
2012-09-20,42.722976,42.802373,42.412604,42.787937,6362100,Yahoo Finance
2012-09-21,43.004463,43.257090,42.809578,42.888973,9011000,Yahoo Finance
2012-09-24,42.838456,42.961163,42.499215,42.867329,5589200,Yahoo Finance
2012-09-25,43.184905,43.726250,43.033326,43.105507,9723100,Yahoo Finance
2012-09-26,43.004461,43.271524,42.679653,42.708523,8583300,Yahoo Finance
2012-09-27,42.888970,43.451971,42.759049,43.220997,5824200,Yahoo Finance
2012-09-28,43.076644,43.610769,42.874542,43.574680,7740800,Yahoo Finance
2012-10-01,43.863388,43.921130,43.553016,43.719028,8537400,Yahoo Finance
2012-10-02,43.935569,43.950006,43.415880,43.545803,6573100,Yahoo Finance
2012-10-03,43.632423,44.592407,43.581897,44.585190,8468300,Yahoo Finance
2012-10-04,44.635712,45.054351,44.404738,44.563534,8722300,Yahoo Finance
2012-10-05,44.729546,45.617352,44.679020,45.617352,9672400,Yahoo Finance
2012-10-08,45.458561,45.545175,44.563538,44.664589,9770300,Yahoo Finance
2012-10-09,44.455276,44.513018,43.993328,43.993328,9707700,Yahoo Finance
2012-10-10,43.675724,44.072713,43.026112,43.119946,15262700,Yahoo Finance
2012-10-11,43.271532,43.300405,42.405379,42.593044,10431000,Yahoo Finance
2012-10-12,42.766279,43.177701,42.701317,42.990036,6554400,Yahoo Finance
2012-10-15,43.220998,43.848957,43.127164,43.776779,8072200,Yahoo Finance
2012-10-16,43.928352,44.029403,43.617981,43.928352,7162400,Yahoo Finance
2012-10-17,44.238731,44.837818,44.137680,44.310909,11372700,Yahoo Finance
2012-10-18,44.310907,44.679023,44.282034,44.606842,9420000,Yahoo Finance
2012-10-19,44.577961,44.772846,44.397513,44.671795,10798800,Yahoo Finance
2012-10-22,44.570750,44.787288,44.339777,44.780071,7785800,Yahoo Finance
2012-10-23,44.426396,44.592408,44.072718,44.570755,8273900,Yahoo Finance
2012-10-24,44.715102,44.917203,44.195410,44.231499,7187200,Yahoo Finance
2012-10-25,44.534680,44.671820,43.531387,43.654091,9604000,Yahoo Finance
2012-10-26,43.581897,43.639639,42.903409,43.336487,10458600,Yahoo Finance
2012-10-31,45.299761,45.472993,43.950008,44.303688,13817800,Yahoo Finance
2012-11-01,44.715119,45.032707,44.549107,44.938873,6879900,Yahoo Finance
2012-11-02,45.148194,45.408040,44.736772,44.765644,8905700,Yahoo Finance
2012-11-05,44.765659,45.133773,44.700697,45.025505,4904200,Yahoo Finance
2012-11-06,45.177066,45.400823,44.989401,45.198719,7017900,Yahoo Finance
2012-11-07,44.996615,45.018268,44.339783,44.743988,8778000,Yahoo Finance
2012-11-08,44.606837,44.743980,43.913916,43.928352,7251300,Yahoo Finance
2012-11-09,43.783997,44.282033,43.531370,44.000534,6562300,Yahoo Finance
2012-11-12,44.202631,44.339771,43.668502,44.144886,8353500,Yahoo Finance
2012-11-13,45.003838,46.512390,44.859482,45.747288,21441300,Yahoo Finance
2012-11-14,45.646231,45.833896,44.260386,44.368656,13379700,Yahoo Finance
2012-11-15,44.224294,44.664589,44.058282,44.209858,8204600,Yahoo Finance
2012-11-16,44.051063,44.953305,44.051063,44.837818,9059100,Yahoo Finance
2012-11-19,45.104886,45.718410,44.967744,45.711193,10036100,Yahoo Finance
2012-11-20,45.631786,46.100950,45.581261,46.064861,8560400,Yahoo Finance
2012-11-21,45.949378,46.324711,45.833891,46.259747,5574000,Yahoo Finance
2012-11-23,46.396882,46.793871,46.281398,46.786652,3721900,Yahoo Finance
2012-11-26,46.627869,46.837190,46.310284,46.678394,6719200,Yahoo Finance
2012-11-27,46.410113,46.736381,46.076591,46.518871,8234300,Yahoo Finance
2012-11-28,46.308620,47.019164,45.946098,47.004665,7759600,Yahoo Finance
2012-11-29,46.808903,47.142423,46.475383,46.576889,7629200,Yahoo Finance
2012-11-30,46.692886,47.294675,46.431870,47.178665,9271800,Yahoo Finance
2012-12-03,47.127925,47.794965,47.055421,47.113426,6696200,Yahoo Finance
2012-12-04,47.077172,47.120673,46.569643,46.576889,7787600,Yahoo Finance
2012-12-05,46.526143,46.750911,46.004112,46.417385,6050500,Yahoo Finance
2012-12-06,46.446372,46.729139,46.141854,46.649384,5837400,Yahoo Finance
2012-12-07,46.837903,46.946661,46.431879,46.729145,6092800,Yahoo Finance
2012-12-10,46.649376,46.649376,45.699569,45.706821,8150000,Yahoo Finance
2012-12-11,45.873590,46.040350,45.496566,45.598072,6880200,Yahoo Finance
2012-12-12,45.815582,45.851836,45.424060,45.627071,7216500,Yahoo Finance
2012-12-13,45.706825,45.880834,45.206542,45.250046,5875900,Yahoo Finance
2012-12-14,45.192047,45.257298,44.800522,44.996284,5783500,Yahoo Finance
2012-12-17,45.061547,45.924350,44.945540,45.902599,8188700,Yahoo Finance
2012-12-18,45.960597,45.960597,45.460317,45.677830,7751400,Yahoo Finance
2012-12-19,45.772088,45.779337,44.771525,44.786026,7597900,Yahoo Finance
2012-12-20,44.554014,44.938287,44.394503,44.931038,8436700,Yahoo Finance
2012-12-21,44.459755,44.749774,43.901470,44.459755,15929900,Yahoo Finance
2012-12-24,44.234988,44.931033,44.227739,44.641014,3022600,Yahoo Finance
2012-12-26,44.604761,44.735269,44.227737,44.329243,4453800,Yahoo Finance
2012-12-27,44.249490,44.532257,43.654953,44.278492,7184600,Yahoo Finance
2012-12-28,43.944966,44.604757,43.698451,43.973969,6508700,Yahoo Finance
2012-12-31,43.799957,44.858522,43.741955,44.844021,7880800,Yahoo Finance
2013-01-02,46.091099,46.192605,45.395056,46.025845,9067200,Yahoo Finance
2013-01-03,46.243377,46.352134,45.735847,45.895355,6056800,Yahoo Finance
2013-01-04,45.830081,45.946088,45.677822,45.808331,4779100,Yahoo Finance
2013-01-07,45.387805,45.677824,45.228297,45.561817,5466500,Yahoo Finance
2013-01-08,45.496566,46.011347,45.482064,45.837337,5433000,Yahoo Finance
2013-01-09,46.047598,46.134605,45.685076,45.801083,4712400,Yahoo Finance
2013-01-10,45.953337,46.127346,45.518308,46.127346,6714100,Yahoo Finance
2013-01-11,46.018589,46.228849,45.924332,46.185349,4567100,Yahoo Finance
2013-01-14,46.156353,46.330365,45.960590,46.025845,4532200,Yahoo Finance
2013-01-15,46.040364,46.410138,46.004112,46.366634,5119400,Yahoo Finance
2013-01-16,46.141850,46.402867,46.076596,46.301361,3915400,Yahoo Finance
2013-01-17,46.540630,47.338179,46.431872,47.164169,7796000,Yahoo Finance
2013-01-18,47.236671,47.475937,47.098911,47.468685,6534400,Yahoo Finance
2013-01-22,47.410687,47.845713,47.287430,47.671703,6574000,Yahoo Finance
2013-01-23,47.468677,48.200974,47.352668,48.186470,6795500,Yahoo Finance
2013-01-24,48.258986,49.078290,48.258986,48.831772,8484600,Yahoo Finance
2013-01-25,49.020284,49.397305,48.788270,49.172543,7494700,Yahoo Finance
2013-01-28,49.411814,49.411814,48.766525,48.998539,6561200,Yahoo Finance
2013-01-29,48.940523,49.158038,48.556250,48.723007,6504300,Yahoo Finance
2013-01-30,48.737516,48.998532,48.585257,48.752014,5102200,Yahoo Finance
2013-01-31,48.744772,48.984033,48.520004,48.520004,5615900,Yahoo Finance
2013-02-01,49.027535,49.114537,48.730264,48.795521,4983300,Yahoo Finance
2013-02-04,48.476490,48.737507,48.084965,48.113968,4741000,Yahoo Finance
2013-02-05,48.309732,48.527248,48.077718,48.135723,7112000,Yahoo Finance
2013-02-06,47.881969,48.375000,47.852966,48.338745,5187000,Yahoo Finance
2013-02-07,48.324250,48.360499,47.729714,48.077732,5743500,Yahoo Finance
2013-02-08,48.251735,48.592501,48.150229,48.585255,4459000,Yahoo Finance
2013-02-11,48.483755,48.563510,48.012475,48.128479,3953500,Yahoo Finance
2013-02-12,48.360491,48.889776,48.229982,48.810020,4932500,Yahoo Finance
2013-02-13,48.955027,49.063785,48.708514,48.904274,3668900,Yahoo Finance
2013-02-14,48.672258,48.918776,48.549001,48.824516,5439700,Yahoo Finance
2013-02-15,48.955029,49.295801,48.433001,48.955029,8131200,Yahoo Finance
2013-02-19,49.034791,49.245054,48.541760,48.976791,5455500,Yahoo Finance
2013-02-20,48.897038,49.013043,48.121240,48.171993,5598400,Yahoo Finance
2013-02-21,47.751467,47.794968,46.613147,46.678398,10622400,Yahoo Finance
2013-02-22,46.982913,47.664451,46.765397,47.548447,7500700,Yahoo Finance
2013-02-25,47.823960,48.251739,46.272364,46.344868,10268800,Yahoo Finance
2013-02-26,47.533953,49.303065,47.483200,48.984043,22792900,Yahoo Finance
2013-02-27,48.998535,49.506065,48.846277,49.346554,14180400,Yahoo Finance
2013-02-28,49.237799,50.165856,49.201545,49.665573,8705100,Yahoo Finance
2013-03-01,49.578574,50.107859,49.368310,50.049854,6241800,Yahoo Finance
2013-03-04,49.991846,50.970661,49.977348,50.963409,8375900,Yahoo Finance
2013-03-05,51.173673,51.449188,50.840153,51.093918,8323800,Yahoo Finance
2013-03-06,51.093902,51.449173,50.956142,51.101154,5276600,Yahoo Finance
2013-03-07,51.043172,51.115675,50.709652,50.934414,4998300,Yahoo Finance
2013-03-08,51.180905,51.804444,51.035898,51.746445,6470300,Yahoo Finance
2013-03-11,51.710201,51.753702,51.478187,51.710201,4902500,Yahoo Finance
2013-03-12,51.688320,51.863286,51.367544,51.578964,4450400,Yahoo Finance
2013-03-13,51.608143,51.717499,51.287368,51.586273,5826700,Yahoo Finance
2013-03-14,51.666470,51.732080,51.163436,51.207176,6308900,Yahoo Finance
2013-03-15,51.054078,51.170726,50.339630,50.339630,11275100,Yahoo Finance
2013-03-18,49.902201,50.966592,49.902201,50.558331,6011200,Yahoo Finance
2013-03-19,50.704136,50.842648,49.982391,50.150070,7657600,Yahoo Finance
2013-03-20,50.587494,50.704142,50.186525,50.215687,6112000,Yahoo Finance
2013-03-21,50.048018,50.529175,49.880338,50.266724,8045600,Yahoo Finance
2013-03-22,50.470846,50.718714,50.157362,50.711422,5291800,Yahoo Finance
2013-03-25,50.886399,51.294654,50.500007,50.645817,7027100,Yahoo Finance
2013-03-26,50.784335,51.323817,50.704141,51.068657,4661200,Yahoo Finance
2013-03-27,50.456271,50.813494,50.303175,50.777046,4156300,Yahoo Finance
2013-03-28,50.623939,51.003033,50.543745,50.871807,6752100,Yahoo Finance
2013-04-01,50.674980,51.593556,50.674980,50.791622,5357700,Yahoo Finance
2013-04-02,50.959310,51.797697,50.908278,51.775822,7291600,Yahoo Finance
2013-04-03,51.651894,51.717510,51.046796,51.294670,7796000,Yahoo Finance
2013-04-04,51.294655,51.615430,51.090527,51.535236,6613700,Yahoo Finance
2013-04-05,51.032211,51.214468,50.747889,51.075951,6986100,Yahoo Finance
2013-04-08,50.871801,51.943478,50.871801,51.921608,6097200,Yahoo Finance
2013-04-09,51.928911,52.176779,51.724778,51.907036,5994800,Yahoo Finance
2013-04-10,52.052862,52.337184,51.739379,52.264282,5423200,Yahoo Finance
2013-04-11,52.366345,52.927697,52.293443,52.417377,7627800,Yahoo Finance
2013-04-12,52.789164,53.700453,52.599614,53.671291,10493000,Yahoo Finance
2013-04-15,53.474452,54.086841,52.643356,52.657940,8360600,Yahoo Finance
2013-04-16,52.891234,53.073492,52.512135,52.825619,8119700,Yahoo Finance
2013-04-17,52.650662,53.197436,52.446534,53.073502,8838600,Yahoo Finance
2013-04-18,52.978734,53.146413,52.701704,52.840221,7549200,Yahoo Finance
2013-04-19,53.160975,54.152458,53.015171,53.948330,9579900,Yahoo Finance
2013-04-22,53.889996,54.108708,53.394255,53.846256,7223500,Yahoo Finance
2013-04-23,54.050392,54.378454,52.949553,53.496326,7898800,Yahoo Finance
2013-04-24,53.620277,53.838983,53.408857,53.423435,6248300,Yahoo Finance
2013-04-25,53.445295,53.795232,53.365101,53.489040,5645200,Yahoo Finance
2013-04-26,53.394263,53.722330,53.314069,53.474457,4983000,Yahoo Finance
2013-04-29,53.540063,53.962897,53.503609,53.707737,4518700,Yahoo Finance
2013-04-30,53.583813,53.955620,53.379685,53.474457,6601900,Yahoo Finance
2013-05-01,53.350538,53.649438,52.956860,53.044346,5554700,Yahoo Finance
2013-05-02,53.051604,53.569221,52.876638,53.459866,3722900,Yahoo Finance
2013-05-03,53.744189,54.247223,53.744189,53.919155,4953100,Yahoo Finance
2013-05-06,53.860846,54.947107,53.860846,54.866913,5731200,Yahoo Finance
2013-05-07,54.852308,54.881470,54.385729,54.728374,5582300,Yahoo Finance
2013-05-08,54.815881,55.041879,54.619039,54.983555,6536600,Yahoo Finance
2013-05-09,54.939826,55.537632,54.939826,55.311634,6338300,Yahoo Finance
2013-05-10,55.508461,55.552201,54.976271,55.413689,5169700,Yahoo Finance
2013-05-13,55.413679,56.026062,55.369933,55.894836,4466100,Yahoo Finance
2013-05-14,55.975043,56.441623,55.953173,56.368721,6071700,Yahoo Finance
2013-05-15,56.572842,57.046714,56.456200,56.776970,6706200,Yahoo Finance
2013-05-16,56.499948,57.258142,55.909434,55.953175,8299200,Yahoo Finance
2013-05-17,55.654260,56.244779,55.552196,56.033360,8735000,Yahoo Finance
2013-05-20,55.967747,56.135427,55.770911,55.960461,8867700,Yahoo Finance
2013-05-21,57.834074,57.936138,56.908201,57.382072,14108500,Yahoo Finance
2013-05-22,57.783036,59.459805,57.724712,58.096519,14832400,Yahoo Finance
2013-05-23,57.513302,57.775754,56.711368,57.527885,9634900,Yahoo Finance
2013-05-24,57.228981,57.877818,57.090463,57.586205,6188200,Yahoo Finance
2013-05-28,58.278785,58.781813,57.950718,58.191299,7715800,Yahoo Finance
2013-05-29,57.870513,58.227742,57.659093,57.950706,7127000,Yahoo Finance
2013-05-30,57.994474,58.395438,57.688276,57.914280,5449100,Yahoo Finance
2013-05-31,57.987157,58.599541,57.345612,57.345612,6905600,Yahoo Finance
2013-06-03,57.338318,57.651802,56.900901,57.651802,6191400,Yahoo Finance
2013-06-04,57.512603,57.747049,55.739604,56.142555,8791700,Yahoo Finance
2013-06-05,55.761583,56.303738,54.875084,55.021610,8761500,Yahoo Finance
2013-06-06,54.963005,56.684725,54.955683,56.604134,11515700,Yahoo Finance
2013-06-07,56.948471,57.856949,56.845896,57.688438,6555900,Yahoo Finance
2013-06-10,57.834963,58.377118,56.801931,56.948463,7627800,Yahoo Finance
2013-06-11,56.582128,57.534562,56.384311,56.860531,5979700,Yahoo Finance
2013-06-12,57.175609,57.366098,55.944765,55.974072,7360200,Yahoo Finance
2013-06-13,55.937418,56.289090,55.739606,56.069294,9194600,Yahoo Finance
2013-06-14,55.842180,56.377007,55.732282,56.113255,8613100,Yahoo Finance
2013-06-17,56.472253,56.765312,55.453878,55.783566,9315500,Yahoo Finance
2013-06-18,55.768900,56.684706,55.768900,56.552830,6421500,Yahoo Finance
2013-06-19,56.464910,56.611437,55.622368,55.629696,8027600,Yahoo Finance
2013-06-20,55.263380,55.263380,54.069172,54.120457,12373500,Yahoo Finance
2013-06-21,54.574691,54.721223,53.497702,54.083820,15552500,Yahoo Finance
2013-06-24,53.409806,54.230365,53.050812,53.856720,10214400,Yahoo Finance
2013-06-25,54.266991,54.743211,54.069179,54.318275,8520800,Yahoo Finance
2013-06-26,54.794510,55.585768,54.640655,55.439236,7390100,Yahoo Finance
2013-06-27,55.673656,56.281752,55.534457,55.878796,6674500,Yahoo Finance
2013-06-28,55.798218,56.992426,55.622379,56.757980,12475000,Yahoo Finance
2013-07-01,56.875188,57.007064,56.142544,56.318382,7471000,Yahoo Finance
2013-07-02,56.626112,57.234208,56.384338,56.640762,6886300,Yahoo Finance
2013-07-03,56.406302,57.138947,56.355018,56.948463,3025600,Yahoo Finance
2013-07-05,57.080350,57.556565,56.706700,57.358753,4991500,Yahoo Finance
2013-07-08,57.556579,58.274573,57.541928,58.040127,6051200,Yahoo Finance
2013-07-09,58.274545,58.721459,58.120691,58.391766,4986400,Yahoo Finance
2013-07-10,58.369809,58.391787,57.593207,58.171997,5459400,Yahoo Finance
2013-07-11,58.809369,59.109756,58.303848,58.508987,6845700,Yahoo Finance
2013-07-12,58.552942,59.161038,58.552942,59.007183,5178300,Yahoo Finance
2013-07-15,59.073142,59.454120,58.736126,58.904636,5041400,Yahoo Finance
2013-07-16,58.911951,59.117091,58.494339,58.772747,5031500,Yahoo Finance
2013-07-17,59.168372,59.512715,58.897291,58.933926,5700200,Yahoo Finance
2013-07-18,58.853325,58.941239,58.582245,58.626202,5297800,Yahoo Finance
2013-07-19,58.574940,58.699494,58.186639,58.530983,5886200,Yahoo Finance
2013-07-22,58.596918,58.655525,58.062085,58.611568,5957900,Yahoo Finance
2013-07-23,58.714144,58.955918,58.509004,58.750778,4985800,Yahoo Finance
2013-07-24,58.941252,58.955908,58.303855,58.809376,4813300,Yahoo Finance
2013-07-25,58.677521,58.684849,57.065704,57.871613,9967600,Yahoo Finance
2013-07-26,57.453992,58.150008,57.329444,57.688438,5577600,Yahoo Finance
2013-07-29,57.615156,57.864258,57.417345,57.637135,5179000,Yahoo Finance
2013-07-30,58.003453,58.076716,57.527233,57.585846,4813400,Yahoo Finance
2013-07-31,57.651813,58.413764,57.651813,57.900909,5915000,Yahoo Finance
2013-08-01,58.259899,58.589592,57.593195,57.615173,6727400,Yahoo Finance
2013-08-02,57.615167,58.977887,57.512598,58.780075,5964400,Yahoo Finance
2013-08-05,58.574965,58.574965,58.150035,58.362503,3578500,Yahoo Finance
2013-08-06,58.333183,58.853360,57.688452,58.648220,6311100,Yahoo Finance
2013-08-07,58.289222,58.296550,57.585884,57.754395,5322200,Yahoo Finance
2013-08-08,58.193967,58.772757,57.944865,58.640881,4467900,Yahoo Finance
2013-08-09,58.377114,58.413749,57.534572,57.856937,5299300,Yahoo Finance
2013-08-12,57.600533,58.274565,57.571227,58.025463,3844400,Yahoo Finance
2013-08-13,57.981514,58.347836,57.204912,58.201309,6956400,Yahoo Finance
2013-08-14,57.988822,58.047435,56.545511,56.736000,8648100,Yahoo Finance
2013-08-15,56.032669,56.120583,54.845783,55.050922,13702000,Yahoo Finance
2013-08-16,55.087547,55.937412,54.897058,55.226746,9138200,Yahoo Finance
2013-08-19,55.307331,56.003347,55.080213,55.102192,9184100,Yahoo Finance
2013-08-20,56.442946,56.779962,53.959281,54.428173,17038100,Yahoo Finance
2013-08-21,54.655277,55.190110,53.798084,54.017879,10788400,Yahoo Finance
2013-08-22,54.149778,54.362240,53.739493,54.215714,6668700,Yahoo Finance
2013-08-23,54.325587,54.362215,53.563636,54.135098,7730800,Yahoo Finance
2013-08-26,54.091159,55.790895,54.083831,55.263390,10362900,Yahoo Finance
2013-08-27,54.838447,55.116855,54.179066,54.303619,8264200,Yahoo Finance
2013-08-28,54.296271,55.182770,54.223008,54.970303,7076000,Yahoo Finance
2013-08-29,54.926369,55.431895,54.801820,54.984982,5704200,Yahoo Finance
2013-08-30,55.036265,55.043588,54.347578,54.574696,6331300,Yahoo Finance
2013-09-03,55.112356,55.421685,54.265379,54.427410,7802800,Yahoo Finance
2013-09-04,54.486323,54.876668,54.309559,54.604160,8271600,Yahoo Finance
2013-09-05,54.552586,54.655695,53.646688,53.757164,11039000,Yahoo Finance
2013-09-06,54.169624,54.176985,53.182711,53.543594,9968400,Yahoo Finance
2013-09-09,53.749820,54.346384,53.690898,54.191719,5781800,Yahoo Finance
2013-09-10,54.471595,54.979782,54.309564,54.942955,6438700,Yahoo Finance
2013-09-11,54.987145,55.318568,54.618895,55.267014,6441500,Yahoo Finance
2013-09-12,55.370115,55.782554,55.215451,55.532146,6872200,Yahoo Finance
2013-09-13,55.480604,55.539525,55.119715,55.318573,4888400,Yahoo Finance
2013-09-16,56.010852,56.187610,55.384822,55.635235,8054400,Yahoo Finance
2013-09-17,55.708909,56.084526,55.657354,55.826752,6825600,Yahoo Finance
2013-09-18,55.804665,57.432336,55.495336,56.983070,10594300,Yahoo Finance
2013-09-19,57.329210,57.977334,57.181912,57.822670,7693700,Yahoo Finance
2013-09-20,58.043617,58.043617,56.710552,56.710552,14158300,Yahoo Finance
2013-09-23,56.312844,56.533797,55.804657,55.907772,6248800,Yahoo Finance
2013-09-24,55.826766,56.555900,55.664735,56.003525,5412700,Yahoo Finance
2013-09-25,55.885651,56.202346,55.429024,55.620510,6785600,Yahoo Finance
2013-09-26,55.694208,56.283405,55.694208,56.025631,3798200,Yahoo Finance
2013-09-27,55.716282,56.040338,55.517424,55.944595,4058700,Yahoo Finance
2013-09-30,55.370125,56.032976,55.208094,55.863579,6276200,Yahoo Finance
2013-10-01,55.885665,56.283376,55.708906,56.165539,4411700,Yahoo Finance
2013-10-02,55.870954,56.253932,55.561625,56.209743,5118400,Yahoo Finance
2013-10-03,56.268653,56.585349,55.613168,55.885670,6979700,Yahoo Finance
2013-10-04,55.826756,56.158179,55.591076,55.812023,4855800,Yahoo Finance
2013-10-07,55.532152,55.863575,55.303833,55.333294,5087000,Yahoo Finance
2013-10-08,55.252281,55.436406,54.626256,54.699905,8997900,Yahoo Finance
2013-10-09,54.758825,54.972411,54.427402,54.604160,6817600,Yahoo Finance
2013-10-10,55.267007,55.613163,55.046054,55.613163,6092800,Yahoo Finance
2013-10-11,55.568986,56.438057,55.546892,56.209743,6936700,Yahoo Finance
2013-10-14,55.782561,56.357031,55.672085,56.231827,4119000,Yahoo Finance
2013-10-15,56.077157,56.150806,55.303829,55.370117,6645400,Yahoo Finance
2013-10-16,55.561640,55.672111,54.920882,55.193390,12877900,Yahoo Finance
2013-10-17,54.876655,55.834102,54.876655,55.782547,7176400,Yahoo Finance
2013-10-18,55.429033,55.605791,54.309549,55.009228,14334800,Yahoo Finance
2013-10-21,54.942954,55.090258,54.611531,54.957687,7578700,Yahoo Finance
2013-10-22,55.267016,55.333298,54.935587,55.134445,6867000,Yahoo Finance
2013-10-23,54.898752,55.539510,54.876658,55.296463,5526100,Yahoo Finance
2013-10-24,55.546870,56.592700,55.539509,56.548512,7927400,Yahoo Finance
2013-10-25,56.379117,56.423306,55.981406,56.158165,5944200,Yahoo Finance
2013-10-28,56.084518,56.268644,55.826744,56.018230,7728100,Yahoo Finance
2013-10-29,56.305472,57.115627,56.261284,57.078800,7248000,Yahoo Finance
2013-10-30,57.211383,57.888962,57.093540,57.358681,7251900,Yahoo Finance
2013-10-31,57.439681,57.778470,57.093524,57.366032,7577600,Yahoo Finance
2013-11-01,57.432326,57.469147,56.592710,56.703186,7178300,Yahoo Finance
2013-11-04,56.843123,57.019881,56.423317,56.710552,3906500,Yahoo Finance
2013-11-05,56.548532,56.563266,56.025617,56.452789,6035300,Yahoo Finance
2013-11-06,56.504327,56.555882,55.907764,56.283375,5059600,Yahoo Finance
2013-11-07,56.577979,56.850486,55.731002,55.745735,5424600,Yahoo Finance
2013-11-08,55.443776,55.760472,55.075526,55.591080,9229700,Yahoo Finance
2013-11-11,55.436390,55.730991,55.185982,55.510044,5774000,Yahoo Finance
2013-11-12,55.856200,56.408575,55.767824,56.106613,6629200,Yahoo Finance
2013-11-13,55.745741,57.218742,55.745741,57.152454,7064700,Yahoo Finance
2013-11-14,57.550160,58.433958,57.491238,58.139362,6843800,Yahoo Finance
2013-11-15,58.065720,58.986346,57.859501,58.942158,10414800,Yahoo Finance
2013-11-18,58.920060,59.266216,58.323496,58.677013,8613000,Yahoo Finance
2013-11-19,60.555089,60.591910,59.111548,59.199924,12236700,Yahoo Finance
2013-11-20,59.457716,59.457716,58.463436,58.735943,7236900,Yahoo Finance
2013-11-21,58.964253,58.964253,58.448705,58.794861,5618600,Yahoo Finance
2013-11-22,58.625457,58.787488,58.021526,58.316128,7786200,Yahoo Finance
2013-11-25,58.404520,58.949529,58.404520,58.735943,5496100,Yahoo Finance
2013-11-26,59.074720,59.582907,58.986338,59.177830,9360700,Yahoo Finance
2013-11-27,59.170465,59.472433,59.008440,59.406151,5450000,Yahoo Finance
2013-11-29,59.568193,59.943810,59.384068,59.413528,3372600,Yahoo Finance
2013-12-02,59.251473,59.472425,58.566527,58.750652,5915600,Yahoo Finance
2013-12-03,58.439813,58.824679,57.958735,58.254784,7276900,Yahoo Finance
2013-12-04,57.840307,58.284378,57.507250,58.025337,7148800,Yahoo Finance
2013-12-05,57.966140,58.869087,57.929132,58.128967,6264900,Yahoo Finance
2013-12-06,58.528624,59.246540,58.328788,59.091110,5094600,Yahoo Finance
2013-12-09,59.142923,59.653602,58.861675,58.913483,5799800,Yahoo Finance
2013-12-10,58.706255,59.157728,58.025347,58.180771,7448400,Yahoo Finance
2013-12-11,58.010538,59.068908,58.010538,58.469414,7834500,Yahoo Finance
2013-12-12,58.462009,58.617434,57.936526,58.121555,8535200,Yahoo Finance
2013-12-13,58.536023,58.891283,58.114156,58.476818,6027100,Yahoo Finance
2013-12-16,58.624832,59.031900,58.417600,58.543419,7099700,Yahoo Finance
2013-12-17,58.698846,58.743257,58.180765,58.188168,6226000,Yahoo Finance
2013-12-18,58.321380,59.253926,57.958717,59.246529,8170300,Yahoo Finance
2013-12-19,59.268743,59.557389,58.943088,59.172523,6620800,Yahoo Finance
2013-12-20,59.342752,59.823831,59.239136,59.239136,11232900,Yahoo Finance
2013-12-23,59.261355,59.890455,59.239152,59.624012,3941300,Yahoo Finance
2013-12-24,59.624013,59.920062,59.624013,59.683224,1819800,Yahoo Finance
2013-12-26,59.831230,60.497339,59.809028,60.356720,3848800,Yahoo Finance
2013-12-27,60.430727,60.867395,60.112476,60.423325,3961900,Yahoo Finance
2013-12-30,60.445516,60.674957,60.290092,60.645351,3526400,Yahoo Finance
2013-12-31,60.682369,61.037629,60.482540,60.941410,4493600,Yahoo Finance
2014-01-02,60.771181,61.111635,60.541745,60.704567,4253400,Yahoo Finance
2014-01-03,60.623154,61.045022,60.563944,60.608349,3897900,Yahoo Finance
2014-01-06,60.430734,60.674975,60.023666,60.023666,11188800,Yahoo Finance
2014-01-07,60.179089,60.630562,60.008865,60.319714,4630900,Yahoo Finance
2014-01-08,60.349309,60.645357,59.971846,60.637955,4662300,Yahoo Finance
2014-01-09,60.615754,60.645359,59.927443,60.371513,4966000,Yahoo Finance
2014-01-10,60.482562,60.719400,60.260524,60.697197,4981000,Yahoo Finance
2014-01-13,60.401124,60.785984,59.920046,59.927448,6952400,Yahoo Finance
2014-01-14,60.156911,60.312335,59.661032,59.957081,5217300,Yahoo Finance
2014-01-15,59.838634,60.267904,59.757220,60.001461,5196800,Yahoo Finance
2014-01-16,59.875639,60.230893,59.786823,60.142082,4871200,Yahoo Finance
2014-01-17,60.186472,60.208675,59.690594,59.949635,6178000,Yahoo Finance
2014-01-21,60.171679,60.319701,59.068898,59.549976,6932800,Yahoo Finance
2014-01-22,59.698019,59.809032,59.150327,59.357559,5821600,Yahoo Finance
2014-01-23,58.928272,59.431553,58.610021,59.387142,6387000,Yahoo Finance
2014-01-24,58.920900,59.209546,58.587849,58.587849,7118300,Yahoo Finance
2014-01-27,58.365792,58.595227,58.114149,58.425003,6591200,Yahoo Finance
2014-01-28,58.040151,58.417613,57.596081,58.128967,10586500,Yahoo Finance
2014-01-29,57.936547,58.284404,56.715349,56.752357,9195300,Yahoo Finance
2014-01-30,57.159393,57.551655,56.730123,56.937355,6820900,Yahoo Finance
2014-01-31,56.397072,57.337027,56.138032,56.878151,10592200,Yahoo Finance
2014-02-03,56.722722,56.789335,55.457119,55.575535,9527000,Yahoo Finance
2014-02-04,55.886371,56.138008,54.894608,55.486706,9573400,Yahoo Finance
2014-02-05,55.309116,55.916013,54.739221,55.701378,10080300,Yahoo Finance
2014-02-06,55.649565,56.397081,55.634759,56.367481,6107100,Yahoo Finance
2014-02-07,56.374879,56.693130,56.138041,56.582111,6194200,Yahoo Finance
2014-02-10,56.663526,56.685729,56.160245,56.552513,6343600,Yahoo Finance
2014-02-11,56.574713,56.981775,56.374877,56.767139,6292900,Yahoo Finance
2014-02-12,56.922578,57.233427,56.744946,57.196419,7345900,Yahoo Finance
2014-02-13,57.240816,57.633084,56.944773,57.425846,6586900,Yahoo Finance
2014-02-14,57.544269,57.825512,57.226017,57.677490,4752300,Yahoo Finance
2014-02-18,57.670082,57.788504,57.040982,57.411041,4954700,Yahoo Finance
2014-02-19,57.174209,57.374039,56.545109,56.582111,7767800,Yahoo Finance
2014-02-20,56.685722,57.403638,56.648719,57.344433,5852200,Yahoo Finance
2014-02-21,57.255618,57.758899,57.255618,57.536861,7764500,Yahoo Finance
2014-02-24,57.610883,57.914334,57.329639,57.633091,11739500,Yahoo Finance
2014-02-25,58.972688,59.949645,58.713647,59.934845,13421700,Yahoo Finance
2014-02-26,59.942255,61.215261,59.794234,60.467739,9737800,Yahoo Finance
2014-02-27,60.438148,60.837808,59.661021,60.667583,6040900,Yahoo Finance
2014-02-28,60.608366,61.503910,60.238307,60.711983,7239600,Yahoo Finance
2014-03-03,59.749825,60.711976,59.668411,60.689774,8359500,Yahoo Finance
2014-03-04,61.348487,61.577922,61.215265,61.333687,6367600,Yahoo Finance
2014-03-05,61.363270,61.577899,61.119029,61.363270,5069900,Yahoo Finance
2014-03-06,61.267066,61.348479,60.860003,60.993225,6168400,Yahoo Finance
2014-03-07,61.141249,61.185654,60.719381,61.096844,5287700,Yahoo Finance
2014-03-10,61.015423,61.089434,60.489939,60.822990,4139000,Yahoo Finance
2014-03-11,60.808120,60.927217,60.331720,60.510368,4667900,Yahoo Finance
2014-03-12,60.093509,60.182831,59.728761,59.966961,7048700,Yahoo Finance
2014-03-13,60.339155,60.339155,58.597317,58.656868,7665800,Yahoo Finance
2014-03-14,58.671751,59.460788,58.649421,59.088600,6739000,Yahoo Finance
2014-03-17,59.230046,59.691562,58.991846,59.237492,5547600,Yahoo Finance
2014-03-18,59.289584,59.966963,59.267253,59.416126,5032600,Yahoo Finance
2014-03-19,59.527770,59.914843,59.103475,59.364006,6568400,Yahoo Finance
2014-03-20,59.334254,59.728773,59.155605,59.617115,5097800,Yahoo Finance
2014-03-21,60.130731,60.964435,59.736212,59.862755,10086100,Yahoo Finance
2014-03-24,59.855321,59.892537,58.954621,59.297039,7574200,Yahoo Finance
2014-03-25,59.587318,59.617088,58.924824,59.155579,5375500,Yahoo Finance
2014-03-26,59.170471,59.386341,58.582413,58.708961,6364600,Yahoo Finance
2014-03-27,58.530299,58.820605,58.336765,58.567520,5803300,Yahoo Finance
2014-03-28,58.746186,59.177926,58.426104,58.597313,5132700,Yahoo Finance
2014-03-31,58.962059,59.051386,58.686638,58.902508,5736200,Yahoo Finance
2014-04-01,58.984388,59.765985,58.984388,59.088600,6697600,Yahoo Finance
2014-04-02,59.207702,60.115842,59.170481,59.512894,6611700,Yahoo Finance
2014-04-03,59.512885,59.564991,58.790845,59.103481,5505400,Yahoo Finance
2014-04-04,59.282138,59.326799,58.426104,58.597313,6422000,Yahoo Finance
2014-04-07,58.574981,58.574981,57.339313,57.413750,11121300,Yahoo Finance
2014-04-08,57.249988,57.644506,56.885239,57.398861,7371000,Yahoo Finance
2014-04-09,57.495612,58.009233,57.421175,57.882690,8027600,Yahoo Finance
2014-04-10,57.778496,58.225121,57.093666,57.153217,6201500,Yahoo Finance
2014-04-11,57.034127,57.361649,56.312081,56.349297,8399100,Yahoo Finance
2014-04-14,56.795919,57.212768,56.207861,56.550274,8677200,Yahoo Finance
2014-04-15,56.788459,56.870341,55.537907,56.490707,7022900,Yahoo Finance
2014-04-16,56.885242,57.004345,56.423732,57.004345,6104700,Yahoo Finance
2014-04-17,56.766163,57.823176,56.505632,57.383991,6875000,Yahoo Finance
2014-04-21,58.321869,58.321869,57.815693,58.031563,6253300,Yahoo Finance
2014-04-22,58.612192,59.721317,58.530310,59.304462,11188400,Yahoo Finance
2014-04-23,59.453353,59.587341,58.388895,58.448441,7497000,Yahoo Finance
2014-04-24,58.783401,59.408674,58.597307,59.378899,7271600,Yahoo Finance
2014-04-25,59.110936,59.326800,58.828070,59.088600,6381400,Yahoo Finance
2014-04-28,59.200247,60.406138,59.051374,59.676647,14562400,Yahoo Finance
2014-04-29,59.788317,59.788317,59.192814,59.192814,5146500,Yahoo Finance
2014-04-30,59.356586,59.356586,58.604770,59.185383,8524700,Yahoo Finance
2014-05-01,59.185349,59.289561,58.768495,59.051361,3936700,Yahoo Finance
2014-05-02,59.043930,59.669209,58.924833,59.103481,3738400,Yahoo Finance
2014-05-05,58.835505,58.939717,58.478202,58.574974,3521000,Yahoo Finance
2014-05-06,58.537760,58.627087,57.577513,57.629620,6475800,Yahoo Finance
2014-05-07,57.949697,58.031579,56.959675,57.376530,5378600,Yahoo Finance
2014-05-08,57.272317,57.860375,57.063892,57.354198,5485100,Yahoo Finance
2014-05-09,57.361625,57.875246,57.175531,57.845470,4345800,Yahoo Finance
2014-05-12,57.927392,58.388908,57.875286,58.262360,4324200,Yahoo Finance
2014-05-13,58.329341,58.567541,57.346764,57.517967,5455500,Yahoo Finance
2014-05-14,57.562604,57.592380,56.699125,56.803337,6870000,Yahoo Finance
2014-05-15,56.609839,56.788488,56.066441,56.751266,6304700,Yahoo Finance
2014-05-16,57.160682,57.592422,57.063915,57.584976,7039400,Yahoo Finance
2014-05-19,57.004345,57.369088,56.848027,56.944794,7733800,Yahoo Finance
2014-05-20,58.001787,58.671727,57.614714,58.031563,15432200,Yahoo Finance
2014-05-21,58.247461,58.441000,57.875273,58.120918,6693900,Yahoo Finance
2014-05-22,57.882699,58.842945,57.882699,58.641960,5265900,Yahoo Finance
2014-05-23,58.634535,59.103495,58.441001,58.939732,5003100,Yahoo Finance
2014-05-27,59.088606,59.550121,59.029060,59.319366,4760600,Yahoo Finance
2014-05-28,59.364011,59.550105,59.006708,59.311905,4002200,Yahoo Finance
2014-05-29,59.460787,59.542669,59.133265,59.475677,4408900,Yahoo Finance
2014-05-30,59.378907,59.751095,59.237479,59.721325,4528000,Yahoo Finance
2014-06-02,59.736201,60.339144,59.676650,60.175381,6817700,Yahoo Finance
2014-06-03,60.040634,60.557253,60.010684,60.400021,5477700,Yahoo Finance
2014-06-04,60.137925,60.564701,59.943254,60.302647,4961600,Yahoo Finance
2014-06-05,60.400001,60.542262,60.107997,60.182869,5666400,Yahoo Finance
2014-06-06,60.332619,60.849238,60.280208,60.377541,4460300,Yahoo Finance
2014-06-09,60.370052,60.886677,60.212819,60.355080,3718600,Yahoo Finance
2014-06-10,60.093025,60.534772,60.063075,60.452412,4249500,Yahoo Finance
2014-06-11,60.242756,60.444916,59.718648,59.756081,4918100,Yahoo Finance
2014-06-12,59.696194,59.733627,58.550633,58.722843,7643300,Yahoo Finance
2014-06-13,58.767773,58.842645,58.213715,58.453308,7971800,Yahoo Finance
2014-06-16,58.370953,59.217015,58.370953,59.074760,7164400,Yahoo Finance
2014-06-17,59.029818,60.242761,58.947463,59.913319,9587300,Yahoo Finance
2014-06-18,59.920830,60.467405,59.741136,60.429966,8071500,Yahoo Finance
2014-06-19,60.429957,60.534778,59.860921,60.227802,5095400,Yahoo Finance
2014-06-20,60.414977,60.497338,59.793530,60.025635,13661000,Yahoo Finance
2014-06-23,60.018154,60.497340,59.875893,60.377541,4920400,Yahoo Finance
2014-06-24,60.182868,60.519799,59.771070,60.220306,5579300,Yahoo Finance
2014-06-25,60.167902,60.355085,59.988209,60.295185,4486300,Yahoo Finance
2014-06-26,60.235260,60.624602,59.988184,60.459881,5165200,Yahoo Finance
2014-06-27,60.385040,60.998998,60.370062,60.744427,5011000,Yahoo Finance
2014-06-30,60.662064,60.819302,60.257755,60.617142,5045300,Yahoo Finance
2014-07-01,60.886671,61.373346,60.811799,61.261036,5234600,Yahoo Finance
2014-07-02,61.276005,61.530576,61.111290,61.380833,4185700,Yahoo Finance
2014-07-03,61.448234,61.657877,61.246079,61.433262,2764000,Yahoo Finance
2014-07-07,61.193666,61.463203,60.751912,60.961555,6071000,Yahoo Finance
2014-07-08,60.961550,61.043911,60.310159,60.467392,7322900,Yahoo Finance
2014-07-09,60.729454,60.819303,60.033135,60.444939,6980600,Yahoo Finance
2014-07-10,59.187050,59.583876,58.363443,59.449104,11530900,Yahoo Finance
2014-07-11,59.591353,59.823463,59.306838,59.606331,4746400,Yahoo Finance
2014-07-14,59.838426,59.943247,59.291857,59.494011,7657200,Yahoo Finance
2014-07-15,59.523990,59.943277,59.464091,59.793533,6051900,Yahoo Finance
2014-07-16,59.928333,60.078077,59.434169,59.643818,9033700,Yahoo Finance
2014-07-17,59.486524,59.808478,59.321808,59.561401,7697300,Yahoo Finance
2014-07-18,59.748612,60.107999,59.486553,59.958256,5323200,Yahoo Finance
2014-07-21,59.905842,59.920814,59.546449,59.681221,4112800,Yahoo Finance
2014-07-22,60.167875,60.459879,60.048076,60.302647,6336100,Yahoo Finance
2014-07-23,60.242766,60.714463,60.055583,60.662052,3669200,Yahoo Finance
2014-07-24,60.789350,61.051404,60.564729,60.796833,4359600,Yahoo Finance
2014-07-25,60.721978,60.871727,60.564745,60.669567,4680100,Yahoo Finance
2014-07-28,60.796822,60.901644,60.392514,60.699490,3441600,Yahoo Finance
2014-07-29,60.804323,61.253559,60.564730,60.632118,4536500,Yahoo Finance
2014-07-30,61.021439,61.283493,60.699485,61.216110,5807300,Yahoo Finance
2014-07-31,60.714434,61.081315,60.534740,60.534740,5748900,Yahoo Finance
2014-08-01,60.317647,60.706989,59.703689,59.711178,8708000,Yahoo Finance
2014-08-04,59.673748,60.085551,59.643803,59.920830,7025000,Yahoo Finance
2014-08-05,59.733647,60.542277,59.733647,59.920830,5895500,Yahoo Finance
2014-08-06,59.853442,60.662065,59.786053,60.287701,4228200,Yahoo Finance
2014-08-07,60.459907,60.699500,60.115492,60.250263,4045900,Yahoo Finance
2014-08-08,60.699493,61.740227,60.557233,61.717766,7226500,Yahoo Finance
2014-08-11,61.852522,62.196936,61.770161,62.054676,3952000,Yahoo Finance
2014-08-12,61.957358,62.211923,61.904947,62.084641,3657100,Yahoo Finance
2014-08-13,62.129580,62.436556,61.949881,62.234402,4498700,Yahoo Finance
2014-08-14,62.211920,62.870805,61.949866,62.788445,4923000,Yahoo Finance
2014-08-15,62.923206,62.960639,62.032216,62.661152,5383500,Yahoo Finance
2014-08-18,63.050514,63.357496,62.361684,62.586300,9475300,Yahoo Finance
2014-08-19,65.064605,66.629448,64.817523,66.060417,18244600,Yahoo Finance
2014-08-20,66.015459,68.186775,65.948076,67.947182,13394200,Yahoo Finance
2014-08-21,67.894785,68.740847,67.887296,68.246689,8315900,Yahoo Finance
2014-08-22,67.939698,68.381451,67.872315,68.156830,6939200,Yahoo Finance
2014-08-25,68.321542,68.748318,68.096921,68.284103,7328700,Yahoo Finance
2014-08-26,68.119402,68.755821,68.059502,68.606071,5396400,Yahoo Finance
2014-08-27,68.643529,68.853172,68.366497,68.785789,4320200,Yahoo Finance
2014-08-28,68.433894,69.429706,68.336555,69.264984,7575700,Yahoo Finance
2014-08-29,69.437159,70.021167,69.339826,70.006195,7672200,Yahoo Finance
2014-09-02,70.013716,70.216892,67.613201,68.591469,20753200,Yahoo Finance
2014-09-03,68.561380,68.711881,66.958532,66.973579,15410400,Yahoo Finance
2014-09-04,66.973587,68.290484,66.973587,67.673424,8452200,Yahoo Finance
2014-09-05,67.470241,68.960212,67.184283,68.937637,7746400,Yahoo Finance
2014-09-08,68.764552,69.065558,68.155019,68.343147,4885900,Yahoo Finance
2014-09-09,67.884105,67.974409,66.808013,66.920891,8103000,Yahoo Finance
2014-09-10,66.717726,67.274583,66.469395,67.161705,6245400,Yahoo Finance
2014-09-11,67.026267,67.289645,66.687639,67.139145,4537800,Yahoo Finance
2014-09-12,67.259545,67.349848,66.567235,66.853188,4593700,Yahoo Finance
2014-09-15,67.109029,67.379934,66.672571,67.259529,3935000,Yahoo Finance
2014-09-16,67.176741,68.282934,66.619883,67.929253,5045100,Yahoo Finance
2014-09-17,68.200187,68.884976,67.680958,68.644173,7068800,Yahoo Finance
2014-09-18,69.103172,69.562204,68.629085,69.298820,6025100,Yahoo Finance
2014-09-19,69.870736,70.547998,69.381603,69.486954,12498800,Yahoo Finance
2014-09-22,69.216060,69.547161,68.990304,69.148331,5208800,Yahoo Finance
2014-09-23,69.073092,69.396672,68.817235,68.847336,6330000,Yahoo Finance
2014-09-24,68.990309,70.066402,68.741979,69.998672,6381400,Yahoo Finance
2014-09-25,69.833123,69.983623,68.892483,69.155861,4972100,Yahoo Finance
2014-09-26,69.449365,69.983648,69.080635,69.863243,4571400,Yahoo Finance
2014-09-29,69.509564,70.111570,69.193504,69.893341,3894600,Yahoo Finance
2014-09-30,70.006195,70.141647,68.779602,69.035454,6773000,Yahoo Finance
2014-10-01,69.336476,69.486976,68.418410,68.493660,5970700,Yahoo Finance
2014-10-02,68.711891,69.577282,68.531290,69.411728,5991200,Yahoo Finance
2014-10-03,69.622419,70.495335,69.486966,70.389984,6200100,Yahoo Finance
2014-10-06,70.525407,70.924238,70.028747,70.179253,4951700,Yahoo Finance
2014-10-07,70.013732,70.405036,69.562226,69.584801,5030300,Yahoo Finance
2014-10-08,69.660055,70.856553,69.411725,70.803871,6618900,Yahoo Finance
2014-10-09,70.668406,71.330615,69.998665,70.036293,6674700,Yahoo Finance
2014-10-10,70.156697,70.630778,69.637462,69.644989,6349800,Yahoo Finance
2014-10-13,69.893355,69.938510,68.049702,68.177628,7372200,Yahoo Finance
2014-10-14,68.004520,68.124919,66.612368,67.801338,9711300,Yahoo Finance
2014-10-15,66.288801,67.101516,65.182613,66.108200,12987500,Yahoo Finance
2014-10-16,64.979408,67.515376,64.979408,66.883263,7147600,Yahoo Finance
2014-10-17,67.199350,68.568922,67.011222,67.906708,7007300,Yahoo Finance
2014-10-20,67.628262,69.283786,67.553006,69.118233,5609400,Yahoo Finance
2014-10-21,69.629949,71.014574,69.321422,70.886642,6604700,Yahoo Finance
2014-10-22,70.961880,71.481110,70.164214,70.239464,5908900,Yahoo Finance
2014-10-23,71.112402,71.879962,71.067253,71.338158,5923100,Yahoo Finance
2014-10-24,71.187661,71.631646,70.833979,71.481140,4825200,Yahoo Finance
2014-10-27,71.458533,72.000342,71.270405,71.842316,4465100,Yahoo Finance
2014-10-28,72.173425,72.692654,71.864892,72.685127,5260100,Yahoo Finance
2014-10-29,72.707726,73.181807,72.090667,72.557220,4275400,Yahoo Finance
2014-10-30,72.331474,73.595695,72.263745,73.384987,4115800,Yahoo Finance
2014-10-31,74.333154,74.694362,73.242013,73.384987,6335900,Yahoo Finance
2014-11-03,72.850693,72.865747,72.226113,72.308884,7614200,Yahoo Finance
2014-11-04,72.286310,72.376613,71.631628,72.211060,5349600,Yahoo Finance
2014-11-05,72.685140,72.880795,71.601527,72.075607,5002700,Yahoo Finance
2014-11-06,72.504536,73.377452,72.248684,73.211899,4016900,Yahoo Finance
2014-11-07,73.121610,73.558069,72.760408,73.482819,3429600,Yahoo Finance
2014-11-10,73.475290,73.874121,72.993683,73.866600,3662300,Yahoo Finance
2014-11-11,74.092343,74.310572,73.655885,73.851540,3818400,Yahoo Finance
2014-11-12,73.971956,74.272956,73.452720,74.114929,4629400,Yahoo Finance
2014-11-13,74.423445,74.769600,74.002035,74.498695,3182800,Yahoo Finance
2014-11-14,74.423449,74.498699,73.761235,73.926788,4085500,Yahoo Finance
2014-11-17,73.874112,74.461070,73.595686,73.768761,8581600,Yahoo Finance
2014-11-18,73.106566,73.527971,72.226128,72.226128,10384400,Yahoo Finance
2014-11-19,72.655049,73.226954,72.241165,72.767921,6831100,Yahoo Finance
2014-11-20,72.301366,73.723613,72.256211,73.422607,4958800,Yahoo Finance
2014-11-21,74.483648,74.573946,73.610731,73.956886,6806800,Yahoo Finance
2014-11-24,74.257898,74.423452,73.911743,74.047195,5043600,Yahoo Finance
2014-11-25,74.227798,74.400879,72.549699,73.001205,7992000,Yahoo Finance
2014-11-26,73.038817,73.527951,73.001194,73.520424,4337900,Yahoo Finance
2014-11-28,73.791336,75.100712,73.746187,74.799706,3305800,Yahoo Finance
2014-12-01,74.867427,74.957730,73.979462,74.408394,4393700,Yahoo Finance
2014-12-02,74.567191,74.854510,74.090841,74.219383,4677700,Yahoo Finance
2014-12-03,74.173989,74.657896,74.128625,74.544479,4357200,Yahoo Finance
2014-12-04,74.211815,74.937676,73.932053,74.816696,5220000,Yahoo Finance
2014-12-05,74.680580,75.368639,74.597414,75.338394,4649100,Yahoo Finance
2014-12-08,75.391325,76.328895,75.353523,75.935722,6624300,Yahoo Finance
2014-12-09,75.376202,75.595473,74.544481,75.338394,5280500,Yahoo Finance
2014-12-10,75.126706,75.784521,74.718408,74.809143,5357000,Yahoo Finance
2014-12-11,75.066222,76.669170,74.967931,75.814766,6864000,Yahoo Finance
2014-12-12,75.376220,76.555744,75.149386,75.444267,5983300,Yahoo Finance
2014-12-15,75.618154,76.548161,75.073757,75.648399,5488300,Yahoo Finance
2014-12-16,75.141823,75.784518,73.334730,73.387657,7829300,Yahoo Finance
2014-12-17,73.788395,74.960362,73.410342,74.809143,6096400,Yahoo Finance
2014-12-18,75.867679,76.132320,75.081334,76.117195,6594000,Yahoo Finance
2014-12-19,76.306224,77.122820,76.223052,77.069893,12500600,Yahoo Finance
2014-12-22,77.311841,78.309900,77.296721,78.256973,5418900,Yahoo Finance
2014-12-23,78.377950,78.786243,78.120871,78.453560,4067700,Yahoo Finance
2014-12-24,78.672849,78.922360,78.302353,78.302353,1819000,Yahoo Finance
2014-12-26,78.619891,78.876964,78.241838,78.445984,2594900,Yahoo Finance
2014-12-29,78.317461,79.239911,78.075507,79.035759,3492700,Yahoo Finance
2014-12-30,78.967699,79.194528,78.521594,78.839157,2927800,Yahoo Finance
2014-12-31,79.202110,80.162362,79.058448,79.368454,5821600,Yahoo Finance
2015-01-02,79.512091,79.890144,77.629383,78.204025,4323700,Yahoo Finance
2015-01-05,77.712588,77.712588,76.207938,76.563309,5878100,Yahoo Finance
2015-01-06,77.175736,77.175736,75.867670,76.328896,4910100,Yahoo Finance
2015-01-07,77.342091,78.990402,77.122819,78.945038,5091000,Yahoo Finance
2015-01-08,79.670901,80.895789,79.406259,80.691643,6464600,Yahoo Finance
2015-01-09,80.812625,80.812625,79.255049,79.307976,5717600,Yahoo Finance
2015-01-12,79.519655,79.610390,78.680377,78.952576,4992900,Yahoo Finance
2015-01-13,79.701144,80.177488,77.992342,78.430885,5395200,Yahoo Finance
2015-01-14,77.440406,78.188956,77.032108,77.606750,5384400,Yahoo Finance
2015-01-15,78.120863,78.370379,76.230598,76.374260,6895000,Yahoo Finance
2015-01-16,76.260847,78.869410,75.792059,78.725754,6403800,Yahoo Finance
2015-01-20,79.270138,79.353310,77.387436,78.067932,5331300,Yahoo Finance
2015-01-21,77.916728,78.680391,77.500867,78.279655,5899200,Yahoo Finance
2015-01-22,78.922344,80.381629,78.287217,80.200165,5804100,Yahoo Finance
2015-01-23,80.306025,80.510177,79.625528,79.670898,4072300,Yahoo Finance
2015-01-26,79.663343,80.525303,79.436509,80.419449,4192300,Yahoo Finance
2015-01-27,79.224799,80.003587,78.937481,79.512123,4606500,Yahoo Finance
2015-01-28,79.625530,81.228477,79.088695,79.194550,4917300,Yahoo Finance
2015-01-29,79.496993,81.462868,79.020649,81.372139,6529300,Yahoo Finance
2015-01-30,80.419423,80.797476,78.922331,78.952576,7000000,Yahoo Finance
2015-02-02,79.224780,79.391124,76.797681,78.960144,5012800,Yahoo Finance
2015-02-03,79.307953,81.145291,79.247463,81.084801,5969200,Yahoo Finance
2015-02-04,80.971394,82.415559,80.714321,81.969460,6765200,Yahoo Finance
2015-02-05,82.400410,82.672602,81.772841,82.407967,4471800,Yahoo Finance
2015-02-06,82.627265,82.975073,82.007258,82.445801,4223700,Yahoo Finance
2015-02-09,82.324802,82.763345,81.689676,81.916504,4243800,Yahoo Finance
2015-02-10,82.256776,83.814352,82.158484,83.678253,5414400,Yahoo Finance
2015-02-11,83.625315,83.776540,83.027991,83.406044,4552900,Yahoo Finance
2015-02-12,83.784108,84.835095,83.330445,84.804855,4592200,Yahoo Finance
2015-02-13,84.691435,84.978753,84.154601,84.600700,5098600,Yahoo Finance
2015-02-17,84.449493,84.857791,83.640459,84.683884,6028600,Yahoo Finance
2015-02-18,84.381427,84.812407,83.927764,84.676308,3731600,Yahoo Finance
2015-02-19,84.691449,85.024132,83.655582,83.882416,5910600,Yahoo Finance
2015-02-20,83.784109,84.872904,83.209473,84.865341,7276100,Yahoo Finance
2015-02-23,85.432411,85.560953,84.532649,84.895576,5638000,Yahoo Finance
2015-02-24,88.842455,89.160018,87.050482,88.275375,12775500,Yahoo Finance
2015-02-25,88.729047,88.729047,87.594888,87.942696,7328200,Yahoo Finance
2015-02-26,87.708274,88.025837,87.103387,87.239487,5649900,Yahoo Finance
2015-02-27,87.095849,87.458777,86.619499,86.763161,5732600,Yahoo Finance
2015-03-02,86.846346,88.509778,86.846346,87.799042,5971900,Yahoo Finance
2015-03-03,87.791468,87.799030,86.800971,87.761223,3784800,Yahoo Finance
2015-03-04,87.247066,87.307556,86.385106,86.770721,3799000,Yahoo Finance
2015-03-05,87.126106,87.783915,86.997564,87.640259,4088700,Yahoo Finance
2015-03-06,87.678030,87.678030,86.196063,86.536308,5169200,Yahoo Finance
2015-03-09,86.483413,87.315135,86.475856,87.141228,5351200,Yahoo Finance
2015-03-10,86.525639,86.898036,85.545242,85.545242,5685000,Yahoo Finance
2015-03-11,85.636440,86.487639,85.431244,85.932838,4356500,Yahoo Finance
2015-03-12,86.525656,88.509248,86.464855,88.235649,5742000,Yahoo Finance
2015-03-13,88.152012,88.395211,86.639620,87.262817,4626900,Yahoo Finance
2015-03-16,87.650425,88.623220,87.642823,88.539619,4820300,Yahoo Finance
2015-03-17,87.741643,88.220445,87.506046,87.840446,3715900,Yahoo Finance
2015-03-18,87.711224,88.478817,86.115227,88.220421,4773600,Yahoo Finance
2015-03-19,88.319210,88.486411,87.452815,87.521217,3545600,Yahoo Finance
2015-03-20,87.817633,89.672021,87.650433,89.292023,8446000,Yahoo Finance
2015-03-23,88.950035,89.489632,88.212837,88.212837,4095200,Yahoo Finance
2015-03-24,88.311609,89.550408,88.190013,88.273613,4026900,Yahoo Finance
2015-03-25,88.129207,88.623206,86.366015,86.396416,4725800,Yahoo Finance
2015-03-26,86.153221,86.206420,84.800427,85.400826,5409600,Yahoo Finance
2015-03-27,85.180440,86.814435,85.119639,86.533234,3879300,Yahoo Finance
2015-03-30,87.369231,88.197631,87.042433,87.118431,3968400,Yahoo Finance
2015-03-31,86.411643,87.680843,86.297649,86.343246,4128800,Yahoo Finance
2015-04-01,86.548406,86.639608,85.446414,85.978409,4737700,Yahoo Finance
2015-04-02,85.583247,87.338838,85.514844,87.050041,4064800,Yahoo Finance
2015-04-06,86.221638,87.817636,86.191243,87.361633,3248900,Yahoo Finance
2015-04-07,87.270427,88.000024,86.814430,86.867630,3188300,Yahoo Finance
2015-04-08,86.616831,88.015223,86.510432,87.848022,3753500,Yahoo Finance
2015-04-09,87.749250,88.349648,86.746054,87.072853,4674000,Yahoo Finance
2015-04-10,86.996844,87.893640,86.958842,87.582039,3658100,Yahoo Finance
2015-04-13,87.369218,87.726417,86.905619,86.974022,2982000,Yahoo Finance
2015-04-14,86.791638,87.384440,85.963244,86.677643,4072500,Yahoo Finance
2015-04-15,87.080426,87.559222,86.168427,86.221626,4210800,Yahoo Finance
2015-04-16,86.138046,86.632045,85.894847,86.160851,4013000,Yahoo Finance
2015-04-17,85.811234,85.963231,84.944833,85.195633,6245200,Yahoo Finance
2015-04-20,85.879623,86.404022,85.636424,85.773224,4396300,Yahoo Finance
2015-04-21,86.259628,86.624428,85.499631,86.008827,3899500,Yahoo Finance
2015-04-22,86.031631,86.115231,85.264038,85.872032,4065500,Yahoo Finance
2015-04-23,85.682033,87.027231,85.545233,86.609230,3945300,Yahoo Finance
2015-04-24,86.548421,86.670023,85.803627,86.411621,2878300,Yahoo Finance
2015-04-27,86.677630,86.723228,84.572436,84.656036,5618000,Yahoo Finance
2015-04-28,84.283619,84.944812,83.637623,84.040421,5743300,Yahoo Finance
2015-04-29,83.728827,83.835226,82.132835,82.619232,7238900,Yahoo Finance
2015-04-30,82.505249,82.999248,81.030859,81.304459,9041600,Yahoo Finance
2015-05-01,81.304453,83.440042,81.205650,83.257645,6696900,Yahoo Finance
2015-05-04,83.554060,83.941654,83.082860,83.645256,3366800,Yahoo Finance
2015-05-05,82.991663,83.508461,82.064472,82.125267,4164800,Yahoo Finance
2015-05-06,82.231654,82.771257,81.502058,82.315254,3996600,Yahoo Finance
2015-05-07,82.383656,84.146849,82.269656,83.630051,5400200,Yahoo Finance
2015-05-08,85.423630,86.244428,85.203230,85.476830,6435300,Yahoo Finance
2015-05-11,85.302036,85.811239,84.975237,85.043640,3725200,Yahoo Finance
2015-05-12,84.450833,85.742825,84.230433,85.514824,4053800,Yahoo Finance
2015-05-13,85.818827,85.841626,84.435633,84.504036,4340700,Yahoo Finance
2015-05-14,85.157613,85.286811,84.230416,85.074013,3815700,Yahoo Finance
2015-05-15,85.058842,86.183640,84.982843,86.145638,4575800,Yahoo Finance
2015-05-18,86.540806,87.095600,86.001209,86.890404,6878200,Yahoo Finance
2015-05-19,88.250829,88.524429,85.378036,85.378036,11133200,Yahoo Finance
2015-05-20,85.264036,85.796031,84.526838,85.195633,7004500,Yahoo Finance
2015-05-21,85.104444,85.370442,84.830845,85.127243,4238600,Yahoo Finance
2015-05-22,85.020826,85.522421,84.709225,85.241226,3694000,Yahoo Finance
2015-05-26,85.119592,85.256392,84.123999,84.306396,4612600,Yahoo Finance
2015-05-27,84.390028,85.522421,84.215226,85.241226,4147800,Yahoo Finance
2015-05-28,85.051232,85.651625,85.013230,85.264030,2806100,Yahoo Finance
2015-05-29,84.998030,85.568028,84.640837,84.678833,5310600,Yahoo Finance
2015-06-01,85.096852,85.378047,84.549653,84.868851,5114500,Yahoo Finance
2015-06-02,84.616691,85.709259,84.532647,85.258476,6088200,Yahoo Finance
2015-06-03,85.357828,86.702529,85.151536,86.458038,6337500,Yahoo Finance
2015-06-04,85.969038,86.458025,84.937594,85.159164,4328600,Yahoo Finance
2015-06-05,85.067478,85.082762,84.249962,84.326370,4505400,Yahoo Finance
2015-06-08,84.150650,84.662551,83.913802,83.990204,3449000,Yahoo Finance
2015-06-09,83.883213,84.234668,83.302546,83.684563,3659000,Yahoo Finance
2015-06-10,83.967292,84.952896,83.577634,84.792450,3967900,Yahoo Finance
2015-06-11,84.807704,85.823869,84.807704,85.029274,3642800,Yahoo Finance
2015-06-12,84.723676,85.258497,84.364579,84.502106,4301900,Yahoo Finance
2015-06-15,84.219404,84.395128,83.699861,84.051315,3965200,Yahoo Finance
2015-06-16,83.967289,84.387504,83.852683,84.219421,3466600,Yahoo Finance
2015-06-17,84.601421,85.029278,84.013112,84.402771,5722200,Yahoo Finance
2015-06-18,84.853566,85.800972,84.624360,85.457153,7222600,Yahoo Finance
2015-06-19,85.296697,86.564995,85.143892,85.900284,9255100,Yahoo Finance
2015-06-22,86.282288,86.809472,86.167681,86.389252,3190200,Yahoo Finance
2015-06-23,86.519145,86.786555,86.282296,86.473305,3075900,Yahoo Finance
2015-06-24,86.289940,86.855323,85.839157,85.839157,3716100,Yahoo Finance
2015-06-25,86.519145,86.878242,85.755112,85.755112,4466300,Yahoo Finance
2015-06-26,86.160066,86.595565,85.747493,86.030182,4208500,Yahoo Finance
2015-06-29,85.235549,85.816216,84.395114,84.456238,5187400,Yahoo Finance
2015-06-30,84.922320,85.388381,84.494457,84.907036,5938800,Yahoo Finance
2015-07-01,85.915552,86.190604,85.166802,85.625221,4216200,Yahoo Finance
2015-07-02,86.014875,86.144759,84.884103,85.182076,3845000,Yahoo Finance
2015-07-06,84.249970,85.518269,84.173568,85.052208,3864700,Yahoo Finance
2015-07-07,85.357815,86.060724,84.578497,85.877357,5515900,Yahoo Finance
2015-07-08,85.357783,85.923166,84.654874,84.807678,3794100,Yahoo Finance
2015-07-09,85.816216,86.022502,84.960496,85.098022,3643700,Yahoo Finance
2015-07-10,86.083659,86.702530,85.640518,86.412193,4631400,Yahoo Finance
2015-07-13,87.260245,87.879110,87.153281,87.787430,4171900,Yahoo Finance
2015-07-14,87.481816,88.268770,87.397772,88.138885,3688900,Yahoo Finance
2015-07-15,88.184736,88.742483,87.917325,88.306984,3364600,Yahoo Finance
2015-07-16,88.528545,88.559107,86.969916,87.657547,5234800,Yahoo Finance
2015-07-17,87.474171,87.863830,87.099796,87.458893,5497600,Yahoo Finance
2015-07-20,85.762751,87.183854,85.701627,86.649033,6107500,Yahoo Finance
2015-07-21,86.649031,87.076888,86.091284,86.992844,4660600,Yahoo Finance
2015-07-22,87.069237,87.924956,86.946994,87.787430,5485200,Yahoo Finance
2015-07-23,88.024278,88.711909,87.428333,87.550575,4308900,Yahoo Finance
2015-07-24,87.665207,88.039588,86.664325,86.786568,4427800,Yahoo Finance
2015-07-27,86.618464,87.015759,86.114199,86.389252,4468200,Yahoo Finance
2015-07-28,86.916456,87.886776,86.473315,87.741608,4176800,Yahoo Finance
2015-07-29,87.986096,89.208548,87.947892,88.910576,5104000,Yahoo Finance
2015-07-30,88.582037,89.193260,88.131254,88.979332,3291100,Yahoo Finance
2015-07-31,89.376627,90.255261,88.910566,89.414825,4301200,Yahoo Finance
2015-08-03,89.865616,89.926734,88.750128,89.307869,3645000,Yahoo Finance
2015-08-04,89.109213,90.018415,88.818883,89.796844,3008200,Yahoo Finance
2015-08-05,90.446291,90.560897,89.468329,90.155960,4299100,Yahoo Finance
2015-08-06,90.453915,90.537959,88.681358,89.055733,4768900,Yahoo Finance
2015-08-07,89.162679,89.514140,88.459770,89.338409,3986100,Yahoo Finance
2015-08-10,89.796829,90.415694,89.666945,89.850311,3408900,Yahoo Finance
2015-08-11,89.407199,90.262918,89.208554,89.919106,4080000,Yahoo Finance
2015-08-12,89.491243,90.064268,88.398675,89.919106,4575800,Yahoo Finance
2015-08-13,90.155945,91.790977,89.995499,90.935257,6255500,Yahoo Finance
2015-08-14,91.149199,91.599976,90.507408,91.493011,5135500,Yahoo Finance
2015-08-17,90.996362,92.257018,90.713673,91.454781,7255600,Yahoo Finance
2015-08-18,93.082190,94.587337,92.562647,93.823303,11021900,Yahoo Finance
2015-08-19,93.723974,94.579693,93.311395,93.792740,6490300,Yahoo Finance
2015-08-20,93.196798,93.617013,92.096588,92.096588,5555500,Yahoo Finance
2015-08-21,91.332553,91.959060,88.742480,88.750122,10190700,Yahoo Finance
2015-08-24,84.081895,88.536206,70.420971,85.984337,13983100,Yahoo Finance
2015-08-25,89.391911,89.391911,84.723666,84.784790,10221100,Yahoo Finance
2015-08-26,87.145665,88.650812,85.632881,88.574409,9313200,Yahoo Finance
2015-08-27,89.773923,90.224700,88.115972,89.896172,7579100,Yahoo Finance
2015-08-28,89.720447,90.507401,89.330789,89.789207,5016000,Yahoo Finance
2015-08-31,89.399553,89.766285,88.574395,88.979332,5444500,Yahoo Finance
2015-09-01,87.535636,88.119260,86.437505,86.829147,7392900,Yahoo Finance
2015-09-02,88.180694,89.447769,87.789051,89.447769,6487400,Yahoo Finance
2015-09-03,89.870132,90.676455,89.217398,89.539925,5302900,Yahoo Finance
2015-09-04,88.065499,88.841104,87.151668,87.865837,5752000,Yahoo Finance
2015-09-08,88.841078,89.570603,88.103872,89.409340,5775800,Yahoo Finance
2015-09-09,89.931575,90.208028,87.312951,87.520294,5316400,Yahoo Finance
2015-09-10,87.543313,88.626088,87.305258,87.919594,5259100,Yahoo Finance
2015-09-11,87.520290,88.664495,87.312948,88.649139,4472800,Yahoo Finance
2015-09-14,88.695188,88.833415,87.865829,88.103889,4248700,Yahoo Finance
2015-09-15,88.142275,89.562932,87.466504,89.217369,4994000,Yahoo Finance
2015-09-16,89.140605,90.638055,89.056133,90.476791,5285100,Yahoo Finance
2015-09-17,90.868425,92.012630,90.054422,90.545898,6607100,Yahoo Finance
2015-09-18,89.470818,90.000682,88.295895,88.403404,11366700,Yahoo Finance
2015-09-21,89.048429,89.931542,88.518560,89.524544,5201100,Yahoo Finance
2015-09-22,88.618412,89.378655,88.226769,88.925583,4631600,Yahoo Finance
2015-09-23,88.963989,89.501539,88.818087,89.209724,4084900,Yahoo Finance
2015-09-24,88.572332,89.578316,88.188370,89.340256,5172300,Yahoo Finance
2015-09-25,90.023725,90.745570,89.109894,89.647438,5478900,Yahoo Finance
2015-09-28,89.486180,90.138915,87.428144,87.620125,5994600,Yahoo Finance
2015-09-29,87.704573,88.257479,85.853880,86.706276,7908800,Yahoo Finance
2015-09-30,87.827437,88.795016,87.543303,88.687508,5395600,Yahoo Finance
2015-10-01,89.255789,89.946916,88.111579,89.870125,5215200,Yahoo Finance
2015-10-02,88.741280,90.538225,88.088546,90.469109,4359800,Yahoo Finance
2015-10-05,91.190959,91.605638,90.545905,91.536522,4528700,Yahoo Finance
2015-10-06,91.459749,91.536540,90.591997,91.137222,5275400,Yahoo Finance
2015-10-07,91.536534,92.028005,90.991308,91.882103,4680100,Yahoo Finance
2015-10-08,91.620985,93.095403,91.498120,92.964851,4958200,Yahoo Finance
2015-10-09,93.126108,93.302733,92.511773,93.172188,3893500,Yahoo Finance
2015-10-12,93.295065,94.032271,92.918784,93.609917,2861900,Yahoo Finance
2015-10-13,93.510087,93.909411,93.026297,93.387222,2971400,Yahoo Finance
2015-10-14,93.172188,93.594542,91.812960,92.358185,5200400,Yahoo Finance
2015-10-15,92.626969,93.709739,92.458025,93.540794,3448900,Yahoo Finance
2015-10-16,93.402578,94.316410,93.402578,94.254974,4068800,Yahoo Finance
2015-10-19,94.155144,94.608217,93.840293,94.531425,3097700,Yahoo Finance
2015-10-20,94.370180,94.585198,93.955500,94.339462,3318400,Yahoo Finance
2015-10-21,94.677301,95.237882,94.262622,94.684982,3491800,Yahoo Finance
2015-10-22,95.145779,95.591176,94.362493,95.499023,5855300,Yahoo Finance
2015-10-23,95.998157,96.566419,94.431592,95.690987,5281600,Yahoo Finance
2015-10-26,95.644894,96.497290,95.237890,95.998138,4550200,Yahoo Finance
2015-10-27,95.614191,96.059582,95.084322,95.583473,3674800,Yahoo Finance
2015-10-28,95.514356,95.675619,93.855643,95.084320,6821500,Yahoo Finance
2015-10-29,94.777152,95.276304,94.262645,94.938416,4635300,Yahoo Finance
2015-10-30,94.661957,95.798487,94.661957,94.946091,4991500,Yahoo Finance
2015-11-02,95.406855,95.714026,94.746440,95.537407,3715600,Yahoo Finance
2015-11-03,95.399183,96.789123,95.076651,96.497314,4313700,Yahoo Finance
2015-11-04,96.359115,96.658605,95.698700,96.282318,4101200,Yahoo Finance
2015-11-05,96.343742,96.766102,95.952099,96.543404,3059400,Yahoo Finance
2015-11-06,96.197819,96.842878,95.852255,96.743050,3752000,Yahoo Finance
2015-11-09,96.604825,96.850560,94.999861,95.606522,4988800,Yahoo Finance
2015-11-10,95.598843,96.305337,95.253279,96.190147,3872900,Yahoo Finance
2015-11-11,96.320667,96.320667,95.621854,95.767761,3240200,Yahoo Finance
2015-11-12,95.360794,95.967455,94.500717,95.076660,4285700,Yahoo Finance
2015-11-13,94.531434,94.646624,92.074080,92.150871,8728800,Yahoo Finance
2015-11-16,92.189244,92.941806,91.083432,92.795898,7785700,Yahoo Finance
2015-11-17,95.882955,97.019479,94.531408,96.896614,10517100,Yahoo Finance
2015-11-18,97.096297,97.318995,95.729393,97.173088,6502000,Yahoo Finance
2015-11-19,97.165415,98.002455,96.720017,97.418831,4662200,Yahoo Finance
2015-11-20,97.802761,99.991348,97.595418,99.991348,8191900,Yahoo Finance
2015-11-23,99.991376,101.857425,99.991376,101.749916,6329700,Yahoo Finance
2015-11-24,101.312184,102.848032,101.166289,102.594627,6672700,Yahoo Finance
2015-11-25,102.663724,103.854009,102.556216,103.400925,5300900,Yahoo Finance
2015-11-27,103.523788,104.030620,103.308770,103.470039,3337700,Yahoo Finance
2015-11-30,103.823300,103.915459,102.141545,102.809647,8057900,Yahoo Finance
2015-12-01,102.987047,103.843216,102.786495,103.688942,5267600,Yahoo Finance
2015-12-02,103.789201,103.858617,103.025599,103.210709,5022700,Yahoo Finance
2015-12-03,102.987031,103.449818,100.889032,100.989296,6688000,Yahoo Finance
2015-12-04,101.467573,103.997513,101.313311,103.766113,5387100,Yahoo Finance
2015-12-07,103.357282,103.966622,102.732512,103.303284,5444300,Yahoo Finance
2015-12-08,102.362262,103.789202,102.130863,103.233849,4731400,Yahoo Finance
2015-12-09,102.747977,103.958948,101.436718,101.737534,5055600,Yahoo Finance
2015-12-10,101.783798,103.041047,101.660384,102.231155,4185600,Yahoo Finance
2015-12-11,102.231153,102.231153,100.511106,100.611382,5300800,Yahoo Finance
2015-12-14,101.112741,101.914924,100.819647,101.822357,5960100,Yahoo Finance
2015-12-15,102.292844,102.963903,101.189858,101.266983,4921800,Yahoo Finance
2015-12-16,101.945734,102.801903,100.549642,102.508797,4711700,Yahoo Finance
2015-12-17,102.632234,103.002466,101.043310,101.313278,4345800,Yahoo Finance
2015-12-18,100.835028,101.282396,100.279674,100.495644,9840600,Yahoo Finance
2015-12-21,101.043317,101.513824,100.410826,101.282425,3414800,Yahoo Finance
2015-12-22,101.328702,102.030609,100.626807,101.722084,3401900,Yahoo Finance
2015-12-23,102.192552,102.848170,101.722045,102.670769,3244800,Yahoo Finance
2015-12-24,102.431671,102.956165,102.323687,102.508797,1517100,Yahoo Finance
2015-12-28,102.007463,102.508819,101.729787,102.339127,2607200,Yahoo Finance
2015-12-29,102.871355,103.611830,102.801938,103.125893,3037400,Yahoo Finance
2015-12-30,103.033312,103.403544,102.801913,102.855911,2484700,Yahoo Finance
2015-12-31,102.647669,103.025621,101.999760,102.007469,3178700,Yahoo Finance
2016-01-04,100.356815,101.097290,99.847739,101.097290,8050900,Yahoo Finance
2016-01-05,101.158999,101.768350,100.310551,100.603645,5320900,Yahoo Finance
2016-01-06,99.500671,100.194857,99.161287,99.562378,8199600,Yahoo Finance
2016-01-07,97.904031,98.636785,96.183978,96.723907,12551000,Yahoo Finance
2016-01-08,97.526055,97.595471,95.258364,95.566895,7104500,Yahoo Finance
2016-01-11,96.315090,97.248390,95.713453,97.016991,6811600,Yahoo Finance
2016-01-12,97.788322,99.346397,97.055567,98.335960,5695700,Yahoo Finance
2016-01-13,98.320501,98.320501,93.306904,93.638573,8932200,Yahoo Finance
2016-01-14,93.553756,93.731157,91.170365,92.265648,13389100,Yahoo Finance
2016-01-15,90.337344,93.445775,89.550592,91.964836,10515000,Yahoo Finance
2016-01-19,92.975296,94.016581,91.633195,92.373665,6350700,Yahoo Finance
2016-01-20,90.931293,91.525215,87.614601,89.828300,11331400,Yahoo Finance
2016-01-21,90.537887,94.055123,90.352771,92.728447,8993900,Yahoo Finance
2016-01-22,93.823731,96.160838,93.777453,94.687614,6554500,Yahoo Finance
2016-01-25,95.165832,95.528354,93.762024,93.877724,4854700,Yahoo Finance
2016-01-26,93.893144,94.448492,93.052399,94.255661,4475600,Yahoo Finance
2016-01-27,94.456214,95.890876,93.222099,93.769737,5431000,Yahoo Finance
2016-01-28,94.078259,94.633613,92.797860,94.317368,4871600,Yahoo Finance
2016-01-29,95.003857,97.001587,94.679903,97.001587,7616200,Yahoo Finance
2016-02-01,96.353649,98.027418,95.636318,97.580055,4674100,Yahoo Finance
2016-02-02,96.731625,97.518372,96.191695,96.623634,5832200,Yahoo Finance
2016-02-03,97.202126,97.310116,93.746602,95.482079,7485700,Yahoo Finance
2016-02-04,95.374093,95.566924,92.134533,93.414932,9171800,Yahoo Finance
2016-02-05,93.245230,93.330076,89.234353,89.805130,8117700,Yahoo Finance
2016-02-08,88.648145,89.450321,84.552422,86.272469,11286600,Yahoo Finance
2016-02-09,85.570569,88.925822,85.370023,87.822830,7572900,Yahoo Finance
2016-02-10,88.316480,89.596879,87.969387,88.185356,5307600,Yahoo Finance
2016-02-11,87.221182,88.077351,86.557844,87.367729,6447100,Yahoo Finance
2016-02-12,88.609569,89.805122,87.560569,89.720276,5361600,Yahoo Finance
2016-02-16,91.108679,92.558764,90.784719,92.119110,6966400,Yahoo Finance
2016-02-17,92.905851,93.854581,92.458488,93.492058,5970700,Yahoo Finance
2016-02-18,93.276083,93.414922,92.219369,92.535614,4460700,Yahoo Finance
2016-02-19,92.419906,93.869991,91.594591,93.862282,5435500,Yahoo Finance
2016-02-22,94.872726,96.006572,94.201673,94.757027,7796900,Yahoo Finance
2016-02-23,97.958010,98.104563,95.142680,96.052841,11168700,Yahoo Finance
2016-02-24,95.682633,97.017018,94.811034,96.885895,7935500,Yahoo Finance
2016-02-25,97.001575,97.850029,96.330522,97.850029,4738800,Yahoo Finance
2016-02-26,98.413093,98.536507,97.132700,97.387238,4608200,Yahoo Finance
2016-02-29,97.387233,97.950296,95.682610,95.736603,5575300,Yahoo Finance
2016-03-01,96.245668,97.163545,95.628614,96.955284,4916900,Yahoo Finance
2016-03-02,96.785605,97.086421,95.998852,96.870445,3967500,Yahoo Finance
2016-03-03,96.569635,98.158565,96.245681,97.803757,5009700,Yahoo Finance
2016-03-04,98.243412,98.343681,96.538788,96.847313,6448200,Yahoo Finance
2016-03-07,96.423079,97.603202,96.423079,97.317810,4161200,Yahoo Finance
2016-03-08,97.116149,99.427327,96.945524,98.279495,5280900,Yahoo Finance
2016-03-09,98.519949,98.899974,97.201492,97.744385,4047000,Yahoo Finance
2016-03-10,97.876226,98.496680,96.410410,97.635803,4503700,Yahoo Finance
2016-03-11,98.473410,99.861665,98.287276,99.629005,4626600,Yahoo Finance
2016-03-14,99.605714,100.559667,99.349788,99.923698,3653200,Yahoo Finance
2016-03-15,99.877161,101.195618,99.753068,100.598442,4033900,Yahoo Finance
2016-03-16,100.536384,101.684216,99.900416,101.172340,3609600,Yahoo Finance
2016-03-17,100.900928,101.746290,100.295988,101.505867,4130900,Yahoo Finance
2016-03-18,101.707510,102.444294,101.467087,101.870384,8069200,Yahoo Finance
2016-03-21,102.010002,102.475345,101.032795,101.606705,3817000,Yahoo Finance
2016-03-22,101.296467,101.769562,100.761326,101.280952,3946500,Yahoo Finance
2016-03-23,101.280943,101.738523,100.784582,100.993988,3625300,Yahoo Finance
2016-03-24,100.466593,101.412782,100.404558,101.180122,3448700,Yahoo Finance
2016-03-28,101.288713,102.227139,101.203400,101.660980,2621100,Yahoo Finance
2016-03-29,101.598895,103.072462,101.373987,102.738976,3405400,Yahoo Finance
2016-03-30,103.235384,103.871341,103.025978,103.475807,3138300,Yahoo Finance
2016-03-31,103.584378,104.150537,103.150064,103.483551,3685900,Yahoo Finance
2016-04-01,103.227647,104.856325,103.227647,104.584885,4259400,Yahoo Finance
2016-04-04,105.531074,105.655156,104.197102,104.584885,3547600,Yahoo Finance
2016-04-05,104.080755,105.244101,103.848083,104.375473,4068600,Yahoo Finance
2016-04-06,104.119534,105.275129,103.786047,105.042458,3364800,Yahoo Finance
2016-04-07,104.491800,104.887345,103.243140,103.824814,3953700,Yahoo Finance
2016-04-08,104.406470,104.406470,103.196591,103.630905,2924400,Yahoo Finance
2016-04-11,103.599891,104.763238,103.119045,103.157814,3472700,Yahoo Finance
2016-04-12,103.382734,104.484034,103.235374,104.220345,4251400,Yahoo Finance
2016-04-13,104.592600,104.592600,103.320675,103.801521,4324800,Yahoo Finance
2016-04-14,103.537856,104.476294,103.057010,104.212593,4183300,Yahoo Finance
2016-04-15,104.243622,104.918360,103.902372,104.708954,3508900,Yahoo Finance
2016-04-18,104.553829,106.097206,104.499545,106.097206,3964300,Yahoo Finance
2016-04-19,106.097226,106.252336,104.584877,105.042458,4649500,Yahoo Finance
2016-04-20,105.282863,105.538801,104.297893,104.848549,4760200,Yahoo Finance
2016-04-21,104.879573,105.081228,104.228102,104.390976,3542200,Yahoo Finance
2016-04-22,104.584853,105.228561,103.468039,105.213058,4180900,Yahoo Finance
2016-04-25,104.840806,105.267369,104.142803,105.205322,2835400,Yahoo Finance
2016-04-26,104.770960,105.662866,104.608098,104.964851,3507200,Yahoo Finance
2016-04-27,104.988157,105.693923,104.515062,105.282875,3488100,Yahoo Finance
2016-04-28,104.553834,105.042443,102.754531,102.940659,5553600,Yahoo Finance
2016-04-29,102.925134,104.158278,102.180587,103.840294,4610100,Yahoo Finance
2016-05-02,104.212587,105.670652,104.166055,105.515541,4284400,Yahoo Finance
2016-05-03,105.050172,105.352642,103.956624,104.344406,3408700,Yahoo Finance
2016-05-04,103.607638,105.011407,103.250885,104.825279,3192100,Yahoo Finance
2016-05-05,104.600370,104.988152,103.731741,104.445259,3474900,Yahoo Finance
2016-05-06,104.297898,105.329400,104.166053,105.244087,3356800,Yahoo Finance
2016-05-09,105.158764,105.841264,104.887323,105.662888,3552300,Yahoo Finance
2016-05-10,105.724938,106.888285,105.709424,106.647850,3662800,Yahoo Finance
2016-05-11,106.097198,106.291089,103.956633,104.158287,6058400,Yahoo Finance
2016-05-12,104.701188,104.701188,103.227620,104.072983,5355600,Yahoo Finance
2016-05-13,103.778278,104.957140,103.173339,103.250900,5295800,Yahoo Finance
2016-05-16,103.801505,105.903289,103.212081,104.964851,8394800,Yahoo Finance
2016-05-17,103.266406,104.305672,101.676508,102.374512,15989600,Yahoo Finance
2016-05-18,101.622192,102.971678,100.838876,102.196114,8258900,Yahoo Finance
2016-05-19,101.947920,102.475310,101.428294,102.165077,4577200,Yahoo Finance
2016-05-20,102.289181,103.196590,102.180602,102.258163,5089800,Yahoo Finance
2016-05-23,102.250411,102.746771,101.831611,101.924675,3854500,Yahoo Finance
2016-05-24,102.514073,103.824778,102.413258,103.429245,5181500,Yahoo Finance
2016-05-25,103.506830,104.328926,103.188846,103.305176,5017500,Yahoo Finance
2016-05-26,103.250868,104.204809,103.041463,103.964386,3996800,Yahoo Finance
2016-05-27,103.979932,104.623640,103.444790,103.879105,4025300,Yahoo Finance
2016-05-31,104.128586,104.307886,102.686357,102.998184,6366900,Yahoo Finance
2016-06-01,102.998175,102.998175,102.241981,102.772102,4744300,Yahoo Finance
2016-06-02,102.787665,103.450301,102.382280,103.224228,3858500,Yahoo Finance
2016-06-03,103.317790,103.473704,102.062666,102.701927,4155900,Yahoo Finance
2016-06-06,101.984717,102.023686,100.152698,100.713997,8051700,Yahoo Finance
2016-06-07,100.862105,101.969108,100.815332,101.283073,4434000,Yahoo Finance
2016-06-08,101.353233,101.571514,100.760756,101.025810,3742400,Yahoo Finance
2016-06-09,100.776388,101.220742,100.597076,100.799774,3450500,Yahoo Finance
2016-06-10,100.137128,100.745200,99.950036,100.433372,3926000,Yahoo Finance
2016-06-13,100.519098,100.916679,99.622579,99.653763,4830900,Yahoo Finance
2016-06-14,99.248382,99.349732,97.221475,97.634651,7303500,Yahoo Finance
2016-06-15,98.024443,99.591401,97.829548,98.640312,5140000,Yahoo Finance
2016-06-16,98.266105,99.427678,97.962069,99.287354,4431800,Yahoo Finance
2016-06-17,99.412098,99.614791,98.796235,99.115860,7541900,Yahoo Finance
2016-06-20,99.887654,100.448953,99.334147,99.490067,3880300,Yahoo Finance
2016-06-21,99.755104,100.027956,99.232786,99.583595,3600900,Yahoo Finance
2016-06-22,99.544622,100.542484,99.318543,99.474457,3723700,Yahoo Finance
2016-06-23,100.550280,100.643837,99.357523,100.012367,4784500,Yahoo Finance
2016-06-24,98.305079,99.630369,97.837332,98.538956,8979800,Yahoo Finance
2016-06-27,97.712610,98.032241,96.371736,97.190292,5656900,Yahoo Finance
2016-06-28,98.141395,99.419907,97.915316,99.419907,5385000,Yahoo Finance
2016-06-29,99.708327,100.152688,98.928747,99.295151,5782100,Yahoo Finance
2016-06-30,99.217211,99.677167,98.305103,99.544640,6642000,Yahoo Finance
2016-07-01,100.012374,101.524762,99.879847,101.049217,5645200,Yahoo Finance
2016-07-05,101.033610,101.719632,100.176067,100.838715,4096600,Yahoo Finance
2016-07-06,100.721791,102.600583,100.589264,102.569405,4933200,Yahoo Finance
2016-07-07,102.319915,103.044919,101.782003,102.249756,3973600,Yahoo Finance
2016-07-08,103.161869,104.744416,103.099501,104.728821,4806200,Yahoo Finance
2016-07-11,105.110823,105.929385,104.814579,105.360283,4577000,Yahoo Finance
2016-07-12,105.430461,106.015146,104.697654,105.118622,3615800,Yahoo Finance
2016-07-13,105.118612,105.399262,103.762150,104.120750,4235500,Yahoo Finance
2016-07-14,104.775587,105.079623,104.331232,104.884727,3122300,Yahoo Finance
2016-07-15,105.336900,105.703304,104.970497,105.071846,5323000,Yahoo Finance
2016-07-18,105.601972,106.397135,105.095237,106.287994,3730900,Yahoo Finance
2016-07-19,106.077510,106.841495,105.679916,106.786919,3831500,Yahoo Finance
2016-07-20,107.114336,107.153317,106.623208,107.122139,3092000,Yahoo Finance
2016-07-21,106.615407,106.911652,105.609754,106.077507,4938100,Yahoo Finance
2016-07-22,106.342552,106.521852,105.991744,106.428307,2627200,Yahoo Finance
2016-07-25,106.451724,106.685601,106.139885,106.412743,3352600,Yahoo Finance
2016-07-26,106.412733,107.200105,106.069715,106.607628,2575600,Yahoo Finance
2016-07-27,106.810299,107.340420,105.991749,106.264595,3030800,Yahoo Finance
2016-07-28,106.171050,107.675635,106.100891,107.550911,3230000,Yahoo Finance
2016-07-29,107.161116,108.143383,107.145521,107.769188,3662600,Yahoo Finance
2016-08-01,107.628873,108.314908,107.465168,108.182381,3157800,Yahoo Finance
2016-08-02,108.291530,108.361690,106.662210,106.974037,3898100,Yahoo Finance
2016-08-03,106.903911,106.974070,105.789104,106.849335,3642600,Yahoo Finance
2016-08-04,105.859229,106.958441,105.601978,106.061928,3802900,Yahoo Finance
2016-08-05,106.802528,107.379422,106.490700,106.732368,3022100,Yahoo Finance
2016-08-08,106.732388,107.114375,106.147702,106.186684,3182800,Yahoo Finance
2016-08-09,106.233439,106.872689,105.508423,106.108704,3180400,Yahoo Finance
2016-08-10,106.256817,106.716767,105.290133,105.711113,3438000,Yahoo Finance
2016-08-11,106.264604,107.192307,105.375883,106.833694,4183300,Yahoo Finance
2016-08-12,106.022919,107.106535,105.734478,106.467285,4090000,Yahoo Finance
2016-08-15,106.888316,107.558756,106.747985,106.849335,6327400,Yahoo Finance
2016-08-16,107.309235,108.088815,105.757878,106.202232,7286100,Yahoo Finance
2016-08-17,105.633147,106.389341,105.048462,106.139870,5222200,Yahoo Finance
2016-08-18,106.046329,106.139875,104.806799,105.087448,4430800,Yahoo Finance
2016-08-19,104.791197,105.835831,104.713246,105.601967,3959000,Yahoo Finance
2016-08-22,105.711106,105.906001,105.258948,105.508408,2752500,Yahoo Finance
2016-08-23,105.968396,106.451744,105.968396,106.194481,2961100,Yahoo Finance
2016-08-24,105.843607,106.217802,105.095205,105.290100,4113000,Yahoo Finance
2016-08-25,105.032856,106.147662,104.752207,105.578560,3168900,Yahoo Finance
2016-08-26,105.578575,106.163261,104.401413,104.744431,4193400,Yahoo Finance
2016-08-29,105.134206,105.477223,104.915925,105.430450,3227700,Yahoo Finance
2016-08-30,105.626360,105.822255,104.709575,105.077858,3440600,Yahoo Finance
2016-08-31,104.913286,105.532308,104.686054,105.093506,4650600,Yahoo Finance
2016-09-01,105.375597,105.830074,104.733069,105.179703,3851800,Yahoo Finance
2016-09-02,105.602837,106.472610,105.430449,105.900589,3402600,Yahoo Finance
2016-09-06,105.751736,106.347251,104.905470,105.077858,4220400,Yahoo Finance
2016-09-07,104.450986,104.897619,103.557707,104.051353,4676000,Yahoo Finance
2016-09-08,103.079738,104.168911,102.742793,102.852493,5019600,Yahoo Finance
2016-09-09,102.366670,102.562565,100.086460,100.094292,6315000,Yahoo Finance
2016-09-12,99.122669,100.964083,98.730880,100.760345,7882600,Yahoo Finance
2016-09-13,100.094300,100.298032,98.284236,98.511475,6376300,Yahoo Finance
2016-09-14,98.425296,99.475289,98.393953,98.934624,4313900,Yahoo Finance
2016-09-15,98.707383,100.015957,98.503651,99.483124,5100700,Yahoo Finance
2016-09-16,99.530116,99.530116,98.495792,98.817062,6941200,Yahoo Finance
2016-09-19,99.263702,99.804373,98.864075,98.958107,4525400,Yahoo Finance
2016-09-20,99.404732,99.773015,98.989436,99.381226,3627100,Yahoo Finance
2016-09-21,99.921887,100.760315,99.161821,100.384201,5367400,Yahoo Finance
2016-09-22,100.940568,101.590927,100.862205,100.885712,4099700,Yahoo Finance
2016-09-23,100.791662,101.238295,100.133453,100.133453,4464700,Yahoo Finance
2016-09-26,99.592809,99.694678,98.221547,98.299904,5338500,Yahoo Finance
2016-09-27,98.574151,99.506605,98.229374,99.373398,4433600,Yahoo Finance
2016-09-28,99.678970,100.713293,99.561432,100.509567,5751100,Yahoo Finance
2016-09-29,100.689819,102.445039,100.227510,100.243179,5987500,Yahoo Finance
2016-09-30,100.196166,101.269670,100.008103,100.830856,6044600,Yahoo Finance
2016-10-03,100.454728,100.940555,100.274509,100.689804,3652700,Yahoo Finance
2016-10-04,100.713317,101.802490,100.258840,100.454735,4848600,Yahoo Finance
2016-10-05,100.548762,101.105096,99.921891,99.968910,4115400,Yahoo Finance
2016-10-06,99.412589,102.217795,99.067812,102.014069,7472400,Yahoo Finance
2016-10-07,101.731959,102.186435,100.203978,100.540916,5511900,Yahoo Finance
2016-10-10,100.650611,101.034569,99.710320,99.710320,4349700,Yahoo Finance
2016-10-11,99.396890,99.577116,98.307717,98.613312,5113900,Yahoo Finance
2016-10-12,98.613336,99.639828,98.503636,99.271545,3545900,Yahoo Finance
2016-10-13,98.926763,99.248033,98.080497,98.958107,3655700,Yahoo Finance
2016-10-14,99.436087,99.953246,99.059967,99.059967,4462100,Yahoo Finance
2016-10-17,98.871914,99.357734,97.853260,98.056992,3753000,Yahoo Finance
2016-10-18,98.848408,98.926764,98.064829,98.527138,3563300,Yahoo Finance
2016-10-19,98.542798,98.801374,97.563325,98.644661,4094800,Yahoo Finance
2016-10-20,98.691697,99.577145,98.393940,98.926773,3543200,Yahoo Finance
2016-10-21,98.190195,99.357731,98.143182,99.201012,3234100,Yahoo Finance
2016-10-24,99.694669,100.407722,99.694669,100.125633,3824800,Yahoo Finance
2016-10-25,98.942399,98.942399,96.607340,96.646515,8731900,Yahoo Finance
2016-10-26,96.246917,96.967808,95.909978,96.152885,5456100,Yahoo Finance
2016-10-27,96.152886,96.740569,95.479008,95.800278,4261600,Yahoo Finance
2016-10-28,96.145057,97.234231,95.761106,96.834610,4497700,Yahoo Finance
2016-10-31,96.654377,96.771915,95.298790,95.604385,5671500,Yahoo Finance
2016-11-01,95.353642,95.792444,93.402528,93.943199,7492600,Yahoo Finance
2016-11-02,93.974541,95.040208,93.888347,94.256630,4846000,Yahoo Finance
2016-11-03,94.295825,94.758140,94.092099,94.170456,5113500,Yahoo Finance
2016-11-04,94.452528,95.518195,94.076408,94.742455,4607600,Yahoo Finance
2016-11-07,95.988324,97.148022,95.839442,96.967796,5510400,Yahoo Finance
2016-11-08,97.124520,98.276381,96.850269,97.359596,6105900,Yahoo Finance
2016-11-09,94.773794,98.934599,94.280142,98.746536,8052500,Yahoo Finance
2016-11-10,99.295024,101.943522,99.130473,101.105087,8737000,Yahoo Finance
2016-11-11,101.128594,101.967028,100.862180,101.747627,5496100,Yahoo Finance
2016-11-14,102.256972,102.366673,99.467435,100.039444,11438500,Yahoo Finance
2016-11-15,99.569295,100.039441,96.317444,97.477142,13445400,Yahoo Finance
2016-11-16,96.850256,98.495769,96.599511,98.205849,9793400,Yahoo Finance
2016-11-17,98.629007,101.191305,98.495794,101.026749,6801200,Yahoo Finance
2016-11-18,101.026758,101.363703,100.078634,100.556618,4428900,Yahoo Finance
2016-11-21,100.517418,101.003233,99.835709,100.470406,4072100,Yahoo Finance
2016-11-22,100.595791,102.883838,100.595791,102.633087,5535800,Yahoo Finance
2016-11-23,102.930848,103.424506,102.539059,102.813316,3582700,Yahoo Finance
2016-11-25,103.322638,103.542039,102.703616,103.095406,2545800,Yahoo Finance
2016-11-28,102.844660,103.158086,101.998394,102.366676,4859000,Yahoo Finance
2016-11-29,102.681763,103.020485,101.815245,102.106705,4127100,Yahoo Finance
2016-11-30,101.886163,102.658156,101.468663,101.933426,6973800,Yahoo Finance
2016-12-01,101.886146,102.681770,101.618318,101.988556,5398700,Yahoo Finance
2016-12-02,101.649833,102.894462,101.547435,102.303658,3738300,Yahoo Finance
2016-12-05,102.658133,102.768416,102.059444,102.153969,4065400,Yahoo Finance
2016-12-06,102.508454,102.516327,101.366223,101.413498,4292600,Yahoo Finance
2016-12-07,101.421378,104.816531,101.421378,104.343895,6987300,Yahoo Finance
2016-12-08,104.146985,104.871704,103.650706,104.399055,4975400,Yahoo Finance
2016-12-09,104.383271,105.084358,103.272568,105.076485,5174600,Yahoo Finance
2016-12-12,104.871689,106.076929,104.871689,106.013908,6276500,Yahoo Finance
2016-12-13,105.990261,107.833567,105.990261,107.557854,6886300,Yahoo Finance
2016-12-14,107.171900,107.825725,106.935576,107.116753,7036300,Yahoo Finance
2016-12-15,107.534192,108.172270,106.951273,107.006409,5839800,Yahoo Finance
2016-12-16,107.219143,107.613012,106.384142,106.431404,9429300,Yahoo Finance
2016-12-19,106.392001,107.526346,106.179308,106.691345,3463600,Yahoo Finance
2016-12-20,106.856785,108.109299,106.683482,108.006889,4301500,Yahoo Finance
2016-12-21,107.865075,108.109284,107.573615,107.786308,2704700,Yahoo Finance
2016-12-22,107.329408,107.920212,106.486522,106.683456,4094800,Yahoo Finance
2016-12-23,106.856768,107.124609,106.179313,106.384132,2337300,Yahoo Finance
2016-12-27,106.155714,106.911949,106.116337,106.549583,2254900,Yahoo Finance
2016-12-28,106.793764,107.022203,106.076919,106.399895,3369400,Yahoo Finance
2016-12-29,106.360502,107.014327,106.053285,106.423523,2777900,Yahoo Finance
2016-12-30,106.848904,106.990703,105.423099,105.620033,4149100,Yahoo Finance
2017-01-03,106.423514,106.746477,105.234020,105.801193,5299700,Yahoo Finance
2017-01-04,105.824829,107.085216,105.722432,106.738609,4055300,Yahoo Finance
2017-01-05,106.329008,106.707132,105.383724,105.478249,3821100,Yahoo Finance
2017-01-06,105.533367,105.816953,104.808649,105.186760,3827500,Yahoo Finance
2017-01-09,104.942561,106.155673,104.879540,105.801193,4310200,Yahoo Finance
2017-01-10,105.557002,107.431824,105.375825,107.211258,5928300,Yahoo Finance
2017-01-11,107.211259,107.439698,106.139934,106.896156,4643700,Yahoo Finance
2017-01-12,106.746490,106.762248,105.509746,106.399895,3600000,Yahoo Finance
2017-01-13,106.281734,106.935559,106.155693,106.376259,3117600,Yahoo Finance
2017-01-17,106.415641,107.510598,106.155686,107.077339,3976900,Yahoo Finance
2017-01-18,107.053725,107.360943,106.281744,107.258545,3869700,Yahoo Finance
2017-01-19,107.132491,107.746927,106.289605,106.651970,5078700,Yahoo Finance
2017-01-20,106.549558,107.132489,106.029659,106.817398,4853900,Yahoo Finance
2017-01-23,106.588955,108.920668,106.344758,108.763123,7056200,Yahoo Finance
2017-01-24,108.613485,109.007354,108.156594,108.755272,4055100,Yahoo Finance
2017-01-25,109.062448,109.787166,108.258950,108.298340,3631700,Yahoo Finance
2017-01-26,108.715820,109.637473,108.479508,109.070312,2931200,Yahoo Finance
2017-01-27,109.338195,109.361826,108.471677,108.967957,3149500,Yahoo Finance
2017-01-30,108.700090,109.093959,107.809941,109.078201,2705000,Yahoo Finance
2017-01-31,108.416518,109.196372,107.802083,108.377129,3227000,Yahoo Finance
2017-02-01,108.440119,108.676443,107.549970,108.266815,2968800,Yahoo Finance
2017-02-02,108.290464,108.353485,107.573619,107.880836,2197600,Yahoo Finance
2017-02-03,108.125050,109.078219,107.896611,108.692223,2654700,Yahoo Finance
2017-02-06,108.258950,108.629189,107.486970,107.518486,3864100,Yahoo Finance
2017-02-07,108.046263,108.471637,107.392438,107.644508,3242000,Yahoo Finance
2017-02-08,107.833583,108.637080,107.778448,108.613449,2882700,Yahoo Finance
2017-02-09,108.613418,109.613837,108.243180,109.267242,2931900,Yahoo Finance
2017-02-10,109.180640,110.732487,108.904926,110.165314,3297000,Yahoo Finance
2017-02-13,110.661590,110.795504,109.535129,110.181068,2753000,Yahoo Finance
2017-02-14,110.244060,111.362648,109.763538,111.354774,4775800,Yahoo Finance
2017-02-15,111.283865,112.378821,111.031783,112.008583,4343500,Yahoo Finance
2017-02-16,112.166134,112.638782,110.992399,111.496552,4295800,Yahoo Finance
2017-02-17,111.354761,112.741177,111.071175,112.646652,5108400,Yahoo Finance
2017-02-21,114.694759,114.734136,112.843568,114.237869,9275900,Yahoo Finance
2017-02-22,114.261530,114.592379,113.410770,114.419075,5037800,Yahoo Finance
2017-02-23,115.096497,115.269800,113.836110,113.993668,4184000,Yahoo Finance
2017-02-24,113.946427,115.072899,113.946427,114.970490,3516900,Yahoo Finance
2017-02-27,114.907501,115.017784,114.064627,114.458496,4388400,Yahoo Finance
2017-02-28,114.206381,114.718418,113.804638,114.151245,4211900,Yahoo Finance
2017-03-01,115.577064,116.349045,114.923239,115.545547,6213500,Yahoo Finance
2017-03-02,115.860631,116.766525,115.317089,116.545959,4053400,Yahoo Finance
2017-03-03,116.545990,116.790187,115.655853,116.435707,3412300,Yahoo Finance
2017-03-06,115.900009,116.199342,115.466750,115.900009,3998000,Yahoo Finance
2017-03-07,115.971368,116.462735,115.575102,115.725685,3996300,Yahoo Finance
2017-03-08,115.884171,116.597446,115.646409,116.438942,3614500,Yahoo Finance
2017-03-09,116.565781,116.629185,116.129885,116.201210,3594000,Yahoo Finance
2017-03-10,116.692556,116.866914,116.066448,116.383469,3123200,Yahoo Finance
2017-03-13,116.763878,117.033337,116.106075,116.843124,2933300,Yahoo Finance
2017-03-14,116.716291,116.969895,116.074342,116.629112,3272500,Yahoo Finance
2017-03-15,116.779767,117.596075,116.312163,117.255280,3670500,Yahoo Finance
2017-03-16,117.611891,118.237999,117.302804,117.873428,3544500,Yahoo Finance
2017-03-17,118.404457,118.872060,117.397948,118.562973,9002000,Yahoo Finance
2017-03-20,118.388610,118.555035,117.057148,117.136406,5906100,Yahoo Finance
2017-03-21,117.556402,117.849636,115.915854,116.193245,4530000,Yahoo Finance
2017-03-22,116.288351,117.239389,115.757356,116.787651,3169000,Yahoo Finance
2017-03-23,116.724253,117.619819,116.526120,117.286957,3219400,Yahoo Finance
2017-03-24,117.176010,118.998826,116.510273,117.065056,4735400,Yahoo Finance
2017-03-27,116.557846,117.041280,115.915884,116.399330,2943000,Yahoo Finance
2017-03-28,116.732168,116.779730,115.662256,116.660843,4635600,Yahoo Finance
2017-03-29,116.003054,116.835216,115.678125,116.534050,3730000,Yahoo Finance
2017-03-30,116.280459,116.803534,116.050617,116.462738,2450800,Yahoo Finance
2017-03-31,116.399288,116.644971,116.224930,116.367592,3248700,Yahoo Finance
2017-04-03,116.454826,116.660881,115.781168,116.201210,3775300,Yahoo Finance
2017-04-04,116.106094,116.423103,115.749457,115.979286,3124200,Yahoo Finance
2017-04-05,116.209120,117.643603,116.169491,116.217041,3390400,Yahoo Finance
2017-04-06,116.534057,117.263198,116.502361,116.692574,2699100,Yahoo Finance
2017-04-07,116.581610,117.136380,116.423094,116.605385,2869100,Yahoo Finance
2017-04-10,116.470675,118.087438,116.304238,117.461342,5044500,Yahoo Finance
2017-04-11,117.223532,117.809999,116.581583,117.453362,2844800,Yahoo Finance
2017-04-12,116.835220,116.954107,116.003058,116.137787,4445600,Yahoo Finance
2017-04-13,116.042692,116.510283,115.606796,115.638504,2346900,Yahoo Finance
2017-04-17,115.630542,116.748016,115.519588,116.748016,3467700,Yahoo Finance
2017-04-18,116.549905,117.437538,116.320075,117.104675,2969400,Yahoo Finance
2017-04-19,117.239404,117.611895,116.518208,116.676712,3461000,Yahoo Finance
2017-04-20,117.025418,118.127039,116.851060,117.865501,3700500,Yahoo Finance
2017-04-21,117.683223,118.998819,117.611886,118.879944,5019900,Yahoo Finance
2017-04-24,119.735858,120.512537,119.553579,120.377808,5077200,Yahoo Finance
2017-04-25,121.091068,122.565180,121.091068,121.281281,5496500,Yahoo Finance
2017-04-26,121.344729,122.692033,120.782026,122.224442,5120200,Yahoo Finance
2017-04-27,122.596931,123.849135,121.962902,123.730247,5881400,Yahoo Finance
2017-04-28,123.643041,123.833253,122.129313,123.714378,4983000,Yahoo Finance
2017-05-01,123.809502,123.849131,122.216515,122.216515,3152900,Yahoo Finance
2017-05-02,122.438458,122.969454,121.859900,122.803017,3295100,Yahoo Finance
2017-05-03,122.969421,123.151701,122.517672,122.842613,2445500,Yahoo Finance
2017-05-04,123.207168,123.349818,122.256119,122.731644,3793100,Yahoo Finance
2017-05-05,123.112078,123.437020,122.121412,123.421165,2500600,Yahoo Finance
2017-05-08,123.516263,124.554480,123.230951,124.340492,3184600,Yahoo Finance
2017-05-09,124.459355,125.014138,123.864955,124.966576,3004400,Yahoo Finance
2017-05-10,124.839797,125.339084,124.665438,125.323242,2617600,Yahoo Finance
2017-05-11,124.705053,124.982432,123.104133,123.793633,3929100,Yahoo Finance
2017-05-12,123.944224,124.586174,123.437003,124.364265,2926400,Yahoo Finance
2017-05-15,124.649549,125.093366,124.158183,124.689178,6068900,Yahoo Finance
2017-05-16,126.892437,127.486837,125.259822,125.426247,10120900,Yahoo Finance
2017-05-17,125.426262,125.426262,123.547963,123.706467,5937000,Yahoo Finance
2017-05-18,123.223042,124.166158,123.032841,123.397400,4858600,Yahoo Finance
2017-05-19,123.666836,124.221618,123.096223,123.872902,4781800,Yahoo Finance
2017-05-22,124.023481,124.427668,123.476631,123.603439,3802100,Yahoo Finance
2017-05-23,123.563815,123.975924,122.588991,122.707878,4640900,Yahoo Finance
2017-05-24,122.604851,123.183397,121.487376,122.842613,4558700,Yahoo Finance
2017-05-25,123.793682,124.182027,123.120036,123.999748,3110800,Yahoo Finance
2017-05-26,123.714416,123.968020,122.557312,122.763367,4284700,Yahoo Finance
2017-05-30,122.755394,123.201775,122.372783,122.659744,3504300,Yahoo Finance
2017-05-31,123.042335,123.058281,122.181452,122.364784,7158400,Yahoo Finance
2017-06-01,122.372795,123.680060,121.751048,123.672081,3385100,Yahoo Finance
2017-06-02,123.385081,124.237997,123.090153,123.831474,3485600,Yahoo Finance
2017-06-05,123.974954,124.046691,122.938705,123.385086,2651800,Yahoo Finance
2017-06-06,123.106099,123.281465,122.476373,122.914787,3260300,Yahoo Finance
2017-06-07,123.305391,123.791630,123.034375,123.520615,3159000,Yahoo Finance
2017-06-08,123.520655,123.735867,122.261215,122.356865,4041600,Yahoo Finance
2017-06-09,122.755414,122.755414,121.782935,121.926422,4705300,Yahoo Finance
2017-06-12,121.798837,122.197393,120.945921,121.304619,4473900,Yahoo Finance
2017-06-13,121.408258,122.787260,121.208979,122.747414,3753800,Yahoo Finance
2017-06-14,123.153936,125.369908,122.723500,124.955406,5999400,Yahoo Finance
2017-06-15,124.453311,125.362020,123.488798,124.963463,3972300,Yahoo Finance
2017-06-16,124.548891,124.899622,123.879319,124.859764,9105400,Yahoo Finance
2017-06-19,125.074976,126.764851,124.660474,126.589485,5196100,Yahoo Finance
2017-06-20,126.525724,126.916314,125.624995,125.680786,4201200,Yahoo Finance
2017-06-21,125.872141,126.366348,124.692405,124.819946,4071300,Yahoo Finance
2017-06-22,124.700315,125.202500,123.927115,123.935081,3347400,Yahoo Finance
2017-06-23,123.680058,123.735849,120.292328,120.611168,11422200,Yahoo Finance
2017-06-26,120.898116,121.137252,120.467680,120.698837,4128500,Yahoo Finance
2017-06-27,120.411871,122.157550,120.164768,121.352470,4567100,Yahoo Finance
2017-06-28,121.759036,122.317013,121.448163,122.141647,5087000,Yahoo Finance
2017-06-29,121.774943,121.958276,120.778552,121.288704,2855400,Yahoo Finance
2017-06-30,121.567692,122.755395,121.376393,122.277122,3640900,Yahoo Finance
2017-07-03,123.066251,123.385091,122.524220,122.763344,1658500,Yahoo Finance
2017-07-05,122.763326,122.986517,120.730698,121.711143,4432500,Yahoo Finance
2017-07-06,120.977806,121.543749,120.539391,121.200996,3408500,Yahoo Finance
2017-07-07,121.192999,121.854603,121.081403,121.344452,3775400,Yahoo Finance
2017-07-10,121.336511,121.368391,120.364033,120.507507,5081100,Yahoo Finance
2017-07-11,120.722750,121.009712,119.965496,120.045212,5642000,Yahoo Finance
2017-07-12,120.730755,122.069900,120.435815,121.631485,4275900,Yahoo Finance
2017-07-13,121.814798,122.859014,121.639433,122.189430,3288000,Yahoo Finance
2017-07-14,122.133656,122.492354,121.017703,121.862640,3588400,Yahoo Finance
2017-07-17,121.878578,123.153964,121.735104,122.667725,4166600,Yahoo Finance
2017-07-18,122.556117,122.643799,121.145223,121.296677,3783600,Yahoo Finance
2017-07-19,121.599576,122.755387,121.599576,122.197411,2808400,Yahoo Finance
2017-07-20,121.607566,121.615545,116.067632,117.199532,18264100,Yahoo Finance
2017-07-21,117.199536,117.542301,116.482139,116.896629,9120200,Yahoo Finance
2017-07-24,116.864705,116.928475,114.983518,115.246567,7295900,Yahoo Finance
2017-07-25,116.171250,117.494448,115.804572,117.151695,5002400,Yahoo Finance
2017-07-26,117.063967,117.374840,116.346570,116.928459,2836000,Yahoo Finance
2017-07-27,116.521987,117.861144,116.290830,117.757515,5399000,Yahoo Finance
2017-07-28,117.892974,118.187914,117.430660,118.036461,3421100,Yahoo Finance
2017-07-31,117.972737,119.551018,117.606060,119.248123,5253300,Yahoo Finance
2017-08-01,119.758231,119.877793,118.729948,119.447357,4110600,Yahoo Finance
2017-08-02,119.519096,120.252438,119.503150,119.965477,3754200,Yahoo Finance
2017-08-03,120.124888,121.185049,119.965467,120.196625,5146600,Yahoo Finance
2017-08-04,120.371984,121.758965,120.204597,121.758965,3258600,Yahoo Finance
2017-08-07,121.822726,123.129991,121.535765,122.237228,3833600,Yahoo Finance
2017-08-08,122.213316,122.914767,122.022005,122.237228,3218900,Yahoo Finance
2017-08-09,122.237312,124.006904,122.213399,123.759789,3844900,Yahoo Finance
2017-08-10,123.703960,124.333674,122.659744,122.659744,4433700,Yahoo Finance
2017-08-11,122.843068,124.126420,122.739439,123.456848,3650500,Yahoo Finance
2017-08-14,124.381491,124.389470,122.404655,122.962631,6662500,Yahoo Finance
2017-08-15,122.978541,123.393043,118.179920,119.702408,13528700,Yahoo Finance
2017-08-16,120.722781,121.918450,120.491623,121.360474,6043900,Yahoo Finance
2017-08-17,121.009723,121.280739,119.256077,119.303902,4460900,Yahoo Finance
2017-08-18,119.256084,119.256084,117.143739,117.566208,6989100,Yahoo Finance
2017-08-21,117.255308,119.471280,117.087909,118.929237,4222500,Yahoo Finance
2017-08-22,119.000983,120.029265,119.000983,119.495201,3268100,Yahoo Finance
2017-08-23,118.435016,119.152412,117.518329,118.849518,5235400,Yahoo Finance
2017-08-24,119.351721,120.045217,117.956773,118.171997,3736000,Yahoo Finance
2017-08-25,118.379240,119.989412,118.291557,119.287949,3048000,Yahoo Finance
2017-08-28,121.113357,121.472055,119.909708,120.674942,6845400,Yahoo Finance
2017-08-29,120.330127,120.995633,119.496221,120.145699,5368700,Yahoo Finance
2017-08-30,120.274033,120.474489,119.696716,120.274033,3641000,Yahoo Finance
2017-08-31,120.763141,121.019719,120.153757,120.169785,6083300,Yahoo Finance
2017-09-01,120.482491,121.027740,120.081578,120.899445,3383000,Yahoo Finance
2017-09-05,121.645180,123.417211,121.637154,122.623398,7488800,Yahoo Finance
2017-09-06,124.170901,125.910864,123.601599,125.534004,8126000,Yahoo Finance
2017-09-07,126.824920,127.714948,125.718395,126.632477,8273100,Yahoo Finance
2017-09-08,127.562591,128.845518,126.303730,128.019638,10088600,Yahoo Finance
2017-09-11,127.025422,127.282013,125.261406,126.985329,8847900,Yahoo Finance
2017-09-12,127.538550,129.037962,127.257918,128.220108,5794600,Yahoo Finance
2017-09-13,128.605006,129.398819,127.931475,128.308334,4713700,Yahoo Finance
2017-09-14,128.572885,128.973799,127.755019,127.795113,5290800,Yahoo Finance
2017-09-15,128.276234,128.284260,126.921145,127.009346,9124200,Yahoo Finance
2017-09-18,127.490461,127.490461,126.440070,126.536285,4010600,Yahoo Finance
2017-09-19,126.528202,126.945155,126.015034,126.415947,3713400,Yahoo Finance
2017-09-20,126.343863,127.803182,126.175474,127.233879,4599200,Yahoo Finance
2017-09-21,127.386209,127.939471,127.265940,127.642799,3082100,Yahoo Finance
2017-09-22,127.602701,128.364434,127.498460,128.268219,3576500,Yahoo Finance
2017-09-25,128.332396,129.438909,128.091845,129.174316,4897700,Yahoo Finance
2017-09-26,129.535118,129.895938,128.925722,129.302582,3222600,Yahoo Finance
2017-09-27,129.398829,129.647394,128.404560,129.029984,3966200,Yahoo Finance
2017-09-28,128.869560,130.256717,128.821452,130.184555,4614100,Yahoo Finance
2017-09-29,130.296794,131.186822,130.016150,131.146729,3467400,Yahoo Finance
2017-10-02,131.659917,131.700011,130.874131,131.515594,2721400,Yahoo Finance
2017-10-03,131.547686,132.525915,131.499578,132.437714,3046400,Yahoo Finance
2017-10-04,132.694295,133.167370,132.229234,132.533920,2746500,Yahoo Finance
2017-10-05,132.357524,133.303674,131.708034,133.199432,3504900,Yahoo Finance
2017-10-06,133.247579,133.608410,132.894785,132.982986,2916300,Yahoo Finance
2017-10-09,133.215477,133.608376,132.638160,132.870697,2131800,Yahoo Finance
2017-10-10,132.862699,132.942887,132.012765,132.429718,2755400,Yahoo Finance
2017-10-11,132.453769,132.999006,131.860413,132.501877,2319300,Yahoo Finance
2017-10-12,132.630160,132.630160,131.876441,131.972656,3397800,Yahoo Finance
2017-10-13,132.237254,133.159362,131.780219,131.876434,3259000,Yahoo Finance
2017-10-16,131.876482,132.036845,130.906266,131.676025,2586700,Yahoo Finance
2017-10-17,131.675979,132.237255,129.503023,130.978394,4189200,Yahoo Finance
2017-10-18,131.034509,131.692013,130.978388,131.058563,2757900,Yahoo Finance
2017-10-19,131.098653,131.587768,130.513323,130.890182,2676100,Yahoo Finance
2017-10-20,131.475504,131.619827,130.489261,131.042511,4166500,Yahoo Finance
2017-10-23,131.531653,133.319735,131.299128,132.092941,3995100,Yahoo Finance
2017-10-24,132.036819,133.472096,132.020779,133.127304,3686700,Yahoo Finance
2017-10-25,133.191507,133.865039,132.606176,133.159439,4189400,Yahoo Finance
2017-10-26,133.415972,134.658806,133.191462,134.426270,3750500,Yahoo Finance
2017-10-27,133.744692,134.506425,133.472074,134.177673,3720400,Yahoo Finance
2017-10-30,133.897032,133.897032,132.205178,132.549957,3906300,Yahoo Finance
2017-10-31,132.622121,133.375840,132.381583,132.926819,2922400,Yahoo Finance
2017-11-01,133.440004,133.696594,132.397627,132.606110,3568300,Yahoo Finance
2017-11-02,132.309448,132.309448,128.717267,130.465256,6518900,Yahoo Finance
2017-11-03,130.705747,132.293372,130.441142,131.812271,3080900,Yahoo Finance
2017-11-06,132.141086,132.205234,130.705809,131.676025,3275500,Yahoo Finance
2017-11-07,131.571739,131.820303,130.561442,131.226959,3198100,Yahoo Finance
2017-11-08,130.970401,132.044846,130.914279,131.539703,2912900,Yahoo Finance
2017-11-09,131.579763,131.611831,130.120433,130.914246,3405200,Yahoo Finance
2017-11-10,130.970389,131.964659,130.641637,131.587799,3554900,Yahoo Finance
2017-11-13,132.012775,133.616428,131.700063,132.582077,7189300,Yahoo Finance
2017-11-14,131.194892,134.819152,130.818033,134.755005,10284000,Yahoo Finance
2017-11-15,134.257883,134.257883,132.582068,132.678284,5534500,Yahoo Finance
2017-11-16,133.648496,134.514470,133.151367,134.306000,4587900,Yahoo Finance
2017-11-17,133.905103,135.051709,133.151383,134.498459,4530100,Yahoo Finance
2017-11-20,134.819184,136.863845,134.546565,136.671402,4699900,Yahoo Finance
2017-11-21,136.735472,138.603729,136.430774,138.603729,6229000,Yahoo Finance
2017-11-22,138.627844,138.667938,137.946286,137.962326,4133500,Yahoo Finance
2017-11-24,138.002384,138.796197,137.705712,138.178787,1853600,Yahoo Finance
2017-11-27,138.611800,140.247534,138.218913,139.646164,4539100,Yahoo Finance
2017-11-28,140.231447,141.738885,138.707981,141.578522,6049000,Yahoo Finance
2017-11-29,142.295752,143.794693,141.578499,142.843750,4902200,Yahoo Finance
2017-11-30,143.504581,145.599884,142.972692,144.914886,9180700,Yahoo Finance
2017-12-01,145.317856,145.543504,142.400531,145.398438,4683400,Yahoo Finance
2017-12-04,147.630802,150.145172,147.630802,149.008865,6193800,Yahoo Finance
2017-12-05,147.252012,149.016910,146.881297,147.356781,6347600,Yahoo Finance
2017-12-06,145.261471,146.792655,143.996219,145.704712,6892500,Yahoo Finance
2017-12-07,145.100272,147.139170,144.874624,146.671753,5484300,Yahoo Finance
2017-12-08,147.074698,148.202937,146.800699,147.808060,5092100,Yahoo Finance
2017-12-11,146.558934,147.445416,145.962572,146.873230,6038900,Yahoo Finance
2017-12-12,147.276197,147.646911,146.397781,146.510605,5275500,Yahoo Finance
2017-12-13,146.679806,148.017584,146.671751,147.501816,5177400,Yahoo Finance
2017-12-14,147.953141,148.283559,146.720132,146.776550,3542500,Yahoo Finance
2017-12-15,147.469577,147.646874,146.776513,147.139160,8202200,Yahoo Finance
2017-12-18,147.880571,149.468173,147.880571,148.871811,5011900,Yahoo Finance
2017-12-19,149.282862,150.475574,148.767093,149.879211,4576300,Yahoo Finance
2017-12-20,150.701181,151.426475,149.927522,150.951004,5383700,Yahoo Finance
2017-12-21,151.418428,152.184019,151.055780,151.571548,5859100,Yahoo Finance
2017-12-22,151.877822,151.877822,150.918813,151.611877,3256600,Yahoo Finance
2017-12-26,151.934249,153.457378,151.781128,153.409027,2969200,Yahoo Finance
2017-12-27,153.602390,154.319630,153.126906,153.271973,5912600,Yahoo Finance
2017-12-28,153.852217,153.908623,152.828735,152.941559,3175700,Yahoo Finance
2017-12-29,153.715213,153.715213,152.740082,152.740082,4637800,Yahoo Finance
2018-01-02,153.288125,153.699124,151.515159,151.531281,4684700,Yahoo Finance
2018-01-03,151.507086,152.603096,151.362032,152.321030,4530500,Yahoo Finance
2018-01-04,153.014108,153.819997,151.885869,153.529877,4047400,Yahoo Finance
2018-01-05,153.868339,155.165821,153.529868,155.133591,4224800,Yahoo Finance
2018-01-08,154.505046,156.116824,154.408343,154.762924,3508500,Yahoo Finance
2018-01-09,155.294764,155.915301,154.440523,155.617126,3012300,Yahoo Finance
2018-01-10,155.343120,155.713834,154.448583,154.569473,3119500,Yahoo Finance
2018-01-11,154.472760,156.930724,154.247112,156.890427,3899200,Yahoo Finance
2018-01-12,157.551278,160.710361,157.003279,158.292694,6748400,Yahoo Finance
2018-01-16,159.453171,160.331587,157.712448,158.204041,5692700,Yahoo Finance
2018-01-17,159.163002,161.032669,158.631112,161.032669,3996100,Yahoo Finance
2018-01-18,161.000507,161.371221,159.292026,159.831970,4474600,Yahoo Finance
2018-01-19,161.024649,162.249603,160.476650,162.249603,5809600,Yahoo Finance
2018-01-22,162.467191,164.780088,162.394652,164.772034,4857700,Yahoo Finance
2018-01-23,165.118578,166.295181,164.522216,165.126633,3621700,Yahoo Finance
2018-01-24,165.368419,166.899616,164.844597,166.190430,4370700,Yahoo Finance
2018-01-25,166.657814,166.681989,164.272377,165.505386,3537700,Yahoo Finance
2018-01-26,165.690758,167.068821,164.755924,167.004349,3778100,Yahoo Finance
2018-01-29,167.004347,167.310589,164.973516,165.142746,3632900,Yahoo Finance
2018-01-30,162.362430,163.716317,154.384135,162.636429,5979600,Yahoo Finance
2018-01-31,163.772713,165.271667,161.363102,161.903046,4547300,Yahoo Finance
2018-02-01,160.645842,162.990981,159.791602,161.097137,3553800,Yahoo Finance
2018-02-02,160.573344,160.613641,155.891132,156.318253,6179000,Yahoo Finance
2018-02-05,153.175291,156.584197,145.366226,147.566299,10618500,Yahoo Finance
2018-02-06,143.947834,154.698399,141.368993,153.956970,11682700,Yahoo Finance
2018-02-07,153.707167,156.761492,152.893224,154.158463,6016800,Yahoo Finance
2018-02-08,154.037566,154.037566,145.809437,146.043152,7241800,Yahoo Finance
2018-02-09,147.679114,149.895309,141.667179,148.380234,9059200,Yahoo Finance
2018-02-12,150.338515,150.709217,147.808025,148.331848,6783700,Yahoo Finance
2018-02-13,147.662971,148.275455,145.777195,148.057861,4273800,Yahoo Finance
2018-02-14,146.575069,149.137790,145.906180,148.839615,6767000,Yahoo Finance
2018-02-15,150.491680,150.854327,147.687178,149.307022,5113300,Yahoo Finance
2018-02-16,149.137767,151.499027,148.976591,150.677017,7619200,Yahoo Finance
2018-02-20,153.038289,154.279365,150.145151,150.467514,8922100,Yahoo Finance
2018-02-21,150.870400,151.490925,147.364780,147.525955,7527200,Yahoo Finance
2018-02-22,148.057910,150.072633,147.405142,149.468216,5653900,Yahoo Finance
2018-02-23,150.056486,151.837505,149.589069,151.789154,4315400,Yahoo Finance
2018-02-26,152.449951,152.949598,151.394239,151.877777,4648000,Yahoo Finance
2018-02-27,152.208226,152.514467,149.057210,149.073318,4618800,Yahoo Finance
2018-02-28,148.613976,150.419159,146.889374,146.889374,6419900,Yahoo Finance
2018-03-01,147.276151,148.605862,143.649652,144.769836,6123900,Yahoo Finance
2018-03-02,143.222577,144.407235,142.110446,143.818939,5671000,Yahoo Finance
2018-03-05,143.335352,146.881257,143.206407,146.462204,5748600,Yahoo Finance
2018-03-06,147.276175,147.477647,144.665091,146.381638,5306800,Yahoo Finance
2018-03-07,144.930864,145.887230,143.309895,144.736343,4799200,Yahoo Finance
2018-03-08,145.433378,145.871035,143.236959,144.217651,4750700,Yahoo Finance
2018-03-09,145.076804,147.702780,144.201479,147.637939,4477200,Yahoo Finance
2018-03-12,147.856667,148.367276,145.522480,145.652161,4993300,Yahoo Finance
2018-03-13,145.554966,146.657226,144.152831,144.549973,6128100,Yahoo Finance
2018-03-14,145.157822,145.611692,142.556161,143.788101,4531500,Yahoo Finance
2018-03-15,144.015025,145.773775,143.228854,144.323013,3936700,Yahoo Finance
2018-03-16,144.614774,146.211430,144.241958,145.044342,8410900,Yahoo Finance
2018-03-19,144.793061,145.336096,142.645282,143.536819,4744500,Yahoo Finance
2018-03-20,143.974525,144.987631,143.585496,144.395981,4148300,Yahoo Finance
2018-03-21,144.549993,146.000756,144.006957,144.282532,3494400,Yahoo Finance
2018-03-22,143.796207,144.720159,141.899675,142.069870,5255100,Yahoo Finance
2018-03-23,142.839795,143.504386,139.046721,139.241241,6021300,Yahoo Finance
2018-03-26,141.113504,143.293710,140.635321,142.953308,7323600,Yahoo Finance
2018-03-27,143.763835,144.857983,140.700203,141.575516,4713900,Yahoo Finance
2018-03-28,142.029346,143.885351,140.959500,141.640305,4318600,Yahoo Finance
2018-03-29,142.402162,144.784989,142.240068,144.460800,4423500,Yahoo Finance
2018-04-02,143.577373,144.015041,138.122814,140.132812,7229300,Yahoo Finance
2018-04-03,140.035547,141.786197,139.751873,140.829819,5283300,Yahoo Finance
2018-04-04,138.430776,144.136582,138.122788,143.812393,4757300,Yahoo Finance
2018-04-05,144.266262,145.919645,143.707026,145.182114,3799900,Yahoo Finance
2018-04-06,144.250001,144.687670,140.497467,141.388992,5236900,Yahoo Finance
2018-04-09,141.883496,142.118544,139.703290,139.816757,5079800,Yahoo Finance
2018-04-10,141.048633,141.178314,139.597871,140.610977,4783000,Yahoo Finance
2018-04-11,139.403309,141.883390,139.241215,140.100327,4228400,Yahoo Finance
2018-04-12,140.465104,141.218861,140.132802,140.505630,3396700,Yahoo Finance
2018-04-13,141.421464,142.248149,139.589760,140.051743,4311200,Yahoo Finance
2018-04-16,141.210739,142.321111,140.473207,141.372833,3534200,Yahoo Finance
2018-04-17,142.450761,142.839802,141.105366,141.761856,3106500,Yahoo Finance
2018-04-18,141.834860,146.089906,141.826759,145.765717,5858900,Yahoo Finance
2018-04-19,145.481986,145.644080,142.458882,143.520615,5407300,Yahoo Finance
2018-04-20,144.144699,144.987598,142.904658,143.463882,5008600,Yahoo Finance
2018-04-23,143.958296,144.574273,142.750682,143.990723,2987700,Yahoo Finance
2018-04-24,145.319914,145.887251,141.875354,142.856033,4435400,Yahoo Finance
2018-04-25,142.710194,144.323063,141.470153,143.771927,5587300,Yahoo Finance
2018-04-26,144.639095,150.693403,144.331106,150.523209,8782500,Yahoo Finance
2018-04-27,150.336830,151.593071,149.023836,151.123001,4382400,Yahoo Finance
2018-04-30,151.552505,152.208996,149.777542,149.777542,4173200,Yahoo Finance
2018-05-01,149.720888,149.720888,147.021971,149.639847,3423900,Yahoo Finance
2018-05-02,149.526344,151.657911,148.926581,150.677231,3866500,Yahoo Finance
2018-05-03,149.834326,149.858639,146.859848,148.472717,4123900,Yahoo Finance
2018-05-04,148.116070,151.033820,147.378526,149.963974,3896200,Yahoo Finance
2018-05-07,150.263841,150.344895,148.051222,148.772552,3582300,Yahoo Finance
2018-05-08,148.683394,150.182795,147.913436,149.972061,4168200,Yahoo Finance
2018-05-09,149.963985,151.155399,148.780684,151.041931,3392300,Yahoo Finance
2018-05-10,150.725844,152.346814,150.652903,151.690323,3850100,Yahoo Finance
2018-05-11,152.071269,154.640504,151.844334,154.243362,5355100,Yahoo Finance
2018-05-14,155.207788,155.329356,153.878594,154.867386,7035900,Yahoo Finance
2018-05-15,153.586875,153.740869,150.831232,152.354935,10147000,Yahoo Finance
2018-05-16,153.408521,153.408521,150.669079,151.058121,5044800,Yahoo Finance
2018-05-17,150.952783,151.706527,149.834310,150.207138,4227700,Yahoo Finance
2018-05-18,150.547524,152.541321,150.385429,151.901031,4697900,Yahoo Finance
2018-05-21,152.533247,154.535145,152.371152,153.821915,4147800,Yahoo Finance
2018-05-22,154.040725,154.624275,151.171614,151.455276,4585600,Yahoo Finance
2018-05-23,151.641667,151.819974,149.923431,151.293152,7387400,Yahoo Finance
2018-05-24,151.390430,151.892939,149.672207,151.682205,3941300,Yahoo Finance
2018-05-25,151.325620,152.233359,150.790697,151.439087,2730400,Yahoo Finance
2018-05-29,150.385466,151.422886,149.331834,149.939697,4725500,Yahoo Finance
2018-05-30,150.640613,153.061231,149.972288,152.482559,3976000,Yahoo Finance
2018-05-31,152.539568,152.702570,150.982873,152.042404,4839900,Yahoo Finance
2018-06-01,152.580355,153.900688,152.017988,152.694458,3706200,Yahoo Finance
2018-06-04,153.403492,156.109360,153.199737,155.962662,4103300,Yahoo Finance
2018-06-05,155.212861,156.794006,154.609740,156.435394,4231300,Yahoo Finance
2018-06-06,157.356425,157.780228,155.840482,157.780228,4134700,Yahoo Finance
2018-06-07,157.975800,160.722422,157.975800,159.882950,4378700,Yahoo Finance
2018-06-08,159.638456,161.781970,158.937537,161.643417,4006200,Yahoo Finance
2018-06-11,162.116112,163.428299,161.651543,162.711075,4243000,Yahoo Finance
2018-06-12,162.874090,164.096624,162.605131,164.072174,4616700,Yahoo Finance
2018-06-13,164.064002,164.292208,162.727366,163.257126,5128100,Yahoo Finance
2018-06-14,163.216395,163.819516,161.504855,162.735535,4305900,Yahoo Finance
2018-06-15,162.148682,164.308499,161.781925,163.444565,7820900,Yahoo Finance
2018-06-18,162.140529,163.746124,161.464059,163.566818,3396300,Yahoo Finance
2018-06-19,161.545573,162.922951,161.455920,162.360596,5501100,Yahoo Finance
2018-06-20,163.004473,163.110430,161.472227,162.254654,3389600,Yahoo Finance
2018-06-21,162.360609,163.770594,161.871590,163.257126,4695100,Yahoo Finance
2018-06-22,163.648337,163.982499,160.697960,160.893570,6785800,Yahoo Finance
2018-06-25,160.893564,161.244018,158.978257,160.054092,5127200,Yahoo Finance
2018-06-26,160.217056,160.828323,159.418338,160.037750,3270600,Yahoo Finance
2018-06-27,160.282284,161.366265,158.937490,158.945648,3771700,Yahoo Finance
2018-06-28,158.929365,159.752533,157.714977,159.100525,2994000,Yahoo Finance
2018-06-29,159.630292,162.050910,158.921227,159.010880,4106600,Yahoo Finance
2018-07-02,157.967644,158.261040,156.582096,158.130646,3822800,Yahoo Finance
2018-07-03,158.472981,159.508064,157.633509,157.804657,1608400,Yahoo Finance
2018-07-05,158.513690,158.717445,157.405259,158.448486,3040600,Yahoo Finance
2018-07-06,158.587077,159.214647,157.258586,158.505569,2552400,Yahoo Finance
2018-07-09,159.499873,160.323054,158.953810,159.809586,2575100,Yahoo Finance
2018-07-10,160.200819,161.178843,160.054121,161.056595,2842400,Yahoo Finance
2018-07-11,160.738736,161.178843,159.703654,160.518677,3309300,Yahoo Finance
2018-07-12,161.537404,161.765609,160.559380,161.333649,2709200,Yahoo Finance
2018-07-13,161.749331,162.947403,161.749331,161.936783,2308100,Yahoo Finance
2018-07-16,162.303576,162.368779,161.284798,162.091675,2530500,Yahoo Finance
2018-07-17,161.887880,164.169932,161.887880,163.900986,4662800,Yahoo Finance
2018-07-18,163.835843,164.569359,163.159373,163.795090,3787800,Yahoo Finance
2018-07-19,163.729821,165.636970,163.452717,165.147964,3691100,Yahoo Finance
2018-07-20,164.699743,166.068974,164.487841,165.001297,3564100,Yahoo Finance
2018-07-23,165.009409,165.767374,164.552986,164.821945,2264300,Yahoo Finance
2018-07-24,165.881487,166.468304,164.104744,164.626358,5058100,Yahoo Finance
2018-07-25,164.145462,164.870831,162.246471,163.819458,4382700,Yahoo Finance
2018-07-26,164.251443,164.732304,162.116089,162.515442,4280000,Yahoo Finance
2018-07-27,163.175648,163.403853,160.298607,160.673523,3871200,Yahoo Finance
2018-07-30,160.176331,161.023961,160.070374,160.787598,2331100,Yahoo Finance
2018-07-31,161.121768,161.398872,160.453443,160.983215,2795900,Yahoo Finance
2018-08-01,160.445287,161.162510,159.418363,159.988876,3086800,Yahoo Finance
2018-08-02,159.010844,159.613953,157.747557,159.467255,3543500,Yahoo Finance
2018-08-03,159.768816,160.070371,159.133100,159.450958,2309000,Yahoo Finance
2018-08-06,159.434657,159.793269,159.019000,159.491714,2515700,Yahoo Finance
2018-08-07,160.029600,160.722361,159.450929,160.600113,3052500,Yahoo Finance
2018-08-08,160.917972,162.116055,160.803869,161.390686,2176700,Yahoo Finance
2018-08-09,162.189425,162.792546,161.406998,161.439606,2466000,Yahoo Finance
2018-08-10,160.836494,161.317354,159.450959,159.988876,2873000,Yahoo Finance
2018-08-13,159.988860,161.040233,158.114306,158.228409,5294400,Yahoo Finance
2018-08-14,159.067872,159.728038,155.889291,157.380783,11488000,Yahoo Finance
2018-08-15,156.280577,158.261076,155.742659,158.106232,6049300,Yahoo Finance
2018-08-16,158.130661,159.817751,157.886152,159.247238,5690100,Yahoo Finance
2018-08-17,159.418411,159.728111,158.782695,159.385803,3885800,Yahoo Finance
2018-08-20,159.613989,161.733052,159.255377,161.317383,2956700,Yahoo Finance
2018-08-21,162.050884,163.607579,161.708576,163.191910,4124600,Yahoo Finance
2018-08-22,163.656516,165.897828,161.904211,162.165024,5007000,Yahoo Finance
2018-08-23,162.507302,164.153650,162.303546,163.134872,3595000,Yahoo Finance
2018-08-24,163.289711,165.042004,163.004449,164.063980,3054300,Yahoo Finance
2018-08-27,165.310968,165.408767,163.974332,164.618195,2521300,Yahoo Finance
2018-08-28,164.879051,164.976850,163.517965,164.610092,3516300,Yahoo Finance
2018-08-29,164.749356,165.470256,164.421681,165.216293,2488000,Yahoo Finance
2018-08-30,164.659177,165.019627,163.102702,163.233765,2825400,Yahoo Finance
2018-08-31,163.332137,164.585513,163.258400,164.470825,4023300,Yahoo Finance
2018-09-04,164.405283,168.689697,164.249633,168.001572,4612800,Yahoo Finance
2018-09-05,167.796778,169.304104,166.420515,167.239716,3667100,Yahoo Finance
2018-09-06,167.600138,169.648138,166.952975,168.665100,3490400,Yahoo Finance
2018-09-07,168.304659,169.762834,168.288271,168.943634,3672700,Yahoo Finance
2018-09-10,170.500109,173.359110,170.500109,172.597260,5586600,Yahoo Finance
2018-09-11,174.489619,175.849494,173.260818,175.185944,5969500,Yahoo Finance
2018-09-12,175.333416,176.480291,172.777515,173.654053,5660100,Yahoo Finance
2018-09-13,173.211695,173.211695,170.967082,171.581482,4701100,Yahoo Finance
2018-09-14,172.187657,172.466182,170.024969,171.270157,3622400,Yahoo Finance
2018-09-17,171.278315,172.064740,170.606565,170.721252,3074700,Yahoo Finance
2018-09-18,170.909727,173.449240,170.524702,172.867615,4338500,Yahoo Finance
2018-09-19,173.670429,174.219292,172.572704,173.408279,2579100,Yahoo Finance
2018-09-20,173.391900,174.170138,172.859413,172.900375,4020800,Yahoo Finance
2018-09-21,173.096989,174.211101,172.449814,173.989914,9749200,Yahoo Finance
2018-09-24,173.277197,173.539334,170.360847,170.385422,4623700,Yahoo Finance
2018-09-25,171.081736,171.458573,169.410573,169.951248,4443300,Yahoo Finance
2018-09-26,170.868762,171.327512,169.762837,170.000412,2965800,Yahoo Finance
2018-09-27,169.984034,170.254372,168.484897,169.443359,3218800,Yahoo Finance
2018-09-28,169.115656,171.089931,169.041931,169.697281,3966100,Yahoo Finance
2018-10-01,170.819611,171.859986,169.877523,170.065948,3670500,Yahoo Finance
2018-10-02,169.975845,170.426395,167.665694,167.731232,4428000,Yahoo Finance
2018-10-03,168.886333,169.132095,166.830132,166.903870,4162500,Yahoo Finance
2018-10-04,166.830084,166.920197,162.422796,162.897934,5996200,Yahoo Finance
2018-10-05,163.078177,163.594265,159.391777,160.874527,5016600,Yahoo Finance
2018-10-08,160.759828,162.742291,159.793166,162.537491,3731800,Yahoo Finance
2018-10-09,162.160636,163.168248,160.219136,160.358398,4466800,Yahoo Finance
2018-10-10,163.110953,163.217453,158.392365,158.679077,6157900,Yahoo Finance
2018-10-11,158.687285,161.112110,154.394671,155.435059,5831400,Yahoo Finance
2018-10-12,157.900792,158.588917,155.779067,157.671417,5450200,Yahoo Finance
2018-10-15,157.581311,158.343161,156.221436,156.606461,3642800,Yahoo Finance
2018-10-16,157.147149,158.990350,156.147724,158.580750,4057400,Yahoo Finance
2018-10-17,155.353094,156.196869,150.716419,151.691269,8985700,Yahoo Finance
2018-10-18,150.945805,151.879693,147.070992,147.816467,9262000,Yahoo Finance
2018-10-19,147.734560,148.267048,146.284585,147.333160,7004300,Yahoo Finance
2018-10-22,148.127772,148.602897,145.457172,146.432022,4866700,Yahoo Finance
2018-10-23,143.990783,147.038207,143.720445,146.251770,7004900,Yahoo Finance
2018-10-24,146.292713,149.397475,144.433126,144.973801,6791700,Yahoo Finance
2018-10-25,145.424390,147.865603,144.859140,146.694153,5228000,Yahoo Finance
2018-10-26,144.900124,145.276949,140.009498,141.090836,9472200,Yahoo Finance
2018-10-29,142.327843,144.171043,140.042267,141.885468,5918400,Yahoo Finance
2018-10-30,141.852701,144.531477,141.426714,144.375839,5657100,Yahoo Finance
2018-10-31,145.801261,146.513974,143.843373,144.080948,6339500,Yahoo Finance
2018-11-01,144.867342,148.160530,144.097292,147.832855,5225300,Yahoo Finance
2018-11-02,149.479442,149.921804,145.317904,147.398666,4730600,Yahoo Finance
2018-11-05,148.291598,149.430286,146.882573,149.250061,3885300,Yahoo Finance
2018-11-06,149.037078,149.626903,147.496990,149.102615,3338800,Yahoo Finance
2018-11-07,150.560795,153.747483,149.143582,153.378845,4673400,Yahoo Finance
2018-11-08,153.296913,154.574863,152.141838,154.009613,4054000,Yahoo Finance
2018-11-09,154.271790,154.402853,151.519277,152.363052,4761100,Yahoo Finance
2018-11-12,151.740422,153.149447,146.653197,146.989059,7590400,Yahoo Finance
2018-11-13,145.244173,148.783110,141.598735,146.636810,14274000,Yahoo Finance
2018-11-14,149.594153,149.831716,146.759715,147.374115,7561100,Yahoo Finance
2018-11-15,146.644995,147.185670,142.221320,145.293320,8663100,Yahoo Finance
2018-11-16,142.532611,145.498111,142.139386,145.014786,6834900,Yahoo Finance
2018-11-19,144.760854,146.538516,141.148178,142.204941,6203400,Yahoo Finance
2018-11-20,138.649662,140.902463,136.806461,138.485825,8661000,Yahoo Finance
2018-11-21,139.264020,140.025870,138.567695,138.690582,5752100,Yahoo Finance
2018-11-23,138.764308,139.534358,138.010645,138.321945,2711000,Yahoo Finance
2018-11-26,139.427849,141.221900,138.338312,139.116562,6140500,Yahoo Finance
2018-11-27,138.534927,142.032915,138.297365,141.901840,7084200,Yahoo Finance
2018-11-28,142.495184,146.401411,140.607987,146.220108,7133600,Yahoo Finance
2018-11-29,145.700979,146.088308,144.151666,144.761505,4329300,Yahoo Finance
2018-11-30,144.835661,148.643002,144.308238,148.601807,8942400,Yahoo Finance
2018-12-03,151.049333,151.222400,147.802389,149.771988,7610600,Yahoo Finance
2018-12-04,149.211612,150.175808,143.846723,144.464798,7059600,Yahoo Finance
2018-12-06,142.981375,145.074584,140.476116,145.008667,7571200,Yahoo Finance
2018-12-07,144.506024,146.986562,141.943071,142.396317,6226100,Yahoo Finance
2018-12-10,142.890760,143.385225,138.226349,141.489792,5373800,Yahoo Finance
2018-12-11,143.640702,144.712035,141.118957,141.918335,5229400,Yahoo Finance
2018-12-12,143.187437,145.758626,142.412780,143.566528,5912500,Yahoo Finance
2018-12-13,143.648968,144.143433,141.802991,143.286362,6102200,Yahoo Finance
2018-12-14,142.552884,144.332944,141.704062,141.984253,4265200,Yahoo Finance
2018-12-17,141.341443,141.737020,137.567062,138.424133,5631700,Yahoo Finance
2018-12-18,139.190561,141.704070,138.860926,140.130035,4462200,Yahoo Finance
2018-12-19,140.855251,144.176375,137.435239,138.086273,6996900,Yahoo Finance
2018-12-20,137.031390,137.880213,133.693782,135.284302,7675600,Yahoo Finance
2018-12-21,134.171804,138.415929,131.996179,132.251648,13034100,Yahoo Finance
2018-12-24,131.987944,133.009821,130.282050,130.323257,4547400,Yahoo Finance
2018-12-26,131.411067,138.679626,131.394581,138.679626,6141500,Yahoo Finance
2018-12-27,137.163280,140.476168,134.625049,140.360794,5069300,Yahoo Finance
2018-12-28,141.102513,142.668299,138.943373,140.278412,4552000,Yahoo Finance
2018-12-31,141.308514,142.767176,140.632746,141.596954,4206000,Yahoo Finance
2019-01-02,139.858062,142.717678,139.314152,142.083130,4242900,Yahoo Finance
2019-01-03,141.613378,141.613378,138.621903,138.951538,4810500,Yahoo Finance
2019-01-04,140.245430,144.003339,139.701533,143.080338,4762600,Yahoo Finance
2019-01-07,143.253357,146.838186,143.253357,145.898712,4928800,Yahoo Finance
2019-01-08,147.159592,148.000165,144.720250,146.599197,4722400,Yahoo Finance
2019-01-09,146.582743,149.384692,145.948194,148.115570,4922000,Yahoo Finance
2019-01-10,146.714608,147.711775,145.321876,147.563431,3605300,Yahoo Finance
2019-01-11,146.632205,148.552361,145.964686,147.851883,3285100,Yahoo Finance
2019-01-14,146.351973,147.703497,145.783341,147.357376,3871400,Yahoo Finance
2019-01-15,145.107572,146.541511,144.382360,145.428970,5016100,Yahoo Finance
2019-01-16,145.939920,146.632161,144.926280,145.898712,4075400,Yahoo Finance
2019-01-17,143.401716,144.596672,141.745279,144.110443,6499200,Yahoo Finance
2019-01-18,145.849292,148.371038,145.190010,147.991959,6371100,Yahoo Finance
2019-01-22,146.269583,147.184335,144.514245,145.956421,6272700,Yahoo Finance
2019-01-23,145.527883,146.739312,143.830239,145.775116,4910400,Yahoo Finance
2019-01-24,145.865783,146.302555,144.464815,146.104767,3860100,Yahoo Finance
2019-01-25,148.156771,149.055038,147.192575,148.667709,4501800,Yahoo Finance
2019-01-28,147.489226,148.329811,146.203631,148.197952,4091400,Yahoo Finance
2019-01-29,147.481052,148.461721,146.764076,148.082642,3686900,Yahoo Finance
2019-01-30,148.725408,151.799299,148.156777,150.134613,5197700,Yahoo Finance
2019-01-31,149.574224,152.186621,149.211618,151.247147,5138000,Yahoo Finance
2019-02-01,151.659171,152.582159,150.670253,151.939362,4513100,Yahoo Finance
2019-02-04,151.881699,153.637024,151.502607,153.637024,3050200,Yahoo Finance
2019-02-05,154.016100,154.098515,152.203082,153.604050,4135200,Yahoo Finance
2019-02-06,153.851339,153.851339,151.683950,152.227859,3072500,Yahoo Finance
2019-02-07,151.420230,152.392662,150.357133,151.692184,2793400,Yahoo Finance
2019-02-08,150.851521,152.112393,150.579566,152.079422,2792300,Yahoo Finance
2019-02-11,152.458530,152.804650,150.604305,150.744400,3729200,Yahoo Finance
2019-02-12,151.502605,153.612300,151.238900,152.887100,3773200,Yahoo Finance
2019-02-13,153.529886,155.491236,153.216724,155.268738,4146900,Yahoo Finance
2019-02-14,154.518828,155.697285,153.282677,154.691895,2600600,Yahoo Finance
2019-02-15,156.471984,158.738261,155.796228,158.548721,4997900,Yahoo Finance
2019-02-19,157.988299,159.207964,157.633929,158.499237,3828400,Yahoo Finance
2019-02-20,158.548708,158.556944,157.493860,158.103699,3970100,Yahoo Finance
2019-02-21,158.103671,158.532194,157.081782,158.078949,3094200,Yahoo Finance
2019-02-22,157.971853,158.672331,157.914160,158.548721,3321600,Yahoo Finance
2019-02-25,158.845369,159.397514,156.546134,156.562607,6190700,Yahoo Finance
2019-02-26,152.944798,155.318211,150.645563,155.178116,13635100,Yahoo Finance
2019-02-27,154.848506,155.342972,150.983485,151.362564,8766200,Yahoo Finance
2019-02-28,151.304835,152.615152,150.901021,152.573944,8060600,Yahoo Finance
2019-03-01,153.134351,153.744178,150.695009,152.598679,5481300,Yahoo Finance
2019-03-04,153.447474,153.480445,150.068670,151.477875,5046800,Yahoo Finance
2019-03-05,151.832280,152.557479,151.016416,151.634491,3691000,Yahoo Finance
2019-03-06,152.071255,152.433861,151.502624,152.005325,4460900,Yahoo Finance
2019-03-07,151.955868,152.145407,149.640148,150.406555,4122200,Yahoo Finance
2019-03-08,149.565974,149.912095,147.942495,149.351700,3867100,Yahoo Finance
2019-03-11,149.986225,150.975143,149.326942,150.348831,3866200,Yahoo Finance
2019-03-12,151.164748,151.857002,150.258245,151.634491,3777000,Yahoo Finance
2019-03-13,152.132602,152.580924,150.339287,150.389099,4528300,Yahoo Finance
2019-03-14,150.505348,150.887262,149.857764,150.779327,4393000,Yahoo Finance
2019-03-15,151.352236,151.509983,149.085692,151.294113,8059100,Yahoo Finance
2019-03-18,151.543103,152.331825,151.377058,152.282013,4395800,Yahoo Finance
2019-03-19,152.921333,154.274623,152.331859,152.871521,4437100,Yahoo Finance
2019-03-20,153.012636,155.353897,152.290322,154.507065,4772600,Yahoo Finance
2019-03-21,154.008963,157.745029,154.008963,157.720123,4755700,Yahoo Finance
2019-03-22,157.172191,159.447045,156.640840,156.707260,5173600,Yahoo Finance
2019-03-25,156.707180,159.164686,156.507918,157.479294,3845900,Yahoo Finance
2019-03-26,158.317877,159.563232,156.698917,157.197052,4143300,Yahoo Finance
2019-03-27,157.454404,159.081674,156.408310,157.122314,4298400,Yahoo Finance
2019-03-28,157.670315,158.907360,157.047637,157.794846,3326100,Yahoo Finance
2019-03-29,158.450753,159.438724,157.861279,159.314194,4674100,Yahoo Finance
2019-04-01,160.227428,162.643408,160.111196,162.427551,5381400,Yahoo Finance
2019-04-02,162.311348,162.311348,161.082601,161.323364,2717800,Yahoo Finance
2019-04-03,161.879547,165.042747,161.157245,164.893311,4581500,Yahoo Finance
2019-04-04,165.217119,166.454176,164.403490,166.420959,3138400,Yahoo Finance
2019-04-05,166.761363,168.646004,166.553804,167.757645,3615300,Yahoo Finance
2019-04-08,167.184797,169.193969,167.076875,168.994720,3040900,Yahoo Finance
2019-04-09,167.923663,168.297279,166.429247,166.794540,3721700,Yahoo Finance
2019-04-10,167.093478,167.375768,164.403518,165.574142,3587500,Yahoo Finance
2019-04-11,165.964362,167.292747,165.242060,167.276138,2465100,Yahoo Finance
2019-04-12,167.815781,169.584177,167.815781,169.243790,3097900,Yahoo Finance
2019-04-15,169.501204,170.314832,168.870215,170.082367,3049900,Yahoo Finance
2019-04-16,170.406175,171.020555,169.609141,169.758591,3271400,Yahoo Finance
2019-04-17,170.480851,171.726206,170.464255,171.485443,3271900,Yahoo Finance
2019-04-18,171.045407,172.506619,170.281590,170.746521,3162500,Yahoo Finance
2019-04-22,169.459658,171.236364,169.368331,170.015915,2593900,Yahoo Finance
2019-04-23,170.314779,172.132999,168.895068,171.070297,3702600,Yahoo Finance
2019-04-24,171.161671,172.938378,170.646916,171.626602,2750900,Yahoo Finance
2019-04-25,171.037103,172.456814,170.248381,171.443924,3292100,Yahoo Finance
2019-04-26,170.929182,171.145039,168.820373,169.044540,3560300,Yahoo Finance
2019-04-29,168.795496,169.202317,166.329691,167.840729,3785200,Yahoo Finance
2019-04-30,167.334258,169.160777,166.703270,169.119263,3415600,Yahoo Finance
2019-05-01,168.704108,168.969790,164.934839,165.051071,4644700,Yahoo Finance
2019-05-02,165.466212,166.927424,165.051094,166.885910,2810000,Yahoo Finance
2019-05-03,167.707842,167.965213,166.313050,166.512299,3583400,Yahoo Finance
2019-05-06,165.001278,165.989250,164.644270,165.740189,2619400,Yahoo Finance
2019-05-07,163.349127,164.096335,160.202534,161.705261,4622100,Yahoo Finance
2019-05-08,161.472783,163.232881,160.800281,162.037338,3122600,Yahoo Finance
2019-05-09,160.493081,161.962604,159.065073,161.547485,2917700,Yahoo Finance
2019-05-10,160.410065,162.303004,157.753297,161.547485,3863600,Yahoo Finance
2019-05-13,158.575257,159.123217,157.031016,158.027298,3325900,Yahoo Finance
2019-05-14,158.160120,160.036451,157.753299,159.089981,3663600,Yahoo Finance
2019-05-15,158.417485,160.077958,157.969163,159.206207,3355800,Yahoo Finance
2019-05-16,159.795711,161.863006,159.571544,159.720993,3854000,Yahoo Finance
2019-05-17,158.458970,161.481031,158.367644,159.886978,5223800,Yahoo Finance
2019-05-20,158.683248,160.119554,158.251521,158.533798,4782800,Yahoo Finance
2019-05-21,155.362251,159.837227,154.706356,158.948868,8555600,Yahoo Finance
2019-05-22,158.151849,159.588155,156.126068,156.840073,5706000,Yahoo Finance
2019-05-23,156.458173,159.853840,154.648263,159.405518,7754000,Yahoo Finance
2019-05-24,159.853819,160.949738,158.085423,160.725571,3799500,Yahoo Finance
2019-05-28,161.381478,163.116671,158.865861,159.031906,5165800,Yahoo Finance
2019-05-29,157.977473,159.305857,156.109440,157.736710,4569900,Yahoo Finance
2019-05-30,157.852940,159.820597,157.819724,158.641663,3029800,Yahoo Finance
2019-05-31,157.446143,157.985792,156.632515,157.620499,3681500,Yahoo Finance
2019-06-03,157.346486,159.297535,156.707200,157.388000,4620200,Yahoo Finance
2019-06-04,159.056762,162.311288,158.923921,162.103729,5118100,Yahoo Finance
2019-06-05,162.204084,164.469813,161.426554,164.444733,3704600,Yahoo Finance
2019-06-06,164.411299,165.247360,162.998367,164.846054,3732900,Yahoo Finance
2019-06-07,164.871147,166.392783,164.043455,164.954758,3522300,Yahoo Finance
2019-06-10,166.008189,167.086714,164.971482,165.581802,3154500,Yahoo Finance
2019-06-11,166.392784,167.914408,163.734105,165.548355,3708500,Yahoo Finance
2019-06-12,166.217175,167.370942,165.523243,166.325867,2551500,Yahoo Finance
2019-06-13,167.170281,169.452723,166.752251,169.176834,3630900,Yahoo Finance
2019-06-14,168.307373,172.646530,168.307373,172.036209,4898000,Yahoo Finance
2019-06-17,173.064546,174.561089,172.228485,173.047821,4620500,Yahoo Finance
2019-06-18,173.984186,175.714825,173.156482,173.465820,3891300,Yahoo Finance
2019-06-19,173.816969,174.301885,172.144848,173.850418,3648200,Yahoo Finance
2019-06-20,175.213207,176.960570,174.995823,176.617783,5171500,Yahoo Finance
2019-06-21,176.626112,177.236445,174.803506,175.062683,9855000,Yahoo Finance
2019-06-24,174.025980,174.954008,171.492718,171.810425,4943500,Yahoo Finance
2019-06-25,172.479301,173.148152,170.723569,171.175049,3587900,Yahoo Finance
2019-06-26,171.676673,173.332083,171.099790,172.579620,3071200,Yahoo Finance
2019-06-27,173.574510,173.900573,172.236809,173.081238,2286800,Yahoo Finance
2019-06-28,173.708309,174.736660,173.390602,173.875519,11069000,Yahoo Finance
2019-07-01,175.321907,177.504026,174.042735,175.806824,4097700,Yahoo Finance
2019-07-02,175.773369,175.790081,174.285183,175.689758,3160500,Yahoo Finance
2019-07-03,175.422228,177.871880,175.321892,177.328445,2183700,Yahoo Finance
2019-07-05,175.547616,177.386946,175.346956,176.793350,2547800,Yahoo Finance
2019-07-08,176.392027,178.448742,176.065964,178.005630,2705300,Yahoo Finance
2019-07-09,177.186312,178.356805,176.575992,177.244843,2397400,Yahoo Finance
2019-07-10,176.174672,176.676313,174.594518,176.199753,3457400,Yahoo Finance
2019-07-11,177.453821,178.983813,176.425470,178.950363,3450100,Yahoo Finance
2019-07-12,179.752989,182.470185,179.426926,182.453461,4429800,Yahoo Finance
2019-07-15,183.055435,183.348062,181.266267,182.846420,3141300,Yahoo Finance
2019-07-16,181.675951,182.553817,181.199391,181.642502,2657400,Yahoo Finance
2019-07-17,181.199384,181.910041,180.263000,180.263000,3037300,Yahoo Finance
2019-07-18,180.171012,180.781333,178.089217,179.284790,3068000,Yahoo Finance
2019-07-19,179.477086,179.945278,178.022336,178.114304,3254800,Yahoo Finance
2019-07-22,178.080903,178.298274,175.890428,176.634521,2764900,Yahoo Finance
2019-07-23,177.721380,179.025632,177.019079,178.147766,2589900,Yahoo Finance
2019-07-24,178.239728,179.577417,178.139405,179.510544,2207100,Yahoo Finance
2019-07-25,179.151060,180.522198,178.607625,180.212860,2335300,Yahoo Finance
2019-07-26,180.196132,181.600720,179.000571,181.349899,2675500,Yahoo Finance
2019-07-29,181.249556,182.486935,180.881700,182.294632,2407200,Yahoo Finance
2019-07-30,181.859877,182.754456,181.308075,181.726105,2172600,Yahoo Finance
2019-07-31,180.881715,182.094001,177.386975,178.657791,3426400,Yahoo Finance
2019-08-01,179.033988,181.935119,177.261544,177.938751,3431500,Yahoo Finance
2019-08-02,177.127772,178.197928,176.475646,177.370224,2884900,Yahoo Finance
2019-08-05,175.179770,175.539282,170.623242,171.342255,4553200,Yahoo Finance
2019-08-06,171.400751,174.811879,170.974365,174.569427,3646800,Yahoo Finance
2019-08-07,172.261906,174.318621,169.828980,173.825348,3901100,Yahoo Finance
2019-08-08,175.321858,176.985623,174.502523,176.885300,2968000,Yahoo Finance
2019-08-09,176.785008,177.587631,173.858795,175.589447,2912100,Yahoo Finance
2019-08-12,173.984176,175.271704,172.353848,173.072861,2005000,Yahoo Finance
2019-08-13,172.487637,176.927117,171.208466,174.176483,3876700,Yahoo Finance
2019-08-14,170.940945,171.693395,168.474556,168.541443,4582100,Yahoo Finance
2019-08-15,169.720241,170.355643,166.417806,168.708603,4199700,Yahoo Finance
2019-08-16,170.347298,170.915813,168.608291,170.263687,4093600,Yahoo Finance
2019-08-19,173.047785,174.586146,171.643210,173.858765,6413600,Yahoo Finance
2019-08-20,178.498882,182.135750,177.386920,181.500336,12452600,Yahoo Finance
2019-08-21,182.871481,184.669018,181.224441,184.267700,7938600,Yahoo Finance
2019-08-22,183.975123,186.157241,183.832994,184.786102,4544600,Yahoo Finance
2019-08-23,183.849721,184.660701,180.597446,181.818100,5769300,Yahoo Finance
2019-08-26,182.645786,183.515283,180.739556,182.804626,3680200,Yahoo Finance
2019-08-27,183.557086,184.276098,182.185947,182.436768,4311700,Yahoo Finance
2019-08-28,182.160869,185.680677,181.517099,185.563629,3066700,Yahoo Finance
2019-08-29,187.193945,190.370978,187.076898,190.053284,4184200,Yahoo Finance
2019-08-30,190.981266,191.683567,189.526529,190.546524,3768300,Yahoo Finance
2019-09-03,189.325890,190.312448,186.759191,187.336075,4139400,Yahoo Finance
2019-09-04,188.379133,188.547363,185.620109,188.547363,3132900,Yahoo Finance
2019-09-05,190.355884,192.441972,190.313823,191.912033,3373100,Yahoo Finance
2019-09-06,192.374676,194.620588,191.684927,194.418716,3237900,Yahoo Finance
2019-09-09,194.729946,196.723506,193.535492,195.882339,4449100,Yahoo Finance
2019-09-10,195.360840,196.008541,193.224283,195.991714,4210600,Yahoo Finance
2019-09-11,195.932809,196.563684,194.326192,195.705704,2978300,Yahoo Finance
2019-09-12,196.344934,198.086154,196.084175,196.664581,3366100,Yahoo Finance
2019-09-13,197.110407,197.648753,195.428076,196.815994,3805500,Yahoo Finance
2019-09-16,195.764539,196.504769,193.981271,194.300919,3120200,Yahoo Finance
2019-09-17,190.768067,193.745803,190.498901,193.644867,3732500,Yahoo Finance
2019-09-18,193.779379,194.755134,192.635393,194.166321,3341800,Yahoo Finance
2019-09-19,194.435527,194.645819,191.743798,191.886795,3134000,Yahoo Finance
2019-09-20,191.777449,193.510249,188.614657,188.984772,7687700,Yahoo Finance
2019-09-23,188.555733,191.062404,188.379083,190.313766,2754000,Yahoo Finance
2019-09-24,191.903618,193.670072,189.077300,189.607239,4511300,Yahoo Finance
2019-09-25,190.599796,192.164365,188.841762,191.869965,3716700,Yahoo Finance
2019-09-26,193.199006,194.410287,192.627019,193.291534,4200600,Yahoo Finance
2019-09-27,194.822443,194.940206,192.736355,193.350403,3152000,Yahoo Finance
2019-09-30,193.628023,195.646816,193.569135,195.167358,3249200,Yahoo Finance
2019-10-01,196.000061,197.261810,194.073797,194.376617,3335400,Yahoo Finance
2019-10-02,193.972897,193.972897,188.707190,189.725006,4336100,Yahoo Finance
2019-10-03,189.262358,190.784866,186.839796,190.784866,2777700,Yahoo Finance
2019-10-04,191.087693,192.803679,190.961523,191.726974,3163100,Yahoo Finance
2019-10-07,191.373671,191.895203,190.145576,190.725983,2917600,Yahoo Finance
2019-10-08,189.565174,192.441960,189.346475,190.667099,3438500,Yahoo Finance
2019-10-09,192.206438,193.098072,190.616635,192.576553,2657600,Yahoo Finance
2019-10-10,192.913014,195.352403,192.694315,194.822464,2781500,Yahoo Finance
2019-10-11,197.102022,199.103989,196.630959,197.388016,3459200,Yahoo Finance
2019-10-14,197.017891,198.086176,196.883302,196.984238,2183900,Yahoo Finance
2019-10-15,197.413248,199.238577,197.337546,198.195526,2663300,Yahoo Finance
2019-10-16,198.027320,198.658194,196.698276,198.431076,2388100,Yahoo Finance
2019-10-17,198.818006,200.340515,198.103010,199.162888,2250500,Yahoo Finance
2019-10-18,199.347926,200.811546,198.212346,200.138611,3662500,Yahoo Finance
2019-10-21,200.416221,201.030281,198.187136,199.104004,2041700,Yahoo Finance
2019-10-22,199.608673,200.449839,198.952565,199.524551,2003200,Yahoo Finance
2019-10-23,199.070333,199.701207,197.135649,197.396408,2110500,Yahoo Finance
2019-10-24,197.514182,198.826399,196.050561,196.740311,2173900,Yahoo Finance
2019-10-25,196.403829,198.027273,195.613131,197.152466,2210900,Yahoo Finance
2019-10-28,197.631948,199.322700,197.303894,199.188110,2705000,Yahoo Finance
2019-10-29,199.221753,199.776926,196.765550,196.950607,2558000,Yahoo Finance
2019-10-30,196.420634,199.019846,195.890708,198.717026,1956700,Yahoo Finance
2019-10-31,199.238551,199.684368,196.176708,197.320694,2824100,Yahoo Finance
2019-11-01,198.574078,199.734878,197.724492,199.642349,2197400,Yahoo Finance
2019-11-04,200.424631,200.525567,196.731913,197.606720,2542400,Yahoo Finance
2019-11-05,197.455294,197.606698,193.695282,195.318726,3624600,Yahoo Finance
2019-11-06,195.848663,196.866466,195.057965,196.841232,2631900,Yahoo Finance
2019-11-07,196.832842,198.338523,194.948625,195.941208,2832500,Yahoo Finance
2019-11-08,195.823430,196.210359,194.839267,195.857071,2088400,Yahoo Finance
2019-11-11,193.888736,195.386010,193.619557,194.982254,2309600,Yahoo Finance
2019-11-12,195.276643,197.362744,195.150473,196.092575,2991100,Yahoo Finance
2019-11-13,195.226202,197.589877,194.183165,197.505768,2399600,Yahoo Finance
2019-11-14,197.674004,199.305868,196.866479,198.977814,2282200,Yahoo Finance
2019-11-15,199.936724,200.239545,198.817972,199.600250,3524700,Yahoo Finance
2019-11-18,200.567640,201.299451,199.154475,200.912521,5747400,Yahoo Finance
2019-11-19,193.972864,196.092593,189.598791,189.985733,14972200,Yahoo Finance
2019-11-20,188.883816,189.262338,185.535979,185.813553,10225400,Yahoo Finance
2019-11-21,186.688387,186.999614,183.794774,183.828415,7823700,Yahoo Finance
2019-11-22,183.794763,184.324702,183.214357,183.399414,5786500,Yahoo Finance
2019-11-25,183.374186,183.820003,182.432085,183.710648,8865400,Yahoo Finance
2019-11-26,184.013484,185.864060,183.702257,185.695816,9981400,Yahoo Finance
2019-11-27,186.469672,187.958539,185.611692,187.580017,6687500,Yahoo Finance
2019-11-29,187.832349,187.857583,185.300431,185.485489,2952900,Yahoo Finance
2019-12-02,185.813527,186.057473,182.919928,183.054504,4416300,Yahoo Finance
2019-12-03,182.070406,182.070406,179.109498,180.009552,6505400,Yahoo Finance
2019-12-04,180.737551,181.973513,180.475124,181.245483,4256200,Yahoo Finance
2019-12-05,181.465588,181.584104,179.273037,180.314285,4580500,Yahoo Finance
2019-12-06,181.338591,182.312113,181.076151,181.397842,4193700,Yahoo Finance
2019-12-09,181.406329,184.445439,181.313209,183.302597,5111100,Yahoo Finance
2019-12-10,183.294154,183.438066,182.092061,182.769287,4663000,Yahoo Finance
2019-12-11,178.646577,180.864523,178.291029,179.467728,8284800,Yahoo Finance
2019-12-12,179.890988,181.270862,178.392599,179.501572,9915100,Yahoo Finance
2019-12-13,179.569326,181.355538,178.341837,181.228561,6869200,Yahoo Finance
2019-12-16,181.524849,183.463446,181.414807,182.456055,5850300,Yahoo Finance
2019-12-17,182.870842,185.774488,182.743852,184.309967,7574400,Yahoo Finance
2019-12-18,184.724777,185.893002,184.242240,184.546997,6677400,Yahoo Finance
2019-12-19,184.953351,186.891949,184.784045,186.426346,5405000,Yahoo Finance
2019-12-20,186.739565,187.569189,186.070799,187.247498,7778200,Yahoo Finance
2019-12-23,187.933192,187.933192,185.512070,185.571335,3943700,Yahoo Finance
2019-12-24,185.816840,187.120515,185.579808,186.807297,2260700,Yahoo Finance
2019-12-26,186.866540,187.213614,185.893004,186.934265,2649200,Yahoo Finance
2019-12-27,187.255985,187.755444,186.053891,186.214737,3082800,Yahoo Finance
2019-12-30,186.553304,186.654898,183.319505,183.962875,3952400,Yahoo Finance
2019-12-31,183.785120,184.978740,183.226397,184.868698,3789900,Yahoo Finance
2020-01-02,185.461288,186.036933,184.411566,185.952286,3935700,Yahoo Finance
2020-01-03,183.818993,185.969214,183.488841,185.334305,3423200,Yahoo Finance
2020-01-06,183.268708,186.240079,183.192509,186.206223,5682800,Yahoo Finance
2020-01-07,185.816824,186.714161,183.615800,184.987213,5685400,Yahoo Finance
2020-01-08,185.224238,188.754332,185.114183,187.755402,4916200,Yahoo Finance
2020-01-09,188.474988,190.938439,187.806222,190.633682,4843600,Yahoo Finance
2020-01-10,190.261214,190.887663,188.805154,189.812546,4226600,Yahoo Finance
2020-01-13,190.049562,190.058023,188.508843,189.067566,6060900,Yahoo Finance
2020-01-14,188.339520,190.430489,188.195608,188.618881,3915100,Yahoo Finance
2020-01-15,188.170274,190.455946,188.043297,190.125793,3444300,Yahoo Finance
2020-01-16,191.260105,193.740491,190.811436,193.706635,5390800,Yahoo Finance
2020-01-17,194.375406,196.906583,193.782826,196.322464,7979200,Yahoo Finance
2020-01-21,196.000757,197.803904,195.602879,197.202850,4873500,Yahoo Finance
2020-01-22,197.913994,200.233535,197.143647,197.160568,4030800,Yahoo Finance
2020-01-23,196.508685,198.785895,195.247327,197.795425,4617900,Yahoo Finance
2020-01-24,198.481144,199.302282,195.179608,196.398636,4467500,Yahoo Finance
2020-01-27,193.181775,196.796529,193.181775,195.712952,3595600,Yahoo Finance
2020-01-28,196.246288,199.149934,195.848410,197.973236,3621900,Yahoo Finance
2020-01-29,198.853671,199.683295,197.583852,198.108719,2564000,Yahoo Finance
2020-01-30,196.398648,197.499160,196.034639,197.067413,4685700,Yahoo Finance
2020-01-31,197.211336,197.439894,192.919342,193.097122,5304700,Yahoo Finance
2020-02-03,194.959508,197.693847,194.155292,196.009216,5100900,Yahoo Finance
2020-02-04,198.117158,200.089612,198.117158,198.938309,3505100,Yahoo Finance
2020-02-05,200.716053,201.748841,199.666332,201.571060,3868600,Yahoo Finance
2020-02-06,201.477900,202.671533,201.037693,202.188995,3930300,Yahoo Finance
2020-02-07,202.188990,202.773108,200.225010,200.885315,2456100,Yahoo Finance
2020-02-10,200.292749,203.687393,199.937188,203.687393,2568000,Yahoo Finance
2020-02-11,203.687370,205.245011,203.340283,204.559311,2692400,Yahoo Finance
2020-02-12,204.974171,205.118082,202.189027,204.517029,3592100,Yahoo Finance
2020-02-13,203.992156,206.218575,203.509618,205.168854,2468100,Yahoo Finance
2020-02-14,206.083148,207.573065,205.397448,207.429153,2841600,Yahoo Finance
2020-02-18,207.268295,208.343412,205.846104,206.506409,2892600,Yahoo Finance
2020-02-19,207.327574,207.827033,205.719129,206.252457,2713300,Yahoo Finance
2020-02-20,206.294755,209.198401,204.991067,209.113754,3701800,Yahoo Finance
2020-02-21,208.673570,209.401600,206.557206,207.691574,3881100,Yahoo Finance
2020-02-24,201.884236,205.803747,201.223931,202.917023,5350100,Yahoo Finance
2020-02-25,208.334977,209.071468,200.191195,200.953094,8061500,Yahoo Finance
2020-02-26,202.409151,204.051439,198.362662,199.175339,6963000,Yahoo Finance
2020-02-27,195.611358,198.785905,190.108810,190.244247,7612800,Yahoo Finance
2020-02-28,185.080308,187.137408,179.747067,184.411530,11809600,Yahoo Finance
2020-03-02,186.223152,194.705545,184.961807,194.654755,7150800,Yahoo Finance
2020-03-03,194.730979,199.632487,190.955391,192.961700,8432500,Yahoo Finance
2020-03-04,197.253635,204.288442,196.229322,204.085266,6770000,Yahoo Finance
2020-03-05,200.292760,202.840858,197.372166,198.777435,6473900,Yahoo Finance
2020-03-06,192.648472,194.951065,188.144841,193.444214,7399900,Yahoo Finance
2020-03-09,181.050774,183.006293,175.446644,178.164062,10120500,Yahoo Finance
2020-03-10,183.878262,191.175485,178.621206,191.065430,7206600,Yahoo Finance
2020-03-11,185.185158,186.761738,179.390130,181.426910,7253900,Yahoo Finance
2020-03-12,166.530295,176.049475,157.522432,162.422638,10928700,Yahoo Finance
2020-03-13,170.825436,175.401811,161.919847,175.273972,10292300,Yahoo Finance
2020-03-16,155.076570,158.596199,139.003897,140.580490,12536600,Yahoo Finance
2020-03-17,143.350184,148.949195,132.348155,147.977676,16234400,Yahoo Finance
2020-03-18,136.183139,138.339229,119.846277,132.629425,14681900,Yahoo Finance
2020-03-19,130.524461,138.833507,121.013796,137.316574,13499100,Yahoo Finance
2020-03-20,138.722689,145.063131,129.373948,129.663696,12602400,Yahoo Finance
2020-03-23,127.882602,140.554958,124.712380,138.390350,12241600,Yahoo Finance
2020-03-24,147.764644,158.229778,146.588590,157.420181,14676600,Yahoo Finance
2020-03-25,157.164494,163.240753,153.397729,154.897614,11497400,Yahoo Finance
2020-03-26,156.371936,168.907931,155.528244,166.359833,10170300,Yahoo Finance
2020-03-27,160.633000,167.356934,158.937098,162.388550,7121700,Yahoo Finance
2020-03-30,162.405613,168.907965,159.883067,167.118332,6936700,Yahoo Finance
2020-03-31,166.010447,166.598473,158.042281,159.116074,7335400,Yahoo Finance
2020-04-01,149.912198,155.749826,149.136684,152.230209,7858200,Yahoo Finance
2020-04-02,149.094061,155.715733,148.284465,154.514114,6353900,Yahoo Finance
2020-04-03,153.022741,154.548204,149.085538,152.289841,7299800,Yahoo Finance
2020-04-06,160.215454,163.973702,157.769616,163.053314,7454000,Yahoo Finance
2020-04-07,172.930392,173.944524,163.496438,163.871399,6438800,Yahoo Finance
2020-04-08,165.507663,167.689318,163.232252,166.027512,6094700,Yahoo Finance
2020-04-09,170.271455,175.546633,167.459161,171.745773,7125100,Yahoo Finance
2020-04-13,170.825438,170.825438,166.496211,169.410767,4415600,Yahoo Finance
2020-04-14,172.044093,178.733931,170.552726,176.552277,5655400,Yahoo Finance
2020-04-15,169.308467,172.350862,167.552918,169.146545,5693900,Yahoo Finance
2020-04-16,169.692025,172.325364,167.731953,170.314148,7262800,Yahoo Finance
2020-04-17,176.552255,179.177062,175.691528,178.469727,6717600,Yahoo Finance
2020-04-20,175.665957,179.841778,175.009752,175.597778,4753100,Yahoo Finance
2020-04-21,171.081116,174.140546,170.024371,170.961807,4845000,Yahoo Finance
2020-04-22,172.052614,175.308061,171.413457,173.995651,4067700,Yahoo Finance
2020-04-23,173.271277,176.381837,172.308276,172.419067,3565500,Yahoo Finance
2020-04-24,174.472850,181.460965,173.722914,180.821808,5025200,Yahoo Finance
2020-04-27,183.259198,188.287244,182.381423,185.577209,5472800,Yahoo Finance
2020-04-28,190.886486,191.082490,184.852839,185.466431,5080700,Yahoo Finance
2020-04-29,188.628071,191.039825,187.332721,189.028610,4381100,Yahoo Finance
2020-04-30,184.750523,189.284285,184.520436,187.341248,5152700,Yahoo Finance
2020-05-01,184.733506,187.230475,183.881297,186.267487,3819300,Yahoo Finance
2020-05-04,184.656824,189.753048,183.404087,189.054230,4090900,Yahoo Finance
2020-05-05,191.696065,195.028208,190.562625,192.267044,4655200,Yahoo Finance
2020-05-06,193.766934,194.678805,190.724552,190.826813,3321100,Yahoo Finance
2020-05-07,193.034007,197.397329,192.957311,195.539505,4501300,Yahoo Finance
2020-05-08,198.309204,200.738007,196.988277,199.783524,4365200,Yahoo Finance
2020-05-11,197.516661,203.482129,197.073508,201.598740,4378300,Yahoo Finance
2020-05-12,203.311670,203.891166,198.479630,198.479630,4399600,Yahoo Finance
2020-05-13,198.598961,201.377173,194.764017,196.093475,6237200,Yahoo Finance
2020-05-14,192.914720,199.979546,192.769846,199.826141,6434500,Yahoo Finance
2020-05-15,198.385922,207.282994,198.309226,203.959381,16176300,Yahoo Finance
2020-05-18,209.507250,211.620740,207.973270,209.089676,8314800,Yahoo Finance
2020-05-19,204.913833,206.626783,202.655483,202.911148,9387000,Yahoo Finance
2020-05-20,206.234725,206.464825,200.226644,202.987808,7534200,Yahoo Finance
2020-05-21,202.502062,205.535926,200.942516,205.280273,4772700,Yahoo Finance
2020-05-22,205.126847,206.524471,203.388346,206.132462,3041800,Yahoo Finance
2020-05-26,211.475842,211.535503,206.294418,206.643814,4535200,Yahoo Finance
2020-05-27,206.822779,210.828162,205.195056,210.802597,4664800,Yahoo Finance
2020-05-28,212.643389,214.952870,208.305631,208.910706,5259300,Yahoo Finance
2020-05-29,208.842524,212.805307,208.561293,211.757080,5341600,Yahoo Finance
2020-06-01,212.549629,212.864942,209.532799,210.742935,3407800,Yahoo Finance
2020-06-02,211.884906,215.370441,210.495800,215.361923,5301000,Yahoo Finance
2020-06-03,215.867726,216.750742,214.658932,215.181885,4638100,Yahoo Finance
2020-06-04,214.127445,216.184956,212.155656,213.424454,4759400,Yahoo Finance
2020-06-05,216.330618,219.339743,214.650321,218.525299,5054300,Yahoo Finance
2020-06-08,216.459256,220.162778,216.262068,220.128479,3811900,Yahoo Finance
2020-06-09,218.893975,221.431584,217.633746,220.119919,3716100,Yahoo Finance
2020-06-10,220.711434,222.288860,217.942351,218.139526,3589800,Yahoo Finance
2020-06-11,213.347257,214.856097,204.671402,205.297226,6563700,Yahoo Finance
2020-06-12,208.383508,211.229732,203.222569,207.851974,5238500,Yahoo Finance
2020-06-15,203.711226,207.654803,200.873570,206.917526,6250900,Yahoo Finance
2020-06-16,213.810252,215.739174,208.212094,214.281769,5291600,Yahoo Finance
2020-06-17,216.699326,218.285320,214.393191,215.053314,4234000,Yahoo Finance
2020-06-18,213.775928,215.824871,211.864157,213.647339,3347800,Yahoo Finance
2020-06-19,216.982175,218.010930,211.221130,211.452591,11114600,Yahoo Finance
2020-06-22,210.638189,214.376010,210.475300,213.604446,3815200,Yahoo Finance
2020-06-23,216.896436,217.273649,214.435994,214.590302,3105300,Yahoo Finance
2020-06-24,212.447122,214.573218,208.092044,211.006866,3873000,Yahoo Finance
2020-06-25,209.866642,211.195457,207.637661,210.363876,2938400,Yahoo Finance
2020-06-26,210.338147,210.981121,205.965920,206.617462,5002700,Yahoo Finance
2020-06-29,208.032016,211.324038,206.043077,210.998260,3468300,Yahoo Finance
2020-06-30,211.752653,215.739084,210.972508,214.761765,4524600,Yahoo Finance
2020-07-01,214.024519,214.607488,211.692666,212.738571,3677300,Yahoo Finance
2020-07-02,215.987744,216.296372,212.541401,213.038635,3369800,Yahoo Finance
2020-07-06,214.556038,215.610511,211.786955,213.938782,3133800,Yahoo Finance
2020-07-07,212.069871,214.993261,211.812692,212.052734,2927800,Yahoo Finance
2020-07-08,212.498547,214.144558,211.084009,213.613037,2294000,Yahoo Finance
2020-07-09,214.033119,214.761815,211.195463,212.575714,2994700,Yahoo Finance
2020-07-10,212.858610,214.607506,211.444073,214.418900,2745300,Yahoo Finance
2020-07-13,215.970537,221.062877,213.544382,213.998749,4437500,Yahoo Finance
2020-07-14,213.467271,221.337262,213.004335,221.002930,4614200,Yahoo Finance
2020-07-15,223.017560,224.003448,218.739624,221.011459,4343700,Yahoo Finance
2020-07-16,220.119882,223.326168,219.468327,221.251495,2511200,Yahoo Finance
2020-07-17,222.923283,223.454804,220.942926,223.223343,3091300,Yahoo Finance
2020-07-20,222.074538,223.926305,221.200077,223.043289,2451100,Yahoo Finance
2020-07-21,224.286405,226.215327,223.514842,224.972260,2439900,Yahoo Finance
2020-07-22,225.117974,227.689869,224.612171,227.329819,2750000,Yahoo Finance
2020-07-23,229.584491,229.584491,224.440701,226.163879,2680100,Yahoo Finance
2020-07-24,227.218353,228.804360,225.460875,227.449814,2984500,Yahoo Finance
2020-07-27,227.261178,230.338875,227.261178,229.258698,2412500,Yahoo Finance
2020-07-28,230.236009,230.673240,226.901133,227.424072,2227000,Yahoo Finance
2020-07-29,227.012571,228.992928,226.472495,226.892563,2874100,Yahoo Finance
2020-07-30,225.760891,229.198665,224.226320,228.307068,2347800,Yahoo Finance
2020-07-31,227.184089,229.044438,223.420536,227.604156,3640600,Yahoo Finance
2020-08-03,228.667224,230.253205,227.758490,228.195694,2363500,Yahoo Finance
2020-08-04,228.581429,229.661633,226.189559,229.644470,2224000,Yahoo Finance
2020-08-05,230.090295,230.090295,227.947049,229.310150,1959900,Yahoo Finance
2020-08-06,228.555698,231.847720,228.495681,230.930405,2203400,Yahoo Finance
2020-08-07,231.993438,235.688417,231.307610,232.876480,2846300,Yahoo Finance
2020-08-10,233.545277,235.757096,233.013730,235.525635,2393100,Yahoo Finance
2020-08-11,238.063199,239.503454,235.251261,235.688492,3321300,Yahoo Finance
2020-08-12,239.829181,242.589683,237.437312,241.398026,3867900,Yahoo Finance
2020-08-13,241.038041,242.315407,239.820665,241.466690,2202400,Yahoo Finance
2020-08-14,241.020844,241.758108,239.349102,240.515015,2490400,Yahoo Finance
2020-08-17,243.815613,247.947797,243.104067,247.107635,5584400,Yahoo Finance
2020-08-18,247.673475,249.113730,242.649720,244.330017,6934300,Yahoo Finance
2020-08-19,246.438892,246.876122,241.698035,242.495316,4986800,Yahoo Finance
2020-08-20,240.506441,241.680936,239.563408,240.626450,3530000,Yahoo Finance
2020-08-21,240.017851,243.086968,238.689049,242.812653,5519100,Yahoo Finance
2020-08-24,244.321499,245.916088,241.689612,245.830353,4430900,Yahoo Finance
2020-08-25,246.276043,246.456094,243.378397,245.298737,2854500,Yahoo Finance
2020-08-26,246.670420,250.433946,245.418746,250.271057,4001900,Yahoo Finance
2020-08-27,250.519745,251.145583,245.667433,247.442047,3430900,Yahoo Finance
2020-08-28,247.167723,247.613509,244.132879,245.435989,3100100,Yahoo Finance
2020-08-31,244.330035,245.778871,242.503985,244.364334,4105400,Yahoo Finance
2020-09-01,243.498406,245.770241,243.044039,245.135849,3235100,Yahoo Finance
2020-09-02,245.489276,248.238482,244.412002,247.514557,3464600,Yahoo Finance
2020-09-03,247.600662,247.945411,234.561359,236.681427,5380100,Yahoo Finance
2020-09-04,237.474295,238.525716,228.097724,232.398193,5253500,Yahoo Finance
2020-09-08,230.200580,233.587550,226.494767,232.053513,5241200,Yahoo Finance
2020-09-09,234.811276,241.085319,234.199391,238.758423,4754700,Yahoo Finance
2020-09-10,239.594386,242.153990,233.699545,235.018127,3156300,Yahoo Finance
2020-09-11,236.121215,239.568492,235.673052,238.146469,3729200,Yahoo Finance
2020-09-14,240.059772,243.429489,239.603009,241.869598,3055800,Yahoo Finance
2020-09-15,243.929375,247.083638,243.360571,246.118378,4174900,Yahoo Finance
2020-09-16,246.144212,246.980178,241.895449,242.714188,3379100,Yahoo Finance
2020-09-17,239.508199,243.653547,238.689460,241.274918,3166600,Yahoo Finance
2020-09-18,239.939122,241.162890,233.389290,237.164062,6072900,Yahoo Finance
2020-09-21,234.302809,235.190482,229.700697,234.716492,3548000,Yahoo Finance
2020-09-22,234.139114,235.724859,233.234214,235.543884,2972000,Yahoo Finance
2020-09-23,237.362301,238.396469,228.114970,229.717941,4467600,Yahoo Finance
2020-09-24,228.994013,232.432690,227.416895,228.985413,3095600,Yahoo Finance
2020-09-25,227.684024,232.820460,227.451343,231.441544,2457700,Yahoo Finance
2020-09-28,234.354542,236.328116,232.949772,234.699265,3061100,Yahoo Finance
2020-09-29,235.621398,236.000600,233.647824,234.509644,2048900,Yahoo Finance
2020-09-30,235.690337,241.240455,234.862971,239.335815,4778800,Yahoo Finance
2020-10-01,240.826834,241.309451,237.732905,239.258316,2696900,Yahoo Finance
2020-10-02,236.948591,242.240148,236.224666,240.714737,2943600,Yahoo Finance
2020-10-05,242.102307,243.395036,241.050886,243.119247,2330700,Yahoo Finance
2020-10-06,243.463935,243.894845,237.663882,238.267166,2992500,Yahoo Finance
2020-10-07,242.041981,244.756707,241.309429,243.713913,3423700,Yahoo Finance
2020-10-08,244.618773,245.575406,242.317730,245.204803,2256200,Yahoo Finance
2020-10-09,246.023548,247.583439,244.834233,246.411377,2240100,Yahoo Finance
2020-10-12,247.678209,248.488295,246.531975,247.264526,2411900,Yahoo Finance
2020-10-13,246.221814,250.591218,246.221814,250.237869,2699900,Yahoo Finance
2020-10-14,249.505307,250.186126,245.747761,247.419693,2221000,Yahoo Finance
2020-10-15,244.860062,250.143018,243.998243,247.807495,2699400,Yahoo Finance
2020-10-16,248.419420,252.211420,247.557601,247.910950,3108600,Yahoo Finance
2020-10-19,249.720771,250.022387,244.222360,244.524002,2428100,Yahoo Finance
2020-10-20,245.739169,249.746623,244.868723,246.514801,2281500,Yahoo Finance
2020-10-21,245.954633,248.221196,244.136181,245.196228,2304500,Yahoo Finance
2020-10-22,244.696342,246.204526,241.869576,242.309113,2787000,Yahoo Finance
2020-10-23,243.360528,244.058599,240.921565,243.894852,1750600,Yahoo Finance
2020-10-26,240.999177,242.628002,234.414864,237.896622,2911900,Yahoo Finance
2020-10-27,238.715327,241.076730,237.965549,238.586060,3014100,Yahoo Finance
2020-10-28,232.906684,235.854118,231.562248,232.449921,3255900,Yahoo Finance
2020-10-29,232.424022,235.879925,230.372888,232.372314,2872500,Yahoo Finance
2020-10-30,231.674272,232.363717,225.822512,229.855820,3872800,Yahoo Finance
2020-11-02,232.820464,236.810691,231.415694,233.328934,2956400,Yahoo Finance
2020-11-03,236.871026,240.904334,235.897166,239.042801,3037500,Yahoo Finance
2020-11-04,238.517099,247.376599,237.870734,243.653534,3525300,Yahoo Finance
2020-11-05,248.505669,249.065846,244.825683,246.351120,2516600,Yahoo Finance
2020-11-06,247.109418,247.152498,243.765555,244.963470,2839100,Yahoo Finance
2020-11-09,248.186734,248.565936,232.234450,232.665359,7856400,Yahoo Finance
2020-11-10,235.095690,237.681148,232.044842,237.491547,4828500,Yahoo Finance
2020-11-11,238.999770,242.765917,238.008683,239.370346,2987900,Yahoo Finance
2020-11-12,243.894908,244.489566,236.000639,238.069000,3818600,Yahoo Finance
2020-11-13,238.224149,241.076770,237.224436,238.870514,3939200,Yahoo Finance
2020-11-16,240.602705,242.421158,238.206849,240.938828,5360200,Yahoo Finance
2020-11-17,234.501047,235.733442,232.174124,234.819916,8532200,Yahoo Finance
2020-11-18,233.122124,237.327806,231.829395,232.544693,5122200,Yahoo Finance
2020-11-19,233.053166,234.742324,231.570836,233.492676,3929400,Yahoo Finance
2020-11-20,233.940862,234.733721,231.717354,232.527466,4111000,Yahoo Finance
2020-11-23,232.699851,235.871340,232.303395,233.897766,3294200,Yahoo Finance
2020-11-24,236.138542,237.474352,234.906146,235.543884,4773400,Yahoo Finance
2020-11-25,235.690332,236.776207,233.733986,236.103989,3001700,Yahoo Finance
2020-11-27,237.207136,238.361971,236.448731,237.853500,1625300,Yahoo Finance
2020-11-30,237.189854,239.378882,234.345862,239.077240,4624100,Yahoo Finance
2020-12-01,240.214829,240.404430,237.474225,238.379150,3942400,Yahoo Finance
2020-12-02,237.400066,237.521365,233.587390,234.913162,4168600,Yahoo Finance
2020-12-03,234.505889,235.632352,231.481748,232.348267,4168900,Yahoo Finance
2020-12-04,231.767676,232.859497,227.738370,228.752182,7732800,Yahoo Finance
2020-12-07,228.327606,229.194124,226.161310,227.582413,6379000,Yahoo Finance
2020-12-08,226.785187,227.461070,224.194305,226.785187,5338100,Yahoo Finance
2020-12-09,229.289450,230.294615,227.244479,230.129974,4550100,Yahoo Finance
2020-12-10,228.830216,230.554606,227.123173,229.462784,4234300,Yahoo Finance
2020-12-11,228.206298,229.939335,227.591077,229.237457,3454500,Yahoo Finance
2020-12-14,230.615249,232.746877,229.861356,230.129974,4576800,Yahoo Finance
2020-12-15,231.802376,232.885524,230.667239,232.209641,3754100,Yahoo Finance
2020-12-16,232.686168,234.609840,231.802329,233.604675,4669600,Yahoo Finance
2020-12-17,235.831628,237.711958,235.086409,237.400024,4247000,Yahoo Finance
2020-12-18,237.937272,238.933762,234.219900,234.349899,9817000,Yahoo Finance
2020-12-21,232.712162,235.649671,230.389899,234.817795,4339000,Yahoo Finance
2020-12-22,234.011950,235.138413,232.668857,233.994629,3140100,Yahoo Finance
2020-12-23,234.011979,234.826508,232.400267,233.795349,2337100,Yahoo Finance
2020-12-24,233.474760,235.138461,233.440092,234.757217,1093900,Yahoo Finance
2020-12-28,235.840350,235.909660,233.301431,233.310104,2633800,Yahoo Finance
2020-12-29,233.942713,234.358625,229.688103,230.658600,2572100,Yahoo Finance
2020-12-30,230.589226,231.620386,229.558094,229.852707,2511400,Yahoo Finance
2020-12-31,230.121357,230.450639,228.396967,230.164673,2607900,Yahoo Finance
2021-01-04,230.502595,230.875191,226.213317,228.691574,5002000,Yahoo Finance
2021-01-05,227.599687,230.953109,227.253085,230.537170,3822600,Yahoo Finance
2021-01-06,228.812867,233.760680,226.915189,231.854355,3949200,Yahoo Finance
2021-01-07,231.317092,232.902809,230.641209,230.719193,3833200,Yahoo Finance
2021-01-08,231.663714,234.592551,231.360427,233.171448,3757700,Yahoo Finance
2021-01-11,231.767640,236.880092,231.585678,235.025757,3764400,Yahoo Finance
2021-01-12,234.921795,240.840131,234.523204,239.445023,4030900,Yahoo Finance
2021-01-13,241.160691,243.041047,237.374010,237.469315,3921400,Yahoo Finance
2021-01-14,237.859318,238.205920,231.941008,232.521561,4641400,Yahoo Finance
2021-01-15,232.772872,239.497064,232.226961,238.803833,5131700,Yahoo Finance
2021-01-19,240.892165,240.892165,236.576893,236.724213,3615800,Yahoo Finance
2021-01-20,236.776171,240.207577,235.259764,237.686005,3498400,Yahoo Finance
2021-01-21,239.349660,243.231671,238.873086,241.801895,4397900,Yahoo Finance
2021-01-22,241.983913,247.027030,240.779440,246.091202,4501900,Yahoo Finance
2021-01-25,245.961238,247.624938,243.855605,247.027039,4025900,Yahoo Finance
2021-01-26,247.321686,247.520968,244.098236,244.878098,2472200,Yahoo Finance
2021-01-27,242.616435,243.326986,236.628791,237.469315,4337000,Yahoo Finance
2021-01-28,239.306362,245.190002,238.231862,240.935394,3463000,Yahoo Finance
2021-01-29,238.994435,240.077583,233.985960,234.670517,4079500,Yahoo Finance
2021-02-01,235.025810,236.256251,231.577057,234.020645,3707800,Yahoo Finance
2021-02-02,233.959921,238.890412,233.951248,235.831604,4111800,Yahoo Finance
2021-02-03,235.597688,238.916442,234.575176,237.573349,2802700,Yahoo Finance
2021-02-04,237.642681,242.139914,237.642681,241.602676,2976000,Yahoo Finance
2021-02-05,242.876455,244.150238,240.727480,241.637314,2389900,Yahoo Finance
2021-02-08,242.356556,242.989124,239.930315,242.651169,3475600,Yahoo Finance
2021-02-09,242.330576,242.798503,239.696352,239.826324,2507800,Yahoo Finance
2021-02-10,240.918115,241.697977,239.375714,241.490021,2410600,Yahoo Finance
2021-02-11,240.831442,242.841771,239.167742,240.077576,2595300,Yahoo Finance
2021-02-12,240.129513,241.507274,239.661586,240.467468,2392200,Yahoo Finance
2021-02-16,240.034310,241.438066,238.188621,238.630554,2873500,Yahoo Finance
2021-02-17,238.760535,244.176276,238.639210,243.422409,3536400,Yahoo Finance
2021-02-18,243.318339,246.680434,242.477815,245.268005,3532000,Yahoo Finance
2021-02-19,245.112024,246.013210,242.139872,242.313187,4079900,Yahoo Finance
2021-02-22,241.074023,241.316647,237.105381,239.029053,3995500,Yahoo Finance
2021-02-23,233.422721,233.674019,223.197789,231.568359,12111000,Yahoo Finance
2021-02-24,228.093688,231.351780,220.121707,225.268829,14512700,Yahoo Finance
2021-02-25,225.078197,226.074688,220.710949,221.178864,6545400,Yahoo Finance
2021-02-26,223.362447,225.502749,221.924023,223.856369,7871200,Yahoo Finance
2021-03-01,224.263618,227.443752,223.969005,226.698532,4528900,Yahoo Finance
2021-03-02,226.750513,227.989628,225.095460,225.546066,3740300,Yahoo Finance
2021-03-03,224.670914,225.728068,221.837408,223.007187,4257500,Yahoo Finance
2021-03-04,221.828726,222.573919,214.116717,217.435471,7154900,Yahoo Finance
2021-03-05,218.587957,220.269005,213.674799,219.679779,6351800,Yahoo Finance
2021-03-08,220.294978,228.093657,218.813239,224.454269,5037400,Yahoo Finance
2021-03-09,227.660424,231.854370,226.845894,229.592743,6625300,Yahoo Finance
2021-03-10,231.868519,234.336121,230.264110,232.147522,3798400,Yahoo Finance
2021-03-11,234.205353,236.106194,232.984630,234.423340,4371300,Yahoo Finance
2021-03-12,233.202602,238.748181,232.600955,238.129105,4190500,Yahoo Finance
2021-03-15,239.349834,243.840363,239.210319,242.872513,4355200,Yahoo Finance
2021-03-16,242.872505,246.342842,242.096458,245.959183,4458900,Yahoo Finance
2021-03-17,245.139584,247.528714,243.491588,244.171707,5908400,Yahoo Finance
2021-03-18,243.299698,248.915047,242.192334,246.900848,4808100,Yahoo Finance
2021-03-19,247.319461,252.080292,246.264384,252.080292,13729200,Yahoo Finance
2021-03-22,249.813239,253.152790,247.807769,251.940796,5564700,Yahoo Finance
2021-03-23,252.524952,255.855801,251.940761,252.847595,4801200,Yahoo Finance
2021-03-24,252.219802,258.776845,251.984359,255.262894,4842000,Yahoo Finance
2021-03-25,255.507030,259.735985,255.010013,259.125610,5373500,Yahoo Finance
2021-03-26,259.265139,265.072319,258.122889,264.906647,5865900,Yahoo Finance
2021-03-29,264.461930,266.423813,261.523468,263.502808,4642900,Yahoo Finance
2021-03-30,263.023205,266.537155,261.619381,265.787292,5045400,Yahoo Finance
2021-03-31,266.380249,268.577550,265.194412,266.162262,4744100,Yahoo Finance
2021-04-01,267.583542,269.039681,264.976424,268.342133,3923900,Yahoo Finance
2021-04-05,270.164481,275.404900,270.077281,275.012512,4697200,Yahoo Finance
2021-04-06,273.451672,275.483326,273.033154,273.599915,3988600,Yahoo Finance
2021-04-07,272.780350,274.785847,271.114925,272.457733,3799300,Yahoo Finance
2021-04-08,272.658234,274.881691,270.818409,274.166687,4035600,Yahoo Finance
2021-04-09,274.986377,278.430584,274.445773,278.352112,4607800,Yahoo Finance
2021-04-12,277.035423,280.165714,276.677921,279.712311,3556800,Yahoo Finance
2021-04-13,279.485580,279.808197,276.407604,279.372223,3635100,Yahoo Finance
2021-04-14,278.770561,281.377705,278.404358,279.040863,3440600,Yahoo Finance
2021-04-15,279.206509,281.988026,279.066994,281.412537,3508200,Yahoo Finance
2021-04-16,283.243683,286.583260,282.458934,286.068787,6213100,Yahoo Finance
2021-04-19,284.682423,286.722779,283.766887,284.996338,4494300,Yahoo Finance
2021-04-20,284.255161,285.728756,280.906883,282.476379,4462900,Yahoo Finance
2021-04-21,283.348331,285.920590,282.415367,284.211578,3740100,Yahoo Finance
2021-04-22,284.429562,284.630093,278.012008,280.296509,4875000,Yahoo Finance
2021-04-23,280.933022,283.845326,278.657223,282.415344,3405700,Yahoo Finance
2021-04-26,282.232355,282.511385,278.430671,279.014862,2848500,Yahoo Finance
2021-04-27,279.459461,281.177201,279.354832,279.537933,3335800,Yahoo Finance
2021-04-28,280.723812,281.604462,278.413128,278.770630,2713400,Yahoo Finance
2021-04-29,280.514480,284.072044,279.965149,283.679657,3261900,Yahoo Finance
2021-04-30,283.426838,284.106957,280.427333,282.223572,3118700,Yahoo Finance
2021-05-03,284.499298,289.155499,283.976123,287.978363,3683700,Yahoo Finance
2021-05-04,286.975658,290.559380,286.766399,290.158264,3954400,Yahoo Finance
2021-05-05,291.448723,291.448723,288.754406,289.530426,3227200,Yahoo Finance
2021-05-06,290.942970,294.552822,290.559311,294.352264,3539600,Yahoo Finance
2021-05-07,293.567649,296.296852,292.564913,295.808563,2998100,Yahoo Finance
2021-05-10,296.854774,301.423774,296.061298,297.438965,4840600,Yahoo Finance
2021-05-11,294.326130,294.718518,286.182136,288.318420,5500900,Yahoo Finance
2021-05-12,284.708499,286.696540,275.771031,276.407562,5822000,Yahoo Finance
2021-05-13,278.151560,285.493378,277.881258,283.749481,5159800,Yahoo Finance
2021-05-14,284.508015,285.406120,280.645264,282.188629,3998000,Yahoo Finance
2021-05-17,279.895386,281.491039,274.933998,279.032166,4388000,Yahoo Finance
2021-05-18,279.023499,282.999582,274.471927,276.189667,7010300,Yahoo Finance
2021-05-19,272.047920,274.445778,269.493117,274.184204,5242100,Yahoo Finance
2021-05-20,274.567867,278.770638,274.567867,275.448517,3854700,Yahoo Finance
2021-05-21,276.407711,278.395753,274.184253,275.335205,3920600,Yahoo Finance
2021-05-24,276.268158,277.924855,274.306274,274.524261,2930600,Yahoo Finance
2021-05-25,275.125889,276.494854,274.009796,276.189667,3523300,Yahoo Finance
2021-05-26,277.113918,280.226781,276.128612,276.695374,2881600,Yahoo Finance
2021-05-27,276.669254,279.381028,276.669254,277.951019,3734800,Yahoo Finance
2021-05-28,279.346127,280.340161,278.020775,278.073090,3194000,Yahoo Finance
2021-06-01,279.599043,280.122217,274.812053,275.806061,3549800,Yahoo Finance
2021-06-02,276.524784,277.839565,273.833859,274.552612,3380100,Yahoo Finance
2021-06-03,272.597895,274.289573,271.449655,272.974792,2652500,Yahoo Finance
2021-06-04,273.570902,274.745463,271.151723,272.606750,2638700,Yahoo Finance
2021-06-07,272.703077,273.763659,269.863159,271.686310,3974800,Yahoo Finance
2021-06-08,272.834562,273.728630,270.827349,272.510254,2913500,Yahoo Finance
2021-06-09,272.992376,274.333452,269.004191,269.389862,3603700,Yahoo Finance
2021-06-10,269.661514,271.414555,268.337986,270.240021,3286300,Yahoo Finance
2021-06-11,271.081581,272.808328,270.275197,272.396362,2785100,Yahoo Finance
2021-06-14,270.783510,271.773983,268.408147,271.125366,3393500,Yahoo Finance
2021-06-15,270.625789,270.801104,266.015281,268.609802,5270600,Yahoo Finance
2021-06-16,268.820144,269.398650,263.981759,265.392944,4492500,Yahoo Finance
2021-06-17,265.629555,267.522843,262.982473,265.690918,4481100,Yahoo Finance
2021-06-18,262.298830,266.313283,261.553782,265.243927,8792700,Yahoo Finance
2021-06-21,267.557969,270.599497,267.224886,269.617798,3774200,Yahoo Finance
2021-06-22,270.958869,276.025158,270.231342,274.096802,4418400,Yahoo Finance
2021-06-23,273.491972,274.929479,272.273622,273.185211,2564500,Yahoo Finance
2021-06-24,274.456235,275.963852,273.185296,273.334290,2649200,Yahoo Finance
2021-06-25,273.684822,276.507219,273.080020,274.903198,11733500,Yahoo Finance
2021-06-28,274.929492,276.340678,272.922252,275.472931,2635400,Yahoo Finance
2021-06-29,276.796510,280.749600,276.594900,278.943970,3150100,Yahoo Finance
2021-06-30,278.680997,280.740826,278.461867,279.513702,3061500,Yahoo Finance
2021-07-01,280.407754,281.967960,279.171856,281.836487,2578000,Yahoo Finance
2021-07-02,282.704221,283.221365,281.669933,282.853241,2201600,Yahoo Finance
2021-07-06,282.967171,283.843692,277.681752,279.838013,3109500,Yahoo Finance
2021-07-07,279.163100,284.360888,278.952743,283.536957,2939900,Yahoo Finance
2021-07-08,279.671464,280.775862,275.928704,279.206909,3663000,Yahoo Finance
2021-07-09,280.959946,283.387899,280.644385,282.318542,2587400,Yahoo Finance
2021-07-12,281.424556,283.992756,280.951228,282.011810,2521800,Yahoo Finance
2021-07-13,282.625338,283.370386,277.708043,277.900879,3213800,Yahoo Finance
2021-07-14,279.390982,280.539222,278.742365,279.802948,3381600,Yahoo Finance
2021-07-15,278.190156,283.081130,278.172608,282.862000,2603900,Yahoo Finance
2021-07-16,283.992720,285.991187,281.713761,281.836487,3623700,Yahoo Finance
2021-07-19,278.724751,279.610046,276.025080,279.496094,3752600,Yahoo Finance
2021-07-20,279.171793,285.859649,278.970184,285.175964,4251700,Yahoo Finance
2021-07-21,287.148244,287.910813,284.842990,286.061340,2832600,Yahoo Finance
2021-07-22,287.446225,287.472520,285.158492,286.324280,2208100,Yahoo Finance
2021-07-23,288.787219,292.275780,287.446144,291.741089,2786400,Yahoo Finance
2021-07-26,289.313208,290.619215,286.517104,290.286133,2752000,Yahoo Finance
2021-07-27,290.820858,290.899742,285.798384,286.850220,2910300,Yahoo Finance
2021-07-28,286.113902,288.664554,284.615033,285.325012,2376200,Yahoo Finance
2021-07-29,286.175275,287.989679,285.254939,286.999207,2172400,Yahoo Finance
2021-07-30,286.490779,289.348218,286.043745,287.665314,2381200,Yahoo Finance
2021-08-02,289.251820,289.251820,286.113888,286.815094,2016400,Yahoo Finance
2021-08-03,287.805625,291.890215,287.525132,290.952332,2405900,Yahoo Finance
2021-08-04,289.856611,290.934741,288.717145,289.523529,1783700,Yahoo Finance
2021-08-05,290.969790,294.510941,290.207221,291.977783,2284000,Yahoo Finance
2021-08-06,293.362734,294.256775,288.480507,289.111603,2656600,Yahoo Finance
2021-08-09,288.576822,290.189616,286.902664,288.164856,1995300,Yahoo Finance
2021-08-10,288.086142,292.091822,286.753813,290.549164,1868100,Yahoo Finance
2021-08-11,292.582635,296.746109,292.232032,295.387512,3258600,Yahoo Finance
2021-08-12,295.694281,296.413034,291.250314,292.775452,2554200,Yahoo Finance
2021-08-13,292.635218,294.335671,290.110861,290.408875,2217000,Yahoo Finance
2021-08-16,289.874217,294.186711,287.472558,293.678314,3496300,Yahoo Finance
2021-08-17,281.363112,283.633297,277.515174,281.143982,9322800,Yahoo Finance
2021-08-18,279.908112,287.376058,279.610098,281.845215,4880600,Yahoo Finance
2021-08-19,279.426077,285.035805,278.558303,283.028564,2974700,Yahoo Finance
2021-08-20,282.800648,288.971334,282.651627,288.585663,2929900,Yahoo Finance
2021-08-23,289.251819,289.716374,286.955339,287.270874,2792700,Yahoo Finance
2021-08-24,288.164939,288.235049,284.439726,284.781555,2359500,Yahoo Finance
2021-08-25,284.124194,286.236612,283.212605,283.887543,2586900,Yahoo Finance
2021-08-26,283.300238,284.860444,281.363135,281.783875,2952300,Yahoo Finance
2021-08-27,281.258008,284.036564,280.179878,283.449310,2985400,Yahoo Finance
2021-08-30,285.666838,288.813544,285.053263,286.709900,2926900,Yahoo Finance
2021-08-31,286.622287,287.735459,283.659643,285.903534,4183100,Yahoo Finance
2021-09-01,286.810907,287.004723,282.159349,285.119446,3339100,Yahoo Finance
2021-09-02,286.343974,289.119047,285.172287,288.731415,3109000,Yahoo Finance
2021-09-03,286.608239,291.515287,286.458488,291.021942,2774800,Yahoo Finance
2021-09-07,291.629876,292.977770,287.991435,289.797455,2555200,Yahoo Finance
2021-09-08,289.797463,292.422758,288.634567,292.114410,2219500,Yahoo Finance
2021-09-09,292.880915,294.008565,291.488956,292.281830,3011900,Yahoo Finance
2021-09-10,294.246330,295.329942,291.999850,292.440338,3178600,Yahoo Finance
2021-09-13,295.083315,297.021449,293.145155,295.523804,3908700,Yahoo Finance
2021-09-14,296.034654,297.320873,292.854341,293.471008,2857200,Yahoo Finance
2021-09-15,293.682496,294.836601,290.810529,293.691315,2875500,Yahoo Finance
2021-09-16,294.880685,297.629330,294.396158,296.351929,3043800,Yahoo Finance
2021-09-17,295.083316,299.223893,295.083316,295.717621,7098400,Yahoo Finance
2021-09-20,292.334531,295.470834,289.339216,291.788330,4036600,Yahoo Finance
2021-09-21,293.391851,296.862903,292.484446,294.440216,3171100,Yahoo Finance
2021-09-22,295.876219,298.651292,293.770671,295.946686,2872800,Yahoo Finance
2021-09-23,297.629326,299.109361,295.655946,295.929047,2426600,Yahoo Finance
2021-09-24,296.695498,297.629331,295.611886,297.320984,2004900,Yahoo Finance
2021-09-27,296.774770,302.827079,296.774770,300.774414,2966100,Yahoo Finance
2021-09-28,300.739195,300.739195,292.889684,294.070190,3304100,Yahoo Finance
2021-09-29,293.682542,298.545553,293.682542,296.827637,2424000,Yahoo Finance
2021-09-30,297.981679,298.395739,288.634525,289.189545,4255000,Yahoo Finance
2021-10-01,289.092597,293.127487,285.947503,290.599060,2814200,Yahoo Finance
2021-10-04,289.400962,291.259810,285.577525,287.612579,2919900,Yahoo Finance
2021-10-05,287.991498,292.651876,287.489335,290.264435,2514300,Yahoo Finance
2021-10-06,289.101448,291.295072,286.669942,291.039581,2226800,Yahoo Finance
2021-10-07,293.805926,298.845117,293.242088,297.312225,2789500,Yahoo Finance
2021-10-08,293.365392,295.488550,291.497725,294.545898,2912200,Yahoo Finance
2021-10-11,295.655859,300.289779,294.774882,296.862793,2589100,Yahoo Finance
2021-10-12,298.774619,300.457262,297.241700,297.594086,2960300,Yahoo Finance
2021-10-13,297.171207,299.743645,296.492837,298.016937,2477400,Yahoo Finance
2021-10-14,299.999189,303.382139,299.620376,303.100220,2824300,Yahoo Finance
2021-10-15,305.293839,309.178952,304.597860,308.703217,3473500,Yahoo Finance
2021-10-18,307.461056,313.583858,307.461056,312.755737,3487500,Yahoo Finance
2021-10-19,314.455966,315.469085,312.235914,315.380981,2375600,Yahoo Finance
2021-10-20,315.160771,316.772974,313.812877,315.592468,2574800,Yahoo Finance
2021-10-21,315.566035,321.424528,315.495542,321.221893,2885400,Yahoo Finance
2021-10-22,321.556705,323.345087,319.045914,322.428864,2734700,Yahoo Finance
2021-10-25,323.494889,327.424041,322.428887,327.071655,2923400,Yahoo Finance
2021-10-26,328.948071,329.529493,325.151035,325.256775,2989500,Yahoo Finance
2021-10-27,325.847058,330.498616,325.353712,328.005463,2840300,Yahoo Finance
2021-10-28,328.604364,329.432485,326.745516,327.344574,2553500,Yahoo Finance
2021-10-29,326.252265,330.498581,325.987982,327.494446,3820200,Yahoo Finance
2021-11-01,328.604434,329.106598,321.292336,322.860474,3380500,Yahoo Finance
2021-11-02,322.613835,324.983665,321.503795,323.574097,2367100,Yahoo Finance
2021-11-03,322.992685,325.397736,321.776932,325.054169,2378800,Yahoo Finance
2021-11-04,326.648717,328.807122,325.441783,327.882080,3210000,Yahoo Finance
2021-11-05,329.317999,329.846591,323.820711,324.551910,3090200,Yahoo Finance
2021-11-08,326.155419,328.525250,324.067507,324.719421,2357200,Yahoo Finance
2021-11-09,325.670839,329.379746,324.825082,326.534180,2183300,Yahoo Finance
2021-11-10,324.419891,327.027576,323.952974,324.710602,2161400,Yahoo Finance
2021-11-11,326.842515,327.723492,322.287852,323.873627,2387300,Yahoo Finance
2021-11-12,325.186326,329.045010,323.054376,328.278564,2793300,Yahoo Finance
2021-11-15,329.829054,330.251905,325.336065,326.912994,3650600,Yahoo Finance
2021-11-16,336.533276,347.439778,333.890345,345.633759,8648200,Yahoo Finance
2021-11-17,346.074291,351.888746,344.294726,347.853882,4647000,Yahoo Finance
2021-11-18,350.628940,358.152493,348.946270,357.544617,4503700,Yahoo Finance
2021-11-19,359.112736,361.288751,356.011679,360.046570,3542000,Yahoo Finance
2021-11-22,361.024412,366.979826,360.055359,360.134644,4006400,Yahoo Finance
2021-11-23,357.385966,360.918665,355.042563,359.764587,3557000,Yahoo Finance
2021-11-24,355.615268,363.623348,354.928107,363.059509,2676300,Yahoo Finance
2021-11-26,358.786754,364.847881,354.373050,354.769501,3007800,Yahoo Finance
2021-11-29,358.469606,361.914230,357.711978,358.399139,3725500,Yahoo Finance
2021-11-30,355.553575,359.817501,352.611114,352.928253,7773500,Yahoo Finance
2021-12-01,355.688326,362.915690,354.042944,354.219879,3516200,Yahoo Finance
2021-12-02,355.449439,363.313730,354.732899,360.721771,3705000,Yahoo Finance
2021-12-03,362.561836,367.940319,357.784889,360.757202,5237500,Yahoo Finance
2021-12-06,365.808414,372.080373,363.773797,367.736908,4624500,Yahoo Finance
2021-12-07,368.886833,370.266840,365.366033,368.161438,4204500,Yahoo Finance
2021-12-08,368.161405,371.407975,361.172908,363.800232,4079400,Yahoo Finance
2021-12-09,363.402180,367.338753,361.181800,363.879883,3822900,Yahoo Finance
2021-12-10,364.631780,367.657168,362.924469,367.471405,2625200,Yahoo Finance
2021-12-13,367.471360,368.444448,357.837856,358.483612,3766400,Yahoo Finance
2021-12-14,356.900179,358.872865,352.149744,355.794403,4662800,Yahoo Finance
2021-12-15,354.396777,360.863352,353.308710,360.757202,4421400,Yahoo Finance
2021-12-16,361.279076,361.694849,352.185177,353.432495,4632800,Yahoo Finance
2021-12-17,351.167943,352.061419,342.719824,343.215210,11097500,Yahoo Finance
2021-12-20,339.950914,345.152489,336.952037,344.471313,4294800,Yahoo Finance
2021-12-21,346.443979,348.328226,339.021999,345.417816,3038200,Yahoo Finance
2021-12-22,345.886680,350.106311,343.993579,349.991333,3267800,Yahoo Finance
2021-12-23,352.335678,353.706829,349.089107,351.256439,2743900,Yahoo Finance
2021-12-27,352.999046,357.784847,352.264796,357.466370,2228300,Yahoo Finance
2021-12-28,358.262554,360.058333,356.502167,359.350647,2521400,Yahoo Finance
2021-12-29,359.492221,364.791091,359.430291,363.437622,2209300,Yahoo Finance
2021-12-30,364.331078,365.737622,361.279125,362.641449,1804400,Yahoo Finance
2021-12-31,362.685651,368.471079,362.597211,367.126465,2386100,Yahoo Finance
2022-01-03,368.506398,369.629857,356.732101,361.491364,3715700,Yahoo Finance
2022-01-04,361.491366,365.887905,361.093276,365.206757,3266500,Yahoo Finance
2022-01-05,366.232974,366.427592,359.872549,360.252930,4443200,Yahoo Finance
2022-01-06,361.420591,361.871757,356.519786,358.943665,3315100,Yahoo Finance
2022-01-07,356.820578,357.466360,347.549770,348.195526,4520700,Yahoo Finance
2022-01-10,342.702021,342.870101,336.960842,342.755096,6440000,Yahoo Finance
2022-01-11,343.294738,346.629748,339.977411,342.056274,4385400,Yahoo Finance
2022-01-12,343.489397,348.054044,341.799769,344.471313,3623300,Yahoo Finance
2022-01-13,347.222456,348.814763,341.339708,342.330505,3466300,Yahoo Finance
2022-01-14,337.332418,337.933981,328.636608,329.078918,6336200,Yahoo Finance
2022-01-18,323.859621,325.620007,318.489967,324.408081,6435200,Yahoo Finance
2022-01-19,324.815009,326.159650,317.941516,318.189209,5175100,Yahoo Finance
2022-01-20,319.639990,320.100010,308.750312,309.245697,5440600,Yahoo Finance
2022-01-21,311.138808,318.543079,307.122622,308.821106,7718400,Yahoo Finance
2022-01-24,304.114939,322.338133,303.964542,321.833893,8584300,Yahoo Finance
2022-01-25,316.818018,319.808013,311.554515,317.561096,5536700,Yahoo Finance
2022-01-26,318.463420,323.682676,313.553787,316.057251,6103300,Yahoo Finance
2022-01-27,318.843873,322.108126,313.076155,315.305389,3941000,Yahoo Finance
2022-01-28,318.613871,324.408127,312.129586,324.248901,4551300,Yahoo Finance
2022-01-31,322.718514,325.018534,320.418495,324.638153,4084600,Yahoo Finance
2022-02-01,326.840786,327.920024,320.559974,326.159637,3406800,Yahoo Finance
2022-02-02,325.876588,331.440860,325.328127,330.609314,3839300,Yahoo Finance
2022-02-03,327.477770,329.185082,321.294279,322.718506,4009700,Yahoo Finance
2022-02-04,321.559594,322.594612,313.376853,318.171509,3728100,Yahoo Finance
2022-02-07,318.693482,320.055778,314.429603,316.119232,2809300,Yahoo Finance
2022-02-08,316.119270,321.099689,313.863470,319.737366,3225100,Yahoo Finance
2022-02-09,323.160739,325.062667,321.117267,322.329193,2777500,Yahoo Finance
2022-02-10,317.437292,321.117318,312.156106,314.119965,4291800,Yahoo Finance
2022-02-11,313.766167,316.110406,308.343437,309.873840,3308700,Yahoo Finance
2022-02-14,307.848036,312.191527,306.813018,310.997284,3654300,Yahoo Finance
2022-02-15,314.535746,316.181155,310.838038,312.501129,3552500,Yahoo Finance
2022-02-16,310.944157,312.147228,305.831050,309.696838,3594900,Yahoo Finance
2022-02-17,308.723732,311.660679,307.308361,307.794891,3927000,Yahoo Finance
2022-02-18,308.193029,310.148034,304.397999,306.848389,5526100,Yahoo Finance
2022-02-22,296.427529,297.842927,276.311264,279.690521,19752800,Yahoo Finance
2022-02-23,282.477027,283.432405,271.666963,272.861206,11026000,Yahoo Finance
2022-02-24,265.386203,277.275507,264.758130,277.098572,8416700,Yahoo Finance
2022-02-25,277.045478,280.813970,272.082769,280.115112,6510600,Yahoo Finance
2022-02-28,276.859708,279.610865,274.657011,279.389709,5735100,Yahoo Finance
2022-03-01,278.292818,285.228241,277.558595,283.299774,5640900,Yahoo Finance
2022-03-02,284.016223,292.977431,282.795442,289.598175,5645600,Yahoo Finance
2022-03-03,291.208249,292.526325,285.582048,286.935516,3858400,Yahoo Finance
2022-03-04,285.033618,288.970191,282.645159,286.847107,3630900,Yahoo Finance
2022-03-07,286.847095,291.570966,283.175898,285.528992,4670000,Yahoo Finance
2022-03-08,282.857449,290.589025,279.495902,280.194733,5092500,Yahoo Finance
2022-03-09,284.786888,286.976179,282.045826,282.295013,4443600,Yahoo Finance
2022-03-10,279.767544,283.238407,274.774887,282.953613,3895200,Yahoo Finance
2022-03-11,284.146165,286.379972,281.431801,281.930176,2973300,Yahoo Finance
2022-03-14,287.376692,288.346744,281.413955,283.327362,3604200,Yahoo Finance
2022-03-15,285.098409,293.846695,285.080593,292.387177,3775300,Yahoo Finance
2022-03-16,295.092565,297.201790,288.551388,294.496307,3942400,Yahoo Finance
2022-03-17,292.921170,299.346649,291.764207,299.346649,3123200,Yahoo Finance
2022-03-18,296.917123,303.244720,295.742370,303.244720,9409600,Yahoo Finance
2022-03-21,300.841813,303.200199,291.087840,293.125854,4521200,Yahoo Finance
2022-03-22,293.081311,294.843413,288.355631,293.446198,4852800,Yahoo Finance
2022-03-23,290.927632,292.075687,281.093595,282.161530,5207700,Yahoo Finance
2022-03-24,282.250643,284.253052,279.714253,281.031403,4599900,Yahoo Finance
2022-03-25,283.434190,283.718956,274.374386,276.492493,5176500,Yahoo Finance
2022-03-28,276.777285,279.758654,275.202067,279.696350,3936600,Yahoo Finance
2022-03-29,282.037006,285.676936,278.486077,282.748962,5306100,Yahoo Finance
2022-03-30,278.655027,280.550644,272.416434,274.516724,7223800,Yahoo Finance
2022-03-31,272.514434,274.071863,265.999953,266.391510,11044600,Yahoo Finance
2022-04-01,267.432713,269.986891,266.008773,268.669769,5554600,Yahoo Finance
2022-04-04,268.313715,272.754629,266.605009,271.953644,4659500,Yahoo Finance
2022-04-05,272.558861,275.086341,268.954511,271.312897,4376100,Yahoo Finance
2022-04-06,265.287923,267.575125,262.529044,265.688416,6499900,Yahoo Finance
2022-04-07,264.130971,271.072641,261.283091,269.435120,5241000,Yahoo Finance
2022-04-08,268.287112,277.925386,268.126926,276.875214,5741900,Yahoo Finance
2022-04-11,273.938345,279.598499,272.265217,272.968292,4100600,Yahoo Finance
2022-04-12,275.388968,278.815316,271.526548,272.585602,4122600,Yahoo Finance
2022-04-13,272.425390,277.400286,272.078320,276.261139,3185300,Yahoo Finance
2022-04-14,276.626048,277.889802,270.841312,271.010406,4569200,Yahoo Finance
2022-04-18,269.657677,272.585651,265.848652,267.174683,3192400,Yahoo Finance
2022-04-19,267.530604,274.223115,266.818648,273.929413,3389700,Yahoo Finance
2022-04-20,276.777287,281.316084,275.664838,280.461731,4720800,Yahoo Finance
2022-04-21,282.117107,283.363044,275.655993,276.207764,3014200,Yahoo Finance
2022-04-22,275.727187,275.727187,266.791988,267.085663,4043200,Yahoo Finance
2022-04-25,266.987755,271.579947,263.668197,271.384155,4396900,Yahoo Finance
2022-04-26,268.990163,273.715844,266.738567,266.952148,3415200,Yahoo Finance
2022-04-27,268.144648,272.701261,266.204543,268.411652,3446200,Yahoo Finance
2022-04-28,271.215082,279.927790,269.666561,277.453705,4149500,Yahoo Finance
2022-04-29,274.240934,277.418095,266.729676,267.343750,4878200,Yahoo Finance
2022-05-02,268.758789,274.810528,266.907686,273.190796,4233900,Yahoo Finance
2022-05-03,272.051596,274.997359,269.675394,271.401917,3336600,Yahoo Finance
2022-05-04,270.618815,281.004652,269.595367,280.613068,4021300,Yahoo Finance
2022-05-05,276.777370,277.097742,261.389964,266.195740,4959600,Yahoo Finance
2022-05-06,263.694899,264.095392,257.563095,261.923889,4325300,Yahoo Finance
2022-05-09,258.337290,267.646253,256.753164,264.344513,5243600,Yahoo Finance
2022-05-10,265.617236,267.940044,256.005687,259.120544,4392900,Yahoo Finance
2022-05-11,259.378649,261.051750,251.475806,251.822876,3880500,Yahoo Finance
2022-05-12,250.585822,260.918235,249.749258,257.812286,4447700,Yahoo Finance
2022-05-13,258.043680,266.471595,256.708742,263.454620,3949100,Yahoo Finance
2022-05-16,261.719211,266.605106,257.901306,263.419037,4267900,Yahoo Finance
2022-05-17,272.772422,276.723842,258.889057,267.833160,12425900,Yahoo Finance
2022-05-18,260.758025,262.929528,250.238702,253.798538,7799500,Yahoo Finance
2022-05-19,254.083349,260.313063,253.602763,256.094666,5211500,Yahoo Finance
2022-05-20,257.927969,258.533134,248.823677,255.587372,5621800,Yahoo Finance
2022-05-23,257.278250,258.390699,249.473319,254.554977,4305600,Yahoo Finance
2022-05-24,252.748409,257.482998,249.767040,256.237061,4241900,Yahoo Finance
2022-05-25,254.359258,262.974057,254.225769,261.265350,4612900,Yahoo Finance
2022-05-26,264.602718,271.998278,264.317925,269.488586,4170800,Yahoo Finance
2022-05-27,270.138141,274.552330,268.411618,274.516724,3899300,Yahoo Finance
2022-05-31,272.861468,273.991706,267.726386,269.435120,5966600,Yahoo Finance
2022-06-01,270.232195,271.342732,266.014022,266.157318,3080800,Yahoo Finance
2022-06-02,267.608178,274.074265,264.993101,273.930969,4086400,Yahoo Finance
2022-06-03,271.656216,276.250544,270.375543,273.223480,2956600,Yahoo Finance
2022-06-06,273.653318,275.489245,271.584531,272.157715,2562000,Yahoo Finance
2022-06-07,264.249762,270.805412,262.046643,270.259094,3547800,Yahoo Finance
2022-06-08,268.476908,269.193360,264.805025,266.461853,3003100,Yahoo Finance
2022-06-09,266.667858,274.835541,266.300667,268.548553,4168400,Yahoo Finance
2022-06-10,261.061495,265.539393,258.500150,259.037476,4623900,Yahoo Finance
2022-06-13,254.666933,256.870078,251.908561,253.592255,4704600,Yahoo Finance
2022-06-14,253.637156,256.476156,247.708422,249.571243,3987000,Yahoo Finance
2022-06-15,251.657899,253.977448,246.705345,250.520523,4050400,Yahoo Finance
2022-06-16,246.212794,247.278509,241.564733,244.905228,6181000,Yahoo Finance
2022-06-17,242.702109,247.735262,242.155818,242.460312,10775600,Yahoo Finance
2022-06-21,245.111186,245.317179,239.495912,241.090042,5498400,Yahoo Finance
2022-06-22,238.573488,243.391684,236.889794,240.893036,4678400,Yahoo Finance
2022-06-23,241.806469,246.812756,241.707969,246.660522,3747500,Yahoo Finance
2022-06-24,248.496496,253.861010,245.317199,253.449051,10310700,Yahoo Finance
2022-06-27,254.756614,255.240235,252.096741,253.171448,2538600,Yahoo Finance
2022-06-28,254.147629,255.777591,241.645343,241.940872,4052100,Yahoo Finance
2022-06-29,243.221500,247.323270,240.740754,245.272385,2460500,Yahoo Finance
2022-06-30,242.460313,248.111419,240.051201,245.630646,4058000,Yahoo Finance
2022-07-01,246.938185,251.433985,245.881380,249.938354,2818300,Yahoo Finance
2022-07-05,246.732213,254.102844,246.311290,254.102844,3241300,Yahoo Finance
2022-07-06,255.231246,256.064156,251.228004,253.968475,2206100,Yahoo Finance
2022-07-07,253.305766,257.004515,252.060925,256.753754,3133900,Yahoo Finance
2022-07-08,256.126875,257.918034,254.264080,256.556763,1891000,Yahoo Finance
2022-07-11,255.401436,259.350946,255.365633,256.485107,2453200,Yahoo Finance
2022-07-12,258.795659,262.978028,253.816238,255.347672,2696100,Yahoo Finance
2022-07-13,252.222080,259.530012,250.547350,257.192535,2941600,Yahoo Finance
2022-07-14,252.419163,259.977859,252.240037,259.252441,2822200,Yahoo Finance
2022-07-15,264.025820,264.599004,260.568896,261.876434,2647200,Yahoo Finance
2022-07-18,266.211061,267.321571,261.509268,262.449615,2664000,Yahoo Finance
2022-07-19,264.590087,268.682893,262.682497,268.521667,2614900,Yahoo Finance
2022-07-20,269.506794,271.978603,267.133514,270.733734,2533400,Yahoo Finance
2022-07-21,271.226273,273.375659,267.661857,273.151764,1965000,Yahoo Finance
2022-07-22,275.534052,278.229756,272.578623,274.575775,2391500,Yahoo Finance
2022-07-25,274.763884,275.328104,272.104011,274.181763,1910500,Yahoo Finance
2022-07-26,265.987137,269.247060,265.010959,267.043915,2690200,Yahoo Finance
2022-07-27,267.070868,268.951591,261.321260,267.697784,3233700,Yahoo Finance
2022-07-28,264.195991,269.784399,262.557093,268.342529,3992100,Yahoo Finance
2022-07-29,268.673930,269.963567,266.372284,269.515778,3236000,Yahoo Finance
2022-08-01,269.247074,276.241548,268.682854,273.886169,3303900,Yahoo Finance
2022-08-02,273.509993,273.698057,268.682834,269.309723,3091000,Yahoo Finance
2022-08-03,271.674113,275.901250,268.978409,274.378754,3329400,Yahoo Finance
2022-08-04,272.739896,277.602889,272.650333,275.095276,2718400,Yahoo Finance
2022-08-05,273.492165,277.432711,272.704050,277.352112,2029100,Yahoo Finance
2022-08-08,279.295484,282.824071,278.023777,279.394012,2505100,Yahoo Finance
2022-08-09,276.635597,277.593847,271.638248,273.339844,2607000,Yahoo Finance
2022-08-10,277.181915,280.298542,276.778893,279.044708,3863400,Yahoo Finance
2022-08-11,281.068751,281.767303,277.253573,278.247681,2444100,Yahoo Finance
2022-08-12,279.967116,282.044867,277.790864,282.009064,2273800,Yahoo Finance
2022-08-15,279.456682,282.788239,277.764023,281.758301,3917300,Yahoo Finance
2022-08-16,280.298572,298.210168,280.209009,293.194916,10089800,Yahoo Finance
2022-08-17,293.830768,295.093539,290.230548,291.744080,3162600,Yahoo Finance
2022-08-18,291.027570,293.696407,288.573690,291.251465,2899600,Yahoo Finance
2022-08-19,291.036561,292.245599,286.379535,287.767700,3489100,Yahoo Finance
2022-08-22,284.874899,286.352600,279.161097,279.608887,3144200,Yahoo Finance
2022-08-23,278.713309,278.990936,273.724951,274.853363,3317500,Yahoo Finance
2022-08-24,273.196571,277.611799,271.853201,275.937042,2495600,Yahoo Finance
2022-08-25,276.411732,277.593876,273.895127,277.432678,2529700,Yahoo Finance
2022-08-26,277.898377,278.982048,266.900659,266.972321,3315500,Yahoo Finance
2022-08-29,265.602069,268.414175,263.560148,265.378174,2711800,Yahoo Finance
2022-08-30,267.384242,268.584315,261.213713,262.494385,2892400,Yahoo Finance
2022-08-31,263.224601,263.639248,259.862282,259.988495,4376200,Yahoo Finance
2022-09-01,259.970426,264.639792,258.456042,264.450500,3742500,Yahoo Finance
2022-09-02,266.920349,267.542333,261.520834,263.125366,2753600,Yahoo Finance
2022-09-06,264.315308,265.469129,258.942834,260.998077,4110000,Yahoo Finance
2022-09-07,261.809299,268.353638,261.683086,268.146301,3016000,Yahoo Finance
2022-09-08,266.821277,270.598243,265.505207,270.336823,2703200,Yahoo Finance
2022-09-09,269.958212,272.671477,268.921553,270.219604,2769200,Yahoo Finance
2022-09-12,271.148094,272.977982,267.136777,268.209473,3632900,Yahoo Finance
2022-09-13,263.224553,265.090478,249.982646,250.532501,4797200,Yahoo Finance
2022-09-14,251.857626,251.983839,246.241778,249.099274,4194400,Yahoo Finance
2022-09-15,250.496410,250.604576,243.870947,244.772369,3896100,Yahoo Finance
2022-09-16,242.527887,249.297583,242.392679,248.765747,9535100,Yahoo Finance
2022-09-19,246.611311,253.507220,246.548232,252.777069,3047200,Yahoo Finance
2022-09-20,249.586022,251.298720,244.619172,247.143173,2940700,Yahoo Finance
2022-09-21,248.792736,252.515617,244.745355,244.799438,3173500,Yahoo Finance
2022-09-22,244.483987,244.483987,241.446196,242.609039,3515800,Yahoo Finance
2022-09-23,241.482253,244.556082,240.067012,244.231583,3527900,Yahoo Finance
2022-09-26,244.673253,246.593289,239.426964,240.301346,4181800,Yahoo Finance
2022-09-27,242.807322,246.710500,240.661959,242.203384,3701000,Yahoo Finance
2022-09-28,248.089714,255.553497,245.827132,254.372635,5816600,Yahoo Finance
2022-09-29,251.055374,251.280730,247.647996,250.893097,4518600,Yahoo Finance
2022-09-30,250.433404,254.012055,247.675051,248.738724,4789100,Yahoo Finance
2022-10-03,253.299866,257.861064,251.992791,255.733719,3580000,Yahoo Finance
2022-10-04,259.159184,262.593604,258.311844,261.016113,3641300,Yahoo Finance
2022-10-05,258.032368,263.314694,257.239111,261.277496,2728000,Yahoo Finance
2022-10-06,261.016055,264.089911,259.402500,261.764252,2641500,Yahoo Finance
2022-10-07,259.186194,260.177765,254.579935,256.292633,2406000,Yahoo Finance
2022-10-10,255.607584,256.779423,252.596833,254.616013,2115400,Yahoo Finance
2022-10-11,253.390046,257.987309,253.209750,255.003601,2771900,Yahoo Finance
2022-10-12,256.382759,256.581074,252.840146,252.867188,2258200,Yahoo Finance
2022-10-13,247.584897,256.752355,242.239464,254.949509,3881600,Yahoo Finance
2022-10-14,258.383924,258.383924,248.747709,249.180374,2783100,Yahoo Finance
2022-10-17,252.037921,255.886988,251.803542,253.534286,3426700,Yahoo Finance
2022-10-18,259.564843,261.286538,255.310124,256.959717,3166500,Yahoo Finance
2022-10-19,254.624950,254.895366,246.106492,248.333008,4323000,Yahoo Finance
2022-10-20,247.837269,250.595622,241.464202,242.897461,3959500,Yahoo Finance
2022-10-21,241.887876,248.531360,241.581395,248.369110,3429100,Yahoo Finance
2022-10-24,249.667139,256.427811,249.667139,255.337097,2937100,Yahoo Finance
2022-10-25,257.365275,263.332690,257.365275,261.647034,2791600,Yahoo Finance
2022-10-26,261.953564,263.098361,257.960266,261.547913,2615000,Yahoo Finance
2022-10-27,263.080357,265.261786,260.916947,262.368225,3041500,Yahoo Finance
2022-10-28,261.412717,269.669757,261.412717,269.210022,3243100,Yahoo Finance
2022-10-31,265.387936,269.777862,263.711275,266.938385,4210900,Yahoo Finance
2022-11-01,270.760436,272.419051,264.432456,266.875305,3309100,Yahoo Finance
2022-11-02,266.100154,270.580228,260.078626,260.267944,4426400,Yahoo Finance
2022-11-03,255.616594,257.761985,252.858241,253.750641,4823900,Yahoo Finance
2022-11-04,257.707819,260.367001,250.144868,256.031158,4401600,Yahoo Finance
2022-11-07,258.257742,262.945153,254.958530,261.656097,3260200,Yahoo Finance
2022-11-08,263.603154,264.423452,259.276334,262.440338,3371800,Yahoo Finance
2022-11-09,260.511295,263.666276,258.041405,258.483093,3071400,Yahoo Finance
2022-11-10,268.389686,283.713878,267.794744,280.973572,7794000,Yahoo Finance
2022-11-11,281.244009,286.364086,279.657496,283.894196,4945400,Yahoo Finance
2022-11-14,283.371420,284.831749,276.142015,276.664856,6394800,Yahoo Finance
2022-11-15,274.086742,285.417639,273.356592,281.180939,9290400,Yahoo Finance
2022-11-16,275.709261,285.219292,274.492362,283.867157,5249500,Yahoo Finance
2022-11-17,281.244022,282.758406,275.970691,280.739227,3642100,Yahoo Finance
2022-11-18,283.173064,284.849698,279.675538,282.307678,3559300,Yahoo Finance
2022-11-21,285.715075,287.409755,283.227166,285.552826,4069000,Yahoo Finance
2022-11-22,288.455421,294.603133,287.896543,292.854370,6054700,Yahoo Finance
2022-11-23,294.548999,295.504505,288.851999,289.816528,4243400,Yahoo Finance
2022-11-25,291.060494,296.640277,290.168066,294.206451,3393500,Yahoo Finance
2022-11-28,293.016596,296.387910,286.517343,287.481873,4733700,Yahoo Finance
2022-11-29,284.849724,288.455417,284.507179,284.813660,3505600,Yahoo Finance
2022-11-30,283.788857,294.000295,282.492030,293.818909,15106500,Yahoo Finance
2022-12-01,295.922826,298.969945,294.226971,296.612061,3830100,Yahoo Finance
2022-12-02,291.179921,297.890830,290.499764,297.446442,3644100,Yahoo Finance
2022-12-05,294.870881,295.206420,289.783317,290.273010,5057300,Yahoo Finance
2022-12-06,289.874001,291.696804,285.248926,287.887939,3341500,Yahoo Finance
2022-12-07,286.536702,292.812300,285.158260,290.336517,4038200,Yahoo Finance
2022-12-08,288.885503,294.299557,288.885503,293.909607,3483600,Yahoo Finance
2022-12-09,291.542588,294.226934,290.136913,290.635712,3738800,Yahoo Finance
2022-12-12,292.921123,297.763840,291.370372,297.437378,4900200,Yahoo Finance
2022-12-13,312.282934,314.912870,299.232967,301.890137,5787700,Yahoo Finance
2022-12-14,299.749855,307.485510,298.371413,302.379791,4546000,Yahoo Finance
2022-12-15,298.761392,299.287369,293.256645,297.092743,5056900,Yahoo Finance
2022-12-16,293.311047,297.401068,289.511232,293.229431,9615000,Yahoo Finance
2022-12-19,289.747017,291.932593,286.591077,287.779083,3000600,Yahoo Finance
2022-12-20,284.142554,287.380110,281.884412,285.520996,2632200,Yahoo Finance
2022-12-21,288.432050,289.828648,285.430291,289.620056,2610400,Yahoo Finance
2022-12-22,286.935718,286.935718,281.793743,286.681793,3064400,Yahoo Finance
2022-12-23,284.895257,289.384307,283.906765,289.048767,2064900,Yahoo Finance
2022-12-27,288.758534,291.606111,287.942350,289.792358,1610200,Yahoo Finance
2022-12-28,290.699249,291.497304,286.119533,286.328125,1568200,Yahoo Finance
2022-12-29,288.976215,291.860076,288.014928,290.572327,1559100,Yahoo Finance
2022-12-30,287.924289,288.540986,283.870549,286.446075,2581600,Yahoo Finance
2023-01-03,287.860725,289.493092,282.745929,286.491333,2822400,Yahoo Finance
2023-01-04,291.170869,292.476774,286.917616,289.955658,3560900,Yahoo Finance
2023-01-05,288.232562,288.459281,284.060952,286.092346,2935100,Yahoo Finance
2023-01-06,286.835992,289.157594,280.224854,287.960510,4022500,Yahoo Finance
2023-01-09,290.200478,292.513002,287.534259,288.214417,3466300,Yahoo Finance
2023-01-10,286.845029,290.862513,284.722942,290.771820,2111300,Yahoo Finance
2023-01-11,292.513001,298.398649,292.123051,298.362366,2864800,Yahoo Finance
2023-01-12,301.273394,301.273394,296.285573,299.151306,2481800,Yahoo Finance
2023-01-13,296.086059,301.436651,295.641698,300.366516,2798600,Yahoo Finance
2023-01-17,299.568510,303.948739,296.639316,297.029266,3988900,Yahoo Finance
2023-01-18,299.269233,303.368304,292.857610,293.546844,2952200,Yahoo Finance
2023-01-19,290.508760,291.415637,281.702999,281.929718,5359300,Yahoo Finance
2023-01-20,281.140832,285.883779,278.764820,285.666138,3725100,Yahoo Finance
2023-01-23,284.342098,287.960526,282.120239,286.101440,3237900,Yahoo Finance
2023-01-24,285.774972,288.477475,283.516858,288.105652,2127900,Yahoo Finance
2023-01-25,285.965345,288.495538,282.537353,287.715637,2060400,Yahoo Finance
2023-01-26,284.895279,289.529433,283.426144,284.586945,3555300,Yahoo Finance
2023-01-27,282.963635,288.604409,282.337888,287.198761,2761200,Yahoo Finance
2023-01-30,286.418798,288.513708,284.478097,284.976868,2643100,Yahoo Finance
2023-01-31,286.563936,294.145439,285.756831,293.982208,3526800,Yahoo Finance
2023-02-01,292.367990,299.768079,288.060326,297.537170,3076500,Yahoo Finance
2023-02-02,302.397989,309.671129,301.708754,308.147583,4776600,Yahoo Finance
2023-02-03,301.563659,303.540644,299.568520,300.629578,3389700,Yahoo Finance
2023-02-06,298.353253,300.185161,296.965734,298.607178,2229700,Yahoo Finance
2023-02-07,293.827966,296.548596,290.853413,294.916229,3865500,Yahoo Finance
2023-02-08,292.866741,293.818950,289.810571,290.916962,2777200,Yahoo Finance
2023-02-09,293.011821,293.728261,285.511934,286.164886,3063300,Yahoo Finance
2023-02-10,284.623183,287.661225,283.625614,287.062683,2768800,Yahoo Finance
2023-02-13,287.788226,293.546898,286.219319,293.401794,2432500,Yahoo Finance
2023-02-14,290.753656,292.884822,286.273712,288.776672,3380800,Yahoo Finance
2023-02-15,286.464189,291.588036,286.382574,290.826263,2585500,Yahoo Finance
2023-02-16,285.666111,293.592204,285.602623,291.325012,3169200,Yahoo Finance
2023-02-17,289.003433,290.744648,283.807048,288.341431,4985500,Yahoo Finance
2023-02-21,277.096124,279.327060,267.555792,267.982025,10891800,Yahoo Finance
2023-02-22,269.841054,272.425657,267.610146,268.707458,5922100,Yahoo Finance
2023-02-23,269.151906,271.954152,267.183972,271.437225,4354500,Yahoo Finance
2023-02-24,265.170634,270.548404,264.807889,269.033936,3713300,Yahoo Finance
2023-02-27,271.482564,272.507339,267.564878,268.444550,3238300,Yahoo Finance
2023-02-28,267.528634,270.884089,266.902887,268.925232,3949500,Yahoo Finance
2023-03-01,264.735407,266.367774,261.778981,263.710632,5905100,Yahoo Finance
2023-03-02,261.597556,266.721402,260.518371,265.732910,4103700,Yahoo Finance
2023-03-03,267.202060,270.802333,266.404005,270.657257,4036700,Yahoo Finance
2023-03-06,270.249200,272.162696,269.324196,270.439636,3763200,Yahoo Finance
2023-03-07,271.210503,271.210503,263.375104,263.629028,4512400,Yahoo Finance
2023-03-08,264.387065,267.145654,263.318324,266.259613,4680300,Yahoo Finance
2023-03-09,267.684688,268.890440,262.843447,263.071808,3248000,Yahoo Finance
2023-03-10,263.583294,267.785140,259.509343,261.528046,4730900,Yahoo Finance
2023-03-13,259.408898,267.036159,258.139226,261.719910,3892100,Yahoo Finance
2023-03-14,264.259239,264.715961,257.033924,260.852112,5116000,Yahoo Finance
2023-03-15,259.372339,264.131373,258.203132,263.044373,4835500,Yahoo Finance
2023-03-16,262.158302,263.099148,260.331415,261.911682,4400200,Yahoo Finance
2023-03-17,262.907400,266.679928,261.482430,263.428070,8342000,Yahoo Finance
2023-03-20,262.551130,264.743390,261.802100,264.222748,3677800,Yahoo Finance
2023-03-21,266.204878,267.538526,262.706401,264.377991,4788200,Yahoo Finance
2023-03-22,264.980916,266.003968,258.002219,258.148346,3723400,Yahoo Finance
2023-03-23,260.568939,261.345344,255.965176,259.335785,6005800,Yahoo Finance
2023-03-24,258.102651,260.267508,256.522383,258.522827,3851000,Yahoo Finance
2023-03-27,259.189636,260.276636,256.595460,256.924286,4269700,Yahoo Finance
2023-03-28,256.495019,258.769513,255.700327,256.513306,3633300,Yahoo Finance
2023-03-29,256.906021,259.408848,256.906021,258.833374,3607500,Yahoo Finance
2023-03-30,260.660248,261.336215,259.280967,260.660248,3432800,Yahoo Finance
2023-03-31,262.149228,269.968305,261.939154,269.575531,5800600,Yahoo Finance
2023-04-03,269.347131,272.178812,269.228379,271.959595,4007600,Yahoo Finance
2023-04-04,271.749507,273.850416,268.917826,269.429352,2965700,Yahoo Finance
2023-04-05,269.465894,270.114431,263.510251,263.683807,4002400,Yahoo Finance
2023-04-06,262.386728,264.706883,259.637253,263.628998,3193400,Yahoo Finance
2023-04-10,261.363703,267.310232,260.934384,265.967468,2799900,Yahoo Finance
2023-04-11,267.355870,269.557273,266.506374,268.342377,2497000,Yahoo Finance
2023-04-12,270.562074,272.608179,264.515052,265.300629,3341400,Yahoo Finance
2023-04-13,265.711659,267.154888,261.582876,266.862579,3505800,Yahoo Finance
2023-04-14,266.862563,270.562027,266.159222,266.899109,2653200,Yahoo Finance
2023-04-17,266.451604,269.922679,266.314565,269.831329,2621900,Yahoo Finance
2023-04-18,270.671613,273.338853,270.306242,273.073975,2847800,Yahoo Finance
2023-04-19,270.790425,272.471159,269.511582,271.210602,2889300,Yahoo Finance
2023-04-20,270.351939,275.229725,269.922619,272.726898,3371800,Yahoo Finance
2023-04-21,275.512900,276.956157,273.439393,274.069672,3506700,Yahoo Finance
2023-04-24,274.033128,275.768665,273.320643,275.531189,2515400,Yahoo Finance
2023-04-25,275.403272,276.490272,270.498084,270.680756,4529500,Yahoo Finance
2023-04-26,269.858643,270.351911,262.231384,263.135712,4037400,Yahoo Finance
2023-04-27,263.071840,269.201041,262.889140,268.488556,3133600,Yahoo Finance
2023-04-28,268.342366,274.782161,267.986137,274.526398,4063400,Yahoo Finance
2023-05-01,273.101427,273.631212,271.630768,271.932220,2970000,Yahoo Finance
2023-05-02,272.608126,272.818228,265.857764,268.808197,3413200,Yahoo Finance
2023-05-03,269.063943,272.900417,267.182251,267.712036,2743400,Yahoo Finance
2023-05-04,267.383244,269.091380,260.632882,261.016541,4422500,Yahoo Finance
2023-05-05,262.313654,265.693379,261.336263,264.551575,3806600,Yahoo Finance
2023-05-08,263.985296,264.752585,259.819994,263.007904,3736500,Yahoo Finance
2023-05-09,261.400235,265.866960,261.025719,265.428497,2570000,Yahoo Finance
2023-05-10,266.460718,268.159739,261.171898,264.012695,3571000,Yahoo Finance
2023-05-11,263.747740,264.396305,260.349728,262.788635,3859700,Yahoo Finance
2023-05-12,263.071766,265.784694,262.569383,265.327972,3438300,Yahoo Finance
2023-05-15,264.825590,265.739033,262.103518,263.565033,5353600,Yahoo Finance
2023-05-16,257.362823,261.327167,253.106171,257.892609,12362100,Yahoo Finance
2023-05-17,257.728165,268.598140,256.869525,267.081848,7956900,Yahoo Finance
2023-05-18,267.319308,270.315402,266.360203,269.612061,4547000,Yahoo Finance
2023-05-19,270.160156,270.160156,264.853049,265.702545,4470600,Yahoo Finance
2023-05-22,265.565504,267.629868,263.144856,265.501556,3736200,Yahoo Finance
2023-05-23,264.241007,271.996136,264.241007,269.411102,5352200,Yahoo Finance
2023-05-24,271.630817,271.767828,265.063153,265.903534,4978200,Yahoo Finance
2023-05-25,266.533757,266.533757,261.299714,261.929993,5355900,Yahoo Finance
2023-05-26,262.158369,267.913054,260.961760,267.483734,4626100,Yahoo Finance
2023-05-30,267.894777,268.963519,263.939578,267.090942,5193300,Yahoo Finance
2023-05-31,266.428540,266.805751,259.408784,260.779633,18288800,Yahoo Finance
2023-06-01,261.331613,266.088128,257.587154,265.324524,4305100,Yahoo Finance
2023-06-02,267.403748,272.519056,266.548136,272.270660,4515600,Yahoo Finance
2023-06-05,271.976277,272.068285,268.066192,269.657837,3028800,Yahoo Finance
2023-06-06,268.480221,273.172328,268.323805,272.325897,2855400,Yahoo Finance
2023-06-07,273.531077,278.029987,273.347061,277.569977,4842700,Yahoo Finance
2023-06-08,277.993156,281.020029,276.732733,277.008728,3757300,Yahoo Finance
2023-06-09,276.907609,277.321601,272.417907,273.567932,3485800,Yahoo Finance
2023-06-12,274.533878,278.407154,273.843864,276.797119,4456600,Yahoo Finance
2023-06-13,278.213951,279.796386,274.782295,276.079498,4043400,Yahoo Finance
2023-06-14,276.916729,278.351958,271.985437,275.739105,4176000,Yahoo Finance
2023-06-15,276.778733,279.161581,275.619499,277.864349,4109700,Yahoo Finance
2023-06-16,279.998831,281.507677,276.134765,276.355560,10809300,Yahoo Finance
2023-06-20,275.794316,278.535985,274.377505,277.303162,3371100,Yahoo Finance
2023-06-21,278.646391,279.290416,276.171535,276.649963,2713300,Yahoo Finance
2023-06-22,277.385935,278.609549,275.637903,277.091522,3052000,Yahoo Finance
2023-06-23,276.300298,278.140337,275.177873,276.751099,8525900,Yahoo Finance
2023-06-26,278.462418,284.479328,277.827602,283.264923,4440100,Yahoo Finance
2023-06-27,283.504126,290.229469,283.264940,288.647034,5342500,Yahoo Finance
2023-06-28,287.046169,287.910990,281.581250,281.995270,4025600,Yahoo Finance
2023-06-29,282.243642,283.485674,279.713587,283.200470,3279700,Yahoo Finance
2023-06-30,284.819736,286.521778,283.642112,285.794983,3230700,Yahoo Finance
2023-07-03,285.003722,286.494150,284.194100,285.224518,1483300,Yahoo Finance
2023-07-05,285.666113,287.322138,285.196894,285.942108,2496000,Yahoo Finance
2023-07-06,282.298851,283.347687,277.422758,277.864349,4828300,Yahoo Finance
2023-07-07,277.836703,281.185587,276.824704,278.591125,2951900,Yahoo Finance
2023-07-10,278.950047,285.693781,278.950047,285.463776,3246700,Yahoo Finance
2023-07-11,287.883410,289.410647,285.886955,288.573425,2913800,Yahoo Finance
2023-07-12,291.011448,295.565557,290.735454,292.124664,5300500,Yahoo Finance
2023-07-13,292.658333,292.952746,288.398636,289.438263,3235600,Yahoo Finance
2023-07-14,289.659043,291.554282,289.088635,291.186279,2942100,Yahoo Finance
2023-07-17,290.468623,292.400670,289.024185,290.772217,2002500,Yahoo Finance
2023-07-18,289.373792,292.860674,287.165750,291.425446,2315600,Yahoo Finance
2023-07-19,291.646289,294.351149,291.361085,293.927948,2361400,Yahoo Finance
2023-07-20,294.719086,295.740322,292.455845,293.569061,2101900,Yahoo Finance
2023-07-21,295.390732,296.145155,293.937085,294.838715,3673400,Yahoo Finance
2023-07-24,295.298708,299.613602,295.280317,299.107574,2621900,Yahoo Finance
2023-07-25,299.070839,300.754463,297.929995,299.126038,2890800,Yahoo Finance
2023-07-26,298.721218,304.489732,298.307198,303.229309,3448100,Yahoo Finance
2023-07-27,305.179761,306.771406,302.622107,303.339722,2608600,Yahoo Finance
2023-07-28,305.446591,306.366611,303.146541,304.866974,2268200,Yahoo Finance
2023-07-31,305.124528,307.350988,304.968141,307.139374,2690000,Yahoo Finance
2023-08-01,305.225813,308.179069,304.416191,305.511017,2547200,Yahoo Finance
2023-08-02,303.634192,305.934242,301.692963,302.226562,2752600,Yahoo Finance
2023-08-03,301.472142,305.538642,301.435361,303.468597,2451300,Yahoo Finance
2023-08-04,301.913727,303.164941,299.310055,300.322083,3591600,Yahoo Finance
2023-08-07,301.039667,303.063722,300.469259,302.842926,2111000,Yahoo Finance
2023-08-08,300.460010,302.254060,297.525173,301.591644,3272600,Yahoo Finance
2023-08-09,301.168483,304.452960,300.625674,301.959686,2698900,Yahoo Finance
2023-08-10,304.213738,306.274574,302.631303,303.054504,3075100,Yahoo Finance
2023-08-11,302.244899,305.069366,302.088511,304.627747,3108400,Yahoo Finance
2023-08-14,304.949758,307.093420,302.162099,303.560547,3974800,Yahoo Finance
2023-08-15,305.225797,311.123128,302.244913,305.575409,5860900,Yahoo Finance
2023-08-16,306.016984,310.791889,305.152163,306.394196,3753900,Yahoo Finance
2023-08-17,307.075046,308.804688,300.901720,301.104126,3885100,Yahoo Finance
2023-08-18,299.061646,302.585338,298.482029,301.186890,3472000,Yahoo Finance
2023-08-21,300.487641,301.646875,297.626393,298.141602,3109700,Yahoo Finance
2023-08-22,299.254841,300.211670,296.273986,298.528046,2582200,Yahoo Finance
2023-08-23,298.564779,300.782029,298.159968,300.009216,2728000,Yahoo Finance
2023-08-24,299.116772,302.686453,296.531519,296.789124,2490000,Yahoo Finance
2023-08-25,297.562046,300.239308,295.510420,297.037628,2418100,Yahoo Finance
2023-08-28,297.350413,301.251288,297.046790,299.843658,2099900,Yahoo Finance
2023-08-29,300.653315,303.459365,300.634897,303.036163,2628200,Yahoo Finance
2023-08-30,303.693493,307.045228,303.573122,306.128601,2256200,Yahoo Finance
2023-08-31,306.656387,307.952634,305.249009,305.823059,2914700,Yahoo Finance
2023-09-01,307.397080,308.739639,306.600824,308.397034,2317400,Yahoo Finance
2023-09-05,307.248938,307.674842,303.110187,303.489807,3141400,Yahoo Finance
2023-09-06,303.258354,304.258308,301.434340,301.841736,3199700,Yahoo Finance
2023-09-07,300.943600,305.471240,300.267687,304.082397,2454000,Yahoo Finance
2023-09-08,303.230536,305.073057,302.471295,304.350861,2210300,Yahoo Finance
2023-09-11,304.887969,305.434243,303.295428,304.036133,2087800,Yahoo Finance
2023-09-12,302.610244,304.406483,301.739929,302.101013,2190500,Yahoo Finance
2023-09-13,301.878829,303.656532,300.915890,301.730682,2564300,Yahoo Finance
2023-09-14,303.128763,305.823093,301.165842,305.202759,2707600,Yahoo Finance
2023-09-15,303.063983,304.776895,296.591958,297.582672,7117800,Yahoo Finance
2023-09-18,296.434479,297.814053,293.425321,293.749390,2740400,Yahoo Finance
2023-09-19,292.536531,293.443890,289.194035,291.295807,2776500,Yahoo Finance
2023-09-20,291.656888,292.906852,287.768118,287.823669,2320000,Yahoo Finance
2023-09-21,286.471905,287.240414,283.657177,284.027557,2766500,Yahoo Finance
2023-09-22,283.471950,284.851524,282.823812,283.073822,2289200,Yahoo Finance
2023-09-25,281.944243,284.518229,281.944243,283.777496,1882300,Yahoo Finance
2023-09-26,281.953493,283.147905,279.277672,280.120239,2655500,Yahoo Finance
2023-09-27,280.546101,281.675694,277.675822,279.453552,2513900,Yahoo Finance
2023-09-28,279.314710,282.277556,278.462874,280.999817,2369600,Yahoo Finance
2023-09-29,282.351688,283.018333,277.601842,279.768433,3502600,Yahoo Finance
2023-10-02,278.249893,280.962786,276.342552,277.611023,2806800,Yahoo Finance
2023-10-03,275.833287,276.194371,268.574276,270.305695,3609200,Yahoo Finance
2023-10-04,271.620534,272.407550,268.842849,270.722443,2956300,Yahoo Finance
2023-10-05,270.361314,270.981676,268.731730,270.083557,2469300,Yahoo Finance
2023-10-06,269.213143,272.713023,266.092882,271.120483,2922500,Yahoo Finance
2023-10-09,268.787294,273.629735,268.213244,273.472321,1929900,Yahoo Finance
2023-10-10,274.703752,278.388824,273.296402,277.046265,3116300,Yahoo Finance
2023-10-11,277.527747,278.555505,273.972314,275.962982,2292800,Yahoo Finance
2023-10-12,275.638873,275.638873,269.222401,271.305664,2546400,Yahoo Finance
2023-10-13,271.231634,272.888994,269.333561,270.287231,2092700,Yahoo Finance
2023-10-16,272.611236,276.259264,271.824220,275.296326,2567000,Yahoo Finance
2023-10-17,274.703729,276.249957,272.676017,274.009308,2139700,Yahoo Finance
2023-10-18,271.287199,271.592732,268.120626,268.731720,2720100,Yahoo Finance
2023-10-19,269.435343,269.750144,265.194758,265.518799,3028600,Yahoo Finance
2023-10-20,264.676288,265.898476,262.593024,265.185547,2885300,Yahoo Finance
2023-10-23,264.639245,266.889163,263.259643,263.944824,2590900,Yahoo Finance
2023-10-24,265.491090,266.574399,261.130133,262.315277,2705200,Yahoo Finance
2023-10-25,260.870843,262.241178,258.509823,260.111603,2962800,Yahoo Finance
2023-10-26,259.741255,262.250422,257.167269,257.398743,3108200,Yahoo Finance
2023-10-27,258.306112,258.944982,253.935888,255.972839,2907300,Yahoo Finance
2023-10-30,256.908033,261.398628,256.435818,260.620880,3074400,Yahoo Finance
2023-10-31,261.648602,264.250364,260.750483,263.592987,3036000,Yahoo Finance
2023-11-01,264.426252,265.574353,261.120802,265.389191,2747300,Yahoo Finance
2023-11-02,268.740998,272.824198,268.509524,272.703827,3628000,Yahoo Finance
2023-11-03,272.379743,275.740746,272.370503,273.703766,3071900,Yahoo Finance
2023-11-06,272.907499,274.472264,271.490881,272.740845,2890300,Yahoo Finance
2023-11-07,272.777848,274.064856,271.805670,272.925995,2629000,Yahoo Finance
2023-11-08,273.166724,275.925900,272.314888,273.990784,2454900,Yahoo Finance
2023-11-09,270.315020,271.046457,266.361431,266.537354,4059100,Yahoo Finance
2023-11-10,267.796591,269.981689,265.537405,269.981689,3653500,Yahoo Finance
2023-11-13,266.463346,268.444746,265.954086,266.722595,4586700,Yahoo Finance
2023-11-14,278.592422,285.397724,277.898001,281.129364,7952800,Yahoo Finance
2023-11-15,281.564595,286.036655,281.481268,285.351501,3985900,Yahoo Finance
2023-11-16,283.212763,285.129373,281.777609,283.731262,3114000,Yahoo Finance
2023-11-17,285.638525,285.832955,282.814557,284.499664,2770300,Yahoo Finance
2023-11-20,284.425607,286.721836,283.083048,285.351501,3459000,Yahoo Finance
2023-11-21,282.925704,283.388651,279.935053,282.712738,2977200,Yahoo Finance
2023-11-22,284.610845,286.897778,283.768277,286.286713,2873500,Yahoo Finance
2023-11-24,286.268159,288.305139,285.462635,287.675537,1259900,Yahoo Finance
2023-11-27,287.666306,289.703287,286.795963,287.879272,2992600,Yahoo Finance
2023-11-28,287.684795,291.268004,286.462636,290.119904,3116900,Yahoo Finance
2023-11-29,292.739085,292.739085,289.802938,289.905457,3083800,Yahoo Finance
2023-11-30,291.322305,292.459483,287.640451,292.207794,4493700,Yahoo Finance
2023-12-01,292.524724,298.369085,291.751084,297.921661,3613600,Yahoo Finance
2023-12-04,297.921662,303.010986,297.306464,302.022949,3827900,Yahoo Finance
2023-12-05,300.140070,301.929738,298.285177,301.538239,3269800,Yahoo Finance
2023-12-06,302.936408,306.021697,302.200032,303.971039,3030800,Yahoo Finance
2023-12-07,303.971086,305.182849,302.638172,304.027039,2742300,Yahoo Finance
2023-12-08,303.868547,305.061649,302.992359,304.306641,2889300,Yahoo Finance
2023-12-11,307.419900,309.545115,306.487788,308.836700,3520700,Yahoo Finance
2023-12-12,308.007134,311.810139,307.895285,310.579773,2893400,Yahoo Finance
2023-12-13,312.164328,320.497412,309.377322,320.087280,5822700,Yahoo Finance
2023-12-14,325.996882,329.100831,324.375016,327.926361,7594800,Yahoo Finance
2023-12-15,324.580075,330.321889,323.209869,329.967682,11212800,Yahoo Finance
2023-12-18,329.697351,330.825228,326.537506,326.994232,4420500,Yahoo Finance
2023-12-19,327.600128,328.998297,326.612092,328.168732,4654700,Yahoo Finance
2023-12-20,327.171404,330.685457,324.664020,324.990265,3259500,Yahoo Finance
2023-12-21,327.982264,328.336471,323.442882,325.279144,2794200,Yahoo Finance
2023-12-22,325.344419,327.488266,323.153950,324.924957,2029900,Yahoo Finance
2023-12-26,324.775806,326.323116,324.524146,325.596069,1585500,Yahoo Finance
2023-12-27,326.155338,326.239224,323.610662,324.869019,2764300,Yahoo Finance
2023-12-28,324.841064,325.344412,322.324350,323.778442,2859400,Yahoo Finance
2023-12-29,322.352316,323.955550,319.733083,323.023438,10325700,Yahoo Finance
2024-01-02,320.842265,323.722488,319.919484,321.653198,2833600,Yahoo Finance
2024-01-03,319.229779,319.434845,313.739625,315.296265,3309600,Yahoo Finance
2024-01-04,316.852848,319.639882,315.557227,315.603821,3652400,Yahoo Finance
2024-01-05,314.932693,320.488073,314.886099,319.658508,2664300,Yahoo Finance
2024-01-08,320.115219,324.803741,319.947446,324.309723,2736200,Yahoo Finance
2024-01-09,322.333659,325.409617,321.811679,322.687866,2338100,Yahoo Finance
2024-01-10,326.817100,332.633470,326.528147,332.577545,4109300,Yahoo Finance
2024-01-11,332.847939,336.492501,329.277962,332.325958,3530400,Yahoo Finance
2024-01-12,334.190147,334.190147,329.436370,331.561584,1956100,Yahoo Finance
2024-01-16,333.752047,335.234102,332.027634,334.096924,3669400,Yahoo Finance
2024-01-17,332.419165,335.336680,330.014299,331.552307,2646100,Yahoo Finance
2024-01-18,331.943686,334.357853,329.995576,333.602844,2510700,Yahoo Finance
2024-01-19,334.451123,338.319382,332.092881,337.806732,3234600,Yahoo Finance
2024-01-22,334.963791,336.921232,331.542955,332.475067,4003700,Yahoo Finance
2024-01-23,331.692062,331.720024,325.363014,326.966248,3878400,Yahoo Finance
2024-01-24,328.047464,328.914321,323.508083,323.694489,3474400,Yahoo Finance
2024-01-25,328.653389,328.923709,324.617356,327.143372,3064200,Yahoo Finance
2024-01-26,327.609436,332.810609,327.189974,331.179413,3177700,Yahoo Finance
2024-01-29,331.039628,332.176806,329.044923,331.552307,2732000,Yahoo Finance
2024-01-30,330.433711,334.562961,330.004948,332.857208,2336500,Yahoo Finance
2024-01-31,333.621557,334.609593,328.429686,328.998260,3377900,Yahoo Finance
2024-02-01,329.408350,335.690804,328.401682,335.625549,2439100,Yahoo Finance
2024-02-02,330.135435,335.140872,326.257845,332.978394,3697600,Yahoo Finance
2024-02-05,329.650798,331.897192,326.947679,331.030334,2653800,Yahoo Finance
2024-02-06,330.759960,333.696107,330.247281,332.064911,2045300,Yahoo Finance
2024-02-07,334.143595,339.037184,333.435181,338.067780,3272200,Yahoo Finance
2024-02-08,338.226170,340.826771,337.098323,339.027802,2521900,Yahoo Finance
2024-02-09,339.410001,339.689623,336.306052,338.496521,2389900,Yahoo Finance
2024-02-12,339.493873,343.688377,339.335401,340.640381,3119700,Yahoo Finance
2024-02-13,334.134197,335.029017,329.855807,333.313934,3106500,Yahoo Finance
2024-02-14,332.922455,334.609576,329.949016,333.910492,2998900,Yahoo Finance
2024-02-15,334.535019,337.089026,332.624201,336.567017,2662800,Yahoo Finance
2024-02-16,336.194124,339.279412,334.767993,337.750763,3899600,Yahoo Finance
2024-02-20,331.188729,340.453925,330.489645,337.955872,4830000,Yahoo Finance
2024-02-21,336.110288,340.323425,334.581639,339.409973,3277800,Yahoo Finance
2024-02-22,342.495262,347.640510,342.224941,346.130493,3387500,Yahoo Finance
2024-02-23,346.820223,348.842918,345.114470,346.708374,3398200,Yahoo Finance
2024-02-26,348.153232,349.430221,345.552631,346.372894,2461000,Yahoo Finance
2024-02-27,347.360876,350.287693,345.450029,350.063995,2802900,Yahoo Finance
2024-02-28,350.064005,354.053443,349.597949,351.974823,2282500,Yahoo Finance
2024-02-29,353.074696,355.861702,352.478131,354.771118,4382800,Yahoo Finance
2024-03-01,354.538131,358.956362,354.044113,358.350494,2750900,Yahoo Finance
2024-03-04,356.905728,358.425075,354.305127,354.547485,2619000,Yahoo Finance
2024-03-05,354.295822,355.116086,351.424901,352.757843,3011600,Yahoo Finance
2024-03-06,354.942638,356.152262,352.467159,353.920563,2496300,Yahoo Finance
2024-03-07,354.323752,356.602324,352.176441,353.085999,2368500,Yahoo Finance
2024-03-08,351.632566,353.151614,348.913280,350.085388,2162900,Yahoo Finance
2024-03-11,348.406961,349.738489,345.884581,348.369446,2833700,Yahoo Finance
2024-03-12,349.297760,352.476504,349.203986,351.201263,2843800,Yahoo Finance
2024-03-13,352.598387,358.862128,352.363965,355.373932,3761200,Yahoo Finance
2024-03-14,354.445668,356.508591,348.978966,351.885773,3877500,Yahoo Finance
2024-03-15,350.807427,354.839498,349.325894,349.972900,9234900,Yahoo Finance
2024-03-18,353.029762,354.070610,348.013160,348.735168,3455600,Yahoo Finance
2024-03-19,351.529457,355.814665,349.879119,355.767792,3493800,Yahoo Finance
2024-03-20,355.777159,360.896921,352.785936,360.456207,2750400,Yahoo Finance
2024-03-21,364.206951,372.139774,364.094433,370.573853,4212200,Yahoo Finance
2024-03-22,370.095683,371.717892,365.782317,365.960480,2910900,Yahoo Finance
2024-03-25,364.853940,365.566562,359.030913,359.612274,2683900,Yahoo Finance
2024-03-26,358.580814,360.315540,355.758368,356.255341,2720200,Yahoo Finance
2024-03-27,357.118074,362.247223,357.014914,361.844025,2536500,Yahoo Finance
2024-03-28,363.006812,363.456883,356.058547,359.696777,4108200,Yahoo Finance
2024-04-01,357.699470,359.265420,344.918792,345.096954,4333200,Yahoo Finance
2024-04-02,341.786932,343.999860,340.342886,340.380402,4650500,Yahoo Finance
2024-04-03,339.442628,339.817697,336.629568,337.473480,4723000,Yahoo Finance
2024-04-04,340.014666,342.255752,334.669868,335.391876,4381600,Yahoo Finance
2024-04-05,335.391814,336.938992,333.835250,335.569977,3243400,Yahoo Finance
2024-04-08,335.757557,339.977148,334.998033,339.489532,4339600,Yahoo Finance
2024-04-09,340.971114,341.740025,336.376454,338.898834,3022600,Yahoo Finance
2024-04-10,329.943913,331.931805,327.018335,328.715546,4805200,Yahoo Finance
2024-04-11,329.165628,329.981411,324.242771,325.724304,4104700,Yahoo Finance
2024-04-12,324.552213,324.552213,320.229490,321.504730,3550300,Yahoo Finance
2024-04-15,324.364666,324.514671,316.178649,316.872528,4209200,Yahoo Finance
2024-04-16,315.831715,317.041310,312.212228,313.965698,4525500,Yahoo Finance
2024-04-17,315.794207,316.234921,311.255806,312.090332,4273800,Yahoo Finance
2024-04-18,314.734603,315.953613,310.683789,312.146606,3717300,Yahoo Finance
2024-04-19,313.853186,314.940906,311.855908,314.462677,3076600,Yahoo Finance
2024-04-22,317.144428,318.297793,312.915451,315.165894,3112800,Yahoo Finance
2024-04-23,316.938168,318.991704,315.334731,317.875854,3697400,Yahoo Finance
2024-04-24,316.066162,316.516234,311.143305,312.259155,4029200,Yahoo Finance
2024-04-25,309.174123,312.165346,306.529839,311.293304,3787800,Yahoo Finance
2024-04-26,310.374427,314.903443,310.365041,314.209564,2465300,Yahoo Finance
2024-04-29,314.125102,316.319286,313.328063,315.812927,2427400,Yahoo Finance
2024-04-30,314.800268,316.413091,312.118469,313.393738,3089900,Yahoo Finance
2024-05-01,312.259107,314.490807,308.902172,311.283905,3267500,Yahoo Finance
2024-05-02,314.593971,315.062815,310.355637,314.622101,3213600,Yahoo Finance
2024-05-03,320.013817,325.264870,319.160518,321.485992,4165100,Yahoo Finance
2024-05-06,324.439656,324.795982,319.226120,320.960846,3366100,Yahoo Finance
2024-05-07,322.189275,324.008390,319.169921,319.460602,2930700,Yahoo Finance
2024-05-08,317.669588,319.226152,316.591254,317.716461,3123200,Yahoo Finance
2024-05-09,318.110289,326.324436,317.763350,325.789948,3801400,Yahoo Finance
2024-05-10,325.808681,328.012251,323.220685,324.842865,3413700,Yahoo Finance
2024-05-13,326.371328,327.055850,319.188643,319.713745,4055600,Yahoo Finance
2024-05-14,314.172034,322.798767,312.249787,319.282440,5854300,Yahoo Finance
2024-05-15,323.670782,328.603024,323.211324,326.943329,4151100,Yahoo Finance
2024-05-16,326.315105,326.549527,321.317246,321.373505,3101600,Yahoo Finance
2024-05-17,323.276975,323.436366,319.366808,322.761230,2739000,Yahoo Finance
2024-05-20,319.873151,321.204650,316.506858,316.769409,3237400,Yahoo Finance
2024-05-21,317.875874,317.875874,311.621490,315.203461,4275100,Yahoo Finance
2024-05-22,313.806353,314.359585,308.433396,309.989960,4024400,Yahoo Finance
2024-05-23,310.355644,310.374388,305.685953,306.520508,4021100,Yahoo Finance
2024-05-24,306.051604,307.129938,304.204360,304.841980,2736900,Yahoo Finance
2024-05-28,305.114031,310.365056,304.260733,308.217773,3807500,Yahoo Finance
2024-05-29,306.182924,306.426732,303.594899,305.601562,3506200,Yahoo Finance
2024-05-30,308.056534,311.795581,307.537204,310.813599,2921800,Yahoo Finance
2024-05-31,311.634989,316.469345,309.708830,316.186066,5557800,Yahoo Finance
2024-06-03,315.034135,315.034135,308.604099,309.708832,3712800,Yahoo Finance
2024-06-04,308.632487,311.389580,306.961253,309.944946,4296800,Yahoo Finance
2024-06-05,310.171502,312.022137,307.735465,311.833313,2422400,Yahoo Finance
2024-06-06,311.398950,313.325137,309.756042,312.626434,2979400,Yahoo Finance
2024-06-07,307.556053,310.473644,305.856466,308.783508,2583800,Yahoo Finance
2024-06-10,308.755194,314.231574,308.283091,314.004974,2691000,Yahoo Finance
2024-06-11,314.420408,317.545725,311.889944,316.988647,3250900,Yahoo Finance
2024-06-12,327.667643,330.934586,323.919146,324.938904,4793000,Yahoo Finance
2024-06-13,326.600647,329.234988,323.928559,328.470184,3380800,Yahoo Finance
2024-06-14,325.571515,328.111430,322.625598,327.488251,2589000,Yahoo Finance
2024-06-17,325.647013,331.123393,325.184333,329.999786,2680200,Yahoo Finance
2024-06-18,333.257354,336.524297,332.464196,334.126007,3655000,Yahoo Finance
2024-06-20,332.360282,335.117374,330.084744,333.719940,3661200,Yahoo Finance
2024-06-21,335.041844,336.373177,332.407502,335.948273,6596400,Yahoo Finance
2024-06-24,336.986902,337.732832,331.151719,331.302795,4278900,Yahoo Finance
2024-06-25,326.987827,327.629880,315.865087,319.443634,4879600,Yahoo Finance
2024-06-26,320.520012,323.475380,318.697702,322.748352,3365300,Yahoo Finance
2024-06-27,323.701969,325.524308,319.566373,322.436737,2912600,Yahoo Finance
2024-06-28,322.304586,326.015307,321.700281,325.033325,6344000,Yahoo Finance
2024-07-01,324.731153,325.420404,316.677081,317.432434,2643600,Yahoo Finance
2024-07-02,316.308843,318.036726,313.976654,316.280518,2995900,Yahoo Finance
2024-07-03,318.197236,320.689952,314.930293,315.024719,1733000,Yahoo Finance
2024-07-05,314.146602,317.177523,313.136324,315.912262,3437500,Yahoo Finance
2024-07-08,317.139746,321.747473,316.308840,320.652191,3534500,Yahoo Finance
2024-07-09,320.038464,320.331165,316.847045,318.282227,2254300,Yahoo Finance
2024-07-10,319.745746,325.080501,318.782638,324.976624,3263100,Yahoo Finance
2024-07-11,331.208348,334.371441,325.750842,334.050415,4146900,Yahoo Finance
2024-07-12,335.192958,343.643609,334.333727,339.696808,4019900,Yahoo Finance
2024-07-15,339.102012,341.028171,335.221312,338.459930,2884000,Yahoo Finance
2024-07-16,339.970647,348.808425,339.441894,348.525146,3210400,Yahoo Finance
2024-07-17,346.183486,354.256430,345.031554,351.140564,3991100,Yahoo Finance
2024-07-18,349.261596,354.775752,345.371474,345.654724,2395000,Yahoo Finance
2024-07-19,345.985266,347.089999,341.755243,343.086548,2474500,Yahoo Finance
2024-07-22,344.162923,346.787813,340.933727,342.982666,4049300,Yahoo Finance
2024-07-23,345.041038,345.041038,339.328606,339.555206,2535700,Yahoo Finance
2024-07-24,338.903665,341.283081,330.471917,330.764618,3508100,Yahoo Finance
2024-07-25,330.660808,338.809278,329.839325,333.578400,3297600,Yahoo Finance
2024-07-26,335.202430,341.490842,335.202430,339.451355,2439000,Yahoo Finance
2024-07-29,339.168018,342.642715,338.922544,341.490784,2142100,Yahoo Finance
2024-07-30,342.576678,344.342338,339.215308,343.398132,2788800,Yahoo Finance
2024-07-31,344.635020,351.707111,342.784386,347.618713,3526100,Yahoo Finance
2024-08-01,349.346537,350.753423,334.012651,338.573151,3759000,Yahoo Finance
2024-08-02,335.126866,335.731171,327.393820,335.598969,3764600,Yahoo Finance
2024-08-05,331.302838,334.192105,325.977505,330.481384,3827900,Yahoo Finance
2024-08-06,329.291684,338.648764,327.903700,334.163788,2831100,Yahoo Finance
2024-08-07,335.362936,336.392117,323.182690,323.295990,3429100,Yahoo Finance
2024-08-08,323.144912,329.282248,322.295132,328.904572,3591100,Yahoo Finance
2024-08-09,328.479651,331.916544,326.128560,329.187805,2314800,Yahoo Finance
2024-08-12,331.198968,331.888248,323.041047,326.515717,3830200,Yahoo Finance
2024-08-13,322.795528,333.672794,320.435015,330.538025,6388600,Yahoo Finance
2024-08-14,330.046991,339.621248,329.905366,335.816101,4814800,Yahoo Finance
2024-08-15,342.236708,345.022126,338.157762,339.980072,3575800,Yahoo Finance
2024-08-16,339.885684,343.407581,339.885684,341.859070,3308300,Yahoo Finance
2024-08-19,342.274449,344.342261,341.896772,342.812653,3634900,Yahoo Finance
2024-08-20,340.527685,347.127701,340.386060,346.778320,3459400,Yahoo Finance
2024-08-21,348.836686,352.065852,347.958553,349.790314,4587600,Yahoo Finance
2024-08-22,350.772350,351.678779,344.266760,344.974915,4097300,Yahoo Finance
2024-08-23,346.202407,355.323436,344.814423,354.634155,3426200,Yahoo Finance
2024-08-26,356.041016,357.457325,352.538022,353.236725,2452100,Yahoo Finance
2024-08-27,352.651283,353.397213,350.300221,352.358582,1780300,Yahoo Finance
2024-08-28,352.188636,354.464175,349.544873,351.895935,2218300,Yahoo Finance
2024-08-29,353.957308,354.631787,348.561653,348.685150,2698400,Yahoo Finance
2024-08-30,350.756017,351.867460,346.614290,350.053070,3216700,Yahoo Finance
2024-09-03,349.483108,350.889031,344.733406,346.481293,3598100,Yahoo Finance
2024-09-04,345.939825,347.611700,341.988069,346.414795,3221300,Yahoo Finance
2024-09-05,346.633300,346.870785,339.679728,343.735992,2789200,Yahoo Finance
2024-09-06,344.752446,347.146286,341.427654,342.026093,2228800,Yahoo Finance
2024-09-09,344.600443,347.830235,342.007095,347.222260,2747600,Yahoo Finance
2024-09-10,347.393237,352.959874,344.334427,352.304413,2787400,Yahoo Finance
2024-09-11,351.050474,352.627379,344.011441,351.943420,2937700,Yahoo Finance
2024-09-12,353.320906,356.218213,352.009983,355.686249,2367700,Yahoo Finance
2024-09-13,356.759666,362.877285,356.712180,360.967896,2514700,Yahoo Finance
2024-09-16,362.877271,364.777152,360.530917,362.886780,2877800,Yahoo Finance
2024-09-17,364.235667,368.519908,362.573271,364.055176,2947600,Yahoo Finance
2024-09-18,364.862634,373.013140,361.993824,364.786652,3549400,Yahoo Finance
2024-09-19,371.274683,372.253121,367.636425,370.799713,3753500,Yahoo Finance
2024-09-20,368.890342,372.215134,367.626934,370.343750,6584200,Yahoo Finance
2024-09-23,371.265186,372.994084,367.873921,372.338623,2502300,Yahoo Finance
2024-09-24,374.941512,381.030605,373.925069,380.603149,4057700,Yahoo Finance
2024-09-25,380.603133,380.603133,375.815425,377.059845,2787300,Yahoo Finance
2024-09-26,379.501222,379.976192,375.691951,376.841400,2849500,Yahoo Finance
2024-09-27,379.643712,383.338995,378.370796,379.529724,2452300,Yahoo Finance
2024-09-30,380.166191,385.020373,379.045239,384.915894,3442000,Yahoo Finance
2024-10-01,383.794891,390.007509,381.315560,388.573090,3476200,Yahoo Finance
2024-10-02,387.290730,390.862487,384.687874,390.672516,3431300,Yahoo Finance
2024-10-03,388.525698,392.296963,386.435817,390.976532,3320700,Yahoo Finance
2024-10-04,389.542052,391.204448,379.453690,387.917633,3989000,Yahoo Finance
2024-10-07,384.621426,389.295117,381.154120,387.632721,3267800,Yahoo Finance
2024-10-08,389.285546,394.500738,387.993641,393.446289,3693900,Yahoo Finance
2024-10-09,398.974989,399.003486,390.188040,395.241730,3627800,Yahoo Finance
2024-10-10,389.209615,393.731341,387.224243,389.437592,3040800,Yahoo Finance
2024-10-11,390.007601,392.458464,388.373702,391.280518,2717400,Yahoo Finance
2024-10-14,390.881500,395.574208,390.710489,394.624268,2088700,Yahoo Finance
2024-10-15,397.027659,400.456930,394.244311,394.776276,3693000,Yahoo Finance
2024-10-16,393.151833,397.778038,393.151833,397.654541,2429000,Yahoo Finance
2024-10-17,397.654559,398.025049,393.807311,394.795258,2013800,Yahoo Finance
2024-10-18,395.792677,395.802185,392.553376,394.225281,2436600,Yahoo Finance
2024-10-21,395.241723,395.707184,384.127408,386.055786,3699500,Yahoo Finance
2024-10-22,378.551275,382.778522,376.375903,381.733582,4486700,Yahoo Finance
2024-10-23,380.508145,384.041925,376.831880,379.634216,3159000,Yahoo Finance
2024-10-24,382.151572,383.965962,378.161810,382.522034,2550300,Yahoo Finance
2024-10-25,383.319977,383.319977,377.914813,378.940765,1941400,Yahoo Finance
2024-10-28,383.253491,385.523834,381.828581,382.721527,2586500,Yahoo Finance
2024-10-29,374.219531,379.130707,369.574309,375.292969,3822700,Yahoo Finance
2024-10-30,375.226468,377.781810,372.319653,372.870605,2795600,Yahoo Finance
2024-10-31,370.951786,375.862992,370.951786,374.039093,2518600,Yahoo Finance
2024-11-01,375.036494,378.750765,372.386181,372.937134,3277800,Yahoo Finance
2024-11-04,372.329165,380.432155,371.493212,375.767944,2690500,Yahoo Finance
2024-11-05,375.197985,380.194682,374.143537,380.061676,2496500,Yahoo Finance
2024-11-06,374.314519,374.314519,362.611247,368.928345,7133400,Yahoo Finance
2024-11-07,371.426744,379.748232,371.236744,379.444244,4323100,Yahoo Finance
2024-11-08,383.775960,386.055811,382.161049,385.580841,3448700,Yahoo Finance
2024-11-11,387.357209,390.995497,385.514322,387.851196,4071500,Yahoo Finance
2024-11-12,393.512888,395.194272,382.056607,382.902039,5647100,Yahoo Finance
2024-11-13,388.649132,392.078403,386.359772,389.656067,3083100,Yahoo Finance
2024-11-14,387.575684,390.900475,384.146413,385.409821,3348100,Yahoo Finance
2024-11-15,382.730989,388.440141,382.730989,387.746674,3239500,Yahoo Finance
2024-11-18,385.200877,391.888466,383.728481,389.893585,3394300,Yahoo Finance
2024-11-19,387.936683,388.677635,379.368201,386.435760,3239400,Yahoo Finance
2024-11-20,385.675808,386.340778,379.900183,379.976166,4732200,Yahoo Finance
2024-11-21,381.239595,390.796023,380.337169,389.903076,3722200,Yahoo Finance
2024-11-22,391.460973,399.108012,390.378056,398.975006,4932500,Yahoo Finance
2024-11-25,403.724734,408.711922,403.211758,407.211029,4544200,Yahoo Finance
2024-11-26,407.144473,417.375321,403.439711,408.018402,2758600,Yahoo Finance
2024-11-27,409.288551,410.720965,406.767487,407.942078,2293500,Yahoo Finance
2024-11-29,409.250292,411.580355,408.276261,409.794617,2028700,Yahoo Finance
2024-12-02,409.670473,411.007387,404.093611,407.722382,2617100,Yahoo Finance
2024-12-03,410.367583,411.274761,404.246396,410.004700,2714000,Yahoo Finance
2024-12-04,407.197187,409.508133,406.328186,408.639160,1968800,Yahoo Finance
2024-12-05,407.378644,410.396267,406.691084,407.321350,2523500,Yahoo Finance
2024-12-06,409.384035,416.116370,407.770179,411.933716,3161400,Yahoo Finance
2024-12-09,412.869528,416.698829,408.744168,409.842346,3426000,Yahoo Finance
2024-12-10,407.665087,408.056617,402.422460,403.549286,3354900,Yahoo Finance
2024-12-11,406.070304,408.715484,402.279180,402.393768,4211200,Yahoo Finance
2024-12-12,402.441566,403.702098,394.563288,395.747437,3673600,Yahoo Finance
2024-12-13,397.036576,399.299815,395.518220,398.192078,2649500,Yahoo Finance
2024-12-16,399.022834,399.624453,392.185440,392.204529,2879600,Yahoo Finance
2024-12-17,391.526552,391.908523,387.926428,390.065491,3726500,Yahoo Finance
2024-12-18,388.661763,392.204593,375.655445,376.075623,4225500,Yahoo Finance
2024-12-19,376.954103,377.336104,367.547940,367.672058,4576100,Yahoo Finance
2024-12-20,366.096420,375.569466,365.790832,374.910553,8046400,Yahoo Finance
2024-12-23,373.478155,375.521718,369.591531,374.767334,2433800,Yahoo Finance
2024-12-24,374.461746,378.291077,372.905185,378.291077,1392600,Yahoo Finance
2024-12-26,374.834116,377.947238,373.974673,377.336090,1319500,Yahoo Finance
2024-12-27,374.471313,377.651260,373.735988,375.158844,1942700,Yahoo Finance
2024-12-30,372.933835,373.583189,368.302357,371.883392,2444700,Yahoo Finance
2024-12-31,372.437287,373.821936,369.849370,371.463226,2179700,Yahoo Finance
2025-01-02,374.461745,374.977423,368.970824,370.957092,2415700,Yahoo Finance
2025-01-03,372.255831,373.392215,368.426501,371.644653,2231600,Yahoo Finance
2025-01-06,372.905201,376.237942,370.546491,371.826111,3274500,Yahoo Finance
2025-01-07,373.287146,374.242089,365.838604,366.917694,2274300,Yahoo Finance
2025-01-08,365.743104,370.221788,362.973776,369.753876,2848500,Yahoo Finance
2025-01-10,371.386808,375.206579,367.290095,372.322662,5323400,Yahoo Finance
2025-01-13,372.418155,378.023665,370.231357,371.644653,3512900,Yahoo Finance
2025-01-14,372.991101,376.438460,372.074364,375.082428,3405200,Yahoo Finance
2025-01-15,388.327521,389.616700,383.657865,387.792755,4584800,Yahoo Finance
2025-01-16,387.964626,391.631604,385.720534,390.886749,2305900,Yahoo Finance
2025-01-17,394.859310,395.776077,390.122802,390.934509,3229000,Yahoo Finance
2025-01-21,394.391449,401.286138,394.391449,399.576782,3568100,Yahoo Finance
2025-01-22,398.736346,398.736346,390.886715,391.622040,3581400,Yahoo Finance
2025-01-23,393.025835,396.005252,390.332889,395.718781,3840300,Yahoo Finance
2025-01-24,395.432261,396.310822,392.252315,395.823792,2369800,Yahoo Finance
2025-01-27,396.205811,406.987125,395.346368,405.726593,3699200,Yahoo Finance
2025-01-28,404.169980,404.169980,397.924676,399.958679,2818300,Yahoo Finance
2025-01-29,401.286111,402.384290,393.235949,394.792511,2384900,Yahoo Finance
2025-01-30,397.647736,398.516737,392.978051,395.823792,3081300,Yahoo Finance
2025-01-31,394.553773,397.619132,391.832180,393.417389,2761000,Yahoo Finance
2025-02-03,387.821375,393.340943,382.941631,390.342438,2896200,Yahoo Finance
2025-02-04,391.058664,393.990317,387.792747,392.949432,2150800,Yahoo Finance
2025-02-05,396.444530,396.444530,389.750400,395.174469,2212100,Yahoo Finance
2025-02-06,396.215353,398.965593,394.391408,395.499146,2023700,Yahoo Finance
2025-02-07,394.582409,395.623293,388.184280,389.015076,2530200,Yahoo Finance
2025-02-10,392.137726,396.253528,390.371076,395.336761,2617600,Yahoo Finance
2025-02-11,395.346325,397.800535,394.143087,397.599976,1441800,Yahoo Finance
2025-02-12,390.170562,391.192358,384.001639,388.795471,3387000,Yahoo Finance
2025-02-13,390.294688,394.372312,389.129656,393.847076,3067900,Yahoo Finance
2025-02-14,396.301289,399.166117,390.151454,391.049103,3004400,Yahoo Finance
2025-02-18,389.912684,390.447449,382.187200,385.137970,3994000,Yahoo Finance
2025-02-19,379.322393,380.678425,375.235239,377.613037,3780000,Yahoo Finance
2025-02-20,375.292522,376.973231,373.478137,376.858643,2703500,Yahoo Finance
2025-02-21,378.539324,379.895356,366.602539,367.939453,5287000,Yahoo Finance
2025-02-24,368.693863,369.133129,361.159380,365.189240,5722000,Yahoo Finance
2025-02-25,367.653004,382.941649,366.879503,375.569489,6823900,Yahoo Finance
2025-02-26,377.431617,380.898064,371.052605,372.886108,3871500,Yahoo Finance
2025-02-27,372.341751,377.651231,370.832925,372.685516,2825100,Yahoo Finance
2025-02-28,376.648578,378.988171,372.695101,378.730347,4263500,Yahoo Finance
2025-03-03,379.064578,379.179166,369.056766,372.131683,3397600,Yahoo Finance
2025-03-04,368.751201,370.479645,361.827865,364.482605,4384800,Yahoo Finance
2025-03-05,361.923304,369.677434,360.977920,368.942139,2780300,Yahoo Finance
2025-03-06,366.220634,370.288701,363.575453,364.530396,4222000,Yahoo Finance
2025-03-07,362.400806,363.498984,352.278406,359.822449,4573900,Yahoo Finance
2025-03-10,360.433616,365.857684,355.821226,357.769318,3710500,Yahoo Finance
2025-03-11,357.358760,358.036761,349.251303,351.571808,4013300,Yahoo Finance
2025-03-12,355.210103,355.238750,345.450585,348.296326,3368000,Yahoo Finance
2025-03-13,347.796621,347.883108,331.795926,333.708313,7062400,Yahoo Finance
2025-03-14,336.975659,337.686821,331.949633,337.609924,5510700,Yahoo Finance
2025-03-17,338.042435,341.684615,337.273615,340.320007,3681300,Yahoo Finance
2025-03-18,339.743369,340.089345,334.035009,335.937805,3008200,Yahoo Finance
2025-03-19,338.273058,340.608288,335.380430,339.637695,2990200,Yahoo Finance
2025-03-20,340.858142,347.662030,338.465254,341.655762,3391200,Yahoo Finance
2025-03-21,338.359522,339.608843,332.776097,337.456177,8205400,Yahoo Finance
2025-03-24,340.790874,350.218311,340.464136,349.584045,4023200,Yahoo Finance
2025-03-25,347.431395,349.468716,344.558005,346.912445,2799500,Yahoo Finance
2025-03-26,346.335890,350.506640,346.076401,348.008026,3140900,Yahoo Finance
2025-03-27,347.786915,350.967832,347.066163,348.584564,3036600,Yahoo Finance
2025-03-28,348.997831,349.036279,342.280430,344.183197,2980200,Yahoo Finance
2025-03-31,339.714578,354.360255,338.897719,352.197998,4498800,Yahoo Finance
2025-04-01,349.939679,352.966833,347.806251,351.265839,2801600,Yahoo Finance
2025-04-02,348.421251,357.791030,348.132961,356.426422,3189500,Yahoo Finance
2025-04-03,341.905644,345.999526,337.994354,342.030579,5407100,Yahoo Finance
2025-04-04,337.033336,351.188920,335.428478,340.098938,7531100,Yahoo Finance
2025-04-07,330.873347,340.406510,320.494525,328.192169,6950500,Yahoo Finance
2025-04-08,336.716225,340.195051,316.881110,322.166626,4868000,Yahoo Finance
2025-04-09,315.785604,342.155530,313.584899,341.530884,6793000,Yahoo Finance
2025-04-10,339.089903,341.434752,326.414271,339.829865,5574800,Yahoo Finance
2025-04-11,336.648967,340.646743,330.777253,340.060516,3576400,Yahoo Finance
2025-04-14,343.846873,345.019297,339.810677,343.270294,2841800,Yahoo Finance
2025-04-15,342.655250,347.344950,339.541610,340.300781,2883100,Yahoo Finance
2025-04-16,338.119279,340.002837,330.892547,332.497406,2637200,Yahoo Finance
2025-04-17,334.957576,343.558564,334.784602,341.213715,3232400,Yahoo Finance
2025-04-21,340.473744,340.540992,328.470797,333.371918,4015200,Yahoo Finance
2025-04-22,337.465777,342.328449,336.754644,340.608246,2802400,Yahoo Finance
2025-04-23,347.806238,350.612351,341.011940,342.520721,3283300,Yahoo Finance
2025-04-24,342.597549,346.345455,340.781239,345.615112,2749500,Yahoo Finance
2025-04-25,343.750751,345.000044,340.906162,343.635406,2811300,Yahoo Finance
2025-04-28,344.029441,346.057173,340.685170,343.001190,2413000,Yahoo Finance
2025-04-29,342.011356,346.518433,340.896589,345.000061,2836900,Yahoo Finance
2025-04-30,342.597553,347.181527,338.638226,346.431946,3741500,Yahoo Finance
2025-05-01,346.258987,348.728772,343.769993,344.327362,3210100,Yahoo Finance
2025-05-02,347.959990,351.948177,347.075884,350.304840,2283300,Yahoo Finance
2025-05-05,348.007991,350.054932,345.701590,347.623596,2563500,Yahoo Finance
2025-05-06,344.692521,348.142518,343.202978,345.365234,2299700,Yahoo Finance
2025-05-07,346.422355,349.593653,345.730431,348.603821,2657200,Yahoo Finance
2025-05-08,349.814702,354.908006,348.132946,350.631531,3035800,Yahoo Finance
2025-05-09,348.008000,351.313852,347.402563,348.565369,1970700,Yahoo Finance
2025-05-12,360.376092,363.951024,358.915378,361.904083,3831400,Yahoo Finance
2025-05-13,366.142117,366.142117,358.406055,359.030701,2726800,Yahoo Finance
2025-05-14,357.397029,361.135345,356.368749,358.271545,2587400,Yahoo Finance
2025-05-15,357.589215,364.537247,357.031817,363.864563,2830500,Yahoo Finance
2025-05-16,365.402185,366.305530,363.403282,365.930725,3129100,Yahoo Finance
2025-05-19,359.597719,366.295911,359.568890,364.585327,4428200,Yahoo Finance
2025-05-20,371.302716,374.550910,359.463152,362.346161,6287400,Yahoo Finance
2025-05-21,363.239870,363.576198,354.225659,356.378296,3966000,Yahoo Finance
2025-05-22,353.649091,354.831135,350.352858,351.852020,2957300,Yahoo Finance
2025-05-23,348.248251,350.496994,347.066206,348.565369,3115000,Yahoo Finance
2025-05-27,351.621402,356.099650,350.919859,355.955505,3998500,Yahoo Finance
2025-05-28,354.437128,356.676252,353.101320,353.706757,2986100,Yahoo Finance
2025-05-29,355.571102,355.907459,349.862742,353.927795,3034800,Yahoo Finance
2025-05-30,352.736132,355.225155,350.881403,353.927795,4110400,Yahoo Finance
2025-06-02,350.910241,353.687553,347.729323,353.610657,2506900,Yahoo Finance
2025-06-03,353.610645,358.973058,352.688090,358.530975,3359500,Yahoo Finance
2025-06-04,358.530977,360.731682,357.166370,357.877502,2428800,Yahoo Finance
2025-06-05,358.738114,359.289297,355.373059,357.084595,2324100,Yahoo Finance
2025-06-06,359.240984,360.343321,353.883933,355.199005,2349700,Yahoo Finance
2025-06-09,355.189326,355.218334,352.327058,353.139343,2619700,Yahoo Finance
2025-06-10,353.854884,356.378675,350.576825,355.759827,3014900,Yahoo Finance
2025-06-11,356.949245,356.949245,347.443862,348.555878,3793500,Yahoo Finance
2025-06-12,348.894320,353.013644,346.670289,351.166718,2921900,Yahoo Finance
2025-06-13,348.111093,350.808962,341.148859,342.947449,3364400,Yahoo Finance
2025-06-16,344.127087,345.316447,340.278515,341.883698,3688600,Yahoo Finance
2025-06-17,340.317242,342.589639,335.936845,337.261597,4230100,Yahoo Finance
2025-06-18,338.518659,339.311586,334.380007,335.569397,4453900,Yahoo Finance
2025-06-20,336.014191,339.611340,335.366334,338.073853,8056500,Yahoo Finance
2025-06-23,338.412301,345.277830,337.010175,345.171448,3862400,Yahoo Finance
2025-06-24,344.891055,349.764589,344.030433,348.517212,4089600,Yahoo Finance
2025-06-25,347.260135,351.592194,346.505895,349.909637,4159600,Yahoo Finance
2025-06-26,351.224732,353.168361,348.691261,351.495483,3187900,Yahoo Finance
2025-06-27,351.601851,357.925878,351.012011,356.562439,5503700,Yahoo Finance
2025-06-30,357.084629,358.699491,352.675224,354.531830,4600700,Yahoo Finance
2025-07-01,352.307728,367.150803,350.963648,360.836456,5152600,Yahoo Finance
2025-07-02,361.310246,361.619685,357.171593,359.569702,3011400,Yahoo Finance
2025-07-03,359.531046,360.855797,356.165962,359.405334,2573600,Yahoo Finance
2025-07-07,358.747802,360.478696,352.684878,355.498779,3433100,Yahoo Finance
2025-07-08,353.932239,358.167595,353.052288,355.363373,2531700,Yahoo Finance
2025-07-09,355.373047,358.815477,352.742874,358.786469,3384200,Yahoo Finance
2025-07-10,356.813881,365.458642,356.340072,360.971863,3701700,Yahoo Finance
2025-07-11,358.128943,359.521390,354.986273,357.848541,3068900,Yahoo Finance
2025-07-14,358.244952,359.028199,354.348043,357.887146,2481100,Yahoo Finance
2025-07-15,357.761485,358.506045,346.679928,346.795990,3868700,Yahoo Finance
2025-07-16,347.975675,349.029703,340.820064,345.596924,4259800,Yahoo Finance
2025-07-17,344.765362,348.420527,342.947444,347.182800,3128900,Yahoo Finance
2025-07-18,348.091746,348.691266,345.181141,347.530884,3361600,Yahoo Finance
2025-07-21,348.807244,353.700136,347.956302,352.017609,3503900,Yahoo Finance
2025-07-22,352.443130,359.908180,351.708219,358.757477,3095400,Yahoo Finance
2025-07-23,359.424683,365.400583,359.279614,363.921112,3238000,Yahoo Finance
2025-07-24,363.079822,365.400557,359.966161,360.768738,3088000,Yahoo Finance
2025-07-25,362.286952,363.573017,360.730107,362.944489,2221000,Yahoo Finance
2025-07-28,361.397301,368.494895,360.662420,364.772064,4062800,Yahoo Finance
2025-07-29,364.549619,367.189472,362.393254,364.878387,2931600,Yahoo Finance
2025-07-30,365.207181,366.029116,357.423043,359.792114,3110700,Yahoo Finance
2025-07-31,356.978229,360.498003,354.725161,355.373047,3091600,Yahoo Finance
2025-08-01,355.672815,362.422283,353.671169,361.319946,3008200,Yahoo Finance
2025-08-04,362.461008,369.287851,361.348992,368.243530,2844300,Yahoo Finance
2025-08-05,369.249136,374.161386,368.378864,372.681915,2931400,Yahoo Finance
2025-08-06,373.329808,376.085694,371.821329,374.026031,2812800,Yahoo Finance
2025-08-07,375.785911,378.522468,370.699612,373.416840,2433000,Yahoo Finance
2025-08-08,374.296731,376.433767,373.445818,375.041321,2326700,Yahoo Finance
2025-08-11,377.101004,378.590125,370.641587,374.731903,2605800,Yahoo Finance
2025-08-12,378.493447,383.289635,376.153354,382.922180,2911300,Yahoo Finance
2025-08-13,386.296869,394.351788,385.581317,393.732910,5187500,Yahoo Finance
2025-08-14,387.950461,390.280845,386.171200,387.099518,3600200,Yahoo Finance
2025-08-15,388.927079,389.487941,382.370988,386.190552,3841400,Yahoo Finance
2025-08-18,383.473370,384.991528,379.547453,381.665131,4407100,Yahoo Finance
2025-08-19,387.776390,400.675836,387.776390,393.752319,7629300,Yahoo Finance
2025-08-20,396.150380,397.591193,388.404929,388.472595,4195300,Yahoo Finance
2025-08-21,386.703047,391.073764,383.086569,384.566040,2942600,Yahoo Finance
2025-08-22,387.631357,400.811234,385.155903,399.157715,5284700,Yahoo Finance
2025-08-25,396.807924,397.494498,394.090726,395.396149,3579500,Yahoo Finance
2025-08-26,394.525855,395.531517,391.344499,394.081055,3180900,Yahoo Finance
2025-08-27,395.289789,398.094011,393.752302,394.757935,2487800,Yahoo Finance
2025-08-28,393.558959,395.444573,391.441281,393.994110,4051600,Yahoo Finance
2025-08-29,394.264835,395.396179,392.011766,393.336517,2210300,Yahoo Finance
2025-09-02,390.348574,395.096426,389.449294,392.891724,3328600,Yahoo Finance
2025-09-03,391.566942,395.512188,390.242191,394.245453,3025100,Yahoo Finance
2025-09-04,397.260120,401.840403,395.986198,400.352539,3873100,Yahoo Finance
2025-09-05,405.117574,408.822648,402.618342,407.412598,5855600,Yahoo Finance
2025-09-08,406.974989,408.997695,404.300721,408.375336,3742600,Yahoo Finance
2025-09-09,406.605449,407.188931,401.383337,403.902008,3516000,Yahoo Finance
2025-09-10,404.077012,405.934416,400.401110,401.850098,2897800,Yahoo Finance
2025-09-11,404.252090,413.509909,402.842010,411.759491,5316400,Yahoo Finance
2025-09-12,408.696192,411.846986,407.344486,411.049561,5004200,Yahoo Finance
2025-09-15,410.835680,411.642810,406.245662,411.069061,4884700,Yahoo Finance
2025-09-16,412.080399,412.838917,408.521187,409.843750,3726700,Yahoo Finance
2025-09-17,412.751379,414.997761,404.359035,405.516266,4771700,Yahoo Finance
2025-09-18,406.051143,409.785420,404.407681,405.983093,3677200,Yahoo Finance
2025-09-19,405.876068,407.052737,403.668592,404.242340,6718400,Yahoo Finance
2025-09-22,402.705870,403.454685,399.807955,400.653992,2656300,Yahoo Finance
2025-09-23,400.653973,402.336342,396.238991,399.593994,2597000,Yahoo Finance
2025-09-24,395.587467,399.341153,393.856487,398.485382,3220700,Yahoo Finance
2025-09-25,395.451353,399.545406,394.439985,396.229340,2554300,Yahoo Finance
2025-09-26,396.919727,400.080226,394.663610,398.796570,2316600,Yahoo Finance
2025-09-29,398.757667,399.632905,392.728425,395.597168,3008400,Yahoo Finance
2025-09-30,395.431840,395.791646,392.368594,394.031494,3211600,Yahoo Finance
2025-10-01,393.253581,393.973193,384.423617,386.086517,3787800,Yahoo Finance
2025-10-02,384.608393,386.436625,382.945493,384.131897,2964700,Yahoo Finance
2025-10-03,383.276099,386.378253,381.817408,384.180481,2951300,Yahoo Finance
2025-10-06,383.635883,383.635883,375.097676,378.608246,3653700,Yahoo Finance
2025-10-07,378.725027,379.016753,374.893527,376.157715,2505700,Yahoo Finance
2025-10-08,375.817310,375.817310,372.433165,373.220856,2517600,Yahoo Finance
2025-10-09,372.355363,373.775148,367.065172,367.288849,3321400,Yahoo Finance
2025-10-10,369.788061,369.788061,364.458964,365.402252,2992400,Yahoo Finance
2025-10-13,368.630850,371.781615,366.802619,368.922577,2925900,Yahoo Finance
2025-10-14,368.436346,378.180426,367.600044,377.042633,4399900,Yahoo Finance
2025-10-15,378.511040,383.509474,376.079887,377.606628,3690100,Yahoo Finance
2025-10-16,378.929186,379.259819,373.395880,376.721710,2783700,Yahoo Finance
2025-10-17,377.801151,382.284183,376.536964,381.107513,2657700,Yahoo Finance
2025-10-20,380.631011,382.352257,377.402433,378.180420,2761100,Yahoo Finance
2025-10-21,376.887054,382.789901,375.233858,380.135071,2306900,Yahoo Finance
2025-10-22,380.475389,382.225807,377.480222,378.258179,2857000,Yahoo Finance
2025-10-23,376.468871,378.015081,370.799406,374.426697,2767300,Yahoo Finance
2025-10-24,378.968102,378.968102,375.049084,376.031250,2426800,Yahoo Finance
2025-10-27,377.023168,378.569377,372.355337,374.660065,3065800,Yahoo Finance
2025-10-28,373.833532,379.269586,372.287292,375.126892,2372800,Yahoo Finance
2025-10-29,372.452579,374.397501,364.867395,367.629181,3852300,Yahoo Finance
2025-10-30,367.308270,374.105794,365.752327,369.097595,2384300,Yahoo Finance
2025-10-31,366.578928,370.449334,364.682646,369.136505,2643500,Yahoo Finance
2025-11-03,366.627570,368.057089,363.389258,367.930664,2897600,Yahoo Finance
2025-11-04,366.958182,373.113848,366.374700,372.530365,2590000,Yahoo Finance
2025-11-05,372.248400,372.861055,360.326017,363.544861,4763000,Yahoo Finance
2025-11-06,361.580518,362.397382,357.428090,358.906250,3622100,Yahoo Finance
2025-11-07,358.828402,363.360074,357.447524,360.890015,2766400,Yahoo Finance
2025-11-10,359.606400,360.452437,353.441000,360.228760,3257900,Yahoo Finance
2025-11-11,361.745770,365.645348,360.695525,363.933807,2407300,Yahoo Finance
2025-11-12,361.813897,363.272589,358.847902,360.909515,3375800,Yahoo Finance
2025-11-13,361.424909,363.233672,356.523696,357.933777,3034800,Yahoo Finance
2025-11-14,355.833236,357.214114,349.891483,352.380981,3413300,Yahoo Finance
2025-11-17,351.184893,353.761909,346.293415,348.170258,5127200,Yahoo Finance
2025-11-18,330.617359,339.194444,326.756687,327.213745,10168500,Yahoo Finance
2025-11-19,331.580063,332.338582,322.244431,325.288239,7595000,Yahoo Finance
2025-11-20,327.097031,329.567090,322.983539,323.226654,4025300,Yahoo Finance
2025-11-21,325.356351,337.366253,323.829580,333.865387,7441300,Yahoo Finance
2025-11-24,332.776231,334.244627,327.281801,327.310974,6132900,Yahoo Finance
2025-11-25,329.664304,343.278759,329.518441,341.401917,6316600,Yahoo Finance
2025-11-26,340.614272,347.489550,339.388961,345.680786,4517300,Yahoo Finance
2025-11-28,345.155633,347.975764,343.765021,347.090851,2119600,Yahoo Finance
2025-12-01,344.299831,352.312930,343.162068,347.489502,5107100,Yahoo Finance
2025-12-02,347.003305,347.654867,341.625596,344.280426,3965300,Yahoo Finance
2025-12-03,344.737493,350.543087,344.008147,348.053589,4166700,Yahoo Finance
2025-12-04,348.719115,349.913192,342.562765,343.707916,4022800,Yahoo Finance
2025-12-05,343.198984,348.063377,342.102788,347.074829,5959200,Yahoo Finance
2025-12-08,344.471330,344.608340,338.354138,342.474670,7273000,Yahoo Finance
2025-12-09,340.370368,349.091040,337.629848,337.933258,5063100,Yahoo Finance
2025-12-10,336.788145,344.539835,336.690264,343.668762,6316100,Yahoo Finance
2025-12-11,348.435290,355.012497,346.419066,349.864258,6609800,Yahoo Finance
2025-12-12,351.626024,353.094150,348.484212,352.007721,3861200,Yahoo Finance
2025-12-15,351.753231,354.963532,348.063322,349.404205,4387400,Yahoo Finance
2025-12-16,349.316151,351.117049,344.334313,345.185822,3497200,Yahoo Finance
2025-12-17,344.490914,349.903405,343.521961,349.169342,3875200,Yahoo Finance
2025-12-18,355.815084,358.516416,347.025891,347.446747,4805200,Yahoo Finance
2025-12-19,346.585411,346.585411,337.590719,337.669006,12825600,Yahoo Finance
2025-12-22,337.972412,340.507373,336.396638,339.029480,3523700,Yahoo Finance
2025-12-23,336.690289,340.115917,334.674065,337.639679,3873400,Yahoo Finance
2025-12-24,337.023007,340.859723,336.592354,339.959259,1368600,Yahoo Finance
2025-12-26,339.616750,342.611725,339.205691,342.347473,1786900,Yahoo Finance
2025-12-29,342.562758,342.875965,337.424317,340.066956,3790000,Yahoo Finance
2025-12-30,338.677149,339.606974,336.416237,338.990356,2392600,Yahoo Finance
2025-12-31,338.158392,339.342672,336.660905,336.788147,2317500,Yahoo Finance
2026-01-02,336.132360,341.084836,333.675715,338.471588,3763000,Yahoo Finance
2026-01-05,335.417903,339.969088,333.998702,336.778351,4725300,Yahoo Finance
2026-01-06,334.243382,343.228307,330.533908,341.867859,4680300,Yahoo Finance
2026-01-07,345.831814,350.882171,341.613400,341.642761,4442700,Yahoo Finance
2026-01-08,337.972419,355.521412,336.788138,351.919617,5196500,Yahoo Finance
2026-01-09,355.775901,367.511113,353.632435,366.679199,7093500,Yahoo Finance
2026-01-12,366.679226,368.421401,361.403745,366.972839,5859800,Yahoo Finance
2026-01-13,367.883046,372.101460,362.940367,371.670807,4785800,Yahoo Finance
2026-01-14,368.685631,372.013377,366.023427,367.961365,4959900,Yahoo Finance
2026-01-15,368.029858,372.101464,366.503009,371.103149,2990100,Yahoo Finance
2026-01-16,371.191241,374.636434,369.488225,372.091705,3709000,Yahoo Finance
2026-01-20,364.330181,369.321816,363.410153,367.139191,5353700,Yahoo Finance
2026-01-21,367.814522,377.719505,366.718326,376.466705,5169800,Yahoo Finance
2026-01-22,378.238253,382.300063,372.444035,372.933411,4828100,Yahoo Finance
2026-01-23,373.393420,376.202430,371.152072,375.615173,3138300,Yahoo Finance
2026-01-26,376.819041,379.187631,373.833863,378.316528,3984800,Yahoo Finance
2026-01-27,376.770111,378.287162,370.232033,372.277618,3466100,Yahoo Finance
2026-01-28,372.130804,372.904025,365.710202,367.325134,3371500,Yahoo Finance
2026-01-29,366.933669,369.077135,362.284602,363.909332,4744500,Yahoo Finance
2026-01-30,364.496549,367.148955,360.718556,366.630219,3755600,Yahoo Finance
2026-02-02,366.287678,371.582723,360.415173,370.085236,4757200,Yahoo Finance
2026-02-03,369.272885,383.454974,368.989038,373.001923,5684400,Yahoo Finance
2026-02-04,376.417765,382.231548,376.192642,378.972321,5574700,Yahoo Finance
2026-02-05,378.463348,378.776555,372.737650,374.244934,3759700,Yahoo Finance
2026-02-06,373.236813,378.159928,371.044421,376.965851,4685400,Yahoo Finance
2026-02-09,376.192641,377.582480,370.163562,372.904053,3639300,Yahoo Finance
2026-02-10,375.654335,383.415821,373.824076,381.399597,3160800,Yahoo Finance
2026-02-11,376.819060,383.102653,373.961094,382.378357,3229900,Yahoo Finance
2026-02-12,385.187358,389.180678,380.734054,381.928131,3702200,Yahoo Finance
2026-02-13,381.908595,385.627836,378.874461,382.740509,2875900,Yahoo Finance
2026-02-17,383.895449,385.627827,372.414691,374.900726,3485300,Yahoo Finance
2026-02-18,374.616856,376.936491,371.475074,375.370483,2982600,Yahoo Finance
2026-02-19,375.585788,375.585788,369.370745,370.535431,2930900,Yahoo Finance
2026-02-20,369.429510,376.642899,367.961384,374.127502,3984100,Yahoo Finance
2026-02-23,372.894251,375.977340,361.726701,368.979248,5495700,Yahoo Finance
2026-02-24,380.841711,385.970385,374.088336,376.310120,5675800,Yahoo Finance
2026-02-25,372.972576,373.334709,363.478682,367.589447,5036900,Yahoo Finance
2026-02-26,370.359292,373.373861,366.972822,367.119629,2889400,Yahoo Finance
2026-02-27,365.915759,374.068770,364.428068,372.630005,4819500,Yahoo Finance
2026-03-02,367.031572,367.139220,361.159066,362.930603,4537600,Yahoo Finance
2026-03-03,356.001013,360.943692,352.467707,359.123230,3964700,Yahoo Finance
2026-03-04,358.418555,361.716940,353.828211,361.266693,4324400,Yahoo Finance
2026-03-05,358.340224,359.181965,351.567285,353.994568,4752200,Yahoo Finance
2026-03-06,349.942554,351.811971,345.714343,350.314484,4167400,Yahoo Finance
2026-03-09,348.043748,348.914821,338.295400,346.047089,4224500,Yahoo Finance
2026-03-10,345.538200,353.955464,343.561105,349.560852,3986000,Yahoo Finance
2026-03-11,347.906773,348.748514,341.691699,343.384949,3197100,Yahoo Finance
2026-03-12,340.951228,343.542557,333.719172,333.945770,3893600,Yahoo Finance
2026-03-13,336.665198,338.369768,333.059017,334.044312,2531900,Yahoo Finance
2026-03-16,337.404189,340.163001,335.640503,337.542114,3194400,Yahoo Finance
2026-03-17,339.818167,341.680358,335.926243,336.409027,3075900,Yahoo Finance
2026-03-18,333.620667,334.803002,325.285085,326.063446,3592200,Yahoo Finance
2026-03-19,324.122424,325.373767,319.856113,323.383453,3845400,Yahoo Finance
2026-03-20,322.930202,325.373743,315.550358,316.033142,9672200,Yahoo Finance
2026-03-23,327.107842,329.797706,323.383430,326.033875,5806300,Yahoo Finance
2026-03-24,321.107428,327.630072,318.269775,326.043762,4566400,Yahoo Finance
2026-03-25,330.073582,332.231379,322.181365,327.620209,4397800,Yahoo Finance
2026-03-26,326.565935,329.206516,321.787251,323.600189,3448400,Yahoo Finance
2026-03-27,322.683900,322.723320,316.023300,316.919922,3977400,Yahoo Finance
2026-03-30,320.930061,323.166668,317.836222,318.742706,4066000,Yahoo Finance
2026-03-31,323.659325,326.565955,318.654043,324.053467,5749100,Yahoo Finance
2026-04-01,324.526415,328.191711,322.989358,324.713623,3386200,Yahoo Finance
2026-04-02,318.841238,321.501515,313.973882,316.900208,3732300,Yahoo Finance
2026-04-06,314.998597,321.875932,314.230069,321.846375,2448300,Yahoo Finance
2026-04-07,318.250081,319.609792,310.673165,314.082275,4661600,Yahoo Finance
2026-04-08,328.359175,333.797988,327.364018,331.216522,4610600,Yahoo Finance
2026-04-09,326.388617,335.561705,323.619942,334.586243,3002000,Yahoo Finance
2026-04-10,336.024813,336.212021,330.871712,332.379211,3208300,Yahoo Finance
2026-04-13,330.605656,336.418887,327.048728,336.143005,3741200,Yahoo Finance
2026-04-14,335.985352,337.719479,333.364465,337.670197,2882500,Yahoo Finance
2026-04-15,336.822854,337.236661,331.669754,333.926086,3365200,Yahoo Finance
2026-04-16,334.990218,336.950975,331.738759,332.191986,2856700,Yahoo Finance
2026-04-17,337.798312,346.843307,337.798312,344.261841,4930400,Yahoo Finance
2026-04-20,343.217437,346.005837,338.566846,345.828461,3260900,Yahoo Finance
2026-04-21,347.739908,348.350786,337.926385,338.862427,3081000,Yahoo Finance
2026-04-22,338.891987,340.162995,332.950664,334.507416,2855800,Yahoo Finance
2026-04-23,334.507447,335.817876,331.925981,335.157745,2712400,Yahoo Finance
2026-04-24,332.911257,335.266095,329.758303,330.950531,3255900,Yahoo Finance
2026-04-27,329.561264,332.418612,327.255679,327.413300,3282900,Yahoo Finance
2026-04-28,329.531698,330.989914,322.545935,324.220947,4279300,Yahoo Finance
2026-04-29,320.870961,321.048307,314.358150,318.062866,4150000,Yahoo Finance
2026-04-30,317.501254,325.265379,317.501254,323.964783,4317900,Yahoo Finance
2026-05-01,325.245658,325.659465,318.604754,319.117126,3865300,Yahoo Finance
2026-05-04,317.343569,317.343569,307.668002,307.825653,6396100,Yahoo Finance
2026-05-05,308.801104,312.959047,305.835358,310.781555,6391400,Yahoo Finance
2026-05-06,317.225349,320.457113,314.653745,318.299316,5455900,Yahoo Finance
2026-05-07,320.230498,322.674008,317.688422,317.895355,4411700,Yahoo Finance
2026-05-08,317.934747,319.235343,312.141212,312.781677,4995500,Yahoo Finance
2026-05-11,311.845655,312.456533,305.155498,306.820648,4335700,Yahoo Finance
2026-05-12,308.623755,310.150949,304.564317,305.894470,4225700,Yahoo Finance
2026-05-13,303.086387,303.165227,294.869035,298.100800,6307800,Yahoo Finance
2026-05-14,300.573910,301.480394,296.987454,299.874359,5072600,Yahoo Finance
2026-05-15,295.893730,298.475197,292.514178,293.134918,6121500,Yahoo Finance
2026-05-18,294.849330,299.312712,292.927994,295.401093,6366100,Yahoo Finance
2026-05-19,287.577833,298.731372,284.848579,297.992401,8692500,Yahoo Finance
2026-05-20,296.632704,306.436395,292.307278,306.012695,5810900,Yahoo Finance
2026-05-21,301.854752,309.372553,299.903889,309.165649,4516600,Yahoo Finance
2026-05-22,309.875059,310.328286,306.879756,308.466095,2963800,Yahoo Finance
2026-05-26,310.426847,312.131418,304.416546,305.973328,6978200,Yahoo Finance
2026-05-27,310.121363,316.279452,309.884902,313.175781,5990100,Yahoo Finance
2026-05-28,312.781703,317.146550,310.525370,316.486389,6818900,Yahoo Finance
2026-05-29,315.767137,317.363309,312.338302,312.476257,6963300,Yahoo Finance
2026-06-01,310.495803,311.244636,303.165211,306.121094,4544200,Yahoo Finance
2026-06-02,305.421542,307.608896,304.032273,306.938873,4310000,Yahoo Finance
2026-06-03,303.411525,308.909454,302.603576,308.367554,4328300,Yahoo Finance
2026-06-04,315.504947,318.403599,305.856051,307.682617,4558600,Yahoo Finance
2026-06-05,308.556153,311.752599,306.372265,308.506531,3946300,Yahoo Finance
2026-06-08,306.620451,311.474664,304.823695,307.444366,4381800,Yahoo Finance
2026-06-09,309.072366,320.527955,308.000250,318.979340,4875300,Yahoo Finance
2026-06-10,320.905160,321.629830,316.467858,316.587006,4823800,Yahoo Finance
2026-06-11,319.932334,324.637649,316.219673,323.625122,4656600,Yahoo Finance
2026-06-12,326.096913,328.598467,322.910403,325.987732,3649000,Yahoo Finance
2026-06-15,331.318437,335.527410,327.129307,327.407257,4695000,Yahoo Finance
2026-06-16,329.481955,335.795415,327.337753,334.624054,5131500,Yahoo Finance
2026-06-17,333.551980,338.654363,323.783967,325.084381,6085400,Yahoo Finance
2026-06-18,329.273512,335.547256,328.479346,331.834625,10604400,Yahoo Finance
2026-06-22,327.585931,329.303286,323.952701,324.230652,4713600,Yahoo Finance
2026-06-23,321.500764,326.613084,319.346655,322.076538,4788000,Yahoo Finance
2026-06-24,326.712360,340.451112,325.312671,340.351837,6385000,Yahoo Finance
2026-06-25,339.746314,346.089583,339.319466,342.476196,6974100,Yahoo Finance
2026-06-26,345.354984,347.935970,343.319993,346.307953,7771700,Yahoo Finance
2026-06-29,346.307966,348.779772,343.012276,348.243713,5786500,Yahoo Finance
2026-06-30,348.124573,350.914015,344.759358,350.100006,4579000,Yahoo Finance
2026-07-01,351.390543,354.507557,348.273499,348.273499,4041300,Yahoo Finance
2026-07-02,350.258848,355.569717,345.106812,355.281830,3110500,Yahoo Finance
2026-07-06,355.202432,356.224896,343.270343,348.084869,4460800,Yahoo Finance
2026-07-07,352.462612,352.819994,341.960021,342.684662,3592800,Yahoo Finance
2026-07-08,335.517466,335.517466,328.241101,333.750488,4192300,Yahoo Finance
2026-07-09,335.289170,338.237444,333.154874,336.252075,2780800,Yahoo Finance
2026-07-10,337.066068,341.880594,335.428144,340.788635,2748000,Yahoo Finance
2026-07-13,341.483533,342.585398,332.976218,334.643921,3650400,Yahoo Finance
2026-07-14,337.036295,339.249993,334.107894,335.269318,2807300,Yahoo Finance
2026-07-15,336.510171,343.717072,334.792846,338.942261,3953100,Yahoo Finance
2026-07-16,339.051420,348.243689,338.148104,345.474091,3810300,Yahoo Finance
2026-07-17,346.377458,351.390533,335.616759,336.391052,4434000,Yahoo Finance
2026-07-20,337.482996,337.711324,328.985618,330.603699,4125300,Yahoo Finance
2026-07-21,328.876401,330.563977,324.607870,329.174225,3112600,Yahoo Finance
2026-07-22,331.090100,334.097933,328.290722,329.025330,2907700,Yahoo Finance
2026-07-23,322.920306,325.828895,320.686765,322.334625,4523100,Yahoo Finance
2026-07-24,322.692019,331.020628,320.865483,330.544159,3874500,Yahoo Finance
2026-07-27,336.907256,339.388967,332.896801,333.631378,3622400,Yahoo Finance
2026-07-28,340.133474,346.873780,340.093758,341.950073,4308000,Yahoo Finance
2026-07-29,337.890021,342.744234,334.495026,335.795441,4028500,Yahoo Finance
2026-07-30,332.539425,333.234316,327.834109,330.911438,6275400,Yahoo Finance
2026-07-31,330.008085,331.556671,326.394699,329.531586,4961900,Yahoo Finance
2026-08-03,337.314231,341.126167,331.278722,337.532623,2908100,Yahoo Finance
2026-08-04,337.741121,348.293334,336.867554,345.692505,4275000,Yahoo Finance
2026-08-05,347.598460,351.956330,345.603154,350.556671,3140400,Yahoo Finance
2026-08-06,350.914031,350.963653,344.967859,346.963135,2622400,Yahoo Finance
2026-08-07,348.938605,354.219664,346.188849,353.018524,3584800,Yahoo Finance
2026-08-10,349.524279,351.410374,344.521140,348.213928,3124800,Yahoo Finance
2026-08-11,349.712889,355.738462,348.035250,351.886871,2549700,Yahoo Finance
2026-08-12,349.425009,351.281325,340.520626,340.917694,3965800,Yahoo Finance
2026-08-13,344.461564,345.206078,338.019051,339.200348,2439900,Yahoo Finance
2026-08-14,338.316851,338.316851,333.551977,336.381104,3073100,Yahoo Finance
2026-08-17,332.261471,336.956880,330.454808,335.408295,5580000,Yahoo Finance
2026-08-18,334.316351,342.019594,328.270905,335.021149,6603400,Yahoo Finance
2026-08-19,338.922405,347.836693,338.922405,341.781311,4971000,Yahoo Finance
2026-08-20,333.542054,336.400991,329.164311,332.043091,4027700,Yahoo Finance
2026-08-21,334.058223,336.103151,330.563984,333.154877,3422800,Yahoo Finance
2026-08-24,333.422929,339.716546,332.708195,334.961578,3298600,Yahoo Finance
2026-08-25,336.887385,337.006502,331.258880,335.408295,2528100,Yahoo Finance
2026-08-26,336.946934,336.956870,332.062943,332.400452,4258100,Yahoo Finance
2026-08-27,328.151769,329.581237,325.481445,326.206085,3618000,Yahoo Finance
2026-08-28,328.082266,329.184131,325.104212,327.774536,3136100,Yahoo Finance
2026-08-31,325.838798,326.841419,323.367022,325.431793,3858700,Yahoo Finance
2026-09-01,323.625128,324.439107,316.467850,317.430756,3291000,Yahoo Finance
2026-09-02,319.148110,319.813222,315.385827,316.179993,3499300,Yahoo Finance
2026-09-03,318.209991,320.440002,315.209991,318.070007,3377700,Yahoo Finance
2026-09-04,316.700012,321.799988,316.100006,321.049988,2261000,Yahoo Finance
2026-09-08,320.730011,321.500000,313.239990,313.700012,5655700,Yahoo Finance
2026-09-09,310.470001,313.390015,309.839996,310.450012,3611700,Yahoo Finance
2026-09-10,308.130005,308.279999,304.299988,305.690002,4493800,Yahoo Finance
2026-09-11,309.089996,311.209991,307.899994,308.739990,3488800,Yahoo Finance
2026-09-14,307.170013,312.670013,306.500000,310.869995,4178400,Yahoo Finance
2026-09-15,310.600006,311.130005,304.320007,305.480011,4494200,Yahoo Finance
2026-09-16,307.489990,308.799988,302.470001,302.470001,3720400,Yahoo Finance
2026-09-17,307.010010,310.399994,302.500000,302.510010,4152600,Yahoo Finance
2026-09-18,298.679993,302.250000,298.250000,299.980011,8191600,Yahoo Finance
2026-09-21,301.000000,301.739990,295.390015,297.200012,5434300,Yahoo Finance
2026-09-22,302.089996,306.309998,300.179993,305.350006,5456100,Yahoo Finance
2026-09-23,303.429993,304.130005,296.670013,296.720001,4684900,Yahoo Finance
2026-09-24,296.000000,299.100006,291.070007,292.179993,7053800,Yahoo Finance
2026-09-25,292.690002,297.140015,291.399994,293.200012,5968600,Yahoo Finance
2026-09-28,290.269989,293.910004,289.309998,289.890015,5415600,Yahoo Finance
2026-09-29,290.910004,291.829987,287.339996,288.040009,6009200,Yahoo Finance
2026-09-30,290.399994,290.540009,284.010010,284.489990,5766600,Yahoo Finance
