date,open,high,low,close,volume,source
2000-01-03,19.415882,19.504307,19.011647,19.074808,2599386,Yahoo Finance
2000-01-04,18.771632,19.163235,18.316870,18.316870,3245705,Yahoo Finance
2000-01-05,18.417938,19.453787,18.417938,18.847437,4424482,Yahoo Finance
2000-01-06,19.062183,20.717017,19.062183,20.363312,7147057,Yahoo Finance
2000-01-07,20.439099,20.982290,20.199086,20.767540,4905035,Yahoo Finance
2000-01-10,20.300156,20.919139,20.211728,20.666492,4621105,Yahoo Finance
2000-01-11,20.363308,20.717013,20.312778,20.312778,2819690,Yahoo Finance
2000-01-12,20.603327,20.944399,20.363312,20.363312,3430606,Yahoo Finance
2000-01-13,20.477004,20.590694,20.287518,20.363312,2684302,Yahoo Finance
2000-01-14,20.363308,20.401206,19.996971,20.072765,3039993,Yahoo Finance
2000-01-18,19.655897,20.060130,19.630630,19.630630,2529301,Yahoo Finance
2000-01-19,19.756950,20.199083,19.756950,19.971701,3143327,Yahoo Finance
2000-01-20,20.022232,20.085393,19.100071,19.226397,3713102,Yahoo Finance
2000-01-21,19.251666,19.516946,19.112711,19.188505,5372193,Yahoo Finance
2000-01-24,19.365361,19.365361,18.518996,18.746378,3553316,Yahoo Finance
2000-01-25,19.175874,19.175874,18.241082,18.468464,4414675,Yahoo Finance
2000-01-26,19.377994,19.706434,19.264302,19.466419,8396877,Yahoo Finance
2000-01-27,19.643267,19.870649,19.415885,19.453781,3486101,Yahoo Finance
2000-01-28,19.352732,19.365365,18.645323,18.645323,4481890,Yahoo Finance
2000-01-31,18.645316,19.681165,18.607418,18.923225,3926229,Yahoo Finance
2000-02-01,19.074806,19.441144,18.948485,19.024277,3160071,Yahoo Finance
2000-02-02,18.834801,18.999023,18.594786,18.695847,3497343,Yahoo Finance
2000-02-03,18.582153,18.620051,18.190552,18.531624,4210638,Yahoo Finance
2000-02-04,18.582146,18.683204,18.001059,18.001059,3938906,Yahoo Finance
2000-02-07,18.038966,18.064229,17.508408,17.710526,4706738,Yahoo Finance
2000-02-08,17.710519,18.228443,17.672621,17.723150,3449264,Yahoo Finance
2000-02-09,17.912643,17.988437,17.685261,17.710526,3110078,Yahoo Finance
2000-02-10,17.634721,17.634721,17.243118,17.382074,4807920,Yahoo Finance
2000-02-11,17.255758,17.483140,16.434655,16.763096,5371954,Yahoo Finance
2000-02-14,16.826252,17.129427,16.649399,16.750458,4014254,Yahoo Finance
2000-02-15,16.927325,18.304249,16.876796,18.013706,4468256,Yahoo Finance
2000-02-16,17.862109,18.266344,17.697888,17.849476,3087833,Yahoo Finance
2000-02-17,17.988434,18.569521,17.975801,18.114756,4072858,Yahoo Finance
2000-02-18,18.165288,18.329508,17.457878,17.697891,3425583,Yahoo Finance
2000-02-22,17.735790,18.278979,17.483143,18.215818,3449982,Yahoo Finance
2000-02-23,18.588078,19.109357,18.473650,18.778790,5335117,Yahoo Finance
2000-02-24,18.689797,18.740654,18.219372,18.511797,4545039,Yahoo Finance
2000-02-25,17.926955,18.168523,17.329389,17.443817,4338131,Yahoo Finance
2000-02-28,17.685379,18.079519,17.291241,17.583666,3679614,Yahoo Finance
2000-02-29,17.354814,18.143091,17.214959,17.939665,3307418,Yahoo Finance
2000-03-01,17.736235,17.850664,17.303954,17.520096,3458354,Yahoo Finance
2000-03-02,17.520100,17.850668,17.431100,17.507385,2614456,Yahoo Finance
2000-03-03,17.850669,19.249224,17.799812,18.206665,5478876,Yahoo Finance
2000-03-06,18.168519,18.562657,17.748953,17.748953,2454910,Yahoo Finance
2000-03-07,17.952376,18.079517,16.680961,16.833530,6213938,Yahoo Finance
2000-03-08,16.858957,17.138668,16.477533,16.795385,5613067,Yahoo Finance
2000-03-09,16.439400,16.668255,16.375830,16.464828,3896807,Yahoo Finance
2000-03-10,16.401247,16.820812,16.350390,16.579245,6878914,Yahoo Finance
2000-03-13,16.070683,16.375822,16.019826,16.070683,4530209,Yahoo Finance
2000-03-14,16.108828,16.274113,15.981689,16.096115,3775294,Yahoo Finance
2000-03-15,15.905399,17.036960,15.905399,16.782677,5071040,Yahoo Finance
2000-03-16,17.240389,18.155808,17.075104,17.914238,5746541,Yahoo Finance
2000-03-17,17.685378,18.143087,17.469238,17.469238,4865567,Yahoo Finance
2000-03-20,17.481956,17.863380,17.367529,17.698097,3262210,Yahoo Finance
2000-03-21,17.659954,18.613515,17.609098,18.397375,4577810,Yahoo Finance
2000-03-22,18.104934,18.181217,17.291229,17.494656,5268141,Yahoo Finance
2000-03-23,17.240388,17.748954,17.240388,17.698097,5946512,Yahoo Finance
2000-03-24,18.308363,18.969498,18.244791,18.486361,7086300,Yahoo Finance
2000-03-27,18.499088,18.702515,17.926952,18.028666,3892023,Yahoo Finance
2000-03-28,17.901515,18.422795,17.825231,18.079514,2927808,Yahoo Finance
2000-03-29,18.104947,18.104947,17.774379,17.825235,3923837,Yahoo Finance
2000-03-30,17.914246,18.664381,17.825248,18.104959,3774337,Yahoo Finance
2000-03-31,18.384663,18.715229,18.015951,18.015951,2941203,Yahoo Finance
2000-04-03,18.181230,18.791512,18.155804,18.689798,3434194,Yahoo Finance
2000-04-04,18.715224,19.439932,18.206660,18.905937,5789836,Yahoo Finance
2000-04-05,18.893226,19.287366,18.524516,18.537231,3439457,Yahoo Finance
2000-04-06,18.575377,19.300085,18.575377,18.994944,2100654,Yahoo Finance
2000-04-07,19.045798,19.350939,18.638947,18.638947,2991435,Yahoo Finance
2000-04-10,18.689792,19.300071,18.664362,18.867790,2524278,Yahoo Finance
2000-04-11,18.867796,19.745071,18.867796,19.414503,3530831,Yahoo Finance
2000-04-12,19.795931,19.999358,19.249222,19.249222,2935702,Yahoo Finance
2000-04-13,19.249220,19.605217,18.664369,19.274649,4966031,Yahoo Finance
2000-04-14,19.134784,19.185640,17.965082,18.473648,7345354,Yahoo Finance
2000-04-17,18.143091,18.422802,17.914236,18.282948,3460746,Yahoo Finance
2000-04-18,18.333804,18.333804,17.901523,18.282948,2893363,Yahoo Finance
2000-04-19,18.232090,18.689802,18.130379,18.397375,1991579,Yahoo Finance
2000-04-20,18.397373,18.778798,18.308375,18.766085,2372625,Yahoo Finance
2000-04-24,18.562660,19.859504,18.562660,19.808647,4255607,Yahoo Finance
2000-04-25,19.554359,19.592503,18.003235,19.083937,10816863,Yahoo Finance
2000-04-26,19.020372,19.020372,17.774385,18.092237,8320094,Yahoo Finance
2000-04-27,18.003230,18.282941,17.354807,17.787088,5782899,Yahoo Finance
2000-04-28,17.787088,17.812516,17.494664,17.621805,3524612,Yahoo Finance
2000-05-01,17.634524,18.015949,17.303956,17.685381,4157774,Yahoo Finance
2000-05-02,17.494670,17.812522,17.418385,17.685381,2941203,Yahoo Finance
2000-05-03,17.685379,17.952377,17.354811,17.456524,2924459,Yahoo Finance
2000-05-04,17.532815,17.837955,17.240390,17.380245,3308375,Yahoo Finance
2000-05-05,17.329380,17.748948,17.253095,17.634520,2842174,Yahoo Finance
2000-05-08,17.850665,17.850665,17.392956,17.761665,2104960,Yahoo Finance
2000-05-09,17.698082,17.876080,17.392942,17.494656,2331243,Yahoo Finance
2000-05-10,17.545534,17.596391,17.253107,17.481962,2390086,Yahoo Finance
2000-05-11,17.558247,17.672675,17.405677,17.481962,2807490,Yahoo Finance
2000-05-12,17.342095,17.494665,17.189525,17.265810,2198726,Yahoo Finance
2000-05-15,17.367536,17.685389,17.354821,17.481962,3151460,Yahoo Finance
2000-05-16,17.532811,18.575372,17.405670,18.321089,4845474,Yahoo Finance
2000-05-17,18.094335,18.247893,17.940776,18.017555,2622828,Yahoo Finance
2000-05-18,18.055949,18.145526,17.812815,17.825611,1913122,Yahoo Finance
2000-05-19,17.646459,17.736036,17.147394,17.300953,3288282,Yahoo Finance
2000-05-22,17.352139,17.480105,17.070615,17.236969,3072046,Yahoo Finance
2000-05-23,17.236961,17.339333,17.045013,17.224165,1827966,Yahoo Finance
2000-05-24,17.403323,18.171116,17.403323,18.055946,3876236,Yahoo Finance
2000-05-25,17.876785,18.068735,17.198569,17.390516,3005309,Yahoo Finance
2000-05-26,17.441716,17.684851,17.198582,17.198582,2134382,Yahoo Finance
2000-05-30,17.326543,17.723235,17.288152,17.428915,1881547,Yahoo Finance
2000-05-31,17.633660,17.876794,17.556881,17.556881,2555852,Yahoo Finance
2000-06-01,17.620865,17.620865,17.275359,17.377731,2432664,Yahoo Finance
2000-06-02,17.710431,17.761617,17.198569,17.262550,3984594,Yahoo Finance
2000-06-05,17.326536,17.416111,17.224164,17.416111,3234702,Yahoo Finance
2000-06-06,17.403315,17.403315,16.801875,16.853062,3754483,Yahoo Finance
2000-06-07,16.853058,17.032210,16.686704,16.737890,3799214,Yahoo Finance
2000-06-08,16.776279,16.789076,16.469162,16.737890,2969907,Yahoo Finance
2000-06-09,16.776295,16.827481,16.622736,16.776295,2566855,Yahoo Finance
2000-06-12,16.789083,17.160182,16.763490,16.782684,2417594,Yahoo Finance
2000-06-13,16.712304,17.057811,16.712304,16.763491,2572835,Yahoo Finance
2000-06-14,17.198580,17.390528,17.096208,17.236969,3287326,Yahoo Finance
2000-06-15,17.262549,17.889581,17.249753,17.697632,4988994,Yahoo Finance
2000-06-16,17.697641,17.697641,17.288151,17.288151,4595989,Yahoo Finance
2000-06-19,17.377725,17.505691,16.981031,17.096201,2898386,Yahoo Finance
2000-06-20,17.121795,17.403319,16.597135,16.827473,3348082,Yahoo Finance
2000-06-21,17.300943,17.710433,17.211366,17.659246,3914030,Yahoo Finance
2000-06-22,17.672045,17.966367,17.390521,17.620859,3346647,Yahoo Finance
2000-06-23,17.377728,17.377728,17.211371,17.288151,1889202,Yahoo Finance
2000-06-26,17.275350,17.595263,17.262552,17.505688,2660861,Yahoo Finance
2000-06-27,17.710434,17.991958,17.646450,17.736027,3675069,Yahoo Finance
2000-06-28,17.748827,17.787218,17.492896,17.624062,2524038,Yahoo Finance
2000-06-29,17.300940,17.774411,17.236956,17.518480,3053149,Yahoo Finance
2000-06-30,17.467302,17.608065,16.888257,16.993830,4309906,Yahoo Finance
2000-07-03,16.993824,17.275348,16.993824,17.211365,1948762,Yahoo Finance
2000-07-05,17.595267,18.299076,17.377726,18.119926,4048938,Yahoo Finance
2000-07-06,17.902376,18.043139,17.710429,17.723225,3056737,Yahoo Finance
2000-07-07,17.736030,17.966368,17.608064,17.633657,3168443,Yahoo Finance
2000-07-10,17.454508,17.940777,17.428914,17.851200,3126105,Yahoo Finance
2000-07-11,17.851203,18.414252,17.761628,18.209507,3819546,Yahoo Finance
2000-07-12,18.478235,18.542217,18.235099,18.439844,3735108,Yahoo Finance
2000-07-13,18.606200,18.606200,18.324675,18.337471,1988230,Yahoo Finance
2000-07-14,18.286279,18.286279,17.736027,17.991959,2701764,Yahoo Finance
2000-07-17,17.812810,17.915183,17.646454,17.863997,2238194,Yahoo Finance
2000-07-18,17.838403,18.132723,17.825606,18.017555,1796392,Yahoo Finance
2000-07-19,18.222300,18.235096,17.659252,17.710438,3706165,Yahoo Finance
2000-07-20,17.761624,17.787217,17.608065,17.710438,2663014,Yahoo Finance
2000-07-21,17.672042,17.684839,17.467297,17.684839,1705257,Yahoo Finance
2000-07-24,17.608065,18.503825,17.608065,18.235096,3097401,Yahoo Finance
2000-07-25,18.119924,18.363058,18.055940,18.081533,2408505,Yahoo Finance
2000-07-26,18.209506,18.721369,18.132727,18.132727,4736638,Yahoo Finance
2000-07-27,18.375864,18.503830,18.132728,18.222305,2475002,Yahoo Finance
2000-07-28,18.273486,18.759756,18.196707,18.631788,2864420,Yahoo Finance
2000-07-31,18.618996,18.695775,18.439844,18.439844,2679518,Yahoo Finance
2000-08-01,18.529410,18.670171,18.273479,18.299070,3242834,Yahoo Finance
2000-08-02,18.337474,18.555017,18.196713,18.478237,2396066,Yahoo Finance
2000-08-03,18.567808,18.618994,18.414249,18.414249,2503706,Yahoo Finance
2000-08-04,18.414233,18.567792,18.350249,18.427031,2431229,Yahoo Finance
2000-08-07,18.427032,18.618980,18.427032,18.606184,1905706,Yahoo Finance
2000-08-08,18.618996,18.874927,18.465437,18.708572,3423430,Yahoo Finance
2000-08-09,18.887725,19.130859,18.759760,18.938911,3756158,Yahoo Finance
2000-08-10,19.028486,19.553144,19.028486,19.425180,4618952,Yahoo Finance
2000-08-11,19.437969,19.949832,19.437969,19.809069,4381905,Yahoo Finance
2000-08-14,19.706698,19.706698,19.207633,19.591530,2741471,Yahoo Finance
2000-08-15,19.617128,19.629925,19.297215,19.425180,1950437,Yahoo Finance
2000-08-16,19.450772,19.450772,19.246028,19.361197,2237716,Yahoo Finance
2000-08-17,19.412384,19.578740,19.310011,19.501959,2066927,Yahoo Finance
2000-08-18,19.553142,19.553142,19.399583,19.476364,1809548,Yahoo Finance
2000-08-21,19.527546,19.617121,19.361190,19.437969,1264411,Yahoo Finance
2000-08-22,19.425181,19.860263,19.399586,19.719501,1792565,Yahoo Finance
2000-08-23,19.813219,19.941960,19.632982,19.761723,2089651,Yahoo Finance
2000-08-24,19.710240,19.748863,19.465631,19.530003,1981294,Yahoo Finance
2000-08-25,19.581494,19.723108,19.581494,19.723108,1881069,Yahoo Finance
2000-08-28,19.774596,20.070701,19.594360,19.594360,1923168,Yahoo Finance
2000-08-29,19.645858,19.697355,19.491367,19.491367,2273118,Yahoo Finance
2000-08-30,19.491365,19.594359,19.208137,19.233883,2134142,Yahoo Finance
2000-08-31,19.195268,19.684483,19.156647,19.159864,2503467,Yahoo Finance
2000-09-01,19.349759,19.478500,19.053656,19.053656,3832462,Yahoo Finance
2000-09-05,19.040780,19.130898,18.860543,19.002159,2716834,Yahoo Finance
2000-09-06,19.272508,19.761724,19.259635,19.388374,3274409,Yahoo Finance
2000-09-07,19.156641,19.208138,18.873411,18.873411,4580441,Yahoo Finance
2000-09-08,18.590180,18.821913,18.332698,18.525808,4457253,Yahoo Finance
2000-09-11,18.641683,18.654556,18.203964,18.319830,3146437,Yahoo Finance
2000-09-12,18.216838,18.474320,18.126720,18.139593,3034730,Yahoo Finance
2000-09-13,18.255463,18.525818,17.753372,17.817743,3162224,Yahoo Finance
2000-09-14,17.766244,17.804866,17.328525,17.508762,4721330,Yahoo Finance
2000-09-15,17.766239,17.766239,17.328520,17.534506,5743192,Yahoo Finance
2000-09-18,17.380023,17.431519,16.890807,17.135414,5047359,Yahoo Finance
2000-09-19,17.341391,17.444384,17.109657,17.277021,3953258,Yahoo Finance
2000-09-20,17.251273,17.444383,16.581820,16.839302,5405920,Yahoo Finance
2000-09-21,17.431512,18.088089,17.405763,17.804859,6960959,Yahoo Finance
2000-09-22,18.023726,18.435697,17.766244,18.178215,6090510,Yahoo Finance
2000-09-25,18.126716,18.551560,18.075219,18.538687,5135385,Yahoo Finance
2000-09-26,18.538688,18.744671,18.216834,18.512939,7015497,Yahoo Finance
2000-09-27,18.525808,18.796163,18.371319,18.525808,6065634,Yahoo Finance
2000-09-28,18.577306,19.246759,18.551558,18.873411,3953976,Yahoo Finance
2000-09-29,18.821909,19.233878,18.744662,18.770412,3896807,Yahoo Finance
2000-10-02,18.937773,19.092262,18.706039,18.886276,2982106,Yahoo Finance
2000-10-03,18.847662,19.555737,18.847662,19.362627,3482274,Yahoo Finance
2000-10-04,19.221012,19.774597,19.221012,19.671604,4838777,Yahoo Finance
2000-10-05,19.568612,19.568612,19.169516,19.208139,3056019,Yahoo Finance
2000-10-06,19.311136,19.517119,18.989283,18.989283,3339232,Yahoo Finance
2000-10-09,19.015028,19.426999,18.899160,18.899160,2140362,Yahoo Finance
2000-10-10,18.989280,19.542867,18.989280,19.182390,2785245,Yahoo Finance
2000-10-11,19.465619,19.658732,19.169516,19.208139,2831171,Yahoo Finance
2000-10-12,19.182381,19.195256,18.641671,18.718916,5844613,Yahoo Finance
2000-10-13,18.667434,18.809048,18.667434,18.744677,7448449,Yahoo Finance
2000-10-16,18.873417,19.542870,18.873417,18.989283,3416972,Yahoo Finance
2000-10-17,19.053642,19.233878,18.731789,18.770412,4785914,Yahoo Finance
2000-10-18,18.590175,18.821909,18.590175,18.770412,5039226,Yahoo Finance
2000-10-19,18.796168,18.796168,18.216835,18.332703,5711378,Yahoo Finance
2000-10-20,18.126714,18.306952,17.289898,17.972225,12250628,Yahoo Finance
2000-10-23,18.950653,19.362626,18.229706,18.500061,6810263,Yahoo Finance
2000-10-24,18.718927,18.950659,18.448571,18.551563,2726162,Yahoo Finance
2000-10-25,18.384191,18.577301,18.345568,18.564428,3447350,Yahoo Finance
2000-10-26,18.525815,19.182393,18.500067,18.989283,2708940,Yahoo Finance
2000-10-27,19.015022,19.259630,18.667422,19.259630,2560397,Yahoo Finance
2000-10-30,19.208135,19.723096,18.963526,19.568607,3534419,Yahoo Finance
2000-10-31,19.414122,19.929084,19.066521,19.903336,4984928,Yahoo Finance
2000-11-01,19.826092,20.173693,19.529989,19.594360,3197147,Yahoo Finance
2000-11-02,19.607227,19.761716,19.452738,19.555731,3331817,Yahoo Finance
2000-11-03,19.504239,19.581483,19.324002,19.542862,2993588,Yahoo Finance
2000-11-06,19.517121,20.238070,19.414130,20.057833,4028128,Yahoo Finance
2000-11-07,20.238064,20.238064,19.774596,19.967709,2167391,Yahoo Finance
2000-11-08,20.096458,20.547051,19.723109,20.044962,3440174,Yahoo Finance
2000-11-09,19.851847,20.289566,19.594367,20.057833,2638137,Yahoo Finance
2000-11-10,20.109319,20.276683,19.491363,19.568607,2344160,Yahoo Finance
2000-11-13,19.388387,19.723113,19.375513,19.530003,2685498,Yahoo Finance
2000-11-14,19.375497,19.658727,19.105142,19.568607,3175380,Yahoo Finance
2000-11-15,19.375506,19.916218,19.375506,19.645863,3528918,Yahoo Finance
2000-11-16,20.032080,20.057826,19.298256,19.632982,3668850,Yahoo Finance
2000-11-17,19.774595,19.980581,19.607233,19.774595,3964022,Yahoo Finance
2000-11-20,19.864717,19.916213,19.414125,19.491367,3654258,Yahoo Finance
2000-11-21,19.533856,19.870647,19.533856,19.831785,2799118,Yahoo Finance
2000-11-22,19.702247,20.103804,19.702247,19.857689,2579294,Yahoo Finance
2000-11-24,19.857689,19.909503,19.715202,19.857689,1184997,Yahoo Finance
2000-11-27,19.909501,20.725569,19.715199,20.570127,5565945,Yahoo Finance
2000-11-28,20.414690,20.984643,20.336969,20.492411,4468017,Yahoo Finance
2000-11-29,20.544222,20.751478,20.531270,20.751478,3158875,Yahoo Finance
2000-11-30,20.751485,20.777392,20.388787,20.699671,3511934,Yahoo Finance
2000-12-01,20.570131,20.790341,20.570131,20.647852,3024206,Yahoo Finance
2000-12-04,20.699661,22.098637,20.608987,21.761847,14604356,Yahoo Finance
2000-12-05,22.228187,24.663444,22.228187,24.171211,34822736,Yahoo Finance
2000-12-06,23.925093,24.197118,23.743746,23.860327,14968179,Yahoo Finance
2000-12-07,23.691929,23.795555,23.316276,23.769648,8972870,Yahoo Finance
2000-12-08,23.808505,24.287783,23.536483,24.235970,7604886,Yahoo Finance
2000-12-11,24.002799,24.106427,23.730777,23.886219,3942734,Yahoo Finance
2000-12-12,23.704872,23.782593,23.549430,23.601244,4923214,Yahoo Finance
2000-12-13,23.627158,23.834414,23.316275,23.588299,3411710,Yahoo Finance
2000-12-14,23.432858,23.704882,22.836998,23.005394,4881115,Yahoo Finance
2000-12-15,23.471711,23.575339,23.057200,23.251503,7111894,Yahoo Finance
2000-12-18,23.601245,23.821454,23.445804,23.756687,4810073,Yahoo Finance
2000-12-19,23.756691,24.041668,23.342179,23.575342,5551832,Yahoo Finance
2000-12-20,22.849953,23.562394,22.849953,23.406954,4591205,Yahoo Finance
2000-12-21,23.109014,23.614199,22.694502,23.355131,5753478,Yahoo Finance
2000-12-22,23.303325,23.510579,22.979487,23.368092,4377360,Yahoo Finance
2000-12-26,23.497617,23.834408,23.251502,23.834408,2391522,Yahoo Finance
2000-12-27,24.015767,24.741162,23.704883,24.702301,3068458,Yahoo Finance
2000-12-28,24.559816,25.479513,24.093490,25.272257,5127491,Yahoo Finance
2000-12-29,25.272231,25.479487,24.792954,24.974302,3294023,Yahoo Finance
2001-01-02,24.482093,25.181581,24.352558,24.702301,5562835,Yahoo Finance
2001-01-03,24.456176,24.844781,24.119385,24.417315,5686262,Yahoo Finance
2001-01-04,24.430272,24.767063,23.950992,24.663435,4856238,Yahoo Finance
2001-01-05,24.248919,24.248919,22.914711,23.743734,10006932,Yahoo Finance
2001-01-08,23.419894,23.912126,22.707453,23.886219,6561974,Yahoo Finance
2001-01-09,23.821456,23.873270,23.238550,23.510572,4739509,Yahoo Finance
2001-01-10,22.927669,23.316274,22.590878,23.277412,5195902,Yahoo Finance
2001-01-11,23.290362,23.614198,22.707456,23.238548,5011958,Yahoo Finance
2001-01-12,23.238551,23.251506,22.487249,22.733364,4372337,Yahoo Finance
2001-01-16,22.927667,23.523527,22.811086,23.523527,5079890,Yahoo Finance
2001-01-17,22.072740,22.798136,21.943205,22.798136,13816431,Yahoo Finance
2001-01-18,22.798133,22.798133,22.331808,22.590878,6417497,Yahoo Finance
2001-01-19,22.577933,22.577933,22.007979,22.124559,4857674,Yahoo Finance
2001-01-22,22.085690,22.590875,21.852527,22.564968,4846670,Yahoo Finance
2001-01-23,22.564975,23.147883,22.474302,23.005394,4220445,Yahoo Finance
2001-01-24,22.694505,22.927668,21.917296,22.202272,4428788,Yahoo Finance
2001-01-25,22.176361,22.759268,21.567548,22.694500,5051904,Yahoo Finance
2001-01-26,22.707468,22.914724,22.150467,22.241142,3535376,Yahoo Finance
2001-01-29,22.240611,22.342166,21.942162,22.236465,3678178,Yahoo Finance
2001-01-30,22.124553,23.212646,22.062376,23.088293,5531739,Yahoo Finance
2001-01-31,23.090366,23.399177,22.883111,22.932852,4877049,Yahoo Finance
2001-02-01,22.984662,23.521454,22.696577,23.119379,4526382,Yahoo Finance
2001-02-02,22.963933,23.150461,22.300713,22.534912,3975743,Yahoo Finance
2001-02-05,22.445807,23.138041,22.445807,22.750473,3935558,Yahoo Finance
2001-02-06,23.026113,23.471714,22.843728,23.142178,3684398,Yahoo Finance
2001-02-07,23.026105,23.658236,23.026105,23.187765,3353106,Yahoo Finance
2001-02-08,23.392956,23.409536,23.044767,23.223005,2514470,Yahoo Finance
2001-02-09,23.274811,23.276882,22.889316,22.934912,2083193,Yahoo Finance
2001-02-12,22.897615,23.312126,22.876889,23.312126,3255273,Yahoo Finance
2001-02-13,23.312127,23.917314,23.254096,23.656172,4039131,Yahoo Finance
2001-02-14,23.656166,23.656166,22.592944,22.999165,5032768,Yahoo Finance
2001-02-15,22.974289,23.813676,22.808486,23.782587,3353823,Yahoo Finance
2001-02-16,23.782598,23.824048,23.102798,23.465496,4197482,Yahoo Finance
2001-02-20,23.467570,23.780527,23.450990,23.593996,4137442,Yahoo Finance
2001-02-21,23.543995,23.802354,23.179376,23.181459,3819785,Yahoo Finance
2001-02-22,23.408565,23.439818,22.633488,22.971022,5202122,Yahoo Finance
2001-02-23,23.116871,23.210631,22.891849,23.002277,6721998,Yahoo Finance
2001-02-26,23.127289,23.314808,22.933519,23.200212,4028128,Yahoo Finance
2001-02-27,23.398144,23.644001,23.064776,23.543991,4563697,Yahoo Finance
2001-02-28,23.546064,23.766918,23.341878,23.491892,5003107,Yahoo Finance
2001-03-01,23.491894,23.531480,22.773074,22.835579,6006073,Yahoo Finance
2001-03-02,22.825163,23.539816,22.610558,23.196032,6381138,Yahoo Finance
2001-03-05,23.377308,23.564825,23.221041,23.377308,3180164,Yahoo Finance
2001-03-06,23.648170,23.648170,23.310637,23.387728,3793951,Yahoo Finance
2001-03-07,23.398150,23.591918,23.368980,23.529411,3493277,Yahoo Finance
2001-03-08,23.731509,24.481583,23.598162,24.416992,5808733,Yahoo Finance
2001-03-09,24.356572,24.950380,23.971115,24.254478,7185807,Yahoo Finance
2001-03-12,24.169044,24.335726,23.127275,23.293957,6577522,Yahoo Finance
2001-03-13,23.523164,23.523164,22.189698,22.439724,11871496,Yahoo Finance
2001-03-14,21.877155,22.918925,21.775062,22.400124,13531544,Yahoo Finance
2001-03-15,22.793911,22.902256,22.502216,22.760574,5049034,Yahoo Finance
2001-03-16,22.981438,22.981438,21.981338,22.087599,8081133,Yahoo Finance
2001-03-19,22.087601,22.637656,21.925085,22.498058,5638422,Yahoo Finance
2001-03-20,22.498054,22.814752,21.925080,21.927164,6583980,Yahoo Finance
2001-03-21,21.925073,22.043836,21.256258,21.591707,10746778,Yahoo Finance
2001-03-22,21.043745,21.564630,20.522860,21.212513,16116578,Yahoo Finance
2001-03-23,21.304168,21.554194,20.731195,21.199991,9353198,Yahoo Finance
2001-03-26,21.147913,22.189682,21.147913,21.675049,6515090,Yahoo Finance
2001-03-27,21.668795,22.148009,21.410436,21.962574,7805574,Yahoo Finance
2001-03-28,21.595874,21.866734,21.347933,21.841732,5346838,Yahoo Finance
2001-03-29,21.672963,21.672963,20.949976,21.418772,5964452,Yahoo Finance
2001-03-30,21.470872,21.929250,21.262518,21.647972,4420655,Yahoo Finance
2001-04-02,21.585464,22.106348,21.147921,21.262516,5550158,Yahoo Finance
2001-04-03,21.116675,21.252106,20.524951,20.816647,7795528,Yahoo Finance
2001-04-04,20.814558,21.252101,20.243669,20.547865,9627561,Yahoo Finance
2001-04-05,21.043731,21.637539,21.039564,21.508362,7080798,Yahoo Finance
2001-04-06,21.325016,21.439609,20.995815,21.252090,4452230,Yahoo Finance
2001-04-09,21.627137,21.918833,21.472955,21.789654,4729462,Yahoo Finance
2001-04-10,21.981335,23.293964,21.929247,22.620983,9298182,Yahoo Finance
2001-04-11,23.127286,23.168956,22.137605,22.254284,5470982,Yahoo Finance
2001-04-12,22.085513,22.552225,21.960501,22.445965,3896090,Yahoo Finance
2001-04-16,22.443883,23.066861,22.443883,23.018940,4893554,Yahoo Finance
2001-04-17,22.810588,23.054363,22.543896,22.689743,4382622,Yahoo Finance
2001-04-18,23.043946,24.429500,22.689745,24.169058,8180162,Yahoo Finance
2001-04-19,24.116970,24.273235,23.758601,24.273235,4603882,Yahoo Finance
2001-04-20,23.860689,23.981534,23.366890,23.439814,5197816,Yahoo Finance
2001-04-23,23.460645,24.312812,23.131447,24.231554,7152319,Yahoo Finance
2001-04-24,24.210732,24.935803,24.069052,24.191980,7535039,Yahoo Finance
2001-04-25,24.191965,24.460743,23.869018,24.383652,4018799,Yahoo Finance
2001-04-26,24.448249,24.727443,24.064878,24.550343,3117972,Yahoo Finance
2001-04-27,24.481578,24.929540,24.439908,24.789942,3792516,Yahoo Finance
2001-04-30,24.787863,25.402507,24.658684,24.796198,6031906,Yahoo Finance
2001-05-01,24.796191,24.796191,24.248220,24.483660,4204897,Yahoo Finance
2001-05-02,24.689929,24.689929,24.102370,24.283638,5161697,Yahoo Finance
2001-05-03,24.325316,24.752441,24.033621,24.533670,4804093,Yahoo Finance
2001-05-04,24.325311,25.002461,24.189881,25.000378,5005738,Yahoo Finance
2001-05-07,24.846202,25.148314,24.492001,24.564924,3509303,Yahoo Finance
2001-05-08,24.560757,24.721190,24.121130,24.244059,4317560,Yahoo Finance
2001-05-09,24.244051,24.606587,24.231549,24.362812,3118929,Yahoo Finance
2001-05-10,24.450338,24.785787,24.439921,24.594101,2803424,Yahoo Finance
2001-05-11,24.594095,24.742028,24.262813,24.456583,2702721,Yahoo Finance
2001-05-14,24.456580,24.669101,24.429493,24.648266,1962397,Yahoo Finance
2001-05-15,24.648269,24.950382,24.546174,24.617016,3400467,Yahoo Finance
2001-05-16,24.732188,26.292347,24.617010,26.281878,8576038,Yahoo Finance
2001-05-17,26.179264,26.596003,25.695509,25.907021,9638325,Yahoo Finance
2001-05-18,25.932154,26.051522,25.548921,25.768808,4704107,Yahoo Finance
2001-05-21,25.779280,25.936343,25.603370,25.777185,3348800,Yahoo Finance
2001-05-22,25.821161,25.844197,25.238982,25.339502,5156674,Yahoo Finance
2001-05-23,25.255731,25.358346,25.153117,25.264109,3355498,Yahoo Finance
2001-05-24,25.314376,25.442121,24.713348,24.916483,6123281,Yahoo Finance
2001-05-25,24.973021,25.151026,24.872501,24.872501,2505620,Yahoo Finance
2001-05-29,24.920667,25.282959,24.711250,25.077730,3720517,Yahoo Finance
2001-05-30,24.868319,25.025382,24.441107,24.575134,4036500,Yahoo Finance
2001-05-31,24.577233,25.004445,24.577233,24.832722,3734869,Yahoo Finance
2001-06-01,24.721729,25.088208,24.258915,25.006536,5111465,Yahoo Finance
2001-06-04,24.931135,25.349970,24.822240,25.130083,2868008,Yahoo Finance
2001-06-05,25.171959,25.523781,24.937412,25.444202,3713341,Yahoo Finance
2001-06-06,25.538450,25.548922,25.310186,25.463060,3597090,Yahoo Finance
2001-06-07,25.433737,25.777181,25.318556,25.507032,2743385,Yahoo Finance
2001-06-08,25.444209,25.444209,25.098669,25.153118,2309237,Yahoo Finance
2001-06-11,25.161502,25.312282,24.931141,25.201290,2033439,Yahoo Finance
2001-06-12,25.201288,25.638970,25.109145,25.565674,4883986,Yahoo Finance
2001-06-13,25.632685,25.967753,25.488186,25.538446,3369132,Yahoo Finance
2001-06-14,25.536353,25.632687,25.157309,25.289242,3292349,Yahoo Finance
2001-06-15,25.329041,25.705993,25.077741,25.314383,6062763,Yahoo Finance
2001-06-18,25.339495,25.890263,25.339495,25.597078,3899678,Yahoo Finance
2001-06-19,25.597099,25.758351,25.182453,25.205488,4066878,Yahoo Finance
2001-06-20,25.205468,25.205468,24.503920,24.836893,7833082,Yahoo Finance
2001-06-21,24.648421,24.834802,24.187703,24.363613,9363006,Yahoo Finance
2001-06-22,24.470410,24.707051,24.397114,24.455751,3490406,Yahoo Finance
2001-06-25,24.501837,24.853657,24.227499,24.227499,4521837,Yahoo Finance
2001-06-26,24.083002,24.430636,24.009706,24.083002,5501839,Yahoo Finance
2001-06-27,24.271469,24.480886,23.873575,23.936401,4474236,Yahoo Finance
2001-06-28,24.261007,24.700784,24.198181,24.263102,3513609,Yahoo Finance
2001-06-29,24.263097,24.627483,23.894522,23.894522,4876570,Yahoo Finance
2001-07-02,22.878845,24.585597,22.878845,24.556278,13880298,Yahoo Finance
2001-07-03,24.296609,24.606547,24.189806,24.466236,2947183,Yahoo Finance
2001-07-05,24.323822,24.549992,24.156288,24.384552,2961296,Yahoo Finance
2001-07-06,24.271477,24.332206,23.810757,23.999233,4001338,Yahoo Finance
2001-07-09,23.873580,24.080903,23.611808,24.051584,4710087,Yahoo Finance
2001-07-10,23.999227,24.166762,23.350034,23.381447,4585703,Yahoo Finance
2001-07-11,23.266264,23.555260,23.035905,23.400291,4695735,Yahoo Finance
2001-07-12,23.454749,23.873584,23.381453,23.775158,3726736,Yahoo Finance
2001-07-13,23.664158,23.768867,23.329091,23.502907,3337318,Yahoo Finance
2001-07-16,23.318619,23.555260,23.046377,23.046377,3754005,Yahoo Finance
2001-07-17,23.046380,23.871484,23.046380,23.634842,4868198,Yahoo Finance
2001-07-18,23.634846,23.821228,23.454748,23.821228,4505571,Yahoo Finance
2001-07-19,24.028546,24.292412,23.691384,24.009699,5438690,Yahoo Finance
2001-07-20,24.009701,24.009701,23.498721,23.664162,4296750,Yahoo Finance
2001-07-23,23.925932,23.999227,23.245325,23.312340,3304787,Yahoo Finance
2001-07-24,23.350040,23.350040,22.361590,22.420227,6264887,Yahoo Finance
2001-07-25,22.472579,23.140620,22.468391,23.111301,4487631,Yahoo Finance
2001-07-26,23.119672,23.433798,22.759475,23.341654,3596850,Yahoo Finance
2001-07-27,23.341673,23.494549,23.192987,23.345861,2614695,Yahoo Finance
2001-07-30,23.347944,23.454747,22.826495,22.878849,2501314,Yahoo Finance
2001-07-31,23.067323,23.597148,23.002403,23.429615,3911159,Yahoo Finance
2001-08-01,23.350041,23.559459,23.142718,23.245333,3838203,Yahoo Finance
2001-08-02,23.381455,23.559459,23.276746,23.306065,2635984,Yahoo Finance
2001-08-03,23.358399,23.454731,23.033802,23.398188,2680475,Yahoo Finance
2001-08-06,23.266266,23.360505,22.868375,22.903975,2239151,Yahoo Finance
2001-08-07,22.994030,23.220200,22.935392,23.213917,2699372,Yahoo Finance
2001-08-08,23.213905,23.301861,22.533299,22.656857,3085919,Yahoo Finance
2001-08-09,22.547955,22.700830,22.323878,22.516542,3726018,Yahoo Finance
2001-08-10,22.564734,23.031735,22.474686,23.004511,3937471,Yahoo Finance
2001-08-13,22.878863,23.165765,22.809755,23.140635,2662057,Yahoo Finance
2001-08-14,23.090366,23.234863,22.759487,22.847441,2773046,Yahoo Finance
2001-08-15,22.899786,23.350034,22.774136,22.962612,3410514,Yahoo Finance
2001-08-16,23.035912,23.035912,22.512368,22.830683,4176910,Yahoo Finance
2001-08-17,23.224392,23.224392,22.715506,22.759485,4956702,Yahoo Finance
2001-08-20,22.759490,22.927022,22.560542,22.742735,2650814,Yahoo Finance
2001-08-21,22.876746,23.350030,22.522832,22.564714,4405586,Yahoo Finance
2001-08-22,22.849012,23.238603,22.543657,23.124886,4880876,Yahoo Finance
2001-08-23,23.126988,23.126988,22.743715,22.817421,3545901,Yahoo Finance
2001-08-24,22.838479,23.548167,22.640524,23.293352,3327750,Yahoo Finance
2001-08-27,23.476571,23.484995,23.249135,23.280724,2153518,Yahoo Finance
2001-08-28,23.175435,23.207022,22.827961,23.017492,2916805,Yahoo Finance
2001-08-29,23.038546,23.164900,22.366765,22.480482,4308231,Yahoo Finance
2001-08-30,22.339397,22.670024,21.711840,21.943489,4769170,Yahoo Finance
2001-08-31,21.996136,22.269902,21.817133,21.922428,2813231,Yahoo Finance
2001-09-04,21.922434,22.657393,21.911905,22.017200,5154042,Yahoo Finance
2001-09-05,22.120368,22.385712,21.787635,22.111944,4832558,Yahoo Finance
2001-09-06,22.111945,22.147746,21.690765,21.880297,3913312,Yahoo Finance
2001-09-07,21.650765,21.753954,21.221161,21.223267,5630290,Yahoo Finance
2001-09-10,21.223260,21.880301,21.145342,21.522299,6035255,Yahoo Finance
2001-09-17,21.389622,21.391728,19.883903,20.100811,8497580,Yahoo Finance
2001-09-18,20.111352,20.469356,19.658584,19.824949,7217621,Yahoo Finance
2001-09-19,19.900762,20.069235,18.637223,19.469053,8032575,Yahoo Finance
2001-09-20,19.469046,19.542752,18.847806,19.020489,7673775,Yahoo Finance
2001-09-21,19.022604,19.374288,18.081266,18.317127,14615838,Yahoo Finance
2001-09-24,18.317122,19.475367,18.317122,19.304789,8331336,Yahoo Finance
2001-09-25,19.163683,19.795455,19.060496,19.612240,6181885,Yahoo Finance
2001-09-26,19.690167,19.782825,19.513270,19.664896,5122229,Yahoo Finance
2001-09-27,19.664897,20.321936,19.311105,20.281925,5349469,Yahoo Finance
2001-09-28,20.637821,20.799976,20.385114,20.722057,5853224,Yahoo Finance
2001-10-01,20.637822,20.665199,20.048171,20.397751,6255798,Yahoo Finance
2001-10-02,20.397756,20.574651,20.279825,20.471462,4961008,Yahoo Finance
2001-10-03,20.406161,21.016872,20.237690,20.972649,5498969,Yahoo Finance
2001-10-04,20.972660,21.164296,20.806294,20.983189,5193750,Yahoo Finance
2001-10-05,20.932651,21.059005,20.562013,21.004251,3895611,Yahoo Finance
2001-10-08,20.932663,21.006369,20.574660,20.732603,4366596,Yahoo Finance
2001-10-09,20.734698,21.016888,20.522002,20.730486,3511934,Yahoo Finance
2001-10-10,20.759960,21.669708,20.637817,21.446484,5382239,Yahoo Finance
2001-10-11,21.775015,22.533139,21.751850,22.352032,7473086,Yahoo Finance
2001-10-12,22.206723,22.427841,21.867671,22.004555,5017459,Yahoo Finance
2001-10-15,21.836085,22.322547,21.821342,22.282536,3340189,Yahoo Finance
2001-10-16,22.282536,22.484702,22.090898,22.364664,4111370,Yahoo Finance
2001-10-17,22.596313,22.659489,21.686563,21.724470,5267902,Yahoo Finance
2001-10-18,21.724464,21.880300,21.353825,21.680241,4800505,Yahoo Finance
2001-10-19,21.570739,21.646551,21.303289,21.515985,5400897,Yahoo Finance
2001-10-22,21.269589,22.743719,21.269589,22.615259,8326791,Yahoo Finance
2001-10-23,22.741612,22.741612,22.290949,22.406775,4873700,Yahoo Finance
2001-10-24,22.491012,22.583671,22.322539,22.469952,3732955,Yahoo Finance
2001-10-25,22.438371,22.931151,22.326758,22.891140,4169017,Yahoo Finance
2001-10-26,22.870079,23.164906,22.659489,23.129105,2979714,Yahoo Finance
2001-10-29,22.870079,23.006963,22.379405,22.434158,5010762,Yahoo Finance
2001-10-30,22.385717,22.404670,21.901359,22.187761,4972968,Yahoo Finance
2001-10-31,22.406771,22.531018,21.970850,21.981379,3798974,Yahoo Finance
2001-11-01,22.034038,22.442584,21.775012,22.379406,3933883,Yahoo Finance
2001-11-02,22.423634,23.017499,22.324657,22.785851,3653302,Yahoo Finance
2001-11-05,23.143851,23.413407,23.101732,23.270205,4202026,Yahoo Finance
2001-11-06,23.270197,23.270197,22.655273,23.034336,7516382,Yahoo Finance
2001-11-07,23.034347,23.626107,23.015395,23.259678,3945604,Yahoo Finance
2001-11-08,23.270195,23.807200,23.270195,23.459726,4156339,Yahoo Finance
2001-11-09,23.407089,23.687173,23.299688,23.489220,3103859,Yahoo Finance
2001-11-12,23.379708,23.630309,23.101728,23.364965,4676360,Yahoo Finance
2001-11-13,23.491319,23.996734,23.480789,23.883017,3704251,Yahoo Finance
2001-11-14,24.213644,24.396858,23.904077,24.188374,4366357,Yahoo Finance
2001-11-15,24.188386,24.424247,24.072562,24.137844,3446872,Yahoo Finance
2001-11-16,24.375790,24.533733,24.007258,24.217848,5093286,Yahoo Finance
2001-11-19,24.375791,24.784335,24.283132,24.580063,3837007,Yahoo Finance
2001-11-20,24.417077,24.764229,24.417077,24.586420,3687986,Yahoo Finance
2001-11-21,24.584303,24.618170,24.311237,24.417076,3021574,Yahoo Finance
2001-11-23,24.459411,24.865834,24.434010,24.819265,1409845,Yahoo Finance
2001-11-26,24.817147,24.819264,24.563134,24.755760,2894320,Yahoo Finance
2001-11-27,24.724015,24.743067,24.406498,24.603359,3317943,Yahoo Finance
2001-11-28,24.395899,24.520789,24.188455,24.256191,3463377,Yahoo Finance
2001-11-29,24.256196,24.505977,24.163058,24.391670,3238290,Yahoo Finance
2001-11-30,24.385320,24.472109,24.247731,24.254080,2937137,Yahoo Finance
2001-12-03,24.215980,24.215980,23.856126,24.103790,2768979,Yahoo Finance
2001-12-04,24.237145,24.679552,24.139774,24.645683,3039275,Yahoo Finance
2001-12-05,24.766338,25.291299,24.766338,25.160059,3776968,Yahoo Finance
2001-12-06,25.020354,25.329405,24.978019,25.153711,2608715,Yahoo Finance
2001-12-07,25.041533,25.145253,24.846788,25.041533,2881403,Yahoo Finance
2001-12-10,24.927225,24.975910,24.364160,24.467882,3678896,Yahoo Finance
2001-12-11,24.618182,24.696505,24.395921,24.520811,2902214,Yahoo Finance
2001-12-12,24.527156,24.660513,24.368397,24.554674,3642538,Yahoo Finance
2001-12-13,24.501756,24.522924,24.290078,24.351463,3130410,Yahoo Finance
2001-12-14,24.349344,24.548321,24.120730,24.512335,3282063,Yahoo Finance
2001-12-17,24.406485,25.041522,24.406485,24.829844,4143422,Yahoo Finance
2001-12-18,24.872182,25.384442,24.872182,25.295538,4312298,Yahoo Finance
2001-12-19,25.062701,25.375984,24.988614,25.359049,2831171,Yahoo Finance
2001-12-20,25.337877,25.348462,25.009777,25.079630,3949192,Yahoo Finance
2001-12-21,25.083859,25.263785,24.956852,25.232033,5035160,Yahoo Finance
2001-12-24,25.232034,25.378093,25.155830,25.278603,1111802,Yahoo Finance
2001-12-26,25.278605,25.803566,25.234153,25.534737,2498922,Yahoo Finance
2001-12-27,25.538975,25.653280,25.325180,25.435253,1976988,Yahoo Finance
2001-12-28,25.401379,25.435248,25.253203,25.384443,2444863,Yahoo Finance
2001-12-31,25.384453,25.384453,25.020367,25.022484,4123569,Yahoo Finance
2002-01-02,24.772687,24.975897,24.586410,24.795971,5127252,Yahoo Finance
2002-01-03,24.745188,24.872195,24.654166,24.713436,4420177,Yahoo Finance
2002-01-04,24.694374,24.973789,24.660505,24.787512,4862218,Yahoo Finance
2002-01-07,24.766346,24.914520,24.448828,24.491163,4211116,Yahoo Finance
2002-01-08,24.533493,24.569477,24.237143,24.353565,3666697,Yahoo Finance
2002-01-09,24.406489,24.783277,24.220214,24.268900,3756397,Yahoo Finance
2002-01-10,24.120730,24.279489,23.519564,23.961971,7725682,Yahoo Finance
2002-01-11,23.961958,24.230789,23.815901,24.086849,5012914,Yahoo Finance
2002-01-14,24.086856,24.152475,23.580944,23.657148,6101753,Yahoo Finance
2002-01-15,23.657150,23.792624,23.094085,23.178757,7108785,Yahoo Finance
2002-01-16,22.967071,22.967071,21.210144,21.951017,27244402,Yahoo Finance
2002-01-17,22.162714,22.202932,21.167825,22.124611,18961384,Yahoo Finance
2002-01-18,22.109797,22.859137,21.919286,22.607241,10366450,Yahoo Finance
2002-01-22,22.787153,23.036934,22.406131,22.526789,5611871,Yahoo Finance
2002-01-23,22.575473,22.912041,22.230437,22.746931,4856717,Yahoo Finance
2002-01-24,22.713063,23.305760,22.713063,23.170288,5477919,Yahoo Finance
2002-01-25,23.136430,23.820150,23.009423,23.544968,6503848,Yahoo Finance
2002-01-28,23.401031,23.485701,23.170302,23.398914,3659521,Yahoo Finance
2002-01-29,23.390435,23.547077,22.920510,22.998831,4493133,Yahoo Finance
2002-01-30,22.840074,23.337518,22.332046,23.257080,9153945,Yahoo Finance
2002-01-31,23.257084,23.911169,23.210515,23.496281,5412618,Yahoo Finance
2002-02-01,23.496272,23.995832,23.390433,23.976782,5676455,Yahoo Finance
2002-02-04,23.834959,23.834959,23.178757,23.178757,4023105,Yahoo Finance
2002-02-05,23.263439,23.462416,22.882417,23.005192,5652057,Yahoo Finance
2002-02-06,23.125830,23.390428,22.988239,23.218967,4723961,Yahoo Finance
2002-02-07,23.337516,23.559778,23.094085,23.180874,3107447,Yahoo Finance
2002-02-08,23.094077,23.602105,22.861232,23.540718,8968086,Yahoo Finance
2002-02-11,23.390445,24.201172,23.379861,24.133436,5282254,Yahoo Finance
2002-02-12,24.131323,24.343001,23.983149,24.167309,3237094,Yahoo Finance
2002-02-13,24.279478,24.766339,24.279478,24.514441,3549728,Yahoo Finance
2002-02-14,24.554669,24.791749,24.347225,24.745180,3789167,Yahoo Finance
2002-02-15,24.842555,24.912408,24.381098,24.453068,5365974,Yahoo Finance
2002-02-19,24.438242,24.499629,24.088974,24.129192,4741422,Yahoo Finance
2002-02-20,24.284565,25.050774,24.167507,24.923073,4334304,Yahoo Finance
2002-02-21,24.955000,25.221045,24.688955,24.688955,5423860,Yahoo Finance
2002-02-22,24.691080,25.397694,24.688952,25.327459,5677651,Yahoo Finance
2002-02-25,25.327459,25.710562,25.152935,25.636070,6767207,Yahoo Finance
2002-02-26,25.519003,25.582853,25.103972,25.391300,6106298,Yahoo Finance
2002-02-27,25.423235,25.623301,25.199758,25.327459,4895706,Yahoo Finance
2002-02-28,25.348742,25.472187,25.072057,25.099724,4133137,Yahoo Finance
2002-03-01,24.944364,25.742498,24.944364,25.608412,4604839,Yahoo Finance
2002-03-04,25.533913,26.283096,25.380672,26.180935,6218722,Yahoo Finance
2002-03-05,25.902108,26.327780,25.497720,25.572214,5797490,Yahoo Finance
2002-03-06,25.731833,25.963825,25.710550,25.874434,4481412,Yahoo Finance
2002-03-07,25.821221,25.829735,25.412577,25.780783,4508442,Yahoo Finance
2002-03-08,25.834008,26.136234,25.625430,25.859549,3754483,Yahoo Finance
2002-03-11,25.753125,25.755254,25.457283,25.646708,3812370,Yahoo Finance
2002-03-12,25.327459,26.072385,25.327459,25.816980,4570155,Yahoo Finance
2002-03-13,25.836140,25.959584,25.433880,25.433880,3956846,Yahoo Finance
2002-03-14,25.572230,25.751011,25.391317,25.665876,3628425,Yahoo Finance
2002-03-15,25.678653,25.880846,25.540309,25.838278,6779167,Yahoo Finance
2002-03-18,26.072383,26.100052,25.840391,26.008532,3084245,Yahoo Finance
2002-03-19,26.093677,26.176683,25.861687,25.902124,4552215,Yahoo Finance
2002-03-20,25.880846,25.882975,25.519026,25.519026,3292110,Yahoo Finance
2002-03-21,25.540295,25.582861,24.901787,25.178474,3351192,Yahoo Finance
2002-03-22,25.103974,25.110360,24.629351,24.771952,4507246,Yahoo Finance
2002-03-25,24.874120,24.923072,24.561252,24.625101,2930200,Yahoo Finance
2002-03-26,24.593184,24.963520,24.593184,24.827305,3372481,Yahoo Finance
2002-03-27,24.869861,25.099723,24.761314,24.893272,2919197,Yahoo Finance
2002-03-28,24.657024,24.774085,24.029160,24.478243,4952636,Yahoo Finance
2002-04-01,24.508042,24.593175,24.114296,24.531454,2834520,Yahoo Finance
2002-04-02,24.533586,24.646387,24.199432,24.473991,2880446,Yahoo Finance
2002-04-03,24.124943,24.305853,23.901466,24.031296,4370184,Yahoo Finance
2002-04-04,24.061081,24.431413,23.978075,24.288815,3646126,Yahoo Finance
2002-04-05,25.625430,25.955324,25.327459,25.951067,18223691,Yahoo Finance
2002-04-08,25.738233,26.387383,25.712693,26.312891,6256994,Yahoo Finance
2002-04-09,26.312891,26.657685,26.157521,26.587448,6973158,Yahoo Finance
2002-04-10,26.415052,26.710894,26.200088,26.634274,6198868,Yahoo Finance
2002-04-11,26.634269,26.774740,26.310759,26.357582,6041714,Yahoo Finance
2002-04-12,26.498059,26.498059,25.953198,26.012793,4549106,Yahoo Finance
2002-04-15,26.136231,26.306500,25.842519,25.870186,3504041,Yahoo Finance
2002-04-16,26.072390,26.572553,26.068133,26.478907,4489784,Yahoo Finance
2002-04-17,26.391637,26.604473,26.114950,26.289476,2846002,Yahoo Finance
2002-04-18,26.263951,26.444861,26.010675,26.323544,2788594,Yahoo Finance
2002-04-19,26.444855,26.593839,26.157527,26.581068,2888579,Yahoo Finance
2002-04-22,26.651295,27.264262,26.263934,26.606600,8835809,Yahoo Finance
2002-04-23,26.553396,26.710894,26.302249,26.451235,4523511,Yahoo Finance
2002-04-24,26.434199,26.998214,26.389504,26.710886,5687937,Yahoo Finance
2002-04-25,26.604490,27.019520,26.585334,27.019520,4131702,Yahoo Finance
2002-04-26,27.019508,27.049306,26.455493,26.476776,4385254,Yahoo Finance
2002-04-29,26.332035,26.466121,26.072376,26.102173,3655454,Yahoo Finance
2002-04-30,26.102184,26.932242,26.102184,26.774744,3726736,Yahoo Finance
2002-05-01,26.774738,26.987574,26.178799,26.817307,4633543,Yahoo Finance
2002-05-02,26.813060,27.115288,26.813060,27.064205,4442662,Yahoo Finance
2002-05-03,26.859874,27.030142,26.615113,27.030142,4272351,Yahoo Finance
2002-05-06,26.838587,27.028011,26.438456,26.438456,3848489,Yahoo Finance
2002-05-07,26.385251,26.796023,26.240522,26.453358,5280340,Yahoo Finance
2002-05-08,26.732183,27.072720,26.721540,26.855627,4707456,Yahoo Finance
2002-05-09,26.802398,27.079085,26.768344,26.881147,3593023,Yahoo Finance
2002-05-10,26.902434,27.232330,26.902434,27.008852,4936849,Yahoo Finance
2002-05-13,27.025889,27.402609,26.896059,27.349400,4691669,Yahoo Finance
2002-05-14,27.487734,27.666515,27.242974,27.666515,5642489,Yahoo Finance
2002-05-15,27.564367,27.687811,27.413252,27.562239,4178106,Yahoo Finance
2002-05-16,27.562223,27.796342,27.394082,27.543066,3132085,Yahoo Finance
2002-05-17,27.449437,27.698455,27.372816,27.683556,3508107,Yahoo Finance
2002-05-20,27.630353,27.630353,27.196167,27.294073,3189254,Yahoo Finance
2002-05-21,27.306833,27.496257,26.955653,27.025890,3400706,Yahoo Finance
2002-05-22,27.152082,27.370240,26.991672,27.278271,2498922,Yahoo Finance
2002-05-23,27.483603,27.631180,27.338164,27.481464,7358270,Yahoo Finance
2002-05-24,27.605505,27.673946,27.359542,27.365959,3564798,Yahoo Finance
2002-05-28,27.590527,27.633302,27.111435,27.115711,3246901,Yahoo Finance
2002-05-29,27.267587,27.372388,26.735025,26.735025,5669040,Yahoo Finance
2002-05-30,26.735002,27.032296,26.696503,26.756390,3881738,Yahoo Finance
2002-05-31,26.863331,27.162762,26.826971,26.826971,3541834,Yahoo Finance
2002-06-03,26.773507,27.051552,26.527546,26.617374,4333826,Yahoo Finance
2002-06-04,26.617371,26.773503,26.446268,26.752115,3861884,Yahoo Finance
2002-06-05,26.735008,27.098603,26.690092,26.891140,3459789,Yahoo Finance
2002-06-06,26.944612,26.970278,26.377830,26.424883,3829592,Yahoo Finance
2002-06-07,26.071975,26.700783,26.071975,26.615231,3541595,Yahoo Finance
2002-06-10,26.608827,27.023754,26.521136,26.948896,3549010,Yahoo Finance
2002-06-11,26.948893,27.269713,26.803454,26.837675,4053483,Yahoo Finance
2002-06-12,26.788478,27.280401,26.595986,27.280401,4102519,Yahoo Finance
2002-06-13,27.226944,27.269722,26.760687,26.906124,2821125,Yahoo Finance
2002-06-14,26.735010,26.989527,26.285862,26.959583,4935653,Yahoo Finance
2002-06-17,26.948894,27.201272,26.745707,27.184162,3480121,Yahoo Finance
2002-06-18,27.241897,27.483582,27.068653,27.483582,2610390,Yahoo Finance
2002-06-19,27.380931,27.718863,27.224799,27.323185,4689516,Yahoo Finance
2002-06-20,27.237620,27.569133,27.023740,27.122124,3786297,Yahoo Finance
2002-06-21,26.884721,27.162764,26.414186,26.521126,6682530,Yahoo Finance
2002-06-24,26.523276,26.732880,26.140432,26.546804,4875135,Yahoo Finance
2002-06-25,26.730727,26.916802,26.178917,26.223831,4191262,Yahoo Finance
2002-06-26,25.826030,26.279456,25.533014,26.183208,5642010,Yahoo Finance
2002-06-27,26.225982,26.771376,26.071987,26.771376,4720851,Yahoo Finance
2002-06-28,26.553212,26.777785,26.307249,26.307249,4801222,Yahoo Finance
2002-07-01,26.895411,27.530635,26.841941,27.248314,8947037,Yahoo Finance
2002-07-02,27.248342,27.269730,26.812026,26.899715,6860974,Yahoo Finance
2002-07-03,26.899700,27.162772,26.328641,26.970282,5354970,Yahoo Finance
2002-07-05,27.269699,27.776592,27.077206,27.776592,2192268,Yahoo Finance
2002-07-08,27.718855,27.793713,27.451505,27.622608,5367170,Yahoo Finance
2002-07-09,27.622610,27.823659,27.308207,27.376650,5459262,Yahoo Finance
2002-07-10,27.376646,27.475030,26.516848,26.521126,7427878,Yahoo Finance
2002-07-11,26.136155,26.525416,25.721228,25.965050,9205134,Yahoo Finance
2002-07-12,26.178914,26.384238,25.686989,25.851677,7188917,Yahoo Finance
2002-07-15,25.644209,25.646348,24.566253,25.428190,11788494,Yahoo Finance
2002-07-16,25.130914,25.421790,24.596213,24.788706,7692672,Yahoo Finance
2002-07-17,25.195081,25.338379,24.724543,25.122360,6770795,Yahoo Finance
2002-07-18,25.098835,25.323410,24.805819,24.949120,7565178,Yahoo Finance
2002-07-19,24.949103,24.951242,23.287254,23.287254,11633492,Yahoo Finance
2002-07-22,23.481891,24.200528,23.141822,23.312925,15079886,Yahoo Finance
2002-07-23,23.740684,24.328854,23.537498,23.903233,12121460,Yahoo Finance
2002-07-24,23.905380,25.654918,23.667973,25.605726,13240916,Yahoo Finance
2002-07-25,25.560814,26.091237,24.917035,25.654921,12426201,Yahoo Finance
2002-07-26,25.654914,25.986429,25.451729,25.847406,6923644,Yahoo Finance
2002-07-29,26.029199,27.162763,26.009951,27.090044,7932829,Yahoo Finance
2002-07-30,27.079365,27.280411,26.414198,26.839819,9392188,Yahoo Finance
2002-07-31,26.617382,26.963868,26.264479,26.912537,8881018,Yahoo Finance
2002-08-01,26.788480,26.852643,26.052731,26.121174,6925079,Yahoo Finance
2002-08-02,26.007824,26.296562,25.214329,25.637812,7605125,Yahoo Finance
2002-08-05,25.464563,25.622835,24.917031,24.959806,5920678,Yahoo Finance
2002-08-06,25.323413,26.326510,25.130920,25.945803,9259193,Yahoo Finance
2002-08-07,26.305108,26.574597,25.646358,26.478350,7514229,Yahoo Finance
2002-08-08,26.166099,27.002371,26.114768,26.991676,6609335,Yahoo Finance
2002-08-09,26.831263,27.184165,26.538247,26.980978,4986842,Yahoo Finance
2002-08-12,26.735010,26.946751,26.341469,26.869755,5724534,Yahoo Finance
2002-08-13,26.735006,27.134962,26.424879,26.521126,7209010,Yahoo Finance
2002-08-14,26.521135,27.096472,25.881633,27.062250,9967464,Yahoo Finance
2002-08-15,27.055834,27.368099,26.758540,27.119997,7429791,Yahoo Finance
2002-08-16,27.066533,27.301801,26.799183,27.072950,5463567,Yahoo Finance
2002-08-19,27.019466,27.676077,26.972413,27.654690,5342771,Yahoo Finance
2002-08-20,27.483584,27.652548,27.216234,27.566996,5356406,Yahoo Finance
2002-08-21,27.723892,27.827050,27.315555,27.678759,4932065,Yahoo Finance
2002-08-22,27.612133,27.687352,27.034014,27.343491,5672389,Yahoo Finance
2002-08-23,27.070545,27.476732,26.971685,27.139317,3830788,Yahoo Finance
2002-08-26,27.188773,27.444519,26.866401,27.347809,3384202,Yahoo Finance
2002-08-27,27.616439,27.698106,27.089898,27.268276,4758884,Yahoo Finance
2002-08-28,27.111376,27.184448,26.735277,26.859928,3692052,Yahoo Finance
2002-08-29,26.692301,27.044760,26.509624,26.789011,4565610,Yahoo Finance
2002-08-30,26.778264,27.147915,26.715938,26.853483,3458114,Yahoo Finance
2002-09-03,26.574118,26.604204,25.774636,25.796129,6083574,Yahoo Finance
2002-09-04,25.811171,26.090558,25.426474,25.929375,6700231,Yahoo Finance
2002-09-05,25.574750,26.084096,25.450098,25.946550,5652296,Yahoo Finance
2002-09-06,26.015327,26.550463,26.015327,26.354893,3566950,Yahoo Finance
2002-09-09,26.301166,26.741738,26.114191,26.662220,3313398,Yahoo Finance
2002-09-10,26.662226,26.917975,26.485997,26.905079,3743480,Yahoo Finance
2002-09-11,27.326311,27.326311,26.584856,26.627840,4162558,Yahoo Finance
2002-09-12,26.593446,26.593446,26.208749,26.290417,5530782,Yahoo Finance
2002-09-13,26.292562,26.292562,25.589793,25.753128,7755103,Yahoo Finance
2002-09-16,25.800413,25.843397,25.478042,25.587648,5026070,Yahoo Finance
2002-09-17,25.589783,25.918602,24.955788,25.073992,6650717,Yahoo Finance
2002-09-18,25.071851,25.733785,24.833295,25.435055,7028892,Yahoo Finance
2002-09-19,25.091201,25.785373,25.080455,25.185762,7656792,Yahoo Finance
2002-09-20,25.400662,25.787508,25.220135,25.673603,9280242,Yahoo Finance
2002-09-23,25.338344,25.462993,24.930007,25.250229,5636030,Yahoo Finance
2002-09-24,24.932160,25.155669,24.242287,24.313208,9210874,Yahoo Finance
2002-09-25,24.607627,24.695742,24.005868,24.349731,12155426,Yahoo Finance
2002-09-26,24.351898,25.015984,24.349751,24.876289,12847671,Yahoo Finance
2002-09-27,24.878420,24.878420,24.029511,24.188547,7293447,Yahoo Finance
2002-09-30,24.188560,24.188560,23.307413,23.634081,11420365,Yahoo Finance
2002-10-01,23.801703,25.061098,23.801703,24.990177,9800024,Yahoo Finance
2002-10-02,24.992341,24.992341,24.553916,24.601196,9007794,Yahoo Finance
2002-10-03,24.603337,25.209395,24.422810,24.719391,7179349,Yahoo Finance
2002-10-04,24.719385,24.968684,24.244424,24.607630,7851501,Yahoo Finance
2002-10-07,24.609781,24.927853,23.827494,23.829643,8533699,Yahoo Finance
2002-10-08,24.124079,24.818251,23.831796,24.450748,11771032,Yahoo Finance
2002-10-09,24.240131,24.575396,23.930654,24.280964,9888528,Yahoo Finance
2002-10-10,24.141274,25.142773,24.038116,25.048210,9403191,Yahoo Finance
2002-10-11,25.273860,25.918602,25.273860,25.918602,8471029,Yahoo Finance
2002-10-14,25.768177,26.195856,25.692956,25.993835,5752999,Yahoo Finance
2002-10-15,26.217353,26.917973,26.217353,26.917973,9520160,Yahoo Finance
2002-10-16,26.864230,26.864230,26.344137,26.501024,7274790,Yahoo Finance
2002-10-17,26.924415,27.186612,26.660072,26.881433,6225658,Yahoo Finance
2002-10-18,26.649313,26.971684,26.490277,26.930849,5824042,Yahoo Finance
2002-10-21,26.892170,27.723886,26.526815,27.723886,10760412,Yahoo Finance
2002-10-22,27.167263,27.721743,27.098492,27.678759,7913214,Yahoo Finance
2002-10-23,27.466001,27.850698,27.304815,27.801268,6646650,Yahoo Finance
2002-10-24,27.885078,27.895823,26.896473,27.021124,7824950,Yahoo Finance
2002-10-25,26.920114,27.465994,26.842743,27.450951,5273882,Yahoo Finance
2002-10-28,27.575589,27.670152,26.864225,26.943743,4830644,Yahoo Finance
2002-10-29,26.864236,27.100641,26.434408,27.025421,6012053,Yahoo Finance
2002-10-30,27.025419,27.474589,26.864234,27.364983,4789980,Yahoo Finance
2002-10-31,27.364983,27.498229,27.040463,27.281166,4692386,Yahoo Finance
2002-11-01,27.227439,27.637925,26.982437,27.519722,4585942,Yahoo Finance
2002-11-04,27.745384,28.130079,27.519724,27.573452,7272398,Yahoo Finance
2002-11-05,27.590641,27.784062,27.444499,27.689501,3999185,Yahoo Finance
2002-11-06,27.719606,28.110749,27.423025,28.044127,5698701,Yahoo Finance
2002-11-07,28.046263,28.046263,27.515426,27.637928,4683536,Yahoo Finance
2002-11-08,27.588497,27.786216,27.347793,27.571302,5022722,Yahoo Finance
2002-11-11,27.573449,27.573449,27.109236,27.156517,3882694,Yahoo Finance
2002-11-12,27.199503,27.807709,27.199503,27.468145,6270389,Yahoo Finance
2002-11-13,27.253232,27.788367,27.220994,27.655121,5917090,Yahoo Finance
2002-11-14,27.728199,28.020482,27.728199,27.938814,7182937,Yahoo Finance
2002-11-15,27.723884,27.831341,27.539056,27.831341,8947037,Yahoo Finance
2002-11-18,27.833503,27.988240,27.326306,27.401525,5169590,Yahoo Finance
2002-11-19,27.453106,27.702405,27.255385,27.513281,4466582,Yahoo Finance
2002-11-20,27.524084,27.802673,27.351316,27.796194,4493850,Yahoo Finance
2002-11-21,27.798338,28.286407,27.772423,28.286407,7760366,Yahoo Finance
2002-11-22,28.286412,28.409508,27.945194,28.016462,5474092,Yahoo Finance
2002-11-25,27.880409,28.150359,27.591022,27.783226,5941489,Yahoo Finance
2002-11-26,27.372901,27.621256,27.081356,27.081356,6375637,Yahoo Finance
2002-11-27,27.403136,28.020781,27.256282,27.994865,4935892,Yahoo Finance
2002-11-29,27.966790,28.094206,27.837213,28.042376,1899248,Yahoo Finance
2002-12-02,28.139556,28.178430,27.394496,27.718435,5427926,Yahoo Finance
2002-12-03,27.556467,27.876088,27.545669,27.686043,3727932,Yahoo Finance
2002-12-04,27.647163,27.841527,27.448481,27.642845,4213030,Yahoo Finance
2002-12-05,27.681733,27.772437,27.113759,27.189344,4510594,Yahoo Finance
2002-12-06,26.984173,27.336187,26.897788,27.232527,3808303,Yahoo Finance
2002-12-09,27.234675,27.243312,26.783318,26.789797,3920249,Yahoo Finance
2002-12-10,26.854601,27.059762,26.642961,27.016571,4443618,Yahoo Finance
2002-12-11,27.016567,27.152622,26.779012,26.932343,3803519,Yahoo Finance
2002-12-12,27.059764,27.059764,26.675357,26.703432,3748503,Yahoo Finance
2002-12-13,26.621356,26.623516,26.243427,26.297417,4174997,Yahoo Finance
2002-12-16,26.327660,26.707750,26.327660,26.703432,5848201,Yahoo Finance
2002-12-17,26.660236,26.688311,26.211040,26.239115,4996649,Yahoo Finance
2002-12-18,26.077141,26.217514,25.910852,26.100897,5310240,Yahoo Finance
2002-12-19,26.046902,26.411873,25.979954,25.979954,6736350,Yahoo Finance
2002-12-20,26.172171,26.865402,26.152736,26.807095,8339708,Yahoo Finance
2002-12-23,26.757424,26.833010,26.563060,26.683996,2900300,Yahoo Finance
2002-12-24,26.606244,26.800608,26.595447,26.655914,1222073,Yahoo Finance
2002-12-26,26.658085,27.033855,26.489636,26.612734,2466152,Yahoo Finance
2002-12-27,26.614885,26.655917,26.185125,26.204561,2777351,Yahoo Finance
2002-12-30,26.206711,26.664545,26.135443,26.552246,3627707,Yahoo Finance
2002-12-31,26.606250,26.642964,26.249916,26.627846,3712623,Yahoo Finance
2003-01-02,26.632151,27.372892,26.573842,27.372892,5212407,Yahoo Finance
2003-01-03,27.264914,27.370734,27.152615,27.269234,3294262,Yahoo Finance
2003-01-06,27.146148,27.511119,27.107274,27.467928,4574222,Yahoo Finance
2003-01-07,27.275721,27.610460,27.275721,27.442011,5167438,Yahoo Finance
2003-01-08,27.383704,27.383704,27.029530,27.146149,5508298,Yahoo Finance
2003-01-09,27.210926,27.599653,27.115903,27.575897,4549584,Yahoo Finance
2003-01-10,27.297305,27.508946,27.178529,27.344818,4764864,Yahoo Finance
2003-01-13,27.340508,27.638532,27.105112,27.327549,3794669,Yahoo Finance
2003-01-14,27.362105,27.696844,27.286520,27.638535,4865567,Yahoo Finance
2003-01-15,27.640694,27.707640,27.280040,27.431213,3930295,Yahoo Finance
2003-01-16,27.567255,27.636363,27.258434,27.351295,3745394,Yahoo Finance
2003-01-17,27.124552,27.310277,27.033848,27.280043,4846910,Yahoo Finance
2003-01-21,27.405294,27.476562,27.051122,27.133186,5311914,Yahoo Finance
2003-01-22,27.135347,27.668769,27.135347,27.534874,7440077,Yahoo Finance
2003-01-23,27.534876,27.889049,27.448492,27.852337,6309139,Yahoo Finance
2003-01-24,27.696832,27.768098,27.264913,27.286509,5716880,Yahoo Finance
2003-01-27,27.189335,27.465764,27.007929,27.012249,5864466,Yahoo Finance
2003-01-28,27.048954,27.221720,26.962569,27.174210,4363247,Yahoo Finance
2003-01-29,27.064080,27.448489,26.640800,27.340509,5664256,Yahoo Finance
2003-01-30,27.286512,27.403131,26.759569,26.759569,6008465,Yahoo Finance
2003-01-31,26.705588,27.301638,26.694791,26.897793,7010713,Yahoo Finance
2003-02-03,27.126710,27.208775,26.893472,26.992815,6094816,Yahoo Finance
2003-02-04,26.843799,26.886992,26.444274,26.584648,6328514,Yahoo Finance
2003-02-05,26.774711,27.018746,26.563071,26.593306,5074389,Yahoo Finance
2003-02-06,26.645113,26.746613,26.431313,26.567368,4560348,Yahoo Finance
2003-02-07,26.671034,26.766055,26.362210,26.450754,4303926,Yahoo Finance
2003-02-10,26.450750,26.774689,26.275821,26.707741,4423526,Yahoo Finance
2003-02-11,26.884842,26.986342,26.563061,26.580338,4380948,Yahoo Finance
2003-02-12,26.660238,26.789813,26.398927,26.401087,4489784,Yahoo Finance
2003-02-13,26.455061,26.599753,25.969152,26.435623,6137872,Yahoo Finance
2003-02-14,26.604088,27.020891,26.418363,27.014412,7443904,Yahoo Finance
2003-02-18,27.023050,27.532715,27.023050,27.342670,6281153,Yahoo Finance
2003-02-19,27.488109,27.514160,27.095173,27.325291,4107542,Yahoo Finance
2003-02-20,27.353536,27.373073,27.027898,27.103880,4247235,Yahoo Finance
2003-02-21,27.244982,27.538055,27.060453,27.538055,6333059,Yahoo Finance
2003-02-24,27.540218,27.540218,27.099522,27.140768,4718220,Yahoo Finance
2003-02-25,27.142947,27.288399,26.717448,27.288399,7168346,Yahoo Finance
2003-02-26,27.288395,27.353523,27.040910,27.093012,4628520,Yahoo Finance
2003-02-27,27.266683,27.501141,27.101693,27.392595,5223410,Yahoo Finance
2003-02-28,27.442525,27.581464,26.973609,27.216751,5697266,Yahoo Finance
2003-03-03,27.320959,27.570612,27.084330,27.084330,3767878,Yahoo Finance
2003-03-04,27.103869,27.149458,26.745668,26.854214,5126295,Yahoo Finance
2003-03-05,26.886774,27.162480,26.739151,27.158138,5610914,Yahoo Finance
2003-03-06,27.103848,27.166805,26.708740,26.806433,5603260,Yahoo Finance
2003-03-07,26.702239,27.106029,26.556787,27.027876,6786822,Yahoo Finance
2003-03-10,26.832500,26.928019,26.372266,26.415684,5309044,Yahoo Finance
2003-03-11,26.415683,26.665339,26.259378,26.270233,5967322,Yahoo Finance
2003-03-12,26.304974,26.428716,25.933746,26.367929,7015975,Yahoo Finance
2003-03-13,26.702247,27.247147,26.595872,27.229778,8170833,Yahoo Finance
2003-03-14,27.288382,27.498960,27.075632,27.255817,6982726,Yahoo Finance
2003-03-17,27.201557,28.145904,27.034396,28.113342,9323059,Yahoo Finance
2003-03-18,27.887566,28.215374,27.841977,28.215374,7363054,Yahoo Finance
2003-03-19,28.215375,28.215375,27.781192,28.163273,7038699,Yahoo Finance
2003-03-20,28.163284,28.488921,27.737783,28.354324,8571493,Yahoo Finance
2003-03-21,28.536672,29.296492,28.354316,29.170578,11044582,Yahoo Finance
2003-03-24,28.677783,28.790670,28.284846,28.347803,8381568,Yahoo Finance
2003-03-25,28.347795,28.957821,28.284837,28.721191,7729030,Yahoo Finance
2003-03-26,28.723372,28.736399,28.386880,28.597460,5773331,Yahoo Finance
2003-03-27,28.341281,28.790662,28.195831,28.582253,5284646,Yahoo Finance
2003-03-28,28.582265,28.638709,28.232748,28.332609,4673729,Yahoo Finance
2003-03-31,27.770348,28.436820,27.770348,28.228411,6576565,Yahoo Finance
2003-04-01,28.230577,28.577923,28.135058,28.404251,7115961,Yahoo Finance
2003-04-02,28.721201,29.198801,28.708176,29.016445,6580631,Yahoo Finance
2003-04-03,29.018620,29.289984,28.903561,29.057697,5598476,Yahoo Finance
2003-04-04,29.059858,29.216165,28.781982,29.085911,6349803,Yahoo Finance
2003-04-07,29.296492,29.687256,28.712515,28.777643,9158011,Yahoo Finance
2003-04-08,28.779817,29.068548,28.703836,28.977371,5812799,Yahoo Finance
2003-04-09,28.977361,29.248725,28.558373,28.571400,5545374,Yahoo Finance
2003-04-10,28.571417,28.933959,28.551877,28.825413,4227621,Yahoo Finance
2003-04-11,28.827577,29.196632,28.723374,28.853628,5370518,Yahoo Finance
2003-04-14,28.855809,29.031654,28.638718,28.925278,5046642,Yahoo Finance
2003-04-15,28.873163,29.035980,28.595286,29.012100,6006073,Yahoo Finance
2003-04-16,29.012092,29.012092,27.818089,28.004789,12587422,Yahoo Finance
2003-04-17,28.006955,28.319568,27.785523,28.217535,8750175,Yahoo Finance
2003-04-21,28.228398,28.478053,28.061239,28.184980,7263786,Yahoo Finance
2003-04-22,27.861507,28.180631,27.703030,28.167606,8649950,Yahoo Finance
2003-04-23,28.135043,28.150239,27.683492,27.744278,7133422,Yahoo Finance
2003-04-24,27.744288,27.744288,27.247149,27.292738,8993202,Yahoo Finance
2003-04-25,27.175497,27.294899,26.613231,26.680531,8663106,Yahoo Finance
2003-04-28,26.730469,27.581466,26.624094,27.527193,8288280,Yahoo Finance
2003-04-29,27.527194,27.703039,27.362204,27.564100,5312393,Yahoo Finance
2003-04-30,27.564098,27.564098,27.201554,27.362202,7687170,Yahoo Finance
2003-05-01,27.362200,27.362200,26.960581,27.114716,5431036,Yahoo Finance
2003-05-02,26.919342,27.431678,26.915000,27.386087,4864371,Yahoo Finance
2003-05-05,27.386083,27.472920,26.949729,27.095181,4614886,Yahoo Finance
2003-05-06,27.095193,27.095193,26.452603,26.663181,9170928,Yahoo Finance
2003-05-07,26.665334,26.665334,26.278911,26.378775,7887381,Yahoo Finance
2003-05-08,26.380952,26.938877,26.161690,26.719614,7898862,Yahoo Finance
2003-05-09,26.758692,26.862895,26.591531,26.660999,6611488,Yahoo Finance
2003-05-12,26.663170,27.114719,26.402661,27.017029,5442757,Yahoo Finance
2003-05-13,26.823827,27.030065,26.678376,26.804289,4475671,Yahoo Finance
2003-05-14,26.919352,26.938890,26.543784,26.736994,4648374,Yahoo Finance
2003-05-15,26.750010,27.347012,26.750010,27.320961,6376354,Yahoo Finance
2003-05-16,27.323133,27.418653,27.158143,27.234125,6100557,Yahoo Finance
2003-05-19,27.179852,27.236296,26.899803,26.915001,4352483,Yahoo Finance
2003-05-20,27.103867,27.127747,26.804281,27.086498,5390611,Yahoo Finance
2003-05-21,27.088686,27.158524,26.735128,26.903177,4929434,Yahoo Finance
2003-05-22,26.953361,27.339655,26.942448,27.230532,5576230,Yahoo Finance
2003-05-23,27.285107,27.285107,26.927185,26.953375,3112470,Yahoo Finance
2003-05-27,26.953378,27.581926,26.765686,27.520817,4700758,Yahoo Finance
2003-05-28,27.660474,27.660474,27.182515,27.282909,5029898,Yahoo Finance
2003-05-29,27.337484,27.496803,26.855159,26.914085,5322439,Yahoo Finance
2003-05-30,27.062494,27.610291,27.042850,27.601561,6429696,Yahoo Finance
2003-06-02,27.771794,27.865639,27.250186,27.280741,5151411,Yahoo Finance
2003-06-03,27.302557,27.573181,27.278550,27.538261,3651388,Yahoo Finance
2003-06-04,27.498988,27.848181,27.370221,27.717232,4652918,Yahoo Finance
2003-06-05,27.457519,27.653941,27.171618,27.424782,4781130,Yahoo Finance
2003-06-06,27.771791,28.044599,27.586281,27.586281,6665308,Yahoo Finance
2003-06-09,27.588458,27.817617,27.293826,27.544809,3547814,Yahoo Finance
2003-06-10,27.706311,27.717222,27.291644,27.544809,3571017,Yahoo Finance
2003-06-11,27.505523,27.926739,27.498977,27.926739,3489689,Yahoo Finance
2003-06-12,28.044600,28.131897,27.608108,28.014046,4106107,Yahoo Finance
2003-06-13,28.044594,28.072966,27.830712,27.891821,4721569,Yahoo Finance
2003-06-16,28.027145,28.476732,28.011868,28.476732,4977513,Yahoo Finance
2003-06-17,28.476730,28.476730,28.155907,28.389431,4735682,Yahoo Finance
2003-06-18,28.476736,28.797557,28.269401,28.751726,7304450,Yahoo Finance
2003-06-19,28.753892,29.223122,28.555290,28.679689,7698174,Yahoo Finance
2003-06-20,28.819373,28.869569,28.415618,28.542200,8266752,Yahoo Finance
2003-06-23,28.542201,28.542201,28.164636,28.278124,4384775,Yahoo Finance
2003-06-24,28.278114,28.491995,28.262838,28.354500,3612159,Yahoo Finance
2003-06-25,28.356695,28.642598,28.155908,28.219200,4560348,Yahoo Finance
2003-06-26,28.164633,28.487637,28.136261,28.437441,3423670,Yahoo Finance
2003-06-27,28.426525,28.448351,27.994398,28.068604,3296654,Yahoo Finance
2003-06-30,28.099155,28.262839,27.891820,28.149351,4317082,Yahoo Finance
2003-07-01,28.149346,28.149346,27.723765,28.127522,4109695,Yahoo Finance
2003-07-02,28.129706,28.350135,28.083875,28.347952,2825670,Yahoo Finance
2003-07-03,28.153732,28.267218,27.935486,28.018419,2472850,Yahoo Finance
2003-07-07,28.234475,28.588033,28.219196,28.398157,6120889,Yahoo Finance
2003-07-08,28.343605,28.426539,28.020602,28.328329,4690712,Yahoo Finance
2003-07-09,28.339212,28.385043,28.059857,28.223541,3435151,Yahoo Finance
2003-07-10,28.153723,28.339232,28.048963,28.131897,4186478,Yahoo Finance
2003-07-11,28.131903,28.332690,28.075159,28.206108,2741232,Yahoo Finance
2003-07-14,28.441811,28.577123,28.070794,28.144997,4647895,Yahoo Finance
2003-07-15,28.363240,28.363240,27.839449,27.955120,5095678,Yahoo Finance
2003-07-16,27.979127,28.016229,27.706319,27.852545,3396401,Yahoo Finance
2003-07-17,27.717220,27.924555,27.673572,27.787060,4602926,Yahoo Finance
2003-07-18,28.044593,28.411245,27.837259,28.411245,7350855,Yahoo Finance
2003-07-21,28.906678,29.842952,28.906678,29.757835,15687693,Yahoo Finance
2003-07-22,29.760008,30.069918,29.519938,30.041546,8788926,Yahoo Finance
2003-07-23,30.041550,30.281620,29.690174,30.281620,4832797,Yahoo Finance
2003-07-24,30.336195,30.565354,30.255444,30.412580,8241158,Yahoo Finance
2003-07-25,30.414748,30.881792,30.318719,30.859968,6344541,Yahoo Finance
2003-07-28,30.729024,30.827233,30.611170,30.768307,6889438,Yahoo Finance
2003-07-29,30.674449,30.744287,30.399459,30.456203,4815814,Yahoo Finance
2003-07-30,30.458407,30.543523,30.261985,30.423487,4610819,Yahoo Finance
2003-07-31,30.467117,30.912339,30.464935,30.598066,5164328,Yahoo Finance
2003-08-01,30.423478,30.608987,30.314355,30.338362,4379034,Yahoo Finance
2003-08-04,30.340548,30.641727,30.124484,30.580618,4280484,Yahoo Finance
2003-08-05,30.536954,30.628618,30.292519,30.325256,3944408,Yahoo Finance
2003-08-06,30.270724,30.399489,30.124499,30.163784,4125722,Yahoo Finance
2003-08-07,30.109205,30.342727,30.067737,30.303444,3979810,Yahoo Finance
2003-08-08,30.305629,30.543518,30.227060,30.543518,3239246,Yahoo Finance
2003-08-11,30.543513,30.969091,30.471490,30.969091,6649521,Yahoo Finance
2003-08-12,30.990909,31.438314,30.897064,31.420853,6275890,Yahoo Finance
2003-08-13,31.423049,31.612923,31.423049,31.536537,6426108,Yahoo Finance
2003-08-14,31.274627,31.274627,30.683182,31.021461,7799834,Yahoo Finance
2003-08-15,31.176428,31.176428,30.859972,31.134962,2994306,Yahoo Finance
2003-08-18,31.100042,31.612919,31.100042,31.501614,4338370,Yahoo Finance
2003-08-19,31.503795,31.569270,31.254995,31.525621,3900634,Yahoo Finance
2003-08-20,31.670322,31.670322,31.376529,31.532196,3521024,Yahoo Finance
2003-08-21,31.582618,31.878602,31.571655,31.722935,3859253,Yahoo Finance
2003-08-22,31.944386,31.944386,31.464234,31.466427,4828013,Yahoo Finance
2003-08-25,31.499310,31.556314,31.326103,31.433535,2734774,Yahoo Finance
2003-08-26,31.435733,31.659366,31.266912,31.602362,2822799,Yahoo Finance
2003-08-27,31.545366,31.593600,31.334889,31.341467,2993349,Yahoo Finance
2003-08-28,31.286630,31.352403,30.997222,31.187967,3311485,Yahoo Finance
2003-08-29,31.187989,31.295420,31.045478,31.236223,2691718,Yahoo Finance
2003-09-02,30.913932,31.043289,30.679337,30.727571,7817534,Yahoo Finance
2003-09-03,30.727556,31.312948,30.677130,31.266905,7150166,Yahoo Finance
2003-09-04,31.269089,31.297591,30.642041,30.694660,6749267,Yahoo Finance
2003-09-05,30.574085,30.628897,30.177246,30.405264,6299332,Yahoo Finance
2003-09-08,30.519281,30.519281,30.069822,30.251797,6133566,Yahoo Finance
2003-09-09,30.168462,30.543375,30.100495,30.126804,5131318,Yahoo Finance
2003-09-10,30.126820,30.234251,29.885648,29.949228,4687124,Yahoo Finance
2003-09-11,29.964591,30.613564,29.964591,30.451321,5063625,Yahoo Finance
2003-09-12,30.332910,30.528039,30.201360,30.306601,5221736,Yahoo Finance
2003-09-15,30.376760,30.499540,30.137781,30.350451,4280962,Yahoo Finance
2003-09-16,30.405263,30.870068,30.398685,30.870068,3885804,Yahoo Finance
2003-09-17,30.872272,31.034515,30.738531,30.753878,4203222,Yahoo Finance
2003-09-18,30.804282,31.166041,30.753855,31.100266,3584651,Yahoo Finance
2003-09-19,31.100274,31.341448,30.815253,31.128777,6017554,Yahoo Finance
2003-09-22,30.924879,31.266905,30.924879,31.159473,4754100,Yahoo Finance
2003-09-23,31.133160,31.350215,31.115621,31.297596,3465530,Yahoo Finance
2003-09-24,31.275681,31.293220,30.905154,30.946810,3814522,Yahoo Finance
2003-09-25,30.946817,31.172643,30.913929,31.047670,4323062,Yahoo Finance
2003-09-26,31.385299,31.648396,31.319524,31.451075,7577856,Yahoo Finance
2003-09-29,31.396256,31.398447,30.694663,30.813057,20914930,Yahoo Finance
2003-09-30,30.650829,30.813072,30.229872,30.286877,6220635,Yahoo Finance
2003-10-01,30.668355,31.111236,30.606966,31.089312,5320884,Yahoo Finance
2003-10-02,31.133148,31.348011,30.935825,31.255928,3437424,Yahoo Finance
2003-10-03,32.075939,32.470583,31.975083,32.023319,6673919,Yahoo Finance
2003-10-06,32.023324,32.229416,31.799691,31.983858,3328229,Yahoo Finance
2003-10-07,31.940013,32.150490,31.790924,32.141720,2650336,Yahoo Finance
2003-10-08,32.146087,32.146087,31.773366,31.878605,2440199,Yahoo Finance
2003-10-09,32.185562,32.575821,32.124172,32.510048,4487033,Yahoo Finance
2003-10-10,32.448649,32.733672,32.404801,32.466190,3402620,Yahoo Finance
2003-10-13,32.689828,32.821376,32.510045,32.676674,2321556,Yahoo Finance
2003-10-14,32.593356,32.742443,32.330257,32.742443,2526191,Yahoo Finance
2003-10-15,32.777536,32.781921,32.238187,32.317116,3314714,Yahoo Finance
2003-10-16,32.360966,32.580213,32.128564,32.268883,3766204,Yahoo Finance
2003-10-17,32.312723,32.505661,32.137324,32.470581,3677102,Yahoo Finance
2003-10-20,33.194100,33.194100,32.211870,33.097630,6762064,Yahoo Finance
2003-10-21,33.312484,33.347564,33.005539,33.106392,3867505,Yahoo Finance
2003-10-22,33.097626,33.404573,32.939768,33.246716,4454024,Yahoo Finance
2003-10-23,33.246718,33.387037,33.005546,33.294952,2793019,Yahoo Finance
2003-10-24,33.294949,33.382649,32.948539,33.185326,2586709,Yahoo Finance
2003-10-27,33.185315,33.382638,33.119541,33.211624,2688488,Yahoo Finance
2003-10-28,33.426487,33.917601,33.281783,33.873753,4018440,Yahoo Finance
2003-10-29,33.873759,34.132471,33.632585,34.014076,2883915,Yahoo Finance
2003-10-30,34.014077,34.408723,34.014077,34.228939,3081494,Yahoo Finance
2003-10-31,34.228935,34.772673,34.215783,34.584118,3665740,Yahoo Finance
2003-11-03,34.623587,34.785830,34.408725,34.549046,3358248,Yahoo Finance
2003-11-04,34.487662,34.987547,34.417501,34.860382,3471988,Yahoo Finance
2003-11-05,34.860366,35.079614,34.474490,34.715660,3261731,Yahoo Finance
2003-11-06,34.430647,34.965610,34.430647,34.904221,2831650,Yahoo Finance
2003-11-07,34.926146,35.031385,34.579734,34.658665,2521048,Yahoo Finance
2003-11-10,34.658685,34.750768,34.487672,34.570984,2081518,Yahoo Finance
2003-11-11,34.575355,34.627975,34.294718,34.421883,2688608,Yahoo Finance
2003-11-12,34.421880,34.636742,34.228940,34.597279,2434817,Yahoo Finance
2003-11-13,34.544660,34.965615,34.373647,34.926151,2307443,Yahoo Finance
2003-11-14,35.031393,35.149787,34.294719,34.435040,2942638,Yahoo Finance
2003-11-17,34.435033,34.435033,33.917607,34.285942,2984618,Yahoo Finance
2003-11-18,34.285941,34.518345,33.790441,33.856216,3446274,Yahoo Finance
2003-11-19,33.887051,33.904667,33.622825,33.843014,3812250,Yahoo Finance
2003-11-20,33.512721,34.116038,33.468684,33.820988,3403816,Yahoo Finance
2003-11-21,33.900243,34.230526,33.798957,34.133644,2452039,Yahoo Finance
2003-11-24,34.327427,35.076071,34.270177,35.036434,3363630,Yahoo Finance
2003-11-25,35.010020,35.010020,34.613679,34.864693,2558364,Yahoo Finance
2003-11-26,34.987986,35.010006,34.635686,34.913124,1863966,Yahoo Finance
2003-11-28,34.635709,34.895531,34.591672,34.807457,849519,Yahoo Finance
2003-12-01,35.010011,35.956823,34.965974,35.943611,4056952,Yahoo Finance
2003-12-02,35.837931,35.886372,35.573706,35.648567,3179925,Yahoo Finance
2003-12-03,35.604526,35.952426,35.564893,35.666180,3470074,Yahoo Finance
2003-12-04,35.547267,35.833513,35.516443,35.802685,2534085,Yahoo Finance
2003-12-05,35.617722,35.864331,35.525244,35.556068,2428598,Yahoo Finance
2003-12-08,35.582516,36.102163,35.556095,36.088951,2865975,Yahoo Finance
2003-12-09,36.154995,36.463258,36.005268,36.119766,3386594,Yahoo Finance
2003-12-10,36.155000,36.159405,35.525263,35.644161,2647824,Yahoo Finance
2003-12-11,35.754244,35.978837,35.582496,35.776264,3199898,Yahoo Finance
2003-12-12,35.917196,36.155002,35.582509,35.877563,2677366,Yahoo Finance
2003-12-15,36.348763,36.745104,36.000867,36.110962,4257880,Yahoo Finance
2003-12-16,36.110957,36.608584,36.110957,36.542526,2947662,Yahoo Finance
2003-12-17,36.546945,36.775942,36.339968,36.753922,2418671,Yahoo Finance
2003-12-18,36.771528,36.771528,36.507303,36.740700,3482991,Yahoo Finance
2003-12-19,36.793533,37.317584,36.793533,37.022530,5443833,Yahoo Finance
2003-12-22,37.159070,37.608252,37.145857,37.542198,3420799,Yahoo Finance
2003-12-23,37.498131,37.502535,37.026929,37.260330,2926971,Yahoo Finance
2003-12-24,37.260336,37.295565,37.084185,37.097397,917810,Yahoo Finance
2003-12-26,37.137039,37.269154,37.031349,37.084194,1045543,Yahoo Finance
2003-12-29,37.044548,37.255928,36.802338,37.211891,2806175,Yahoo Finance
2003-12-30,37.167862,37.260340,37.000519,37.115013,1745801,Yahoo Finance
2003-12-31,37.203099,37.467325,37.167871,37.445309,1945055,Yahoo Finance
2004-01-02,37.432091,37.515761,36.599777,36.714275,3099673,Yahoo Finance
2004-01-05,36.806761,37.432099,36.692262,37.414482,3570299,Yahoo Finance
2004-01-06,37.211914,37.414486,37.167877,37.299988,3567788,Yahoo Finance
2004-01-07,37.044565,37.101814,36.419227,36.657032,5135146,Yahoo Finance
2004-01-08,36.657029,36.661433,36.278305,36.410416,4173203,Yahoo Finance
2004-01-09,36.265081,36.639401,36.119758,36.287102,3959478,Yahoo Finance
2004-01-12,36.348760,36.687851,36.216649,36.626198,3398195,Yahoo Finance
2004-01-13,36.573359,36.749511,36.335557,36.498497,2583001,Yahoo Finance
2004-01-14,36.608568,36.978484,36.595355,36.859581,2497607,Yahoo Finance
2004-01-15,36.859607,37.225123,36.595381,37.123833,3109122,Yahoo Finance
2004-01-16,37.410081,37.815230,37.348428,37.643482,4348536,Yahoo Finance
2004-01-20,37.960526,37.960526,35.274225,35.410744,11645811,Yahoo Finance
2004-01-21,35.648562,36.388398,35.274242,36.000866,9223791,Yahoo Finance
2004-01-22,36.102144,36.445640,36.000858,36.159393,4551258,Yahoo Finance
2004-01-23,36.397204,36.410413,36.000864,36.093342,3149786,Yahoo Finance
2004-01-26,36.093339,36.397202,36.066919,36.317932,3499137,Yahoo Finance
2004-01-27,36.406005,36.599773,36.110954,36.154991,3441251,Yahoo Finance
2004-01-28,36.221055,36.392803,35.036437,35.230206,5122946,Yahoo Finance
2004-01-29,35.239014,35.340301,34.860290,35.018826,5610197,Yahoo Finance
2004-01-30,34.877897,34.943955,34.530002,34.829456,4054081,Yahoo Finance
2004-02-02,34.741397,35.054064,34.160096,34.349461,4735203,Yahoo Finance
2004-02-03,34.833851,34.913121,34.173285,34.745777,4488588,Yahoo Finance
2004-02-04,34.745794,35.150939,34.547621,34.987999,4136007,Yahoo Finance
2004-02-05,34.833862,35.001206,34.653306,34.789825,3116058,Yahoo Finance
2004-02-06,34.789823,35.274237,34.789823,35.146526,3251565,Yahoo Finance
2004-02-09,35.142119,35.335887,34.891105,34.961567,2483853,Yahoo Finance
2004-02-10,35.032026,35.846728,34.833858,35.780670,4004088,Yahoo Finance
2004-02-11,35.560479,35.873146,35.556075,35.846725,3399032,Yahoo Finance
2004-02-12,35.846726,35.851130,35.613325,35.661766,2462205,Yahoo Finance
2004-02-13,35.692596,35.705809,35.089279,35.089279,3395803,Yahoo Finance
2004-02-17,35.406346,35.547265,35.120099,35.371113,3223459,Yahoo Finance
2004-02-18,35.477294,35.530377,35.034934,35.238422,2733219,Yahoo Finance
2004-02-19,35.379977,35.503839,34.915497,34.990700,2886546,Yahoo Finance
2004-02-20,35.114554,35.499407,35.012812,35.256107,2867410,Yahoo Finance
2004-02-23,35.278224,35.667501,35.211869,35.583450,2702721,Yahoo Finance
2004-02-24,35.499413,35.702897,35.008393,35.158794,2897071,Yahoo Finance
2004-02-25,34.968589,35.256120,34.588155,34.756252,3704610,Yahoo Finance
2004-02-26,34.645652,34.964155,34.504099,34.583721,4212073,Yahoo Finance
2004-02-27,34.614682,34.875673,34.327147,34.512939,3524134,Yahoo Finance
2004-03-01,34.711999,34.990686,34.543902,34.849133,2828301,Yahoo Finance
2004-03-02,34.924347,35.070328,34.641235,34.641235,2651293,Yahoo Finance
2004-03-03,34.645656,35.127832,34.641232,34.924343,3394128,Yahoo Finance
2004-03-04,34.950876,35.101277,34.676613,34.897793,2333755,Yahoo Finance
2004-03-05,34.857986,35.167636,34.681041,34.796055,3412068,Yahoo Finance
2004-03-08,34.778349,34.844704,34.309445,34.358109,2842892,Yahoo Finance
2004-03-09,34.358137,34.570469,34.172344,34.437759,3114623,Yahoo Finance
2004-03-10,34.402363,34.552765,33.530912,33.619385,5005858,Yahoo Finance
2004-03-11,33.296461,34.017508,33.234530,33.331848,5259410,Yahoo Finance
2004-03-12,33.331829,33.752072,33.177004,33.716682,3976102,Yahoo Finance
2004-03-15,33.663613,33.663613,32.889483,33.119511,4154426,Yahoo Finance
2004-03-16,34.198875,35.096867,34.198875,34.862415,8949548,Yahoo Finance
2004-03-17,35.145509,35.291490,34.866822,35.194168,4442422,Yahoo Finance
2004-03-18,35.043765,35.499397,34.813737,35.335724,4250345,Yahoo Finance
2004-03-19,35.335745,35.649819,35.256118,35.282661,4278451,Yahoo Finance
2004-03-22,34.990685,35.384387,34.955298,35.260525,4614288,Yahoo Finance
2004-03-23,35.388806,35.609986,35.167625,35.211861,3838921,Yahoo Finance
2004-03-24,35.211876,35.455175,34.999543,35.136673,3132802,Yahoo Finance
2004-03-25,35.388822,35.840031,35.039356,35.840031,3839519,Yahoo Finance
2004-03-26,35.654230,35.760396,35.167634,35.379967,3128377,Yahoo Finance
2004-03-29,35.388809,35.782510,35.384385,35.742695,3171194,Yahoo Finance
2004-03-30,35.640965,36.176224,35.561343,36.131985,3588837,Yahoo Finance
2004-03-31,36.242566,36.264685,35.831173,36.216026,3571734,Yahoo Finance
2004-04-01,36.216013,36.273520,35.786925,35.853275,3427736,Yahoo Finance
2004-04-02,36.273546,36.339901,35.919656,36.176228,3455124,Yahoo Finance
2004-04-05,36.229299,36.614153,36.193908,36.605305,2675811,Yahoo Finance
2004-04-06,36.428369,36.667245,36.317779,36.640701,1976988,Yahoo Finance
2004-04-07,36.547798,36.711471,36.397396,36.605305,3531310,Yahoo Finance
2004-04-08,36.693777,36.822063,36.313348,36.463749,2799597,Yahoo Finance
2004-04-12,36.552225,36.990162,36.538954,36.990162,1809428,Yahoo Finance
2004-04-13,36.945904,37.003411,36.410646,36.446037,2867769,Yahoo Finance
2004-04-14,36.114294,36.702632,36.096598,36.565498,2226234,Yahoo Finance
2004-04-15,36.565497,36.768986,36.317777,36.649548,2484929,Yahoo Finance
2004-04-16,36.848598,37.083050,36.530099,37.038815,2672342,Yahoo Finance
2004-04-19,37.136132,37.653695,36.609726,37.052086,6306747,Yahoo Finance
2004-04-20,37.158265,37.560810,36.795527,36.804375,3258861,Yahoo Finance
2004-04-21,36.804376,37.326363,36.671671,37.136147,2614336,Yahoo Finance
2004-04-22,37.060935,38.564961,37.060935,38.463219,5728362,Yahoo Finance
2004-04-23,38.175689,39.237355,38.042983,38.883465,6048411,Yahoo Finance
2004-04-26,38.710938,39.042708,38.706514,38.817104,3479164,Yahoo Finance
2004-04-27,38.609191,39.179837,38.609191,39.095791,3840356,Yahoo Finance
2004-04-28,38.883471,38.949826,38.312829,38.361488,3227047,Yahoo Finance
2004-04-29,38.361473,38.706515,38.016431,38.096058,3787014,Yahoo Finance
2004-04-30,38.065105,38.635751,38.051837,38.255322,3577116,Yahoo Finance
2004-05-03,38.264160,38.772871,38.162418,38.498608,2746375,Yahoo Finance
2004-05-04,38.233204,38.595942,38.051839,38.264172,3435749,Yahoo Finance
2004-05-05,38.264159,38.418984,37.914693,37.932388,2921948,Yahoo Finance
2004-05-06,37.653696,37.843909,37.171521,37.498871,3372122,Yahoo Finance
2004-05-07,37.357309,37.896987,37.206908,37.348461,2682987,Yahoo Finance
2004-05-10,37.003440,37.136146,36.667246,36.954777,3694922,Yahoo Finance
2004-05-11,37.366167,37.684665,36.972466,37.224613,3283618,Yahoo Finance
2004-05-12,36.981294,37.777540,36.941483,37.755424,3366381,Yahoo Finance
2004-05-13,37.600629,37.821809,37.264435,37.383873,3001601,Yahoo Finance
2004-05-14,37.162670,37.414814,36.875135,37.074196,3272017,Yahoo Finance
2004-05-17,36.609736,37.109604,36.605313,36.813221,3318302,Yahoo Finance
2004-05-18,36.857456,36.981318,36.583193,36.768986,3538007,Yahoo Finance
2004-05-19,36.875604,37.510929,36.524618,36.569046,3083288,Yahoo Finance
2004-05-20,36.631251,36.768981,36.444654,36.520180,2917881,Yahoo Finance
2004-05-21,36.631245,37.142173,36.617915,36.840057,2361861,Yahoo Finance
2004-05-24,36.844510,37.297681,36.626811,36.675682,2687053,Yahoo Finance
2004-05-25,36.671245,37.275476,36.284718,37.159962,3710829,Yahoo Finance
2004-05-26,37.195485,37.453168,37.106629,37.319885,2197172,Yahoo Finance
2004-05-27,37.564244,38.106274,37.502044,37.741959,3280508,Yahoo Finance
2004-05-28,37.764182,37.875254,37.435412,37.568695,1974118,Yahoo Finance
2004-06-01,37.377654,37.901908,37.324340,37.688652,2828779,Yahoo Finance
2004-06-02,37.964108,38.146266,37.675322,38.035194,2191909,Yahoo Finance
2004-06-03,37.968542,38.159586,37.661987,37.661987,1950556,Yahoo Finance
2004-06-04,37.897468,38.052966,37.653114,37.701984,2078648,Yahoo Finance
2004-06-07,37.701981,37.986324,37.608683,37.844151,2921948,Yahoo Finance
2004-06-08,37.675327,38.292883,37.670883,38.266228,2332559,Yahoo Finance
2004-06-09,38.208470,38.346196,37.946339,37.946339,2112136,Yahoo Finance
2004-06-10,37.959674,38.328433,37.959674,38.306217,1979978,Yahoo Finance
2004-06-14,38.030737,38.186236,37.710853,37.830807,2362698,Yahoo Finance
2004-06-15,38.186260,38.217362,37.777520,38.008545,2304931,Yahoo Finance
2004-06-16,38.008531,38.092947,37.781945,37.875248,2836434,Yahoo Finance
2004-06-17,37.764174,38.315087,37.764174,38.177357,1791488,Yahoo Finance
2004-06-18,38.177351,38.914865,38.177351,38.692722,4428070,Yahoo Finance
2004-06-21,38.608321,39.048166,38.608321,38.777149,2905323,Yahoo Finance
2004-06-22,39.003740,39.763470,38.781598,39.763470,4541332,Yahoo Finance
2004-06-23,39.550188,39.852303,39.341375,39.785660,3575322,Yahoo Finance
2004-06-24,39.607954,39.683484,39.305843,39.354713,2243457,Yahoo Finance
2004-06-25,39.363585,39.696798,39.128113,39.390240,3515164,Yahoo Finance
2004-06-28,39.563548,39.790134,39.225892,39.403606,2231138,Yahoo Finance
2004-06-29,39.403585,39.985599,39.323616,39.896740,3082929,Yahoo Finance
2004-06-30,39.905639,40.114452,39.612410,39.990051,3671481,Yahoo Finance
2004-07-01,39.985621,40.034491,39.003749,39.172577,3142131,Yahoo Finance
2004-07-02,39.243659,39.270314,38.834916,38.874905,2047432,Yahoo Finance
2004-07-06,38.683835,39.083692,38.652737,38.897091,2757856,Yahoo Finance
2004-07-07,38.897100,39.292514,38.817131,39.288071,2935343,Yahoo Finance
2004-07-08,39.288064,39.541309,38.937083,38.981510,2802946,Yahoo Finance
2004-07-09,39.185898,39.403597,38.786041,38.941540,2130435,Yahoo Finance
2004-07-12,38.994859,39.097044,38.630543,39.052612,1920656,Yahoo Finance
2004-07-13,38.852700,39.043744,38.719413,38.821602,2725564,Yahoo Finance
2004-07-14,38.461713,39.399153,38.461713,39.181454,2445581,Yahoo Finance
2004-07-15,39.181431,39.625715,39.176987,39.372475,2480624,Yahoo Finance
2004-07-16,39.674613,39.674613,38.999300,39.025959,3043820,Yahoo Finance
2004-07-19,37.986315,37.990758,36.520175,36.897816,12583953,Yahoo Finance
2004-07-20,37.075537,37.764179,36.991124,37.764179,5947349,Yahoo Finance
2004-07-21,37.853030,37.853030,37.075532,37.133289,4254292,Yahoo Finance
2004-07-22,36.884481,37.364307,36.875595,37.186592,4504016,Yahoo Finance
2004-07-23,37.186605,37.208821,36.564606,36.706779,3276562,Yahoo Finance
2004-07-26,36.706786,36.875615,36.151431,36.266945,4007078,Yahoo Finance
2004-07-27,36.422433,37.079973,36.253605,36.897816,3336003,Yahoo Finance
2004-07-28,36.897831,36.897831,35.875979,36.426891,5374704,Yahoo Finance
2004-07-29,36.737882,36.737882,36.253613,36.484642,3375949,Yahoo Finance
2004-07-30,36.484646,36.697902,36.400230,36.591274,2254819,Yahoo Finance
2004-08-02,36.564609,37.253252,36.386898,37.119965,2884752,Yahoo Finance
2004-08-03,36.991133,37.026675,36.613488,36.844517,2124814,Yahoo Finance
2004-08-04,36.609039,37.164395,36.484638,36.955578,2413887,Yahoo Finance
2004-08-05,36.800064,37.173261,36.200280,36.240265,3082570,Yahoo Finance
2004-08-06,35.880422,36.071462,35.387267,35.485008,3861406,Yahoo Finance
2004-08-09,35.453904,35.840435,35.258420,35.298405,3057694,Yahoo Finance
2004-08-10,35.542767,35.604967,34.805253,35.369495,4761635,Yahoo Finance
2004-08-11,35.231759,35.316171,34.743043,35.200657,4067835,Yahoo Finance
2004-08-12,35.107356,35.182881,34.543114,34.560886,3811652,Yahoo Finance
2004-08-13,34.720850,34.876349,34.298777,34.503151,2512437,Yahoo Finance
2004-08-16,34.720825,34.889654,34.543111,34.756367,3472945,Yahoo Finance
2004-08-17,34.720827,35.098468,34.720827,34.956295,3442208,Yahoo Finance
2004-08-18,34.902745,35.706135,34.728677,35.706135,3297611,Yahoo Finance
2004-08-19,35.594562,35.777557,35.514221,35.697216,2678083,Yahoo Finance
2004-08-20,35.527589,35.906966,35.505271,35.826630,2134980,Yahoo Finance
2004-08-23,35.790929,36.130138,35.706129,35.866806,1869826,Yahoo Finance
2004-08-24,36.018548,36.125666,35.786457,35.964989,1598574,Yahoo Finance
2004-08-25,35.862341,36.308668,35.572228,36.241718,2505381,Yahoo Finance
2004-08-26,36.255122,36.589867,36.170317,36.272976,1933573,Yahoo Finance
2004-08-27,36.130141,36.464886,36.049805,36.366695,1356982,Yahoo Finance
2004-08-30,36.375622,36.500594,36.201554,36.286354,1771276,Yahoo Finance
2004-08-31,36.322057,36.804088,36.223866,36.759457,2999688,Yahoo Finance
2004-09-01,36.652350,37.089750,36.652350,36.982632,2457062,Yahoo Finance
2004-09-02,36.938001,37.312914,36.732688,37.286133,2702840,Yahoo Finance
2004-09-03,37.299531,37.567327,37.205804,37.464672,2127445,Yahoo Finance
2004-09-07,37.580684,37.754752,37.388766,37.589611,2613260,Yahoo Finance
2004-09-08,37.589633,37.589633,37.201328,37.424492,2696621,Yahoo Finance
2004-09-09,37.536074,37.616410,37.379860,37.424492,2131272,Yahoo Finance
2004-09-10,37.446797,37.808320,37.281657,37.799393,2204826,Yahoo Finance
2004-09-13,37.799398,37.919907,37.611943,37.781548,2728913,Yahoo Finance
2004-09-14,37.781552,37.794939,37.424489,37.455730,2673778,Yahoo Finance
2004-09-15,37.455734,37.455734,36.598789,36.598789,4441944,Yahoo Finance
2004-09-16,36.688047,36.920138,36.558615,36.621098,2793497,Yahoo Finance
2004-09-17,36.621103,36.937997,36.478280,36.741611,4266969,Yahoo Finance
2004-09-20,36.665749,36.710381,36.085522,36.125690,3335046,Yahoo Finance
2004-09-21,36.272950,36.509500,35.884646,36.406845,3621608,Yahoo Finance
2004-09-22,36.241736,36.241736,35.719536,35.808800,3534778,Yahoo Finance
2004-09-23,35.715050,35.768609,35.125896,35.125896,4754339,Yahoo Finance
2004-09-24,35.201782,35.438336,35.116978,35.116978,3808782,Yahoo Finance
2004-09-27,35.116957,35.116957,34.675095,34.675095,3955052,Yahoo Finance
2004-09-28,34.929520,35.371383,34.773306,35.291042,4928357,Yahoo Finance
2004-09-29,35.192847,35.304429,34.947366,35.161606,3222263,Yahoo Finance
2004-09-30,35.116982,35.857886,35.041109,35.692745,4920942,Yahoo Finance
2004-10-01,35.706124,36.040869,35.567760,35.567760,4283833,Yahoo Finance
2004-10-04,35.773075,35.862339,35.233017,35.233017,3570658,Yahoo Finance
2004-10-05,35.237487,35.246414,34.858110,35.152687,3529635,Yahoo Finance
2004-10-06,35.540986,36.264035,35.371381,36.214939,4132180,Yahoo Finance
2004-10-07,36.585395,36.585395,35.549919,35.554382,3186024,Yahoo Finance
2004-10-08,35.599003,35.603466,35.183917,35.375839,3127420,Yahoo Finance
2004-10-11,35.482967,35.652571,35.357994,35.357994,1865521,Yahoo Finance
2004-10-12,35.326741,35.349055,35.050018,35.094650,2679638,Yahoo Finance
2004-10-13,35.460653,35.527603,34.407323,34.804554,4480575,Yahoo Finance
2004-10-14,34.880426,34.960763,34.501049,34.634945,3623880,Yahoo Finance
2004-10-15,34.657268,35.058963,34.657268,34.804554,3833778,Yahoo Finance
2004-10-18,33.474496,34.197545,32.720203,33.965454,17306359,Yahoo Finance
2004-10-19,34.277893,34.371620,33.586085,33.648571,5857530,Yahoo Finance
2004-10-20,33.711065,34.416260,33.403099,34.277901,6395132,Yahoo Finance
2004-10-21,34.344832,34.710822,34.170764,34.634945,4858870,Yahoo Finance
2004-10-22,34.746530,34.813480,33.742295,33.867268,4789502,Yahoo Finance
2004-10-25,33.639620,33.947585,33.496795,33.728886,3500214,Yahoo Finance
2004-10-26,33.653021,34.036863,33.590536,34.019009,4356789,Yahoo Finance
2004-10-27,33.836015,34.728666,33.688726,34.621548,4226784,Yahoo Finance
2004-10-28,34.380531,34.728662,34.322508,34.434090,2694229,Yahoo Finance
2004-10-29,34.344825,34.692961,34.344825,34.621548,2526430,Yahoo Finance
2004-11-01,34.590320,34.590320,33.983316,34.326988,3474858,Yahoo Finance
2004-11-02,34.077040,34.701899,33.742295,33.867268,4655669,Yahoo Finance
2004-11-03,33.920840,34.679594,33.519144,33.603947,6634571,Yahoo Finance
2004-11-04,33.715506,34.880420,33.501269,34.849174,7460648,Yahoo Finance
2004-11-05,35.036630,36.429169,35.036630,36.330978,8068934,Yahoo Finance
2004-11-08,36.330998,36.505066,36.076590,36.322071,3550924,Yahoo Finance
2004-11-09,36.433656,36.531847,36.067666,36.237270,2521527,Yahoo Finance
2004-11-10,36.210494,36.290831,35.947162,36.085522,3433955,Yahoo Finance
2004-11-11,36.308662,36.607702,36.112280,36.545216,3046810,Yahoo Finance
2004-11-12,36.598775,36.902275,36.554143,36.902275,3201572,Yahoo Finance
2004-11-15,36.955841,37.000477,36.612173,36.723755,3653302,Yahoo Finance
2004-11-16,36.688046,36.692510,36.406860,36.496128,3379178,Yahoo Finance
2004-11-17,36.751652,37.164090,36.626127,36.863728,3372600,Yahoo Finance
2004-11-18,36.760612,37.002692,36.760612,36.926483,2614456,Yahoo Finance
2004-11-19,36.836847,36.872713,36.209229,36.289921,3074916,Yahoo Finance
2004-11-22,36.289901,36.289901,36.029888,36.195759,3363152,Yahoo Finance
2004-11-23,36.195773,36.200256,35.886443,35.971622,3545064,Yahoo Finance
2004-11-24,35.940246,36.079217,35.886446,35.976109,3128736,Yahoo Finance
2004-11-26,35.864024,36.061274,35.864024,35.935753,1361766,Yahoo Finance
2004-11-29,35.953684,36.155421,35.577112,35.864025,3727812,Yahoo Finance
2004-11-30,35.864026,36.092659,35.617459,35.680222,5150813,Yahoo Finance
2004-12-01,35.639874,36.065758,35.639874,36.065758,4585225,Yahoo Finance
2004-12-02,35.953678,36.200244,35.684698,35.823673,3566352,Yahoo Finance
2004-12-03,35.917819,36.679928,35.801261,36.348186,5909316,Yahoo Finance
2004-12-06,36.200258,36.240604,35.980591,36.029903,2880207,Yahoo Finance
2004-12-07,36.141955,36.307826,35.348463,35.357430,4193296,Yahoo Finance
2004-12-08,35.415727,35.689190,35.393311,35.523319,2885709,Yahoo Finance
2004-12-09,35.442621,35.545734,35.205025,35.402275,4611178,Yahoo Finance
2004-12-10,35.236410,35.496423,35.213998,35.326073,3189014,Yahoo Finance
2004-12-13,35.438139,35.617456,35.025701,35.182606,4652081,Yahoo Finance
2004-12-14,35.191574,35.505383,35.169157,35.191574,4078121,Yahoo Finance
2004-12-15,35.357449,35.612978,35.281236,35.456074,5003944,Yahoo Finance
2004-12-16,35.478486,36.133003,35.415724,35.819195,5805504,Yahoo Finance
2004-12-17,36.043350,36.267501,35.881963,36.141975,7526667,Yahoo Finance
2004-12-20,35.958173,36.460269,35.958173,36.200256,4234916,Yahoo Finance
2004-12-21,36.209198,36.392998,36.132986,36.357136,3361597,Yahoo Finance
2004-12-22,36.312317,36.612676,36.204726,36.540951,3445676,Yahoo Finance
2004-12-23,36.697858,37.199954,36.697858,37.007183,3625196,Yahoo Finance
2004-12-27,37.025123,37.204444,36.827873,36.827873,2650336,Yahoo Finance
2004-12-28,36.939926,37.208905,36.895093,37.204422,2536596,Yahoo Finance
2004-12-29,37.096837,37.204429,36.980279,37.092354,2027459,Yahoo Finance
2004-12-30,37.074435,37.222376,37.052022,37.096851,1520953,Yahoo Finance
2004-12-31,37.087887,37.105820,36.792007,36.792007,1723197,Yahoo Finance
2005-01-03,36.836829,37.388242,36.783033,36.939941,3817632,Yahoo Finance
2005-01-04,36.939946,37.217892,36.612684,36.639584,4358942,Yahoo Finance
2005-01-05,36.626146,36.738221,36.191296,36.191296,3462779,Yahoo Finance
2005-01-06,36.258523,36.939940,36.231623,36.518536,3605342,Yahoo Finance
2005-01-07,36.536469,37.119257,36.424394,36.895107,3938428,Yahoo Finance
2005-01-10,36.895123,37.791724,36.895123,37.630337,5195065,Yahoo Finance
2005-01-11,37.634801,38.101035,37.589972,37.975510,5689492,Yahoo Finance
2005-01-12,37.917231,38.105519,37.657218,38.087585,5003466,Yahoo Finance
2005-01-13,37.953093,38.329669,37.437551,37.563072,4990190,Yahoo Finance
2005-01-14,37.563088,37.769309,37.253762,37.643784,3686311,Yahoo Finance
2005-01-18,37.652747,38.105531,36.590275,36.769596,8565034,Yahoo Finance
2005-01-19,36.984791,37.114795,36.805470,36.836849,5834088,Yahoo Finance
2005-01-20,37.074429,37.455484,36.796483,37.186504,3867864,Yahoo Finance
2005-01-21,37.096860,37.262731,36.393026,36.433376,5094362,Yahoo Finance
2005-01-24,36.536467,36.742684,36.218171,36.590263,4839375,Yahoo Finance
2005-01-25,36.827865,37.217886,36.765102,37.128223,4162558,Yahoo Finance
2005-01-26,37.195479,37.616880,37.195479,37.397213,3491722,Yahoo Finance
2005-01-27,37.208919,37.433070,36.957869,37.159607,3066664,Yahoo Finance
2005-01-28,37.159600,37.388234,37.114767,37.320988,2447734,Yahoo Finance
2005-01-31,37.477914,37.881385,37.477914,37.818623,3349637,Yahoo Finance
2005-02-01,37.814123,37.971027,37.567556,37.693081,3600199,Yahoo Finance
2005-02-02,37.554114,37.563077,37.303064,37.361343,3477968,Yahoo Finance
2005-02-03,37.388243,37.513764,37.186506,37.361343,2768022,Yahoo Finance
2005-02-04,37.455481,37.751360,37.397202,37.693081,2931755,Yahoo Finance
2005-02-07,37.679629,37.881366,37.549624,37.603420,2051379,Yahoo Finance
2005-02-08,37.455488,37.926205,37.329967,37.809647,2415920,Yahoo Finance
2005-02-09,37.809662,37.823112,37.298599,37.365845,2129837,Yahoo Finance
2005-02-10,37.383763,37.693088,37.365829,37.612396,2290699,Yahoo Finance
2005-02-11,37.648264,37.890347,37.316522,37.675159,3083408,Yahoo Finance
2005-02-14,37.867928,38.083112,37.724474,37.930691,2406950,Yahoo Finance
2005-02-15,38.105530,38.585209,37.980005,38.549347,4489306,Yahoo Finance
2005-02-16,38.329661,38.993145,38.271382,38.912449,3542911,Yahoo Finance
2005-02-17,38.769028,38.912482,38.423836,38.423836,3484785,Yahoo Finance
2005-02-18,38.455201,38.777981,38.329680,38.352093,3536692,Yahoo Finance
2005-02-22,38.284826,38.486564,37.589963,37.684105,3575322,Yahoo Finance
2005-02-23,37.702148,37.976984,37.580502,37.810280,3681766,Yahoo Finance
2005-02-24,37.747198,37.967972,37.382253,37.967972,3219871,Yahoo Finance
2005-02-25,37.936436,38.247319,37.706654,38.116657,2693512,Yahoo Finance
2005-02-28,38.116667,38.134690,37.729193,37.819302,2587307,Yahoo Finance
2005-03-01,37.823799,38.296880,37.693142,38.058086,2738720,Yahoo Finance
2005-03-02,38.026559,38.341944,37.855349,38.098644,2610150,Yahoo Finance
2005-03-03,38.283356,38.283356,37.630058,38.251820,2885828,Yahoo Finance
2005-03-04,38.391507,39.053817,38.346453,38.954697,3476533,Yahoo Finance
2005-03-07,38.954684,39.400730,38.905124,39.067322,4329400,Yahoo Finance
2005-03-08,38.932127,39.139383,38.792458,38.918613,3225612,Yahoo Finance
2005-03-09,38.837526,39.116868,38.769942,38.801483,3066305,Yahoo Finance
2005-03-10,38.792478,39.098851,38.405004,39.040283,3018106,Yahoo Finance
2005-03-11,39.040294,39.193480,38.526664,38.580730,2865855,Yahoo Finance
2005-03-14,38.634794,38.972708,38.414024,38.702374,3085321,Yahoo Finance
2005-03-15,38.747411,39.089831,38.684334,38.684334,2630363,Yahoo Finance
2005-03-16,38.589717,39.148405,38.589717,38.747414,3299644,Yahoo Finance
2005-03-17,38.688844,38.954668,38.490599,38.733898,2386977,Yahoo Finance
2005-03-18,38.927640,39.220495,38.549174,38.819504,6296820,Yahoo Finance
2005-03-21,38.747420,38.837529,38.436538,38.598736,2027579,Yahoo Finance
2005-03-22,38.513144,39.062816,38.450067,38.468090,2495693,Yahoo Finance
2005-03-23,38.364450,38.522146,38.125661,38.328407,2830095,Yahoo Finance
2005-03-24,38.409510,38.589727,38.247311,38.423027,2204946,Yahoo Finance
2005-03-28,38.427529,38.639291,38.350938,38.373463,1867315,Yahoo Finance
2005-03-29,38.377965,38.774450,38.116646,38.139175,3292229,Yahoo Finance
2005-03-30,38.229303,38.783481,38.229303,38.738426,2390804,Yahoo Finance
2005-03-31,38.724913,39.013266,38.553703,38.607769,3120842,Yahoo Finance
2005-04-01,38.747434,38.842048,38.328419,38.350948,2743265,Yahoo Finance
2005-04-04,38.400510,38.486113,38.103145,38.161716,2928645,Yahoo Finance
2005-04-05,38.152701,38.296880,37.778745,38.058086,3424387,Yahoo Finance
2005-04-06,38.296887,38.576229,38.188755,38.215786,2790866,Yahoo Finance
2005-04-07,38.341934,38.477097,38.202261,38.368965,2549752,Yahoo Finance
2005-04-08,38.296875,38.454567,38.071599,38.094124,1986197,Yahoo Finance
2005-04-11,38.184242,38.242814,37.931931,38.058086,1899248,Yahoo Finance
2005-04-12,37.954454,38.508632,37.634564,38.409512,2759172,Yahoo Finance
2005-04-13,38.283356,38.454566,37.756209,37.945442,2744342,Yahoo Finance
2005-04-14,37.801260,37.814773,37.017296,37.116421,3835094,Yahoo Finance
2005-04-15,37.120936,37.161484,36.273899,36.431591,5545015,Yahoo Finance
2005-04-18,36.044128,36.048634,33.962580,34.196865,15831093,Yahoo Finance
2005-04-19,34.467181,35.233116,34.467181,34.660915,8551280,Yahoo Finance
2005-04-20,34.769068,34.962803,34.016646,34.196865,5886353,Yahoo Finance
2005-04-21,34.647414,35.242141,34.381588,35.093460,4374729,Yahoo Finance
2005-04-22,35.102462,35.106968,34.413117,34.719490,3248097,Yahoo Finance
2005-04-25,34.994331,35.246637,34.787074,34.922241,2943715,Yahoo Finance
2005-04-26,34.926739,35.066408,34.300472,34.300472,3258980,Yahoo Finance
2005-04-27,34.183343,34.620377,33.913013,34.512245,3289239,Yahoo Finance
2005-04-28,34.196843,34.250911,33.840908,33.894974,3843226,Yahoo Finance
2005-04-29,34.111264,34.512254,33.768845,34.453682,3535137,Yahoo Finance
2005-05-02,34.453678,34.755549,34.354557,34.638405,3390062,Yahoo Finance
2005-05-03,34.620359,34.823109,34.363546,34.584316,3757354,Yahoo Finance
2005-05-04,34.557303,34.976318,34.323018,34.850163,3603668,Yahoo Finance
2005-05-05,34.850151,35.120481,34.737513,34.904217,3109839,Yahoo Finance
2005-05-06,34.953775,35.251140,34.769052,34.841137,2734295,Yahoo Finance
2005-05-09,34.773569,35.021370,34.602359,35.021370,2763597,Yahoo Finance
2005-05-10,34.953777,34.953777,34.237401,34.516743,4624812,Yahoo Finance
2005-05-11,34.597838,34.728495,34.241901,34.687946,3356215,Yahoo Finance
2005-05-12,34.800598,34.805104,34.088728,34.142792,2836553,Yahoo Finance
2005-05-13,34.273451,34.368065,33.831911,34.066196,3054225,Yahoo Finance
2005-05-16,34.228419,34.534796,34.093254,34.431168,2310433,Yahoo Finance
2005-05-17,34.264427,34.760034,34.129262,34.696957,2887503,Yahoo Finance
2005-05-18,34.873654,35.521478,34.769459,35.381039,2687771,Yahoo Finance
2005-05-19,35.381018,35.417258,35.136385,35.272293,2621512,Yahoo Finance
2005-05-20,35.245118,35.245118,34.588237,34.909882,4144379,Yahoo Finance
2005-05-23,35.018612,35.892942,34.928005,35.575829,3543150,Yahoo Finance
2005-05-24,35.390093,35.553180,35.313078,35.421803,2707146,Yahoo Finance
2005-05-25,35.417266,35.417266,34.878172,34.909882,3097401,Yahoo Finance
2005-05-26,35.245126,35.245126,34.678852,34.873650,3649355,Yahoo Finance
2005-05-27,34.850997,35.086569,34.850997,34.873650,1807993,Yahoo Finance
2005-05-31,34.887220,35.009537,34.724133,34.724133,3991052,Yahoo Finance
2005-06-01,34.783038,35.245117,34.638071,34.882702,2494736,Yahoo Finance
2005-06-02,34.887229,34.937061,34.583702,34.687897,2654163,Yahoo Finance
2005-06-03,34.696966,34.814752,34.316428,34.429684,2757378,Yahoo Finance
2005-06-06,34.366268,34.542947,34.239423,34.502174,1926876,Yahoo Finance
2005-06-07,34.656198,35.082037,34.524823,34.583714,3259220,Yahoo Finance
2005-06-08,34.846472,34.869120,34.592777,34.683380,2443069,Yahoo Finance
2005-06-09,34.683358,34.896281,34.339063,34.511211,3254196,Yahoo Finance
2005-06-10,34.674312,34.692432,34.157866,34.334545,3321172,Yahoo Finance
2005-06-13,34.411549,34.860038,34.248459,34.470440,3057574,Yahoo Finance
2005-06-14,34.706031,34.900832,34.588245,34.728683,2826387,Yahoo Finance
2005-06-15,34.837403,34.905357,34.339077,34.488575,3124430,Yahoo Finance
2005-06-16,34.488578,34.873646,34.316430,34.733212,2745657,Yahoo Finance
2005-06-17,35.186233,35.584893,34.814752,34.846466,4711522,Yahoo Finance
2005-06-20,35.109219,35.285899,34.923479,34.968781,2728315,Yahoo Finance
2005-06-21,35.063918,35.331200,34.882708,34.968781,3375471,Yahoo Finance
2005-06-22,35.267773,35.566769,35.027670,35.281364,4757449,Yahoo Finance
2005-06-23,35.430859,35.448982,34.239413,34.370789,5665452,Yahoo Finance
2005-06-24,34.316424,34.570116,34.112563,34.194107,4788784,Yahoo Finance
2005-06-27,34.284713,34.574648,34.203169,34.334545,2730109,Yahoo Finance
2005-06-28,34.565592,34.982372,34.452336,34.928009,3597568,Yahoo Finance
2005-06-29,34.914423,34.918954,34.416099,34.447811,2661220,Yahoo Finance
2005-06-30,33.523636,33.772798,32.730847,32.753498,17649252,Yahoo Finance
2005-07-01,32.758036,33.124984,32.178169,33.070621,10603736,Yahoo Finance
2005-07-05,33.088733,33.464742,33.070613,33.351486,4783163,Yahoo Finance
2005-07-06,33.356012,33.356012,32.993595,32.993595,4489306,Yahoo Finance
2005-07-07,32.617595,33.478338,32.332190,33.437565,4442422,Yahoo Finance
2005-07-08,33.478349,34.085398,33.342443,33.976673,4000620,Yahoo Finance
2005-07-11,34.153339,34.502165,33.985721,34.488575,4437040,Yahoo Finance
2005-07-12,34.493105,34.493105,33.913236,33.917767,4410489,Yahoo Finance
2005-07-13,34.021956,34.171454,33.754674,34.031017,3945963,Yahoo Finance
2005-07-14,34.031019,34.416087,34.008368,34.171455,3338754,Yahoo Finance
2005-07-15,34.339076,34.764917,34.012901,34.180519,4274265,Yahoo Finance
2005-07-18,34.180532,34.493118,33.650494,33.763752,5539394,Yahoo Finance
2005-07-19,33.781850,33.908695,33.519096,33.655003,5059558,Yahoo Finance
2005-07-20,33.573473,33.863407,33.519110,33.831696,3382408,Yahoo Finance
2005-07-21,34.031023,34.157869,33.645955,33.772800,3348680,Yahoo Finance
2005-07-22,33.886047,33.954001,33.523629,33.845276,3417211,Yahoo Finance
2005-07-25,33.904185,34.112574,33.478344,33.600658,3520067,Yahoo Finance
2005-07-26,33.809026,33.809026,33.423958,33.423958,3186144,Yahoo Finance
2005-07-27,33.564412,33.614244,33.220114,33.365082,3820622,Yahoo Finance
2005-07-28,33.383210,33.881534,33.360559,33.840763,3813566,Yahoo Finance
2005-07-29,33.917780,34.121641,33.713920,33.976673,3669567,Yahoo Finance
2005-08-01,34.021959,34.135215,33.845282,34.112564,2993349,Yahoo Finance
2005-08-02,34.117094,34.198638,33.818100,33.922295,2920393,Yahoo Finance
2005-08-03,33.772814,33.867949,33.487409,33.609726,4007557,Yahoo Finance
2005-08-04,33.609723,33.609723,33.070626,33.229183,3924196,Yahoo Finance
2005-08-05,33.229173,33.365082,33.029843,33.066086,3221785,Yahoo Finance
2005-08-08,33.016253,33.165751,32.617593,32.771622,4481651,Yahoo Finance
2005-08-09,32.830523,33.025324,32.585891,32.617603,4765462,Yahoo Finance
2005-08-10,32.699147,32.934719,32.531529,32.617603,6054630,Yahoo Finance
2005-08-11,32.717252,32.816916,32.540573,32.780674,4169615,Yahoo Finance
2005-08-12,32.776152,32.816923,32.590412,32.590412,3256828,Yahoo Finance
2005-08-15,32.617599,32.898472,32.255181,32.699142,4039968,Yahoo Finance
2005-08-16,32.726321,32.753502,32.459039,32.463570,2968352,Yahoo Finance
2005-08-17,32.463562,32.837231,32.417994,32.700523,3150384,Yahoo Finance
2005-08-18,32.759772,32.805340,32.481799,32.773441,3627109,Yahoo Finance
2005-08-19,32.882822,33.220034,32.778011,32.841808,3497224,Yahoo Finance
2005-08-22,32.973946,33.247364,32.536482,32.773441,3416015,Yahoo Finance
2005-08-23,32.773446,32.773446,32.285854,32.349651,3984235,Yahoo Finance
2005-08-24,32.231176,32.636742,32.099024,32.500034,4467778,Yahoo Finance
2005-08-25,32.595728,32.600285,32.376996,32.490917,2592450,Yahoo Finance
2005-08-26,32.436233,32.495473,32.149146,32.349651,3583096,Yahoo Finance
2005-08-29,32.126353,32.522806,32.085342,32.390656,2249796,Yahoo Finance
2005-08-30,32.390652,32.513690,32.199261,32.345081,2853895,Yahoo Finance
2005-08-31,32.290392,32.463554,32.130899,32.422543,3402620,Yahoo Finance
2005-09-01,32.536471,32.691406,32.176474,32.290398,3593502,Yahoo Finance
2005-09-02,32.531925,32.668632,32.372431,32.582050,2998731,Yahoo Finance
2005-09-06,32.846342,33.156213,32.709635,33.128872,3874203,Yahoo Finance
2005-09-07,33.188111,33.857979,33.128871,33.616463,4613450,Yahoo Finance
2005-09-08,32.923814,33.639252,32.910144,33.320267,4323779,Yahoo Finance
2005-09-09,33.470653,33.662044,33.311159,33.502552,3022412,Yahoo Finance
2005-09-12,33.598241,33.958240,33.493433,33.826088,4704586,Yahoo Finance
2005-09-13,33.739512,33.985586,33.712168,33.721283,3593023,Yahoo Finance
2005-09-14,33.789637,33.940014,33.520777,33.593689,2879250,Yahoo Finance
2005-09-15,33.502545,33.639253,33.192674,33.406849,2930559,Yahoo Finance
2005-09-16,33.570909,33.639264,33.179013,33.425087,4735562,Yahoo Finance
2005-09-19,33.379512,33.402297,32.878251,33.037743,3420680,Yahoo Finance
2005-09-20,32.987618,33.256476,32.901036,32.969391,3186264,Yahoo Finance
2005-09-21,32.973951,33.138002,32.764334,32.960281,3519230,Yahoo Finance
2005-09-22,32.901031,33.333940,32.891917,33.174446,2921110,Yahoo Finance
2005-09-23,33.174443,33.247355,32.919255,33.060520,2609433,Yahoo Finance
2005-09-26,33.311153,33.456976,33.224572,33.324825,3096324,Yahoo Finance
2005-09-27,33.265575,33.443295,33.174436,33.347599,2381714,Yahoo Finance
2005-09-28,33.502565,33.561805,32.910164,33.119781,3659880,Yahoo Finance
2005-09-29,33.215449,33.443295,33.028616,33.347599,3377504,Yahoo Finance
2005-09-30,33.347629,33.484336,33.265604,33.429653,2219537,Yahoo Finance
2005-10-03,33.384074,33.552680,33.014962,33.051418,2560397,Yahoo Finance
2005-10-04,33.051415,33.220022,32.536482,32.582050,3385637,Yahoo Finance
2005-10-05,32.541051,32.778010,32.422570,32.431683,4324377,Yahoo Finance
2005-10-06,32.518249,32.705084,32.121796,32.404327,4689636,Yahoo Finance
2005-10-07,32.586596,32.805328,32.477230,32.686848,2759052,Yahoo Finance
2005-10-10,32.809905,32.901044,32.472693,32.531933,2342844,Yahoo Finance
2005-10-11,32.468137,32.490921,32.058014,32.149151,3422115,Yahoo Finance
2005-10-12,32.030671,32.468135,31.966873,32.071682,4460602,Yahoo Finance
2005-10-13,31.948643,32.299528,31.766367,31.930416,4072739,Yahoo Finance
2005-10-14,32.026092,32.253938,31.934953,32.226597,3068816,Yahoo Finance
2005-10-17,32.358775,33.124340,32.253966,33.024086,5665572,Yahoo Finance
2005-10-18,33.402294,34.354694,33.306600,34.044823,8390777,Yahoo Finance
2005-10-19,34.049381,34.473175,33.785080,34.473175,5002509,Yahoo Finance
2005-10-20,34.473173,34.609882,33.953684,34.131405,3985311,Yahoo Finance
2005-10-21,34.063041,34.473164,34.049369,34.126839,3721354,Yahoo Finance
2005-10-24,34.354692,34.468615,34.167857,34.432159,2840978,Yahoo Finance
2005-10-25,34.518741,34.764814,34.236211,34.482285,3514685,Yahoo Finance
2005-10-26,34.441268,34.714683,34.254433,34.254433,2406591,Yahoo Finance
2005-10-27,34.368362,34.587094,34.067605,34.090389,2307921,Yahoo Finance
2005-10-28,34.290888,34.742023,34.090383,34.742023,3261492,Yahoo Finance
2005-10-31,34.742039,34.851405,34.423053,34.623558,4222358,Yahoo Finance
2005-11-01,34.404819,34.409376,33.953683,34.113174,4400562,Yahoo Finance
2005-11-02,34.213432,34.363809,33.903561,34.245331,4397333,Yahoo Finance
2005-11-03,34.313694,34.509642,33.999265,34.240784,3016910,Yahoo Finance
2005-11-04,34.336473,34.587104,34.122298,34.236221,2961416,Yahoo Finance
2005-11-07,34.473173,34.787601,34.336465,34.564312,2178275,Yahoo Finance
2005-11-08,34.564308,34.805826,34.404816,34.609879,2266420,Yahoo Finance
2005-11-09,34.632661,34.937976,34.550636,34.673672,2888220,Yahoo Finance
2005-11-10,34.673686,35.225078,34.523309,35.170395,3594100,Yahoo Finance
2005-11-11,35.275184,35.430119,35.211387,35.338982,2482298,Yahoo Finance
2005-11-14,35.247863,35.475709,35.193180,35.375458,2757019,Yahoo Finance
2005-11-15,35.352671,35.808365,35.302546,35.571404,3084723,Yahoo Finance
2005-11-16,35.726334,35.835700,34.869631,35.047352,5919363,Yahoo Finance
2005-11-17,35.225077,35.293428,34.896975,35.206848,4734366,Yahoo Finance
2005-11-18,35.885824,35.885824,35.384562,35.616966,4425200,Yahoo Finance
2005-11-21,35.726333,36.172912,35.594181,36.104557,3082331,Yahoo Finance
2005-11-22,36.237406,36.338191,35.573131,35.861748,4885062,Yahoo Finance
2005-11-23,35.765560,35.907579,35.632707,35.793049,3151460,Yahoo Finance
2005-11-25,35.765547,35.893822,35.618950,35.880077,1393340,Yahoo Finance
2005-11-28,35.957960,35.985450,35.701410,35.825104,2712528,Yahoo Finance
2005-11-29,35.829684,36.077071,35.811362,35.893822,2987967,Yahoo Finance
2005-11-30,35.893817,36.283219,35.838843,35.953373,3502366,Yahoo Finance
2005-12-01,36.086228,36.576416,36.072483,36.315289,3344255,Yahoo Finance
2005-12-02,36.214528,36.530631,36.164131,36.374870,2074342,Yahoo Finance
2005-12-05,36.237413,36.553519,35.797618,35.880077,3422713,Yahoo Finance
2005-12-06,35.939634,36.054164,35.513583,35.596043,4124526,Yahoo Finance
2005-12-07,35.916713,36.145774,35.321154,35.449429,4569916,Yahoo Finance
2005-12-08,35.655608,35.728909,35.206649,35.247879,2687412,Yahoo Finance
2005-12-09,35.486089,35.770124,35.234124,35.669338,3021455,Yahoo Finance
2005-12-12,35.673917,35.806774,35.174566,35.325745,2380997,Yahoo Finance
2005-12-13,35.458606,35.641852,35.128756,35.252449,2940127,Yahoo Finance
2005-12-14,35.197466,35.692240,35.197466,35.527317,2514710,Yahoo Finance
2005-12-15,35.444858,35.724311,35.261608,35.499832,3481078,Yahoo Finance
2005-12-16,35.705988,35.815937,35.229544,35.316586,5687937,Yahoo Finance
2005-12-19,35.229541,35.618944,35.206633,35.536480,3266396,Yahoo Finance
2005-12-20,35.421958,35.852594,35.412799,35.472355,3557024,Yahoo Finance
2005-12-21,35.563970,35.848005,35.531899,35.756378,2295961,Yahoo Finance
2005-12-22,35.953368,36.164102,35.596032,36.026669,2854254,Yahoo Finance
2005-12-23,35.683078,36.159521,33.658181,36.008343,1310457,Yahoo Finance
2005-12-27,36.026662,36.187004,35.435684,35.449429,2184733,Yahoo Finance
2005-12-28,35.545650,35.944216,35.522746,35.825104,1932258,Yahoo Finance
2005-12-29,35.893814,36.040416,35.779284,35.866329,1643304,Yahoo Finance
2005-12-30,35.783867,35.870908,35.481506,35.504414,2067406,Yahoo Finance
2006-01-03,35.623526,36.351938,35.385302,36.241989,3728171,Yahoo Finance
2006-01-04,36.416071,36.416071,35.848000,36.058735,3059368,Yahoo Finance
2006-01-05,35.921306,36.031255,35.531899,35.728893,3025282,Yahoo Finance
2006-01-06,36.026684,36.145796,35.568562,36.022102,2965482,Yahoo Finance
2006-01-09,35.962547,36.571848,35.944221,36.200771,2207338,Yahoo Finance
2006-01-10,36.191593,36.196174,35.770119,35.976276,2296200,Yahoo Finance
2006-01-11,35.935051,36.035841,35.660179,35.902985,2284240,Yahoo Finance
2006-01-12,35.825103,35.838848,35.366982,35.596043,2536836,Yahoo Finance
2006-01-13,35.252445,35.825097,35.252445,35.504414,2302659,Yahoo Finance
2006-01-17,35.321167,35.559391,35.275356,35.316586,2479786,Yahoo Finance
2006-01-18,35.275366,35.403641,35.055469,35.357830,2192986,Yahoo Finance
2006-01-19,35.362398,35.444862,35.137919,35.234127,2161292,Yahoo Finance
2006-01-20,35.234116,35.234116,34.441564,34.469051,3928262,Yahoo Finance
2006-01-23,34.588166,34.922594,34.272062,34.679790,3532386,Yahoo Finance
2006-01-24,33.905560,34.633972,33.772706,33.992603,6591395,Yahoo Finance
2006-01-25,33.557382,33.823093,33.328322,33.442852,8940339,Yahoo Finance
2006-01-26,33.543651,33.639856,32.993905,33.305428,6012890,Yahoo Finance
2006-01-27,33.190896,33.557392,33.167990,33.282520,4560468,Yahoo Finance
2006-01-30,33.397051,33.598624,33.177151,33.282520,4142466,Yahoo Finance
2006-01-31,33.167997,33.557399,32.966423,33.328339,6360208,Yahoo Finance
2006-02-01,33.122194,33.626129,32.989339,33.529922,4579604,Yahoo Finance
2006-02-02,33.516162,33.754384,33.007646,33.053459,3835692,Yahoo Finance
2006-02-03,32.870215,33.025977,32.526624,32.572437,3896927,Yahoo Finance
2006-02-06,32.526635,32.664071,32.522053,32.604515,3051594,Yahoo Finance
2006-02-07,32.599930,32.659484,32.329637,32.366287,3746829,Yahoo Finance
2006-02-08,32.366292,32.654909,32.205949,32.526634,3403936,Yahoo Finance
2006-02-09,32.691535,33.387880,32.641142,33.039707,4542528,Yahoo Finance
2006-02-10,33.117601,33.438285,32.755684,33.264198,3506313,Yahoo Finance
2006-02-13,33.300848,33.635277,33.277943,33.401634,2775079,Yahoo Finance
2006-02-14,33.671933,33.955968,33.630703,33.763557,4615842,Yahoo Finance
2006-02-15,33.768145,33.983461,33.484110,33.502434,3196788,Yahoo Finance
2006-02-16,33.534482,33.603199,33.213797,33.465763,3495908,Yahoo Finance
2006-02-17,33.511592,33.969714,33.479524,33.795628,2796966,Yahoo Finance
2006-02-21,33.749812,33.946807,33.374152,33.534496,4432735,Yahoo Finance
2006-02-22,33.741952,33.995512,33.645138,33.645138,3198224,Yahoo Finance
2006-02-23,33.700463,34.152263,33.654362,33.954025,3222981,Yahoo Finance
2006-02-24,34.087701,34.189124,33.714276,34.073872,2309596,Yahoo Finance
2006-02-27,34.115377,34.419649,33.972462,33.972462,3318063,Yahoo Finance
2006-02-28,33.977073,34.152260,33.709681,33.926361,3223579,Yahoo Finance
2006-03-01,34.202968,34.202968,33.889476,33.963238,2434458,Yahoo Finance
2006-03-02,33.949416,34.023178,33.649753,33.677414,3177892,Yahoo Finance
2006-03-03,33.677402,33.788046,33.497604,33.599030,3699467,Yahoo Finance
2006-03-06,33.405396,33.562142,32.981260,33.170277,4290291,Yahoo Finance
2006-03-07,33.101142,33.350093,33.008939,33.317822,3533941,Yahoo Finance
2006-03-08,33.428463,33.686633,33.216393,33.368530,2983661,Yahoo Finance
2006-03-09,33.437680,33.543714,33.087306,33.101135,2569965,Yahoo Finance
2006-03-10,33.147227,33.562143,33.138006,33.340855,2191909,Yahoo Finance
2006-03-13,33.423861,33.433082,33.138029,33.234844,2389130,Yahoo Finance
2006-03-14,33.276317,34.000116,33.276317,33.898693,3144284,Yahoo Finance
2006-03-15,33.783432,34.226008,33.658956,34.115364,3424746,Yahoo Finance
2006-03-16,34.341265,34.788452,34.249061,34.525673,5188487,Yahoo Finance
2006-03-17,34.714700,34.783853,34.461140,34.479580,4843202,Yahoo Finance
2006-03-20,34.502616,34.663971,34.368919,34.576378,2091445,Yahoo Finance
2006-03-21,34.668600,34.733143,34.405819,34.544125,3824449,Yahoo Finance
2006-03-22,34.465749,35.106565,34.465749,35.069683,3533821,Yahoo Finance
2006-03-23,35.350908,35.479994,35.042028,35.392403,4148565,Yahoo Finance
2006-03-24,35.337081,35.526096,35.212605,35.406235,4089602,Yahoo Finance
2006-03-27,35.360120,35.604461,35.272529,35.424664,3339830,Yahoo Finance
2006-03-28,35.424670,35.590636,35.106569,35.175720,4199156,Yahoo Finance
2006-03-29,35.871862,36.300611,35.756607,35.756607,6294070,Yahoo Finance
2006-03-30,35.761205,35.784257,35.037407,35.277138,4021670,Yahoo Finance
2006-03-31,35.277143,35.443109,34.857615,34.894497,3738457,Yahoo Finance
2006-04-03,35.023579,35.586020,34.926766,34.963646,4309188,Yahoo Finance
2006-04-04,35.277144,35.954840,35.277144,35.498432,4346982,Yahoo Finance
2006-04-05,35.908743,35.913353,35.406233,35.710503,3329784,Yahoo Finance
2006-04-06,36.876876,37.808135,36.669419,37.517693,12523436,Yahoo Finance
2006-04-07,37.457754,37.840398,37.254904,37.356331,4913048,Yahoo Finance
2006-04-10,36.932204,37.513088,36.932204,37.333290,3066783,Yahoo Finance
2006-04-11,36.959870,37.397836,36.959870,37.245697,3338754,Yahoo Finance
2006-04-12,36.872259,37.513075,36.872259,37.388599,2938333,Yahoo Finance
2006-04-13,37.296409,37.591461,37.148880,37.328678,2145504,Yahoo Finance
2006-04-17,37.135051,37.208815,36.563388,37.001358,3734510,Yahoo Finance
2006-04-18,37.047453,37.895727,37.038232,37.614506,5232022,Yahoo Finance
2006-04-19,37.660611,37.983327,37.646784,37.748207,3495310,Yahoo Finance
2006-04-20,37.734371,38.250712,37.513083,38.080135,5120674,Yahoo Finance
2006-04-21,38.725556,39.417084,38.684061,39.214233,11084767,Yahoo Finance
2006-04-24,38.730161,39.601482,38.725550,39.398636,5218985,Yahoo Finance
2006-04-25,39.186587,39.417097,38.909977,39.098991,4731137,Yahoo Finance
2006-04-26,39.112824,39.486248,39.002180,39.426319,3234702,Yahoo Finance
2006-04-27,39.186573,39.500063,38.956063,39.292606,3577595,Yahoo Finance
2006-04-28,39.186599,39.421718,39.158935,39.384834,3027076,Yahoo Finance
2006-05-01,39.421704,39.523127,39.112820,39.172752,3406328,Yahoo Finance
2006-05-02,39.255744,39.329508,38.531946,38.956085,4553531,Yahoo Finance
2006-05-03,39.071322,39.601490,39.006779,39.601490,3967850,Yahoo Finance
2006-05-04,39.601498,39.956483,39.573839,39.864281,3976341,Yahoo Finance
2006-05-05,39.965689,40.246910,39.896536,40.246910,4343872,Yahoo Finance
2006-05-08,40.154708,40.730982,40.136266,40.629559,4214226,Yahoo Finance
2006-05-09,40.389850,40.477442,40.025644,40.376019,4801581,Yahoo Finance
2006-05-10,40.223871,40.458991,40.214650,40.408276,3370687,Yahoo Finance
2006-05-11,40.223869,40.403667,40.007187,40.186985,3059488,Yahoo Finance
2006-05-12,40.062501,40.412875,39.762842,39.910366,3021694,Yahoo Finance
2006-05-15,39.970300,40.205419,39.679858,40.163929,3106610,Yahoo Finance
2006-05-16,40.163948,40.260761,39.749031,39.997982,3825286,Yahoo Finance
2006-05-17,39.812573,39.845018,38.987589,39.126629,4970576,Yahoo Finance
2006-05-18,38.760476,39.316645,38.760476,39.001484,3217838,Yahoo Finance
2006-05-19,39.191514,39.358365,38.797561,39.075645,3344494,Yahoo Finance
2006-05-22,39.075665,39.205439,38.278487,38.806850,3595774,Yahoo Finance
2006-05-23,38.746585,38.941247,38.473136,38.672428,3329186,Yahoo Finance
2006-05-24,38.556566,38.978331,38.306292,38.848557,3476294,Yahoo Finance
2006-05-25,38.908782,39.038556,38.403594,38.588985,3374992,Yahoo Finance
2006-05-26,38.589026,38.931998,38.426806,38.871746,2198248,Yahoo Finance
2006-05-30,38.700246,38.922714,38.630724,38.681705,2792182,Yahoo Finance
2006-05-31,38.792927,39.219327,38.538018,38.774391,4023703,Yahoo Finance
2006-06-01,38.774381,39.242488,38.533373,39.168335,2059273,Yahoo Finance
2006-06-02,39.302765,39.502062,39.163725,39.293499,2773404,Yahoo Finance
2006-06-05,38.978334,39.084933,38.412894,38.445335,3109002,Yahoo Finance
2006-06-06,38.561196,38.890262,37.675955,38.125530,5142680,Yahoo Finance
2006-06-07,38.125528,38.134799,37.235653,37.235653,4542169,Yahoo Finance
2006-06-08,36.985390,37.977230,36.725846,37.889172,5304738,Yahoo Finance
2006-06-09,37.722304,37.944771,37.193940,37.342251,3063195,Yahoo Finance
2006-06-12,37.342244,37.583252,37.027083,37.152222,3031980,Yahoo Finance
2006-06-13,37.240284,37.648144,37.050258,37.059528,4119263,Yahoo Finance
2006-06-14,36.985376,37.295906,36.744372,37.031727,2976724,Yahoo Finance
2006-06-15,36.915867,37.699140,36.730476,37.495213,3815240,Yahoo Finance
2006-06-16,37.532274,37.611067,37.221744,37.314442,4197362,Yahoo Finance
2006-06-19,37.402504,37.402504,36.563614,36.813889,2928167,Yahoo Finance
2006-06-20,36.813883,37.360786,36.637766,37.027084,2558722,Yahoo Finance
2006-06-21,37.031713,37.689846,37.031713,37.263451,2795291,Yahoo Finance
2006-06-22,37.379329,37.448847,36.749002,36.888042,2145385,Yahoo Finance
2006-06-23,36.892690,37.207855,36.841708,37.041000,2868486,Yahoo Finance
2006-06-26,37.040990,37.240287,36.892680,37.175400,1945772,Yahoo Finance
2006-06-27,37.263467,37.509106,36.438479,36.475555,3022770,Yahoo Finance
2006-06-28,36.480197,36.781458,36.433850,36.744381,2138328,Yahoo Finance
2006-06-29,36.749004,37.773284,36.749004,37.611069,3307538,Yahoo Finance
2006-06-30,37.838168,37.889150,37.407134,37.434944,3909365,Yahoo Finance
2006-07-03,37.611066,37.648142,37.444211,37.597160,782902,Yahoo Finance
2006-07-05,37.495201,37.504467,37.133689,37.332981,2580848,Yahoo Finance
2006-07-06,37.481305,37.819642,37.453494,37.722313,2727478,Yahoo Finance
2006-07-07,35.353942,35.353942,34.223061,34.343567,29133125,Yahoo Finance
2006-07-10,34.519693,34.584581,33.750324,33.884731,11021738,Yahoo Finance
2006-07-11,33.949609,34.167444,33.666889,33.875454,6495596,Yahoo Finance
2006-07-12,34.065478,34.111827,33.583464,33.703968,5167557,Yahoo Finance
2006-07-13,33.592732,33.634444,33.096813,33.198776,5759936,Yahoo Finance
2006-07-14,33.212673,33.356350,32.851161,33.008743,5203676,Yahoo Finance
2006-07-17,32.999491,33.133898,32.522111,32.749214,6199944,Yahoo Finance
2006-07-18,32.860433,32.920685,32.670407,32.837257,6318468,Yahoo Finance
2006-07-19,32.976321,33.082920,32.739948,32.916069,6419769,Yahoo Finance
2006-07-20,33.092175,33.231217,32.934592,32.953133,4082546,Yahoo Finance
2006-07-21,33.078270,33.240488,32.406229,32.777012,6718650,Yahoo Finance
2006-07-24,32.929962,33.226585,32.786283,33.226585,4153230,Yahoo Finance
2006-07-25,32.906783,32.911418,31.076055,31.567339,22556440,Yahoo Finance
2006-07-26,31.567337,32.364514,31.215095,32.007637,10965646,Yahoo Finance
2006-07-27,32.392329,32.767745,32.193035,32.327442,7344636,Yahoo Finance
2006-07-28,32.586999,32.712138,32.341358,32.684330,4798352,Yahoo Finance
2006-07-31,32.489665,32.897522,32.461857,32.628708,3671481,Yahoo Finance
2006-08-01,32.443319,32.494301,32.183773,32.401608,4070227,Yahoo Finance
2006-08-02,32.401595,32.485020,32.234744,32.262550,5783019,Yahoo Finance
2006-08-03,32.262557,32.345985,32.077168,32.109612,5496696,Yahoo Finance
2006-08-04,32.396969,32.577725,32.007648,32.188404,4945221,Yahoo Finance
2006-08-07,32.165217,32.169852,31.877862,31.979826,4321985,Yahoo Finance
2006-08-08,32.188394,32.216202,31.646128,31.775900,4870710,Yahoo Finance
2006-08-09,32.146694,32.146694,31.599790,31.655407,4282876,Yahoo Finance
2006-08-10,31.706387,31.993742,31.646135,31.706387,3736902,Yahoo Finance
2006-08-11,31.771271,31.952025,31.687844,31.762001,4028846,Yahoo Finance
2006-08-14,31.762007,32.109614,31.724928,31.803719,5419315,Yahoo Finance
2006-08-15,32.206939,32.369155,32.067895,32.341347,5562118,Yahoo Finance
2006-08-16,32.582355,32.878980,32.512835,32.809460,6273020,Yahoo Finance
2006-08-17,32.809465,33.170975,32.675055,32.999489,3788210,Yahoo Finance
2006-08-18,33.147790,33.170963,32.920687,33.004112,2972897,Yahoo Finance
2006-08-21,33.045839,33.119997,32.878988,32.962414,2914532,Yahoo Finance
2006-08-22,32.967040,33.245124,32.962405,33.041195,2502750,Yahoo Finance
2006-08-23,33.143824,33.321087,32.672673,32.812618,3329305,Yahoo Finance
2006-08-24,32.887258,32.924577,32.490745,32.700665,2972060,Yahoo Finance
2006-08-25,32.682008,32.840614,32.476754,32.616699,3689780,Yahoo Finance
2006-08-28,32.537396,33.255783,32.537396,33.092514,3179446,Yahoo Finance
2006-08-29,33.092503,33.498346,32.863926,33.405048,3836768,Yahoo Finance
2006-08-30,33.586988,33.586988,33.321091,33.325756,3076232,Yahoo Finance
2006-08-31,33.493673,33.572977,33.330404,33.447025,2129837,Yahoo Finance
2006-09-01,33.465696,33.736258,33.423713,33.456367,2974811,Yahoo Finance
2006-09-05,33.465692,33.586978,33.181136,33.283764,3483948,Yahoo Finance
2006-09-06,33.283780,33.465708,33.139168,33.353752,2994425,Yahoo Finance
2006-09-07,33.353735,33.447032,32.929234,32.929234,3919053,Yahoo Finance
2006-09-08,33.003880,33.395729,32.933909,33.358410,2770414,Yahoo Finance
2006-09-11,33.363066,33.363066,33.027195,33.283764,2618642,Yahoo Finance
2006-09-12,33.437709,33.936850,33.223127,33.852882,4625650,Yahoo Finance
2006-09-13,33.866864,34.421982,33.866864,34.226059,4253454,Yahoo Finance
2006-09-14,34.240062,34.412661,34.146764,34.300705,3139141,Yahoo Finance
2006-09-15,34.636575,34.846494,34.529284,34.585262,6765413,Yahoo Finance
2006-09-18,34.585272,34.706559,34.286721,34.468651,2964525,Yahoo Finance
2006-09-19,34.883810,35.159036,34.034806,34.170086,3134596,Yahoo Finance
2006-09-20,34.193408,34.566598,34.132764,34.249386,4610580,Yahoo Finance
2006-09-21,34.403334,34.496631,33.899530,34.104782,3991889,Yahoo Finance
2006-09-22,34.193404,34.314691,33.689601,34.086113,2880925,Yahoo Finance
2006-09-25,34.137447,34.426668,33.880880,34.380020,5064462,Yahoo Finance
2006-09-26,34.566620,34.986456,34.519970,34.869835,5846885,Yahoo Finance
2006-09-27,34.916477,34.972455,34.683234,34.823181,4046905,Yahoo Finance
2006-09-28,34.799843,34.981773,34.575930,34.799843,3273332,Yahoo Finance
2006-09-29,34.799841,34.986436,34.659896,34.715874,3100271,Yahoo Finance
2006-10-02,34.846485,34.846485,34.207399,34.328686,3519828,Yahoo Finance
2006-10-03,34.174750,34.575928,34.053464,34.533943,3557024,Yahoo Finance
2006-10-04,34.533962,34.995786,34.533962,34.925812,3618139,Yahoo Finance
2006-10-05,34.986452,35.429615,34.986452,35.415619,3129334,Yahoo Finance
2006-10-06,35.429615,35.527576,35.345648,35.429615,3103740,Yahoo Finance
2006-10-09,35.247678,35.410947,35.187035,35.359634,2174208,Yahoo Finance
2006-10-10,35.308309,35.340963,35.051742,35.079731,2270606,Yahoo Finance
2006-10-11,35.079748,35.266341,34.981785,35.205700,3187818,Yahoo Finance
2006-10-12,35.191711,35.243024,34.921149,35.187046,2524397,Yahoo Finance
2006-10-13,35.373622,35.415604,35.149707,35.173031,2096827,Yahoo Finance
2006-10-16,35.266338,35.448268,35.145053,35.336311,2311150,Yahoo Finance
2006-10-17,35.103067,35.452932,35.056420,35.359634,3010332,Yahoo Finance
2006-10-18,35.452928,35.564884,35.079740,35.233681,3069534,Yahoo Finance
2006-10-19,35.233684,35.672179,35.233684,35.639526,3326674,Yahoo Finance
2006-10-20,36.427887,37.038986,36.054701,36.605152,9566565,Yahoo Finance
2006-10-23,36.619147,37.729384,36.619147,37.360859,6309020,Yahoo Finance
2006-10-24,37.295550,37.589436,37.178928,37.267563,3823014,Yahoo Finance
2006-10-25,37.202272,37.295568,36.768438,37.066990,2747930,Yahoo Finance
2006-10-26,37.066985,37.085646,36.637821,36.964359,2861071,Yahoo Finance
2006-10-27,36.945670,37.192908,36.796396,36.829048,2785604,Yahoo Finance
2006-10-30,36.847720,36.969007,36.637803,36.824394,1427306,Yahoo Finance
2006-10-31,36.847733,37.132289,36.437225,36.777760,3202051,Yahoo Finance
2006-11-01,36.773094,36.903711,36.516530,36.777760,3480958,Yahoo Finance
2006-11-02,36.777753,36.992339,36.656466,36.796413,3468280,Yahoo Finance
2006-11-03,36.889699,37.006320,36.441874,36.656456,2169544,Yahoo Finance
2006-11-06,36.805740,37.211582,36.656462,37.127613,2552144,Yahoo Finance
2006-11-07,37.090285,37.384171,36.978328,37.048298,2538151,Yahoo Finance
2006-11-08,37.057628,37.202241,36.852377,37.048298,2070874,Yahoo Finance
2006-11-09,37.108941,37.262884,36.656451,36.805729,3900874,Yahoo Finance
2006-11-10,36.922364,37.020325,36.703113,36.941021,2498324,Yahoo Finance
2006-11-13,36.875708,37.211577,36.777743,37.085625,3079580,Yahoo Finance
2006-11-14,37.085633,37.412172,36.777751,37.360859,3513728,Yahoo Finance
2006-11-15,37.244239,37.850673,37.244239,37.650082,4113164,Yahoo Finance
2006-11-16,37.435509,37.757383,37.379531,37.454170,2316891,Yahoo Finance
2006-11-17,37.547455,38.135227,37.440164,37.971958,3646724,Yahoo Finance
2006-11-20,37.971965,38.018613,37.706066,37.962635,2242739,Yahoo Finance
2006-11-21,37.962636,38.445849,37.812514,38.300419,3399271,Yahoo Finance
2006-11-22,38.281630,38.361385,37.934469,38.220642,2254580,Yahoo Finance
2006-11-24,37.934475,38.234724,37.882870,38.070526,830622,Yahoo Finance
2006-11-27,38.047058,38.070517,37.559153,37.638908,3389344,Yahoo Finance
2006-11-28,37.484117,37.859424,37.413745,37.723377,2572237,Yahoo Finance
2006-11-29,37.812500,38.093982,37.774970,37.990772,2128402,Yahoo Finance
2006-11-30,37.943859,38.375463,37.798424,38.215958,2816580,Yahoo Finance
2006-12-01,38.258189,38.258189,37.024361,37.521645,6548339,Yahoo Finance
2006-12-04,37.728057,38.136203,37.535710,37.948551,3464453,Yahoo Finance
2006-12-05,37.366804,38.023594,37.366804,37.793716,3270701,Yahoo Finance
2006-12-06,37.789048,37.840657,37.390282,37.437195,2819450,Yahoo Finance
2006-12-07,37.423126,37.516952,37.146331,37.324604,3009375,Yahoo Finance
2006-12-08,36.930521,36.930521,36.287802,36.855457,6545110,Yahoo Finance
2006-12-11,36.949268,37.160378,36.634945,36.991489,3362554,Yahoo Finance
2006-12-12,36.986823,37.249542,36.700649,37.066578,4793927,Yahoo Finance
2006-12-13,37.296449,37.352746,37.047805,37.179165,3063913,Yahoo Finance
2006-12-14,37.249529,37.272983,36.827304,36.953972,3850881,Yahoo Finance
2006-12-15,37.376209,37.376209,36.681886,36.738182,7433977,Yahoo Finance
2006-12-18,36.756931,37.066563,36.700635,36.756931,2784408,Yahoo Finance
2006-12-19,36.719419,36.808553,36.466083,36.644356,3402381,Yahoo Finance
2006-12-20,36.733484,37.155709,36.663117,36.982128,2757139,Yahoo Finance
2006-12-21,37.061871,37.207301,36.944587,36.972733,2832487,Yahoo Finance
2006-12-22,36.977425,37.066563,36.752240,36.756931,1986317,Yahoo Finance
2006-12-26,36.667796,36.761622,36.358164,36.606808,2348466,Yahoo Finance
2006-12-27,36.747568,36.911765,36.663125,36.813248,2093359,Yahoo Finance
2006-12-28,36.827314,37.010278,36.602129,36.667809,2017054,Yahoo Finance
2006-12-29,36.639661,36.822625,36.508301,36.559906,2184614,Yahoo Finance
2007-01-03,36.372237,36.991496,36.301865,36.714706,4522674,Yahoo Finance
2007-01-04,36.780405,36.785097,36.334721,36.569290,3550206,Yahoo Finance
2007-01-05,36.541138,36.545830,36.128297,36.320644,3307179,Yahoo Finance
2007-01-08,36.320632,36.611498,36.109518,36.400383,2911662,Yahoo Finance
2007-01-09,36.592742,36.700643,36.330022,36.442619,2268573,Yahoo Finance
2007-01-10,36.269037,36.573978,36.142374,36.522373,2137850,Yahoo Finance
2007-01-11,36.616207,37.075966,36.536457,36.897694,2837510,Yahoo Finance
2007-01-12,36.785091,37.296450,36.695952,37.230770,3088311,Yahoo Finance
2007-01-16,37.287075,37.352754,37.024360,37.324604,3021814,Yahoo Finance
2007-01-17,37.216688,37.301135,36.944590,37.019653,3242715,Yahoo Finance
2007-01-18,36.925820,37.390266,36.874215,36.972733,2347748,Yahoo Finance
2007-01-19,37.104102,37.474722,36.977434,37.179165,3482872,Yahoo Finance
2007-01-22,37.179173,37.197940,36.653739,36.822628,2558603,Yahoo Finance
2007-01-23,36.925810,37.132232,36.747537,36.991489,2331602,Yahoo Finance
2007-01-24,36.991499,37.371503,36.991499,37.291748,2120149,Yahoo Finance
2007-01-25,37.324601,37.413740,36.982131,37.066578,3454885,Yahoo Finance
2007-01-26,37.047810,37.151019,36.700648,36.916451,2387575,Yahoo Finance
2007-01-29,36.846071,37.155699,36.710020,37.043106,4090679,Yahoo Finance
2007-01-30,35.147792,35.738906,34.828778,35.044582,18726848,Yahoo Finance
2007-01-31,34.814712,35.035206,34.289278,34.856934,11104262,Yahoo Finance
2007-02-01,35.068051,35.105583,34.580148,34.711506,7775914,Yahoo Finance
2007-02-02,34.655209,34.749037,34.584839,34.655209,6679062,Yahoo Finance
2007-02-05,34.753721,34.842857,34.575449,34.683350,7594600,Yahoo Finance
2007-02-06,34.673964,34.950755,34.631741,34.842854,5827988,Yahoo Finance
2007-02-07,34.856938,35.180643,34.847554,35.021137,4846072,Yahoo Finance
2007-02-08,35.129034,35.133726,34.767797,35.016441,4592879,Yahoo Finance
2007-02-09,35.016436,35.185325,34.833471,34.969521,4810671,Yahoo Finance
2007-02-12,34.974229,35.133737,34.903860,34.992996,3554632,Yahoo Finance
2007-02-13,35.654465,36.076689,35.537180,35.856194,8603067,Yahoo Finance
2007-02-14,35.856193,36.086072,35.785821,36.048538,4650168,Yahoo Finance
2007-02-15,36.076683,36.301869,35.935940,36.081375,4338490,Yahoo Finance
2007-02-16,36.081380,36.325333,35.846809,36.048538,4537863,Yahoo Finance
2007-02-20,35.889026,36.006311,35.626309,35.926556,4738791,Yahoo Finance
2007-02-21,35.926561,36.153167,35.832142,35.987934,3373198,Yahoo Finance
2007-02-22,35.997374,36.233422,35.940722,36.044582,3343538,Yahoo Finance
2007-02-23,36.110663,36.148430,35.855732,35.978477,2376930,Yahoo Finance
2007-02-26,36.091805,36.266478,35.709406,35.936012,3102424,Yahoo Finance
2007-02-27,35.940733,35.964338,34.708561,35.171215,7015377,Yahoo Finance
2007-02-28,35.053179,35.407252,34.713270,34.972923,6327079,Yahoo Finance
2007-03-01,34.935162,34.939884,34.472508,34.774651,5347196,Yahoo Finance
2007-03-02,34.581088,34.836019,34.463064,34.467785,5990405,Yahoo Finance
2007-03-05,34.467781,34.826575,34.415851,34.543316,5867217,Yahoo Finance
2007-03-06,34.755765,34.788812,34.463065,34.684952,5152966,Yahoo Finance
2007-03-07,34.699108,35.024855,34.543315,34.840736,4515618,Yahoo Finance
2007-03-08,34.949320,35.478070,34.935158,35.180649,4563816,Yahoo Finance
2007-03-09,35.213697,35.553606,35.190090,35.279789,4002055,Yahoo Finance
2007-03-12,35.223155,35.544181,35.218434,35.487530,3851240,Yahoo Finance
2007-03-13,35.289233,35.643306,35.242024,35.298676,5300074,Yahoo Finance
2007-03-14,35.303394,35.803814,35.133437,35.784931,5516909,Yahoo Finance
2007-03-15,35.784939,36.002104,35.723566,35.874638,4700400,Yahoo Finance
2007-03-16,35.987942,36.002106,35.478079,35.539452,6045182,Yahoo Finance
2007-03-19,35.662178,36.096508,35.643295,36.049297,3827798,Yahoo Finance
2007-03-20,36.110676,36.115398,35.898232,36.058746,2846002,Yahoo Finance
2007-03-21,35.997377,36.379774,35.902958,36.304241,3691215,Yahoo Finance
2007-03-22,36.393943,36.823553,36.308968,36.719692,4869992,Yahoo Finance
2007-03-23,36.629986,36.899084,36.535569,36.809383,3325956,Yahoo Finance
2007-03-26,36.663041,36.667763,36.323128,36.530853,4236352,Yahoo Finance
2007-03-27,36.559164,36.573328,36.261743,36.431702,3219871,Yahoo Finance
2007-03-28,36.228701,36.431704,35.964327,36.058746,3810815,Yahoo Finance
2007-03-29,36.058746,36.058746,35.614975,35.921837,5063027,Yahoo Finance
2007-03-30,35.869908,36.370332,35.723558,36.082352,4066998,Yahoo Finance
2007-04-02,36.087072,36.087072,35.836860,36.011536,2887622,Yahoo Finance
2007-04-03,36.129573,36.639438,36.101247,36.568623,3701381,Yahoo Finance
2007-04-04,36.587498,36.696080,36.323122,36.426987,3103740,Yahoo Finance
2007-04-05,36.365629,36.365629,36.049322,36.233440,2971701,Yahoo Finance
2007-04-09,36.275912,36.365613,36.020980,36.271191,2544849,Yahoo Finance
2007-04-10,36.294811,36.351462,36.077645,36.115414,2571161,Yahoo Finance
2007-04-11,36.115401,36.209819,35.836863,35.987934,3340906,Yahoo Finance
2007-04-12,36.016270,36.313693,35.855758,36.214550,2736568,Yahoo Finance
2007-04-13,36.469474,36.469474,35.836863,36.219261,2934625,Yahoo Finance
2007-04-16,36.308962,36.502519,36.214541,36.426987,2970386,Yahoo Finance
2007-04-17,36.351447,36.573331,36.105956,36.483635,2848035,Yahoo Finance
2007-04-18,36.511974,36.521417,36.233438,36.389229,2505381,Yahoo Finance
2007-04-19,36.049299,36.771608,36.025694,36.625256,4255129,Yahoo Finance
2007-04-20,36.804667,37.059601,36.606389,36.705528,5670595,Yahoo Finance
2007-04-23,36.705519,36.771613,36.356168,36.483635,4274265,Yahoo Finance
2007-04-24,36.417534,36.516673,36.120113,36.351440,4465984,Yahoo Finance
2007-04-25,36.332570,36.592225,36.091803,36.337292,5561878,Yahoo Finance
2007-04-26,37.914096,38.282333,37.404233,37.980190,16994084,Yahoo Finance
2007-04-27,37.753581,38.853565,37.626114,38.499493,8104694,Yahoo Finance
2007-04-30,38.504222,39.302068,38.183198,39.075462,7560873,Yahoo Finance
2007-05-01,39.075451,39.528663,38.787468,39.472012,6649999,Yahoo Finance
2007-05-02,39.372888,40.010218,39.278466,39.854424,6248622,Yahoo Finance
2007-05-03,39.802470,39.844962,39.424795,39.689167,5801557,Yahoo Finance
2007-05-04,39.608932,39.821374,39.509788,39.755280,3511576,Yahoo Finance
2007-05-07,39.755279,40.128237,39.632534,40.095188,4361692,Yahoo Finance
2007-05-08,39.854417,40.099908,39.726955,40.024376,4074533,Yahoo Finance
2007-05-09,39.844972,40.359556,39.844972,40.298183,4844398,Yahoo Finance
2007-05-10,40.128231,40.298185,39.835531,39.962997,3804835,Yahoo Finance
2007-05-11,40.024364,40.529505,40.024364,40.387875,4911015,Yahoo Finance
2007-05-14,40.269847,40.402035,39.854401,40.047962,4183847,Yahoo Finance
2007-05-15,40.057418,41.110193,40.057418,40.680584,7869800,Yahoo Finance
2007-05-16,41.055632,41.055632,40.310285,40.832504,4700998,Yahoo Finance
2007-05-17,40.870465,41.255003,40.709054,41.145813,5006934,Yahoo Finance
2007-05-18,41.269252,41.454402,41.207535,41.255009,4728266,Yahoo Finance
2007-05-21,41.245520,41.387940,41.122087,41.330971,4282398,Yahoo Finance
2007-05-22,41.330963,41.800956,41.321467,41.672775,4266730,Yahoo Finance
2007-05-23,41.611069,42.009854,41.573091,41.748745,4058387,Yahoo Finance
2007-05-24,41.596846,42.266229,41.316746,41.373714,5325310,Yahoo Finance
2007-05-25,41.563590,41.767730,41.378440,41.468643,3341385,Yahoo Finance
2007-05-29,41.383208,41.644318,40.946449,41.449673,3939624,Yahoo Finance
2007-05-30,41.444924,41.753506,41.245535,41.744011,4314690,Yahoo Finance
2007-05-31,41.743996,41.995610,41.601577,41.758240,4259434,Yahoo Finance
2007-06-01,41.753494,41.981369,41.506628,41.981369,3412068,Yahoo Finance
2007-06-04,41.981354,41.981354,41.568329,41.810448,2774720,Yahoo Finance
2007-06-05,41.810473,41.943402,41.411692,41.520882,3024684,Yahoo Finance
2007-06-06,41.525623,41.525623,40.965426,41.122093,3597807,Yahoo Finance
2007-06-07,41.122093,41.259765,40.077659,40.296043,5730514,Yahoo Finance
2007-06-08,40.296043,40.827753,40.139376,40.799267,4305002,Yahoo Finance
2007-06-11,40.799257,40.818248,40.433706,40.495422,3496745,Yahoo Finance
2007-06-12,40.495427,40.690072,40.068163,40.371994,4097257,Yahoo Finance
2007-06-13,40.685313,41.421164,40.362492,41.392677,5431514,Yahoo Finance
2007-06-14,41.335718,41.715513,41.264506,41.501877,3445915,Yahoo Finance
2007-06-15,41.577842,42.009858,41.549360,41.620567,5406877,Yahoo Finance
2007-06-18,41.625326,41.791485,41.217049,41.596844,3336720,Yahoo Finance
2007-06-19,41.506619,41.743990,41.264501,41.691769,2808328,Yahoo Finance
2007-06-20,41.762997,41.919661,41.297751,41.340477,3334687,Yahoo Finance
2007-06-21,41.259768,41.691784,40.884725,41.497139,3257186,Yahoo Finance
2007-06-22,41.093619,41.497148,40.889482,41.031902,5743431,Yahoo Finance
2007-06-25,41.112577,41.644287,40.761269,40.946419,3443643,Yahoo Finance
2007-06-26,41.060387,41.302506,40.780286,40.865742,3629142,Yahoo Finance
2007-06-27,40.742299,41.411685,40.718564,41.364212,3894056,Yahoo Finance
2007-06-28,41.302490,41.430666,41.060371,41.231277,2801510,Yahoo Finance
2007-06-29,41.349973,41.710777,40.932200,41.202801,3973232,Yahoo Finance
2007-07-02,41.440156,41.777225,41.364201,41.777225,2879250,Yahoo Finance
2007-07-03,41.777232,41.862683,41.558848,41.748745,1259627,Yahoo Finance
2007-07-05,41.625306,41.967119,41.482886,41.663288,2255656,Yahoo Finance
2007-07-06,41.753504,42.161781,41.568354,41.829464,2403123,Yahoo Finance
2007-07-09,41.763000,42.047844,41.729765,41.829464,2779026,Yahoo Finance
2007-07-10,41.748738,41.948131,41.383186,41.406925,4103117,Yahoo Finance
2007-07-11,41.406949,41.905429,41.335737,41.720280,3070850,Yahoo Finance
2007-07-12,41.620569,42.707729,41.587339,42.693485,5017220,Yahoo Finance
2007-07-13,42.527323,42.840653,42.441867,42.831158,4317321,Yahoo Finance
2007-07-16,43.025806,43.828117,42.646011,43.139744,5482584,Yahoo Finance
2007-07-17,43.410351,43.524289,43.006822,43.239445,3049920,Yahoo Finance
2007-07-18,43.248942,43.657219,43.201469,43.429344,5205590,Yahoo Finance
2007-07-19,43.581241,43.652453,42.921350,43.282154,3334926,Yahoo Finance
2007-07-20,42.964089,43.396100,42.062079,42.826412,6110962,Yahoo Finance
2007-07-23,43.016311,43.400849,42.892878,43.139744,3309691,Yahoo Finance
2007-07-24,42.983070,43.310643,42.418129,42.579540,4358702,Yahoo Finance
2007-07-25,42.840658,42.864392,41.796224,42.546318,6097328,Yahoo Finance
2007-07-26,42.546325,43.633480,42.128552,42.750462,9062929,Yahoo Finance
2007-07-27,42.916620,43.676210,42.750462,42.750462,7473445,Yahoo Finance
2007-07-30,42.812180,43.153992,42.617534,42.812180,5795577,Yahoo Finance
2007-07-31,42.470343,42.954580,42.147517,42.213982,6846622,Yahoo Finance
2007-08-01,42.223478,42.475092,41.658538,42.285194,6790051,Yahoo Finance
2007-08-02,42.280435,42.470333,41.967105,42.308922,4610102,Yahoo Finance
2007-08-03,42.100054,42.323182,41.544610,41.568344,6005594,Yahoo Finance
2007-08-06,41.634795,41.952874,41.117329,41.668030,6838489,Yahoo Finance
2007-08-07,41.283517,42.114315,41.278769,41.791489,5396591,Yahoo Finance
2007-08-08,41.729772,42.047850,41.297760,41.848457,5689492,Yahoo Finance
2007-08-09,41.729751,41.838945,41.193293,41.236023,6063242,Yahoo Finance
2007-08-10,40.998676,41.155339,40.239090,40.813526,7034752,Yahoo Finance
2007-08-13,41.378430,41.378430,40.709048,40.946419,3833060,Yahoo Finance
2007-08-14,40.955921,41.188544,40.538148,40.713802,4148326,Yahoo Finance
2007-08-15,40.324528,41.031892,40.319780,40.381496,4680426,Yahoo Finance
2007-08-16,39.503211,40.960665,39.503211,40.542892,8035326,Yahoo Finance
2007-08-17,41.302514,42.304219,40.842012,41.696548,7337580,Yahoo Finance
2007-08-20,41.563597,42.176015,41.492385,41.905415,3845020,Yahoo Finance
2007-08-21,41.824726,42.128561,41.611089,41.995632,3685594,Yahoo Finance
2007-08-22,42.253358,42.759331,42.029013,42.515892,3659521,Yahoo Finance
2007-08-23,42.644780,42.644780,42.110169,42.363155,3246542,Yahoo Finance
2007-08-24,42.243819,42.554081,42.005153,42.554081,3572930,Yahoo Finance
2007-08-27,42.387019,42.611364,41.981288,42.339287,2610150,Yahoo Finance
2007-08-28,42.286798,42.716398,41.809467,41.823788,3797061,Yahoo Finance
2007-08-29,42.029034,42.410901,41.771278,42.367943,3304907,Yahoo Finance
2007-08-30,42.196094,42.955054,42.043350,42.654335,4238504,Yahoo Finance
2007-08-31,42.869109,43.680570,42.745002,43.432362,5900825,Yahoo Finance
2007-09-04,43.418052,43.675813,42.912079,43.508743,3645767,Yahoo Finance
2007-09-05,43.150749,43.317819,42.749792,42.921631,3864754,Yahoo Finance
2007-09-06,43.083942,43.456262,42.998025,43.260559,3156483,Yahoo Finance
2007-09-07,43.145978,43.150751,42.324969,42.444302,4283115,Yahoo Finance
2007-09-10,42.544541,42.897766,41.628064,41.919235,6259984,Yahoo Finance
2007-09-11,42.009924,42.301095,41.838080,42.119709,4029324,Yahoo Finance
2007-09-12,42.272470,42.850040,42.153137,42.520683,3798735,Yahoo Finance
2007-09-13,42.802306,42.811854,42.334522,42.525455,3696716,Yahoo Finance
2007-09-14,42.320196,42.706837,42.219958,42.492035,2804740,Yahoo Finance
2007-09-17,42.458613,42.835707,42.358375,42.449066,2265822,Yahoo Finance
2007-09-18,42.601831,43.799930,42.601831,43.752197,5206547,Yahoo Finance
2007-09-19,43.795163,44.033829,43.475349,43.895401,5736375,Yahoo Finance
2007-09-20,43.546933,44.057675,43.484880,43.647171,3965218,Yahoo Finance
2007-09-21,44.153152,44.153152,43.551714,43.761738,5951894,Yahoo Finance
2007-09-24,43.723553,44.267712,43.675821,43.823792,3825047,Yahoo Finance
2007-09-25,43.671037,44.057673,43.117331,43.871513,2881284,Yahoo Finance
2007-09-26,43.995629,44.363175,43.804695,44.172241,4075131,Yahoo Finance
2007-09-27,44.296337,44.678204,44.243831,44.577961,3892980,Yahoo Finance
2007-09-28,44.859596,44.859596,44.434771,44.668663,4599338,Yahoo Finance
2007-10-01,44.792775,45.341707,44.716401,45.222374,5007174,Yahoo Finance
2007-10-02,45.036222,45.289204,44.673450,44.816647,4177508,Yahoo Finance
2007-10-03,44.706848,45.246233,44.616157,44.959835,3388866,Yahoo Finance
2007-10-04,45.107823,45.293983,44.878705,44.988495,2881642,Yahoo Finance
2007-10-05,45.227133,45.785612,45.169854,45.752201,4497199,Yahoo Finance
2007-10-08,45.704482,45.799951,45.351257,45.542191,2651293,Yahoo Finance
2007-10-09,45.284445,45.823830,45.274902,45.642448,4136844,Yahoo Finance
2007-10-10,45.403785,46.301164,45.403785,45.737915,3506194,Yahoo Finance
2007-10-11,45.871549,46.057709,44.830965,45.040993,4400562,Yahoo Finance
2007-10-12,45.188945,45.298730,44.725935,44.950279,3134955,Yahoo Finance
2007-10-15,44.955067,45.217601,44.644801,45.055305,3622445,Yahoo Finance
2007-10-16,45.074394,45.155542,44.635247,44.859596,3347245,Yahoo Finance
2007-10-17,45.174638,45.365571,44.439550,44.993252,4084938,Yahoo Finance
2007-10-18,45.002792,45.518313,44.501597,45.217594,2985096,Yahoo Finance
2007-10-19,44.344082,44.391814,41.188921,41.346443,18236967,Yahoo Finance
2007-10-22,40.740239,41.389409,40.134027,41.184155,10756704,Yahoo Finance
2007-10-23,41.465772,41.556463,40.281991,41.017078,8948831,Yahoo Finance
2007-10-24,41.012322,41.117338,40.286782,41.098244,5986817,Yahoo Finance
2007-10-25,41.375084,41.441911,40.687729,41.093460,4889966,Yahoo Finance
2007-10-26,41.279595,41.279595,40.854770,41.112530,3424268,Yahoo Finance
2007-10-29,41.260531,41.308263,40.697282,41.036186,4365639,Yahoo Finance
2007-10-30,41.026619,41.160273,40.725900,40.950245,3338873,Yahoo Finance
2007-10-31,41.040934,41.484850,40.740216,41.222321,5547407,Yahoo Finance
2007-11-01,41.083910,41.184148,40.038556,40.048103,5193630,Yahoo Finance
2007-11-02,40.429954,40.573155,39.690093,40.520649,5881450,Yahoo Finance
2007-11-05,40.544529,40.735462,40.019465,40.597034,4477585,Yahoo Finance
2007-11-06,40.630450,40.902527,40.191303,40.787968,3980288,Yahoo Finance
2007-11-07,40.716367,40.716367,39.747387,39.747387,5363701,Yahoo Finance
2007-11-08,39.780793,39.890578,38.916825,39.537354,9069268,Yahoo Finance
2007-11-09,38.176959,38.902503,37.795092,37.952614,10929646,Yahoo Finance
2007-11-12,37.962169,38.324941,37.699635,37.814194,5653133,Yahoo Finance
2007-11-13,38.210386,38.816598,37.823750,38.773640,5997462,Yahoo Finance
2007-11-14,38.931151,39.102990,38.210380,38.286755,4380948,Yahoo Finance
2007-11-15,38.210376,38.549285,37.861925,38.019447,5027984,Yahoo Finance
2007-11-16,38.248554,38.950230,38.076715,38.935909,7731901,Yahoo Finance
2007-11-19,38.768856,39.303467,38.682934,38.997974,6007388,Yahoo Finance
2007-11-20,39.367682,39.698986,38.901936,39.425301,5297682,Yahoo Finance
2007-11-21,39.180423,39.612561,39.007568,39.007568,5625147,Yahoo Finance
2007-11-23,39.290859,39.732601,38.921141,39.732601,2064416,Yahoo Finance
2007-11-26,39.814235,39.828641,38.839529,38.892345,4864850,Yahoo Finance
2007-11-27,39.170820,39.559745,38.877927,39.430103,5165644,Yahoo Finance
2007-11-28,39.646183,40.236770,39.391706,40.049515,5235370,Yahoo Finance
2007-11-29,39.891068,40.380824,39.838252,40.145550,3858774,Yahoo Finance
2007-11-30,40.544067,40.784143,39.554955,39.977489,6863485,Yahoo Finance
2007-12-03,40.059097,40.323183,39.343671,39.473312,5109432,Yahoo Finance
2007-12-04,39.314887,39.823847,39.180444,39.415718,3814044,Yahoo Finance
2007-12-05,39.703794,40.327994,39.617369,40.217560,3893937,Yahoo Finance
2007-12-06,40.203148,40.812942,40.121521,40.726513,3513250,Yahoo Finance
2007-12-07,40.361606,41.547581,40.361606,41.384331,4436442,Yahoo Finance
2007-12-10,41.417942,41.845274,41.417942,41.648415,3937112,Yahoo Finance
2007-12-11,41.797248,41.797248,40.644886,40.644886,5155836,Yahoo Finance
2007-12-12,42.301422,42.589513,41.278698,41.610001,8675664,Yahoo Finance
2007-12-13,41.489970,41.802070,40.976209,41.734848,5135624,Yahoo Finance
2007-12-14,41.350718,42.051740,41.235482,41.259487,4034347,Yahoo Finance
2007-12-17,41.000221,41.629219,41.000221,41.187477,4462874,Yahoo Finance
2007-12-18,41.393920,41.441934,40.827343,41.221066,3684278,Yahoo Finance
2007-12-19,41.144263,41.216287,40.385623,40.779346,4464907,Yahoo Finance
2007-12-20,40.712124,40.966606,40.260783,40.568081,4064726,Yahoo Finance
2007-12-21,41.201868,41.696426,40.726518,41.317104,8409076,Yahoo Finance
2007-12-24,41.062622,41.552374,40.956985,41.417934,1063842,Yahoo Finance
2007-12-26,41.758852,41.758852,41.173067,41.326714,2562191,Yahoo Finance
2007-12-27,41.341110,41.533172,40.947387,41.005001,2724608,Yahoo Finance
2007-12-28,41.350733,41.350733,40.510466,40.856174,2586589,Yahoo Finance
2007-12-31,40.644884,40.913767,40.467224,40.486431,2081877,Yahoo Finance
2008-01-02,40.448028,40.697708,39.482922,39.713394,5326625,Yahoo Finance
2008-01-03,39.766236,40.083138,39.550169,39.708618,3258024,Yahoo Finance
2008-01-04,39.372488,39.689385,39.156417,39.257252,4329879,Yahoo Finance
2008-01-07,39.420511,39.444520,38.781909,38.945160,5051665,Yahoo Finance
2008-01-08,39.060394,39.406103,38.460203,38.513020,6830595,Yahoo Finance
2008-01-09,38.508239,38.805933,37.687179,38.503437,7681071,Yahoo Finance
2008-01-10,38.292151,38.753096,37.941640,38.513020,8175617,Yahoo Finance
2008-01-11,38.234528,38.921143,36.957321,37.250214,10063742,Yahoo Finance
2008-01-14,37.514296,37.759174,37.211799,37.691952,3501410,Yahoo Finance
2008-01-15,37.451882,37.787987,36.986135,37.058159,5030974,Yahoo Finance
2008-01-16,36.890112,37.730379,36.890112,37.115788,5343130,Yahoo Finance
2008-01-17,37.154190,37.303035,35.756945,35.992222,8483228,Yahoo Finance
2008-01-18,36.237100,36.702846,35.560083,35.968212,8435627,Yahoo Finance
2008-01-22,34.604587,36.304326,34.604587,36.088257,7861786,Yahoo Finance
2008-01-23,35.315219,36.602028,34.594990,36.539608,8372957,Yahoo Finance
2008-01-24,36.683635,36.890098,36.011420,36.361931,5747856,Yahoo Finance
2008-01-25,36.885295,36.885295,36.045031,36.256298,4676599,Yahoo Finance
2008-01-28,36.501181,37.221410,36.299516,37.182995,5515593,Yahoo Finance
2008-01-29,37.355869,37.778404,36.587628,37.461506,6053793,Yahoo Finance
2008-01-30,37.365449,38.167305,37.207000,37.557510,5481627,Yahoo Finance
2008-01-31,37.130173,38.412182,36.990932,38.244129,6496911,Yahoo Finance
2008-02-01,38.311358,39.026785,38.239334,38.993172,5668801,Yahoo Finance
2008-02-04,39.002777,39.132419,38.647464,38.685875,4039370,Yahoo Finance
2008-02-05,38.080871,38.368966,37.888814,37.975239,5743670,Yahoo Finance
2008-02-06,38.157701,38.383372,37.840799,38.018456,4629836,Yahoo Finance
2008-02-07,37.739975,38.191320,37.586328,37.989655,4167342,Yahoo Finance
2008-02-08,37.860021,38.023272,37.365463,37.720776,3375112,Yahoo Finance
2008-02-11,37.634352,38.205731,37.375068,38.066490,2508371,Yahoo Finance
2008-02-12,38.224931,38.335365,37.739977,37.980053,4381905,Yahoo Finance
2008-02-13,38.196109,39.137211,38.162501,39.074791,4521956,Yahoo Finance
2008-02-14,39.007581,39.204444,38.508220,38.551437,2972897,Yahoo Finance
2008-02-15,38.479415,38.705085,38.191324,38.388184,4344590,Yahoo Finance
2008-02-19,38.532215,38.825107,38.200907,38.340153,4181814,Yahoo Finance
2008-02-20,38.325670,38.750867,37.900473,38.625240,3877910,Yahoo Finance
2008-02-21,38.683221,38.968299,38.016435,38.151726,4884464,Yahoo Finance
2008-02-22,38.325666,38.562423,37.803836,38.494778,4175116,Yahoo Finance
2008-02-25,38.441623,39.156726,38.214531,39.137402,3512174,Yahoo Finance
2008-02-26,38.944140,39.422486,38.876494,39.277531,3800529,Yahoo Finance
2008-02-27,38.982796,39.209893,38.697722,38.886162,3354541,Yahoo Finance
2008-02-28,38.683213,38.789516,38.291841,38.557587,3230874,Yahoo Finance
2008-02-29,38.485133,38.485133,37.779690,37.881161,3697195,Yahoo Finance
2008-03-03,37.765190,38.001947,37.504272,37.924637,2900898,Yahoo Finance
2008-03-04,37.649233,38.040605,37.441465,37.885990,5250440,Yahoo Finance
2008-03-05,38.127551,38.465774,37.649205,38.137211,4624334,Yahoo Finance
2008-03-06,38.026095,38.287013,37.634723,37.663712,5637824,Yahoo Finance
2008-03-07,37.402818,37.683060,36.880985,36.967957,6218124,Yahoo Finance
2008-03-10,37.074249,37.257856,36.373642,36.470276,5030735,Yahoo Finance
2008-03-11,37.349649,37.687872,36.721516,37.663712,5235849,Yahoo Finance
2008-03-12,37.673379,38.383650,37.673379,37.890812,4738432,Yahoo Finance
2008-03-13,37.441454,38.451294,37.282006,38.209705,5133591,Yahoo Finance
2008-03-14,38.518939,38.518939,37.021088,37.460781,5839829,Yahoo Finance
2008-03-17,36.547586,38.296691,36.354314,37.934307,6040518,Yahoo Finance
2008-03-18,38.576920,39.113247,38.180716,39.113247,5464524,Yahoo Finance
2008-03-19,39.253373,39.465970,37.948794,38.398148,5323037,Yahoo Finance
2008-03-20,37.929461,38.335329,37.426954,37.678207,8297011,Yahoo Finance
2008-03-24,37.760359,38.272526,37.644397,37.997116,5193271,Yahoo Finance
2008-03-25,38.088907,38.291843,37.818330,38.161385,4650885,Yahoo Finance
2008-03-26,38.040603,38.059932,37.629903,38.006783,4425439,Yahoo Finance
2008-03-27,38.074421,38.224204,37.620232,37.620232,4305839,Yahoo Finance
2008-03-28,37.876312,38.142057,37.615395,37.663712,2399654,Yahoo Finance
2008-03-31,37.716863,38.402977,37.716863,38.243530,4192698,Yahoo Finance
2008-04-01,38.465794,39.393497,38.383652,39.292027,5757066,Yahoo Finance
2008-04-02,39.253365,39.417644,38.939298,39.093918,3434553,Yahoo Finance
2008-04-03,38.939298,39.137402,38.572083,38.736366,3923598,Yahoo Finance
2008-04-04,38.799169,39.171217,38.373973,38.905472,3349637,Yahoo Finance
2008-04-07,39.113271,39.437002,38.731564,38.746056,3685594,Yahoo Finance
2008-04-08,38.412645,38.779860,38.402980,38.596252,4149402,Yahoo Finance
2008-04-09,38.649411,38.712224,38.074431,38.456139,3548652,Yahoo Finance
2008-04-10,38.504446,39.093927,38.388484,38.823345,4481771,Yahoo Finance
2008-04-11,38.074422,38.209708,37.750691,37.914970,6713387,Yahoo Finance
2008-04-14,37.828019,38.190402,37.547773,37.813522,5319569,Yahoo Finance
2008-04-15,37.982608,38.142055,37.818329,38.093739,3196430,Yahoo Finance
2008-04-16,38.340157,39.229203,38.229026,38.987614,6320621,Yahoo Finance
2008-04-17,38.929654,39.166411,38.306357,38.968311,3835692,Yahoo Finance
2008-04-18,39.543287,40.210073,39.219556,40.055458,5641054,Yahoo Finance
2008-04-21,40.103773,40.123097,39.572278,39.784874,3477848,Yahoo Finance
2008-04-22,39.693078,39.717234,38.910330,39.224392,3258382,Yahoo Finance
2008-04-23,39.388666,39.465972,38.861999,38.958637,4334184,Yahoo Finance
2008-04-24,39.229208,39.229208,37.470444,38.233864,7562786,Yahoo Finance
2008-04-25,38.098581,38.108245,36.943787,37.600906,6639235,Yahoo Finance
2008-04-28,37.494614,37.678221,37.146726,37.267521,6165380,Yahoo Finance
2008-04-29,37.296509,37.557427,37.098409,37.137062,4320072,Yahoo Finance
2008-04-30,37.204697,37.803837,37.132219,37.156380,5610316,Yahoo Finance
2008-05-01,37.175708,37.712035,37.001764,37.610569,4525305,Yahoo Finance
2008-05-02,37.900467,38.388478,37.794169,37.953621,4492894,Yahoo Finance
2008-05-05,37.987442,38.064752,37.373805,37.470444,4599696,Yahoo Finance
2008-05-06,37.417291,37.625060,37.083901,37.571911,3458114,Yahoo Finance
2008-05-07,37.663712,37.750686,36.958274,37.050076,4890683,Yahoo Finance
2008-05-08,37.262684,37.378646,36.948617,37.180542,4540016,Yahoo Finance
2008-05-09,36.716684,37.045247,36.634544,36.876133,4630434,Yahoo Finance
2008-05-12,37.045245,37.528423,36.697356,37.528423,4248312,Yahoo Finance
2008-05-13,37.552585,37.852155,37.161213,37.291672,4075250,Yahoo Finance
2008-05-14,37.533266,37.992284,37.291677,37.557423,3495549,Yahoo Finance
2008-05-15,37.542922,37.745858,37.291673,37.620232,4154784,Yahoo Finance
2008-05-16,37.683052,38.084088,37.426966,38.006783,4960530,Yahoo Finance
2008-05-19,38.006766,38.601074,37.919792,38.195206,3757712,Yahoo Finance
2008-05-20,38.190380,38.200040,37.243348,37.460781,6237618,Yahoo Finance
2008-05-21,37.694216,37.703943,36.877208,37.018238,5298041,Yahoo Finance
2008-05-22,37.139816,37.353793,36.896659,37.271122,4596467,Yahoo Finance
2008-05-23,37.076577,37.086304,36.716705,36.867462,3443404,Yahoo Finance
2008-05-27,36.828563,37.319741,36.745890,37.042542,3335644,Yahoo Finance
2008-05-28,37.125211,37.451043,37.110622,37.397549,4403194,Yahoo Finance
2008-05-29,37.251670,38.029772,37.251670,37.815796,4105988,Yahoo Finance
2008-05-30,37.402428,37.859561,37.402428,37.718529,4170093,Yahoo Finance
2008-06-02,37.645589,37.684492,36.862621,37.081463,4715350,Yahoo Finance
2008-06-03,37.203033,37.280845,36.716719,37.071728,5798208,Yahoo Finance
2008-06-04,37.042557,37.645588,36.862620,37.134956,5582689,Yahoo Finance
2008-06-05,37.246814,37.742856,37.134963,37.689362,4551737,Yahoo Finance
2008-06-06,37.314871,37.455904,36.400601,36.405464,7157342,Yahoo Finance
2008-06-09,36.629192,36.993927,36.351992,36.872349,5265270,Yahoo Finance
2008-06-10,36.536791,37.100915,36.536791,36.959885,3582618,Yahoo Finance
2008-06-11,36.959886,36.959886,36.497887,36.604877,5866978,Yahoo Finance
2008-06-12,36.716720,37.164129,36.595142,36.741035,4534754,Yahoo Finance
2008-06-13,37.052280,37.217626,36.658366,37.018238,4682460,Yahoo Finance
2008-06-16,36.843163,37.018236,36.517333,36.570827,4971174,Yahoo Finance
2008-06-17,36.687542,36.813984,36.400615,36.458973,4259793,Yahoo Finance
2008-06-18,36.298485,36.585409,36.074779,36.133137,4259434,Yahoo Finance
2008-06-19,36.089374,36.206089,35.865669,36.045605,4238744,Yahoo Finance
2008-06-20,35.987261,35.987261,35.316147,35.510674,8811889,Yahoo Finance
2008-06-23,35.671141,35.714910,35.403668,35.481480,3593262,Yahoo Finance
2008-06-24,35.423153,35.724668,35.209174,35.223763,5424099,Yahoo Finance
2008-06-25,35.209144,35.617647,35.160511,35.291817,5796175,Yahoo Finance
2008-06-26,35.155665,35.160526,34.158719,34.168446,8816673,Yahoo Finance
2008-06-27,34.275422,34.275422,33.502181,33.803696,8948113,Yahoo Finance
2008-06-30,33.789109,33.891236,33.366018,33.842606,6379225,Yahoo Finance
2008-07-01,33.390330,34.066305,32.860246,33.935001,7598308,Yahoo Finance
2008-07-02,34.129540,34.129540,33.302807,33.302807,5574795,Yahoo Finance
2008-07-03,33.443824,34.022538,33.400055,33.779381,3687627,Yahoo Finance
2008-07-07,33.988503,34.469954,33.691852,33.969051,5876307,Yahoo Finance
2008-07-08,34.003082,34.610975,33.808558,34.542892,6175785,Yahoo Finance
2008-07-09,34.090623,34.630432,33.341698,33.380604,7447014,Yahoo Finance
2008-07-10,33.453560,33.920420,33.215264,33.516781,6322295,Yahoo Finance
2008-07-11,33.200653,33.740461,32.952632,33.419495,7489830,Yahoo Finance
2008-07-14,33.755066,34.041990,33.385467,33.565403,6121008,Yahoo Finance
2008-07-15,33.366024,33.395203,32.709499,32.918613,9843080,Yahoo Finance
2008-07-16,33.020732,33.395194,32.719217,33.380604,5545254,Yahoo Finance
2008-07-17,33.662662,33.837734,32.845654,33.774513,7004135,Yahoo Finance
2008-07-18,33.789102,33.813419,33.215251,33.526493,5350784,Yahoo Finance
2008-07-21,33.730748,33.896094,33.030455,33.424370,4012102,Yahoo Finance
2008-07-22,33.127719,34.260829,33.117992,34.187881,6942541,Yahoo Finance
2008-07-23,34.270560,34.557484,34.071170,34.431042,5010762,Yahoo Finance
2008-07-24,35.209159,35.389095,34.484551,34.552635,7791940,Yahoo Finance
2008-07-25,34.786065,34.966001,34.153856,34.504002,5917210,Yahoo Finance
2008-07-28,34.465086,34.523444,33.745342,33.862057,5779790,Yahoo Finance
2008-07-29,33.930140,34.319191,33.823152,34.280285,4305122,Yahoo Finance
2008-07-30,34.406730,34.742287,34.066309,34.674202,4616799,Yahoo Finance
2008-07-31,34.450489,34.649877,34.183017,34.231647,5088023,Yahoo Finance
2008-08-01,34.299740,34.557486,33.964183,34.114941,3619574,Yahoo Finance
2008-08-04,34.056575,34.255963,33.725882,33.920406,2726521,Yahoo Finance
2008-08-05,34.153843,35.029209,34.041990,34.956261,5834806,Yahoo Finance
2008-08-06,34.893040,35.053524,34.450495,34.922218,4699084,Yahoo Finance
2008-08-07,34.688797,35.034081,34.358103,34.615849,5171743,Yahoo Finance
2008-08-08,34.596393,35.943484,34.596393,35.734367,6488180,Yahoo Finance
2008-08-11,35.593333,36.317940,35.588469,36.172047,6531954,Yahoo Finance
2008-08-12,36.249870,36.249870,35.685746,35.792736,4888770,Yahoo Finance
2008-08-13,35.739225,35.958067,35.111880,35.481480,4601730,Yahoo Finance
2008-08-14,35.282085,35.924020,35.116739,35.520378,3578552,Yahoo Finance
2008-08-15,35.544707,36.035885,35.544707,35.739231,5271729,Yahoo Finance
2008-08-18,35.787854,35.938612,35.034068,35.233456,5135744,Yahoo Finance
2008-08-19,35.087575,35.165384,34.455364,34.679070,4411087,Yahoo Finance
2008-08-20,34.889658,34.982710,34.424399,34.620296,3505117,Yahoo Finance
2008-08-21,34.409709,34.914149,34.159937,34.728046,3561688,Yahoo Finance
2008-08-22,34.728051,35.609597,34.546844,35.399006,3662630,Yahoo Finance
2008-08-25,35.002298,35.232479,34.419498,34.639885,4464907,Yahoo Finance
2008-08-26,34.512569,34.919058,34.399925,34.635006,3302276,Yahoo Finance
2008-08-27,34.620312,34.879880,34.346053,34.635006,4163635,Yahoo Finance
2008-08-28,34.777012,35.585095,34.728038,35.506737,4651962,Yahoo Finance
2008-08-29,35.330431,35.531227,35.021889,35.065968,4114360,Yahoo Finance
2008-09-02,35.447970,36.060155,34.674167,34.830887,5701093,Yahoo Finance
2008-09-03,34.434184,34.919035,34.179517,34.688854,6829638,Yahoo Finance
2008-09-04,34.395015,34.497861,34.013011,34.155037,7214511,Yahoo Finance
2008-09-05,34.032600,34.159932,33.552645,33.885674,6521070,Yahoo Finance
2008-09-08,34.346044,35.256975,34.346044,34.860279,7251587,Yahoo Finance
2008-09-09,34.527243,34.772117,33.944443,34.013008,7926968,Yahoo Finance
2008-09-10,34.267683,34.341144,33.542854,33.635906,6866116,Yahoo Finance
2008-09-11,33.420418,34.316658,33.391033,34.252991,6203772,Yahoo Finance
2008-09-12,34.208900,34.517441,33.915049,34.355824,6819592,Yahoo Finance
2008-09-15,33.312662,34.404800,33.307764,33.733845,8257064,Yahoo Finance
2008-09-16,33.533056,34.439089,33.459593,34.150139,10427685,Yahoo Finance
2008-09-17,33.464477,34.248073,33.229399,33.719147,10646433,Yahoo Finance
2008-09-18,34.042398,34.889662,33.317571,34.527248,12992148,Yahoo Finance
2008-09-19,36.358898,36.589081,34.777012,35.594891,12125766,Yahoo Finance
2008-09-22,35.643868,36.236462,34.453780,34.625191,6835618,Yahoo Finance
2008-09-23,34.659469,34.786804,33.792614,33.792614,6920415,Yahoo Finance
2008-09-24,33.993417,34.404804,33.248999,33.582027,6884654,Yahoo Finance
2008-09-25,33.704467,34.297063,33.704467,34.150139,6328395,Yahoo Finance
2008-09-26,33.694673,34.130547,33.425310,34.013008,5145551,Yahoo Finance
2008-09-29,33.758333,33.758333,32.083395,32.480091,9863292,Yahoo Finance
2008-09-30,32.950253,33.596721,32.871892,33.454693,8484304,Yahoo Finance
2008-10-01,33.141262,33.454699,32.744566,33.004131,5520377,Yahoo Finance
2008-10-02,32.769042,33.180429,32.083394,32.127472,9424600,Yahoo Finance
2008-10-03,32.367466,32.935573,31.593663,31.637741,7879248,Yahoo Finance
2008-10-06,30.903104,31.529980,29.840351,30.854130,13095004,Yahoo Finance
2008-10-07,31.221443,31.588754,29.321220,29.370193,10522528,Yahoo Finance
2008-10-08,29.120416,30.334993,28.033176,28.096844,15965643,Yahoo Finance
2008-10-09,28.160510,28.684540,26.142748,26.201517,13930649,Yahoo Finance
2008-10-10,25.383635,27.641373,24.492294,26.573723,19515132,Yahoo Finance
2008-10-13,28.772699,29.242856,27.430790,29.198780,12571993,Yahoo Finance
2008-10-14,30.344788,31.147976,28.596389,29.076342,12704749,Yahoo Finance
2008-10-15,28.429874,29.081240,26.750038,26.779423,11536855,Yahoo Finance
2008-10-16,26.818617,28.302554,25.633426,28.047886,12540897,Yahoo Finance
2008-10-17,27.504261,28.895145,27.063487,27.665876,8716568,Yahoo Finance
2008-10-20,28.243775,28.243775,26.936148,28.165417,7975526,Yahoo Finance
2008-10-21,29.458348,30.320305,28.929421,29.404476,12849824,Yahoo Finance
2008-10-22,29.017581,29.825664,27.954827,28.498447,13158751,Yahoo Finance
2008-10-23,28.664966,30.413368,28.278065,30.139109,18080291,Yahoo Finance
2008-10-24,28.581697,30.119507,28.170307,29.193882,12073620,Yahoo Finance
2008-10-27,28.699244,30.736596,28.650270,29.566099,11085126,Yahoo Finance
2008-10-28,29.918723,31.618151,28.571915,31.495714,11199822,Yahoo Finance
2008-10-29,31.481015,31.823840,30.300723,30.609264,13488129,Yahoo Finance
2008-10-30,31.583863,31.618145,30.021566,30.633751,8540636,Yahoo Finance
2008-10-31,30.599466,31.618143,30.241951,31.490808,8682242,Yahoo Finance
2008-11-03,31.128411,31.662235,31.084332,31.397772,4398410,Yahoo Finance
2008-11-04,32.054020,32.436025,31.427144,32.132381,7051855,Yahoo Finance
2008-11-05,31.657320,33.043309,31.534883,31.598551,9823107,Yahoo Finance
2008-11-06,31.363462,32.063802,30.398657,30.540686,9380108,Yahoo Finance
2008-11-07,30.814961,31.750380,30.530906,31.750380,7336264,Yahoo Finance
2008-11-10,32.313587,32.597641,31.383064,31.809145,6883578,Yahoo Finance
2008-11-11,31.280218,31.804249,30.070538,30.550493,7861786,Yahoo Finance
2008-11-12,29.962788,30.330099,29.012676,29.110626,9811625,Yahoo Finance
2008-11-13,29.007793,31.769972,28.361325,31.554485,13259454,Yahoo Finance
2008-11-14,30.961871,32.298883,30.658228,30.883512,8367934,Yahoo Finance
2008-11-17,30.525990,30.819840,29.399569,29.776676,7859155,Yahoo Finance
2008-11-18,29.497524,30.570073,29.140009,30.447636,11031545,Yahoo Finance
2008-11-19,30.526625,30.788297,28.931914,29.015848,9962202,Yahoo Finance
2008-11-20,28.759119,30.146468,27.771681,28.038288,13774452,Yahoo Finance
2008-11-21,28.527066,30.418010,27.964229,30.264957,17704627,Yahoo Finance
2008-11-24,30.610559,31.716489,30.116840,31.232645,12698291,Yahoo Finance
2008-11-25,31.765865,31.844861,30.526630,31.420261,10393001,Yahoo Finance
2008-11-26,30.832740,32.585441,30.808054,32.541008,7649616,Yahoo Finance
2008-11-28,32.180595,33.079162,31.696749,33.044601,3833778,Yahoo Finance
2008-12-01,32.067043,32.708880,30.659945,30.783375,11619977,Yahoo Finance
2008-12-02,29.968729,30.679687,29.040540,30.047726,14273542,Yahoo Finance
2008-12-03,29.455266,30.462454,29.208407,29.973673,10731469,Yahoo Finance
2008-12-04,29.687317,29.845305,28.685067,29.198536,11111677,Yahoo Finance
2008-12-05,28.739371,29.840364,28.556693,29.549068,12285551,Yahoo Finance
2008-12-08,29.134350,29.958860,27.366835,28.329588,16842790,Yahoo Finance
2008-12-09,27.381652,28.013612,27.154541,27.722319,10511166,Yahoo Finance
2008-12-10,28.097531,28.778863,27.880294,28.398699,6447875,Yahoo Finance
2008-12-11,28.028431,28.260478,26.981747,27.223669,8855902,Yahoo Finance
2008-12-12,26.794120,27.929673,26.458392,27.668001,5649186,Yahoo Finance
2008-12-15,27.944488,28.003734,27.115041,27.465582,6646292,Yahoo Finance
2008-12-16,27.435955,28.931922,27.307588,28.793682,11163703,Yahoo Finance
2008-12-17,28.388831,29.376269,28.388831,28.922049,6993490,Yahoo Finance
2008-12-18,29.080049,29.257787,27.786503,27.998804,6667102,Yahoo Finance
2008-12-19,28.635699,28.655447,27.761816,27.954367,9014132,Yahoo Finance
2008-12-22,27.909929,28.171601,27.287844,27.830935,5035280,Yahoo Finance
2008-12-23,27.998793,28.388830,27.307585,27.371769,3930534,Yahoo Finance
2008-12-24,27.455697,27.638372,27.332267,27.401388,1598334,Yahoo Finance
2008-12-26,27.426087,27.702570,27.406339,27.519894,1954623,Yahoo Finance
2008-12-29,27.426079,27.648253,26.789182,27.337210,3632252,Yahoo Finance
2008-12-30,27.431023,28.275283,27.263160,28.225910,4514900,Yahoo Finance
2008-12-31,28.255526,28.596192,27.983981,28.408579,4790937,Yahoo Finance
2009-01-02,28.413517,29.321961,28.398705,29.223217,6355424,Yahoo Finance
2009-01-05,29.025721,29.173839,28.689993,28.882544,4507485,Yahoo Finance
2009-01-06,29.001043,29.529323,28.936859,29.223217,5939575,Yahoo Finance
2009-01-07,28.936869,29.109672,28.428339,28.670261,5499328,Yahoo Finance
2009-01-08,28.477701,28.986232,28.364146,28.922049,4718100,Yahoo Finance
2009-01-09,29.030672,29.134354,28.423398,28.507330,4378556,Yahoo Finance
2009-01-12,28.457953,28.586318,27.988920,28.181471,5002270,Yahoo Finance
2009-01-13,28.067921,28.290095,27.505083,27.771690,5298400,Yahoo Finance
2009-01-14,27.307587,27.648253,26.907675,27.174282,5406877,Yahoo Finance
2009-01-15,27.194031,27.529759,26.803994,27.238464,5713770,Yahoo Finance
2009-01-16,27.445838,27.959305,27.100234,27.855623,6723792,Yahoo Finance
2009-01-20,27.855616,27.944485,26.586760,26.621319,6797586,Yahoo Finance
2009-01-21,26.961994,27.055800,26.043677,26.779318,7047789,Yahoo Finance
2009-01-22,26.488021,26.942242,26.083171,26.690445,5727524,Yahoo Finance
2009-01-23,26.172036,26.497889,25.826432,26.117727,6799021,Yahoo Finance
2009-01-26,26.433704,26.932360,26.142411,26.443579,6201499,Yahoo Finance
2009-01-27,26.537388,26.912615,26.280653,26.655880,5648349,Yahoo Finance
2009-01-28,26.882985,27.574190,26.562066,27.361891,7302058,Yahoo Finance
2009-01-29,27.465583,28.492517,27.169352,27.919804,9752543,Yahoo Finance
2009-01-30,27.939551,28.048169,26.310277,26.557137,9113879,Yahoo Finance
2009-02-02,26.063420,26.176975,24.764939,24.992048,10827268,Yahoo Finance
2009-02-03,25.303081,25.584501,24.834048,25.495632,9227977,Yahoo Finance
2009-02-04,25.628944,25.895551,24.987110,25.100664,5647990,Yahoo Finance
2009-02-05,24.957487,25.589448,24.690879,25.451208,6328036,Yahoo Finance
2009-02-06,25.490698,26.127597,25.377144,25.865925,6345856,Yahoo Finance
2009-02-09,25.900497,26.986677,25.821500,26.715132,8547692,Yahoo Finance
2009-02-10,26.591690,26.715119,25.071037,25.219152,8263882,Yahoo Finance
2009-02-11,25.554877,25.767176,25.061158,25.322830,6993730,Yahoo Finance
2009-02-12,24.908119,24.962428,24.014488,24.671135,10160498,Yahoo Finance
2009-02-13,24.982172,24.982172,24.315650,24.399584,5753478,Yahoo Finance
2009-02-17,24.157655,24.157655,23.303522,23.412142,10349945,Yahoo Finance
2009-02-18,23.586826,23.746534,23.262421,23.526936,5936705,Yahoo Finance
2009-02-19,23.247447,23.976114,23.247447,23.491999,6643302,Yahoo Finance
2009-02-20,23.377224,23.921229,23.177588,23.581848,10440243,Yahoo Finance
2009-02-23,23.736556,23.751530,22.638567,22.663521,8104694,Yahoo Finance
2009-02-24,22.823228,23.766502,22.633575,23.656702,9879438,Yahoo Finance
2009-02-25,23.482013,23.681646,22.972944,23.262415,10245654,Yahoo Finance
2009-02-26,23.561873,23.691636,23.102714,23.122677,7685735,Yahoo Finance
2009-02-27,22.783299,23.142643,22.543738,22.688473,8265915,Yahoo Finance
2009-03-02,22.269240,22.548729,21.335949,21.380865,9707454,Yahoo Finance
2009-03-03,21.545561,21.949821,21.310989,21.520607,10861354,Yahoo Finance
2009-03-04,21.899917,22.673501,21.760172,22.369057,10812318,Yahoo Finance
2009-03-05,21.725235,21.974778,20.981596,21.216166,9828250,Yahoo Finance
2009-03-06,21.380867,21.600465,20.397667,20.876789,10972224,Yahoo Finance
2009-03-09,20.617261,21.186220,20.562362,20.996567,8551520,Yahoo Finance
2009-03-10,21.011543,22.733392,20.861817,22.703447,12796961,Yahoo Finance
2009-03-11,22.394015,23.541914,22.394015,23.357252,9849538,Yahoo Finance
2009-03-12,23.482025,23.966138,23.017875,23.956156,7416994,Yahoo Finance
2009-03-13,24.115864,24.205699,23.611786,23.956156,6049727,Yahoo Finance
2009-03-16,24.195705,24.255595,23.631737,23.691628,6180091,Yahoo Finance
2009-03-17,23.666691,24.345449,23.666691,24.335466,5953210,Yahoo Finance
2009-03-18,24.090902,24.829549,23.801431,24.555052,7467944,Yahoo Finance
2009-03-19,24.490165,24.550055,23.521939,23.691628,8364465,Yahoo Finance
2009-03-20,23.636740,23.746538,22.758347,22.923046,10136578,Yahoo Finance
2009-03-23,23.357241,24.659856,23.242449,24.614937,8896446,Yahoo Finance
2009-03-24,24.180731,24.684809,23.986087,24.105869,5937781,Yahoo Finance
2009-03-25,24.380383,25.333638,23.831386,24.465227,9384653,Yahoo Finance
2009-03-26,24.629913,25.518286,24.470205,25.468378,8729604,Yahoo Finance
2009-03-27,25.104047,25.468382,24.919387,25.119020,5602423,Yahoo Finance
2009-03-30,24.814586,24.924384,23.996084,24.280563,5737571,Yahoo Finance
2009-03-31,24.510139,25.228821,24.340448,24.814581,8590988,Yahoo Finance
2009-04-01,24.430275,25.388521,24.315486,25.278723,6904628,Yahoo Finance
2009-04-02,25.747872,26.401675,25.658037,26.017378,8325356,Yahoo Finance
2009-04-03,26.067287,26.197048,25.578181,26.007395,5897596,Yahoo Finance
2009-04-06,25.952495,26.052312,25.563208,25.992422,4646819,Yahoo Finance
2009-04-07,25.707950,25.757860,25.288718,25.353598,4856478,Yahoo Finance
2009-04-08,25.418481,25.837715,25.253784,25.643070,4890803,Yahoo Finance
2009-04-09,26.256940,26.800946,26.256940,26.516466,6881664,Yahoo Finance
2009-04-13,26.341791,26.825904,25.977456,26.626268,5485095,Yahoo Finance
2009-04-14,26.416651,26.731076,26.202044,26.421642,5542623,Yahoo Finance
2009-04-15,26.341774,26.970621,26.127167,26.815905,5415249,Yahoo Finance
2009-04-16,26.875813,27.449761,26.551406,27.329981,6859778,Yahoo Finance
2009-04-17,27.464737,27.464737,26.771006,26.855850,7942636,Yahoo Finance
2009-04-20,26.646235,26.701134,25.767842,25.937532,5617732,Yahoo Finance
2009-04-21,26.082265,26.676178,25.952502,26.596323,6050684,Yahoo Finance
2009-04-22,26.261944,27.125366,26.077282,26.481543,7048865,Yahoo Finance
2009-04-23,26.571356,27.115362,26.057298,27.055471,7428236,Yahoo Finance
2009-04-24,27.080427,28.457906,26.820901,28.447924,13803036,Yahoo Finance
2009-04-27,28.173441,29.011906,28.138505,28.622618,8893934,Yahoo Finance
2009-04-28,28.348111,28.782316,28.098567,28.223339,5445029,Yahoo Finance
2009-04-29,28.447927,28.917069,28.338127,28.707451,5528032,Yahoo Finance
2009-04-30,29.036841,29.436109,28.447919,28.747370,6405537,Yahoo Finance
2009-05-01,28.727417,28.932042,28.437946,28.887125,4883507,Yahoo Finance
2009-05-04,28.892123,29.326328,28.752377,29.186583,5406040,Yahoo Finance
2009-05-05,29.156636,29.326326,28.837220,29.161627,5145670,Yahoo Finance
2009-05-06,29.316337,29.625770,28.862169,29.515972,6060252,Yahoo Finance
2009-05-07,29.451089,29.725586,28.932037,29.331308,6730610,Yahoo Finance
2009-05-08,29.550921,30.059991,29.545933,29.990118,6468207,Yahoo Finance
2009-05-11,29.650740,29.735587,29.296390,29.501015,4659736,Yahoo Finance
2009-05-12,29.655716,29.845369,29.121693,29.710615,4883029,Yahoo Finance
2009-05-13,29.141664,29.291389,28.248297,28.417988,6792802,Yahoo Finance
2009-05-14,28.532773,29.101732,28.462900,28.917070,5550397,Yahoo Finance
2009-05-15,28.827229,29.321324,28.702457,28.907082,5677771,Yahoo Finance
2009-05-18,29.096746,29.605815,28.996928,29.560896,5052861,Yahoo Finance
2009-05-19,29.481048,29.695655,29.071797,29.446112,4904078,Yahoo Finance
2009-05-20,29.753193,30.045188,29.264859,29.300100,4469332,Yahoo Finance
2009-05-21,28.922524,29.048384,28.202608,28.469429,5647034,Yahoo Finance
2009-05-22,28.605360,28.690944,28.187506,28.227781,4513584,Yahoo Finance
2009-05-26,28.167368,29.239692,27.860272,29.154106,4951440,Yahoo Finance
2009-05-27,29.154105,29.264862,28.167367,28.212675,5865304,Yahoo Finance
2009-05-28,28.313363,28.635564,27.804890,28.469429,4704227,Yahoo Finance
2009-05-29,28.539918,28.781567,28.167374,28.746326,4523990,Yahoo Finance
2009-06-01,29.149078,30.140853,29.149078,29.848858,7184731,Yahoo Finance
2009-06-02,29.823688,30.362368,29.728035,30.186163,5060276,Yahoo Finance
2009-06-03,29.984794,30.186168,29.571974,29.954588,4697649,Yahoo Finance
2009-06-04,29.999889,30.186161,29.763274,30.130783,3925511,Yahoo Finance
2009-06-05,30.508367,30.855739,30.226441,30.679537,7943952,Yahoo Finance
2009-06-08,30.694634,30.734910,29.738103,30.553673,6152702,Yahoo Finance
2009-06-09,30.508353,30.508353,30.080431,30.377459,5247330,Yahoo Finance
2009-06-10,30.518425,30.820487,29.949540,30.437874,5301988,Yahoo Finance
2009-06-11,30.493239,30.941297,30.457998,30.498274,4338251,Yahoo Finance
2009-06-12,30.392566,30.709732,30.160983,30.709732,3861884,Yahoo Finance
2009-06-15,30.407664,30.407664,29.556855,29.858917,5060994,Yahoo Finance
2009-06-16,29.909257,29.989809,29.325270,29.405819,4534634,Yahoo Finance
2009-06-17,29.496442,29.924366,29.496442,29.722990,4576016,Yahoo Finance
2009-06-18,29.647472,30.181118,29.622300,29.858917,3820622,Yahoo Finance
2009-06-19,29.944507,30.301949,29.667617,29.889130,7018248,Yahoo Finance
2009-06-22,29.511547,29.788438,28.907421,28.932592,6306388,Yahoo Finance
2009-06-23,29.068517,29.068517,28.499631,28.726179,4976795,Yahoo Finance
2009-06-24,28.927556,29.476305,28.776525,28.937626,5319449,Yahoo Finance
2009-06-25,28.872178,29.733059,28.746319,29.652510,4554248,Yahoo Finance
2009-06-26,29.607204,29.939472,29.536722,29.833752,3574366,Yahoo Finance
2009-06-29,29.884101,30.241543,29.602175,30.186163,3820383,Yahoo Finance
2009-06-30,30.176092,30.362364,29.999887,30.256641,7890251,Yahoo Finance
2009-07-01,30.362360,30.855729,30.251602,30.578838,4592520,Yahoo Finance
2009-07-02,30.155945,30.578834,30.045189,30.332150,6677029,Yahoo Finance
2009-07-06,30.140854,30.598982,30.020029,30.543604,6926754,Yahoo Finance
2009-07-07,30.755051,30.860774,29.546800,29.582041,8718122,Yahoo Finance
2009-07-08,29.637418,29.828725,29.103773,29.712933,7297394,Yahoo Finance
2009-07-09,29.843826,29.939479,29.577005,29.748175,3784383,Yahoo Finance
2009-07-10,29.541753,30.166016,29.541753,30.100569,4678034,Yahoo Finance
2009-07-13,30.120702,30.473107,29.853879,30.452971,4833754,Yahoo Finance
2009-07-14,30.442909,30.709732,30.206294,30.523460,4231687,Yahoo Finance
2009-07-15,30.810417,31.288682,30.679523,31.213167,6007628,Yahoo Finance
2009-07-16,31.167867,31.988472,31.122559,31.917990,4938284,Yahoo Finance
2009-07-17,31.787095,31.958266,31.293727,31.676340,5478517,Yahoo Finance
2009-07-20,32.028725,32.194858,31.756867,32.139481,4574580,Yahoo Finance
2009-07-21,32.441552,32.592583,31.897838,32.320724,6015880,Yahoo Finance
2009-07-22,32.350947,32.668113,32.245226,32.557358,4977632,Yahoo Finance
2009-07-23,33.518922,35.099719,33.403131,34.953720,12891206,Yahoo Finance
2009-07-24,34.938602,35.190321,34.415027,34.948669,7329208,Yahoo Finance
2009-07-27,34.933585,35.391713,34.888277,35.195374,4973088,Yahoo Finance
2009-07-28,35.064489,35.336345,34.868147,35.180279,5255942,Yahoo Finance
2009-07-29,34.903364,35.074532,34.425098,34.596268,5581014,Yahoo Finance
2009-07-30,35.104750,35.562878,34.827857,35.190334,5109073,Yahoo Finance
2009-07-31,35.336314,35.940440,35.336314,35.502449,5362984,Yahoo Finance
2009-08-03,36.146861,36.499269,35.869971,36.318031,6663275,Yahoo Finance
2009-08-04,36.101560,36.494241,35.995838,36.262661,5734820,Yahoo Finance
2009-08-05,36.423753,36.625127,35.859900,36.161964,5413574,Yahoo Finance
2009-08-06,36.232447,36.544578,36.136793,36.448925,5139571,Yahoo Finance
2009-08-07,36.589892,37.002711,36.408654,36.700649,5328419,Yahoo Finance
2009-08-10,36.544587,36.544587,35.401781,35.698811,7084865,Yahoo Finance
2009-08-11,35.663572,36.010944,35.406818,35.915291,5743312,Yahoo Finance
2009-08-12,35.935422,36.584859,35.713909,36.413689,5748933,Yahoo Finance
2009-08-13,36.388512,36.710711,36.262652,36.549610,5201045,Yahoo Finance
2009-08-14,36.423759,36.494238,35.562878,35.905216,4302610,Yahoo Finance
2009-08-17,35.487354,35.734038,35.004054,35.280945,5283091,Yahoo Finance
2009-08-18,35.437018,35.537706,35.190334,35.416882,4087569,Yahoo Finance
2009-08-19,35.168402,36.025424,35.122761,35.898647,4673370,Yahoo Finance
2009-08-20,35.893577,36.187702,35.751584,36.121777,3041189,Yahoo Finance
2009-08-21,36.512253,36.973727,36.136989,36.836807,5172341,Yahoo Finance
2009-08-24,36.887511,37.019361,36.517318,36.796230,2995382,Yahoo Finance
2009-08-25,36.826667,37.125866,36.633963,36.857094,4116632,Yahoo Finance
2009-08-26,36.862157,36.887512,36.142055,36.218121,5625386,Yahoo Finance
2009-08-27,36.248544,36.431107,35.731288,36.324612,4875374,Yahoo Finance
2009-08-28,36.502095,36.588306,35.954413,36.471668,4178106,Yahoo Finance
2009-08-31,36.233329,36.562954,36.106550,36.562954,4005643,Yahoo Finance
2009-09-01,36.415896,36.912868,35.462520,35.558872,7013344,Yahoo Finance
2009-09-02,35.741449,36.096428,35.442251,35.792160,3897764,Yahoo Finance
2009-09-03,35.873292,36.060927,35.569024,36.015285,3820861,Yahoo Finance
2009-09-04,35.994975,36.278961,35.710993,36.182610,2693033,Yahoo Finance
2009-09-08,36.360117,36.664385,36.213054,36.355045,4028846,Yahoo Finance
2009-09-09,36.314467,37.272915,36.314467,37.110638,5706355,Yahoo Finance
2009-09-10,37.044724,37.724258,36.770882,37.724258,4945699,Yahoo Finance
2009-09-11,37.734386,37.774956,37.384479,37.526470,3984354,Yahoo Finance
2009-09-14,37.384492,37.851037,37.232355,37.810467,4145814,Yahoo Finance
2009-09-15,37.845952,37.972731,37.526470,37.871307,4266012,Yahoo Finance
2009-09-16,37.911885,38.282078,37.780034,38.226295,3256110,Yahoo Finance
2009-09-17,38.206008,38.261790,37.780031,37.977806,4032314,Yahoo Finance
2009-09-18,38.094442,38.160368,37.780032,37.840885,5247928,Yahoo Finance
2009-09-21,37.480840,37.871316,37.480840,37.800320,3062238,Yahoo Finance
2009-09-22,37.942306,38.109654,37.572113,38.018372,2643040,Yahoo Finance
2009-09-23,38.094445,38.540706,37.678610,37.739464,3999902,Yahoo Finance
2009-09-24,37.856103,38.155299,37.338845,37.577190,3718962,Yahoo Finance
2009-09-25,37.546766,37.724255,37.206997,37.425056,4150957,Yahoo Finance
2009-09-28,37.490970,38.241499,37.490970,38.038654,2858918,Yahoo Finance
2009-09-29,37.922018,38.160360,37.455471,37.496040,3827798,Yahoo Finance
2009-09-30,37.556907,38.028523,36.902730,37.425056,5455913,Yahoo Finance
2009-10-01,37.303347,37.460552,36.715095,36.791161,5217789,Yahoo Finance
2009-10-02,36.415896,36.689739,36.319544,36.476749,3878508,Yahoo Finance
2009-10-05,36.481830,37.222218,36.461546,37.029514,3152656,Yahoo Finance
2009-10-06,37.252628,37.906805,37.181631,37.490971,3265917,Yahoo Finance
2009-10-07,37.293199,37.450407,36.882437,37.090355,3788450,Yahoo Finance
2009-10-08,37.212071,38.008241,37.212071,37.795254,3945484,Yahoo Finance
2009-10-09,37.759763,37.896683,37.521418,37.896683,3353345,Yahoo Finance
2009-10-12,37.957522,38.317574,37.764818,37.972736,2876858,Yahoo Finance
2009-10-13,37.932187,38.140105,37.627919,37.856121,2942280,Yahoo Finance
2009-10-14,38.211068,39.012307,38.069077,38.829746,4929792,Yahoo Finance
2009-10-15,38.642123,39.164450,38.642123,38.931179,4417665,Yahoo Finance
2009-10-16,38.550842,39.047814,38.261787,38.550842,3985072,Yahoo Finance
2009-10-19,38.677625,39.088385,38.449423,38.702980,3667773,Yahoo Finance
2009-10-20,38.672560,38.910902,38.337863,38.515354,4195688,Yahoo Finance
2009-10-21,38.403772,39.240512,38.403772,38.708042,4234438,Yahoo Finance
2009-10-22,39.554925,40.188819,39.108664,39.955547,8595413,Yahoo Finance
2009-10-23,39.767926,39.940344,38.951467,39.463654,6524778,Yahoo Finance
2009-10-26,39.382527,39.864284,38.621852,38.956547,4642035,Yahoo Finance
2009-10-27,39.042758,39.179679,38.449434,38.540714,5384990,Yahoo Finance
2009-10-28,38.566058,38.692836,37.668464,37.759747,5264314,Yahoo Finance
2009-10-29,37.871309,38.525486,37.851025,38.277000,5026908,Yahoo Finance
2009-10-30,38.084306,38.398717,37.090363,37.308422,5413335,Yahoo Finance
2009-11-02,37.455481,38.003165,37.196852,37.668468,4702313,Yahoo Finance
2009-11-03,37.531541,37.845952,37.343909,37.556896,4161123,Yahoo Finance
2009-11-04,37.871328,38.175599,37.475780,37.561989,4875135,Yahoo Finance
2009-11-05,37.780051,38.383518,37.759767,38.266880,3704730,Yahoo Finance
2009-11-06,37.967675,38.444363,37.871323,38.241516,2230779,Yahoo Finance
2009-11-09,38.505216,39.189822,38.287157,39.149250,4725157,Yahoo Finance
2009-11-10,39.068109,39.696930,39.068109,39.549866,4190545,Yahoo Finance
2009-11-11,39.600574,40.062050,39.407870,39.534649,3440174,Yahoo Finance
2009-11-12,39.509291,39.641141,39.022458,39.154308,2932233,Yahoo Finance
2009-11-13,39.159388,39.494085,38.905830,39.210098,2898506,Yahoo Finance
2009-11-16,39.326732,39.701997,39.265879,39.565075,3581422,Yahoo Finance
2009-11-17,39.499145,39.955549,39.499145,39.950478,3701142,Yahoo Finance
2009-11-18,39.843307,39.879039,39.470702,39.710598,3038438,Yahoo Finance
2009-11-19,39.537042,39.628919,38.904123,39.429855,3023368,Yahoo Finance
2009-11-20,39.363512,39.414553,38.919447,39.118511,3620890,Yahoo Finance
2009-11-23,39.378817,39.848399,39.276730,39.674858,4063410,Yahoo Finance
2009-11-24,39.572781,39.746322,39.286944,39.613613,3320814,Yahoo Finance
2009-11-25,39.746321,39.817780,39.552361,39.766739,2319283,Yahoo Finance
2009-11-27,38.853080,39.419645,38.853080,39.174644,2231616,Yahoo Finance
2009-11-30,39.246109,39.720796,39.031731,39.526836,4700400,Yahoo Finance
2009-12-01,39.736100,40.323083,39.730995,40.134228,3657846,Yahoo Finance
2009-12-02,40.027047,40.394547,39.766733,40.021942,3560851,Yahoo Finance
2009-12-03,40.016827,40.149536,39.292030,39.378803,3579389,Yahoo Finance
2009-12-04,39.598299,40.118927,39.491112,39.935177,5233696,Yahoo Finance
2009-12-07,39.766739,40.251635,39.634030,39.766739,3655096,Yahoo Finance
2009-12-08,38.970480,39.521735,38.791834,39.358398,6035853,Yahoo Finance
2009-12-09,39.940263,40.797764,39.838176,40.700787,7892882,Yahoo Finance
2009-12-10,40.813080,41.221417,40.690580,41.180580,6040876,Yahoo Finance
2009-12-11,41.129557,41.757372,41.063203,41.726749,5727405,Yahoo Finance
2009-12-14,41.859440,41.941104,41.670585,41.808399,5979282,Yahoo Finance
2009-12-15,41.905397,42.329043,41.619564,42.211647,5541068,Yahoo Finance
2009-12-16,42.119763,42.374972,41.609344,41.711426,4759123,Yahoo Finance
2009-12-17,41.542982,41.588918,41.007040,41.073395,4594673,Yahoo Finance
2009-12-18,41.241837,41.522569,41.114232,41.328609,7974569,Yahoo Finance
2009-12-21,41.359244,41.966640,41.308198,41.563408,3302515,Yahoo Finance
2009-12-22,41.777789,42.012581,41.619562,41.833935,2205544,Yahoo Finance
2009-12-23,41.833933,42.017683,41.548100,41.951328,2272639,Yahoo Finance
2009-12-24,42.012578,42.364770,42.012578,42.135078,1113715,Yahoo Finance
2009-12-28,42.252470,42.665907,42.196320,42.594448,2815145,Yahoo Finance
2009-12-29,42.762893,43.038521,42.696543,42.941544,4623616,Yahoo Finance
2009-12-30,42.875183,43.028306,42.701642,42.824142,3103620,Yahoo Finance
2009-12-31,42.767981,42.916004,42.129957,42.196312,2451561,Yahoo Finance
2010-01-04,42.410701,42.594451,42.196323,42.374973,3640265,Yahoo Finance
2010-01-05,42.262685,42.482167,41.701225,42.109562,3405012,Yahoo Finance
2010-01-06,42.813952,43.181452,42.625097,42.706760,6301126,Yahoo Finance
2010-01-07,42.528108,42.752695,41.915607,42.737381,5346240,Yahoo Finance
2010-01-08,42.716938,43.038502,42.517874,43.038502,4073337,Yahoo Finance
2010-01-11,43.069140,43.181431,42.574034,42.864971,3500812,Yahoo Finance
2010-01-12,42.660796,42.967047,42.517878,42.900692,3626033,Yahoo Finance
2010-01-13,42.931331,42.931331,42.466849,42.762890,3709992,Yahoo Finance
2010-01-14,42.742472,42.839450,42.579136,42.619972,3150384,Yahoo Finance
2010-01-15,42.630179,42.921116,42.298406,42.553616,4730180,Yahoo Finance
2010-01-19,42.783300,43.472364,42.619968,43.446846,5382478,Yahoo Finance
2010-01-20,43.298825,43.451953,42.665906,43.242680,4390755,Yahoo Finance
2010-01-21,43.181444,43.181444,42.145292,42.211647,5720707,Yahoo Finance
2010-01-22,42.058515,42.277993,41.497051,41.588928,5751564,Yahoo Finance
2010-01-25,42.022784,42.308621,41.588929,41.767574,4050374,Yahoo Finance
2010-01-26,41.578732,42.226965,41.364354,41.665504,3753048,Yahoo Finance
2010-01-27,41.512375,42.283108,41.349043,42.007481,6060012,Yahoo Finance
2010-01-28,42.170799,42.181008,40.379229,41.216316,8157557,Yahoo Finance
2010-01-29,41.522563,41.793086,40.925371,41.083603,5199012,Yahoo Finance
2010-02-01,41.262270,41.287793,40.802892,41.058102,4344709,Yahoo Finance
2010-02-02,41.190804,41.313304,40.680385,41.052990,5609240,Yahoo Finance
2010-02-03,40.746731,41.691005,40.746731,41.599133,4067955,Yahoo Finance
2010-02-04,41.410281,41.410281,40.236316,40.430275,6353870,Yahoo Finance
2010-02-05,40.404762,40.578303,39.434965,40.088303,6467968,Yahoo Finance
2010-02-08,40.057661,40.057661,39.429847,39.572765,5271131,Yahoo Finance
2010-02-09,39.955601,40.532375,39.761642,40.180183,5085990,Yahoo Finance
2010-02-10,40.221016,40.471121,39.812679,40.129139,2924459,Yahoo Finance
2010-02-11,40.435383,41.032575,40.241424,40.971325,6607302,Yahoo Finance
2010-02-12,40.394549,40.440486,39.848398,40.414963,6509828,Yahoo Finance
2010-02-16,40.874331,41.160168,40.496621,41.073395,4328444,Yahoo Finance
2010-02-17,41.317433,41.456147,40.968067,41.173576,3701859,Yahoo Finance
2010-02-18,41.132486,41.707909,41.132486,41.671947,3232070,Yahoo Finance
2010-02-19,41.687358,41.995620,41.415058,41.882591,3848608,Yahoo Finance
2010-02-22,41.980208,42.005899,41.384233,41.451023,3618378,Yahoo Finance
2010-02-23,41.312310,41.661671,40.932115,40.952667,4762352,Yahoo Finance
2010-02-24,41.101665,41.409926,40.844779,41.137627,4222717,Yahoo Finance
2010-02-25,40.670082,40.983481,40.402920,40.968067,4911135,Yahoo Finance
2010-02-26,40.968090,41.271214,40.639276,41.178738,3856382,Yahoo Finance
2010-03-01,41.394501,41.589734,41.281473,41.399639,3043940,Yahoo Finance
2010-03-02,41.481845,41.810659,41.399641,41.682217,4025258,Yahoo Finance
2010-03-03,41.697641,41.964798,41.543508,41.615437,3411351,Yahoo Finance
2010-03-04,41.723331,41.800398,41.394517,41.625717,3133879,Yahoo Finance
2010-03-05,41.795254,42.386091,41.733601,42.355263,3758550,Yahoo Finance
2010-03-08,42.344985,42.401504,41.733600,41.774700,4338968,Yahoo Finance
2010-03-09,41.692492,42.195986,41.481844,42.124058,5082761,Yahoo Finance
2010-03-10,42.088094,42.160023,41.743871,41.903137,4287182,Yahoo Finance
2010-03-11,41.749008,41.892865,41.363680,41.749008,4841528,Yahoo Finance
2010-03-12,41.908272,41.959648,41.574320,41.810658,3523296,Yahoo Finance
2010-03-15,41.697632,41.954517,41.502399,41.749008,3136271,Yahoo Finance
2010-03-16,41.749027,41.954536,41.373975,41.954536,5073671,Yahoo Finance
2010-03-17,42.093245,42.339854,41.949392,42.221687,4771681,Yahoo Finance
2010-03-18,42.283336,43.028306,42.129207,42.987202,5907642,Yahoo Finance
2010-03-19,42.108650,43.156744,41.877455,42.108650,8223935,Yahoo Finance
2010-03-22,41.872316,42.231954,41.872316,42.046997,3895013,Yahoo Finance
2010-03-23,42.180586,42.339852,41.697643,42.309029,4967108,Yahoo Finance
2010-03-24,42.057272,42.283329,41.836348,41.928829,3710590,Yahoo Finance
2010-03-25,42.134332,42.257636,41.533218,41.579456,5911230,Yahoo Finance
2010-03-26,41.666813,41.800394,41.486994,41.615437,4563099,Yahoo Finance
2010-03-29,41.738740,41.969935,41.630849,41.800392,3710710,Yahoo Finance
2010-03-30,42.314180,43.413650,42.252527,43.300617,10410702,Yahoo Finance
2010-03-31,43.182415,43.393063,42.822778,42.935806,5186693,Yahoo Finance
2010-04-01,43.089961,43.274918,42.848490,43.079685,3547097,Yahoo Finance
2010-04-05,43.269771,43.403351,42.940957,43.254356,3110557,Yahoo Finance
2010-04-06,43.105364,43.398212,42.925541,43.336559,3837366,Yahoo Finance
2010-04-07,43.213262,43.480424,42.745729,42.982067,5338346,Yahoo Finance
2010-04-08,42.853628,42.951243,42.524814,42.617290,4494209,Yahoo Finance
2010-04-09,42.627560,42.987198,42.535080,42.894722,3449144,Yahoo Finance
2010-04-12,43.033429,43.033429,42.689201,42.786819,3140816,Yahoo Finance
2010-04-13,42.663521,43.280049,42.483702,43.125916,5090176,Yahoo Finance
2010-04-14,43.110503,43.398217,42.889584,43.357117,4343992,Yahoo Finance
2010-04-15,43.228686,43.670528,43.120791,43.670528,5424458,Yahoo Finance
2010-04-16,43.516386,43.644829,42.745729,43.033443,6389391,Yahoo Finance
2010-04-19,42.956386,43.223548,42.714915,43.105381,4250823,Yahoo Finance
2010-04-20,43.367391,44.107224,43.321153,43.809238,6859060,Yahoo Finance
2010-04-21,43.896574,44.107222,43.706479,44.030155,5409388,Yahoo Finance
2010-04-22,43.721892,44.256215,43.398216,44.209972,5534729,Yahoo Finance
2010-04-23,44.276760,44.744293,44.148317,44.482269,4772758,Yahoo Finance
2010-04-26,44.605558,45.103914,44.564458,44.924095,7521524,Yahoo Finance
2010-04-27,46.198270,46.367818,45.093666,45.196419,13321885,Yahoo Finance
2010-04-28,45.669076,45.766695,45.032001,45.335129,6853798,Yahoo Finance
2010-04-29,45.694755,46.239354,45.540622,45.895126,6319903,Yahoo Finance
2010-04-30,45.571464,46.085234,45.417330,45.556049,6293352,Yahoo Finance
2010-05-03,45.823224,46.239381,45.530377,46.141762,5558290,Yahoo Finance
2010-05-04,45.838629,45.838629,44.703197,45.047421,6525854,Yahoo Finance
2010-05-05,44.718603,44.811084,44.225384,44.487408,5836480,Yahoo Finance
2010-05-06,44.215105,46.506522,35.429628,43.280045,10950576,Yahoo Finance
2010-05-07,42.982062,43.316009,41.749011,42.452877,10009085,Yahoo Finance
2010-05-10,43.978770,44.718598,43.619133,44.168865,7500834,Yahoo Finance
2010-05-11,43.762995,44.168876,43.603729,43.691067,5693917,Yahoo Finance
2010-05-12,43.870894,44.502832,43.778413,44.410351,4103476,Yahoo Finance
2010-05-13,44.215100,44.698047,43.886286,43.973629,3963903,Yahoo Finance
2010-05-14,43.701344,43.953092,43.131059,43.506111,4949526,Yahoo Finance
2010-05-17,43.608868,43.742449,42.653255,43.506111,3817273,Yahoo Finance
2010-05-18,43.716752,44.287037,43.079676,43.167019,6243000,Yahoo Finance
2010-05-19,43.086886,43.086886,42.368253,42.673283,7660619,Yahoo Finance
2010-05-20,41.964983,42.120085,41.101594,41.142952,10468229,Yahoo Finance
2010-05-21,40.543237,41.758189,40.398475,41.721996,7761681,Yahoo Finance
2010-05-24,41.737518,41.742689,41.070585,41.148136,4336576,Yahoo Finance
2010-05-25,40.687998,41.127449,39.969366,41.086090,6823419,Yahoo Finance
2010-05-26,41.360114,41.716843,40.858624,40.931000,5646196,Yahoo Finance
2010-05-27,41.572092,42.151134,41.380802,42.099430,5447660,Yahoo Finance
2010-05-28,42.151123,42.233840,40.719028,41.003376,7753429,Yahoo Finance
2010-06-01,40.698337,41.292890,40.310586,40.362286,5190879,Yahoo Finance
2010-06-02,40.636302,40.786234,40.072772,40.708683,6905226,Yahoo Finance
2010-06-03,40.993027,41.236017,40.150315,40.501873,9425556,Yahoo Finance
2010-06-04,39.959034,39.959034,39.188700,39.343800,9750749,Yahoo Finance
2010-06-07,39.374824,39.736725,38.614833,38.640682,7113569,Yahoo Finance
2010-06-08,38.640678,38.852650,37.596337,38.733738,8646482,Yahoo Finance
2010-06-09,39.018105,39.343814,38.516612,38.666542,5744508,Yahoo Finance
2010-06-10,39.178362,40.114135,39.095643,40.031418,7420582,Yahoo Finance
2010-06-11,39.633304,40.527716,39.612623,40.481182,5534729,Yahoo Finance
2010-06-14,40.837930,41.013709,40.357116,40.398479,4319952,Yahoo Finance
2010-06-15,40.889629,41.287721,40.708679,41.241192,3866907,Yahoo Finance
2010-06-16,40.987858,41.877100,40.837927,41.815060,6410321,Yahoo Finance
2010-06-17,42.052892,42.068403,41.308412,41.892624,4755774,Yahoo Finance
2010-06-18,41.794382,42.073565,41.556563,41.970161,6285937,Yahoo Finance
2010-06-21,42.373425,42.911108,41.913293,42.120094,4860544,Yahoo Finance
2010-06-22,42.244170,42.326892,41.298059,41.375610,3727693,Yahoo Finance
2010-06-23,41.479008,41.690980,41.075746,41.422138,4266252,Yahoo Finance
2010-06-24,41.261875,41.277387,40.258895,40.419163,5190760,Yahoo Finance
2010-06-25,40.600107,40.889625,40.264055,40.791397,5190520,Yahoo Finance
2010-06-28,40.817256,41.220519,40.476039,40.832767,3700424,Yahoo Finance
2010-06-29,40.698351,40.863794,39.731558,40.579441,10220298,Yahoo Finance
2010-06-30,40.434678,41.473851,40.434678,40.837940,8303708,Yahoo Finance
2010-07-01,40.874106,41.039549,40.238195,40.610439,8146793,Yahoo Finance
2010-07-02,40.739707,40.843105,39.829784,40.155495,4517172,Yahoo Finance
2010-07-06,40.558747,41.039561,40.067598,40.398479,4798950,Yahoo Finance
2010-07-07,40.553575,41.659958,40.289904,41.628941,5929648,Yahoo Finance
2010-07-08,41.939146,42.182135,41.406633,41.990845,4755057,Yahoo Finance
2010-07-09,41.933985,42.523367,41.933985,42.476833,3369610,Yahoo Finance
2010-07-12,42.326903,42.528534,42.063232,42.528534,3835094,Yahoo Finance
2010-07-13,42.828373,43.722784,42.828373,43.195442,6144330,Yahoo Finance
2010-07-14,42.978314,43.262662,42.647432,42.936951,3724703,Yahoo Finance
2010-07-15,42.999004,42.999004,42.151126,42.942135,5551832,Yahoo Finance
2010-07-16,42.761172,42.792195,41.721999,41.851250,5145790,Yahoo Finance
2010-07-19,42.125265,42.161453,41.401463,41.990845,3652823,Yahoo Finance
2010-07-20,41.608265,42.569887,41.365276,42.492336,3648757,Yahoo Finance
2010-07-21,42.724993,42.967983,42.052890,42.549210,5971269,Yahoo Finance
2010-07-22,43.805516,44.017488,43.350555,43.815857,8555227,Yahoo Finance
2010-07-23,43.790012,44.601707,43.609062,44.550003,5452684,Yahoo Finance
2010-07-26,44.720592,45.222082,44.405222,45.144531,5782062,Yahoo Finance
2010-07-27,45.061833,45.180748,44.632724,44.875713,5075585,Yahoo Finance
2010-07-28,44.689582,44.979105,44.575843,44.818832,3378222,Yahoo Finance
2010-07-29,45.004971,45.227284,44.317361,44.637901,3999663,Yahoo Finance
2010-07-30,44.203612,44.643062,43.872731,44.224289,5674542,Yahoo Finance
2010-08-02,44.875704,45.382365,44.834346,45.191074,4352244,Yahoo Finance
2010-08-03,44.968764,45.263452,44.813661,45.087673,3415178,Yahoo Finance
2010-08-04,45.134213,45.532305,45.098025,45.496117,2658230,Yahoo Finance
2010-08-05,45.139373,45.454743,44.963594,45.351345,3018226,Yahoo Finance
2010-08-06,44.880884,45.258294,44.472456,45.129044,3230755,Yahoo Finance
2010-08-09,45.356530,45.692581,45.191086,45.511627,3812130,Yahoo Finance
2010-08-10,45.191093,45.382384,44.384573,45.035995,4355114,Yahoo Finance
2010-08-11,44.410416,44.456950,43.185128,43.479816,5388698,Yahoo Finance
2010-08-12,43.066214,43.753829,42.993838,43.433289,4108619,Yahoo Finance
2010-08-13,43.376419,43.660767,43.293697,43.433289,2486604,Yahoo Finance
2010-08-16,43.081712,43.407423,42.564711,43.133411,2820646,Yahoo Finance
2010-08-17,42.880084,43.888239,42.740492,43.474636,5232022,Yahoo Finance
2010-08-18,43.586494,43.700952,42.873752,43.498055,3825884,Yahoo Finance
2010-08-19,43.352368,43.409595,42.239034,42.561588,4735323,Yahoo Finance
2010-08-20,42.140182,42.369090,41.677160,41.963299,5209058,Yahoo Finance
2010-08-23,42.145408,42.816527,42.088181,42.181824,3879106,Yahoo Finance
2010-08-24,41.724003,42.140204,41.344221,41.854065,5353176,Yahoo Finance
2010-08-25,41.625155,42.192226,41.344219,42.010139,4278212,Yahoo Finance
2010-08-26,42.275465,42.311881,41.359826,41.505497,4278092,Yahoo Finance
2010-08-27,41.682370,42.187011,41.203739,42.140190,4121296,Yahoo Finance
2010-08-30,41.911278,41.973708,41.401435,41.437855,2880446,Yahoo Finance
2010-08-31,41.391037,41.723997,40.787551,40.865589,5927376,Yahoo Finance
2010-09-01,41.365027,42.192222,41.250573,42.145401,5390372,Yahoo Finance
2010-09-02,42.369095,42.603210,42.051743,42.592804,2963449,Yahoo Finance
2010-09-03,42.962179,43.550061,42.951774,43.430405,3515881,Yahoo Finance
2010-09-07,43.300351,43.378389,42.670850,42.733280,3706643,Yahoo Finance
2010-09-08,42.769692,43.550067,42.769692,43.050629,3333252,Yahoo Finance
2010-09-09,43.659308,43.742549,42.910151,43.159870,2956153,Yahoo Finance
2010-09-10,43.113055,43.737352,42.998601,43.669720,2590895,Yahoo Finance
2010-09-13,43.992288,44.205592,43.810202,44.148365,3424746,Yahoo Finance
2010-09-14,44.054711,44.221194,43.711350,44.028702,3970122,Yahoo Finance
2010-09-15,43.945443,44.091114,43.503233,44.002670,2602376,Yahoo Finance
2010-09-16,43.711365,44.221209,43.669742,44.195194,2908433,Yahoo Finance
2010-09-17,44.398074,44.829879,44.268011,44.777855,7136652,Yahoo Finance
2010-09-20,44.876712,45.589453,44.772659,45.474995,4374848,Yahoo Finance
2010-09-21,45.079601,45.584242,44.772651,45.027573,4401519,Yahoo Finance
2010-09-22,45.037989,45.344935,44.809081,45.069206,2957708,Yahoo Finance
2010-09-23,44.668603,45.131626,44.403275,44.496918,2384824,Yahoo Finance
2010-09-24,44.954725,45.506191,44.632170,45.240864,4090798,Yahoo Finance
2010-09-27,45.188855,45.318917,44.777857,44.840286,2983661,Yahoo Finance
2010-09-28,45.079616,45.428180,44.450111,45.282509,3088790,Yahoo Finance
2010-09-29,45.084804,45.599851,44.907921,45.350132,3487177,Yahoo Finance
2010-09-30,45.667497,45.781956,44.850707,45.110832,4347101,Yahoo Finance
2010-10-01,45.459403,45.724731,45.209680,45.584263,3828276,Yahoo Finance
2010-10-04,45.412560,45.641472,44.798668,45.105614,2734415,Yahoo Finance
2010-10-05,45.422981,46.302206,45.422981,46.229370,5516191,Yahoo Finance
2010-10-06,46.125299,46.770408,46.125299,46.765205,4948330,Yahoo Finance
2010-10-07,46.749599,46.780812,46.010843,46.250156,3972992,Yahoo Finance
2010-10-08,46.728803,46.728803,46.005656,46.385437,2708222,Yahoo Finance
2010-10-11,46.551924,46.562330,45.766347,45.912018,3116656,Yahoo Finance
2010-10-12,45.740321,46.062876,45.147236,45.859978,2991674,Yahoo Finance
2010-10-13,45.849589,46.681988,45.849589,46.375042,3803160,Yahoo Finance
2010-10-14,46.380230,46.437461,45.969236,46.338612,2767185,Yahoo Finance
2010-10-15,46.692394,46.765224,45.974449,46.375042,3704132,Yahoo Finance
2010-10-18,46.349010,46.780815,46.140909,46.645550,3219632,Yahoo Finance
2010-10-19,46.172118,46.281369,45.527010,46.068066,4650168,Yahoo Finance
2010-10-20,46.161715,46.796418,46.094083,46.546700,3372002,Yahoo Finance
2010-10-21,46.754818,47.290672,46.676780,47.108585,6738025,Yahoo Finance
2010-10-22,47.056556,47.150203,46.832847,47.051353,2763717,Yahoo Finance
2010-10-25,47.150190,47.597604,47.150190,47.290653,3818708,Yahoo Finance
2010-10-26,47.176218,47.332295,46.895282,47.066967,2712767,Yahoo Finance
2010-10-27,46.817232,47.098163,46.073273,47.014927,4064606,Yahoo Finance
2010-10-28,45.688296,45.781943,43.596893,44.257610,19408808,Yahoo Finance
2010-10-29,44.226390,44.330438,43.737353,43.815392,7277899,Yahoo Finance
2010-11-01,43.997478,44.372057,43.399191,43.690533,5342771,Yahoo Finance
2010-11-02,44.122352,44.247212,43.867430,44.117149,4562979,Yahoo Finance
2010-11-03,44.299216,44.522925,43.336756,44.377254,4881713,Yahoo Finance
2010-11-04,44.892322,45.714319,44.793477,45.282509,7900896,Yahoo Finance
2010-11-05,45.501003,45.516611,44.741440,44.918324,4454263,Yahoo Finance
2010-11-08,44.637377,45.053578,44.507315,44.668594,6596060,Yahoo Finance
2010-11-09,44.913112,44.918315,44.195168,44.377254,5884918,Yahoo Finance
2010-11-10,44.377266,44.996365,44.372063,44.871506,4782804,Yahoo Finance
2010-11-11,44.595780,45.032788,44.335655,45.001575,6997557,Yahoo Finance
2010-11-12,44.751845,45.350128,44.548947,44.866299,4931945,Yahoo Finance
2010-11-15,45.100423,45.147244,44.814288,44.845501,3744796,Yahoo Finance
2010-11-16,44.590579,44.626994,43.685345,43.825813,6816961,Yahoo Finance
2010-11-17,44.016894,44.247242,43.723730,43.948837,3744198,Yahoo Finance
2010-11-18,44.414750,44.891147,44.268165,44.786442,4277374,Yahoo Finance
2010-11-19,44.775980,44.786451,44.351937,44.503757,3852675,Yahoo Finance
2010-11-22,44.320527,44.529933,43.959306,44.446175,3559655,Yahoo Finance
2010-11-23,43.927879,44.257691,43.524778,43.760357,4704107,Yahoo Finance
2010-11-24,44.231536,44.399058,44.016895,44.320530,4613690,Yahoo Finance
2010-11-26,44.215818,44.535160,43.933120,44.184410,1986915,Yahoo Finance
2010-11-29,43.817945,44.173935,43.451488,44.090172,4293640,Yahoo Finance
2010-11-30,43.582360,44.132045,43.467189,43.964523,4142346,Yahoo Finance
2010-12-01,44.718401,45.404204,44.707930,45.048214,6163825,Yahoo Finance
2010-12-02,45.147664,45.613590,45.100549,45.289013,5092448,Yahoo Finance
2010-12-03,45.053435,45.671181,44.922557,45.514126,3481197,Yahoo Finance
2010-12-06,45.545537,45.765409,45.346602,45.482716,3785818,Yahoo Finance
2010-12-07,45.378007,45.582178,43.875528,44.074463,12390082,Yahoo Finance
2010-12-08,43.571892,44.404274,43.571892,44.330982,6153779,Yahoo Finance
2010-12-09,44.488052,44.524696,43.828426,44.032597,4303328,Yahoo Finance
2010-12-10,44.158235,44.194879,43.844129,44.142529,5326027,Yahoo Finance
2010-12-13,44.257713,44.875459,44.200127,44.655582,5100103,Yahoo Finance
2010-12-14,44.618929,44.974914,44.508993,44.938271,3436586,Yahoo Finance
2010-12-15,44.938268,45.545544,44.734098,44.922562,5691166,Yahoo Finance
2010-12-16,44.964442,45.325663,44.577039,45.231434,3194038,Yahoo Finance
2010-12-17,45.226207,45.362321,44.969682,45.215736,4372337,Yahoo Finance
2010-12-20,45.336135,45.974819,45.079615,45.723534,4787110,Yahoo Finance
2010-12-21,45.817766,45.859645,45.142434,45.299484,3906016,Yahoo Finance
2010-12-22,45.236665,45.493186,44.933030,45.398956,2866573,Yahoo Finance
2010-12-23,45.435600,45.472248,45.142435,45.268078,2260679,Yahoo Finance
2010-12-27,45.220949,45.676405,45.022015,45.550762,1896258,Yahoo Finance
2010-12-28,45.550765,45.765402,45.252361,45.409416,2116561,Yahoo Finance
2010-12-29,45.461782,45.650246,45.309962,45.419903,1993493,Yahoo Finance
2010-12-30,45.430361,45.561239,45.215724,45.304718,1797468,Yahoo Finance
2010-12-31,45.299499,45.535083,45.027277,45.179092,2142634,Yahoo Finance
2011-01-03,45.414667,45.718302,45.409431,45.435604,3148829,Yahoo Finance
2011-01-04,45.545527,45.692106,45.168594,45.372765,3162344,Yahoo Finance
2011-01-05,45.173830,46.016683,45.084836,45.372765,4881235,Yahoo Finance
2011-01-06,45.472257,45.645014,44.828338,45.095329,4129310,Yahoo Finance
2011-01-07,45.309978,45.707848,44.995871,45.142456,4013178,Yahoo Finance
2011-01-10,44.875442,45.718296,44.875442,45.624062,4156339,Yahoo Finance
2011-01-11,45.718300,46.247048,45.718300,45.932941,3617182,Yahoo Finance
2011-01-12,46.079519,46.466917,46.027164,46.414562,3268548,Yahoo Finance
2011-01-13,46.315120,46.524526,45.943428,46.090008,2812872,Yahoo Finance
2011-01-14,45.932950,46.126650,45.781130,46.121414,2504783,Yahoo Finance
2011-01-18,45.985287,46.330806,45.917230,46.142338,2779145,Yahoo Finance
2011-01-19,46.199935,46.456455,45.891059,46.048115,2753431,Yahoo Finance
2011-01-20,45.995778,46.268005,45.676436,46.090008,2592210,Yahoo Finance
2011-01-21,46.414561,46.796728,46.262745,46.744373,4677915,Yahoo Finance
2011-01-24,46.702502,47.377834,46.623974,47.283600,7558242,Yahoo Finance
2011-01-25,46.801979,46.854334,45.650254,46.330822,8947037,Yahoo Finance
2011-01-26,46.372684,46.969488,46.294156,46.890961,4900969,Yahoo Finance
2011-01-27,46.697267,47.267894,46.603033,46.692032,3925750,Yahoo Finance
2011-01-28,46.817671,46.953785,45.676418,45.775883,5893410,Yahoo Finance
2011-01-31,46.032392,46.168506,45.707815,46.027157,4923334,Yahoo Finance
2011-02-01,46.079534,46.226113,45.775893,45.959122,4778259,Yahoo Finance
2011-02-02,45.901527,46.304632,45.901527,45.938175,3459550,Yahoo Finance
2011-02-03,45.974817,46.210400,45.833468,46.042873,2370711,Yahoo Finance
2011-02-04,46.027175,46.273225,45.885826,46.220875,2360784,Yahoo Finance
2011-02-07,46.158047,46.723443,45.969583,46.482624,3135553,Yahoo Finance
2011-02-08,46.576859,46.854322,46.477390,46.838615,3238768,Yahoo Finance
2011-02-09,46.943320,47.555831,46.932849,47.524418,5724654,Yahoo Finance
2011-02-10,47.241720,47.472063,47.095136,47.356892,3333850,Yahoo Finance
2011-02-11,47.294077,48.136931,47.147492,48.058403,4078360,Yahoo Finance
2011-02-14,48.016519,48.320154,48.016519,48.110748,4088526,Yahoo Finance
2011-02-15,47.911830,48.236408,47.639608,48.163120,3554392,Yahoo Finance
2011-02-16,48.168377,48.953101,48.163110,48.626572,4672174,Yahoo Finance
2011-02-17,48.526490,48.958354,48.463291,48.837223,3748503,Yahoo Finance
2011-02-18,48.837224,48.963622,48.479092,48.958355,4108499,Yahoo Finance
2011-02-22,48.837247,49.321772,48.357984,48.452785,6018631,Yahoo Finance
2011-02-23,48.752954,48.758221,47.330972,47.536366,6411636,Yahoo Finance
2011-02-24,47.625906,47.783907,47.014979,47.415241,4778857,Yahoo Finance
2011-02-25,47.267771,47.752296,47.236169,47.531101,3419962,Yahoo Finance
2011-02-28,48.400097,48.789826,47.978772,48.573898,5737690,Yahoo Finance
2011-03-01,48.552834,48.637101,47.631178,47.641712,4793688,Yahoo Finance
2011-03-02,47.525851,48.558104,47.525851,48.094643,3360162,Yahoo Finance
2011-03-03,48.373771,49.190092,48.373771,48.879364,3661076,Yahoo Finance
2011-03-04,48.826698,49.132159,48.110440,48.552834,3313398,Yahoo Finance
2011-03-07,48.758223,49.269082,48.463290,48.663422,4533438,Yahoo Finance
2011-03-08,48.647636,49.590355,48.610767,49.374428,4333945,Yahoo Finance
2011-03-09,49.253300,49.369169,48.758241,49.068970,2533008,Yahoo Finance
2011-03-10,48.621309,48.621309,47.399458,47.404720,6097686,Yahoo Finance
2011-03-11,47.246727,48.479112,47.246727,48.247383,4201548,Yahoo Finance
2011-03-14,48.036706,48.036706,47.346778,47.936638,4244604,Yahoo Finance
2011-03-15,46.899135,47.446864,46.377741,47.136135,6307106,Yahoo Finance
2011-03-16,46.904381,46.999182,45.772060,46.109123,7639450,Yahoo Finance
2011-03-17,46.656850,46.856981,46.372451,46.709515,4283235,Yahoo Finance
2011-03-18,47.251980,47.452111,46.625251,46.862251,5768547,Yahoo Finance
2011-03-21,47.541638,48.347429,47.488972,47.899769,4276896,Yahoo Finance
2011-03-22,47.905060,48.178924,47.615394,47.768127,2472252,Yahoo Finance
2011-03-23,47.725966,48.800350,47.715432,48.526485,4757808,Yahoo Finance
2011-03-24,48.774025,48.968890,48.394826,48.758224,3104577,Yahoo Finance
2011-03-25,48.910944,48.958342,48.521216,48.594944,3287206,Yahoo Finance
2011-03-28,48.673964,48.884629,48.515968,48.515968,2887503,Yahoo Finance
2011-03-29,48.594965,48.926762,48.400101,48.895164,2656794,Yahoo Finance
2011-03-30,48.895166,49.063696,48.626569,48.700302,4265534,Yahoo Finance
2011-03-31,48.668692,49.332285,48.642362,49.242756,3830668,Yahoo Finance
2011-04-01,49.258559,49.679889,48.779301,49.047894,4241853,Yahoo Finance
2011-04-04,48.810894,49.416554,48.810894,49.316486,2340094,Yahoo Finance
2011-04-05,49.248014,49.506082,48.989950,49.184814,2695066,Yahoo Finance
2011-04-06,49.474507,49.558774,49.095313,49.411308,2988086,Yahoo Finance
2011-04-07,49.248031,49.469231,48.768774,49.079502,4100725,Yahoo Finance
2011-04-08,49.290159,49.374426,48.779300,49.095295,2945389,Yahoo Finance
2011-04-11,49.290144,49.843135,49.190076,49.400742,3852914,Yahoo Finance
2011-04-12,49.084763,49.121627,48.468568,48.647636,4657822,Yahoo Finance
2011-04-13,49.016298,49.111094,48.742434,48.905701,3390301,Yahoo Finance
2011-04-14,48.679233,49.095296,48.321106,48.947830,2739079,Yahoo Finance
2011-04-15,48.921496,49.053161,48.442238,48.884632,3720397,Yahoo Finance
2011-04-18,48.421161,48.421161,47.704903,48.163097,4352603,Yahoo Finance
2011-04-19,48.268423,48.468554,48.173626,48.379025,2912380,Yahoo Finance
2011-04-20,48.963630,49.727286,48.942562,49.379688,4347938,Yahoo Finance
2011-04-21,49.553489,49.732552,49.321756,49.463955,3500214,Yahoo Finance
2011-04-25,49.458693,49.674625,49.121630,49.569290,2615772,Yahoo Finance
2011-04-26,50.038009,50.870136,49.711479,50.527805,9573143,Yahoo Finance
2011-04-27,50.385612,50.843806,50.232878,50.806942,4513943,Yahoo Finance
2011-04-28,50.617343,51.244067,50.606809,51.207203,4302969,Yahoo Finance
2011-04-29,51.043953,51.349414,51.012355,51.196686,3690856,Yahoo Finance
2011-05-02,51.391543,51.586407,50.901746,51.043945,3617900,Yahoo Finance
2011-05-03,51.049205,51.349400,50.864875,50.996540,3514685,Yahoo Finance
2011-05-04,50.849076,51.086071,50.422478,50.664745,3858416,Yahoo Finance
2011-05-05,50.354014,50.706874,49.716752,49.990616,4975001,Yahoo Finance
2011-05-06,50.417190,50.996516,50.222326,50.348724,4385134,Yahoo Finance
2011-05-09,50.190760,50.801688,50.190760,50.554153,2438644,Yahoo Finance
2011-05-10,50.685804,50.785872,50.364541,50.406677,3929578,Yahoo Finance
2011-05-11,50.438268,50.559399,49.737811,50.306602,4136127,Yahoo Finance
2011-05-12,50.127547,51.054470,50.090683,50.901737,4723363,Yahoo Finance
2011-05-13,50.880667,51.180861,50.132807,50.564667,3491004,Yahoo Finance
2011-05-16,50.317152,50.680550,50.174953,50.275021,3116178,Yahoo Finance
2011-05-17,50.180213,50.275014,49.053158,49.432358,5795218,Yahoo Finance
2011-05-18,49.649559,49.893249,49.135683,49.766106,3994879,Yahoo Finance
2011-05-19,49.978014,50.327655,49.760809,50.174026,2852938,Yahoo Finance
2011-05-20,50.089256,50.142231,49.336988,49.564789,4170332,Yahoo Finance
2011-05-23,48.891996,49.204556,48.611219,48.997952,3574724,Yahoo Finance
2011-05-24,49.225752,49.225752,48.701285,48.722477,3849087,Yahoo Finance
2011-05-25,48.494670,49.284020,48.409907,49.103901,3365903,Yahoo Finance
2011-05-26,49.082713,49.374086,48.754259,49.172775,3192363,Yahoo Finance
2011-05-27,49.511815,49.792591,49.321100,49.517113,2376691,Yahoo Finance
2011-05-31,49.824378,50.158130,49.527712,49.999199,3804835,Yahoo Finance
2011-06-01,49.972717,49.972717,48.383423,48.441696,4133615,Yahoo Finance
2011-06-02,48.394001,48.796622,48.192690,48.452274,3283259,Yahoo Finance
2011-06-03,47.779491,48.330448,47.779491,48.049671,3717527,Yahoo Finance
2011-06-06,47.880147,48.171515,47.805979,48.007290,3545542,Yahoo Finance
2011-06-07,48.134437,48.733072,48.070865,48.129139,3647441,Yahoo Finance
2011-06-08,48.176813,48.394018,47.869551,48.160919,4150000,Yahoo Finance
2011-06-09,48.399317,48.966163,48.203304,48.717175,2981987,Yahoo Finance
2011-06-10,48.441687,48.685377,48.017873,48.065556,3307179,Yahoo Finance
2011-06-13,48.282756,48.669488,48.155612,48.367519,3041787,Yahoo Finance
2011-06-14,48.886708,49.262845,48.759565,49.050938,3395564,Yahoo Finance
2011-06-15,48.579439,48.780750,47.986103,48.224495,4075609,Yahoo Finance
2011-06-16,48.245670,48.674777,48.028465,48.515850,3582857,Yahoo Finance
2011-06-17,48.897309,49.072134,48.489389,48.621830,4501864,Yahoo Finance
2011-06-20,48.431098,49.199260,48.425800,49.035030,2423933,Yahoo Finance
2011-06-21,49.167453,49.686622,48.913167,49.495907,2916207,Yahoo Finance
2011-06-22,49.442935,49.755495,49.119780,49.162159,3199778,Yahoo Finance
2011-06-23,48.759552,48.960863,48.065563,48.918484,4549823,Yahoo Finance
2011-06-24,48.918472,49.019125,48.039061,48.150311,4999160,Yahoo Finance
2011-06-27,48.250973,49.082702,48.123830,48.870800,3329305,Yahoo Finance
2011-06-28,49.072105,49.278709,48.960851,49.278709,3265080,Yahoo Finance
2011-06-29,49.490599,49.607146,49.098573,49.326374,3673753,Yahoo Finance
2011-06-30,49.469426,50.359433,49.453537,50.248184,5025353,Yahoo Finance
2011-07-01,50.237598,51.360700,50.237598,51.212364,5573001,Yahoo Finance
2011-07-05,51.069323,51.313018,50.889204,50.931583,3664783,Yahoo Finance
2011-07-06,50.920990,51.652066,50.910399,51.514332,4430104,Yahoo Finance
2011-07-07,51.773907,52.017598,51.477237,51.901051,3961272,Yahoo Finance
2011-07-08,51.450762,51.742135,51.381898,51.715645,3605820,Yahoo Finance
2011-07-11,51.095817,51.387185,50.889208,51.154091,5394199,Yahoo Finance
2011-07-12,51.445448,51.503727,50.751459,50.793839,5475408,Yahoo Finance
2011-07-13,50.905112,51.546127,50.873324,50.958088,3368056,Yahoo Finance
2011-07-14,50.232299,50.740871,50.094559,50.317062,6454932,Yahoo Finance
2011-07-15,50.433608,50.661404,50.179321,50.576645,4693104,Yahoo Finance
2011-07-18,50.380639,50.391236,49.644266,50.115757,3529874,Yahoo Finance
2011-07-19,50.295874,50.295874,49.469438,49.940929,5689252,Yahoo Finance
2011-07-20,50.237602,50.285279,49.877359,49.930340,3358368,Yahoo Finance
2011-07-21,50.332959,50.905108,50.062778,50.772667,4234318,Yahoo Finance
2011-07-22,50.905105,51.058734,50.385936,50.528969,3404055,Yahoo Finance
2011-07-25,50.242890,50.608425,49.744908,50.364735,4112566,Yahoo Finance
2011-07-26,48.695974,49.003241,47.445730,47.641743,13672672,Yahoo Finance
2011-07-27,47.514607,47.530501,46.486865,46.661686,7963446,Yahoo Finance
2011-07-28,46.719945,47.000721,46.306727,46.391491,5125936,Yahoo Finance
2011-07-29,46.057744,46.465664,45.877626,46.163700,5841025,Yahoo Finance
2011-08-01,46.608708,46.709361,45.316079,45.967690,7173130,Yahoo Finance
2011-08-02,45.384967,46.221999,45.162469,45.173065,7661935,Yahoo Finance
2011-08-03,45.326674,45.798166,44.934649,45.655128,7507292,Yahoo Finance
2011-08-04,45.067104,45.067104,43.499001,43.562572,10837674,Yahoo Finance
2011-08-05,44.203560,44.616777,43.038079,43.838024,10109908,Yahoo Finance
2011-08-08,42.778494,43.106948,41.602418,41.634201,13749455,Yahoo Finance
2011-08-09,42.503016,43.896298,41.353425,43.806236,14362046,Yahoo Finance
2011-08-10,42.910954,43.027501,41.326957,41.443504,11215370,Yahoo Finance
2011-08-11,41.687190,43.631429,41.475288,43.027496,8542191,Yahoo Finance
2011-08-12,43.382448,43.843343,42.805001,43.726791,6838848,Yahoo Finance
2011-08-15,43.790372,44.320142,43.424836,44.134720,4972011,Yahoo Finance
2011-08-16,43.721486,43.800946,42.937430,43.509579,6073527,Yahoo Finance
2011-08-17,43.834903,44.282909,42.976232,43.162899,6493562,Yahoo Finance
2011-08-18,42.576246,42.677583,40.928238,41.290909,10221375,Yahoo Finance
2011-08-19,40.880233,42.037570,40.853565,40.997566,7357314,Yahoo Finance
2011-08-22,41.781580,41.877582,40.800242,41.040241,5303303,Yahoo Finance
2011-08-23,41.157577,42.565581,40.997574,42.490913,6959644,Yahoo Finance
2011-08-24,42.346901,42.906902,42.053564,42.821571,6191453,Yahoo Finance
2011-08-25,42.906925,43.013595,41.488253,41.701584,7898982,Yahoo Finance
2011-08-26,41.456237,42.805579,40.800233,42.672245,6446440,Yahoo Finance
2011-08-29,43.360251,43.856256,43.146921,43.786922,4146532,Yahoo Finance
2011-08-30,43.562910,44.058915,43.045575,43.770912,4466103,Yahoo Finance
2011-08-31,44.106921,44.464258,43.840252,44.256256,5666289,Yahoo Finance
2011-09-01,44.277579,44.773580,43.349574,43.525574,5424338,Yahoo Finance
2011-09-02,42.677577,42.842909,42.090908,42.320240,5251995,Yahoo Finance
2011-09-06,41.301570,41.738909,40.906902,41.642906,6304355,Yahoo Finance
2011-09-07,42.325562,43.008234,41.952229,42.970898,6235705,Yahoo Finance
2011-09-08,42.602912,43.013582,42.016243,42.272243,5647751,Yahoo Finance
2011-09-09,41.632231,41.696231,40.533560,40.880230,8878386,Yahoo Finance
2011-09-12,40.645563,41.749570,40.533562,41.717567,6995284,Yahoo Finance
2011-09-13,41.749581,42.021583,41.168240,41.498909,7737044,Yahoo Finance
2011-09-14,41.578926,42.874936,41.018925,42.368263,6461390,Yahoo Finance
2011-09-15,42.762910,43.216250,42.389576,43.002914,5049871,Yahoo Finance
2011-09-16,43.429580,43.546918,42.672245,42.949581,7209010,Yahoo Finance
2011-09-19,42.437579,42.437579,41.536243,42.245579,5445029,Yahoo Finance
2011-09-20,42.368245,42.624246,41.845576,42.245579,4682101,Yahoo Finance
2011-09-21,42.309577,42.538914,40.677570,40.714901,5929529,Yahoo Finance
2011-09-22,39.904232,39.946899,38.400222,38.880226,12089766,Yahoo Finance
2011-09-23,38.741567,39.642906,38.581567,39.461571,5482225,Yahoo Finance
2011-09-26,39.674901,40.138904,39.173565,40.101570,6019946,Yahoo Finance
2011-09-27,40.730908,41.477581,40.437574,40.682907,5830859,Yahoo Finance
2011-09-28,40.757574,41.173575,39.200232,39.253567,7094792,Yahoo Finance
2011-09-29,39.984239,40.362908,39.200235,39.749573,6737666,Yahoo Finance
2011-09-30,39.418881,39.434880,38.245540,38.288208,8592662,Yahoo Finance
2011-10-03,37.936216,39.061555,37.829548,37.829548,9112683,Yahoo Finance
2011-10-04,37.402879,38.496218,36.602874,38.405552,10405200,Yahoo Finance
2011-10-05,38.261566,38.848238,37.872231,38.682903,6538532,Yahoo Finance
2011-10-06,38.784214,39.834885,38.400210,39.813553,5783617,Yahoo Finance
2011-10-07,40.106896,40.240230,38.970889,39.370892,6328993,Yahoo Finance
2011-10-10,40.064227,40.928232,40.048228,40.917564,4611298,Yahoo Finance
2011-10-11,40.826901,40.997566,40.474897,40.757565,3970959,Yahoo Finance
2011-10-12,40.922898,42.314905,40.922898,41.792236,6773307,Yahoo Finance
2011-10-13,41.744244,41.813578,40.890907,41.493572,4457372,Yahoo Finance
2011-10-14,42.101573,42.256242,41.664239,42.074909,3397597,Yahoo Finance
2011-10-17,41.936246,42.160249,40.352237,40.469570,5213962,Yahoo Finance
2011-10-18,40.629563,42.213574,40.378896,41.792236,4983971,Yahoo Finance
2011-10-19,41.738910,42.058911,41.210907,41.440239,4622540,Yahoo Finance
2011-10-20,41.477573,42.165574,41.125570,41.962906,4888411,Yahoo Finance
2011-10-21,42.336251,42.965585,42.122915,42.922920,6129739,Yahoo Finance
2011-10-24,42.837577,43.946920,42.789578,43.829582,6492725,Yahoo Finance
2011-10-25,41.002903,42.144243,40.682899,41.088238,15131553,Yahoo Finance
2011-10-26,41.589566,41.813569,40.517559,41.077564,6923524,Yahoo Finance
2011-10-27,42.405571,43.909577,42.090904,43.418911,8866785,Yahoo Finance
2011-10-28,43.482918,43.648250,42.933580,43.200249,6281392,Yahoo Finance
2011-10-31,42.602922,42.981589,42.096249,42.144253,4810910,Yahoo Finance
2011-11-01,41.541594,41.717593,40.672254,40.816254,6903432,Yahoo Finance
2011-11-02,41.274908,41.941579,41.253573,41.632240,4257282,Yahoo Finance
2011-11-03,42.058918,42.570920,41.541583,42.474922,5188009,Yahoo Finance
2011-11-04,42.117575,42.421579,41.664240,42.293579,4511192,Yahoo Finance
2011-11-07,42.277589,42.768255,41.760248,42.501587,5156793,Yahoo Finance
2011-11-08,42.821579,43.733583,42.666910,43.642914,5059678,Yahoo Finance
2011-11-09,42.736242,42.832240,41.850902,42.133572,7646626,Yahoo Finance
2011-11-10,42.832244,43.285584,42.480245,42.837578,5556975,Yahoo Finance
2011-11-11,43.360252,44.085589,43.360252,43.888260,4360377,Yahoo Finance
2011-11-14,43.498924,43.994929,43.402926,43.664261,3789646,Yahoo Finance
2011-11-15,43.434924,43.936263,43.232256,43.664261,4308470,Yahoo Finance
2011-11-16,43.354922,44.320264,43.125590,43.664261,6096132,Yahoo Finance
2011-11-17,43.482926,43.557589,42.490915,42.896252,6073168,Yahoo Finance
2011-11-18,43.040248,43.210919,42.656247,42.954918,4698247,Yahoo Finance
2011-11-21,42.282909,42.474910,41.354904,41.808239,6504805,Yahoo Finance
2011-11-22,41.695456,42.399062,41.598775,41.802876,4988038,Yahoo Finance
2011-11-23,41.400047,41.443019,40.546052,40.572906,4963280,Yahoo Finance
2011-11-25,40.578276,41.281883,40.578276,40.889797,2504424,Yahoo Finance
2011-11-28,41.464506,41.899563,41.383944,41.743801,5888028,Yahoo Finance
2011-11-29,41.894173,41.990850,41.373183,41.485973,4608547,Yahoo Finance
2011-11-30,42.812615,43.532334,42.662224,43.526962,10430316,Yahoo Finance
2011-12-01,43.639773,43.671997,43.102668,43.129520,4625052,Yahoo Finance
2011-12-02,43.714967,43.752562,42.458142,42.839485,6671288,Yahoo Finance
2011-12-05,43.682719,43.827738,43.150986,43.467876,7068958,Yahoo Finance
2011-12-06,44.112415,44.472272,43.833120,44.112415,7190113,Yahoo Finance
2011-12-07,44.058722,44.434693,43.387340,44.252079,5150096,Yahoo Finance
2011-12-08,43.951276,44.117781,43.108024,43.215443,4760798,Yahoo Finance
2011-12-09,43.462517,44.268175,43.381956,44.150013,4874298,Yahoo Finance
2011-12-12,43.988880,44.037218,42.984495,43.285271,3992248,Yahoo Finance
2011-12-13,43.505492,43.623654,42.382944,42.651497,4755057,Yahoo Finance
2011-12-14,42.527959,42.672979,42.033826,42.168102,5026788,Yahoo Finance
2011-12-15,42.662223,42.850213,42.216428,42.356075,3883412,Yahoo Finance
2011-12-16,42.710585,42.979137,42.119770,42.361465,7765150,Yahoo Finance
2011-12-19,42.442018,42.699828,41.630989,41.797489,4168538,Yahoo Finance
2011-12-20,42.533334,43.183234,42.361463,43.134892,5573599,Yahoo Finance
2011-12-21,43.199344,43.220830,42.415172,42.968391,4319713,Yahoo Finance
2011-12-22,43.113412,43.602174,42.930793,43.489384,3784383,Yahoo Finance
2011-12-23,43.634394,44.155384,43.387327,44.150013,2442471,Yahoo Finance
2011-12-27,43.994268,44.386354,43.838506,44.192997,2060230,Yahoo Finance
2011-12-28,44.160752,44.278914,43.473257,43.586052,3125507,Yahoo Finance
2011-12-29,43.704235,44.150030,43.607554,44.101692,2314499,Yahoo Finance
2011-12-30,44.166136,44.284297,43.827759,43.897583,2040974,Yahoo Finance
2012-01-03,44.987911,45.353140,44.773068,44.842892,4042600,Yahoo Finance
2012-01-04,44.649532,45.256461,44.638789,45.213490,3596850,Yahoo Finance
2012-01-05,44.864378,45.046992,44.418577,45.009392,3727214,Yahoo Finance
2012-01-06,44.998640,45.245712,44.751574,44.778431,3395683,Yahoo Finance
2012-01-09,44.891227,45.149037,44.719356,45.046989,3344734,Yahoo Finance
2012-01-10,45.433701,45.755963,45.138291,45.277939,4112326,Yahoo Finance
2012-01-11,44.708623,45.057742,44.622685,44.993290,5340499,Yahoo Finance
2012-01-12,45.315536,45.460555,44.987902,45.267193,4365280,Yahoo Finance
2012-01-13,44.982537,45.181265,44.617303,44.901970,3699108,Yahoo Finance
2012-01-17,45.573358,45.847282,45.186643,45.240353,3223100,Yahoo Finance
2012-01-18,45.192008,45.718370,45.127556,45.691513,4450436,Yahoo Finance
2012-01-19,45.707624,46.314553,45.610943,46.083595,4082785,Yahoo Finance
2012-01-20,45.895614,46.029890,45.632433,46.003033,4213030,Yahoo Finance
2012-01-23,46.029879,46.223236,45.820407,45.981541,4179781,Yahoo Finance
2012-01-24,45.793555,46.158783,45.455178,46.153412,4659138,Yahoo Finance
2012-01-25,45.815025,46.545487,45.653896,46.448811,5276752,Yahoo Finance
2012-01-26,47.002043,47.259853,46.728119,47.039639,5859084,Yahoo Finance
2012-01-27,46.808681,47.157800,46.550871,46.975185,4481651,Yahoo Finance
2012-01-30,46.459566,47.045008,46.416594,46.910732,3765486,Yahoo Finance
2012-01-31,47.200783,47.200783,46.078230,46.572369,4248312,Yahoo Finance
2012-02-01,47.007432,47.254499,46.851670,46.916122,3594578,Yahoo Finance
2012-02-02,46.862404,47.141699,46.760351,46.959080,2736448,Yahoo Finance
2012-02-03,47.308187,47.420977,46.980553,47.120201,3821818,Yahoo Finance
2012-02-06,46.808690,47.233004,46.808690,47.028904,2618403,Yahoo Finance
2012-02-07,46.899990,47.383385,46.561614,47.206142,3539084,Yahoo Finance
2012-02-08,47.329678,47.420983,47.093349,47.249111,3017269,Yahoo Finance
2012-02-09,47.018148,47.361896,46.975182,47.275963,3625794,Yahoo Finance
2012-02-10,46.835534,47.028891,46.593839,46.803310,3690497,Yahoo Finance
2012-02-13,47.034279,47.313574,46.814064,47.281345,3026598,Yahoo Finance
2012-02-14,47.050386,47.265229,46.846286,47.259857,3408959,Yahoo Finance
2012-02-15,47.270658,47.432879,46.908371,47.048962,4361812,Yahoo Finance
2012-02-16,47.038156,47.454520,47.021933,47.395035,3048365,Yahoo Finance
2012-02-17,47.578895,47.665408,47.303122,47.346378,3390182,Yahoo Finance
2012-02-21,47.443703,47.611327,47.259851,47.368000,2878413,Yahoo Finance
2012-02-22,47.395025,47.632949,47.286881,47.454510,3169400,Yahoo Finance
2012-02-23,47.519402,47.681618,47.189552,47.530212,4223435,Yahoo Finance
2012-02-24,47.605922,47.833030,47.519408,47.692440,3019661,Yahoo Finance
2012-02-27,47.265240,47.757306,47.097616,47.622124,3603428,Yahoo Finance
2012-02-28,47.492356,47.692427,47.167919,47.459915,2987249,Yahoo Finance
2012-02-29,47.659991,47.757325,47.178745,47.368000,3920129,Yahoo Finance
2012-03-01,47.432885,47.703250,47.135481,47.308517,3020139,Yahoo Finance
2012-03-02,47.297714,47.351786,47.065198,47.324753,3373318,Yahoo Finance
2012-03-05,47.259851,47.286890,46.708310,47.076004,3231472,Yahoo Finance
2012-03-06,46.351430,46.427133,45.870179,45.935066,4243288,Yahoo Finance
2012-03-07,46.091857,46.324369,45.897195,46.216225,3768357,Yahoo Finance
2012-03-08,46.535273,47.005709,46.492017,46.886749,3113427,Yahoo Finance
2012-03-09,46.940829,47.189563,46.854315,46.935421,2342127,Yahoo Finance
2012-03-12,47.097625,47.449101,47.021923,47.335545,2450963,Yahoo Finance
2012-03-13,47.454530,48.000663,47.319347,47.989853,3716092,Yahoo Finance
2012-03-14,47.908728,48.260204,47.908728,48.054726,3541236,Yahoo Finance
2012-03-15,48.125014,48.665745,48.027680,48.665745,3889631,Yahoo Finance
2012-03-16,48.600859,48.665746,48.325086,48.427822,5988492,Yahoo Finance
2012-03-19,48.406201,48.611679,48.233169,48.525166,3092138,Yahoo Finance
2012-03-20,48.216944,48.519756,47.989840,48.314278,2972419,Yahoo Finance
2012-03-21,48.352136,48.471100,48.016883,48.076363,2910825,Yahoo Finance
2012-03-22,47.854653,48.006054,47.432882,47.892502,3664783,Yahoo Finance
2012-03-23,47.924957,47.946583,47.595112,47.833031,2782016,Yahoo Finance
2012-03-26,48.081762,48.314278,47.908730,48.189911,3076710,Yahoo Finance
2012-03-27,48.330508,48.352134,48.087176,48.200733,2760846,Yahoo Finance
2012-03-28,48.281822,48.454859,47.605909,47.827610,2738362,Yahoo Finance
2012-03-29,47.519414,48.027698,47.432896,48.000660,2639692,Yahoo Finance
2012-03-30,48.243990,48.281839,47.995256,48.238583,2956273,Yahoo Finance
2012-04-02,48.011477,48.319696,47.611337,48.249401,3158516,Yahoo Finance
2012-04-03,48.243976,48.243976,47.692430,48.011459,2748886,Yahoo Finance
2012-04-04,47.573471,47.611320,47.124662,47.497768,2861669,Yahoo Finance
2012-04-05,47.238222,47.470733,47.027336,47.189552,2449886,Yahoo Finance
2012-04-09,46.632610,46.919194,46.448758,46.681274,2311509,Yahoo Finance
2012-04-10,46.605561,46.719118,45.659282,45.734985,4366596,Yahoo Finance
2012-04-11,46.156775,46.335214,46.027000,46.151367,3023129,Yahoo Finance
2012-04-12,46.346024,47.005714,46.005363,46.967865,2961296,Yahoo Finance
2012-04-13,46.767788,46.821860,46.270314,46.335201,3121201,Yahoo Finance
2012-04-16,46.524445,47.005696,46.459558,46.719112,3659999,Yahoo Finance
2012-04-17,46.881340,47.405848,46.859709,47.286888,2815623,Yahoo Finance
2012-04-18,46.989474,47.384211,46.875922,47.113846,2130794,Yahoo Finance
2012-04-19,47.146307,47.340969,46.573135,46.935421,3067740,Yahoo Finance
2012-04-20,47.038158,47.476148,46.994897,47.303116,3799931,Yahoo Finance
2012-04-23,46.784001,47.173326,46.513635,47.113846,3312800,Yahoo Finance
2012-04-24,48.303459,48.530568,47.789767,47.849247,6818635,Yahoo Finance
2012-04-25,48.114198,48.265604,47.854649,48.016865,3543628,Yahoo Finance
2012-04-26,47.908733,48.427833,47.860068,48.298058,3290076,Yahoo Finance
2012-04-27,48.346720,48.417016,47.989842,48.319687,3131128,Yahoo Finance
2012-04-30,48.260207,48.373759,47.973619,48.319687,2479188,Yahoo Finance
2012-05-01,48.195305,48.638702,47.984420,48.449448,2743863,Yahoo Finance
2012-05-02,48.211549,48.444066,48.065551,48.406212,2511839,Yahoo Finance
2012-05-03,48.395391,48.584645,48.184505,48.335911,2802946,Yahoo Finance
2012-05-04,48.216956,48.254810,47.746520,47.946590,3377265,Yahoo Finance
2012-05-07,47.422078,47.919552,47.422078,47.589706,3293186,Yahoo Finance
2012-05-08,47.108459,47.519415,46.665057,47.346378,3241638,Yahoo Finance
2012-05-09,46.848897,47.497772,46.492013,47.189552,3818589,Yahoo Finance
2012-05-10,47.119254,47.416652,46.978663,47.113846,3382886,Yahoo Finance
2012-05-11,46.756996,47.303135,46.632629,46.897587,3111753,Yahoo Finance
2012-05-14,46.210826,46.800221,46.091867,46.410896,3147752,Yahoo Finance
2012-05-15,46.475788,46.751561,46.232461,46.383862,3123115,Yahoo Finance
2012-05-16,46.775897,46.971913,46.421992,46.470993,3313638,Yahoo Finance
2012-05-17,46.585341,46.628902,45.872080,45.921082,3321531,Yahoo Finance
2012-05-18,46.160639,46.160639,45.338481,45.469154,4309068,Yahoo Finance
2012-05-21,45.670607,46.078963,45.599824,45.986401,2930200,Yahoo Finance
2012-05-22,46.111640,46.274985,45.561719,45.806736,3589076,Yahoo Finance
2012-05-23,45.392938,46.215097,45.164256,46.171535,3827200,Yahoo Finance
2012-05-24,46.258649,46.280429,45.752284,46.269539,2777232,Yahoo Finance
2012-05-25,46.209642,46.389317,45.953740,46.160641,2805816,Yahoo Finance
2012-05-29,46.487325,46.824900,46.351206,46.677891,2562071,Yahoo Finance
2012-05-30,46.313094,46.345765,45.790399,45.980965,3225732,Yahoo Finance
2012-05-31,45.980960,46.307644,45.665165,45.959179,4405107,Yahoo Finance
2012-06-01,45.218688,45.725052,45.039013,45.109795,4232883,Yahoo Finance
2012-06-04,45.077131,45.186029,44.641553,44.984573,3468280,Yahoo Finance
2012-06-05,44.968220,45.115229,44.783100,44.924664,3909365,Yahoo Finance
2012-06-06,45.311256,46.084413,45.207808,46.078968,3320455,Yahoo Finance
2012-06-07,46.601659,46.928344,46.460095,46.552658,3626750,Yahoo Finance
2012-06-08,46.378429,46.873903,46.274981,46.824902,2566855,Yahoo Finance
2012-06-11,47.118916,47.118916,46.323983,46.378429,2509447,Yahoo Finance
2012-06-12,46.645227,47.227819,46.400215,47.222374,3074796,Yahoo Finance
2012-06-13,46.988230,47.260467,46.672435,46.895672,3183632,Yahoo Finance
2012-06-14,46.993692,47.494612,46.857573,47.293156,3988540,Yahoo Finance
2012-06-15,47.679718,47.864839,47.374815,47.608936,5616536,Yahoo Finance
2012-06-18,47.407488,47.701507,47.189697,47.538162,3528918,Yahoo Finance
2012-06-19,47.815838,48.006403,47.652498,47.815838,3842150,Yahoo Finance
2012-06-20,47.875718,48.066284,47.559924,47.663372,4122373,Yahoo Finance
2012-06-21,47.935635,48.120760,47.162482,47.222374,4452469,Yahoo Finance
2012-06-22,47.429256,47.445592,47.031790,47.276802,3619096,Yahoo Finance
2012-06-25,46.754112,46.993678,46.530875,46.743221,3479044,Yahoo Finance
2012-06-26,46.775896,47.080805,46.438321,46.922905,2857364,Yahoo Finance
2012-06-27,47.037240,47.696054,46.955568,47.456482,3453809,Yahoo Finance
2012-06-28,47.020904,47.505488,46.814003,47.456482,3907452,Yahoo Finance
2012-06-29,48.251422,48.785007,48.104413,48.785007,5536762,Yahoo Finance
2012-07-02,48.616213,48.834004,48.066292,48.610767,2738481,Yahoo Finance
2012-07-03,48.518204,48.866669,48.501869,48.839443,1686838,Yahoo Finance
2012-07-05,48.567206,48.975562,48.382085,48.768661,2302061,Yahoo Finance
2012-07-06,48.354881,48.665235,48.104423,48.452888,2622708,Yahoo Finance
2012-07-09,48.382104,48.501887,48.082640,48.436550,3110676,Yahoo Finance
2012-07-10,48.501870,48.904782,47.892058,48.049957,4014733,Yahoo Finance
2012-07-11,48.120742,48.327643,47.374810,47.832169,5033486,Yahoo Finance
2012-07-12,47.151579,47.353035,46.465539,47.048126,5906207,Yahoo Finance
2012-07-13,46.999135,47.821294,46.999135,47.690620,3108763,Yahoo Finance
2012-07-16,47.979190,48.267759,47.788625,47.968300,3406328,Yahoo Finance
2012-07-17,48.049963,48.648885,47.668827,48.447430,3681886,Yahoo Finance
2012-07-18,48.322213,49.541838,48.218760,49.476501,5110867,Yahoo Finance
2012-07-19,49.476485,49.656160,49.220578,49.454704,4012700,Yahoo Finance
2012-07-20,49.100812,49.269602,48.915692,48.997364,3617661,Yahoo Finance
2012-07-23,48.153408,48.763221,47.794053,48.654327,2912021,Yahoo Finance
2012-07-24,48.610792,48.736026,47.685185,48.044540,3409078,Yahoo Finance
2012-07-25,48.289537,48.545440,47.892071,48.322208,4235275,Yahoo Finance
2012-07-26,49.002800,50.091752,48.746893,49.324039,5692242,Yahoo Finance
2012-07-27,49.514610,50.135313,49.362155,49.933857,4682818,Yahoo Finance
2012-07-30,49.770501,50.064519,49.498263,49.699718,3247020,Yahoo Finance
2012-07-31,49.547283,49.906634,49.476501,49.672512,3253359,Yahoo Finance
2012-08-01,49.901167,49.982839,49.334915,49.656155,2571041,Yahoo Finance
2012-08-02,49.062688,49.400263,48.583549,49.046352,3527961,Yahoo Finance
2012-08-03,49.563601,49.977403,49.552716,49.928402,3245346,Yahoo Finance
2012-08-06,50.091752,50.276872,49.770508,49.770508,2222766,Yahoo Finance
2012-08-07,49.928402,50.260531,49.884846,49.928402,2110701,Yahoo Finance
2012-08-08,49.808614,50.135299,49.683386,49.890282,2418671,Yahoo Finance
2012-08-09,49.819506,50.129855,49.726943,49.868507,2194540,Yahoo Finance
2012-08-10,49.748719,50.255079,49.520038,50.249634,2099100,Yahoo Finance
2012-08-13,50.249648,50.412993,49.950189,50.309540,2482178,Yahoo Finance
2012-08-14,50.287764,50.363991,50.097193,50.255093,2204826,Yahoo Finance
2012-08-15,50.091744,50.494656,50.059073,50.385757,2372146,Yahoo Finance
2012-08-16,50.500096,51.109913,50.206082,51.039131,4060659,Yahoo Finance
2012-08-17,51.142600,51.344056,50.957480,51.311390,3671242,Yahoo Finance
2012-08-20,51.180685,51.273243,50.935668,51.120789,1960842,Yahoo Finance
2012-08-21,51.169792,51.235129,50.630762,50.750546,2754149,Yahoo Finance
2012-08-22,50.717687,51.156044,50.646454,50.783440,2946944,Yahoo Finance
2012-08-23,50.766987,50.783427,50.295756,50.399868,2180906,Yahoo Finance
2012-08-24,50.427278,50.942348,50.377964,50.865635,2327177,Yahoo Finance
2012-08-27,50.914931,50.942331,50.630000,50.734112,2248480,Yahoo Finance
2012-08-28,50.608101,50.832755,50.520429,50.575222,2287948,Yahoo Finance
2012-08-29,50.684824,50.849204,50.575232,50.646465,2076256,Yahoo Finance
2012-08-30,50.438214,50.493007,50.027256,50.279308,2068602,Yahoo Finance
2012-08-31,50.651936,50.958782,50.356045,50.739609,2293091,Yahoo Finance
2012-09-04,50.427280,50.591665,49.917695,50.235500,3028631,Yahoo Finance
2012-09-05,50.367008,50.405367,49.923176,50.273861,3570658,Yahoo Finance
2012-09-06,50.613580,51.166999,50.443715,51.112206,3855186,Yahoo Finance
2012-09-07,51.167011,51.314956,50.794412,50.860165,3845618,Yahoo Finance
2012-09-10,50.558781,50.580700,49.649198,49.682072,7601896,Yahoo Finance
2012-09-11,49.714962,50.186193,49.671123,49.956055,2874466,Yahoo Finance
2012-09-12,50.191674,50.224548,49.567017,49.758797,2881882,Yahoo Finance
2012-09-13,49.819061,50.646457,49.567008,50.443718,3264243,Yahoo Finance
2012-09-14,50.882065,51.495762,50.717680,51.495762,5971628,Yahoo Finance
2012-09-17,51.320424,51.556042,51.227277,51.386177,3935199,Yahoo Finance
2012-09-18,51.386173,51.501244,51.079327,51.194393,2963090,Yahoo Finance
2012-09-19,50.893031,51.539608,50.810844,51.303989,3257306,Yahoo Finance
2012-09-20,51.068366,51.303979,50.909460,51.276585,2482418,Yahoo Finance
2012-09-21,51.539589,51.545068,50.925892,51.073837,11418212,Yahoo Finance
2012-09-24,50.876600,51.556051,50.827282,51.358791,3632730,Yahoo Finance
2012-09-25,51.479332,51.561525,50.805362,50.865635,4545278,Yahoo Finance
2012-09-26,50.893012,51.177944,50.706713,50.734112,3125028,Yahoo Finance
2012-09-27,50.898519,51.073863,50.388933,50.860165,2489354,Yahoo Finance
2012-09-28,50.668360,50.882059,50.246442,50.640961,3061162,Yahoo Finance
2012-10-01,50.903996,51.654679,50.525917,51.117695,4665118,Yahoo Finance
2012-10-02,51.632738,51.665612,51.013561,51.254654,4308351,Yahoo Finance
2012-10-03,51.402617,51.506729,50.958780,51.386177,3121919,Yahoo Finance
2012-10-04,51.534129,51.797141,51.320430,51.742348,3027554,Yahoo Finance
2012-10-05,51.912203,52.164255,51.753297,52.032749,4381666,Yahoo Finance
2012-10-08,51.808099,52.306729,51.780700,52.257416,3118690,Yahoo Finance
2012-10-09,52.213578,52.213578,51.451935,51.473854,3575442,Yahoo Finance
2012-10-10,51.479330,51.506729,51.040973,51.112206,3063674,Yahoo Finance
2012-10-11,51.430018,51.435498,50.838236,50.865635,2905323,Yahoo Finance
2012-10-12,50.931396,51.145095,50.630025,50.821804,3069056,Yahoo Finance
2012-10-15,50.799886,50.991665,50.613586,50.843719,3487895,Yahoo Finance
2012-10-16,51.517706,51.693051,51.117708,51.632778,3417570,Yahoo Finance
2012-10-17,52.021787,52.109459,51.808088,51.950554,3817393,Yahoo Finance
2012-10-18,51.879333,52.054673,51.599881,51.912212,3036405,Yahoo Finance
2012-10-19,51.840983,51.840983,50.788929,50.925915,4549704,Yahoo Finance
2012-10-22,50.635487,50.991652,50.136862,50.701241,3744437,Yahoo Finance
2012-10-23,49.134129,49.599881,48.536872,48.619064,7015736,Yahoo Finance
2012-10-24,48.783435,49.062887,48.301245,48.432751,3972275,Yahoo Finance
2012-10-25,48.531378,48.679324,47.895762,48.114941,5518224,Yahoo Finance
2012-10-26,48.164286,48.514971,47.994426,48.235519,4296750,Yahoo Finance
2012-10-31,48.235491,48.597135,47.939605,47.999878,4019038,Yahoo Finance
2012-11-01,48.186183,48.986179,48.131389,48.903992,3954694,Yahoo Finance
2012-11-02,49.101253,49.298512,48.646456,48.750568,3650072,Yahoo Finance
2012-11-05,48.262896,49.227278,48.262896,49.095772,2855809,Yahoo Finance
2012-11-06,49.287560,49.988929,49.243726,49.786190,3356096,Yahoo Finance
2012-11-07,49.501248,49.501248,48.608099,48.975224,5493348,Yahoo Finance
2012-11-08,48.827283,49.221801,48.471118,48.520432,3595056,Yahoo Finance
2012-11-09,48.547825,49.073849,48.273853,48.662891,3798974,Yahoo Finance
2012-11-12,48.745085,49.134123,48.493032,48.865631,2655240,Yahoo Finance
2012-11-13,48.547821,49.419050,48.416315,48.810833,3571136,Yahoo Finance
2012-11-14,48.860164,48.975235,47.709482,47.840988,3447709,Yahoo Finance
2012-11-15,47.528642,48.377952,47.528642,48.230011,3936754,Yahoo Finance
2012-11-16,48.284823,48.975233,48.082084,48.493042,6263572,Yahoo Finance
2012-11-19,48.903983,49.150556,48.640966,49.079323,3215566,Yahoo Finance
2012-11-20,49.134515,49.465460,48.759440,49.101418,2433980,Yahoo Finance
2012-11-21,49.134484,49.173092,48.902820,49.057262,2405515,Yahoo Finance
2012-11-23,49.250337,49.823979,49.173115,49.796398,1316916,Yahoo Finance
2012-11-26,49.388212,49.779835,49.388212,49.691582,2284599,Yahoo Finance
2012-11-27,49.746734,50.171450,49.708126,49.812923,2995023,Yahoo Finance
2012-11-28,49.697115,50.193536,49.355137,50.154922,2901735,Yahoo Finance
2012-11-29,50.386565,50.728542,49.923241,50.000458,2827344,Yahoo Finance
2012-11-30,50.017001,50.298306,49.912204,50.165928,2732740,Yahoo Finance
2012-12-03,50.419661,50.568588,49.708130,49.807411,2307323,Yahoo Finance
2012-12-04,49.812931,50.022531,49.641945,49.708134,2355881,Yahoo Finance
2012-12-05,49.807417,50.303837,49.421315,50.061146,3583934,Yahoo Finance
2012-12-06,50.083190,50.243149,49.812918,50.165928,2425129,Yahoo Finance
2012-12-07,50.325909,50.563084,50.017023,50.474831,2961774,Yahoo Finance
2012-12-10,50.397597,51.009847,50.386565,50.673386,3405849,Yahoo Finance
2012-12-11,51.103612,51.793083,51.020879,51.671738,4570634,Yahoo Finance
2012-12-12,51.693818,51.848261,51.031923,51.362873,4861620,Yahoo Finance
2012-12-13,51.269105,51.544893,50.833357,51.020897,3135194,Yahoo Finance
2012-12-14,50.745087,51.065000,50.745087,50.899525,3239964,Yahoo Finance
2012-12-17,50.960222,51.357362,50.816817,51.313232,3289837,Yahoo Finance
2012-12-18,51.368382,51.848260,51.296677,51.765522,3348800,Yahoo Finance
2012-12-19,51.804114,51.837211,51.280118,51.307693,3892741,Yahoo Finance
2012-12-20,51.489730,51.925472,51.412508,51.919956,3934601,Yahoo Finance
2012-12-21,51.175360,51.660749,50.712036,51.351868,7146698,Yahoo Finance
2012-12-24,51.131213,51.693823,51.125697,51.401485,1140266,Yahoo Finance
2012-12-26,51.489724,51.699324,51.158774,51.335281,1845308,Yahoo Finance
2012-12-27,51.357336,51.390428,50.563063,51.098091,2823636,Yahoo Finance
2012-12-28,50.734079,51.186370,50.529995,50.623760,2245251,Yahoo Finance
2012-12-31,50.496876,51.252536,50.414138,51.213928,3086398,Yahoo Finance
2013-01-02,51.953059,52.284004,51.826197,52.278488,3835213,Yahoo Finance
2013-01-03,52.035797,52.361226,51.919962,52.217815,3234702,Yahoo Finance
2013-01-04,52.284006,52.664597,52.146111,52.603924,3235060,Yahoo Finance
2013-01-07,52.410848,52.802472,52.267438,52.670094,3283977,Yahoo Finance
2013-01-08,52.493599,52.813512,52.454990,52.675617,3175978,Yahoo Finance
2013-01-09,52.879702,53.359579,52.791453,53.177555,2822201,Yahoo Finance
2013-01-10,53.343025,53.497468,53.133426,53.442307,3110318,Yahoo Finance
2013-01-11,52.863155,53.315446,52.515661,53.105846,3496984,Yahoo Finance
2013-01-14,53.172033,53.718094,53.006563,53.547108,3100630,Yahoo Finance
2013-01-15,53.409228,53.723625,53.265818,53.662952,2519254,Yahoo Finance
2013-01-16,53.502996,53.889103,53.458871,53.833946,2502391,Yahoo Finance
2013-01-17,53.938723,54.330342,53.784281,54.098682,3353464,Yahoo Finance
2013-01-18,54.286220,54.495820,54.076621,54.462723,3812728,Yahoo Finance
2013-01-22,54.269677,54.788162,54.109723,54.788162,3845379,Yahoo Finance
2013-01-23,54.589592,54.992242,54.501338,54.876408,4280843,Yahoo Finance
2013-01-24,54.815741,55.058438,54.495828,54.975700,4564295,Yahoo Finance
2013-01-25,55.041864,55.637565,54.926034,55.483128,5068409,Yahoo Finance
2013-01-28,55.698250,55.698250,55.306632,55.516232,3546020,Yahoo Finance
2013-01-29,55.339726,56.189151,55.190799,56.156059,4222717,Yahoo Finance
2013-01-30,56.150550,56.233287,55.538299,55.598972,3376069,Yahoo Finance
2013-01-31,55.538315,55.681726,55.196338,55.461094,4500668,Yahoo Finance
2013-02-01,55.951984,56.255349,55.797541,56.018173,4608906,Yahoo Finance
2013-02-04,55.582447,55.825144,55.477650,55.582447,2377170,Yahoo Finance
2013-02-05,55.880299,56.216760,55.847202,55.979580,3388388,Yahoo Finance
2013-02-06,55.780997,56.806931,55.753422,56.641460,4198678,Yahoo Finance
2013-02-07,56.619394,56.669035,55.963019,56.382214,2724010,Yahoo Finance
2013-02-08,56.448391,56.994452,56.282916,56.624893,2317609,Yahoo Finance
2013-02-11,56.475986,56.746259,56.282935,56.602848,2051738,Yahoo Finance
2013-02-12,56.624936,57.137901,56.608388,57.066200,2305888,Yahoo Finance
2013-02-13,57.179936,57.379729,56.930195,57.085587,2033080,Yahoo Finance
2013-02-14,56.846952,57.240988,56.730402,57.041195,2652130,Yahoo Finance
2013-02-15,57.196580,57.374173,56.952385,57.290924,2782135,Yahoo Finance
2013-02-19,57.396400,57.934733,57.340902,57.818188,3574246,Yahoo Finance
2013-02-20,57.818186,57.940281,57.246552,57.246552,3582498,Yahoo Finance
2013-02-21,57.096686,57.240982,56.824745,57.007893,3298568,Yahoo Finance
2013-02-22,57.157743,57.551785,57.063399,57.462986,2581088,Yahoo Finance
2013-02-25,57.668317,57.740465,56.469551,56.469551,3614192,Yahoo Finance
2013-02-26,56.669339,56.974581,56.558344,56.780338,2956392,Yahoo Finance
2013-02-27,56.663807,57.679431,56.580564,57.479637,2815025,Yahoo Finance
2013-02-28,57.496267,58.029055,57.240977,57.718262,3432640,Yahoo Finance
2013-03-01,57.379751,57.684994,57.007915,57.590645,3181838,Yahoo Finance
2013-03-04,57.446329,57.446329,56.935747,57.318684,3069295,Yahoo Finance
2013-03-05,57.585057,58.167792,57.524010,57.967999,3148111,Yahoo Finance
2013-03-06,58.123430,58.506371,57.979134,58.084583,4150479,Yahoo Finance
2013-03-07,58.162275,58.356518,57.990227,58.017979,2242739,Yahoo Finance
2013-03-08,58.273259,58.722799,58.173365,58.667301,2819211,Yahoo Finance
2013-03-11,58.456391,58.806031,58.456391,58.722782,2057838,Yahoo Finance
2013-03-12,58.728362,58.817156,58.251072,58.345421,2663253,Yahoo Finance
2013-03-13,58.345409,58.589604,58.206663,58.323208,2463282,Yahoo Finance
2013-03-14,58.456389,58.839325,58.417537,58.839325,2635266,Yahoo Finance
2013-03-15,58.772725,59.316608,58.744974,59.050217,6157486,Yahoo Finance
2013-03-18,58.400913,58.806056,58.395363,58.500813,2166434,Yahoo Finance
2013-03-19,58.733890,58.817134,58.073457,58.373150,3840834,Yahoo Finance
2013-03-20,58.778295,58.922591,58.484153,58.639549,2152202,Yahoo Finance
2013-03-21,58.489696,58.528548,58.117856,58.239956,2317011,Yahoo Finance
2013-03-22,58.328752,59.100179,58.328752,59.061333,2882121,Yahoo Finance
2013-03-25,59.122369,59.272215,58.095650,58.367592,4472083,Yahoo Finance
2013-03-26,58.500798,58.950332,58.500798,58.867088,2264626,Yahoo Finance
2013-03-27,58.467497,58.550745,58.256603,58.434200,2546882,Yahoo Finance
2013-03-28,58.645107,59.016943,58.428663,59.000298,2722933,Yahoo Finance
2013-04-01,58.828231,58.922580,58.506342,58.633987,2014423,Yahoo Finance
2013-04-02,58.717257,59.272241,58.711707,59.116844,2508610,Yahoo Finance
2013-04-03,59.161232,59.366575,58.511904,58.650650,3921564,Yahoo Finance
2013-04-04,58.728329,58.950318,58.439737,58.728329,2118355,Yahoo Finance
2013-04-05,57.968024,58.761647,57.912521,58.706150,2963449,Yahoo Finance
2013-04-08,58.750546,59.061340,58.328759,58.689499,2329449,Yahoo Finance
2013-04-09,58.828245,59.211186,58.489706,58.800499,2835238,Yahoo Finance
2013-04-10,58.878193,59.899366,58.844896,59.766171,3901830,Yahoo Finance
2013-04-11,59.860513,60.337799,59.860513,60.076958,2556809,Yahoo Finance
2013-04-12,59.877169,60.088063,59.555280,59.760624,2525234,Yahoo Finance
2013-04-15,59.466454,59.888242,58.683926,58.695026,4398170,Yahoo Finance
2013-04-16,59.211180,59.299974,58.661747,58.911488,3153613,Yahoo Finance
2013-04-17,58.534096,58.717244,58.234408,58.539646,3773739,Yahoo Finance
2013-04-18,58.739450,58.811598,57.873679,58.262165,3761061,Yahoo Finance
2013-04-19,58.445307,58.761645,58.173365,58.667301,3974308,Yahoo Finance
2013-04-22,58.667296,58.883735,58.350953,58.717243,3165573,Yahoo Finance
2013-04-23,58.961442,59.666272,58.750548,59.599674,3838921,Yahoo Finance
2013-04-24,59.721777,60.021470,59.516434,59.866074,3872887,Yahoo Finance
2013-04-25,57.973583,58.628461,57.440795,58.206673,10796292,Yahoo Finance
2013-04-26,58.256604,58.373154,57.418584,57.601727,4017842,Yahoo Finance
2013-04-29,57.668321,57.829268,57.102237,57.623924,3472825,Yahoo Finance
2013-04-30,57.707175,58.128963,57.146646,58.112312,4507485,Yahoo Finance
2013-05-01,58.151163,58.339856,57.951370,58.023518,3897644,Yahoo Finance
2013-05-02,58.295457,59.039134,58.223309,58.850441,3730922,Yahoo Finance
2013-05-03,59.361014,60.271187,59.299966,59.843849,3603668,Yahoo Finance
2013-05-06,59.732866,59.932660,59.632972,59.849411,2600582,Yahoo Finance
2013-05-07,59.721762,60.143550,59.688465,59.943756,2673299,Yahoo Finance
2013-05-08,59.954850,60.099146,59.810554,60.049194,3174662,Yahoo Finance
2013-05-09,59.999250,61.331212,59.999250,61.003773,5366452,Yahoo Finance
2013-05-10,61.092588,61.403382,60.909446,61.314583,3579987,Yahoo Finance
2013-05-13,61.042630,61.447767,60.887233,61.325672,2445102,Yahoo Finance
2013-05-14,61.225769,61.486610,61.198018,61.375610,2967276,Yahoo Finance
2013-05-15,61.270169,61.997194,61.209121,61.880650,3483470,Yahoo Finance
2013-05-16,61.719704,61.991646,61.575408,61.642006,3212336,Yahoo Finance
2013-05-17,61.691961,62.036051,61.569861,61.819607,4856238,Yahoo Finance
2013-05-20,61.675296,62.191428,61.580947,62.002735,2938931,Yahoo Finance
2013-05-21,62.219175,62.346820,61.891736,62.163677,2958067,Yahoo Finance
2013-05-22,62.283700,62.674407,61.714394,61.837185,4584507,Yahoo Finance
2013-05-23,61.429707,61.786917,61.161791,61.625057,3071806,Yahoo Finance
2013-05-24,61.318086,61.669720,61.111572,61.546928,2665166,Yahoo Finance
2013-05-28,62.038116,62.724637,61.976721,62.283699,3255512,Yahoo Finance
2013-05-29,61.976715,62.155320,61.664150,62.026947,2527866,Yahoo Finance
2013-05-30,62.144161,62.512540,61.959974,62.188816,3108643,Yahoo Finance
2013-05-31,61.837166,62.629732,61.546928,61.546928,3836409,Yahoo Finance
2013-06-03,61.786922,61.926459,61.223198,61.736691,3165932,Yahoo Finance
2013-06-04,61.759031,62.066010,61.133906,61.407398,3000166,Yahoo Finance
2013-06-05,61.284611,61.334843,60.497622,60.609249,3217718,Yahoo Finance
2013-06-06,60.536686,60.715296,60.079007,60.653900,3206237,Yahoo Finance
2013-06-07,61.050179,62.021356,60.821337,62.015774,4036380,Yahoo Finance
2013-06-10,62.183208,62.205530,61.697619,61.848320,2660024,Yahoo Finance
2013-06-11,61.340434,61.999046,61.122756,61.519039,2095512,Yahoo Finance
2013-06-12,61.948803,61.987877,60.810186,60.854836,2871237,Yahoo Finance
2013-06-13,60.810193,62.199981,60.603674,62.066021,3114623,Yahoo Finance
2013-06-14,62.121835,62.551604,61.814852,61.971134,2412093,Yahoo Finance
2013-06-17,62.428816,62.998127,62.311606,62.462307,3130889,Yahoo Finance
2013-06-18,62.551598,63.199051,62.456716,63.053932,2027579,Yahoo Finance
2013-06-19,63.048352,63.210216,62.250203,62.272526,2358153,Yahoo Finance
2013-06-20,61.792493,61.820402,60.570152,60.715271,3558818,Yahoo Finance
2013-06-21,61.117191,61.429757,60.692998,61.167423,5590582,Yahoo Finance
2013-06-24,60.715316,60.715316,59.805534,60.000885,4308590,Yahoo Finance
2013-06-25,60.391598,60.698581,60.023224,60.413925,3201333,Yahoo Finance
2013-06-26,60.877135,61.385051,60.687366,61.217609,3019182,Yahoo Finance
2013-06-27,61.697655,61.898588,61.379508,61.530209,2666602,Yahoo Finance
2013-06-28,61.318111,61.658580,60.916245,61.033455,4100486,Yahoo Finance
2013-07-01,60.486451,61.597164,60.480869,61.011112,3191885,Yahoo Finance
2013-07-02,60.866019,61.256720,60.464148,60.687408,3598525,Yahoo Finance
2013-07-03,60.436227,61.340426,60.397153,61.089256,1625125,Yahoo Finance
2013-07-05,61.602764,62.266962,61.323690,62.255798,2469142,Yahoo Finance
2013-07-08,62.512527,62.947884,62.456714,62.585087,3075634,Yahoo Finance
2013-07-09,63.120918,63.360924,62.953477,63.266037,2626655,Yahoo Finance
2013-07-10,63.282790,63.561864,63.020462,63.310699,2759770,Yahoo Finance
2013-07-11,63.829758,64.047436,63.723712,63.924644,2855450,Yahoo Finance
2013-07-12,63.946982,64.320943,63.779541,64.265129,2740873,Yahoo Finance
2013-07-15,64.265128,64.460479,64.047450,64.103264,2469022,Yahoo Finance
2013-07-16,64.181385,64.432550,63.662306,63.818588,2940246,Yahoo Finance
2013-07-17,64.170217,64.337664,63.801839,63.986031,2507534,Yahoo Finance
2013-07-18,63.969307,64.605596,63.946979,64.454895,3523177,Yahoo Finance
2013-07-19,64.376756,65.007464,64.376756,64.851181,3700304,Yahoo Finance
2013-07-22,64.745115,65.202794,64.555346,64.901398,3376906,Yahoo Finance
2013-07-23,64.990691,65.470697,64.750690,65.163719,2696262,Yahoo Finance
2013-07-24,65.342358,65.353522,64.778628,64.929329,2163325,Yahoo Finance
2013-07-25,64.354396,65.247437,64.097650,65.052086,4002653,Yahoo Finance
2013-07-26,64.839992,65.264180,64.376727,65.253021,2789311,Yahoo Finance
2013-07-29,64.973967,65.197222,64.778611,65.085594,1746638,Yahoo Finance
2013-07-30,65.247458,65.370249,64.929311,65.213966,2733099,Yahoo Finance
2013-07-31,65.375848,66.196324,65.308870,65.543289,3222024,Yahoo Finance
2013-08-01,66.073525,66.564696,66.012130,66.090271,3584412,Yahoo Finance
2013-08-02,65.850248,66.056763,65.565592,66.006531,2271563,Yahoo Finance
2013-08-05,65.956309,66.000959,65.755372,65.816772,1616753,Yahoo Finance
2013-08-06,65.760949,65.833509,65.381411,65.582344,2201956,Yahoo Finance
2013-08-07,65.470751,65.833549,65.325638,65.766571,2313064,Yahoo Finance
2013-08-08,66.012122,66.419569,65.660489,66.240959,2847198,Yahoo Finance
2013-08-09,66.268863,66.531191,65.693970,66.034439,2942280,Yahoo Finance
2013-08-12,65.861413,66.285606,65.705130,66.073509,1970290,Yahoo Finance
2013-08-13,66.151641,66.520015,65.409302,66.235359,2419867,Yahoo Finance
2013-08-14,66.363753,66.369335,65.621413,65.649323,2417594,Yahoo Finance
2013-08-15,65.258593,65.258593,64.544168,64.661377,2385900,Yahoo Finance
2013-08-16,64.566519,64.862339,64.544197,64.689316,2790029,Yahoo Finance
2013-08-19,64.650242,64.722801,64.449309,64.527451,2187843,Yahoo Finance
2013-08-20,64.477193,64.683707,64.293001,64.421379,2575706,Yahoo Finance
2013-08-21,64.424196,64.452255,63.610402,63.655304,2743265,Yahoo Finance
2013-08-22,63.761945,64.480328,63.610411,64.356857,2394392,Yahoo Finance
2013-08-23,64.407366,64.542063,63.750719,64.205322,2336147,Yahoo Finance
2013-08-26,64.194079,64.637457,64.003261,64.166016,2171577,Yahoo Finance
2013-08-27,63.649701,63.879804,63.234387,63.268059,2281370,Yahoo Finance
2013-08-28,63.144589,63.655315,63.060402,63.419594,1848777,Yahoo Finance
2013-08-29,63.346640,63.885424,63.183880,63.599194,1742811,Yahoo Finance
2013-08-30,63.761936,63.834897,63.335397,63.745098,2637898,Yahoo Finance
2013-09-03,64.300723,64.497160,63.335400,63.543056,2593048,Yahoo Finance
2013-09-04,63.464462,64.463462,63.464462,64.289482,2765391,Yahoo Finance
2013-09-05,64.177258,64.609410,63.997665,64.469101,2329688,Yahoo Finance
2013-09-06,64.592596,65.002297,63.919115,64.564537,2350858,Yahoo Finance
2013-09-09,64.895622,65.743088,64.828274,65.518593,2364253,Yahoo Finance
2013-09-10,65.838527,66.152821,65.703831,65.995674,3077069,Yahoo Finance
2013-09-11,66.018097,66.624229,65.995646,66.624229,2259244,Yahoo Finance
2013-09-12,66.674768,66.736509,66.225783,66.338028,2870041,Yahoo Finance
2013-09-13,66.500772,66.702816,66.405360,66.562508,2360067,Yahoo Finance
2013-09-16,67.230389,67.348252,66.820688,66.916100,3296535,Yahoo Finance
2013-09-17,66.826290,67.454874,66.590575,67.308952,2913456,Yahoo Finance
2013-09-18,67.488554,68.195711,67.275284,68.072235,3956009,Yahoo Finance
2013-09-19,67.993662,68.622246,67.993662,68.229378,3483230,Yahoo Finance
2013-09-20,68.190099,68.431428,67.353859,67.353859,8370804,Yahoo Finance
2013-09-23,67.589572,68.173258,67.555900,67.971214,4148326,Yahoo Finance
2013-09-24,68.044157,68.397735,67.735475,67.797211,4287780,Yahoo Finance
2013-09-25,67.847727,68.027320,67.443634,67.460472,2599386,Yahoo Finance
2013-09-26,67.684974,67.909469,67.303332,67.718651,2680116,Yahoo Finance
2013-09-27,67.331424,67.516630,66.932949,67.471733,2425608,Yahoo Finance
2013-09-30,67.005887,67.325789,66.601794,67.017113,2517221,Yahoo Finance
2013-10-01,67.174241,67.247201,66.674741,67.134956,2218341,Yahoo Finance
2013-10-02,66.859962,67.118129,66.472707,66.899246,2459574,Yahoo Finance
2013-10-03,66.624246,66.848741,66.164035,66.534447,3020857,Yahoo Finance
2013-10-04,66.433424,67.185478,66.298728,67.011497,2372505,Yahoo Finance
2013-10-07,66.540046,66.938526,66.382904,66.613007,2309715,Yahoo Finance
2013-10-08,66.629850,66.910468,65.720649,65.754326,3431324,Yahoo Finance
2013-10-09,65.816076,66.203326,65.468110,65.984444,2989043,Yahoo Finance
2013-10-10,66.562530,66.977844,66.405383,66.977844,3215805,Yahoo Finance
2013-10-11,66.876810,67.780398,66.444658,67.752335,2981269,Yahoo Finance
2013-10-14,67.494140,68.302317,67.348219,68.133949,2232693,Yahoo Finance
2013-10-15,68.066617,68.122745,67.230377,67.247215,3253718,Yahoo Finance
2013-10-16,67.830904,67.875801,67.426816,67.875801,3165094,Yahoo Finance
2013-10-17,67.763564,68.958996,67.746726,68.818687,3338873,Yahoo Finance
2013-10-18,68.958969,69.284484,68.695190,68.942131,3098238,Yahoo Finance
2013-10-21,68.914092,69.205936,68.852357,69.172264,2107591,Yahoo Finance
2013-10-22,69.233993,69.772777,69.189091,69.480934,2455986,Yahoo Finance
2013-10-23,69.273287,69.441659,68.751340,69.144203,2795650,Yahoo Finance
2013-10-24,69.009482,70.131953,68.863561,69.306938,4605916,Yahoo Finance
2013-10-25,69.060011,69.851354,68.958991,69.828903,2456943,Yahoo Finance
2013-10-28,69.666125,70.333992,69.480914,70.109497,2820646,Yahoo Finance
2013-10-29,70.199324,70.423819,69.941157,70.311569,2376093,Yahoo Finance
2013-10-30,70.474302,70.704410,70.019704,70.036537,2520809,Yahoo Finance
2013-10-31,70.137605,70.928949,70.126379,70.631493,2783331,Yahoo Finance
2013-11-01,71.142198,71.237604,70.221771,70.659531,2005214,Yahoo Finance
2013-11-04,70.704422,70.990653,70.468701,70.895241,2082834,Yahoo Finance
2013-11-05,70.575325,70.973800,70.075825,70.782982,2102448,Yahoo Finance
2013-11-06,70.973786,71.456448,70.844703,71.349815,2284719,Yahoo Finance
2013-11-07,71.361077,71.770783,70.844743,70.945763,3813924,Yahoo Finance
2013-11-08,70.732494,71.849353,70.732494,71.832520,2672223,Yahoo Finance
2013-11-11,71.579951,71.933529,71.417196,71.810059,2094794,Yahoo Finance
2013-11-12,71.922298,72.169244,71.585558,72.040161,2904606,Yahoo Finance
2013-11-13,71.759557,72.208542,71.518223,72.169258,2901855,Yahoo Finance
2013-11-14,72.382517,73.027939,72.287105,72.842728,3073481,Yahoo Finance
2013-11-15,72.483536,72.960585,72.388129,72.876404,2823038,Yahoo Finance
2013-11-18,72.910086,73.241214,72.837125,73.033562,2569247,Yahoo Finance
2013-11-19,72.971809,73.398348,72.915687,72.988647,3028870,Yahoo Finance
2013-11-20,73.036604,73.487793,72.500811,72.856125,3219393,Yahoo Finance
2013-11-21,73.143749,73.549820,73.087351,73.515984,1885016,Yahoo Finance
2013-11-22,73.521638,74.756772,73.217082,73.893867,1967181,Yahoo Finance
2013-11-25,74.333778,74.373255,73.848748,74.012306,2985575,Yahoo Finance
2013-11-26,74.136376,74.807520,74.068697,74.531166,5058602,Yahoo Finance
2013-11-27,74.801879,75.377149,74.412729,75.292549,2910466,Yahoo Finance
2013-11-29,75.298195,75.664789,75.202320,75.298195,2426684,Yahoo Finance
2013-12-02,74.260449,74.446563,71.846573,72.010132,8249888,Yahoo Finance
2013-12-03,71.096460,71.846564,70.583229,71.401016,9405942,Yahoo Finance
2013-12-04,71.034432,71.959375,70.774999,71.322067,4127037,Yahoo Finance
2013-12-05,71.288236,71.993223,71.186721,71.530754,3399869,Yahoo Finance
2013-12-06,72.297753,72.641785,72.105998,72.534630,3451776,Yahoo Finance
2013-12-09,72.641817,72.856133,72.410580,72.512100,2469022,Yahoo Finance
2013-12-10,72.230081,72.489514,71.925525,71.936806,2814308,Yahoo Finance
2013-12-11,72.607965,73.126832,71.463066,71.496902,4661410,Yahoo Finance
2013-12-12,71.417942,71.846569,71.051347,71.389740,2974093,Yahoo Finance
2013-12-13,71.429245,71.824040,71.051375,71.305168,2085106,Yahoo Finance
2013-12-16,71.496912,72.624891,71.327718,71.998863,3355139,Yahoo Finance
2013-12-17,73.555478,74.232263,73.307325,74.102547,7423333,Yahoo Finance
2013-12-18,74.153290,76.595362,74.153290,76.589722,6673680,Yahoo Finance
2013-12-19,76.172370,76.995792,75.986255,76.933754,4880756,Yahoo Finance
2013-12-20,77.142433,77.881262,77.040918,77.108597,7004733,Yahoo Finance
2013-12-23,77.322939,77.509053,76.883026,77.153740,4113762,Yahoo Finance
2013-12-24,77.396211,77.458249,76.899900,77.260849,1568793,Yahoo Finance
2013-12-26,77.435693,78.213998,77.283415,77.994041,2581207,Yahoo Finance
2013-12-27,78.270402,78.620075,78.140685,78.591873,2266300,Yahoo Finance
2013-12-30,78.439616,78.761087,78.276057,78.631371,2050303,Yahoo Finance
2013-12-31,78.958490,79.201008,78.665215,79.099487,2208414,Yahoo Finance
2014-01-02,77.858714,78.394502,77.610556,77.903831,3650312,Yahoo Finance
2014-01-03,78.039167,78.326802,77.847412,78.084290,2551427,Yahoo Finance
2014-01-06,78.253509,78.558065,77.537247,77.621841,3243672,Yahoo Finance
2014-01-07,77.520314,77.943306,77.339835,77.633110,3020498,Yahoo Finance
2014-01-08,77.537233,77.689506,76.894285,77.057838,3734749,Yahoo Finance
2014-01-09,77.277786,77.509023,76.815317,76.956314,3037720,Yahoo Finance
2014-01-10,77.238304,77.373661,76.522037,76.804031,3892143,Yahoo Finance
2014-01-13,76.595385,77.300371,75.896038,75.958076,3149546,Yahoo Finance
2014-01-14,76.200564,77.497742,75.991889,77.497742,2965721,Yahoo Finance
2014-01-15,77.700792,78.292983,77.582356,78.078667,3618976,Yahoo Finance
2014-01-16,77.683868,78.112501,77.621830,77.920746,2144069,Yahoo Finance
2014-01-17,77.819238,78.253510,77.255253,77.441368,2784168,Yahoo Finance
2014-01-21,78.084277,78.366271,76.871699,77.260849,3236017,Yahoo Finance
2014-01-22,77.463912,77.542866,76.888642,76.973236,2534085,Yahoo Finance
2014-01-23,76.499483,76.510763,75.546343,75.974976,3253479,Yahoo Finance
2014-01-24,75.422252,75.422252,73.442650,73.442650,4516216,Yahoo Finance
2014-01-27,73.329859,73.651335,72.562834,72.732033,3962109,Yahoo Finance
2014-01-28,72.997125,73.324237,72.811010,73.211441,3270103,Yahoo Finance
2014-01-29,73.374993,74.034857,72.754606,73.459587,4286464,Yahoo Finance
2014-01-30,73.296032,73.296032,71.361546,72.218811,4906710,Yahoo Finance
2014-01-31,71.401034,72.867405,71.299513,72.297775,4443618,Yahoo Finance
2014-02-03,72.314650,72.523325,69.714661,69.878220,5077140,Yahoo Finance
2014-02-04,71.113391,71.987571,70.002333,71.468704,8865350,Yahoo Finance
2014-02-05,72.196260,72.619247,71.017519,71.829666,5932160,Yahoo Finance
2014-02-06,71.965029,72.867411,71.683034,72.698212,4578766,Yahoo Finance
2014-02-07,73.076083,73.538552,72.647450,73.504715,3902787,Yahoo Finance
2014-02-10,73.121190,73.549822,72.765876,73.149391,3967610,Yahoo Finance
2014-02-11,73.149385,74.158927,73.121183,73.871292,3114384,Yahoo Finance
2014-02-12,73.993357,74.368037,73.806014,74.050125,2512318,Yahoo Finance
2014-02-13,73.397274,74.016061,73.039626,73.879814,3409318,Yahoo Finance
2014-02-14,73.669770,75.043594,73.516497,75.003853,3623880,Yahoo Finance
2014-02-18,75.111707,75.361490,74.731349,74.822182,3440294,Yahoo Finance
2014-02-19,74.555374,75.338793,74.061480,74.118248,3252402,Yahoo Finance
2014-02-20,74.169347,74.952767,73.828731,74.685951,2578337,Yahoo Finance
2014-02-21,74.685950,75.123076,74.538349,74.691628,3078863,Yahoo Finance
2014-02-24,74.873267,75.764551,74.617807,75.049255,2935343,Yahoo Finance
2014-02-25,75.089034,75.747562,74.856283,75.463715,3424268,Yahoo Finance
2014-02-26,75.577231,75.764574,75.094691,75.423958,3314236,Yahoo Finance
2014-02-27,75.293368,76.400376,74.935720,76.264130,3736304,Yahoo Finance
2014-02-28,76.178970,76.752342,76.025692,76.485527,3802562,Yahoo Finance
2014-03-03,75.543179,75.963273,74.748405,75.054962,3366022,Yahoo Finance
2014-03-04,74.890313,75.548841,74.697299,75.321762,8342698,Yahoo Finance
2014-03-05,75.310410,76.088152,75.043594,75.985970,4247474,Yahoo Finance
2014-03-06,76.281167,76.491214,76.082475,76.116539,2675213,Yahoo Finance
2014-03-07,76.570681,76.638804,75.906481,76.133560,2848154,Yahoo Finance
2014-03-10,76.059746,76.116514,75.560174,75.821312,2351456,Yahoo Finance
2014-03-11,75.917842,75.980288,75.066300,75.225250,2306964,Yahoo Finance
2014-03-12,74.975460,75.367167,74.702968,75.259308,3153852,Yahoo Finance
2014-03-13,75.611261,75.883754,74.163637,74.260147,3014757,Yahoo Finance
2014-03-14,73.845766,74.430493,73.630042,73.703842,3558220,Yahoo Finance
2014-03-17,74.174993,75.327415,74.174993,75.088982,3025162,Yahoo Finance
2014-03-18,75.213919,75.634013,75.077667,75.355843,2431229,Yahoo Finance
2014-03-19,75.361480,75.418254,74.129586,74.498589,2560636,Yahoo Finance
2014-03-20,74.453197,75.418282,74.288569,75.179848,3082690,Yahoo Finance
2014-03-21,75.832687,76.207367,75.446652,75.571548,7080798,Yahoo Finance
2014-03-24,75.685083,75.900807,74.867599,75.174156,3341146,Yahoo Finance
2014-03-25,75.878092,76.371987,75.446644,76.105171,3465530,Yahoo Finance
2014-03-26,76.445806,76.576375,75.554527,75.554527,2773404,Yahoo Finance
2014-03-27,75.401235,75.781588,75.037910,75.412590,2873390,Yahoo Finance
2014-03-28,75.832684,76.621780,75.605604,76.184654,2280174,Yahoo Finance
2014-03-31,76.417414,77.132711,76.400388,77.013496,3243313,Yahoo Finance
2014-04-01,77.138398,77.575524,77.019183,77.507401,2835477,Yahoo Finance
2014-04-02,77.200835,77.348436,76.826160,77.206512,3924554,Yahoo Finance
2014-04-03,77.331376,77.882039,77.036174,77.285957,3200735,Yahoo Finance
2014-04-04,77.717429,78.211323,77.075933,77.127029,3271419,Yahoo Finance
2014-04-07,77.098639,77.348422,76.292510,76.298187,3357770,Yahoo Finance
2014-04-08,76.320902,76.723964,75.747530,76.547981,3460746,Yahoo Finance
2014-04-09,76.638809,77.132704,76.354962,77.115677,3195592,Yahoo Finance
2014-04-10,77.053228,77.450613,76.014343,76.054085,3417211,Yahoo Finance
2014-04-11,75.713468,75.980288,75.157127,75.157127,2832367,Yahoo Finance
2014-04-14,75.758896,75.798632,74.947089,75.588585,2461488,Yahoo Finance
2014-04-15,75.656702,76.269816,74.947084,76.122215,2534324,Yahoo Finance
2014-04-16,76.735327,77.649316,76.530958,77.643639,2553699,Yahoo Finance
2014-04-17,77.944523,78.483831,77.916136,78.188629,3164138,Yahoo Finance
2014-04-21,77.916121,78.744959,77.876385,78.693863,2130196,Yahoo Finance
2014-04-22,78.625743,79.204793,78.415696,78.847145,2693990,Yahoo Finance
2014-04-23,78.801763,78.847177,78.279482,78.336250,3405610,Yahoo Finance
2014-04-24,77.422245,77.768538,76.638825,77.575523,3405969,Yahoo Finance
2014-04-25,77.490350,77.751493,77.030520,77.524414,2503348,Yahoo Finance
2014-04-28,78.018314,78.540596,77.189481,77.904778,2684183,Yahoo Finance
2014-04-29,78.268116,78.285149,77.524438,78.086456,2177796,Yahoo Finance
2014-04-30,78.131863,79.023147,77.961557,78.960701,3473184,Yahoo Finance
2014-05-01,79.193428,80.323141,78.977704,79.937111,4780890,Yahoo Finance
2014-05-02,80.402661,80.516203,79.403517,79.545441,6887166,Yahoo Finance
2014-05-05,78.989083,80.073382,78.710912,79.823593,3242236,Yahoo Finance
2014-05-06,79.636244,79.721399,79.006103,79.074226,2750441,Yahoo Finance
2014-05-07,79.465915,80.186889,79.011763,80.124443,2677246,Yahoo Finance
2014-05-08,79.976845,80.680786,79.766798,79.948463,2319522,Yahoo Finance
2014-05-09,79.795211,80.255041,79.619223,80.238014,2503228,Yahoo Finance
2014-05-12,80.487759,81.146286,80.448022,81.078163,3554632,Yahoo Finance
2014-05-13,81.180388,81.390435,80.794358,80.856804,2027698,Yahoo Finance
2014-05-14,80.885138,81.049772,80.277707,80.385567,2527626,Yahoo Finance
2014-05-15,80.362882,80.465064,79.488630,80.033615,2856526,Yahoo Finance
2014-05-16,80.005245,80.158524,79.426195,80.118782,2274433,Yahoo Finance
2014-05-19,79.517035,80.612684,79.465939,80.425346,1828923,Yahoo Finance
2014-05-20,80.385599,80.555909,79.414842,79.607857,2206740,Yahoo Finance
2014-05-21,79.833464,80.416065,79.833464,80.341812,1962636,Yahoo Finance
2014-05-22,80.370371,80.513166,80.113338,80.141899,1853920,Yahoo Finance
2014-05-23,80.096224,80.638846,79.993415,80.615997,1446442,Yahoo Finance
2014-05-27,80.821591,80.878708,80.610255,80.787323,1808711,Yahoo Finance
2014-05-28,80.998679,81.050084,80.570296,80.781631,1873056,Yahoo Finance
2014-05-29,80.821607,81.352805,80.644545,81.329956,1942424,Yahoo Finance
2014-05-30,81.170043,81.489905,80.981556,81.421364,4674566,Yahoo Finance
2014-06-02,81.261371,81.626925,80.930090,81.289932,2012031,Yahoo Finance
2014-06-03,81.152904,81.752637,80.884446,81.615555,2465793,Yahoo Finance
2014-06-04,81.626973,81.678378,81.255707,81.255707,1597497,Yahoo Finance
2014-06-05,81.541276,82.101029,81.050064,82.083893,1844591,Yahoo Finance
2014-06-06,82.243831,82.615097,81.981091,82.615097,2115365,Yahoo Finance
2014-06-09,82.615114,83.123463,82.597977,83.003517,2153876,Yahoo Finance
2014-06-10,82.803596,82.940679,82.512295,82.803596,2033200,Yahoo Finance
2014-06-11,82.626529,82.803591,82.358076,82.483734,1781920,Yahoo Finance
2014-06-12,82.792162,82.792162,81.552710,81.718353,2199922,Yahoo Finance
2014-06-13,81.786898,82.106755,81.581275,81.883995,1645935,Yahoo Finance
2014-06-16,81.638385,81.981091,81.449893,81.861145,1524063,Yahoo Finance
2014-06-17,81.684084,82.243837,81.472748,82.072487,1446442,Yahoo Finance
2014-06-18,82.209577,82.472317,81.547010,82.438049,1603477,Yahoo Finance
2014-06-19,82.552291,82.660812,82.243853,82.529442,1866358,Yahoo Finance
2014-06-20,82.557980,82.992075,82.363781,82.912109,5028702,Yahoo Finance
2014-06-23,82.877831,82.992070,82.255249,82.300941,1662679,Yahoo Finance
2014-06-24,82.083920,82.603693,81.706946,81.729790,1679782,Yahoo Finance
2014-06-25,81.678363,82.466588,81.609822,82.049629,1580873,Yahoo Finance
2014-06-26,82.106754,82.243836,81.427055,82.095329,1783116,Yahoo Finance
2014-06-27,81.775474,82.289535,81.712645,82.072487,2370233,Yahoo Finance
2014-06-30,82.203856,82.209568,81.712644,81.815453,2246566,Yahoo Finance
2014-07-01,81.912580,82.717942,81.895443,82.569435,2114050,Yahoo Finance
2014-07-02,82.380933,82.992096,81.998247,82.952110,1939075,Yahoo Finance
2014-07-03,82.963527,83.237691,82.820732,83.054916,1366071,Yahoo Finance
2014-07-07,83.094910,83.152026,82.535156,82.769341,1504448,Yahoo Finance
2014-07-08,82.946409,83.049223,82.523738,82.569435,1909653,Yahoo Finance
2014-07-09,82.695071,82.843578,82.266688,82.637955,1820073,Yahoo Finance
2014-07-10,81.963954,82.363782,81.815448,82.186714,2475840,Yahoo Finance
2014-07-11,82.329503,82.529414,81.986798,82.426605,2281848,Yahoo Finance
2014-07-14,82.815020,83.226267,82.677938,82.820732,2529062,Yahoo Finance
2014-07-15,82.820723,83.094887,82.455168,82.854996,2339017,Yahoo Finance
2014-07-16,82.980680,83.534721,82.837886,83.489029,2355163,Yahoo Finance
2014-07-17,83.009213,83.203417,81.935404,81.986809,3320694,Yahoo Finance
2014-07-18,82.152435,82.854988,81.986797,82.723618,2551068,Yahoo Finance
2014-07-21,82.626529,82.746475,82.049640,82.420906,1818996,Yahoo Finance
2014-07-22,82.757920,83.203440,82.757920,82.889290,1923407,Yahoo Finance
2014-07-23,83.014928,83.077757,82.552277,82.637955,2211882,Yahoo Finance
2014-07-24,83.112037,83.637522,82.518010,82.894989,3085680,Yahoo Finance
2014-07-25,83.197727,83.357659,82.586564,82.889290,1915753,Yahoo Finance
2014-07-28,82.775064,83.180598,82.123921,83.123482,2394631,Yahoo Finance
2014-07-29,82.946382,83.546121,82.243834,82.260971,2734774,Yahoo Finance
2014-07-30,82.398042,82.695055,81.975371,82.101028,2940246,Yahoo Finance
2014-07-31,81.866851,81.992509,80.307532,80.473175,4271036,Yahoo Finance
2014-08-01,80.050521,80.558869,79.439363,80.027672,2996937,Yahoo Finance
2014-08-04,80.050514,80.524589,79.513609,80.393219,2983422,Yahoo Finance
2014-08-05,80.318991,80.604580,79.587887,79.839203,2593526,Yahoo Finance
2014-08-06,79.473633,79.930577,79.068098,79.707817,3204084,Yahoo Finance
2014-08-07,79.993388,80.176163,79.370806,79.467903,2263430,Yahoo Finance
2014-08-08,79.565011,80.473181,79.330826,80.450333,3232310,Yahoo Finance
2014-08-11,80.496038,80.821607,80.273279,80.296127,2295244,Yahoo Finance
2014-08-12,80.318969,80.655968,80.210448,80.467476,2602616,Yahoo Finance
2014-08-13,80.735925,81.010095,80.490322,80.992958,3712743,Yahoo Finance
2014-08-14,81.107216,81.329975,81.021538,81.301414,1897932,Yahoo Finance
2014-08-15,81.569857,81.666954,80.547447,81.061508,2345236,Yahoo Finance
2014-08-18,81.535579,82.358078,81.444189,82.318092,2216068,Yahoo Finance
2014-08-19,82.518030,82.826468,82.141056,82.392372,1904630,Yahoo Finance
2014-08-20,82.659518,83.211121,82.452669,83.084709,2749365,Yahoo Finance
2014-08-21,83.188137,83.308798,82.941064,83.027252,1765057,Yahoo Finance
2014-08-22,83.027255,83.216871,82.751456,82.814659,1850810,Yahoo Finance
2014-08-25,83.119189,83.308799,82.981289,83.142174,1211428,Yahoo Finance
2014-08-26,83.314543,83.538632,83.067476,83.084709,2162488,Yahoo Finance
2014-08-27,82.987020,83.234088,82.527352,82.705475,1677031,Yahoo Finance
2014-08-28,82.349264,82.808927,82.176887,82.728485,1571664,Yahoo Finance
2014-08-29,82.774445,82.964055,82.268811,82.739967,1839209,Yahoo Finance
2014-09-02,82.337766,83.090467,82.337766,82.866379,1888245,Yahoo Finance
2014-09-03,83.010018,83.153664,82.481405,82.636543,1834186,Yahoo Finance
2014-09-04,82.860626,83.113445,82.366485,82.515877,1853561,Yahoo Finance
2014-09-05,82.533120,82.923839,82.251574,82.854889,2378964,Yahoo Finance
2014-09-08,82.975544,83.573107,82.803167,83.251343,2925536,Yahoo Finance
2014-09-09,83.142177,83.463941,82.883612,83.004272,2087498,Yahoo Finance
2014-09-10,83.101943,83.308792,82.739955,83.107689,1864325,Yahoo Finance
2014-09-11,82.734229,82.958317,82.510141,82.941078,1752618,Yahoo Finance
2014-09-12,82.998513,82.998513,82.452656,82.705475,2553938,Yahoo Finance
2014-09-15,82.837637,83.136421,82.544599,83.015755,2234128,Yahoo Finance
2014-09-16,82.625031,83.308782,82.504365,83.228340,2326340,Yahoo Finance
2014-09-17,83.268593,83.768480,82.895112,83.527153,3297372,Yahoo Finance
2014-09-18,83.716747,84.498185,83.711006,84.371773,2828301,Yahoo Finance
2014-09-19,84.705044,84.963604,84.187918,84.285599,9695015,Yahoo Finance
2014-09-22,84.417730,84.463695,83.601820,83.722481,2668276,Yahoo Finance
2014-09-23,83.446701,83.659297,82.941068,82.952560,2451441,Yahoo Finance
2014-09-24,82.837638,83.383490,82.579072,83.245590,3119407,Yahoo Finance
2014-09-25,82.975556,83.004282,81.631032,81.866608,3305983,Yahoo Finance
2014-09-26,81.889595,82.102191,81.004735,81.832138,4255009,Yahoo Finance
2014-09-29,80.981745,81.786157,80.820860,81.699974,3406567,Yahoo Finance
2014-09-30,81.878108,82.107942,81.177118,81.406952,3199420,Yahoo Finance
2014-10-01,81.108156,81.401194,79.706175,79.970482,3499376,Yahoo Finance
2014-10-02,79.619995,80.050932,79.263753,79.677452,3852675,Yahoo Finance
2014-10-03,80.056658,80.700191,79.619975,80.539307,4202864,Yahoo Finance
2014-10-06,80.757654,81.177099,80.206056,80.636993,2947781,Yahoo Finance
2014-10-07,79.763607,80.545039,79.097089,79.108582,3761300,Yahoo Finance
2014-10-08,79.436123,81.292027,79.131598,81.251808,4946058,Yahoo Finance
2014-10-09,81.102414,81.303517,79.482092,79.660210,4506528,Yahoo Finance
2014-10-10,80.056669,80.211803,76.890715,76.896461,8810334,Yahoo Finance
2014-10-13,77.143524,77.769823,75.276128,76.362091,5481746,Yahoo Finance
2014-10-14,76.793057,78.108855,76.540243,77.097588,4358583,Yahoo Finance
2014-10-15,76.166742,77.361874,75.040561,77.120552,5734461,Yahoo Finance
2014-10-16,76.660894,78.126084,76.275922,77.597466,4182651,Yahoo Finance
2014-10-17,77.999675,79.206299,77.999675,78.947739,4480694,Yahoo Finance
2014-10-20,78.804077,79.148826,78.579989,79.062637,3327870,Yahoo Finance
2014-10-21,79.522309,81.073681,79.487836,80.976006,3681766,Yahoo Finance
2014-10-22,80.958738,81.067906,79.694657,79.838303,5135983,Yahoo Finance
2014-10-23,81.544846,84.992346,81.544846,83.343292,8879582,Yahoo Finance
2014-10-24,83.314552,85.492224,83.205383,85.377304,5359156,Yahoo Finance
2014-10-27,85.090003,86.020828,84.659066,85.934639,3396640,Yahoo Finance
2014-10-28,86.089767,86.836727,85.934629,86.796509,2821125,Yahoo Finance
2014-10-29,86.986141,87.181498,86.302384,86.767799,2464478,Yahoo Finance
2014-10-30,86.469025,87.566481,86.187480,87.394104,2196454,Yahoo Finance
2014-10-31,88.388123,88.738613,87.962932,88.353645,3607495,Yahoo Finance
2014-11-03,87.991670,88.709900,87.899741,88.083611,2831530,Yahoo Finance
2014-11-04,88.439819,89.192526,88.049106,89.089104,3741806,Yahoo Finance
2014-11-05,89.451094,89.772863,88.566234,89.456841,3313398,Yahoo Finance
2014-11-06,89.456834,90.025671,89.181035,89.663689,2472371,Yahoo Finance
2014-11-07,89.721142,89.991194,89.336174,89.950981,2251829,Yahoo Finance
2014-11-10,89.778625,90.617515,89.663710,90.588783,1750346,Yahoo Finance
2014-11-11,90.755405,90.784136,90.008444,90.272751,2160694,Yahoo Finance
2014-11-12,90.008443,90.709434,89.922260,90.600266,1794837,Yahoo Finance
2014-11-13,90.784121,91.398928,90.485337,90.985229,2840620,Yahoo Finance
2014-11-14,91.088670,91.289768,90.617509,91.272530,2136415,Yahoo Finance
2014-11-17,90.835852,91.450648,90.835852,91.180595,2002463,Yahoo Finance
2014-11-18,91.289741,92.197586,91.272502,92.019463,2764434,Yahoo Finance
2014-11-19,92.039719,92.085925,91.254086,91.750885,2768381,Yahoo Finance
2014-11-20,91.381140,92.166772,91.178962,92.057007,2091804,Yahoo Finance
2014-11-21,92.605837,92.923545,92.189917,92.519180,2956512,Yahoo Finance
2014-11-24,92.519170,92.750243,92.085920,92.357422,2820407,Yahoo Finance
2014-11-25,91.849104,92.241915,91.306099,91.306099,4360975,Yahoo Finance
2014-11-26,91.254075,91.531354,90.982572,91.450485,2180547,Yahoo Finance
2014-11-28,92.184114,92.900421,91.733532,92.478714,1872338,Yahoo Finance
2014-12-01,91.473618,92.143709,91.190551,91.363853,2992512,Yahoo Finance
2014-12-02,91.721984,92.877318,91.583344,92.773331,2995262,Yahoo Finance
2014-12-03,93.062153,93.836231,92.524926,93.732254,3634405,Yahoo Finance
2014-12-04,93.582060,94.113511,92.946622,93.732254,2588383,Yahoo Finance
2014-12-05,93.813129,94.101962,93.512741,93.738037,2060230,Yahoo Finance
2014-12-08,93.639834,94.044209,92.484499,92.963966,2270367,Yahoo Finance
2014-12-09,92.363181,93.062157,91.912600,92.906197,2443548,Yahoo Finance
2014-12-10,92.836863,92.894634,91.098085,91.410027,3879465,Yahoo Finance
2014-12-11,91.953061,92.553837,91.514034,91.935730,2915011,Yahoo Finance
2014-12-12,91.594918,91.843312,90.763069,90.763069,3373438,Yahoo Finance
2014-12-15,91.340722,91.525578,89.879233,90.607094,3120723,Yahoo Finance
2014-12-16,90.843919,93.258565,90.739942,91.877945,4043437,Yahoo Finance
2014-12-17,92.016595,92.940856,91.144317,92.773331,4715350,Yahoo Finance
2014-12-18,93.813147,95.488388,93.582084,95.488388,4018321,Yahoo Finance
2014-12-19,95.188004,95.944740,94.945377,95.592369,5849995,Yahoo Finance
2014-12-22,96.019836,96.649486,95.973619,96.626389,2489594,Yahoo Finance
2014-12-23,97.059648,97.140517,96.395325,96.395325,2619479,Yahoo Finance
2014-12-24,95.990937,96.822776,95.990937,96.447296,1173994,Yahoo Finance
2014-12-26,96.666827,96.938340,95.979405,96.042953,1922450,Yahoo Finance
2014-12-29,96.066032,96.539711,95.782975,96.302872,1453977,Yahoo Finance
2014-12-30,96.210438,96.320192,95.476800,95.800285,1412117,Yahoo Finance
2014-12-31,95.892745,96.568612,94.852942,94.922256,1941945,Yahoo Finance
2015-01-02,95.147551,95.361283,94.003771,94.772072,2531214,Yahoo Finance
2015-01-05,94.159744,94.529447,92.472959,92.634697,4416708,Yahoo Finance
2015-01-06,92.900403,93.218111,91.121185,91.646858,4224272,Yahoo Finance
2015-01-07,92.368948,92.588467,91.814389,92.311188,3685235,Yahoo Finance
2015-01-08,92.802219,94.558329,92.727127,94.523666,3758908,Yahoo Finance
2015-01-09,94.650792,94.737449,93.160417,93.362595,2844806,Yahoo Finance
2015-01-12,93.807357,93.807357,92.438291,92.854210,2570443,Yahoo Finance
2015-01-13,93.714961,94.956942,92.109045,92.784912,3232788,Yahoo Finance
2015-01-14,91.872177,92.732900,91.560235,92.334312,2372266,Yahoo Finance
2015-01-15,92.940869,93.258588,92.062814,92.230339,2244653,Yahoo Finance
2015-01-16,92.345833,93.686024,91.901039,93.582047,2810241,Yahoo Finance
2015-01-20,93.997998,94.390809,92.461407,93.547417,2501793,Yahoo Finance
2015-01-21,93.385690,94.373500,93.015988,93.894043,1910849,Yahoo Finance
2015-01-22,94.309941,95.886972,93.657171,95.829201,2662057,Yahoo Finance
2015-01-23,95.748318,95.881181,94.685407,94.748955,2685738,Yahoo Finance
2015-01-26,94.517894,94.899161,93.466547,94.876053,4253335,Yahoo Finance
2015-01-27,93.761153,95.395944,92.969744,94.523666,5012077,Yahoo Finance
2015-01-28,95.089793,96.222019,94.598782,94.702759,4275222,Yahoo Finance
2015-01-29,94.777863,95.985181,94.090431,95.967850,3198822,Yahoo Finance
2015-01-30,95.170669,95.442172,93.755386,93.755386,4260032,Yahoo Finance
2015-02-02,93.651389,95.095558,92.940860,94.980026,2846121,Yahoo Finance
2015-02-03,95.413273,96.002495,95.147548,95.858078,3115341,Yahoo Finance
2015-02-04,95.765689,95.794564,94.876079,95.205353,2826866,Yahoo Finance
2015-02-05,95.494150,96.233555,95.170654,96.210457,2452398,Yahoo Finance
2015-02-06,96.025623,96.863238,95.638589,95.933189,2184972,Yahoo Finance
2015-02-09,94.956923,95.627024,94.644981,95.222649,2479308,Yahoo Finance
2015-02-10,95.546130,95.973603,95.083994,95.788757,2254580,Yahoo Finance
2015-02-11,95.628889,95.890454,95.018563,95.605637,2027340,Yahoo Finance
2015-02-12,95.867217,96.460104,95.820713,96.436852,1932377,Yahoo Finance
2015-02-13,96.431055,96.849562,96.099734,96.454308,2143232,Yahoo Finance
2015-02-17,96.454337,97.023972,95.960262,97.023972,2512676,Yahoo Finance
2015-02-18,97.023929,97.366876,96.494986,97.302933,1856192,Yahoo Finance
2015-02-19,97.302958,97.390153,96.826321,97.122765,1971965,Yahoo Finance
2015-02-20,96.919324,97.808654,95.983490,97.721458,2890254,Yahoo Finance
2015-02-23,97.733084,98.157403,97.477332,98.122536,2195856,Yahoo Finance
2015-02-24,97.808624,98.378258,97.692363,98.302689,2117279,Yahoo Finance
2015-02-25,98.215549,98.616616,98.012103,98.169044,2414844,Yahoo Finance
2015-02-26,98.145781,98.802611,98.023718,98.587540,2140122,Yahoo Finance
2015-02-27,98.616568,98.668886,97.977189,98.029495,2327416,Yahoo Finance
2015-03-02,97.744721,99.104874,97.721468,99.104874,2658828,Yahoo Finance
2015-03-03,98.564269,98.581708,97.279686,97.808640,2669950,Yahoo Finance
2015-03-04,97.802835,97.802835,96.756564,97.163445,1884537,Yahoo Finance
2015-03-05,97.192521,97.477338,96.890265,97.401779,1850451,Yahoo Finance
2015-03-06,96.779807,96.936748,95.332469,95.535904,2528822,Yahoo Finance
2015-03-09,95.745186,96.942585,95.623123,96.704262,1923288,Yahoo Finance
2015-03-10,95.797470,95.826524,94.309441,94.315254,3067262,Yahoo Finance
2015-03-11,94.571031,94.873287,93.966519,94.007210,2265583,Yahoo Finance
2015-03-12,94.507071,95.628911,94.495456,95.599846,2051140,Yahoo Finance
2015-03-13,95.338275,95.553336,94.036253,94.594261,2732501,Yahoo Finance
2015-03-16,95.082494,96.646092,95.082494,96.611214,2524995,Yahoo Finance
2015-03-17,96.210193,96.216006,94.966290,95.460365,3059248,Yahoo Finance
2015-03-18,94.838393,97.041371,94.193200,96.762367,3662630,Yahoo Finance
2015-03-19,96.582187,96.611253,95.820734,96.291557,2336386,Yahoo Finance
2015-03-20,96.541484,97.145996,96.134604,96.773994,5228673,Yahoo Finance
2015-03-23,96.971623,97.018127,96.390363,96.564743,2580131,Yahoo Finance
2015-03-24,96.245039,97.448250,96.215984,96.675171,2500836,Yahoo Finance
2015-03-25,96.628662,96.791416,94.547747,94.570999,3038916,Yahoo Finance
2015-03-26,94.164143,94.960464,93.704946,94.507080,2452637,Yahoo Finance
2015-03-27,94.373399,95.268541,94.175777,95.036041,2060230,Yahoo Finance
2015-03-30,95.442929,96.936771,95.442929,96.518265,2014064,Yahoo Finance
2015-03-31,96.146216,96.489163,95.687018,95.878838,2489235,Yahoo Finance
2015-04-01,95.495239,95.640554,94.106021,94.466408,2569128,Yahoo Finance
2015-04-02,94.966266,95.309214,94.233878,94.629143,2215710,Yahoo Finance
2015-04-06,93.966511,96.483371,93.815382,96.186928,3062119,Yahoo Finance
2015-04-07,96.140390,97.401732,96.070645,96.611214,2965482,Yahoo Finance
2015-04-08,96.611263,97.198336,96.030003,96.646141,2098262,Yahoo Finance
2015-04-09,96.634520,97.175089,95.954438,96.948402,2009400,Yahoo Finance
2015-04-10,97.361056,97.477306,96.617042,97.111107,1796272,Yahoo Finance
2015-04-13,96.930908,97.279657,96.256639,96.396141,2225038,Yahoo Finance
2015-04-14,96.093950,96.768208,95.425494,96.483391,2289503,Yahoo Finance
2015-04-15,96.907704,97.268079,96.407815,96.744949,2386977,Yahoo Finance
2015-04-16,96.332257,96.867013,95.966057,96.425255,1988709,Yahoo Finance
2015-04-17,95.634740,95.640553,93.658448,93.995583,3663946,Yahoo Finance
2015-04-20,94.745412,96.134620,94.588471,95.623116,2863463,Yahoo Finance
2015-04-21,96.285758,96.314824,95.105799,95.326683,2356718,Yahoo Finance
2015-04-22,95.216225,95.843979,94.495462,95.716103,2665645,Yahoo Finance
2015-04-23,92.734248,93.844451,92.193668,92.803993,6822582,Yahoo Finance
2015-04-24,92.891187,92.891187,91.751908,92.414551,3640026,Yahoo Finance
2015-04-27,92.699382,93.042330,91.728681,91.827492,4124765,Yahoo Finance
2015-04-28,91.658917,92.048358,90.781214,92.030930,4051928,Yahoo Finance
2015-04-29,91.501960,91.798403,90.781197,91.240395,3682006,Yahoo Finance
2015-04-30,91.153194,91.792573,90.682370,90.903244,4198199,Yahoo Finance
2015-05-01,91.135790,91.891430,91.135790,91.653107,2583480,Yahoo Finance
2015-05-04,92.071598,92.914423,91.769341,92.431984,2679399,Yahoo Finance
2015-05-05,92.338984,92.681931,91.496159,91.786789,2329449,Yahoo Finance
2015-05-06,91.792591,92.466860,90.996270,91.629837,2634908,Yahoo Finance
2015-05-07,91.391508,92.536589,91.391508,92.193642,2527028,Yahoo Finance
2015-05-08,93.146945,93.815390,93.036508,93.350380,2422498,Yahoo Finance
2015-05-11,93.152747,93.582880,92.885369,92.943489,2043605,Yahoo Finance
2015-05-12,92.251832,93.234160,91.844952,93.042351,2230301,Yahoo Finance
2015-05-13,93.251600,94.013054,93.210909,93.763115,3095128,Yahoo Finance
2015-05-14,94.216442,94.919776,94.047886,94.832581,2945150,Yahoo Finance
2015-05-15,94.832574,95.192960,94.541944,94.919769,2300865,Yahoo Finance
2015-05-18,94.745423,95.088359,94.344355,94.669853,2090369,Yahoo Finance
2015-05-19,94.786093,95.088338,94.483837,94.815147,2481820,Yahoo Finance
2015-05-20,95.005255,95.385470,94.665989,94.701088,2365808,Yahoo Finance
2015-05-21,94.701089,94.964308,94.642602,94.794685,2871357,Yahoo Finance
2015-05-22,94.753765,94.952647,93.975797,94.162979,2179949,Yahoo Finance
2015-05-26,94.162940,94.361822,93.028167,93.349884,2955436,Yahoo Finance
2015-05-27,93.484435,94.355989,93.314802,94.186356,3140576,Yahoo Finance
2015-05-28,93.794450,94.110317,93.361598,94.098618,1887408,Yahoo Finance
2015-05-29,93.847081,94.051813,92.852693,93.051575,3445078,Yahoo Finance
2015-06-01,93.063259,93.449324,92.753253,92.993073,2279696,Yahoo Finance
2015-06-02,92.583624,93.519515,92.390592,93.051575,2967396,Yahoo Finance
2015-06-03,93.361602,93.882201,92.993098,93.683319,2481102,Yahoo Finance
2015-06-04,93.303079,93.811968,92.472474,92.624557,2676170,Yahoo Finance
2015-06-05,92.127391,92.402310,91.817374,91.881721,2768501,Yahoo Finance
2015-06-08,91.542445,92.074733,91.425460,91.595093,1923886,Yahoo Finance
2015-06-09,91.747168,92.571923,91.600934,91.823204,2165717,Yahoo Finance
2015-06-10,91.805648,93.338185,91.805648,93.028168,2103644,Yahoo Finance
2015-06-11,93.074991,93.800311,93.004804,93.507843,2217623,Yahoo Finance
2015-06-12,93.501971,93.583868,92.349648,92.443245,2284958,Yahoo Finance
2015-06-15,91.881716,92.022101,90.893167,91.173935,2814308,Yahoo Finance
2015-06-16,90.951640,91.858292,90.881442,91.536575,2068243,Yahoo Finance
2015-06-17,91.600951,92.180037,91.103751,91.805672,2199922,Yahoo Finance
2015-06-18,92.180006,93.730082,92.063011,93.367416,3024564,Yahoo Finance
2015-06-19,93.215352,93.519520,92.969683,92.975533,3931491,Yahoo Finance
2015-06-22,93.501993,93.999193,93.268023,93.402557,1731090,Yahoo Finance
2015-06-23,93.829530,94.098599,93.303092,93.496124,2734534,Yahoo Finance
2015-06-24,93.402538,93.566321,92.150780,92.150780,3424028,Yahoo Finance
2015-06-25,92.332086,92.607015,91.203163,91.203163,3066544,Yahoo Finance
2015-06-26,91.343545,92.413981,91.209010,91.887543,3140098,Yahoo Finance
2015-06-29,91.203180,91.507347,90.033308,90.050858,2960100,Yahoo Finance
2015-06-30,90.665022,90.840505,90.121035,90.255569,3062956,Yahoo Finance
2015-07-01,91.326003,91.501486,90.466149,91.045235,2065253,Yahoo Finance
2015-07-02,91.296778,91.296778,90.606545,90.887314,2418790,Yahoo Finance
2015-07-06,90.015718,91.004267,89.980630,90.711800,2597951,Yahoo Finance
2015-07-07,90.746909,91.033527,89.588737,90.916542,3426899,Yahoo Finance
2015-07-08,90.126891,90.372560,89.319674,89.325523,3125507,Yahoo Finance
2015-07-09,90.425203,90.957491,89.933853,89.933853,2474763,Yahoo Finance
2015-07-10,90.512953,91.168076,90.372569,90.635788,2465315,Yahoo Finance
2015-07-13,91.495646,91.700378,91.045244,91.524895,2520211,Yahoo Finance
2015-07-14,91.536620,91.881736,91.413785,91.706253,2166434,Yahoo Finance
2015-07-15,91.583386,91.834905,91.191472,91.249969,2136176,Yahoo Finance
2015-07-16,92.174172,92.384743,91.653573,91.934341,2420584,Yahoo Finance
2015-07-17,91.542452,92.051341,91.501504,91.653587,2905084,Yahoo Finance
2015-07-20,91.700392,92.215131,91.407924,91.905113,2809404,Yahoo Finance
2015-07-21,91.688636,91.940156,90.863881,91.109550,3281704,Yahoo Finance
2015-07-22,91.010150,91.431302,90.337467,90.904854,3668969,Yahoo Finance
2015-07-23,88.863446,89.898778,87.167130,87.447899,6190974,Yahoo Finance
2015-07-24,87.073524,88.208302,86.979932,87.348442,4106586,Yahoo Finance
2015-07-27,86.944813,87.155389,86.394970,86.985756,3728650,Yahoo Finance
2015-07-28,87.067685,88.746451,86.757668,88.389641,3920129,Yahoo Finance
2015-07-29,88.582651,88.728885,88.155649,88.588501,2603572,Yahoo Finance
2015-07-30,88.325296,88.752298,87.933387,88.658707,2534444,Yahoo Finance
2015-07-31,89.220254,89.384032,88.342850,88.524178,1937042,Yahoo Finance
2015-08-03,88.202471,88.781557,87.120341,87.810562,2816700,Yahoo Finance
2015-08-04,88.284324,88.641139,87.804679,87.974312,2167032,Yahoo Finance
2015-08-05,88.822499,89.635560,88.278511,88.331154,2111658,Yahoo Finance
2015-08-06,88.260956,88.453983,87.096934,87.307510,2110701,Yahoo Finance
2015-08-07,86.851255,87.740358,86.664077,87.091080,1995765,Yahoo Finance
2015-08-10,87.740355,88.559267,87.676013,88.465675,1879873,Yahoo Finance
2015-08-11,87.740345,87.740345,86.722557,86.851242,2165717,Yahoo Finance
2015-08-12,86.125930,86.985784,85.441558,86.874649,2435893,Yahoo Finance
2015-08-13,86.570496,86.898063,86.032353,86.219536,2144548,Yahoo Finance
2015-08-14,86.371608,86.868803,86.172731,86.734268,1676672,Yahoo Finance
2015-08-17,86.237068,87.336748,85.611184,87.295799,1972084,Yahoo Finance
2015-08-18,86.938993,87.108626,86.500291,86.751816,2039778,Yahoo Finance
2015-08-19,86.112741,86.907899,85.570853,85.918365,3020737,Yahoo Finance
2015-08-20,85.117331,85.329373,84.428192,84.434082,3924913,Yahoo Finance
2015-08-21,84.534232,85.594447,83.591822,83.691956,6508632,Yahoo Finance
2015-08-24,80.764566,83.691933,78.926866,81.624519,8801962,Yahoo Finance
2015-08-25,83.556469,83.674273,80.923610,81.070862,6501336,Yahoo Finance
2015-08-26,82.460899,84.104229,81.595061,84.062996,5456391,Yahoo Finance
2015-08-27,84.669697,85.376503,83.244304,84.758049,4909102,Yahoo Finance
2015-08-28,84.239698,85.005408,84.110117,84.940613,3186264,Yahoo Finance
2015-08-31,84.227927,84.716801,83.650702,83.721382,3007820,Yahoo Finance
2015-09-01,82.154595,82.749492,81.247529,81.577370,4390994,Yahoo Finance
2015-09-02,82.778959,83.191261,82.013248,83.191261,3961989,Yahoo Finance
2015-09-03,83.603560,84.169005,83.232486,83.485756,3117015,Yahoo Finance
2015-09-04,82.425561,82.855535,81.966134,82.366661,3822177,Yahoo Finance
2015-09-08,83.668342,84.551851,83.356167,84.481171,2909748,Yahoo Finance
2015-09-09,85.323464,85.612077,82.796630,82.967438,3160789,Yahoo Finance
2015-09-10,83.049914,83.585912,82.549259,82.920334,2429315,Yahoo Finance
2015-09-11,82.820193,83.244282,82.325429,83.203049,2996219,Yahoo Finance
2015-09-14,83.356181,83.391524,82.478562,82.937988,2723531,Yahoo Finance
2015-09-15,83.379722,84.722652,83.073438,84.581291,3218197,Yahoo Finance
2015-09-16,84.528306,85.087860,84.351607,84.934723,2464119,Yahoo Finance
2015-09-17,84.705016,85.729887,83.945196,84.198471,3414700,Yahoo Finance
2015-09-18,83.150030,83.226601,81.995579,82.237068,7805096,Yahoo Finance
2015-09-21,82.755400,83.097027,82.078042,82.484459,2981150,Yahoo Finance
2015-09-22,81.441906,81.583268,80.841119,81.294655,3319259,Yahoo Finance
2015-09-23,81.595070,81.813002,80.611427,81.082634,3210662,Yahoo Finance
2015-09-24,80.475948,81.300558,79.745580,81.035507,3217599,Yahoo Finance
2015-09-25,82.237082,82.531585,81.618628,82.201744,4505571,Yahoo Finance
2015-09-28,81.459580,82.284190,81.459580,81.506699,4148804,Yahoo Finance
2015-09-29,81.648057,83.733141,81.536148,83.373848,5915416,Yahoo Finance
2015-09-30,83.945188,84.363381,82.755394,83.503433,4328683,Yahoo Finance
2015-10-01,83.762617,83.933430,82.213534,82.932121,2973615,Yahoo Finance
2015-10-02,81.919019,84.404626,81.618625,84.345726,3665022,Yahoo Finance
2015-10-05,84.993632,86.348344,84.598995,86.183426,3572691,Yahoo Finance
2015-10-06,85.989068,86.371924,85.641556,85.871269,2699133,Yahoo Finance
2015-10-07,86.430808,87.491022,86.071515,86.902016,2336984,Yahoo Finance
2015-10-08,86.377791,88.091796,86.342448,88.044678,2402525,Yahoo Finance
2015-10-09,88.091818,88.733839,87.938681,88.292084,2743624,Yahoo Finance
2015-10-12,88.504119,88.680823,88.080035,88.386314,1709443,Yahoo Finance
2015-10-13,87.708960,88.350976,87.602937,87.826759,2425010,Yahoo Finance
2015-10-14,87.761969,88.150715,87.278986,87.361443,2703319,Yahoo Finance
2015-10-15,88.138914,88.280275,87.184724,87.873863,3095846,Yahoo Finance
2015-10-16,88.215506,88.221397,86.866679,87.585266,2978399,Yahoo Finance
2015-10-19,87.155310,87.420366,86.719445,87.172981,2397023,Yahoo Finance
2015-10-20,86.849007,88.156606,86.660527,87.826759,2881523,Yahoo Finance
2015-10-21,88.056470,89.169693,87.703067,88.244949,3599840,Yahoo Finance
2015-10-22,89.140260,92.497601,88.733848,91.885033,6113832,Yahoo Finance
2015-10-23,92.203077,92.585927,91.001502,91.761322,3584890,Yahoo Finance
2015-10-26,91.920365,92.332667,91.672974,92.203087,2554776,Yahoo Finance
2015-10-27,91.885013,92.474020,91.343131,92.314987,2356240,Yahoo Finance
2015-10-28,92.173614,93.257390,92.002800,93.110138,3258741,Yahoo Finance
2015-10-29,92.915772,93.010009,92.403331,92.833305,1775582,Yahoo Finance
2015-10-30,92.945227,93.463548,92.597710,92.597710,3195832,Yahoo Finance
2015-11-02,92.774399,94.294029,92.674271,94.193901,3231353,Yahoo Finance
2015-11-03,93.934742,94.123227,93.457644,93.504768,3555469,Yahoo Finance
2015-11-04,93.652036,93.934759,93.422318,93.599022,2695784,Yahoo Finance
2015-11-05,93.875849,93.993659,93.222058,93.646141,2420584,Yahoo Finance
2015-11-06,93.074823,93.805191,92.904009,93.805191,2224560,Yahoo Finance
2015-11-09,93.457660,93.457660,92.326771,92.750854,2895516,Yahoo Finance
2015-11-10,92.609494,92.850983,92.138286,92.821541,2347628,Yahoo Finance
2015-11-11,92.980547,93.940633,92.792072,93.681473,3012604,Yahoo Finance
2015-11-12,92.933443,93.233837,91.979247,92.061714,2757498,Yahoo Finance
2015-11-13,91.885013,92.426895,91.649403,91.678856,2911662,Yahoo Finance
2015-11-16,91.655273,93.216136,91.655273,93.186684,2864420,Yahoo Finance
2015-11-17,93.275048,93.375186,92.191283,92.491676,2862028,Yahoo Finance
2015-11-18,92.595434,93.378034,92.536153,93.312813,2663372,Yahoo Finance
2015-11-19,93.455130,93.976868,92.909687,93.899788,1815767,Yahoo Finance
2015-11-20,94.077632,94.765375,93.876050,94.237709,2261756,Yahoo Finance
2015-11-23,94.208064,94.723872,93.769336,94.059845,1710758,Yahoo Finance
2015-11-24,93.300946,93.876035,93.016367,93.526245,2512318,Yahoo Finance
2015-11-25,93.710030,93.953106,93.455086,93.455086,1416184,Yahoo Finance
2015-11-27,93.383969,93.964987,93.046026,93.668549,1047816,Yahoo Finance
2015-11-30,93.733766,93.953136,92.826674,92.832603,3509303,Yahoo Finance
2015-12-01,92.731814,93.478840,92.589525,93.022324,2701764,Yahoo Finance
2015-12-02,93.010443,93.229813,92.198208,92.310852,2433501,Yahoo Finance
2015-12-03,92.820723,93.022294,91.131020,91.528244,3120962,Yahoo Finance
2015-12-04,91.771353,93.905702,91.640921,93.804916,2602257,Yahoo Finance
2015-12-07,93.395814,93.674464,92.968944,93.526245,2562789,Yahoo Finance
2015-12-08,92.749574,93.591455,92.298987,92.957085,2811078,Yahoo Finance
2015-12-09,92.589496,93.816753,91.860259,92.518356,3182317,Yahoo Finance
2015-12-10,92.328664,94.083578,92.245666,93.389915,3051235,Yahoo Finance
2015-12-11,92.221921,92.725860,91.551965,91.795052,3017747,Yahoo Finance
2015-12-14,92.067762,93.538095,91.504531,93.455086,4140791,Yahoo Finance
2015-12-15,90.111279,90.721944,87.200254,87.822777,10340496,Yahoo Finance
2015-12-16,87.834628,89.251603,87.591547,88.901802,5709824,Yahoo Finance
2015-12-17,89.020391,89.441331,88.237791,88.249649,3652464,Yahoo Finance
2015-12-18,87.870207,88.101430,87.010538,87.105400,6860734,Yahoo Finance
2015-12-21,87.496710,87.941368,86.969055,87.437424,2732142,Yahoo Finance
2015-12-22,87.816857,88.629097,87.318842,88.320801,3024325,Yahoo Finance
2015-12-23,88.747654,89.868191,88.646868,89.619186,2649499,Yahoo Finance
2015-12-24,89.417629,89.998653,89.275339,89.636993,1014686,Yahoo Finance
2015-12-28,89.601420,89.980862,89.091547,89.654778,1525139,Yahoo Finance
2015-12-29,90.235795,90.864246,90.117221,90.644882,2182341,Yahoo Finance
2015-12-30,90.585597,91.125111,89.957145,90.063866,1857508,Yahoo Finance
2015-12-31,89.957109,90.188331,89.304946,89.310875,1922092,Yahoo Finance
2016-01-04,87.775347,87.935419,86.204223,87.046104,3919531,Yahoo Finance
2016-01-05,87.046103,87.449262,86.328724,87.425545,3214968,Yahoo Finance
2016-01-06,86.316851,86.417642,85.030313,85.664688,3584532,Yahoo Finance
2016-01-07,84.496758,84.858412,83.376220,83.577797,4249986,Yahoo Finance
2016-01-08,83.809008,84.484888,83.133133,83.293205,3186144,Yahoo Finance
2016-01-11,83.577806,83.850533,82.652921,83.275444,3319498,Yahoo Finance
2016-01-12,83.808996,84.277370,82.486883,83.512558,2826746,Yahoo Finance
2016-01-13,83.530343,84.301085,82.137085,82.243805,3107567,Yahoo Finance
2016-01-14,82.848526,84.449295,82.326794,83.702271,4449598,Yahoo Finance
2016-01-15,81.994791,83.061965,81.348557,82.226013,5601466,Yahoo Finance
2016-01-19,83.061982,83.476998,81.467146,82.048164,4066161,Yahoo Finance
2016-01-20,81.194434,81.668732,79.824886,81.200363,4947015,Yahoo Finance
2016-01-21,81.200362,82.214179,80.720129,81.674660,4012819,Yahoo Finance
2016-01-22,83.085677,83.257613,81.864354,82.718094,3563004,Yahoo Finance
2016-01-25,82.386111,82.629186,81.538295,81.562012,3355378,Yahoo Finance
2016-01-26,84.063939,85.978929,83.198341,85.836639,6134404,Yahoo Finance
2016-01-27,85.937437,87.727925,85.403852,86.293167,4301294,Yahoo Finance
2016-01-28,86.654829,87.650859,86.097522,87.342567,3668610,Yahoo Finance
2016-01-29,87.887983,89.524323,87.745693,89.524323,4775867,Yahoo Finance
2016-02-01,88.534214,88.806941,87.804977,88.178490,3230994,Yahoo Finance
2016-02-02,87.502633,87.911721,86.589607,87.668640,4283833,Yahoo Finance
2016-02-03,88.552008,90.621146,88.314856,90.425499,6897093,Yahoo Finance
2016-02-04,90.366225,91.528256,89.986784,90.970955,4136246,Yahoo Finance
2016-02-05,90.828661,91.231814,90.010492,90.988739,4028726,Yahoo Finance
2016-02-08,89.897842,91.557893,89.530259,91.243668,2996458,Yahoo Finance
2016-02-09,90.680456,92.346442,90.384018,91.741707,3550206,Yahoo Finance
2016-02-10,92.219432,92.852425,90.839995,91.037056,3482632,Yahoo Finance
2016-02-11,89.520256,90.768319,88.976839,89.974098,3805911,Yahoo Finance
2016-02-12,89.974113,92.004459,89.974113,91.938766,2741471,Yahoo Finance
2016-02-16,92.559808,93.097248,92.117910,92.876305,2560158,Yahoo Finance
2016-02-17,93.156980,93.831766,92.918110,93.527214,2578696,Yahoo Finance
2016-02-18,93.365981,93.736215,93.139055,93.622757,2404199,Yahoo Finance
2016-02-19,93.754130,93.807878,93.079333,93.425690,2537075,Yahoo Finance
2016-02-22,93.425699,94.637936,93.425699,94.172150,2640290,Yahoo Finance
2016-02-23,94.130336,94.166168,92.661324,93.258484,2299669,Yahoo Finance
2016-02-24,92.464292,94.124388,91.747691,93.885529,2317609,Yahoo Finance
2016-02-25,94.076602,94.948454,93.760106,94.942482,2054848,Yahoo Finance
2016-02-26,95.038008,95.247018,94.399054,94.512512,2205065,Yahoo Finance
2016-02-29,94.357244,95.020086,93.646626,93.676476,2383867,Yahoo Finance
2016-03-01,94.799140,95.366440,94.118371,95.300758,2636104,Yahoo Finance
2016-03-02,94.876741,95.473901,94.673714,95.193237,2161411,Yahoo Finance
2016-03-03,95.193278,95.360484,94.655838,95.175362,2303496,Yahoo Finance
2016-03-04,95.223145,95.718792,94.900677,95.587418,2112495,Yahoo Finance
2016-03-07,95.533658,95.885986,94.452795,95.885986,2407309,Yahoo Finance
2016-03-08,95.187301,95.909863,95.157441,95.665031,2416040,Yahoo Finance
2016-03-09,95.844162,96.011368,95.258946,95.599319,2252068,Yahoo Finance
2016-03-10,96.005411,96.023327,94.518482,95.479904,2243337,Yahoo Finance
2016-03-11,96.226361,96.769783,95.933753,96.668259,2029851,Yahoo Finance
2016-03-14,96.507024,97.199737,96.142763,96.626465,2089771,Yahoo Finance
2016-03-15,95.641146,97.038505,95.157444,96.984756,2186168,Yahoo Finance
2016-03-16,96.716060,97.516258,96.453312,97.271416,2305529,Yahoo Finance
2016-03-17,97.432629,98.149219,97.241535,97.784958,3336840,Yahoo Finance
2016-03-18,98.023816,98.728462,97.874526,98.728462,7000188,Yahoo Finance
2016-03-21,98.561280,98.716542,98.179091,98.435867,2505740,Yahoo Finance
2016-03-22,98.232829,98.829990,98.167137,98.477661,2566975,Yahoo Finance
2016-03-23,98.292522,98.525421,97.611764,98.095467,2756780,Yahoo Finance
2016-03-24,97.743152,98.256715,97.366947,98.208939,2235085,Yahoo Finance
2016-03-28,98.489598,99.516712,98.280599,99.295769,2794693,Yahoo Finance
2016-03-29,98.489598,98.525430,97.408735,98.167130,3019900,Yahoo Finance
2016-03-30,98.752329,99.857080,98.626928,99.576416,2625579,Yahoo Finance
2016-03-31,99.576410,100.024280,99.427120,99.504745,2125531,Yahoo Finance
2016-04-01,98.907618,100.167631,98.406010,100.042229,2405874,Yahoo Finance
2016-04-04,99.791421,100.018348,99.080803,99.367439,2419269,Yahoo Finance
2016-04-05,98.638874,99.456989,98.322378,99.015091,1934410,Yahoo Finance
2016-04-06,98.734439,99.773497,98.435859,99.612274,2502271,Yahoo Finance
2016-04-07,99.056900,99.863070,98.680694,99.821266,3263047,Yahoo Finance
2016-04-08,100.149682,100.316888,99.188249,99.504745,2068243,Yahoo Finance
2016-04-11,99.797362,100.298980,99.468921,99.480865,1819236,Yahoo Finance
2016-04-12,99.731716,100.561764,99.683940,100.340820,1957254,Yahoo Finance
2016-04-13,100.603555,100.860331,100.149713,100.675209,1848896,Yahoo Finance
2016-04-14,100.920014,100.920014,100.251190,100.418396,1451226,Yahoo Finance
2016-04-15,100.513978,100.920055,100.442325,100.788681,1694732,Yahoo Finance
2016-04-18,100.603545,101.439565,100.555769,101.248482,1371334,Yahoo Finance
2016-04-19,101.469416,101.977006,100.961825,101.308182,2211524,Yahoo Finance
2016-04-20,101.600799,101.785921,100.693114,100.884209,1721881,Yahoo Finance
2016-04-21,100.902117,101.338043,100.567705,100.716995,1955460,Yahoo Finance
2016-04-22,100.973771,101.373876,100.233293,100.716995,2155551,Yahoo Finance
2016-04-25,100.322874,100.627426,99.510731,100.549789,2844447,Yahoo Finance
2016-04-26,100.024293,100.197471,98.513476,99.236038,3817752,Yahoo Finance
2016-04-27,99.719759,100.549807,99.188280,100.179573,2664329,Yahoo Finance
2016-04-28,99.636143,100.782698,99.247993,99.725723,1979021,Yahoo Finance
2016-04-29,99.713777,100.191507,99.427141,99.952637,2345595,Yahoo Finance
2016-05-02,99.904872,100.621462,99.689890,100.525909,2033559,Yahoo Finance
2016-05-03,99.958606,100.364672,99.522680,100.304962,2298951,Yahoo Finance
2016-05-04,99.349508,100.143734,99.301743,99.821266,2533248,Yahoo Finance
2016-05-05,100.000417,100.519941,99.839183,100.185539,2009519,Yahoo Finance
2016-05-06,100.227365,100.949938,99.725757,100.854385,1949719,Yahoo Finance
2016-05-09,100.675201,100.949904,100.137761,100.633408,1556355,Yahoo Finance
2016-05-10,101.057386,101.750088,100.920040,101.672462,2072190,Yahoo Finance
2016-05-11,101.636628,102.275592,101.260412,101.379852,2136534,Yahoo Finance
2016-05-12,101.433595,101.893409,100.776726,101.606773,2083312,Yahoo Finance
2016-05-13,101.547082,101.744137,100.215405,100.513985,2243576,Yahoo Finance
2016-05-16,100.621461,101.457481,100.579657,101.248482,2184135,Yahoo Finance
2016-05-17,101.260418,101.481373,99.779462,100.209427,2542696,Yahoo Finance
2016-05-18,100.089199,100.948821,99.644359,100.281555,1942782,Yahoo Finance
2016-05-19,99.409920,99.824712,98.087422,99.253624,1982131,Yahoo Finance
2016-05-20,99.337769,100.071154,99.145402,99.193497,2088814,Yahoo Finance
2016-05-23,99.355831,100.125287,98.898967,99.854767,1977586,Yahoo Finance
2016-05-24,100.485952,101.465810,100.209431,101.369621,1946370,Yahoo Finance
2016-05-25,101.592040,102.409579,101.441756,102.187164,2224560,Yahoo Finance
2016-05-26,102.199172,102.656037,101.309492,101.537918,1870424,Yahoo Finance
2016-05-27,101.537948,101.610090,101.159238,101.525925,1314524,Yahoo Finance
2016-05-31,101.784410,102.042906,100.786527,101.183273,2594842,Yahoo Finance
2016-06-01,100.858663,101.549965,100.443870,101.405693,1468927,Yahoo Finance
2016-06-02,101.417704,101.417704,100.552070,101.014946,2368678,Yahoo Finance
2016-06-03,101.020962,101.387649,100.696347,101.219330,1714466,Yahoo Finance
2016-06-06,101.501867,102.547844,101.345571,102.241264,1806797,Yahoo Finance
2016-06-07,102.343443,103.088851,102.325407,102.740189,2060828,Yahoo Finance
2016-06-08,102.764235,103.353348,102.583892,103.046768,2015140,Yahoo Finance
2016-06-09,102.493758,103.076859,101.832503,102.271332,2641725,Yahoo Finance
2016-06-10,101.754358,101.772393,100.918772,101.327553,2539586,Yahoo Finance
2016-06-13,101.261414,101.375627,100.455887,100.467911,2547360,Yahoo Finance
2016-06-14,100.564099,100.876691,100.149306,100.756454,2417594,Yahoo Finance
2016-06-15,100.960871,101.507901,100.672326,100.870705,2026263,Yahoo Finance
2016-06-16,100.600142,102.427598,100.161313,102.151077,3147992,Yahoo Finance
2016-06-17,102.187149,102.193161,101.243362,101.555954,4123808,Yahoo Finance
2016-06-20,102.734170,103.876325,102.511755,102.932549,2586709,Yahoo Finance
2016-06-21,102.902510,103.377410,102.830369,103.016724,2259364,Yahoo Finance
2016-06-22,103.293224,103.756100,102.788276,102.932549,1638042,Yahoo Finance
2016-06-23,103.822270,104.687904,103.671986,104.663857,2417834,Yahoo Finance
2016-06-24,101.513870,103.118912,101.231337,101.664154,5462730,Yahoo Finance
2016-06-27,100.858665,100.888713,99.283682,100.503990,3042744,Yahoo Finance
2016-06-28,101.075078,101.994818,100.966877,101.946724,2675811,Yahoo Finance
2016-06-29,102.806327,103.305263,102.409570,103.106895,2265344,Yahoo Finance
2016-06-30,103.431501,105.283004,103.431501,105.270981,2929482,Yahoo Finance
2016-07-01,105.283010,105.848076,105.144750,105.523460,2309356,Yahoo Finance
2016-07-05,105.114715,105.667768,104.303187,105.577591,2814906,Yahoo Finance
2016-07-06,105.319084,105.481391,104.633782,105.295036,2850427,Yahoo Finance
2016-07-07,105.252969,105.583596,104.675879,105.120720,2203391,Yahoo Finance
2016-07-08,105.721854,106.876032,105.691795,106.473274,3261014,Yahoo Finance
2016-07-11,106.647637,107.284845,106.515388,107.008324,1984762,Yahoo Finance
2016-07-12,107.453131,107.982125,107.020303,107.699593,2287828,Yahoo Finance
2016-07-13,107.735641,108.006151,107.417038,107.729630,1783834,Yahoo Finance
2016-07-14,108.294707,108.998033,108.132400,108.745560,2277543,Yahoo Finance
2016-07-15,109.106253,109.310632,108.541176,109.046135,2960339,Yahoo Finance
2016-07-18,109.070174,109.226470,108.655393,108.871796,1464382,Yahoo Finance
2016-07-19,108.871790,109.196406,108.378855,108.949944,1257355,Yahoo Finance
2016-07-20,109.244529,109.569145,108.998056,109.058174,1690307,Yahoo Finance
2016-07-21,108.979993,109.142301,108.024193,108.360832,2237477,Yahoo Finance
2016-07-22,108.457024,108.523143,107.819817,108.469048,1441898,Yahoo Finance
2016-07-25,108.324791,108.457039,107.555334,107.982140,2316652,Yahoo Finance
2016-07-26,106.503341,107.597412,105.884169,106.797897,4092234,Yahoo Finance
2016-07-27,106.647599,107.567339,106.647599,107.164581,2822201,Yahoo Finance
2016-07-28,106.791886,107.224703,106.419187,106.990265,2152202,Yahoo Finance
2016-07-29,107.068390,107.495195,106.773833,107.218674,1939792,Yahoo Finance
2016-08-01,106.449209,107.326866,106.449209,107.176582,1911686,Yahoo Finance
2016-08-02,107.350922,107.374970,106.545407,107.218674,2529660,Yahoo Finance
2016-08-03,107.435065,107.681527,106.984213,107.230675,1697483,Yahoo Finance
2016-08-04,107.579321,107.855842,106.785818,106.888008,1281873,Yahoo Finance
2016-08-05,107.152546,107.609410,106.623541,107.344902,2152202,Yahoo Finance
2016-08-08,107.543327,107.615468,107.164616,107.350960,1587929,Yahoo Finance
2016-08-09,107.224663,107.543267,106.966178,107.236687,1314284,Yahoo Finance
2016-08-10,107.074385,107.513214,106.912077,107.495178,1466655,Yahoo Finance
2016-08-11,107.651497,108.865794,107.531272,108.805687,2443906,Yahoo Finance
2016-08-12,109.088229,109.088229,108.144441,108.366867,1474548,Yahoo Finance
2016-08-15,108.805669,109.040107,108.481054,108.541161,1516767,Yahoo Finance
2016-08-16,108.276653,108.402890,107.729623,107.753670,1630866,Yahoo Finance
2016-08-17,108.074269,108.933198,107.862556,108.800125,1624766,Yahoo Finance
2016-08-18,108.697299,108.697299,108.019825,108.382759,1301128,Yahoo Finance
2016-08-19,108.068209,108.745672,107.717374,108.642845,1561139,Yahoo Finance
2016-08-22,108.382742,108.630740,107.892785,108.316200,1598334,Yahoo Finance
2016-08-23,108.642836,109.205373,108.443232,108.739624,1430177,Yahoo Finance
2016-08-24,108.521904,108.854591,108.279955,108.521904,1359972,Yahoo Finance
2016-08-25,108.328326,109.072330,108.304129,108.624718,1004999,Yahoo Finance
2016-08-26,108.993713,109.634891,108.225512,108.521904,1584341,Yahoo Finance
2016-08-29,108.794067,109.302172,108.443243,109.181198,1257953,Yahoo Finance
2016-08-30,109.314291,109.495747,108.630769,108.969505,1243601,Yahoo Finance
2016-08-31,108.570273,108.739641,108.019823,108.419052,1956656,Yahoo Finance
2016-09-01,108.461405,108.981609,108.152915,108.866684,1309979,Yahoo Finance
2016-09-02,109.199383,109.780079,108.933238,109.368752,1577524,Yahoo Finance
2016-09-06,109.217495,109.653008,108.806178,109.157013,1588408,Yahoo Finance
2016-09-07,108.902915,109.205356,108.600474,108.727509,1355307,Yahoo Finance
2016-09-08,108.388816,109.005797,108.237595,108.939255,1703104,Yahoo Finance
2016-09-09,108.207337,108.273879,106.241470,106.241470,2491627,Yahoo Finance
2016-09-12,105.854349,107.910944,105.666833,107.729477,2288307,Yahoo Finance
2016-09-13,106.961244,107.427004,106.428953,106.501534,2230062,Yahoo Finance
2016-09-14,106.435042,107.275823,105.975331,106.229378,2230301,Yahoo Finance
2016-09-15,106.174972,107.064148,106.072135,106.816139,1989905,Yahoo Finance
2016-09-16,106.386654,106.428999,105.485380,105.890648,4017125,Yahoo Finance
2016-09-19,106.489504,107.638787,106.489504,106.894783,2098860,Yahoo Finance
2016-09-20,107.493544,107.971402,107.263683,107.427002,1911926,Yahoo Finance
2016-09-21,107.596421,108.757791,107.366571,108.630768,2104960,Yahoo Finance
2016-09-22,108.775942,109.882880,108.667066,108.788040,2211404,Yahoo Finance
2016-09-23,108.515863,108.697330,107.179075,107.300049,2285556,Yahoo Finance
2016-09-26,106.973367,107.009663,106.338239,106.428978,2177916,Yahoo Finance
2016-09-27,106.223328,107.082268,106.205180,106.640694,2910586,Yahoo Finance
2016-09-28,106.931036,107.656893,106.876593,107.420982,2026024,Yahoo Finance
2016-09-29,107.354485,107.445213,105.775737,106.078178,2216906,Yahoo Finance
2016-09-30,106.810068,107.154854,106.513676,106.598366,2893602,Yahoo Finance
2016-10-03,106.053942,106.428975,105.491405,105.878525,2135578,Yahoo Finance
2016-10-04,105.606341,105.836202,103.555795,103.846138,3787612,Yahoo Finance
2016-10-05,103.834056,104.378446,103.640491,104.275620,2757378,Yahoo Finance
2016-10-06,103.997378,104.233277,103.192881,103.821960,2718986,Yahoo Finance
2016-10-07,103.979224,104.003421,102.854149,103.634438,2689924,Yahoo Finance
2016-10-10,103.942916,104.493366,103.398527,103.519501,2316174,Yahoo Finance
2016-10-11,102.975097,103.114219,102.037527,102.636360,2390445,Yahoo Finance
2016-10-12,102.587977,102.938812,102.158513,102.660568,1858704,Yahoo Finance
2016-10-13,102.146428,103.017466,101.898430,102.842049,2295961,Yahoo Finance
2016-10-14,103.428763,103.670711,103.011386,103.029533,1808830,Yahoo Finance
2016-10-17,103.156585,103.489261,102.793651,102.956970,1470123,Yahoo Finance
2016-10-18,103.846151,103.985273,102.733164,102.799706,1417978,Yahoo Finance
2016-10-19,103.313864,103.398543,102.624292,102.775513,1392383,Yahoo Finance
2016-10-20,102.569860,103.035620,102.219036,102.745277,1447758,Yahoo Finance
2016-10-21,101.686749,102.563827,101.450850,102.527542,2407787,Yahoo Finance
2016-10-24,104.432900,104.910758,103.374356,103.598167,3191526,Yahoo Finance
2016-10-25,102.509355,102.763402,99.872064,100.549538,4576135,Yahoo Finance
2016-10-26,100.222904,101.493161,100.053535,100.718910,2601180,Yahoo Finance
2016-10-27,100.936657,100.985051,99.974901,100.265244,1777734,Yahoo Finance
2016-10-28,100.743103,101.124174,99.890212,100.271294,2313423,Yahoo Finance
2016-10-31,100.688620,100.737015,99.914370,99.986961,2737764,Yahoo Finance
2016-11-01,100.047478,100.295486,99.109908,99.351868,2936898,Yahoo Finance
2016-11-02,99.624048,100.634198,99.146190,100.247078,2671146,Yahoo Finance
2016-11-03,100.495094,101.402418,99.962803,100.912460,2995980,Yahoo Finance
2016-11-04,101.142315,101.529435,100.664457,100.700752,2305290,Yahoo Finance
2016-11-07,101.710879,102.763373,101.608053,102.672646,2309356,Yahoo Finance
2016-11-08,102.769465,104.069957,102.696885,103.452988,2339017,Yahoo Finance
2016-11-09,100.313596,103.434794,100.313596,103.065811,4376523,Yahoo Finance
2016-11-10,102.926711,105.654730,102.702911,105.418831,3922880,Yahoo Finance
2016-11-11,105.279718,105.932994,105.086164,105.902748,2234367,Yahoo Finance
2016-11-14,105.993471,106.162839,103.979210,104.590141,3117972,Yahoo Finance
2016-11-15,104.741362,105.400687,103.985259,105.394638,2603812,Yahoo Finance
2016-11-16,105.394620,105.455500,104.444951,104.712814,2419030,Yahoo Finance
2016-11-17,104.712841,105.467703,104.712841,105.175499,2133305,Yahoo Finance
2016-11-18,105.017236,105.485982,104.883310,105.291176,2046476,Yahoo Finance
2016-11-21,104.353678,104.694586,103.927548,104.414558,2384704,Yahoo Finance
2016-11-22,104.505875,104.755463,104.268464,104.651978,1857747,Yahoo Finance
2016-11-23,104.755451,105.163328,104.560656,104.858948,1767568,Yahoo Finance
2016-11-25,104.834570,105.918165,104.834570,105.613785,1131177,Yahoo Finance
2016-11-28,105.656409,105.784258,104.877205,105.011131,2006529,Yahoo Finance
2016-11-29,105.035485,105.492044,104.798062,105.175499,1773907,Yahoo Finance
2016-11-30,104.828490,105.431162,104.457141,104.548462,3104577,Yahoo Finance
2016-12-01,104.487591,105.157232,104.371929,105.090263,2101252,Yahoo Finance
2016-12-02,105.029394,105.735552,104.852852,104.968513,2238314,Yahoo Finance
2016-12-05,105.090274,105.285081,104.152781,104.475426,2608835,Yahoo Finance
2016-12-06,104.597156,104.725005,104.237995,104.584991,1755130,Yahoo Finance
2016-12-07,104.938064,107.178299,104.688476,107.172211,3784503,Yahoo Finance
2016-12-08,107.190475,107.354842,106.393008,107.068726,2141677,Yahoo Finance
2016-12-09,106.752145,108.888893,106.715617,108.657570,3169878,Yahoo Finance
2016-12-12,108.511487,109.461144,108.097522,109.357658,2746136,Yahoo Finance
2016-12-13,109.315083,109.613376,107.610563,108.864601,3239486,Yahoo Finance
2016-12-14,109.065486,109.205500,107.391395,107.507057,2672103,Yahoo Finance
2016-12-15,107.908839,108.103634,106.563469,107.153976,2458498,Yahoo Finance
2016-12-16,107.482665,108.663668,107.476577,108.024467,4652081,Yahoo Finance
2016-12-19,108.121860,108.767148,107.945318,108.456680,1652872,Yahoo Finance
2016-12-20,108.566287,109.168959,108.395832,108.755005,1648327,Yahoo Finance
2016-12-21,108.724572,109.290727,108.614998,108.621086,1860856,Yahoo Finance
2016-12-22,108.901125,109.248122,108.347157,109.089844,1465818,Yahoo Finance
2016-12-23,109.022844,109.144593,108.681935,108.815872,874396,Yahoo Finance
2016-12-27,108.761102,109.089834,108.706310,108.919380,778596,Yahoo Finance
2016-12-28,108.895008,109.242004,108.371480,108.407997,1540328,Yahoo Finance
2016-12-29,108.535853,109.053304,108.377575,108.608910,1317992,Yahoo Finance
2016-12-30,108.968089,109.260293,108.535860,108.706314,1906663,Yahoo Finance
2017-01-03,108.864582,109.576839,107.884484,108.389748,3001123,Yahoo Finance
2017-01-04,108.377596,108.907223,108.121920,108.554138,1844232,Yahoo Finance
2017-01-05,108.517621,109.053325,107.683614,108.182800,1731569,Yahoo Finance
2017-01-06,107.927078,108.724557,107.020026,108.499321,1943500,Yahoo Finance
2017-01-09,108.584547,108.590635,107.872301,107.914917,1940630,Yahoo Finance
2017-01-10,107.969692,108.048837,107.330492,107.494858,2428000,Yahoo Finance
2017-01-11,107.525327,108.633275,107.379225,108.292366,1889202,Yahoo Finance
2017-01-12,107.732278,108.176673,106.989592,108.018394,1580873,Yahoo Finance
2017-01-13,108.103630,108.304525,107.647060,107.987968,1513538,Yahoo Finance
2017-01-17,107.750566,108.164520,107.293996,107.908844,1862770,Yahoo Finance
2017-01-18,108.298397,109.235890,107.981841,108.657570,2158302,Yahoo Finance
2017-01-19,109.120251,109.455060,108.213199,108.773254,1751422,Yahoo Finance
2017-01-20,109.089788,109.248066,108.255781,108.657570,2107232,Yahoo Finance
2017-01-23,108.304509,108.961973,107.829674,108.669769,2376213,Yahoo Finance
2017-01-24,108.054924,108.213203,106.179939,107.123520,4153947,Yahoo Finance
2017-01-25,107.805321,108.742814,107.488765,107.586174,4141270,Yahoo Finance
2017-01-26,107.330477,107.890544,107.166111,107.640945,2674136,Yahoo Finance
2017-01-27,108.042740,108.347120,107.647039,108.042740,1941945,Yahoo Finance
2017-01-30,107.902693,108.194896,106.453838,106.788658,2180428,Yahoo Finance
2017-01-31,106.374761,106.813067,105.808606,106.423454,2207218,Yahoo Finance
2017-02-01,106.636513,107.020026,106.106886,106.636513,2718388,Yahoo Finance
2017-02-02,106.003404,106.399105,105.650330,106.033844,3715733,Yahoo Finance
2017-02-03,105.936448,106.715651,105.832951,106.557373,3373318,Yahoo Finance
2017-02-06,105.997318,107.263543,105.863392,106.593903,1940869,Yahoo Finance
2017-02-07,107.190477,107.385283,106.624333,106.995682,1491890,Yahoo Finance
2017-02-08,106.910459,108.115804,106.831326,107.793159,2566257,Yahoo Finance
2017-02-09,107.671416,108.694131,107.671416,108.468895,2403601,Yahoo Finance
2017-02-10,108.541937,109.321152,108.474980,108.968079,1665310,Yahoo Finance
2017-02-13,109.491619,110.416935,109.126369,110.197777,2308041,Yahoo Finance
2017-02-14,110.100345,110.794338,109.972507,110.550827,2434936,Yahoo Finance
2017-02-15,110.474248,111.411718,110.382344,111.332069,2108428,Yahoo Finance
2017-02-16,111.362695,112.410453,111.283035,112.379814,2588144,Yahoo Finance
2017-02-17,112.392061,112.496220,111.840602,112.097954,2345954,Yahoo Finance
2017-02-21,111.999932,112.508497,111.540389,112.355316,2076615,Yahoo Finance
2017-02-22,112.373699,114.040309,112.177624,113.991287,3409676,Yahoo Finance
2017-02-23,113.911604,114.861329,113.789061,114.695892,2872314,Yahoo Finance
2017-02-24,114.469185,115.443421,114.150567,114.830696,2543055,Yahoo Finance
2017-02-27,114.885853,114.916492,114.199608,114.524353,1666985,Yahoo Finance
2017-02-28,114.414062,114.885850,114.156710,114.181221,2310792,Yahoo Finance
2017-03-01,115.241197,116.748498,115.198303,116.331848,2662535,Yahoo Finance
2017-03-02,116.086820,116.478959,115.823340,116.350288,2109744,Yahoo Finance
2017-03-03,116.350265,116.564712,115.523082,115.994881,1946370,Yahoo Finance
2017-03-06,115.762074,115.952021,115.357668,115.743690,1995765,Yahoo Finance
2017-03-07,115.369941,115.964282,115.345441,115.860123,1988111,Yahoo Finance
2017-03-08,116.246106,116.546340,115.786562,116.117424,1870185,Yahoo Finance
2017-03-09,115.958099,116.656611,115.909089,116.356377,1861813,Yahoo Finance
2017-03-10,116.809809,117.177448,116.436042,117.159065,3007940,Yahoo Finance
2017-03-13,117.502195,117.618622,116.699535,117.349014,2359349,Yahoo Finance
2017-03-14,116.987512,117.300002,115.872350,116.619873,2264746,Yahoo Finance
2017-03-15,116.527944,117.557318,116.246092,117.152924,2448212,Yahoo Finance
2017-03-16,117.067202,117.422586,116.197136,116.607658,2316772,Yahoo Finance
2017-03-17,116.920133,117.863731,116.632154,117.863731,5056808,Yahoo Finance
2017-03-20,117.961743,118.562213,117.814690,118.261978,2494378,Yahoo Finance
2017-03-21,118.556055,118.556055,117.342861,117.722755,2266540,Yahoo Finance
2017-03-22,117.826957,118.182341,116.699550,117.777946,1946251,Yahoo Finance
2017-03-23,117.716665,118.237485,117.171333,117.728920,1772472,Yahoo Finance
2017-03-24,117.716640,118.023002,116.969117,117.342873,1716738,Yahoo Finance
2017-03-27,116.846551,117.030359,115.902953,116.681114,2373582,Yahoo Finance
2017-03-28,116.380940,117.330666,116.172609,117.024292,2786919,Yahoo Finance
2017-03-29,116.779209,117.201986,116.577006,116.834358,2023871,Yahoo Finance
2017-03-30,116.871123,117.330677,116.478984,117.201996,2195138,Yahoo Finance
2017-03-31,117.214191,117.888193,117.024244,117.232574,2069080,Yahoo Finance
2017-04-03,117.563508,117.747328,116.387080,116.858879,1849853,Yahoo Finance
2017-04-04,116.766941,117.018165,116.282887,116.534111,1614480,Yahoo Finance
2017-04-05,116.846598,117.900484,116.442193,116.564735,1732645,Yahoo Finance
2017-04-06,116.668906,117.042662,116.111319,116.350288,1946370,Yahoo Finance
2017-04-07,116.436017,116.760763,116.123527,116.411507,1226139,Yahoo Finance
2017-04-10,116.515676,116.736250,115.994856,116.239952,2012509,Yahoo Finance
2017-04-11,115.884590,116.472804,115.798813,116.460548,1745682,Yahoo Finance
2017-04-12,116.607666,116.717953,116.050090,116.233910,1693656,Yahoo Finance
2017-04-13,115.958151,116.331918,115.572140,115.590523,1524182,Yahoo Finance
2017-04-17,115.994912,116.638275,115.982656,116.638275,1846146,Yahoo Finance
2017-04-18,116.270612,116.932358,116.117431,116.552475,1407572,Yahoo Finance
2017-04-19,116.907864,117.110067,116.123575,116.313522,1603118,Yahoo Finance
2017-04-20,116.429921,117.710519,116.356400,117.128433,2090847,Yahoo Finance
2017-04-21,117.122345,117.410324,116.779216,117.336792,3090703,Yahoo Finance
2017-04-24,118.255882,119.144343,118.213000,119.009544,3240682,Yahoo Finance
2017-04-25,118.862408,119.855028,117.863673,119.560921,5001911,Yahoo Finance
2017-04-26,119.910186,120.645453,119.475142,119.481270,3158875,Yahoo Finance
2017-04-27,119.744803,120.424922,119.548728,120.161453,2117159,Yahoo Finance
2017-04-28,120.185897,120.780239,119.812130,119.989822,2950652,Yahoo Finance
2017-05-01,119.787653,119.928579,119.156545,119.364876,1792206,Yahoo Finance
2017-05-02,119.579373,120.418800,119.223989,120.418800,2950771,Yahoo Finance
2017-05-03,120.461666,121.239827,119.916345,121.092773,2798042,Yahoo Finance
2017-05-04,121.503280,122.263058,121.172406,122.244675,2775677,Yahoo Finance
2017-05-05,122.342728,122.483654,121.919940,122.177292,2019566,Yahoo Finance
2017-05-08,121.834166,122.024113,121.503292,121.717751,1884776,Yahoo Finance
2017-05-09,122.152778,122.152778,121.031488,121.294968,2090369,Yahoo Finance
2017-05-10,120.933464,121.068262,120.418771,120.486176,2688249,Yahoo Finance
2017-05-11,120.118518,120.669977,119.640591,120.553551,2039180,Yahoo Finance
2017-05-12,120.032784,120.780307,120.008273,120.443306,1582428,Yahoo Finance
2017-05-15,120.504559,121.160167,120.234952,121.092773,1763502,Yahoo Finance
2017-05-16,121.000864,121.282726,120.620980,121.264343,1415586,Yahoo Finance
2017-05-17,121.267447,121.267447,120.022361,120.096321,2250633,Yahoo Finance
2017-05-18,119.886718,120.700349,119.294991,120.342842,2307084,Yahoo Finance
2017-05-19,120.996188,120.996188,119.855884,120.687996,2266061,Yahoo Finance
2017-05-22,121.027058,122.457073,121.027058,122.358444,2195736,Yahoo Finance
2017-05-23,122.494001,122.641933,121.748178,121.877617,1810983,Yahoo Finance
2017-05-24,122.346075,122.370732,121.600252,121.729691,1442854,Yahoo Finance
2017-05-25,122.296777,123.036436,121.889956,122.993286,1803568,Yahoo Finance
2017-05-26,122.746720,123.702117,122.641927,123.689789,1687078,Yahoo Finance
2017-05-30,123.467918,125.144482,123.252179,124.780823,2596636,Yahoo Finance
2017-05-31,124.959573,126.032082,124.676038,126.032082,3703773,Yahoo Finance
2017-06-01,125.896426,126.297082,125.545095,125.958069,2813829,Yahoo Finance
2017-06-02,126.395728,127.831907,126.229303,127.406593,2190952,Yahoo Finance
2017-06-05,127.449731,127.794909,127.110718,127.110718,1498708,Yahoo Finance
2017-06-06,126.981243,127.381900,126.611420,126.611420,1744725,Yahoo Finance
2017-06-07,126.808686,126.894986,125.803985,126.364891,2255178,Yahoo Finance
2017-06-08,126.364922,126.993635,125.797852,126.938156,2931755,Yahoo Finance
2017-06-09,126.975110,127.573001,126.753218,127.548355,2264148,Yahoo Finance
2017-06-12,127.548359,128.466771,126.666921,127.831894,2856287,Yahoo Finance
2017-06-13,127.949051,129.237298,127.936722,128.892120,2019805,Yahoo Finance
2017-06-14,129.305071,129.927620,129.150975,129.446838,1896019,Yahoo Finance
2017-06-15,129.132464,130.254287,129.095479,130.235794,1906544,Yahoo Finance
2017-06-16,130.506988,131.573332,130.328235,131.437729,4091038,Yahoo Finance
2017-06-19,131.906184,131.906184,131.104883,131.511703,1994450,Yahoo Finance
2017-06-20,131.567171,132.257527,131.320622,131.511703,1831315,Yahoo Finance
2017-06-21,131.918493,131.918493,130.728875,131.203491,2168228,Yahoo Finance
2017-06-22,131.123393,131.363789,130.728912,130.809036,1674878,Yahoo Finance
2017-06-23,130.673473,131.394639,130.494720,131.228226,1895540,Yahoo Finance
2017-06-26,131.160369,131.579507,130.864506,131.049423,1617112,Yahoo Finance
2017-06-27,130.673410,130.981602,129.058489,129.305038,2679279,Yahoo Finance
2017-06-28,129.921402,130.167951,129.496100,129.822784,1845308,Yahoo Finance
2017-06-29,130.087829,130.087829,127.640786,128.115402,2164640,Yahoo Finance
2017-06-30,129.385203,129.385203,128.115449,128.325012,2116920,Yahoo Finance
2017-07-03,128.910589,129.650248,128.670193,129.335892,1244079,Yahoo Finance
2017-07-05,129.440687,129.588619,129.077027,129.292755,1274099,Yahoo Finance
2017-07-06,128.855107,129.268081,128.140106,128.220230,1423120,Yahoo Finance
2017-07-07,128.516064,129.533105,128.238694,129.187927,1831076,Yahoo Finance
2017-07-10,129.194099,130.513156,128.818099,129.742676,1564846,Yahoo Finance
2017-07-11,129.693352,130.180286,128.207859,129.231064,1516648,Yahoo Finance
2017-07-12,130.001589,131.154222,129.607097,130.241974,1731688,Yahoo Finance
2017-07-13,130.180314,130.673424,129.551601,130.112518,1362005,Yahoo Finance
2017-07-14,130.377566,130.821361,129.828989,130.531662,1270152,Yahoo Finance
2017-07-17,130.796702,130.796702,129.804329,130.476181,1568315,Yahoo Finance
2017-07-18,129.859841,130.377608,129.625620,130.248169,1868870,Yahoo Finance
2017-07-19,130.371421,130.741256,130.161847,130.735092,987059,Yahoo Finance
2017-07-20,130.802874,131.542544,130.710421,130.950806,1611490,Yahoo Finance
2017-07-21,130.457683,130.574793,129.120121,130.155655,2686455,Yahoo Finance
2017-07-24,130.180348,130.463894,129.440689,129.440689,2589579,Yahoo Finance
2017-07-25,124.910231,126.050535,121.532446,122.900818,7885228,Yahoo Finance
2017-07-26,123.554156,123.985634,122.383031,122.678894,3494832,Yahoo Finance
2017-07-27,122.746734,123.621996,121.840651,123.307640,2600702,Yahoo Finance
2017-07-28,123.763767,123.917863,122.469367,123.104233,1779648,Yahoo Finance
2017-07-31,123.276801,124.300006,123.159691,123.997978,2192986,Yahoo Finance
2017-08-01,124.688327,125.317040,124.361642,125.236916,2410060,Yahoo Finance
2017-08-02,125.243037,126.728530,125.014981,126.611420,2427402,Yahoo Finance
2017-08-03,126.919701,127.986045,126.432756,127.973717,2456823,Yahoo Finance
2017-08-04,128.177086,128.583907,127.042946,127.992180,1821149,Yahoo Finance
2017-08-07,128.146255,128.454447,127.394268,127.862709,1402430,Yahoo Finance
2017-08-08,127.486688,128.140058,126.784004,127.240128,2220135,Yahoo Finance
2017-08-09,127.400450,128.152449,126.722434,127.271011,1940151,Yahoo Finance
2017-08-10,126.740871,127.690105,126.469665,127.116859,1879514,Yahoo Finance
2017-08-11,127.499066,127.499066,126.747079,126.962807,1737549,Yahoo Finance
2017-08-14,127.381941,127.979833,127.018271,127.819572,1512222,Yahoo Finance
2017-08-15,127.591496,128.109263,127.289469,127.702454,1254006,Yahoo Finance
2017-08-16,127.720942,128.596216,127.357283,128.158585,2038343,Yahoo Finance
2017-08-17,128.078438,128.281848,126.531313,126.574463,1670214,Yahoo Finance
2017-08-18,126.574536,126.747125,125.403410,125.452713,2198966,Yahoo Finance
2017-08-21,125.619117,126.297145,125.132172,126.081406,1874850,Yahoo Finance
2017-08-22,126.482035,126.888856,126.130704,126.642296,2501075,Yahoo Finance
2017-08-23,126.496588,126.527586,125.424111,125.641090,1515691,Yahoo Finance
2017-08-24,126.397417,126.397417,125.200944,125.300140,1472037,Yahoo Finance
2017-08-25,126.118404,126.124615,125.256707,125.306305,1480768,Yahoo Finance
2017-08-28,125.709283,126.013048,125.132752,125.510902,1404941,Yahoo Finance
2017-08-29,125.349745,125.895289,124.810412,125.796104,1185595,Yahoo Finance
2017-08-30,125.796068,126.273415,125.225725,126.273415,1430655,Yahoo Finance
2017-08-31,126.663963,126.849944,125.858053,126.663963,1875208,Yahoo Finance
2017-09-01,126.843769,127.029750,125.988260,126.192841,1689948,Yahoo Finance
2017-09-05,125.380726,125.554307,124.302049,124.593414,2313662,Yahoo Finance
2017-09-06,125.070794,125.380759,124.754629,125.256775,2674495,Yahoo Finance
2017-09-07,124.897189,126.905761,124.897189,126.750778,2034994,Yahoo Finance
2017-09-08,126.682592,127.779868,125.944878,127.513290,1762904,Yahoo Finance
2017-09-11,127.990613,130.048782,127.761245,129.912399,2160813,Yahoo Finance
2017-09-12,130.129418,130.780335,129.726457,129.962036,1723675,Yahoo Finance
2017-09-13,129.639681,130.364995,129.298717,129.869049,1351002,Yahoo Finance
2017-09-14,129.658256,131.369262,129.404078,131.071686,2373103,Yahoo Finance
2017-09-15,131.790846,132.739340,130.594385,132.261993,4349134,Yahoo Finance
2017-09-18,132.664896,132.689695,131.778400,132.516113,1521790,Yahoo Finance
2017-09-19,132.807470,133.067848,131.951972,132.392120,1709921,Yahoo Finance
2017-09-20,131.282485,131.797030,129.137530,130.501373,3572691,Yahoo Finance
2017-09-21,130.743124,131.189472,130.333963,130.457947,1653350,Yahoo Finance
2017-09-22,129.962011,130.991090,129.738831,130.656326,1785987,Yahoo Finance
2017-09-25,130.792693,130.941476,129.794613,130.637711,1924603,Yahoo Finance
2017-09-26,130.966268,131.939560,130.761687,130.823685,1464622,Yahoo Finance
2017-09-27,130.860884,131.040666,129.044494,129.862793,2230660,Yahoo Finance
2017-09-28,129.131338,130.110830,129.100339,129.906250,2502989,Yahoo Finance
2017-09-29,129.602439,130.123184,129.397859,130.123184,1952111,Yahoo Finance
2017-10-02,130.637736,131.914794,130.203787,131.896194,1545352,Yahoo Finance
2017-10-03,131.809389,133.036849,131.040677,133.018250,1955340,Yahoo Finance
2017-10-04,133.191833,134.487479,132.974853,134.227112,1957134,Yahoo Finance
2017-10-05,134.208556,134.902883,133.842805,134.134171,2081638,Yahoo Finance
2017-10-06,133.904748,134.239511,133.452200,134.227112,1974357,Yahoo Finance
2017-10-09,133.879916,134.654827,133.712534,134.326263,1261302,Yahoo Finance
2017-10-10,134.760313,134.896696,134.245767,134.369751,1400396,Yahoo Finance
2017-10-11,134.369699,134.437897,133.074043,134.220917,2455268,Yahoo Finance
2017-10-12,134.276682,134.921410,134.084501,134.890411,2281968,Yahoo Finance
2017-10-13,135.659150,136.235682,134.400692,134.971024,1748074,Yahoo Finance
2017-10-16,134.958674,135.597203,134.648709,135.591003,1417499,Yahoo Finance
2017-10-17,135.448356,135.590939,134.196098,134.989609,2572357,Yahoo Finance
2017-10-18,134.847064,135.541391,134.754080,135.312012,1690666,Yahoo Finance
2017-10-19,135.448398,135.919545,134.816069,135.913345,1637324,Yahoo Finance
2017-10-20,136.353480,137.202789,135.882333,137.202789,1970769,Yahoo Finance
2017-10-23,137.475536,138.107865,137.128372,137.345352,2584915,Yahoo Finance
2017-10-24,141.963803,148.101100,141.957604,145.466400,7784046,Yahoo Finance
2017-10-25,145.689655,147.506046,145.026327,147.344864,4920942,Yahoo Finance
2017-10-26,147.704416,148.039180,144.015837,144.406387,4048460,Yahoo Finance
2017-10-27,145.206052,145.652400,144.164574,145.522217,2392478,Yahoo Finance
2017-10-30,144.852673,144.852673,142.980485,143.216064,3256230,Yahoo Finance
2017-10-31,143.439267,143.575661,142.465986,142.701553,2282207,Yahoo Finance
2017-11-01,143.203673,143.674820,142.032000,142.695328,1662320,Yahoo Finance
2017-11-02,142.732542,144.319565,142.304794,143.966202,1924962,Yahoo Finance
2017-11-03,143.550857,144.183186,143.154096,143.960007,1892909,Yahoo Finance
2017-11-06,143.960017,144.214184,142.676759,142.775955,1596301,Yahoo Finance
2017-11-07,142.819346,143.061125,142.050633,142.614777,1858106,Yahoo Finance
2017-11-08,142.484593,142.986728,142.199416,142.478394,1806199,Yahoo Finance
2017-11-09,141.678735,142.211869,140.755040,141.585739,1884657,Yahoo Finance
2017-11-10,141.015375,141.616705,140.203264,141.002975,1549777,Yahoo Finance
2017-11-13,140.556606,141.610484,140.265241,141.480301,2111299,Yahoo Finance
2017-11-14,141.430702,142.558977,140.569005,142.168427,1666267,Yahoo Finance
2017-11-15,141.387300,141.660066,140.128841,140.971939,1808472,Yahoo Finance
2017-11-16,141.213718,142.577560,141.213718,142.224197,1464861,Yahoo Finance
2017-11-17,141.610496,142.534190,141.182747,142.187027,2083193,Yahoo Finance
2017-11-20,142.521800,144.809349,142.304831,143.507492,2033200,Yahoo Finance
2017-11-21,143.953759,146.123512,143.953759,145.119232,2538630,Yahoo Finance
2017-11-22,145.209660,145.708097,144.175378,144.287537,1640673,Yahoo Finance
2017-11-24,144.567881,144.574112,143.807753,144.162888,788284,Yahoo Finance
2017-11-27,144.393410,146.125510,144.007109,145.795288,2129837,Yahoo Finance
2017-11-28,145.870066,147.004033,145.409004,146.810883,2238553,Yahoo Finance
2017-11-29,147.072557,148.405894,146.817097,148.293747,2098502,Yahoo Finance
2017-11-30,148.823306,151.683141,148.094333,151.489990,4788066,Yahoo Finance
2017-12-01,151.521191,151.795333,149.004039,150.250153,2669831,Yahoo Finance
2017-12-04,151.433974,152.169178,148.605293,149.072586,2952565,Yahoo Finance
2017-12-05,149.670652,149.695576,148.200233,148.449463,1845548,Yahoo Finance
2017-12-06,149.739288,150.206581,147.645822,148.705017,2301224,Yahoo Finance
2017-12-07,148.567876,150.337361,148.243885,149.720535,1635052,Yahoo Finance
2017-12-08,149.533606,150.162894,147.969733,148.368484,2391761,Yahoo Finance
2017-12-11,149.028962,149.664481,148.200293,149.097504,2084508,Yahoo Finance
2017-12-12,147.402817,150.580401,147.116201,147.402817,3308495,Yahoo Finance
2017-12-13,147.608357,149.278147,147.433900,148.979080,3238648,Yahoo Finance
2017-12-14,149.733015,150.032081,148.169142,148.337357,2373701,Yahoo Finance
2017-12-15,149.028972,149.334269,148.069462,148.287537,5404365,Yahoo Finance
2017-12-18,148.648879,149.539859,147.757911,148.549194,2675811,Yahoo Finance
2017-12-19,149.203453,149.371680,147.602193,148.530548,2235204,Yahoo Finance
2017-12-20,148.412154,148.580380,147.346728,147.614639,1939434,Yahoo Finance
2017-12-21,147.041409,147.820230,146.050744,146.281281,2680954,Yahoo Finance
2017-12-22,146.642627,147.091227,145.969733,146.250107,1531598,Yahoo Finance
2017-12-26,146.468190,147.215856,146.437035,146.698715,943764,Yahoo Finance
2017-12-27,146.742371,147.377890,146.318684,147.166046,1160718,Yahoo Finance
2017-12-28,147.627041,147.714275,146.592771,146.866913,1422881,Yahoo Finance
2017-12-29,147.340478,147.857619,146.648880,146.648880,1607304,Yahoo Finance
2018-01-02,146.904342,147.708088,145.053865,146.817108,3505476,Yahoo Finance
2018-01-03,146.461979,146.873193,145.352936,146.810883,2623665,Yahoo Finance
2018-01-04,147.664448,149.184704,147.334227,148.729874,2682748,Yahoo Finance
2018-01-05,148.692517,150.094395,148.125539,149.888794,2195736,Yahoo Finance
2018-01-08,149.147310,150.119282,149.022701,149.402771,2235324,Yahoo Finance
2018-01-09,149.284448,150.642721,149.122453,150.331192,2027340,Yahoo Finance
2018-01-10,150.156704,151.134895,149.552340,150.243927,1962516,Yahoo Finance
2018-01-11,149.994709,150.991593,149.377883,150.972900,1779289,Yahoo Finance
2018-01-12,151.446378,153.271943,151.091244,152.318665,2361263,Yahoo Finance
2018-01-16,152.835857,154.013441,151.919965,152.486954,2883676,Yahoo Finance
2018-01-17,153.801557,154.848301,153.147356,154.586609,3012724,Yahoo Finance
2018-01-18,154.599112,155.141178,152.599101,153.215927,2671266,Yahoo Finance
2018-01-19,153.664524,154.829646,153.022773,154.630264,2408146,Yahoo Finance
2018-01-22,153.976054,154.449578,152.698785,154.081970,1985958,Yahoo Finance
2018-01-23,153.838957,154.057032,152.723683,153.465118,2179949,Yahoo Finance
2018-01-24,154.511855,154.854539,153.427737,154.324936,4151316,Yahoo Finance
2018-01-25,155.764241,158.754906,153.957369,157.234650,4195448,Yahoo Finance
2018-01-26,157.901266,161.851439,157.876342,161.141159,4461798,Yahoo Finance
2018-01-29,161.066416,161.583546,159.483850,159.508774,2758335,Yahoo Finance
2018-01-30,159.253292,159.309371,156.642687,156.723679,2885470,Yahoo Finance
2018-01-31,156.692586,157.714395,155.515002,156.075760,3751134,Yahoo Finance
2018-02-01,154.169184,155.820281,153.384132,154.480713,3187938,Yahoo Finance
2018-02-02,153.539905,154.985400,152.574164,152.754852,4695137,Yahoo Finance
2018-02-05,151.714342,152.275088,140.817075,144.200272,7882238,Yahoo Finance
2018-02-06,141.751656,146.150440,141.315518,145.564758,6109288,Yahoo Finance
2018-02-07,145.290665,147.988506,145.060139,145.290665,3451178,Yahoo Finance
2018-02-08,145.271919,145.365384,138.723590,138.873123,4486555,Yahoo Finance
2018-02-09,139.944822,141.408999,135.938557,140.318649,5404246,Yahoo Finance
2018-02-12,141.739206,143.539836,140.873162,142.798401,3935318,Yahoo Finance
2018-02-13,143.122382,144.530491,142.636396,144.150421,3018226,Yahoo Finance
2018-02-14,142.960351,145.091202,142.349757,144.549149,2796009,Yahoo Finance
2018-02-15,146.222550,147.219044,144.699585,147.200241,2544490,Yahoo Finance
2018-02-16,147.262929,149.437684,146.272690,148.328369,2657273,Yahoo Finance
2018-02-20,146.993469,148.328401,146.598622,147.325638,3200376,Yahoo Finance
2018-02-21,147.100005,149.074203,145.464232,145.514374,3063434,Yahoo Finance
2018-02-22,145.671030,148.767078,145.564489,147.908463,2732262,Yahoo Finance
2018-02-23,148.441177,149.092979,146.899421,148.547729,1933573,Yahoo Finance
2018-02-26,149.794946,153.461316,149.481581,153.010071,3691813,Yahoo Finance
2018-02-27,153.304607,153.342214,150.866629,150.904236,2126847,Yahoo Finance
2018-02-28,151.443204,151.844318,147.532403,147.601349,2943834,Yahoo Finance
2018-03-01,148.002467,148.428652,143.853514,144.987900,4170572,Yahoo Finance
2018-03-02,143.991377,144.944008,141.847961,144.379944,3483709,Yahoo Finance
2018-03-05,144.148078,146.473248,143.226785,145.909195,2673419,Yahoo Finance
2018-03-06,146.686326,147.858307,144.649451,146.441895,2500956,Yahoo Finance
2018-03-07,144.912693,148.046348,144.517858,147.638977,2647705,Yahoo Finance
2018-03-08,148.127823,148.967647,146.730214,148.121567,2338419,Yahoo Finance
2018-03-09,149.161963,151.274041,148.015041,151.261505,2201716,Yahoo Finance
2018-03-12,151.731526,152.358257,149.976689,150.290054,2572955,Yahoo Finance
2018-03-13,150.979447,152.276783,148.466256,148.892441,2403840,Yahoo Finance
2018-03-14,149.663334,149.989224,146.561006,146.836777,2678681,Yahoo Finance
2018-03-15,147.419610,149.212054,146.780344,147.826981,2117518,Yahoo Finance
2018-03-16,147.701630,149.268457,147.701630,148.673065,5810168,Yahoo Finance
2018-03-19,147.914728,148.115274,144.311026,145.125778,3135553,Yahoo Finance
2018-03-20,145.476738,146.899418,145.138313,145.683563,2066688,Yahoo Finance
2018-03-21,146.028253,148.673056,145.595812,146.742722,1899607,Yahoo Finance
2018-03-22,145.426617,145.476748,139.635623,139.867508,5137418,Yahoo Finance
2018-03-23,140.074317,140.556901,134.916323,134.972733,5048555,Yahoo Finance
2018-03-26,136.539590,138.382176,134.859943,138.031204,4274504,Yahoo Finance
2018-03-27,138.519986,139.046444,134.577848,135.292328,3225253,Yahoo Finance
2018-03-28,136.144676,137.667628,134.690657,135.712234,3017388,Yahoo Finance
2018-03-29,136.495667,138.745623,136.288842,137.579910,3161028,Yahoo Finance
2018-04-02,136.658623,137.078529,131.281269,133.255478,4593597,Yahoo Finance
2018-04-03,133.493686,135.662173,132.196349,135.580704,3596133,Yahoo Finance
2018-04-04,133.111367,136.577179,132.315418,136.351562,2976605,Yahoo Finance
2018-04-05,137.028434,138.075071,135.724830,137.047226,3444360,Yahoo Finance
2018-04-06,136.251312,137.160081,132.240237,133.023651,2994664,Yahoo Finance
2018-04-09,133.963712,135.912851,133.117632,133.374588,2614576,Yahoo Finance
2018-04-10,134.947668,137.072281,134.891258,135.988037,3417450,Yahoo Finance
2018-04-11,134.245729,135.304912,133.807019,134.327209,2176481,Yahoo Finance
2018-04-12,135.198360,136.426751,134.753383,135.637070,2742308,Yahoo Finance
2018-04-13,136.683669,137.053432,134.408630,135.072968,2433262,Yahoo Finance
2018-04-16,136.125935,137.423271,135.743636,136.439301,2464358,Yahoo Finance
2018-04-17,137.348044,138.939942,137.091088,137.937180,2216786,Yahoo Finance
2018-04-18,138.125160,138.513739,137.354282,137.579910,1912763,Yahoo Finance
2018-04-19,136.652364,137.442046,136.019366,137.160019,1737908,Yahoo Finance
2018-04-20,136.884250,138.056242,135.837613,136.470612,3150623,Yahoo Finance
2018-04-23,136.639783,137.084759,134.590372,135.298584,3014757,Yahoo Finance
2018-04-24,129.419883,129.419883,123.397006,126.054344,13958994,Yahoo Finance
2018-04-25,126.035615,126.442985,123.472280,124.619202,7421658,Yahoo Finance
2018-04-26,124.518876,125.114268,122.945781,123.522369,4932663,Yahoo Finance
2018-04-27,123.321822,123.534915,121.836476,122.914452,4012341,Yahoo Finance
2018-04-30,123.440886,124.305770,121.698573,121.830185,4794405,Yahoo Finance
2018-05-01,121.604573,122.550938,119.981348,122.225037,5633758,Yahoo Finance
2018-05-02,122.306506,123.096187,121.598294,121.899124,4805050,Yahoo Finance
2018-05-03,121.911649,123.277931,120.551647,122.638664,4097376,Yahoo Finance
2018-05-04,122.256338,125.302255,121.623340,124.945015,3673753,Yahoo Finance
2018-05-07,125.383773,125.972898,125.082943,125.509117,3424626,Yahoo Finance
2018-05-08,125.346112,126.668518,125.070353,126.436623,3915106,Yahoo Finance
2018-05-09,126.618408,128.310579,126.204770,127.489571,4020115,Yahoo Finance
2018-05-10,126.981956,128.906024,126.844077,128.498642,3230157,Yahoo Finance
2018-05-11,128.316859,128.711705,127.639997,128.580093,3774217,Yahoo Finance
2018-05-14,128.899733,129.131617,128.273002,128.956131,4049536,Yahoo Finance
2018-05-15,128.454737,128.837048,126.373999,126.856583,2702003,Yahoo Finance
2018-05-16,125.672015,125.997916,124.750722,125.477737,3484546,Yahoo Finance
2018-05-17,125.742782,127.086855,125.376800,126.430595,2709897,Yahoo Finance
2018-05-18,126.380111,126.682998,125.225357,125.547165,3499137,Yahoo Finance
2018-05-21,126.518928,128.052309,126.203420,127.314011,2543294,Yahoo Finance
2018-05-22,127.440200,127.534860,125.402015,125.553459,2767424,Yahoo Finance
2018-05-23,124.777350,125.446231,124.032753,125.364204,3274289,Yahoo Finance
2018-05-24,125.465152,126.317031,124.266224,125.831146,2457780,Yahoo Finance
2018-05-25,125.149645,125.831147,124.897242,125.591354,2017054,Yahoo Finance
2018-05-29,124.941389,125.263208,123.111443,123.515289,2806773,Yahoo Finance
2018-05-30,124.367177,125.812208,124.121085,125.370499,2563148,Yahoo Finance
2018-05-31,125.010837,125.225387,123.843450,124.455536,6282708,Yahoo Finance
2018-06-01,125.414651,126.468458,125.118074,125.944710,2185092,Yahoo Finance
2018-06-04,126.664067,127.269854,126.247600,126.872307,2880446,Yahoo Finance
2018-06-05,126.884905,127.528543,126.765014,126.960632,2686336,Yahoo Finance
2018-06-06,127.364534,128.759081,127.181538,128.639191,2747571,Yahoo Finance
2018-06-07,128.841079,129.920117,128.576044,129.402679,2725923,Yahoo Finance
2018-06-08,129.345874,130.462775,128.986202,130.361816,2595559,Yahoo Finance
2018-06-11,130.361844,130.488045,129.358522,129.434250,2754268,Yahoo Finance
2018-06-12,129.781261,129.957936,128.695902,129.307999,2160096,Yahoo Finance
2018-06-13,129.446847,129.774977,128.557106,129.289093,2509088,Yahoo Finance
2018-06-14,129.838111,130.159930,128.412011,128.494049,2656914,Yahoo Finance
2018-06-15,127.812526,129.396380,126.272847,129.339584,6517602,Yahoo Finance
2018-06-18,127.799918,129.087195,126.361197,128.834793,3399989,Yahoo Finance
2018-06-19,126.998501,127.358184,125.149623,125.818504,3835333,Yahoo Finance
2018-06-20,125.786957,126.203424,124.474437,124.991875,2808567,Yahoo Finance
2018-06-21,124.840420,124.840420,122.789614,123.376457,2894798,Yahoo Finance
2018-06-22,124.556523,124.588076,123.161976,123.994911,2738960,Yahoo Finance
2018-06-25,123.666719,123.887579,122.190146,123.553139,3495310,Yahoo Finance
2018-06-26,124.209414,124.909848,123.666734,124.045349,2559679,Yahoo Finance
2018-06-27,124.039045,126.140337,122.896901,122.997871,3456081,Yahoo Finance
2018-06-28,123.363869,124.215747,122.549867,123.660446,2366525,Yahoo Finance
2018-06-29,123.975958,125.837469,123.969659,124.133713,3195234,Yahoo Finance
2018-07-02,123.338605,123.609939,122.108112,123.376457,2171338,Yahoo Finance
2018-07-03,123.988557,125.540870,123.363851,123.572090,1469764,Yahoo Finance
2018-07-05,124.354519,124.613232,123.067242,124.524895,2415083,Yahoo Finance
2018-07-06,124.367177,124.979262,123.925467,124.600647,1942902,Yahoo Finance
2018-07-09,125.029799,126.733544,124.985624,126.537926,2352652,Yahoo Finance
2018-07-10,126.834457,127.831468,126.449543,127.137344,2019685,Yahoo Finance
2018-07-11,126.089851,126.089851,124.619577,124.739479,2216308,Yahoo Finance
2018-07-12,125.679697,126.203434,124.562796,125.774345,2073266,Yahoo Finance
2018-07-13,126.373803,127.332950,126.203427,126.948036,1943978,Yahoo Finance
2018-07-16,127.181492,127.200423,126.253898,126.903847,1755728,Yahoo Finance
2018-07-17,126.828118,128.140638,126.285450,127.509621,2297038,Yahoo Finance
2018-07-18,127.604273,128.203749,127.055294,127.591652,2326220,Yahoo Finance
2018-07-19,127.314002,127.648442,125.894213,127.213043,3129214,Yahoo Finance
2018-07-20,125.780632,128.064909,125.099130,127.433891,2781178,Yahoo Finance
2018-07-23,127.175211,127.175211,124.739490,125.471466,3909844,Yahoo Finance
2018-07-24,121.748413,127.585321,120.252897,126.632484,9791054,Yahoo Finance
2018-07-25,126.601000,129.036721,126.531583,128.967316,4000859,Yahoo Finance
2018-07-26,129.289134,131.529236,129.137690,131.226349,3406567,Yahoo Finance
2018-07-27,131.680676,132.892237,130.525922,130.885605,2688608,Yahoo Finance
2018-07-30,131.409329,132.040346,129.207079,129.434250,2440438,Yahoo Finance
2018-07-31,130.765687,134.267836,130.305045,133.977570,4273428,Yahoo Finance
2018-08-01,133.131979,133.182464,130.538504,130.652084,2471654,Yahoo Finance
2018-08-02,129.958002,129.983244,128.632872,129.692978,2032841,Yahoo Finance
2018-08-03,129.939055,130.986540,129.484713,130.803543,1554680,Yahoo Finance
2018-08-06,130.904476,130.910787,129.509930,130.431213,1272305,Yahoo Finance
2018-08-07,131.257895,132.267527,130.854049,131.611267,1572262,Yahoo Finance
2018-08-08,131.560729,131.907790,130.475380,130.708862,1258312,Yahoo Finance
2018-08-09,130.708902,131.232639,129.036699,129.219696,2167870,Yahoo Finance
2018-08-10,128.607641,128.809570,126.834479,127.440254,2264267,Yahoo Finance
2018-08-13,127.478116,127.964000,125.887951,126.102501,1898291,Yahoo Finance
2018-08-14,126.064595,126.884920,125.831125,126.531548,2055924,Yahoo Finance
2018-08-15,125.730153,127.314006,124.379781,127.080536,2426564,Yahoo Finance
2018-08-16,127.478106,128.367848,127.351905,128.191162,1961679,Yahoo Finance
2018-08-17,128.273164,129.352201,127.396055,129.213379,1912284,Yahoo Finance
2018-08-20,129.812828,129.863313,128.512941,129.106094,2501673,Yahoo Finance
2018-08-21,129.358485,130.014745,128.973571,129.793884,2044801,Yahoo Finance
2018-08-22,129.844392,129.844392,128.348887,128.891556,1747715,Yahoo Finance
2018-08-23,128.955092,129.050386,127.976810,128.796280,1635291,Yahoo Finance
2018-08-24,129.132943,130.536837,128.999543,130.409790,2005214,Yahoo Finance
2018-08-27,130.975140,132.448915,130.765516,132.340927,2125531,Yahoo Finance
2018-08-28,132.747495,133.478036,132.436225,133.039719,2555493,Yahoo Finance
2018-08-29,132.874530,134.017977,132.455271,133.694000,2523919,Yahoo Finance
2018-08-30,133.217604,134.094251,132.912686,133.541580,2679997,Yahoo Finance
2018-08-31,133.128706,134.494482,133.046118,133.986282,2324426,Yahoo Finance
2018-09-04,133.751196,133.878243,131.845455,132.512466,2521766,Yahoo Finance
2018-09-05,132.315540,134.615139,131.718411,134.564316,2333994,Yahoo Finance
2018-09-06,134.672313,135.542607,134.081536,135.142395,2826746,Yahoo Finance
2018-09-07,134.824773,135.288503,133.382762,135.034409,3276083,Yahoo Finance
2018-09-10,135.739558,137.448381,135.218664,135.263123,2870041,Yahoo Finance
2018-09-11,134.265747,134.812053,133.401806,134.532547,2353130,Yahoo Finance
2018-09-12,134.862894,136.425599,130.797318,131.311859,5904652,Yahoo Finance
2018-09-13,131.712069,132.855516,131.210222,132.798340,2596875,Yahoo Finance
2018-09-14,132.664950,133.592409,131.591385,132.055115,2059034,Yahoo Finance
2018-09-17,131.788277,133.522500,131.686641,133.103241,1926038,Yahoo Finance
2018-09-18,133.554263,134.564310,132.404464,134.373734,1976868,Yahoo Finance
2018-09-19,134.526201,136.031742,134.437272,135.383789,2253862,Yahoo Finance
2018-09-20,136.387479,137.848549,135.472726,136.749573,2481820,Yahoo Finance
2018-09-21,138.051868,138.401256,136.965597,137.422974,6654185,Yahoo Finance
2018-09-24,136.825801,137.130719,135.110625,135.631531,2445581,Yahoo Finance
2018-09-25,136.025407,136.025407,133.579701,133.808395,2500358,Yahoo Finance
2018-09-26,134.348343,135.047119,133.808390,134.081543,2006529,Yahoo Finance
2018-09-27,134.672306,135.224977,133.401813,133.471695,1925321,Yahoo Finance
2018-09-28,133.103256,134.214938,132.683997,133.852844,2990239,Yahoo Finance
2018-10-01,134.926396,135.561642,134.233972,134.792984,2187245,Yahoo Finance
2018-10-02,134.913719,137.111671,134.735848,137.029083,2092282,Yahoo Finance
2018-10-03,137.213280,138.064515,136.539916,137.060822,2558483,Yahoo Finance
2018-10-04,136.482817,136.997358,134.697770,135.841217,2012270,Yahoo Finance
2018-10-05,136.165116,136.597081,134.075153,135.428223,2559799,Yahoo Finance
2018-10-08,135.390120,136.311226,134.837450,136.177826,1993373,Yahoo Finance
2018-10-09,135.104241,135.377405,133.173101,133.668594,3525090,Yahoo Finance
2018-10-10,132.887275,132.887275,128.033993,128.415146,4216139,Yahoo Finance
2018-10-11,127.779844,128.897879,124.825940,124.972046,4182651,Yahoo Finance
2018-10-12,127.601992,128.669204,124.463876,125.924934,3346528,Yahoo Finance
2018-10-15,125.664479,127.493996,125.410385,126.375961,2168109,Yahoo Finance
2018-10-16,127.341620,128.650220,126.560255,128.529526,2319642,Yahoo Finance
2018-10-17,128.186441,129.444229,127.335206,128.910629,2181743,Yahoo Finance
2018-10-18,128.535815,128.650156,126.032946,127.290733,2797922,Yahoo Finance
2018-10-19,127.125596,127.748137,126.013914,126.954079,3788091,Yahoo Finance
2018-10-22,127.843410,129.209198,126.852433,127.913292,3902907,Yahoo Finance
2018-10-23,119.934551,123.803208,117.203000,122.316727,9873698,Yahoo Finance
2018-10-24,122.030893,122.577211,116.866342,117.228424,5984186,Yahoo Finance
2018-10-25,118.517995,119.096077,115.843607,117.514313,4228099,Yahoo Finance
2018-10-26,116.447110,118.575193,115.602240,117.488922,4241255,Yahoo Finance
2018-10-29,119.331103,119.985409,116.351798,118.022491,3429650,Yahoo Finance
2018-10-30,118.683152,120.747705,117.520658,120.576187,3491842,Yahoo Finance
2018-10-31,121.141593,122.043640,120.487287,120.862076,3402740,Yahoo Finance
2018-11-01,121.084364,122.736011,120.754035,122.107117,2682389,Yahoo Finance
2018-11-02,123.021883,123.536424,121.713271,122.481918,3671242,Yahoo Finance
2018-11-05,122.920233,123.593597,122.100774,122.761421,3452254,Yahoo Finance
2018-11-06,122.774100,124.190699,122.602582,124.063652,2272639,Yahoo Finance
2018-11-07,125.264292,127.938680,124.133552,127.868797,2923502,Yahoo Finance
2018-11-08,127.684630,129.761889,127.513112,129.634842,3030664,Yahoo Finance
2018-11-09,129.590342,129.590342,126.858790,127.748131,2905443,Yahoo Finance
2018-11-12,127.411429,127.538476,124.825971,125.169006,3312920,Yahoo Finance
2018-11-13,125.473951,127.608386,125.245269,126.013916,2593885,Yahoo Finance
2018-11-14,127.557570,127.710029,124.692606,125.816994,3346049,Yahoo Finance
2018-11-15,125.607374,130.308210,124.660857,130.168457,3776370,Yahoo Finance
2018-11-16,129.107563,133.255727,128.701010,132.766586,3133998,Yahoo Finance
2018-11-19,132.023315,132.163068,129.825363,130.594009,3851598,Yahoo Finance
2018-11-20,129.323494,129.679235,127.170013,127.373283,3201931,Yahoo Finance
2018-11-21,127.712298,128.671675,127.059920,127.079109,2191909,Yahoo Finance
2018-11-23,126.484308,127.072734,125.863912,125.870308,1195880,Yahoo Finance
2018-11-26,127.002357,129.087404,126.202875,127.827423,2775916,Yahoo Finance
2018-11-27,127.354155,128.761240,125.857522,128.358307,2487202,Yahoo Finance
2018-11-28,129.189780,130.699206,127.546055,130.692810,2612542,Yahoo Finance
2018-11-29,130.392216,131.652197,129.618319,130.833527,1876763,Yahoo Finance
2018-11-30,130.705603,132.982529,130.462554,132.982529,3793592,Yahoo Finance
2018-12-03,135.086711,135.560003,132.426041,133.519730,2982106,Yahoo Finance
2018-12-04,133.072008,133.385405,129.253688,129.324036,3227645,Yahoo Finance
2018-12-06,127.667499,129.886856,126.759292,129.631027,3578193,Yahoo Finance
2018-12-07,129.592686,130.711960,126.004609,126.791298,2696382,Yahoo Finance
2018-12-10,126.868046,127.245405,123.849206,126.842461,2368439,Yahoo Finance
2018-12-11,128.722868,129.196161,125.448198,126.292442,2187364,Yahoo Finance
2018-12-12,128.300753,129.592716,127.725131,127.795479,2295124,Yahoo Finance
2018-12-13,128.831605,129.452001,127.609990,129.279312,2190713,Yahoo Finance
2018-12-14,127.993756,128.921152,125.262726,125.422623,2957947,Yahoo Finance
2018-12-17,125.256308,126.797704,122.704364,123.324760,3046930,Yahoo Finance
2018-12-18,123.689304,125.947040,123.535804,124.437614,3153015,Yahoo Finance
2018-12-19,125.358644,126.784918,121.329267,121.495560,3906734,Yahoo Finance
2018-12-20,120.951902,122.237469,118.642995,119.845421,4316603,Yahoo Finance
2018-12-21,120.152400,121.840899,117.453353,117.523712,8012243,Yahoo Finance
2018-12-24,116.334097,117.389408,114.172305,114.242653,2690402,Yahoo Finance
2018-12-26,114.728742,119.173856,113.123383,119.129082,3498898,Yahoo Finance
2018-12-27,117.363817,121.968826,116.967269,121.968826,3359564,Yahoo Finance
2018-12-28,122.678810,122.992207,120.606555,121.118225,2764434,Yahoo Finance
2018-12-31,121.738563,122.576422,120.561735,121.866478,2158062,Yahoo Finance
2019-01-02,120.126831,122.154312,119.410502,122.128738,2960339,Yahoo Finance
2019-01-03,120.421011,120.421011,116.973653,117.530098,4016407,Yahoo Finance
2019-01-04,119.442447,122.787475,118.981935,122.365341,3582140,Yahoo Finance
2019-01-07,122.390977,122.992184,120.664099,122.083977,2585991,Yahoo Finance
2019-01-08,123.439855,124.149800,121.252479,122.595612,2965841,Yahoo Finance
2019-01-09,123.599791,124.041114,122.403773,122.992188,2587666,Yahoo Finance
2019-01-10,122.077558,123.957935,121.137369,123.823624,2319403,Yahoo Finance
2019-01-11,122.697926,123.241578,122.071134,122.934578,2822440,Yahoo Finance
2019-01-14,121.930476,123.331164,121.393220,122.909042,2289622,Yahoo Finance
2019-01-15,120.779207,121.956048,120.152415,120.843170,3273811,Yahoo Finance
2019-01-16,120.568153,121.802560,120.510597,121.188560,2980552,Yahoo Finance
2019-01-17,120.600130,123.375933,120.178008,122.614830,2366764,Yahoo Finance
2019-01-18,124.296911,125.614459,123.030534,125.269081,3284934,Yahoo Finance
2019-01-22,124.220160,124.392849,121.796143,122.966576,3240682,Yahoo Finance
2019-01-23,123.203250,124.079475,121.700220,122.985786,1976868,Yahoo Finance
2019-01-24,122.966566,123.548595,122.486877,123.132858,1893029,Yahoo Finance
2019-01-25,124.539971,126.100555,124.373678,125.294678,2774840,Yahoo Finance
2019-01-28,123.529409,123.727683,122.205465,123.567787,3775294,Yahoo Finance
2019-01-29,124.725444,127.846625,124.207389,125.966248,5156076,Yahoo Finance
2019-01-30,126.778476,127.987298,124.482374,127.450043,2593048,Yahoo Finance
2019-01-31,127.149448,128.486185,126.471486,128.108826,3992726,Yahoo Finance
2019-02-01,128.869925,129.049010,126.823255,127.379700,2678322,Yahoo Finance
2019-02-04,127.283773,128.083255,125.518518,128.051285,2360426,Yahoo Finance
2019-02-05,128.377475,128.639712,127.744286,128.633316,2436132,Yahoo Finance
2019-02-06,128.697240,129.886873,128.076844,129.560684,2000190,Yahoo Finance
2019-02-07,128.569397,129.452031,127.187897,127.814690,2331482,Yahoo Finance
2019-02-08,127.418109,127.821054,126.573865,127.801865,1736353,Yahoo Finance
2019-02-11,128.511786,128.684474,127.686719,128.498993,1810146,Yahoo Finance
2019-02-12,129.752587,132.259756,129.317672,132.119049,3137108,Yahoo Finance
2019-02-13,132.451625,134.568654,132.131833,134.133728,3548891,Yahoo Finance
2019-02-14,133.045366,133.386691,131.409586,131.976318,2666721,Yahoo Finance
2019-02-15,132.961639,134.578097,132.665398,134.507263,2392478,Yahoo Finance
2019-02-19,133.895495,134.694064,133.560611,134.217499,1835142,Yahoo Finance
2019-02-20,134.552352,134.578114,133.515507,134.294754,2247404,Yahoo Finance
2019-02-21,134.056437,134.668241,133.470383,133.805267,2078170,Yahoo Finance
2019-02-22,133.805311,135.022490,133.406032,134.822845,1834903,Yahoo Finance
2019-02-25,135.544144,136.110877,135.460429,135.614990,2611466,Yahoo Finance
2019-02-26,135.614985,136.265432,134.835738,134.842178,1998875,Yahoo Finance
2019-02-27,134.983863,135.041816,134.056495,134.616776,1842558,Yahoo Finance
2019-02-28,134.629594,134.629594,133.283615,133.560547,2537553,Yahoo Finance
2019-03-01,134.475062,135.086866,133.245013,133.624969,2098262,Yahoo Finance
2019-03-04,134.590998,135.228565,132.497975,133.219269,2379920,Yahoo Finance
2019-03-05,132.394940,133.470428,131.274368,131.274368,3282422,Yahoo Finance
2019-03-06,131.847499,131.886142,130.578806,130.604568,2183059,Yahoo Finance
2019-03-07,130.449998,130.449998,127.835327,128.711182,3994162,Yahoo Finance
2019-03-08,127.758069,129.554850,127.513340,129.374527,2062502,Yahoo Finance
2019-03-11,130.012050,133.412407,129.870370,133.373764,2852819,Yahoo Finance
2019-03-12,133.850367,134.204573,132.266111,132.536591,2529660,Yahoo Finance
2019-03-13,133.199916,133.502598,132.427110,133.090439,2435893,Yahoo Finance
2019-03-14,133.116235,133.599241,132.491550,133.554169,2144906,Yahoo Finance
2019-03-15,134.211045,134.378487,133.174188,134.004959,5256061,Yahoo Finance
2019-03-18,134.236764,134.339813,132.414232,134.268967,2204946,Yahoo Finance
2019-03-19,134.661800,135.589167,134.153032,134.610275,2812514,Yahoo Finance
2019-03-20,134.597424,135.569875,133.496174,134.146622,2074582,Yahoo Finance
2019-03-21,133.180648,135.344517,132.646118,134.990311,2736568,Yahoo Finance
2019-03-22,134.140169,134.268968,131.680059,131.802429,3248456,Yahoo Finance
2019-03-25,131.029654,132.324109,130.250407,130.868652,2416638,Yahoo Finance
2019-03-26,132.021414,133.721599,131.873293,133.463989,2267138,Yahoo Finance
2019-03-27,133.566991,133.914745,132.105095,133.412430,2396784,Yahoo Finance
2019-03-28,133.953429,134.429994,133.077586,134.294754,1998038,Yahoo Finance
2019-03-29,134.784157,134.919397,132.794172,133.811707,3418527,Yahoo Finance
2019-04-01,135.170564,136.780581,134.764833,136.490768,3095726,Yahoo Finance
2019-04-02,136.684009,136.980250,135.885440,136.613174,1690546,Yahoo Finance
2019-04-03,137.141257,137.772383,136.812813,137.257187,1877720,Yahoo Finance
2019-04-04,137.495442,138.635335,136.741958,138.480774,1866836,Yahoo Finance
2019-04-05,139.028176,139.421014,138.332645,138.725494,1663756,Yahoo Finance
2019-04-08,138.274735,138.506583,137.476167,138.474380,1351480,Yahoo Finance
2019-04-09,138.087933,138.184541,136.413522,136.503677,1813734,Yahoo Finance
2019-04-10,136.799895,136.986647,135.705074,136.600250,1612926,Yahoo Finance
2019-04-11,136.342675,137.630688,136.168792,137.514771,1412715,Yahoo Finance
2019-04-12,138.525856,140.065027,138.042850,140.019943,2299190,Yahoo Finance
2019-04-15,139.646434,139.981319,138.397064,138.995987,1774027,Yahoo Finance
2019-04-16,139.485410,140.180930,138.770557,139.685043,1853322,Yahoo Finance
2019-04-17,140.155196,141.250005,139.865383,140.161636,2365210,Yahoo Finance
2019-04-18,140.380592,141.468961,140.148756,140.960205,2129000,Yahoo Finance
2019-04-22,139.942658,141.295066,139.923337,140.741226,1678586,Yahoo Finance
2019-04-23,140.399927,141.391700,139.865398,141.359497,1867913,Yahoo Finance
2019-04-24,141.037495,141.520501,140.457894,141.089020,2450484,Yahoo Finance
2019-04-25,127.217101,128.131587,122.103688,122.824982,17516855,Yahoo Finance
2019-04-26,122.702616,123.810307,121.949132,123.436790,5371595,Yahoo Finance
2019-04-29,123.340138,123.771631,122.200245,122.496498,4548866,Yahoo Finance
2019-04-30,122.915106,122.915106,120.139434,122.045692,5431036,Yahoo Finance
2019-05-01,122.032818,122.174498,119.733711,119.830307,4566926,Yahoo Finance
2019-05-02,118.819246,120.107260,118.097952,118.980247,6763260,Yahoo Finance
2019-05-03,119.662885,120.229617,118.555195,119.282928,5678249,Yahoo Finance
2019-05-06,117.234998,117.924089,116.004949,117.879005,7795050,Yahoo Finance
2019-05-07,117.086868,117.144833,114.510840,115.354492,6477058,Yahoo Finance
2019-05-08,115.605670,116.262547,114.955223,115.013176,3576638,Yahoo Finance
2019-05-09,114.182399,114.246804,112.173103,112.881516,6097447,Yahoo Finance
2019-05-10,112.714092,113.557733,111.419638,113.255051,5994711,Yahoo Finance
2019-05-13,112.018534,112.430693,111.277931,112.102249,7076373,Yahoo Finance
2019-05-14,112.565962,113.969894,112.385638,112.836441,4800744,Yahoo Finance
2019-05-15,112.070082,113.119808,111.831794,112.134476,3606538,Yahoo Finance
2019-05-16,112.308362,112.308362,110.357019,110.646820,4831242,Yahoo Finance
2019-05-17,109.481157,109.648600,108.470063,108.895103,5495620,Yahoo Finance
2019-05-20,108.167366,108.167366,106.653945,107.066116,5232022,Yahoo Finance
2019-05-21,107.555538,107.819577,107.021009,107.742302,4961247,Yahoo Finance
2019-05-22,107.826084,109.970632,107.201399,109.313744,5387023,Yahoo Finance
2019-05-23,108.846070,109.313733,106.904014,107.735397,4580919,Yahoo Finance
2019-05-24,108.040660,108.742142,107.378163,107.878281,2830812,Yahoo Finance
2019-05-28,108.339423,108.462828,106.098579,106.098579,5830620,Yahoo Finance
2019-05-29,105.877767,106.390887,104.247478,104.832039,4388124,Yahoo Finance
2019-05-30,104.832049,105.397135,103.922730,104.299454,2964525,Yahoo Finance
2019-05-31,103.812334,104.403390,103.682421,103.760368,4212192,Yahoo Finance
2019-06-03,103.760346,104.897001,103.481057,103.948708,4456894,Yahoo Finance
2019-06-04,105.046400,107.228772,104.948966,106.709167,4481173,Yahoo Finance
2019-06-05,107.261234,107.709398,105.793325,106.423355,3781274,Yahoo Finance
2019-06-06,106.520783,108.047141,105.520525,106.988434,4283833,Yahoo Finance
2019-06-07,107.534043,108.527794,106.936479,108.216026,2413169,Yahoo Finance
2019-06-10,109.190291,110.560778,109.034408,109.307213,2700090,Yahoo Finance
2019-06-11,110.359432,110.651713,109.443617,109.709915,2663731,Yahoo Finance
2019-06-12,110.333465,110.515332,109.502082,109.774887,2591014,Yahoo Finance
2019-06-13,110.002214,110.352955,109.034434,109.670959,2561234,Yahoo Finance
2019-06-14,109.274752,109.281247,107.852312,108.267998,3252163,Yahoo Finance
2019-06-17,108.534283,108.748628,108.118598,108.326447,2132827,Yahoo Finance
2019-06-18,109.021435,111.892309,108.839581,111.625999,4333108,Yahoo Finance
2019-06-19,111.638978,112.243026,110.768633,110.905029,3321770,Yahoo Finance
2019-06-20,112.282003,113.197830,111.522072,112.976990,3664783,Yahoo Finance
2019-06-21,112.853595,113.379694,112.126130,112.593781,5837437,Yahoo Finance
2019-06-24,112.593771,113.236793,112.587276,112.613258,3243432,Yahoo Finance
2019-06-25,112.528806,112.619733,111.249259,111.736397,3268907,Yahoo Finance
2019-06-26,111.944272,112.522349,111.535081,111.639000,2167391,Yahoo Finance
2019-06-27,112.048194,112.230061,110.840087,111.392181,2055326,Yahoo Finance
2019-06-28,111.619500,113.256284,111.567547,112.587280,4306557,Yahoo Finance
2019-07-01,113.964245,114.172094,112.704185,113.347206,2519613,Yahoo Finance
2019-07-02,113.730416,113.730416,112.411895,113.028946,1860258,Yahoo Finance
2019-07-03,113.126400,113.691474,112.320999,113.652512,1400157,Yahoo Finance
2019-07-05,112.366451,112.548318,110.242529,111.716934,2081638,Yahoo Finance
2019-07-08,110.365916,110.729648,109.618976,109.891769,2733219,Yahoo Finance
2019-07-09,108.352415,108.761617,106.709147,107.624962,5425176,Yahoo Finance
2019-07-10,107.943225,108.677185,107.540530,107.624962,3183393,Yahoo Finance
2019-07-11,108.014681,109.826824,107.735380,109.794357,3366501,Yahoo Finance
2019-07-12,110.482845,112.600272,109.930763,112.587280,3780197,Yahoo Finance
2019-07-15,112.613276,113.178362,111.203828,112.262535,2616250,Yahoo Finance
2019-07-16,112.204032,115.126858,112.184545,114.633224,4687004,Yahoo Finance
2019-07-17,114.542312,114.633251,113.080898,113.451126,3525090,Yahoo Finance
2019-07-18,113.288759,113.756410,111.976734,112.405411,2657273,Yahoo Finance
2019-07-19,112.372935,113.009461,111.853319,112.113121,2822919,Yahoo Finance
2019-07-22,112.243021,113.801869,111.801352,113.431641,2397262,Yahoo Finance
2019-07-23,114.315002,115.627028,114.087666,115.302269,2823397,Yahoo Finance
2019-07-24,114.919057,117.101428,114.483884,116.536354,4224631,Yahoo Finance
2019-07-25,121.466170,121.927337,114.743675,115.698463,8804952,Yahoo Finance
2019-07-26,115.373693,115.867326,110.788099,113.002960,4803256,Yahoo Finance
2019-07-29,112.905561,115.367233,112.795146,114.808655,3156124,Yahoo Finance
2019-07-30,114.094148,115.490605,112.886041,115.373695,2366764,Yahoo Finance
2019-07-31,115.386694,115.627021,112.626246,113.483612,3606897,Yahoo Finance
2019-08-01,113.529061,115.399664,112.385910,112.600243,2847915,Yahoo Finance
2019-08-02,112.275503,112.314477,110.294474,110.775116,2898028,Yahoo Finance
2019-08-05,109.735909,109.781379,106.793595,106.981956,3462061,Yahoo Finance
2019-08-06,107.053413,107.482090,105.806331,106.332443,4179781,Yahoo Finance
2019-08-07,105.221777,106.488333,102.649690,106.286980,7167867,Yahoo Finance
2019-08-08,106.761096,107.488561,106.228501,106.663673,3899080,Yahoo Finance
2019-08-09,106.871523,107.007920,105.241235,106.176537,1892192,Yahoo Finance
2019-08-12,105.884261,107.027412,104.929472,105.286697,1762665,Yahoo Finance
2019-08-13,105.585513,109.040936,105.319203,107.092384,3880542,Yahoo Finance
2019-08-14,105.546511,105.786826,103.058856,103.149796,4851096,Yahoo Finance
2019-08-15,103.602082,104.677032,102.009304,102.802422,5325429,Yahoo Finance
2019-08-16,103.457846,106.125561,103.202210,105.856827,4164233,Yahoo Finance
2019-08-19,107.305424,107.462734,106.040389,106.807274,3824808,Yahoo Finance
2019-08-20,106.912143,106.912143,105.502907,105.535683,2465793,Yahoo Finance
2019-08-21,106.636829,107.266070,105.561880,105.627419,1941826,Yahoo Finance
2019-08-22,106.184576,106.794151,104.971970,105.450455,1724154,Yahoo Finance
2019-08-23,104.926093,105.103056,101.773325,102.153496,5051784,Yahoo Finance
2019-08-26,102.913834,103.215344,101.648798,102.330467,2649499,Yahoo Finance
2019-08-27,103.123568,103.221882,101.858520,102.087936,2728196,Yahoo Finance
2019-08-28,101.661908,103.418539,100.940897,103.267784,2806892,Yahoo Finance
2019-08-29,104.414848,105.548793,104.250983,105.109627,3791918,Yahoo Finance
2019-08-30,105.902723,106.282882,105.142382,106.001038,2352532,Yahoo Finance
2019-09-03,105.791295,105.942050,103.077694,103.982224,2195617,Yahoo Finance
2019-09-04,104.762253,105.286612,104.211662,104.919563,1801894,Yahoo Finance
2019-09-05,106.512332,109.075179,106.440226,107.646278,2895994,Yahoo Finance
2019-09-06,107.914974,108.072284,106.807249,107.456154,2107711,Yahoo Finance
2019-09-09,108.150967,110.019023,107.947772,108.767097,3697195,Yahoo Finance
2019-09-10,108.911297,110.838348,108.812983,110.681038,3875279,Yahoo Finance
2019-09-11,111.336498,111.356163,108.393481,110.169777,4280604,Yahoo Finance
2019-09-12,111.179171,112.640846,110.517155,111.808411,3432998,Yahoo Finance
2019-09-13,111.814985,113.053812,111.336500,112.372131,3030903,Yahoo Finance
2019-09-16,112.221386,112.221386,110.058364,111.211975,2941323,Yahoo Finance
2019-09-17,109.960017,110.490931,109.134136,110.163200,3248814,Yahoo Finance
2019-09-18,109.861707,110.150118,108.314827,109.750282,2507653,Yahoo Finance
2019-09-19,109.717510,110.648272,109.402890,109.507759,1941108,Yahoo Finance
2019-09-20,109.743728,110.884229,109.121043,109.304573,4423884,Yahoo Finance
2019-09-23,108.472137,109.743728,107.823232,109.304573,2318566,Yahoo Finance
2019-09-24,109.494639,109.822369,107.600351,107.980522,3572213,Yahoo Finance
2019-09-25,107.993626,108.137826,107.292280,107.495476,3298807,Yahoo Finance
2019-09-26,107.495485,107.764219,106.708935,107.384048,3304907,Yahoo Finance
2019-09-27,107.810120,108.570450,107.180880,107.842896,3432879,Yahoo Finance
2019-09-30,108.288609,108.524580,107.456173,107.757683,3000166,Yahoo Finance
2019-10-01,108.150968,108.288613,103.674169,103.811813,3912714,Yahoo Finance
2019-10-02,102.946591,103.051461,101.353814,102.022385,3554871,Yahoo Finance
2019-10-03,101.688120,101.897871,98.849984,101.747116,3618737,Yahoo Finance
2019-10-04,101.747124,102.284605,101.203088,102.133850,3165094,Yahoo Finance
2019-10-07,101.596355,101.825759,100.626274,100.626274,2955555,Yahoo Finance
2019-10-08,99.846265,100.154330,98.699209,98.804085,3327033,Yahoo Finance
2019-10-09,99.852850,99.918395,98.836890,98.967979,4016886,Yahoo Finance
2019-10-10,98.941727,100.344419,98.889293,99.833153,3817632,Yahoo Finance
2019-10-11,101.026119,104.611487,101.013008,103.628296,5585559,Yahoo Finance
2019-10-14,103.588953,106.440199,103.130133,105.207939,3910681,Yahoo Finance
2019-10-15,104.447614,107.508623,104.447614,106.826942,3705926,Yahoo Finance
2019-10-16,106.905579,107.626590,106.263228,106.302559,2314499,Yahoo Finance
2019-10-17,106.931801,108.472138,106.892471,107.193993,2325742,Yahoo Finance
2019-10-18,107.207100,107.672476,106.826930,106.905579,3221665,Yahoo Finance
2019-10-21,108.459032,108.904742,107.993657,108.767097,2390326,Yahoo Finance
2019-10-22,108.983413,110.713824,108.216516,109.815849,2468544,Yahoo Finance
2019-10-23,109.730587,110.615463,109.173453,110.615463,3243911,Yahoo Finance
2019-10-24,108.255822,108.314817,104.631124,106.112465,7120147,Yahoo Finance
2019-10-25,106.518854,109.874806,106.269773,108.865395,3713341,Yahoo Finance
2019-10-28,109.121046,111.238183,108.937516,110.812126,3753048,Yahoo Finance
2019-10-29,110.136994,111.395474,109.796153,110.648254,3192602,Yahoo Finance
2019-10-30,110.268089,110.490938,109.481539,110.359848,2129358,Yahoo Finance
2019-10-31,110.451608,110.484383,107.200526,108.144386,3173108,Yahoo Finance
2019-11-01,109.422533,111.526559,109.278333,111.487228,2951010,Yahoo Finance
2019-11-04,112.490088,114.705550,112.490088,114.639999,4954789,Yahoo Finance
2019-11-05,114.705601,115.007111,113.899385,114.882576,2756062,Yahoo Finance
2019-11-06,114.646582,114.705578,112.975155,114.050117,3603428,Yahoo Finance
2019-11-07,115.184028,115.826378,113.912437,114.390923,4017125,Yahoo Finance
2019-11-08,114.430271,114.620356,112.811285,113.492966,1932258,Yahoo Finance
2019-11-11,113.066924,113.066924,111.198856,111.500366,3186503,Yahoo Finance
2019-11-12,111.664201,112.785036,111.447907,111.978821,2081518,Yahoo Finance
2019-11-13,111.500350,112.339341,111.152954,111.788750,1960005,Yahoo Finance
2019-11-14,111.415187,112.948957,111.382412,112.037872,1930224,Yahoo Finance
2019-11-15,112.516315,113.191441,112.109936,112.660515,3129812,Yahoo Finance
2019-11-18,111.946061,112.214796,110.884210,111.782196,2828062,Yahoo Finance
2019-11-19,112.555651,112.555651,111.120195,111.873970,2142993,Yahoo Finance
2019-11-20,111.290607,111.428251,109.560184,109.966576,3216642,Yahoo Finance
2019-11-21,110.330207,110.409549,108.763323,109.179832,4312656,Yahoo Finance
2019-11-22,109.417822,110.905376,109.087254,110.806198,3908887,Yahoo Finance
2019-11-25,111.381410,112.630950,110.984724,112.551620,3303232,Yahoo Finance
2019-11-26,112.260731,112.558239,111.540089,111.883881,3122636,Yahoo Finance
2019-11-27,112.392964,113.298713,112.069008,112.796249,1592474,Yahoo Finance
2019-11-29,112.677251,112.776416,111.903726,112.240906,1127230,Yahoo Finance
2019-12-02,112.498755,113.516905,111.229379,111.249214,2801271,Yahoo Finance
2019-12-03,110.078983,110.145089,108.690594,109.199669,3231592,Yahoo Finance
2019-12-04,110.026082,111.645861,109.748409,110.502098,2558483,Yahoo Finance
2019-12-05,110.554986,110.984719,107.579878,108.670746,3957923,Yahoo Finance
2019-12-06,110.574811,113.708591,110.574811,113.364799,4640480,Yahoo Finance
2019-12-09,111.996271,113.225988,111.592985,112.280556,2461607,Yahoo Finance
2019-12-10,111.817753,111.989649,110.389706,110.845886,3193918,Yahoo Finance
2019-12-11,111.321930,111.626050,110.627736,111.559944,2223364,Yahoo Finance
2019-12-12,110.231044,112.954915,109.966583,111.440926,3435390,Yahoo Finance
2019-12-13,112.141729,113.133432,111.123579,111.592995,2509208,Yahoo Finance
2019-12-16,111.692144,112.941684,111.196293,112.888802,3488971,Yahoo Finance
2019-12-17,112.624345,113.576389,111.870656,112.346672,3196430,Yahoo Finance
2019-12-18,112.247492,112.392940,111.196283,111.751640,2715398,Yahoo Finance
2019-12-19,112.141711,114.098669,111.830979,113.814384,3298090,Yahoo Finance
2019-12-20,115.559764,116.009333,113.847420,115.943214,8985548,Yahoo Finance
2019-12-23,116.829154,118.462156,116.729976,117.992752,5832055,Yahoo Finance
2019-12-24,117.860543,118.124992,116.386201,116.809334,1506362,Yahoo Finance
2019-12-26,116.657286,116.796123,116.029210,116.749840,1716499,Yahoo Finance
2019-12-27,116.789505,117.377910,116.108534,117.192802,1761588,Yahoo Finance
2019-12-30,117.192808,118.316735,116.088704,116.247375,2051260,Yahoo Finance
2019-12-31,115.850718,116.749856,115.744929,116.637466,1881906,Yahoo Finance
2020-01-02,117.470436,119.010884,117.113421,119.004272,4307633,Yahoo Finance
2020-01-03,117.034126,118.118382,116.115141,117.979546,2950412,Yahoo Finance
2020-01-06,117.120075,118.151448,116.591164,118.091942,2389608,Yahoo Finance
2020-01-07,117.867162,118.019234,116.901906,117.615936,2598908,Yahoo Finance
2020-01-08,117.682020,119.995993,117.450618,119.420799,3298927,Yahoo Finance
2020-01-09,120.002616,120.055498,118.845629,119.797661,3284575,Yahoo Finance
2020-01-10,120.068722,120.445572,119.096855,119.315033,2516145,Yahoo Finance
2020-01-13,119.625788,120.478654,119.242325,119.612564,2500597,Yahoo Finance
2020-01-14,119.612549,120.690193,119.143145,119.910057,3481795,Yahoo Finance
2020-01-15,119.943102,120.233998,118.462159,118.858833,2968711,Yahoo Finance
2020-01-16,119.453872,119.797663,118.799349,119.672050,2571280,Yahoo Finance
2020-01-17,119.665430,120.425731,119.467087,119.896820,4413360,Yahoo Finance
2020-01-21,120.227365,120.267036,118.098512,118.600975,4027769,Yahoo Finance
2020-01-22,118.680373,119.381167,117.602716,117.701881,2894559,Yahoo Finance
2020-01-23,117.067148,117.972909,116.617579,117.510117,2820646,Yahoo Finance
2020-01-24,118.005972,118.878661,117.371284,117.781181,3161148,Yahoo Finance
2020-01-27,118.911759,119.394387,116.055652,116.115158,5216234,Yahoo Finance
2020-01-28,113.649111,113.940008,109.120343,109.470734,10669157,Yahoo Finance
2020-01-29,109.979805,110.059147,106.793142,107.103874,6391304,Yahoo Finance
2020-01-30,106.442741,107.526997,104.961798,107.441055,5211092,Yahoo Finance
2020-01-31,107.103887,107.533620,104.611406,104.895691,6865399,Yahoo Finance
2020-02-03,105.801448,105.986567,103.388297,103.527145,4694898,Yahoo Finance
2020-02-04,105.629544,105.755157,103.798199,103.956871,5219224,Yahoo Finance
2020-02-05,105.199805,107.322060,104.922133,107.322060,3729367,Yahoo Finance
2020-02-06,108.750089,109.087269,107.414595,107.692268,4082905,Yahoo Finance
2020-02-07,106.713820,107.051000,105.536998,105.834518,3272495,Yahoo Finance
2020-02-10,105.920439,106.614633,105.034513,105.880768,3294741,Yahoo Finance
2020-02-11,106.442762,107.447688,105.794850,107.401405,2721020,Yahoo Finance
2020-02-12,108.584819,109.113730,108.141862,108.293922,3272734,Yahoo Finance
2020-02-13,107.913659,107.987035,106.072401,106.579414,4083024,Yahoo Finance
2020-02-14,106.639460,107.500050,105.952335,107.413330,2671266,Yahoo Finance
2020-02-18,106.979688,107.093107,105.431973,105.992348,2964764,Yahoo Finance
2020-02-19,106.125780,107.053075,105.645442,106.299232,2746494,Yahoo Finance
2020-02-20,106.072393,107.666809,105.738832,105.778862,3917020,Yahoo Finance
2020-02-21,105.625423,105.798863,104.151073,104.691444,4228219,Yahoo Finance
2020-02-24,103.037011,103.210464,101.549330,101.769478,4348178,Yahoo Finance
2020-02-25,102.276495,102.363215,97.379813,97.966881,6295026,Yahoo Finance
2020-02-26,99.781425,101.282450,98.794085,99.374481,6161912,Yahoo Finance
2020-02-27,100.888867,103.690778,99.401185,100.175049,9856954,Yahoo Finance
2020-02-28,102.796834,104.551360,97.399812,99.561287,13753641,Yahoo Finance
2020-03-02,100.962255,102.356539,98.980903,102.083023,9599455,Yahoo Finance
2020-03-03,101.696061,102.736774,96.359090,96.892784,9922614,Yahoo Finance
2020-03-04,98.080288,102.736801,97.393151,102.723457,6905465,Yahoo Finance
2020-03-05,100.601998,102.970284,99.768095,101.008942,7040852,Yahoo Finance
2020-03-06,99.794798,103.230479,98.647349,102.503311,8557500,Yahoo Finance
2020-03-09,97.793413,99.708053,95.765366,96.105598,9800502,Yahoo Finance
2020-03-10,99.414536,102.323183,96.652650,102.269821,6759433,Yahoo Finance
2020-03-11,99.888177,99.888177,97.713358,98.227043,5678847,Yahoo Finance
2020-03-12,93.370382,94.537846,86.952668,89.114143,9826097,Yahoo Finance
2020-03-13,94.070856,94.524502,87.392970,94.517830,7870039,Yahoo Finance
2020-03-16,86.632442,90.395004,85.398267,87.332916,8899197,Yahoo Finance
2020-03-17,88.020076,91.242274,86.465684,89.687881,7816338,Yahoo Finance
2020-03-18,85.698488,92.976786,85.651786,91.409050,8205038,Yahoo Finance
2020-03-19,91.869367,93.517157,88.680522,91.735939,7613377,Yahoo Finance
2020-03-20,92.109539,92.890068,81.862543,83.316872,11468683,Yahoo Finance
2020-03-23,85.498358,85.658467,76.078599,78.633675,9489423,Yahoo Finance
2020-03-24,81.582363,89.027449,80.721779,88.540451,11136793,Yahoo Finance
2020-03-25,88.827309,89.854679,84.591083,87.753242,9260030,Yahoo Finance
2020-03-26,87.920004,90.982093,87.132803,90.848671,8033532,Yahoo Finance
2020-03-27,88.613813,91.442411,87.332937,88.887329,5097711,Yahoo Finance
2020-03-30,88.226889,92.069513,87.433016,91.889389,4627922,Yahoo Finance
2020-03-31,90.521810,93.023519,90.515138,91.068848,4321985,Yahoo Finance
2020-04-01,88.060098,90.621851,87.399647,88.820618,4518010,Yahoo Finance
2020-04-02,88.300290,92.202954,88.126838,92.002815,4772399,Yahoo Finance
2020-04-03,90.735259,91.689247,88.660510,89.254250,4291607,Yahoo Finance
2020-04-06,91.969413,94.230958,91.328978,93.864044,6745081,Yahoo Finance
2020-04-07,98.400491,100.495255,96.332414,96.465836,6573575,Yahoo Finance
2020-04-08,97.219690,99.881507,96.005530,99.394508,3673036,Yahoo Finance
2020-04-09,99.040928,99.888174,97.760057,98.587288,5721305,Yahoo Finance
2020-04-13,98.400497,99.120987,96.932831,97.666664,3160191,Yahoo Finance
2020-04-14,99.814800,100.722086,98.767421,100.161705,3968806,Yahoo Finance
2020-04-15,98.860815,99.100984,96.665987,96.839439,3640504,Yahoo Finance
2020-04-16,96.912820,97.700027,95.551889,96.665985,4987798,Yahoo Finance
2020-04-17,98.360465,99.067611,96.599262,97.706680,6450148,Yahoo Finance
2020-04-20,96.565911,98.080279,95.832077,95.845421,3460028,Yahoo Finance
2020-04-21,94.898120,95.245025,93.730656,94.484505,2787996,Yahoo Finance
2020-04-22,95.638601,96.385778,94.537855,95.805382,3288522,Yahoo Finance
2020-04-23,96.452486,98.453846,95.985497,96.285706,3092019,Yahoo Finance
2020-04-24,96.846116,98.293768,96.272392,98.066948,2687532,Yahoo Finance
2020-04-27,98.734075,103.063698,98.660692,102.503311,5555300,Yahoo Finance
2020-04-28,106.759555,108.794268,103.537351,105.145111,9919744,Yahoo Finance
2020-04-29,105.765547,106.886309,103.517339,104.244507,4768572,Yahoo Finance
2020-04-30,102.943620,103.363902,101.235784,101.349197,4386689,Yahoo Finance
2020-05-01,99.601328,100.094998,98.553942,99.134338,3499974,Yahoo Finance
2020-05-04,99.094283,99.107626,97.439821,99.000885,2666841,Yahoo Finance
2020-05-05,99.994924,100.068307,98.133651,98.353806,2713963,Yahoo Finance
2020-05-06,98.593964,98.847470,97.393141,97.533241,2593646,Yahoo Finance
2020-05-07,98.533922,98.633991,96.665983,97.226364,3349757,Yahoo Finance
2020-05-08,98.120308,99.521269,97.653325,99.074295,2594961,Yahoo Finance
2020-05-11,98.613986,98.707378,97.126298,97.219696,3629382,Yahoo Finance
2020-05-12,97.766736,98.213704,94.364414,94.411110,3623880,Yahoo Finance
2020-05-13,93.870734,93.884072,90.061463,90.808640,5747976,Yahoo Finance
2020-05-14,90.061481,90.828673,87.473052,90.721931,7053649,Yahoo Finance
2020-05-15,89.747910,92.643219,89.527762,92.523140,12095985,Yahoo Finance
2020-05-18,95.505183,99.881501,95.071553,99.581299,7196452,Yahoo Finance
2020-05-19,99.067611,101.169047,98.313763,98.987556,4855640,Yahoo Finance
2020-05-20,99.981571,101.022278,99.287762,99.854820,4100845,Yahoo Finance
2020-05-21,99.538144,100.144510,97.921169,98.237831,3335764,Yahoo Finance
2020-05-22,98.190694,98.797061,97.422631,98.662315,3183034,Yahoo Finance
2020-05-26,101.350509,103.068540,100.521805,102.462173,5521095,Yahoo Finance
2020-05-27,103.749046,106.558534,103.311121,106.551796,7243335,Yahoo Finance
2020-05-28,106.929069,107.710602,103.843341,105.655708,8049917,Yahoo Finance
2020-05-29,104.766370,105.689385,103.115706,105.399681,10324111,Yahoo Finance
2020-06-01,105.069574,106.147562,104.355408,104.820297,2491746,Yahoo Finance
2020-06-02,105.608546,106.854968,105.527691,106.208168,2791225,Yahoo Finance
2020-06-03,107.360281,108.916622,106.801086,108.613441,4394463,Yahoo Finance
2020-06-04,107.636502,109.536449,107.245729,109.516235,3445317,Yahoo Finance
2020-06-05,111.166897,113.423915,111.166897,112.790604,5414531,Yahoo Finance
2020-06-08,112.581763,114.225695,111.348828,112.426804,3573170,Yahoo Finance
2020-06-09,111.490296,113.161167,110.547054,112.312256,3781274,Yahoo Finance
2020-06-10,112.447014,112.743456,110.365168,110.425797,3051355,Yahoo Finance
2020-06-11,107.838640,107.966647,102.617157,102.664322,5999854,Yahoo Finance
2020-06-12,105.291876,106.059932,102.226362,104.341896,3586565,Yahoo Finance
2020-06-15,101.653704,107.542175,101.390945,106.268814,4896185,Yahoo Finance
2020-06-16,109.718337,110.075421,105.702856,107.575851,4050493,Yahoo Finance
2020-06-17,107.932968,108.384370,107.104270,107.272705,2050662,Yahoo Finance
2020-06-18,106.497888,107.683669,106.174495,107.265945,2160096,Yahoo Finance
2020-06-19,108.707758,109.206325,105.419918,106.551796,7660619,Yahoo Finance
2020-06-22,105.776985,106.059951,104.752901,105.568123,2416996,Yahoo Finance
2020-06-23,106.423776,106.902129,105.264946,106.342934,2752953,Yahoo Finance
2020-06-24,105.298632,105.595074,102.212904,102.556511,3639189,Yahoo Finance
2020-06-25,102.441994,104.463211,101.128199,104.207184,2464597,Yahoo Finance
2020-06-26,104.160017,104.281287,102.091635,102.758636,3380374,Yahoo Finance
2020-06-29,103.688393,105.446857,103.405426,104.813545,2565540,Yahoo Finance
2020-06-30,104.368877,105.581610,103.789469,105.096519,3518154,Yahoo Finance
2020-07-01,105.332318,106.315975,104.638365,104.719208,1944218,Yahoo Finance
2020-07-02,106.194700,107.043612,105.413167,105.803940,2371429,Yahoo Finance
2020-07-06,107.036885,107.771265,105.810688,106.518105,2511002,Yahoo Finance
2020-07-07,105.157154,105.844357,104.220650,104.308243,1879753,Yahoo Finance
2020-07-08,104.476677,104.833748,103.668180,104.146545,1987752,Yahoo Finance
2020-07-09,103.701869,104.240862,101.761506,102.037735,2619240,Yahoo Finance
2020-07-10,102.199433,103.250469,101.727819,102.980972,2337582,Yahoo Finance
2020-07-13,103.991597,105.729835,103.863577,104.294777,2652489,Yahoo Finance
2020-07-14,104.294769,107.279429,103.701872,106.814552,3825884,Yahoo Finance
2020-07-15,107.784727,108.727957,107.292899,107.346802,4152871,Yahoo Finance
2020-07-16,107.292890,108.411292,106.477668,108.135063,2154594,Yahoo Finance
2020-07-17,108.377603,108.849230,107.468063,107.683662,3051833,Yahoo Finance
2020-07-20,107.023395,107.036871,105.352524,105.352524,2140960,Yahoo Finance
2020-07-21,105.776993,107.548921,105.770255,106.315987,3297611,Yahoo Finance
2020-07-22,106.066682,107.751029,105.790454,106.929070,2271922,Yahoo Finance
2020-07-23,107.124476,107.562402,106.693276,107.319862,3223340,Yahoo Finance
2020-07-24,107.831890,108.876175,106.935813,107.690407,3019541,Yahoo Finance
2020-07-27,107.481563,110.075451,107.346817,109.981133,3825406,Yahoo Finance
2020-07-28,104.746174,106.100389,103.621033,104.651855,9255605,Yahoo Finance
2020-07-29,105.440140,106.134093,104.375629,105.271706,3973949,Yahoo Finance
2020-07-30,103.964643,104.240871,101.977109,102.489151,3723148,Yahoo Finance
2020-07-31,102.192709,102.239875,100.252347,101.377487,3906614,Yahoo Finance
2020-08-03,101.795190,102.017528,100.595940,101.337051,2708820,Yahoo Finance
2020-08-04,100.993450,101.896259,100.831753,101.876045,2314858,Yahoo Finance
2020-08-05,102.516103,104.699011,102.475676,104.665321,3162702,Yahoo Finance
2020-08-06,105.056083,105.433380,104.213910,105.103249,3451417,Yahoo Finance
2020-08-07,105.096519,106.733701,104.476683,106.673073,2612423,Yahoo Finance
2020-08-10,106.821294,108.876188,106.821294,108.768394,2718269,Yahoo Finance
2020-08-11,110.580751,112.271837,109.846384,110.075447,4502342,Yahoo Finance
2020-08-12,111.166894,111.806943,110.055217,110.668327,2486723,Yahoo Finance
2020-08-13,111.517236,112.844501,110.998456,111.746300,3449264,Yahoo Finance
2020-08-14,110.904127,112.042755,110.843498,111.907997,1922331,Yahoo Finance
2020-08-17,111.281414,112.089899,110.257330,110.971497,2473448,Yahoo Finance
2020-08-18,110.782858,111.463335,110.331457,110.749168,1816844,Yahoo Finance
2020-08-19,111.126471,111.631776,110.344939,110.472946,2407309,Yahoo Finance
2020-08-20,109.832891,110.264079,109.401692,109.799202,2380399,Yahoo Finance
2020-08-21,109.411700,110.608274,109.282527,109.942001,2398698,Yahoo Finance
2020-08-24,109.833200,111.464886,109.561244,111.179344,3114862,Yahoo Finance
2020-08-25,112.083568,112.348724,110.424684,110.886993,2318446,Yahoo Finance
2020-08-26,110.730654,112.022418,109.928409,111.430923,2994066,Yahoo Finance
2020-08-27,111.838838,112.423521,110.941404,111.553284,2781776,Yahoo Finance
2020-08-28,111.934002,112.974207,111.444496,112.627472,3643375,Yahoo Finance
2020-08-31,112.287530,112.688659,110.200322,110.832611,3445796,Yahoo Finance
2020-09-01,110.254725,112.552697,109.894392,112.042793,3469716,Yahoo Finance
2020-09-02,112.287549,115.578132,112.273951,115.244995,4716665,Yahoo Finance
2020-09-03,115.578135,115.863677,112.171978,113.069412,4163635,Yahoo Finance
2020-09-04,114.340764,114.973041,111.430912,112.702278,3907332,Yahoo Finance
2020-09-08,112.573079,112.607075,110.057557,110.934593,3425224,Yahoo Finance
2020-09-09,111.498892,113.769654,111.498892,112.654671,3255153,Yahoo Finance
2020-09-10,113.021805,113.314146,110.649054,110.920998,2456823,Yahoo Finance
2020-09-11,111.118157,113.334538,110.859812,112.974205,2031406,Yahoo Finance
2020-09-14,113.987228,115.190602,113.150987,114.531128,2707983,Yahoo Finance
2020-09-15,115.489733,115.530528,112.974211,113.246155,2459335,Yahoo Finance
2020-09-16,114.129999,116.325983,113.885252,115.244995,3506313,Yahoo Finance
2020-09-17,114.218367,117.753696,113.667668,117.196198,3296296,Yahoo Finance
2020-09-18,116.978636,117.468155,115.217777,115.272171,4885062,Yahoo Finance
2020-09-21,112.845006,113.314114,108.534618,109.703995,4678393,Yahoo Finance
2020-09-22,109.500068,111.274526,109.064944,110.370293,2516145,Yahoo Finance
2020-09-23,110.492664,111.662041,108.181094,108.446251,2688847,Yahoo Finance
2020-09-24,108.371479,110.111953,107.467259,109.064949,1877361,Yahoo Finance
2020-09-25,108.310285,109.445666,108.004333,108.962959,2330884,Yahoo Finance
2020-09-28,110.139127,111.594046,109.683605,109.907967,2509806,Yahoo Finance
2020-09-29,109.914777,110.105142,107.949954,108.650223,2400013,Yahoo Finance
2020-09-30,109.411675,110.886992,107.834370,108.901772,3656052,Yahoo Finance
2020-10-01,109.234924,110.071165,107.229306,107.956772,2378964,Yahoo Finance
2020-10-02,106.379453,110.098348,106.229882,109.024147,2115246,Yahoo Finance
2020-10-05,110.309120,111.158959,109.975983,110.649055,1742572,Yahoo Finance
2020-10-06,111.118152,112.654662,110.023566,110.295509,2418192,Yahoo Finance
2020-10-07,112.246737,114.048403,111.777628,113.191765,2577858,Yahoo Finance
2020-10-08,113.742452,114.320335,112.946994,114.021194,2275510,Yahoo Finance
2020-10-09,114.816649,115.904448,114.184372,115.102203,2410538,Yahoo Finance
2020-10-12,115.217784,115.992832,114.299953,114.660286,1834186,Yahoo Finance
2020-10-13,114.422320,115.204167,112.858613,113.286926,1884059,Yahoo Finance
2020-10-14,113.545295,115.265371,113.395725,114.490311,1716619,Yahoo Finance
2020-10-15,112.892630,115.360557,112.722662,114.952629,1959168,Yahoo Finance
2020-10-16,115.537333,116.985453,115.047827,116.237602,2964406,Yahoo Finance
2020-10-19,116.271580,117.175801,114.809850,115.272171,2284240,Yahoo Finance
2020-10-20,115.918059,117.746911,115.571324,116.223999,2168348,Yahoo Finance
2020-10-21,115.809278,117.012651,114.945840,115.013832,1807276,Yahoo Finance
2020-10-22,115.333348,116.251179,114.483509,116.060814,1989187,Yahoo Finance
2020-10-23,116.883460,117.060227,114.911838,115.442139,2556450,Yahoo Finance
2020-10-26,114.000805,114.279548,111.764026,112.967400,3993205,Yahoo Finance
2020-10-27,111.838828,112.165165,109.221318,109.479675,4657702,Yahoo Finance
2020-10-28,108.650228,110.717027,107.501236,107.779991,3665860,Yahoo Finance
2020-10-29,107.494467,108.901804,106.148322,107.746025,3206356,Yahoo Finance
2020-10-30,107.644036,108.752220,106.739802,108.752220,2672462,Yahoo Finance
2020-11-02,110.268325,111.104566,109.411687,110.778229,2531454,Yahoo Finance
2020-11-03,112.083581,113.422926,111.322132,112.525505,2268692,Yahoo Finance
2020-11-04,110.649063,112.382738,108.711424,108.888191,3756516,Yahoo Finance
2020-11-05,110.247918,111.777629,110.152742,110.954987,2605486,Yahoo Finance
2020-11-06,111.267723,111.702848,109.846800,110.832611,2015260,Yahoo Finance
2020-11-09,118.385972,119.269808,110.920986,111.111351,5284048,Yahoo Finance
2020-11-10,112.307926,115.081806,111.403693,114.993416,4186478,Yahoo Finance
2020-11-11,116.074421,116.081220,113.946417,115.041016,3449742,Yahoo Finance
2020-11-12,114.320346,115.027414,112.573073,113.572495,2651173,Yahoo Finance
2020-11-13,114.163960,115.754864,113.728848,115.435326,2167272,Yahoo Finance
2020-11-16,117.359375,118.222813,115.700492,118.202415,2911423,Yahoo Finance
2020-11-17,117.644918,118.637528,116.162790,118.052834,3097520,Yahoo Finance
2020-11-18,118.637544,118.773516,116.482343,116.529938,3128497,Yahoo Finance
2020-11-19,116.968814,117.867153,116.097920,117.681999,3571256,Yahoo Finance
2020-11-20,117.606585,118.600924,117.236277,118.559776,3177652,Yahoo Finance
2020-11-23,119.156374,119.910695,118.943788,119.416954,2468903,Yahoo Finance
2020-11-24,120.006703,121.529072,119.938122,121.433060,3690856,Yahoo Finance
2020-11-25,121.268498,121.611374,120.315307,121.460510,2454431,Yahoo Finance
2020-11-27,121.940511,123.181727,120.397568,121.302765,1515452,Yahoo Finance
2020-11-30,120.534733,120.692455,118.429469,118.450043,7344995,Yahoo Finance
2020-12-01,119.471823,120.479878,116.584805,116.934540,4616082,Yahoo Finance
2020-12-02,116.756242,118.347179,116.728810,117.846581,2896473,Yahoo Finance
2020-12-03,117.291136,118.902648,117.291136,117.832870,2843849,Yahoo Finance
2020-12-04,118.038575,118.744902,117.633989,118.264877,3185666,Yahoo Finance
2020-12-07,117.757452,118.292341,116.015638,116.680817,3022053,Yahoo Finance
2020-12-08,116.399632,118.518599,116.372199,118.264877,2070037,Yahoo Finance
2020-12-09,118.408901,120.445585,117.901444,120.205566,3337916,Yahoo Finance
2020-12-10,119.917555,120.281005,118.422617,118.971222,2665645,Yahoo Finance
2020-12-11,118.155173,119.766697,118.066031,119.334679,2243337,Yahoo Finance
2020-12-14,120.466145,120.829595,118.628331,118.690041,4425320,Yahoo Finance
2020-12-15,119.588392,120.047842,118.326602,119.787262,2715638,Yahoo Finance
2020-12-16,119.739268,120.589601,119.560971,120.287872,2332080,Yahoo Finance
2020-12-17,120.692472,121.693669,120.274157,121.138206,2784049,Yahoo Finance
2020-12-18,121.213629,121.693654,120.082130,120.980469,5599672,Yahoo Finance
2020-12-21,119.053509,120.781607,118.655781,120.459305,2038702,Yahoo Finance
2020-12-22,120.040954,120.644423,119.444356,119.855812,1651915,Yahoo Finance
2020-12-23,120.212421,120.562156,119.293520,119.314095,2108070,Yahoo Finance
2020-12-24,119.608948,119.862683,118.923195,119.677528,784815,Yahoo Finance
2020-12-28,120.219275,120.966750,119.588386,119.807831,1677988,Yahoo Finance
2020-12-29,120.383825,120.445547,118.738024,119.218048,1457804,Yahoo Finance
2020-12-30,119.238663,119.951848,118.895787,119.396385,1697244,Yahoo Finance
2020-12-31,119.403261,119.917576,118.758657,119.862724,2202195,Yahoo Finance
2021-01-04,120.006703,120.829604,116.955093,117.860291,3583455,Yahoo Finance
2021-01-05,117.956321,118.806654,117.023691,117.661438,2745179,Yahoo Finance
2021-01-06,118.443186,120.397573,117.976877,119.451241,4002294,Yahoo Finance
2021-01-07,117.647718,118.950656,113.944658,116.385941,7012626,Yahoo Finance
2021-01-08,116.008750,116.262485,112.881715,114.260078,5750488,Yahoo Finance
2021-01-11,113.903496,114.616681,113.149176,113.286324,3272974,Yahoo Finance
2021-01-12,113.766378,114.644143,112.518304,114.184692,3527124,Yahoo Finance
2021-01-13,114.705834,115.028136,113.869217,114.026939,2509208,Yahoo Finance
2021-01-14,114.705834,114.767544,113.306897,114.116081,3462898,Yahoo Finance
2021-01-15,113.581196,114.013227,112.038252,113.526344,4246637,Yahoo Finance
2021-01-19,114.698987,116.269362,114.383542,115.974480,4668227,Yahoo Finance
2021-01-20,115.919628,116.975677,115.501314,116.728813,3196071,Yahoo Finance
2021-01-21,116.728813,117.599720,116.159634,117.037399,3215087,Yahoo Finance
2021-01-22,116.715078,116.715078,114.685252,115.919609,2809763,Yahoo Finance
2021-01-25,115.809903,118.285476,115.364169,116.845390,4010308,Yahoo Finance
2021-01-26,119.170101,121.268495,118.004311,120.658180,6158084,Yahoo Finance
2021-01-27,121.590763,128.420857,121.487905,127.995697,9684012,Yahoo Finance
2021-01-28,126.864240,127.947721,125.204710,125.780746,4967825,Yahoo Finance
2021-01-29,125.005840,125.479019,119.917558,120.459305,5043771,Yahoo Finance
2021-02-01,120.671902,121.453655,119.300396,119.800995,3073361,Yahoo Finance
2021-02-02,120.863937,121.741703,119.903876,120.020462,3401902,Yahoo Finance
2021-02-03,120.267273,121.679927,119.012354,120.335854,3437543,Yahoo Finance
2021-02-04,120.548438,121.577067,120.356438,121.446777,2192268,Yahoo Finance
2021-02-05,121.789680,122.907464,121.172507,122.756599,2179590,Yahoo Finance
2021-02-08,122.955440,124.032076,122.866298,123.956650,2816700,Yahoo Finance
2021-02-09,124.272090,124.738399,123.558906,124.080078,2323589,Yahoo Finance
2021-02-10,124.724707,125.067583,123.874373,124.176102,2307084,Yahoo Finance
2021-02-11,124.003250,124.369695,121.576422,122.523651,2617326,Yahoo Finance
2021-02-12,122.565084,123.650578,122.523596,123.553787,1293474,Yahoo Finance
2021-02-16,123.761237,124.238303,121.908266,122.122604,2193464,Yahoo Finance
2021-02-17,121.721574,122.585829,121.092401,122.136421,1887408,Yahoo Finance
2021-02-18,122.551245,124.224437,121.790696,124.017014,2496172,Yahoo Finance
2021-02-19,124.155352,124.985047,121.825328,122.060410,3572213,Yahoo Finance
2021-02-22,122.005071,122.440649,121.002538,121.769989,2716714,Yahoo Finance
2021-02-23,122.751782,122.751782,120.795118,121.804565,2813351,Yahoo Finance
2021-02-24,121.687059,123.056038,120.138315,122.814041,3280150,Yahoo Finance
2021-02-25,122.737951,124.971184,122.675720,123.595291,3150623,Yahoo Finance
2021-02-26,124.065464,124.072379,120.725980,121.037109,4022507,Yahoo Finance
2021-03-01,121.479603,122.724132,121.479603,121.970497,2200640,Yahoo Finance
2021-03-02,122.378443,122.924642,120.850443,122.454491,2717790,Yahoo Finance
2021-03-03,122.675712,124.466452,122.240121,123.111290,2712289,Yahoo Finance
2021-03-04,123.961767,124.577124,120.352640,122.814041,4228697,Yahoo Finance
2021-03-05,123.380961,125.531220,122.343856,125.005753,2706309,Yahoo Finance
2021-03-08,125.137143,128.393653,125.095656,127.059235,3079580,Yahoo Finance
2021-03-09,126.872569,127.321977,125.157876,125.268509,3399152,Yahoo Finance
2021-03-10,126.091271,128.172397,125.427525,127.570869,2835357,Yahoo Finance
2021-03-11,126.616717,127.958037,125.904570,127.612335,2843251,Yahoo Finance
2021-03-12,128.331397,128.746245,127.404912,127.854332,3219154,Yahoo Finance
2021-03-15,128.621788,131.110847,128.400548,131.007141,3946800,Yahoo Finance
2021-03-16,129.983876,130.301932,128.587252,129.188766,2707744,Yahoo Finance
2021-03-17,129.520624,131.359753,129.327030,130.191284,3091780,Yahoo Finance
2021-03-18,130.398711,132.811710,130.398711,132.058075,3648398,Yahoo Finance
2021-03-19,131.781494,132.058050,130.460918,130.474747,7987964,Yahoo Finance
2021-03-22,130.163590,131.200695,129.299335,131.000198,3115939,Yahoo Finance
2021-03-23,130.516251,132.548987,129.914736,130.212036,3311365,Yahoo Finance
2021-03-24,130.281162,133.261102,130.039166,131.843735,3383723,Yahoo Finance
2021-03-25,132.500593,133.689806,131.484231,133.510040,2656316,Yahoo Finance
2021-03-26,133.447761,134.789094,132.894649,134.740692,3202410,Yahoo Finance
2021-03-29,133.869558,136.012902,133.793498,135.335327,3111753,Yahoo Finance
2021-03-30,134.809853,135.950676,134.049316,134.574783,2244533,Yahoo Finance
2021-03-31,134.090773,134.429561,132.784014,133.219604,2902572,Yahoo Finance
2021-04-01,133.613752,134.077001,131.947473,133.233490,2274912,Yahoo Finance
2021-04-05,134.056228,135.480523,133.931779,134.802948,2347748,Yahoo Finance
2021-04-06,134.823694,135.245456,134.125375,134.713074,1761349,Yahoo Finance
2021-04-07,134.242913,135.065680,134.076976,134.789124,1795794,Yahoo Finance
2021-04-08,134.422691,135.978349,134.153036,135.321518,2860593,Yahoo Finance
2021-04-09,135.556583,137.561649,135.556583,136.897903,2582882,Yahoo Finance
2021-04-12,137.036160,137.789782,136.247953,136.780334,2011792,Yahoo Finance
2021-04-13,135.521998,136.434655,135.079506,135.840042,2702601,Yahoo Finance
2021-04-14,135.203949,136.476136,134.837503,136.033630,1883700,Yahoo Finance
2021-04-15,136.400082,136.766528,135.452866,136.538361,1748074,Yahoo Finance
2021-04-16,137.395726,138.052570,136.884088,137.298935,3312322,Yahoo Finance
2021-04-19,136.973929,137.374947,135.978311,137.305801,2631798,Yahoo Finance
2021-04-20,137.547791,137.831262,136.510686,137.105286,1977108,Yahoo Finance
2021-04-21,137.105319,139.317809,136.980870,138.889145,3168204,Yahoo Finance
2021-04-22,138.743978,139.781084,138.405191,138.903000,2650097,Yahoo Finance
2021-04-23,138.972122,140.465562,138.965207,139.801804,2229464,Yahoo Finance
2021-04-26,140.341097,140.348012,137.990330,138.024902,3084364,Yahoo Finance
2021-04-27,132.410729,135.418341,130.419492,134.443466,6249100,Yahoo Finance
2021-04-28,134.823691,136.420836,134.692327,135.466705,3010212,Yahoo Finance
2021-04-29,136.075142,137.872797,135.701782,137.623886,2256852,Yahoo Finance
2021-04-30,136.662845,137.582404,135.604996,136.303314,2998492,Yahoo Finance
2021-05-03,136.890995,137.914272,135.971437,137.319672,2128641,Yahoo Finance
2021-05-04,137.236694,137.976500,136.579863,137.852051,2247284,Yahoo Finance
2021-05-05,138.280675,139.469888,136.814906,139.276306,2414126,Yahoo Finance
2021-05-06,139.165729,140.016154,138.598787,139.947021,2201358,Yahoo Finance
2021-05-07,139.877838,140.956430,139.138032,140.403305,2204946,Yahoo Finance
2021-05-10,141.737749,144.468792,141.087833,143.348724,3842389,Yahoo Finance
2021-05-11,142.844002,143.058341,139.940109,140.852753,3052790,Yahoo Finance
2021-05-12,140.762875,140.838923,137.430305,137.499451,2667798,Yahoo Finance
2021-05-13,137.340386,141.073960,137.167535,140.638382,2014423,Yahoo Finance
2021-05-14,141.046312,141.820690,140.361822,141.309052,1764578,Yahoo Finance
2021-05-17,141.461135,141.979688,140.831962,141.813751,1833109,Yahoo Finance
2021-05-18,141.730805,141.862182,140.223549,140.375656,2119073,Yahoo Finance
2021-05-19,139.601288,140.147487,137.817463,140.078354,2655359,Yahoo Finance
2021-05-20,140.057471,140.823617,139.646537,140.447510,1689350,Yahoo Finance
2021-05-21,140.489284,141.917094,140.050500,140.593765,1838491,Yahoo Finance
2021-05-24,141.248496,141.749968,140.635589,141.116165,1828923,Yahoo Finance
2021-05-25,141.283265,141.387734,140.252459,140.489258,1817202,Yahoo Finance
2021-05-26,140.134097,140.545019,139.507247,140.398758,2209371,Yahoo Finance
2021-05-27,141.387744,142.070304,141.123083,141.554901,2939290,Yahoo Finance
2021-05-28,142.000692,142.355903,141.248477,141.415634,2082475,Yahoo Finance
2021-06-01,142.766798,142.843417,141.074327,141.527054,1874491,Yahoo Finance
2021-06-02,141.896190,142.063348,140.942003,141.589737,2245370,Yahoo Finance
2021-06-03,141.039512,142.550907,140.558936,141.854416,2274912,Yahoo Finance
2021-06-04,142.160849,143.560797,141.924037,143.512039,2234846,Yahoo Finance
2021-06-07,143.720993,144.041377,141.603657,141.896179,1831196,Yahoo Finance
2021-06-08,140.691249,142.112094,140.092274,141.798676,2034874,Yahoo Finance
2021-06-09,141.777761,141.784726,140.649452,141.206635,2042290,Yahoo Finance
2021-06-10,142.188740,142.759854,141.234540,141.478317,2335908,Yahoo Finance
2021-06-11,141.917066,142.711073,140.356926,141.255402,2028775,Yahoo Finance
2021-06-14,140.893248,141.798689,139.590815,140.245514,2088096,Yahoo Finance
2021-06-15,140.551966,140.593759,138.970930,139.723145,2045040,Yahoo Finance
2021-06-16,139.695257,139.987779,137.076449,137.146103,2654761,Yahoo Finance
2021-06-17,137.069501,137.557043,134.422831,135.913330,3091540,Yahoo Finance
2021-06-18,134.450714,134.819856,133.399011,133.447769,6045302,Yahoo Finance
2021-06-21,134.833790,136.951127,134.833790,135.962112,3023966,Yahoo Finance
2021-06-22,135.641691,136.547133,135.188977,135.913330,2120030,Yahoo Finance
2021-06-23,135.676533,136.108364,133.921373,133.977097,3559894,Yahoo Finance
2021-06-24,134.631774,134.938227,133.475603,134.603912,2621393,Yahoo Finance
2021-06-25,134.715353,136.045647,134.631768,135.641678,7385898,Yahoo Finance
2021-06-28,136.345162,137.153100,135.390975,136.860565,2512198,Yahoo Finance
2021-06-29,136.651600,137.786875,136.317285,136.533188,2222168,Yahoo Finance
2021-06-30,136.442680,138.587865,136.191937,138.344101,3100032,Yahoo Finance
2021-07-01,138.915217,139.068444,137.731171,138.664474,2222048,Yahoo Finance
2021-07-02,138.413726,139.500256,137.863508,139.221664,1929028,Yahoo Finance
2021-07-06,136.797902,137.752089,135.648684,137.132217,3045494,Yahoo Finance
2021-07-07,136.602863,139.340071,136.602863,139.200775,2027220,Yahoo Finance
2021-07-08,138.253515,138.984833,137.431658,138.093323,2591852,Yahoo Finance
2021-07-09,139.089292,140.621570,138.775861,139.994720,2925536,Yahoo Finance
2021-07-12,137.974965,140.315169,137.835669,139.284363,2588144,Yahoo Finance
2021-07-13,139.360979,140.085333,138.706280,139.019699,2019207,Yahoo Finance
2021-07-14,139.702257,141.513141,139.305253,141.269363,2939409,Yahoo Finance
2021-07-15,140.294262,141.227553,139.667412,141.102188,2557885,Yahoo Finance
2021-07-16,141.471341,141.534017,138.539113,138.859497,2959024,Yahoo Finance
2021-07-19,137.759069,138.281438,135.892475,137.598877,3762975,Yahoo Finance
2021-07-20,138.142087,140.844468,137.954033,139.869385,3328827,Yahoo Finance
2021-07-21,140.085368,141.304229,139.270464,139.834625,2390924,Yahoo Finance
2021-07-22,140.349964,140.447480,138.378902,138.650528,2033798,Yahoo Finance
2021-07-23,139.653518,140.022660,138.560035,139.639587,1878557,Yahoo Finance
2021-07-26,139.611710,141.206678,139.249546,140.461441,2881403,Yahoo Finance
2021-07-27,137.355078,140.036576,135.753157,139.625641,3587880,Yahoo Finance
2021-07-28,138.824665,139.555983,137.974946,138.100311,2558364,Yahoo Finance
2021-07-29,139.298299,139.298299,137.863535,138.023727,2535759,Yahoo Finance
2021-07-30,137.905290,138.768939,137.348107,137.863510,2284719,Yahoo Finance
2021-08-02,138.650533,139.785821,137.515258,137.570969,1593670,Yahoo Finance
2021-08-03,138.281407,140.837527,137.487412,140.015671,2641007,Yahoo Finance
2021-08-04,139.576941,139.862498,137.348169,137.578003,2460172,Yahoo Finance
2021-08-05,138.288360,138.685364,137.410780,137.765991,1883939,Yahoo Finance
2021-08-06,138.030677,138.775914,137.591880,137.995850,1334975,Yahoo Finance
2021-08-09,137.661558,138.009804,137.055604,137.508331,1427187,Yahoo Finance
2021-08-10,138.072468,138.943082,137.696373,138.775925,1911686,Yahoo Finance
2021-08-11,139.298289,140.531080,138.817713,140.391785,2652010,Yahoo Finance
2021-08-12,140.329095,140.948980,139.549031,140.294281,1473233,Yahoo Finance
2021-08-13,140.154954,140.489269,139.500255,139.702240,2285197,Yahoo Finance
2021-08-16,140.057470,141.227573,139.562963,140.914154,1921972,Yahoo Finance
2021-08-17,140.691250,140.691250,137.626692,138.984848,2736328,Yahoo Finance
2021-08-18,138.302314,138.469472,136.728243,136.867538,2530856,Yahoo Finance
2021-08-19,135.815801,136.672485,135.335225,136.066544,2766109,Yahoo Finance
2021-08-20,136.389368,136.943799,135.708616,136.263046,2867290,Yahoo Finance
2021-08-23,136.852575,137.722817,135.926198,136.628006,2361263,Yahoo Finance
2021-08-24,136.726269,137.624586,136.389402,136.677139,1665310,Yahoo Finance
2021-08-25,136.515726,136.887686,135.252481,136.389404,1928670,Yahoo Finance
2021-08-26,136.284096,137.126263,135.912136,137.077133,1742931,Yahoo Finance
2021-08-27,137.554365,138.017566,136.234972,136.887650,2567214,Yahoo Finance
2021-08-30,136.978962,138.459771,136.691212,137.673752,1511624,Yahoo Finance
2021-08-31,137.449133,137.547381,136.256062,136.670120,3365424,Yahoo Finance
2021-09-01,136.536782,136.677141,135.406878,135.757782,2302778,Yahoo Finance
2021-09-02,136.199919,136.796462,135.778842,136.775406,2505022,Yahoo Finance
2021-09-03,136.473630,137.280704,135.891125,136.424500,1751542,Yahoo Finance
2021-09-07,135.392824,136.550803,130.227509,130.241547,7035231,Yahoo Finance
2021-09-08,130.283678,132.220670,129.848551,131.862747,4374131,Yahoo Finance
2021-09-09,131.617081,132.297834,129.876598,130.360855,3634046,Yahoo Finance
2021-09-10,131.139888,131.399563,129.483627,129.518707,2668874,Yahoo Finance
2021-09-13,130.045059,131.883803,128.851987,129.995941,6035614,Yahoo Finance
2021-09-14,130.290674,130.536312,127.504497,128.023834,3975624,Yahoo Finance
2021-09-15,128.304569,129.911712,127.960683,129.266052,3055182,Yahoo Finance
2021-09-16,129.237970,129.553781,127.602752,128.192276,3054106,Yahoo Finance
2021-09-17,127.090431,128.192274,125.911397,127.371162,12820283,Yahoo Finance
2021-09-20,125.371029,127.546640,125.125391,126.697441,4965912,Yahoo Finance
2021-09-21,127.006251,127.083443,124.711336,125.216637,3564200,Yahoo Finance
2021-09-22,125.841213,126.992186,125.581551,126.213173,2656077,Yahoo Finance
2021-09-23,126.430742,128.325622,126.325475,127.399231,2615054,Yahoo Finance
2021-09-24,127.378202,127.778223,126.760603,127.055359,2483972,Yahoo Finance
2021-09-27,126.907946,128.543164,126.893909,127.581680,2454312,Yahoo Finance
2021-09-28,127.602767,128.325631,126.164070,126.360565,2739318,Yahoo Finance
2021-09-29,126.269320,127.300977,125.742964,126.943054,2003061,Yahoo Finance
2021-09-30,127.532554,127.771161,123.076067,123.111160,3869778,Yahoo Finance
2021-10-01,123.693664,124.507757,122.268992,123.995438,2893483,Yahoo Finance
2021-10-04,122.219898,124.290230,121.960236,123.546310,3600080,Yahoo Finance
2021-10-05,123.644582,125.349973,123.216474,124.837654,2258407,Yahoo Finance
2021-10-06,123.960397,125.307865,123.181396,125.202599,2460890,Yahoo Finance
2021-10-07,126.325467,126.872867,124.711306,124.781479,3442208,Yahoo Finance
2021-10-08,124.620082,124.992042,124.065664,124.184967,2953522,Yahoo Finance
2021-10-11,124.935911,125.342951,123.658616,123.714752,3218556,Yahoo Finance
2021-10-12,123.728789,124.142860,122.907677,123.188408,2578456,Yahoo Finance
2021-10-13,123.244524,125.202571,122.844489,124.339348,2428478,Yahoo Finance
2021-10-14,124.921893,126.606228,124.886800,126.550079,2725923,Yahoo Finance
2021-10-15,126.809721,128.430901,126.802702,127.686981,2584317,Yahoo Finance
2021-10-18,126.879887,127.672937,125.862267,127.532578,2096947,Yahoo Finance
2021-10-19,128.037874,128.325611,127.476425,127.946632,1667344,Yahoo Finance
2021-10-20,128.143138,128.557209,127.757140,128.023834,2139046,Yahoo Finance
2021-10-21,128.325643,128.451965,126.690438,127.813324,1986556,Yahoo Finance
2021-10-22,128.129104,128.634404,126.872865,126.886902,3146556,Yahoo Finance
2021-10-25,126.676381,128.395809,125.939479,128.009811,3235300,Yahoo Finance
2021-10-26,127.076386,129.006359,125.742956,127.841362,3750178,Yahoo Finance
2021-10-27,127.918599,127.967716,124.978012,125.090309,3141892,Yahoo Finance
2021-10-28,125.097322,126.332506,125.090304,126.234245,2326100,Yahoo Finance
2021-10-29,126.121965,126.964133,125.006085,125.399101,3061162,Yahoo Finance
2021-11-01,125.293822,126.143021,124.577989,126.030724,2404558,Yahoo Finance
2021-11-02,126.318474,127.799283,126.051780,127.708054,2646748,Yahoo Finance
2021-11-03,127.581705,128.164210,126.311442,127.890511,2372146,Yahoo Finance
2021-11-04,128.058947,128.402833,126.493916,126.753578,2453474,Yahoo Finance
2021-11-05,127.813297,129.006368,126.992185,127.588715,2169903,Yahoo Finance
2021-11-08,128.192266,128.732660,126.514950,127.406235,2219656,Yahoo Finance
2021-11-09,127.286963,128.129130,126.641303,127.258888,2131750,Yahoo Finance
2021-11-10,127.258859,128.318590,126.325462,128.023834,2048270,Yahoo Finance
2021-11-11,128.437913,128.458956,125.981584,126.472847,2376093,Yahoo Finance
2021-11-12,126.992175,130.746842,126.528974,128.894073,5268021,Yahoo Finance
2021-11-15,129.195849,129.862565,128.360701,128.648438,1750226,Yahoo Finance
2021-11-16,128.648471,129.273087,128.220375,128.690582,2362100,Yahoo Finance
2021-11-17,128.690550,129.041455,127.469405,128.669495,2692316,Yahoo Finance
2021-11-18,128.846376,129.150606,126.426663,126.483269,3029229,Yahoo Finance
2021-11-19,126.957285,127.926580,126.023356,126.808708,2969190,Yahoo Finance
2021-11-22,126.822890,128.966663,126.490344,127.112968,2836792,Yahoo Finance
2021-11-23,127.785109,128.287446,126.398372,126.971466,2325263,Yahoo Finance
2021-11-24,126.624786,126.999773,125.613023,125.676704,1780246,Yahoo Finance
2021-11-26,123.476311,125.110671,122.683882,124.183830,2287111,Yahoo Finance
2021-11-29,124.855977,125.110677,123.801773,124.686172,2780102,Yahoo Finance
2021-11-30,123.603686,124.424404,120.235891,120.306648,6387238,Yahoo Finance
2021-12-01,122.082484,123.568280,120.773580,120.794807,3893698,Yahoo Finance
2021-12-02,121.367892,122.245215,120.186325,120.462265,4027052,Yahoo Finance
2021-12-03,120.207592,122.337227,119.698179,122.110817,3610604,Yahoo Finance
2021-12-06,123.476318,126.136580,123.108407,125.372467,4088646,Yahoo Finance
2021-12-07,125.308781,126.179029,124.650792,124.912567,2778069,Yahoo Finance
2021-12-08,124.877212,125.110685,123.412643,124.551743,2305888,Yahoo Finance
2021-12-09,124.870126,125.513964,124.268729,124.480988,2103286,Yahoo Finance
2021-12-10,125.896033,125.896033,124.601268,125.301712,1846146,Yahoo Finance
2021-12-13,125.230967,125.492743,123.398486,123.518761,3025760,Yahoo Finance
2021-12-14,123.709769,124.947929,123.285265,123.617798,2783690,Yahoo Finance
2021-12-15,123.872508,124.679088,123.023487,124.367783,2559320,Yahoo Finance
2021-12-16,125.025805,126.603574,123.688586,126.157829,2691000,Yahoo Finance
2021-12-17,125.839402,126.164858,123.348932,123.639023,4799189,Yahoo Finance
2021-12-20,122.549469,123.023503,120.957550,122.146179,2369754,Yahoo Finance
2021-12-21,122.712157,123.101295,121.848985,122.344246,2384944,Yahoo Finance
2021-12-22,122.344286,122.563621,121.374991,122.146179,2418312,Yahoo Finance
2021-12-23,122.393820,124.254591,122.245243,123.794708,2339017,Yahoo Finance
2021-12-27,123.922072,125.039957,123.752268,125.018730,1414868,Yahoo Finance
2021-12-28,125.117758,126.292250,125.054090,125.683777,1936204,Yahoo Finance
2021-12-29,125.570557,126.568155,125.393677,126.228546,1461392,Yahoo Finance
2021-12-30,126.554025,126.773359,125.641323,125.683777,1276491,Yahoo Finance
2021-12-31,125.605960,126.186117,124.884289,125.676704,1691862,Yahoo Finance
2022-01-03,126.164900,126.709691,124.410252,125.754547,2309117,Yahoo Finance
2022-01-04,126.278091,128.244997,125.959697,127.516251,3016551,Yahoo Finance
2022-01-05,125.322931,128.612893,125.230960,126.992683,3531070,Yahoo Finance
2022-01-06,127.976127,128.259130,125.613007,125.938477,2996458,Yahoo Finance
2022-01-07,126.030464,127.700216,125.386625,127.318153,3349039,Yahoo Finance
2022-01-10,126.964392,127.233243,125.075318,125.521049,2772328,Yahoo Finance
2022-01-11,125.938513,127.035159,124.820628,126.631882,2707983,Yahoo Finance
2022-01-12,126.646007,127.360602,126.355915,126.943161,2067286,Yahoo Finance
2022-01-13,127.268583,128.301559,126.667186,128.075150,2505261,Yahoo Finance
2022-01-14,127.962010,127.962010,125.705024,126.462074,2734176,Yahoo Finance
2022-01-18,126.065830,126.327605,124.643714,126.136574,2883078,Yahoo Finance
2022-01-19,127.233212,127.969035,125.676672,126.278069,2354446,Yahoo Finance
2022-01-20,126.348843,126.801663,122.620213,122.804169,3369491,Yahoo Finance
2022-01-21,122.683899,124.537607,122.089578,122.153259,4161004,Yahoo Finance
2022-01-24,121.594311,122.549468,119.450525,122.259377,5635193,Yahoo Finance
2022-01-25,122.775889,123.504623,118.870378,122.931541,6041116,Yahoo Finance
2022-01-26,123.306505,123.992798,119.004781,119.783058,5274360,Yahoo Finance
2022-01-27,119.641566,121.778277,119.174608,120.391541,3328229,Yahoo Finance
2022-01-28,119.139212,119.393925,113.585190,115.396431,7441034,Yahoo Finance
2022-01-31,115.113448,117.653449,114.328108,117.462418,6088118,Yahoo Finance
2022-02-01,117.158135,118.834963,116.570903,118.459976,3573528,Yahoo Finance
2022-02-02,118.721794,119.747695,117.306755,117.915215,3816795,Yahoo Finance
2022-02-03,117.632196,117.964728,116.103945,116.309128,3120005,Yahoo Finance
2022-02-04,115.884625,116.556767,113.273868,113.719612,4839614,Yahoo Finance
2022-02-07,113.733768,114.837502,113.210204,114.030922,2919556,Yahoo Finance
2022-02-08,114.214873,115.403502,113.429533,114.908241,2839184,Yahoo Finance
2022-02-09,115.714843,116.217180,114.568654,115.778511,2563746,Yahoo Finance
2022-02-10,114.625236,115.177103,112.509752,113.019165,4345307,Yahoo Finance
2022-02-11,113.316310,114.335136,112.354091,112.877655,4344709,Yahoo Finance
2022-02-14,112.743242,112.913059,109.920251,111.795174,5542742,Yahoo Finance
2022-02-15,112.297492,112.552205,110.549920,111.321121,3989617,Yahoo Finance
2022-02-16,111.080575,111.788095,109.035836,110.111267,5346120,Yahoo Finance
2022-02-17,107.761036,108.203938,106.068005,106.182304,7424409,Yahoo Finance
2022-02-18,105.867970,106.946652,105.182187,105.453644,6002485,Yahoo Finance
2022-02-22,105.867979,106.089433,104.210669,104.832161,5392884,Yahoo Finance
2022-02-23,104.832160,105.246486,102.960540,103.139130,4600534,Yahoo Finance
2022-02-24,101.510394,102.789099,99.824507,102.653374,7304092,Yahoo Finance
2022-02-25,103.160562,108.411099,103.117697,107.518150,8052309,Yahoo Finance
2022-02-28,106.646628,106.889509,104.832154,106.189438,5041499,Yahoo Finance
2022-03-01,106.139427,106.453749,102.974821,103.403435,3963424,Yahoo Finance
2022-03-02,104.017790,105.989422,103.524886,105.167908,4466582,Yahoo Finance
2022-03-03,106.096572,107.146679,105.382213,105.939415,4549823,Yahoo Finance
2022-03-04,104.410689,105.503660,104.110656,104.817871,3869299,Yahoo Finance
2022-03-07,104.110661,104.110661,101.846147,102.353340,5446584,Yahoo Finance
2022-03-08,103.753483,106.775221,102.339053,103.867783,5507939,Yahoo Finance
2022-03-09,105.625091,106.625195,104.646420,104.724998,3991411,Yahoo Finance
2022-03-10,103.824907,104.267809,102.389051,102.817665,4537624,Yahoo Finance
2022-03-11,102.489065,103.210568,100.603163,100.696030,4962682,Yahoo Finance
2022-03-14,101.046079,103.789217,101.046079,102.496223,4676480,Yahoo Finance
2022-03-15,103.489164,103.924922,101.860424,103.089127,3991411,Yahoo Finance
2022-03-16,103.410573,104.489256,102.039002,103.946342,4561305,Yahoo Finance
2022-03-17,103.803495,105.517951,102.974837,105.503670,3332893,Yahoo Finance
2022-03-18,105.060756,106.046572,103.739193,105.953705,9426992,Yahoo Finance
2022-03-21,106.218014,106.968093,105.296495,106.139435,5399820,Yahoo Finance
2022-03-22,106.760927,107.753886,106.082288,107.110962,5085392,Yahoo Finance
2022-03-23,106.932361,106.996658,105.410783,105.496506,3154091,Yahoo Finance
2022-03-24,105.810838,106.603776,105.296501,106.425186,2425608,Yahoo Finance
2022-03-25,106.632361,107.996782,106.375192,107.482445,2688369,Yahoo Finance
2022-03-28,107.103832,107.246702,105.146489,106.775223,3205160,Yahoo Finance
2022-03-29,107.868174,109.239745,107.182391,108.639679,3221067,Yahoo Finance
2022-03-30,108.103904,109.482620,107.703867,108.175339,2864540,Yahoo Finance
2022-03-31,107.475285,108.046775,106.296598,106.353745,3819785,Yahoo Finance
2022-04-01,106.889515,107.053816,104.903595,106.932373,2626894,Yahoo Finance
2022-04-04,106.482330,107.160968,104.353535,106.818077,3147633,Yahoo Finance
2022-04-05,106.189445,107.603874,106.089434,106.368034,2569726,Yahoo Finance
2022-04-06,105.246475,107.432416,105.046459,107.368126,3235778,Yahoo Finance
2022-04-07,106.718043,107.489548,105.410768,107.118080,2630004,Yahoo Finance
2022-04-08,107.868172,108.332507,106.710911,107.018082,3337438,Yahoo Finance
2022-04-11,107.475284,108.739700,107.125248,107.239548,2964645,Yahoo Finance
2022-04-12,108.111066,108.246798,105.789399,106.139435,3125028,Yahoo Finance
2022-04-13,106.096583,106.560918,105.417945,106.196594,2382552,Yahoo Finance
2022-04-14,106.189448,106.860943,105.160768,105.282211,2787996,Yahoo Finance
2022-04-18,105.332211,105.960847,104.117803,104.424980,2123857,Yahoo Finance
2022-04-19,104.903591,107.575293,104.903591,107.225258,2746016,Yahoo Finance
2022-04-20,107.732451,108.939714,107.532429,107.575287,2367960,Yahoo Finance
2022-04-21,108.568264,109.368353,108.089641,108.418251,2795291,Yahoo Finance
2022-04-22,107.725311,107.861036,105.896549,106.560905,3776250,Yahoo Finance
2022-04-25,106.232296,106.460894,104.210662,106.153717,4104911,Yahoo Finance
2022-04-26,103.874924,104.996465,102.060450,103.024834,5789118,Yahoo Finance
2022-04-27,103.424873,104.353536,102.674794,103.017685,3736663,Yahoo Finance
2022-04-28,103.403452,105.532241,102.953406,105.110771,3035089,Yahoo Finance
2022-04-29,105.225064,106.125157,102.774809,103.024834,4966151,Yahoo Finance
2022-05-02,103.232005,105.367938,102.710524,104.232109,4445891,Yahoo Finance
2022-05-03,104.446398,106.332307,104.239239,105.782249,3000405,Yahoo Finance
2022-05-04,106.439464,110.482731,105.639382,110.175560,4418263,Yahoo Finance
2022-05-05,109.418352,109.761243,105.889421,106.768082,3965816,Yahoo Finance
2022-05-06,106.632343,106.989523,104.789299,106.818077,2954479,Yahoo Finance
2022-05-09,106.039418,109.846956,105.682239,108.853996,4979068,Yahoo Finance
2022-05-10,110.011265,110.039841,105.825121,106.525192,4189827,Yahoo Finance
2022-05-11,107.146682,107.246693,104.417834,104.589279,3286608,Yahoo Finance
2022-05-12,104.717862,106.882371,104.303536,106.860939,3371524,Yahoo Finance
2022-05-13,107.303840,107.403851,105.703676,106.653778,3292947,Yahoo Finance
2022-05-16,106.596628,107.746745,104.517848,107.511009,3245585,Yahoo Finance
2022-05-17,108.575400,108.939723,107.525294,108.825424,2519733,Yahoo Finance
2022-05-18,108.289648,108.375371,106.060848,106.389458,3538605,Yahoo Finance
2022-05-19,105.494698,107.442956,103.986595,106.043091,3285053,Yahoo Finance
2022-05-20,106.461613,106.750239,101.807430,103.784554,5017698,Yahoo Finance
2022-05-23,104.325747,105.328734,103.914443,104.181427,3391976,Yahoo Finance
2022-05-24,104.159787,105.509138,101.742502,105.169998,3156005,Yahoo Finance
2022-05-25,104.939085,105.465836,103.582518,105.198853,2244772,Yahoo Finance
2022-05-26,105.884354,107.378024,105.855489,106.100830,2544251,Yahoo Finance
2022-05-27,106.945079,107.890349,106.699744,107.883133,2124933,Yahoo Finance
2022-05-31,106.988362,108.121237,105.299871,107.724373,4956224,Yahoo Finance
2022-06-01,107.753245,107.868700,105.061760,105.653458,2882838,Yahoo Finance
2022-06-02,106.447180,107.002797,104.268013,106.923424,2274074,Yahoo Finance
2022-06-03,106.071947,106.411087,104.859700,105.328720,2244055,Yahoo Finance
2022-06-06,105.631810,106.288448,105.097842,105.501923,1884418,Yahoo Finance
2022-06-07,104.946312,106.064754,103.777355,105.978165,2159139,Yahoo Finance
2022-06-08,105.032884,105.790537,104.116478,104.931862,2046834,Yahoo Finance
2022-06-09,104.996821,106.209076,104.008259,104.037125,2593287,Yahoo Finance
2022-06-10,102.464074,102.803214,99.274703,99.325211,7037144,Yahoo Finance
2022-06-13,98.661363,99.823110,97.860412,98.401596,4922736,Yahoo Finance
2022-06-14,98.625282,99.830320,96.980082,97.593422,3199539,Yahoo Finance
2022-06-15,97.961434,98.625288,96.013175,96.929581,3912236,Yahoo Finance
2022-06-16,95.645177,95.645177,94.043275,94.483437,4458927,Yahoo Finance
2022-06-17,94.360746,95.161697,92.881515,93.689682,8588356,Yahoo Finance
2022-06-21,94.050465,94.584432,93.278373,93.812340,4459166,Yahoo Finance
2022-06-22,92.917600,94.952454,92.499087,94.093773,3468639,Yahoo Finance
2022-06-23,93.956674,94.577230,92.722777,93.913376,2680236,Yahoo Finance
2022-06-24,94.909159,97.088326,94.699906,96.929581,4376523,Yahoo Finance
2022-06-27,96.987294,97.174905,95.457549,95.825554,2856766,Yahoo Finance
2022-06-28,96.590431,97.102750,93.913372,94.043259,2880327,Yahoo Finance
2022-06-29,93.805145,94.050486,92.946470,93.639183,3374036,Yahoo Finance
2022-06-30,92.874300,93.956667,91.856873,93.379402,3995956,Yahoo Finance
2022-07-01,93.379416,93.682482,91.359001,92.715569,4450077,Yahoo Finance
2022-07-05,91.625959,93.401039,90.630181,93.235077,4670739,Yahoo Finance
2022-07-06,93.444347,94.519498,92.333115,93.689682,3625794,Yahoo Finance
2022-07-07,93.898948,94.028828,92.051704,93.841217,4125722,Yahoo Finance
2022-07-08,93.675250,93.920585,92.462996,92.881516,2620795,Yahoo Finance
2022-07-11,92.888722,94.173126,92.758835,93.090759,3221067,Yahoo Finance
2022-07-12,93.199004,95.269933,93.126848,93.949448,3155168,Yahoo Finance
2022-07-13,92.361968,93.437119,92.123843,92.628952,2978399,Yahoo Finance
2022-07-14,91.625966,92.751625,90.832232,92.585663,3020498,Yahoo Finance
2022-07-15,93.711338,94.050478,92.542381,93.898949,3155766,Yahoo Finance
2022-07-18,93.942245,94.396840,92.737207,93.018623,3037601,Yahoo Finance
2022-07-19,94.093780,95.443131,93.848446,95.342110,3363989,Yahoo Finance
2022-07-20,95.334868,96.309004,95.140048,95.977074,2398339,Yahoo Finance
2022-07-21,95.998757,96.684261,95.515304,96.655396,1996244,Yahoo Finance
2022-07-22,97.160468,97.376944,96.316226,96.778030,2104960,Yahoo Finance
2022-07-25,96.691441,97.485182,96.532696,96.778030,2815504,Yahoo Finance
2022-07-26,103.553644,105.133897,99.952970,101.562088,15011235,Yahoo Finance
2022-07-27,100.746726,101.172462,99.267495,100.198326,6016239,Yahoo Finance
2022-07-28,100.948747,101.475498,99.794224,101.287888,3700663,Yahoo Finance
2022-07-29,101.576552,103.705205,100.891055,103.358849,4781967,Yahoo Finance
2022-08-01,102.572304,103.950520,102.161008,103.445412,3415656,Yahoo Finance
2022-08-02,102.889808,103.589743,102.197095,102.283684,3226449,Yahoo Finance
2022-08-03,102.391930,103.770147,102.139379,103.539238,3271658,Yahoo Finance
2022-08-04,103.539220,107.031656,103.329967,106.880127,7062260,Yahoo Finance
2022-08-05,106.079173,107.147107,105.631795,106.367805,5008130,Yahoo Finance
2022-08-08,106.815200,108.344946,106.490486,107.139908,3765606,Yahoo Finance
2022-08-09,107.017240,107.551207,106.209072,106.678093,3628066,Yahoo Finance
2022-08-10,108.150111,108.676862,107.399668,107.789322,3046212,Yahoo Finance
2022-08-11,108.236698,109.275768,107.782104,107.991364,2748767,Yahoo Finance
2022-08-12,108.503692,109.896340,108.236708,109.853043,2806773,Yahoo Finance
2022-08-15,109.239681,109.751999,108.583043,109.268539,2796487,Yahoo Finance
2022-08-16,108.575830,109.181954,107.428523,108.424301,5253430,Yahoo Finance
2022-08-17,107.111028,107.363586,106.122466,106.382240,5832772,Yahoo Finance
2022-08-18,106.360599,106.389464,104.903010,105.841064,6762543,Yahoo Finance
2022-08-19,105.418260,106.176405,104.397688,105.848358,15204987,Yahoo Finance
2022-08-22,104.448722,104.740317,102.808510,103.216743,12179346,Yahoo Finance
2022-08-23,102.786621,103.821780,102.575221,103.333359,18368646,Yahoo Finance
2022-08-24,102.721005,103.216716,101.846228,102.815773,18454878,Yahoo Finance
2022-08-25,102.837655,104.441416,102.524189,104.069633,56637298,Yahoo Finance
2022-08-26,104.711143,104.980867,93.805554,94.140884,45907384,Yahoo Finance
2022-08-29,93.885740,93.885740,91.319724,92.172630,60436750,Yahoo Finance
2022-08-30,92.500681,93.120316,89.686800,91.020844,41236286,Yahoo Finance
2022-08-31,91.013555,92.187217,90.109616,90.649063,37843952,Yahoo Finance
2022-09-01,90.612609,92.136189,90.153349,91.582161,37093222,Yahoo Finance
2022-09-02,91.873750,92.121609,88.316317,88.680809,14735438,Yahoo Finance
2022-09-06,88.469397,88.571455,84.547466,84.999435,36757386,Yahoo Finance
2022-09-07,85.028601,88.389214,84.576632,87.878922,44932165,Yahoo Finance
2022-09-08,86.304326,87.324897,85.407677,86.945831,30786714,Yahoo Finance
2022-09-09,88.403786,89.876327,87.383208,89.737823,31359240,Yahoo Finance
2022-09-12,90.627183,92.230943,90.372040,90.576157,22690392,Yahoo Finance
2022-09-13,89.016120,90.831288,87.645632,87.820587,9287538,Yahoo Finance
2022-09-14,87.908069,87.908069,84.788019,85.677383,6781918,Yahoo Finance
2022-09-15,85.888796,86.559464,84.613076,84.868225,4847149,Yahoo Finance
2022-09-16,83.614354,85.516999,83.184256,85.006714,8685113,Yahoo Finance
2022-09-19,84.569343,85.225429,84.037186,85.028603,3815599,Yahoo Finance
2022-09-20,84.051759,85.436829,83.650822,84.941124,4969619,Yahoo Finance
2022-09-21,85.167105,86.041889,83.687273,83.694557,4468017,Yahoo Finance
2022-09-22,83.220712,83.869501,82.688555,83.206131,4398888,Yahoo Finance
2022-09-23,82.907260,83.228016,81.369106,82.367813,4405705,Yahoo Finance
2022-09-26,82.200128,82.965557,81.813766,82.375084,4303088,Yahoo Finance
2022-09-27,83.198849,83.198849,81.223307,81.945000,3975863,Yahoo Finance
2022-09-28,82.746886,83.621664,82.418846,83.308205,4398649,Yahoo Finance
2022-09-29,82.345924,82.666680,81.354507,81.864799,2769697,Yahoo Finance
2022-09-30,81.646102,82.484434,80.472440,80.552628,3722909,Yahoo Finance
2022-10-03,81.420130,83.118658,80.851521,82.535469,3487536,Yahoo Finance
2022-10-04,83.643544,84.547483,83.607092,84.285049,3352029,Yahoo Finance
2022-10-05,83.351933,84.634944,82.681272,83.956993,3061880,Yahoo Finance
2022-10-06,83.359208,83.789306,80.341216,81.004593,5176408,Yahoo Finance
2022-10-07,80.457865,80.742170,78.066799,78.380264,5138614,Yahoo Finance
2022-10-10,79.116546,79.546644,78.139710,79.065514,3088550,Yahoo Finance
2022-10-11,79.094677,80.516192,78.693733,79.342529,3462898,Yahoo Finance
2022-10-12,79.145693,79.969437,78.912414,79.422707,3290196,Yahoo Finance
2022-10-13,78.365697,83.709142,78.052237,83.293625,5708149,Yahoo Finance
2022-10-14,83.293595,83.949681,82.265727,82.834335,4137323,Yahoo Finance
2022-10-17,84.059068,84.357953,82.586527,83.002045,3592186,Yahoo Finance
2022-10-18,84.372520,84.853651,83.432129,84.525604,3066544,Yahoo Finance
2022-10-19,83.905949,84.328757,82.550041,83.249863,3084006,Yahoo Finance
2022-10-20,83.089499,84.306904,82.294909,82.455284,3758908,Yahoo Finance
2022-10-21,82.484452,85.247295,82.411555,85.152527,3997630,Yahoo Finance
2022-10-24,85.677386,86.851048,85.429526,86.297020,4059344,Yahoo Finance
2022-10-25,82.746887,86.457411,82.484454,86.384514,5997581,Yahoo Finance
2022-10-26,87.179083,89.876319,87.179083,89.446220,5535088,Yahoo Finance
2022-10-27,90.022121,90.721943,88.957808,89.519119,4444934,Yahoo Finance
2022-10-28,89.650349,92.340294,89.307729,92.289268,4559870,Yahoo Finance
2022-10-31,91.924787,92.179930,91.385340,91.698799,5174135,Yahoo Finance
2022-11-01,92.413187,92.653756,90.809427,91.341583,2549633,Yahoo Finance
2022-11-02,91.152054,92.442355,89.409783,89.562874,3063793,Yahoo Finance
2022-11-03,88.921380,90.598038,88.294455,89.555595,2400252,Yahoo Finance
2022-11-04,90.729242,91.392619,89.781561,91.006256,2775438,Yahoo Finance
2022-11-07,90.853173,91.232238,89.883621,90.889618,2289503,Yahoo Finance
2022-11-08,91.385327,92.318427,90.423065,91.378036,2182461,Yahoo Finance
2022-11-09,91.334295,91.618599,90.189794,90.269981,2131750,Yahoo Finance
2022-11-10,93.061978,94.228350,92.486086,94.148163,3779001,Yahoo Finance
2022-11-11,94.468916,97.311946,94.148160,96.940170,4101443,Yahoo Finance
2022-11-14,96.626717,97.618134,95.453055,95.518661,3127899,Yahoo Finance
2022-11-15,96.604840,97.304668,94.600136,95.657166,3008060,Yahoo Finance
2022-11-16,95.824824,95.824824,93.608713,93.849281,3837127,Yahoo Finance
2022-11-17,93.038009,93.827158,91.946482,93.775528,2689804,Yahoo Finance
2022-11-18,94.402446,94.653201,92.853650,93.487923,3798616,Yahoo Finance
2022-11-21,93.399419,94.313942,93.097034,94.129562,2575586,Yahoo Finance
2022-11-22,94.513068,94.896579,93.900929,94.844955,2101492,Yahoo Finance
2022-11-23,94.837577,95.228464,93.841928,94.402443,2810241,Yahoo Finance
2022-11-25,95.051452,95.744723,94.785945,95.169456,1055350,Yahoo Finance
2022-11-28,94.483568,94.830200,91.540866,91.924377,3317106,Yahoo Finance
2022-11-29,91.511353,93.178147,91.459729,93.023270,2228268,Yahoo Finance
2022-11-30,92.853636,93.111773,89.505303,92.905266,6973398,Yahoo Finance
2022-12-01,93.886160,95.044069,92.418497,92.920013,3156005,Yahoo Finance
2022-12-02,92.012858,93.849280,91.629347,93.657524,2178992,Yahoo Finance
2022-12-05,92.241505,92.529138,91.651487,91.917000,2563148,Yahoo Finance
2022-12-06,92.300495,92.728260,90.943461,91.880112,2295722,Yahoo Finance
2022-12-07,91.695734,93.893540,91.526106,93.185524,3230994,Yahoo Finance
2022-12-08,93.664926,95.464469,92.521768,92.927406,4527219,Yahoo Finance
2022-12-09,93.502661,94.055800,92.684015,92.750397,2792540,Yahoo Finance
2022-12-12,92.986392,93.583786,91.599856,93.554283,4637849,Yahoo Finance
2022-12-13,95.471835,95.892218,93.274029,93.878792,3895252,Yahoo Finance
2022-12-14,93.296152,94.749063,92.071868,92.993767,3702457,Yahoo Finance
2022-12-15,92.035000,92.248883,89.792946,90.257584,3990454,Yahoo Finance
2022-12-16,89.468415,89.829799,88.509644,89.748672,9089361,Yahoo Finance
2022-12-19,89.483171,91.282721,89.357797,90.073189,2918360,Yahoo Finance
2022-12-20,89.969938,90.220693,89.018536,89.099663,3471988,Yahoo Finance
2022-12-21,89.851928,91.334342,89.615925,91.054085,3083408,Yahoo Finance
2022-12-22,90.139572,90.346079,87.912263,89.674934,2617326,Yahoo Finance
2022-12-23,89.084904,89.239788,86.879723,88.605522,3120723,Yahoo Finance
2022-12-27,88.605529,89.114414,87.882761,88.664528,2166195,Yahoo Finance
2022-12-28,88.760412,89.239801,87.211623,87.241119,2345356,Yahoo Finance
2022-12-29,87.668873,89.136536,87.395992,88.922653,2464717,Yahoo Finance
2022-12-30,88.244151,88.524408,87.403378,88.443275,2506816,Yahoo Finance
2023-01-03,89.623319,90.449340,88.775170,90.323959,3124909,Yahoo Finance
2023-01-04,90.972953,92.403737,90.500940,92.300484,3312561,Yahoo Finance
2023-01-05,91.607232,91.872738,90.316574,90.685333,3117494,Yahoo Finance
2023-01-06,91.939112,93.760789,91.267974,93.458405,2890732,Yahoo Finance
2023-01-09,93.664909,95.479204,93.008516,93.510025,3434075,Yahoo Finance
2023-01-10,93.716533,94.542554,93.443651,94.498306,1971128,Yahoo Finance
2023-01-11,95.088322,95.280078,94.122176,95.228455,2408146,Yahoo Finance
2023-01-12,95.582459,95.744711,94.247546,95.398079,2200042,Yahoo Finance
2023-01-13,94.712189,95.589840,94.549936,95.516083,2025306,Yahoo Finance
2023-01-17,95.700475,95.803728,93.215042,93.369919,4199036,Yahoo Finance
2023-01-18,93.554284,93.805038,90.169073,90.530457,5093166,Yahoo Finance
2023-01-19,89.977307,90.191183,87.263234,87.344360,5955721,Yahoo Finance
2023-01-20,87.432878,89.025922,86.112724,88.981674,5230706,Yahoo Finance
2023-01-23,88.952164,91.378604,88.804663,90.434578,4080991,Yahoo Finance
2023-01-24,85.581704,88.502278,84.445922,84.814682,12290694,Yahoo Finance
2023-01-25,84.445935,85.729218,83.155276,83.288033,7167867,Yahoo Finance
2023-01-26,83.715782,84.150917,82.425124,83.745285,5532218,Yahoo Finance
2023-01-27,83.878046,85.389964,83.678915,84.999077,4920942,Yahoo Finance
2023-01-30,84.423804,85.552210,83.015141,83.029892,7059868,Yahoo Finance
2023-01-31,83.450279,84.873688,82.882389,84.873688,6065155,Yahoo Finance
2023-02-01,84.482805,86.097969,83.819036,85.448952,3708557,Yahoo Finance
2023-02-02,85.618571,89.129162,85.190812,88.716148,5880971,Yahoo Finance
2023-02-03,87.713124,87.934383,86.134839,86.651100,3208150,Yahoo Finance
2023-02-06,86.134850,86.481482,85.463705,85.920967,2974811,Yahoo Finance
2023-02-07,85.419448,86.444600,84.645057,86.215973,2610509,Yahoo Finance
2023-02-08,85.677597,86.061101,84.822073,84.999077,3003993,Yahoo Finance
2023-02-09,85.869343,86.134856,82.941393,83.288033,4307872,Yahoo Finance
2023-02-10,83.509266,84.239410,83.118380,83.988655,2720302,Yahoo Finance
2023-02-13,84.350035,85.271934,83.929652,85.021179,2688130,Yahoo Finance
2023-02-14,84.659813,84.873689,83.302773,84.232048,2944911,Yahoo Finance
2023-02-15,83.819048,84.681941,83.487160,84.659821,3022651,Yahoo Finance
2023-02-16,84.069458,84.697175,82.769184,83.695816,3223340,Yahoo Finance
2023-02-17,83.665919,84.472990,82.709400,84.435623,3381929,Yahoo Finance
2023-02-21,83.695809,83.994724,81.588471,81.640778,4651364,Yahoo Finance
2023-02-22,81.850022,82.485212,81.087791,81.409126,3175380,Yahoo Finance
2023-02-23,81.977061,82.417964,80.714154,81.386711,3520785,Yahoo Finance
2023-02-24,80.788852,81.110187,79.780020,80.557198,3424028,Yahoo Finance
2023-02-27,81.349335,82.716863,80.856126,80.908440,4252976,Yahoo Finance
2023-02-28,80.796335,81.394165,80.146199,80.512367,4043078,Yahoo Finance
2023-03-01,82.978420,83.942412,82.006948,82.358170,5877981,Yahoo Finance
2023-03-02,82.014417,82.380585,80.497428,82.126511,9076803,Yahoo Finance
2023-03-03,82.784135,83.688346,81.909809,83.142830,3636797,Yahoo Finance
2023-03-06,83.247440,83.411840,81.962112,82.148933,3373677,Yahoo Finance
2023-03-07,82.201249,82.208722,79.989289,80.026649,4033869,Yahoo Finance
2023-03-08,80.288198,80.534799,79.346619,80.078957,4107901,Yahoo Finance
2023-03-09,80.452590,81.125147,78.778674,78.853401,4142585,Yahoo Finance
2023-03-10,78.868370,79.959403,77.523255,77.762390,4417904,Yahoo Finance
2023-03-13,77.470936,78.225693,76.768485,77.343895,5036476,Yahoo Finance
2023-03-14,78.158435,78.591857,75.752175,76.805847,5707312,Yahoo Finance
2023-03-15,75.714814,76.835741,74.930163,76.805847,5850473,Yahoo Finance
2023-03-16,76.058562,78.038867,75.834374,77.874466,4356550,Yahoo Finance
2023-03-17,77.979085,78.061292,76.200548,76.985199,13617297,Yahoo Finance
2023-03-20,77.276646,78.053824,77.134666,77.949203,3255392,Yahoo Finance
2023-03-21,78.644183,78.823530,77.246761,77.934265,3137826,Yahoo Finance
2023-03-22,77.956671,78.128545,75.849326,75.879219,3355378,Yahoo Finance
2023-03-23,75.968895,76.917947,75.296337,75.475685,3800051,Yahoo Finance
2023-03-24,75.004882,75.729753,74.847954,75.580292,4249268,Yahoo Finance
2023-03-27,76.387374,76.432215,75.176774,75.841858,3345690,Yahoo Finance
2023-03-28,75.916592,76.843224,75.707350,76.028679,2945509,Yahoo Finance
2023-03-29,76.828275,77.149604,76.148245,77.112244,3853034,Yahoo Finance
2023-03-30,77.530711,77.657752,76.619026,76.805847,2810241,Yahoo Finance
2023-03-31,77.343901,78.606815,76.977732,78.547028,4319354,Yahoo Finance
2023-04-03,78.576916,79.092539,77.852052,78.143494,4804691,Yahoo Finance
2023-04-04,78.390095,78.390095,76.275283,76.409790,4154067,Yahoo Finance
2023-04-05,76.491989,76.798377,75.983839,76.439682,3171792,Yahoo Finance
2023-04-06,76.484530,76.820812,75.864287,75.894180,2893363,Yahoo Finance
2023-04-10,75.924049,77.067388,75.513040,76.790894,3444719,Yahoo Finance
2023-04-11,77.441040,78.300418,77.201912,78.136017,3530592,Yahoo Finance
2023-04-12,78.464823,78.576917,77.485884,77.994034,3258861,Yahoo Finance
2023-04-13,78.345250,79.540910,77.784794,79.324196,4108499,Yahoo Finance
2023-04-14,79.212112,80.049070,78.472301,79.040237,3341146,Yahoo Finance
2023-04-17,79.331675,80.034118,79.167274,79.794991,2911184,Yahoo Finance
2023-04-18,80.131270,80.183584,79.114964,79.413879,2286872,Yahoo Finance
2023-04-19,78.987927,79.466183,78.808580,79.271889,2293928,Yahoo Finance
2023-04-20,78.808569,78.905710,77.799730,78.263046,4419579,Yahoo Finance
2023-04-21,78.449867,78.554488,77.762370,78.076225,7644593,Yahoo Finance
2023-04-24,78.502193,78.696488,77.986563,78.509666,4229056,Yahoo Finance
2023-04-25,78.972979,80.183580,77.837106,77.994034,6065394,Yahoo Finance
2023-04-26,77.717534,78.614279,76.798375,76.910469,3795386,Yahoo Finance
2023-04-27,77.030029,78.756252,77.030029,78.711418,2862148,Yahoo Finance
2023-04-28,78.696479,79.518491,78.576912,79.376503,4764505,Yahoo Finance
2023-05-01,79.466182,79.832351,78.883306,79.100014,2738003,Yahoo Finance
2023-05-02,78.845946,78.987933,76.716187,76.955315,3602352,Yahoo Finance
2023-05-03,77.343907,78.165919,76.723664,76.843231,2459096,Yahoo Finance
2023-05-04,76.633971,76.955299,75.296330,76.103401,3543987,Yahoo Finance
2023-05-05,76.820794,77.328943,76.260331,77.231796,2324785,Yahoo Finance
2023-05-08,77.388720,77.665215,75.961406,76.477036,2504424,Yahoo Finance
2023-05-09,75.826916,76.036150,75.027318,75.326233,3733194,Yahoo Finance
2023-05-10,75.767132,75.998793,74.429497,75.400963,3281944,Yahoo Finance
2023-05-11,75.102046,75.475688,74.578949,75.311287,3317704,Yahoo Finance
2023-05-12,75.632619,75.677452,74.182884,74.930168,2937496,Yahoo Finance
2023-05-15,74.780704,75.348640,74.182874,75.094559,2878772,Yahoo Finance
2023-05-16,74.728397,74.758291,73.233829,73.241302,4476748,Yahoo Finance
2023-05-17,73.547679,74.960047,73.233818,74.862900,4279288,Yahoo Finance
2023-05-18,74.680833,75.742935,74.392548,75.591202,3485503,Yahoo Finance
2023-05-19,76.053976,76.220883,74.855322,75.128433,3229080,Yahoo Finance
2023-05-22,75.014633,77.411948,74.589796,77.161598,5008011,Yahoo Finance
2023-05-23,77.161609,78.018876,76.365030,76.395378,4324975,Yahoo Finance
2023-05-24,76.205715,76.395375,73.565637,73.580811,4942590,Yahoo Finance
2023-05-25,73.247006,73.747712,72.336636,73.626328,3731042,Yahoo Finance
2023-05-26,73.626335,73.922207,73.110454,73.542885,3333730,Yahoo Finance
2023-05-30,73.535287,73.740121,72.222835,72.875267,3433477,Yahoo Finance
2023-05-31,72.071098,72.655254,70.697957,70.788994,7405273,Yahoo Finance
2023-06-01,70.910389,71.752483,70.083470,71.524887,3982082,Yahoo Finance
2023-06-02,72.905611,79.316144,72.860089,77.783684,16938828,Yahoo Finance
2023-06-05,76.547098,77.753339,74.278754,74.331863,7070752,Yahoo Finance
2023-06-06,74.392545,75.583612,73.808389,74.567032,5351024,Yahoo Finance
2023-06-07,74.893261,76.744348,74.043581,76.622963,3996075,Yahoo Finance
2023-06-08,76.471235,76.888492,75.545692,76.440887,3768476,Yahoo Finance
2023-06-09,76.395377,77.070571,74.498769,75.788460,5398266,Yahoo Finance
2023-06-12,76.129838,77.715408,76.023634,76.820206,4185880,Yahoo Finance
2023-06-13,76.820202,78.246452,76.501576,77.942993,3926827,Yahoo Finance
2023-06-14,78.261630,78.648539,76.751930,77.343674,3888196,Yahoo Finance
2023-06-15,77.305750,78.967183,77.093328,78.754761,3375590,Yahoo Finance
2023-06-16,79.088547,79.574079,78.269215,79.308556,7412210,Yahoo Finance
2023-06-20,77.973340,78.087137,76.683649,77.609192,3284455,Yahoo Finance
2023-06-21,77.131249,77.601607,76.471229,76.979523,3011648,Yahoo Finance
2023-06-22,76.842977,76.858151,75.591214,76.190544,3103500,Yahoo Finance
2023-06-23,78.367858,78.519584,75.469843,76.410561,9342315,Yahoo Finance
2023-06-26,75.864324,76.539517,75.462248,76.175369,4371858,Yahoo Finance
2023-06-27,75.803631,76.031227,74.400142,74.544281,6493562,Yahoo Finance
2023-06-28,74.544274,75.310505,74.172540,74.779457,4539538,Yahoo Finance
2023-06-29,74.422903,75.454657,74.286344,75.287750,4182292,Yahoo Finance
2023-06-30,75.871921,76.167793,75.257424,75.932617,6084052,Yahoo Finance
2023-07-03,76.016043,76.956760,75.803621,76.729164,1913002,Yahoo Finance
2023-07-05,76.463653,76.903664,74.779467,74.824982,4716306,Yahoo Finance
2023-07-06,74.347030,74.407726,72.503531,73.064926,6137035,Yahoo Finance
2023-07-07,72.973889,75.098086,72.958715,73.808395,4770126,Yahoo Finance
2023-07-10,73.679420,74.733935,73.497346,73.732529,4506408,Yahoo Finance
2023-07-11,74.908419,77.404358,74.635308,77.320908,7477392,Yahoo Finance
2023-07-12,78.504393,79.103724,77.017454,77.055389,4345307,Yahoo Finance
2023-07-13,77.154021,78.079564,77.002288,78.034042,2980552,Yahoo Finance
2023-07-14,77.950579,78.026442,77.040209,77.609192,2650097,Yahoo Finance
2023-07-17,77.305748,77.472648,76.471242,77.154022,2753312,Yahoo Finance
2023-07-18,77.093320,78.549917,76.888492,78.147835,2978877,Yahoo Finance
2023-07-19,78.026449,78.716816,77.836788,78.504395,2498324,Yahoo Finance
2023-07-20,78.269231,79.452712,77.768525,79.118912,3428095,Yahoo Finance
2023-07-21,79.027861,79.308559,78.307153,79.149246,2992392,Yahoo Finance
2023-07-24,79.300985,80.112730,78.883728,79.103737,3986746,Yahoo Finance
2023-07-25,81.592076,84.095595,81.182406,83.321777,10499564,Yahoo Finance
2023-07-26,83.329378,85.779796,83.329378,85.453583,6691620,Yahoo Finance
2023-07-27,83.792128,85.832882,83.792128,84.353523,6713746,Yahoo Finance
2023-07-28,84.869412,85.279082,84.247327,84.876999,3479762,Yahoo Finance
2023-07-31,84.876999,85.172871,84.103182,84.588715,8661312,Yahoo Finance
2023-08-01,84.588724,84.907357,83.701109,83.875603,3414819,Yahoo Finance
2023-08-02,83.071438,83.374897,82.054858,82.623840,3810934,Yahoo Finance
2023-08-03,82.312781,82.570718,81.121714,81.318962,3374514,Yahoo Finance
2023-08-04,81.599678,81.918304,79.710657,80.044456,3487775,Yahoo Finance
2023-08-07,80.416165,80.833421,79.574072,79.832008,3001242,Yahoo Finance
2023-08-08,79.134090,79.202366,77.798877,78.989944,3483350,Yahoo Finance
2023-08-09,78.823018,79.422348,78.451283,78.678879,2565540,Yahoo Finance
2023-08-10,78.952008,80.302388,78.420953,78.823036,2633951,Yahoo Finance
2023-08-11,78.769925,79.498221,78.474054,79.316147,1947925,Yahoo Finance
2023-08-14,79.020288,79.134086,78.064397,78.458893,3653062,Yahoo Finance
2023-08-15,77.798853,78.049203,76.562264,76.729164,4000859,Yahoo Finance
2023-08-16,76.448487,77.176783,76.213311,76.463661,3412666,Yahoo Finance
2023-08-17,76.797458,77.927843,76.698841,77.229889,4071304,Yahoo Finance
2023-08-18,76.983475,77.376162,76.675478,77.006569,3150742,Yahoo Finance
2023-08-21,76.998878,77.075876,75.866996,76.375191,2754029,Yahoo Finance
2023-08-22,76.744782,76.783284,75.543603,75.851593,3097879,Yahoo Finance
2023-08-23,76.036401,77.137489,75.227917,76.729393,3904820,Yahoo Finance
2023-08-24,76.436780,77.514766,75.836187,75.843887,2272400,Yahoo Finance
2023-08-25,76.213486,76.544584,75.474299,76.190392,2617566,Yahoo Finance
2023-08-28,81.087540,81.349334,78.993171,80.171249,9135646,Yahoo Finance
2023-08-29,80.841129,82.273308,80.756431,81.287727,6270867,Yahoo Finance
2023-08-30,81.226130,81.503326,79.778550,80.425346,3915584,Yahoo Finance
2023-08-31,81.572606,83.412873,81.226107,82.134697,7781296,Yahoo Finance
2023-09-01,82.619806,83.389795,81.703515,82.350311,4354038,Yahoo Finance
2023-09-05,82.234813,83.358994,81.911415,82.273308,5817583,Yahoo Finance
2023-09-06,82.019217,82.242516,81.110627,81.903717,3210423,Yahoo Finance
2023-09-07,81.757426,82.227119,80.818034,81.580330,3476652,Yahoo Finance
2023-09-08,81.680412,81.919112,81.172224,81.803612,3317824,Yahoo Finance
2023-09-11,82.388806,83.328191,82.227110,83.074097,3398314,Yahoo Finance
2023-09-12,82.812313,83.774799,82.442719,82.512016,3823134,Yahoo Finance
2023-09-13,82.496596,82.750690,77.391569,77.807365,9059820,Yahoo Finance
2023-09-14,78.230857,79.747734,77.930561,78.785248,5004184,Yahoo Finance
2023-09-15,78.454152,78.854547,77.499366,77.815063,7178631,Yahoo Finance
2023-09-18,77.815076,78.461865,77.083582,77.799675,5141006,Yahoo Finance
2023-09-19,77.776573,77.961370,76.898785,77.175987,3192483,Yahoo Finance
2023-09-20,77.037383,77.691872,76.213491,76.221191,2936300,Yahoo Finance
2023-09-21,75.882407,76.398303,74.996918,75.066216,4252856,Yahoo Finance
2023-09-22,75.143216,75.304911,74.380927,74.719719,4172724,Yahoo Finance
2023-09-25,74.357826,74.611920,72.194153,72.987244,5315263,Yahoo Finance
2023-09-26,72.656145,73.233637,72.086354,72.286545,4159927,Yahoo Finance
2023-09-27,72.479038,72.663835,71.678254,71.963150,3669089,Yahoo Finance
2023-09-28,71.647463,72.255756,71.154669,71.809158,4883866,Yahoo Finance
2023-09-29,72.378953,72.640748,71.878459,72.086357,3640744,Yahoo Finance
2023-10-02,71.339461,71.478062,68.767699,69.468391,9823466,Yahoo Finance
2023-10-03,69.106512,69.252806,67.882224,68.367317,6428620,Yahoo Finance
2023-10-04,68.221013,68.421211,67.227725,67.774422,7799475,Yahoo Finance
2023-10-05,67.759029,67.943826,66.642540,67.628128,5812799,Yahoo Finance
2023-10-06,67.297012,68.690696,66.473127,68.067001,5331888,Yahoo Finance
2023-10-09,67.812917,68.590606,67.720518,68.567505,2822082,Yahoo Finance
2023-10-10,69.298992,70.061280,68.690698,69.791779,4435844,Yahoo Finance
2023-10-11,69.914979,70.053580,69.106495,69.599281,2536955,Yahoo Finance
2023-10-12,69.707103,69.707103,68.113228,68.544418,2796128,Yahoo Finance
2023-10-13,68.683003,69.183498,67.959217,68.282608,2809284,Yahoo Finance
2023-10-16,68.467418,69.406803,68.182522,69.252808,3186862,Yahoo Finance
2023-10-17,68.659896,70.099775,68.590599,69.722481,2535759,Yahoo Finance
2023-10-18,69.083391,69.144987,67.859110,68.067001,3214130,Yahoo Finance
2023-10-19,67.759018,68.382706,67.004423,67.035225,3667295,Yahoo Finance
2023-10-20,66.765733,67.235425,66.519339,66.642532,3056258,Yahoo Finance
2023-10-23,66.219031,66.858119,65.718536,65.911034,4158014,Yahoo Finance
2023-10-24,69.383687,69.938078,68.082403,69.391388,7675928,Yahoo Finance
2023-10-25,68.837001,69.614690,68.298011,68.829308,4618593,Yahoo Finance
2023-10-26,69.114216,69.722510,67.990034,68.259529,4623975,Yahoo Finance
2023-10-27,68.621416,68.713814,66.965938,67.389435,3962109,Yahoo Finance
2023-10-30,67.805223,69.091108,67.589625,68.929405,3161626,Yahoo Finance
2023-10-31,68.898605,70.507880,68.844702,70.030487,5555659,Yahoo Finance
2023-11-01,70.192171,70.338472,68.967890,69.730179,4181934,Yahoo Finance
2023-11-02,70.530992,71.146980,70.099795,71.077682,3144404,Yahoo Finance
2023-11-03,72.009355,73.010344,71.662863,72.271156,3266396,Yahoo Finance
2023-11-06,72.248038,72.317335,71.585849,72.009338,2578217,Yahoo Finance
2023-11-07,71.547368,71.955464,71.277873,71.724464,2636223,Yahoo Finance
2023-11-08,71.916951,71.916951,70.276874,71.085365,4142466,Yahoo Finance
2023-11-09,71.285554,71.770647,70.569461,70.607964,2540543,Yahoo Finance
2023-11-10,70.838982,71.655167,70.577181,71.462669,2864420,Yahoo Finance
2023-11-13,71.377970,71.709062,70.777377,71.370270,2551307,Yahoo Finance
2023-11-14,72.378952,73.526235,72.325048,73.125839,3972394,Yahoo Finance
2023-11-15,73.487738,74.842920,73.487738,74.550323,4533079,Yahoo Finance
2023-11-16,74.996114,75.434097,74.229651,74.855339,3661913,Yahoo Finance
2023-11-17,75.285512,75.355907,74.307879,74.565979,9073693,Yahoo Finance
2023-11-20,74.315680,74.495564,73.877705,74.284401,3986627,Yahoo Finance
2023-11-21,74.002852,74.112347,73.314605,73.510132,3239605,Yahoo Finance
2023-11-22,74.276580,74.910082,74.010659,74.589424,2863463,Yahoo Finance
2023-11-24,74.534682,75.066518,74.393907,75.043053,1267640,Yahoo Finance
2023-11-27,75.082157,76.224036,75.035234,75.919014,3939504,Yahoo Finance
2023-11-28,75.801681,77.506675,75.504480,77.045227,5184182,Yahoo Finance
2023-11-29,77.623984,77.780409,76.740204,77.013947,3087594,Yahoo Finance
2023-11-30,77.146914,78.273151,76.849714,77.483223,7190950,Yahoo Finance
2023-12-01,77.303327,78.374811,76.771491,78.093254,3329425,Yahoo Finance
2023-12-04,78.476504,81.166946,78.390473,80.901031,6016119,Yahoo Finance
2023-12-05,80.361370,80.556896,79.336815,79.532341,3675786,Yahoo Finance
2023-12-06,79.516696,81.010520,79.485409,80.392654,4285029,Yahoo Finance
2023-12-07,80.596003,81.049622,80.087633,80.775887,2831650,Yahoo Finance
2023-12-08,80.846260,82.050705,80.556881,80.846260,4119024,Yahoo Finance
2023-12-11,81.104369,81.503244,80.337907,80.682030,4169136,Yahoo Finance
2023-12-12,81.018332,81.127828,80.040707,80.212769,5590463,Yahoo Finance
2023-12-13,79.774786,81.503245,77.983769,81.487602,7142512,Yahoo Finance
2023-12-14,82.105457,84.178039,82.089814,83.716599,6894342,Yahoo Finance
2023-12-15,83.176951,84.099839,82.871936,83.669678,13255507,Yahoo Finance
2023-12-18,83.685317,83.919951,82.637297,82.801537,3616704,Yahoo Finance
2023-12-19,83.192600,83.489800,82.817190,83.098747,3151101,Yahoo Finance
2023-12-20,82.746796,83.114384,81.049623,81.080910,3883890,Yahoo Finance
2023-12-21,81.511078,82.613849,81.425047,82.559105,2624263,Yahoo Finance
2023-12-22,82.809363,84.005987,82.707689,83.161308,2728913,Yahoo Finance
2023-12-26,83.137836,84.928854,83.114371,84.553444,3332176,Yahoo Finance
2023-12-27,84.467423,85.327738,84.217152,85.046181,2922785,Yahoo Finance
2023-12-28,84.983606,86.172408,84.975785,85.789177,3360282,Yahoo Finance
2023-12-29,85.640584,86.000350,85.054004,85.499802,2887622,Yahoo Finance
2024-01-02,84.952317,86.547816,84.819364,86.031624,3321053,Yahoo Finance
2024-01-03,85.429421,85.609305,83.528908,84.303192,3547575,Yahoo Finance
2024-01-04,84.529993,85.515447,84.240614,84.600388,3319976,Yahoo Finance
2024-01-05,84.451772,85.632753,84.115471,84.928856,1991579,Yahoo Finance
2024-01-08,84.670760,85.218231,84.146747,85.140022,2535042,Yahoo Finance
2024-01-09,84.623839,85.484161,83.959050,85.327736,2939768,Yahoo Finance
2024-01-10,85.265179,85.343388,84.342291,84.702065,2391761,Yahoo Finance
2024-01-11,84.702068,85.249539,83.849567,85.186974,3212217,Yahoo Finance
2024-01-12,85.577997,86.156755,84.381373,84.561256,3490526,Yahoo Finance
2024-01-16,84.209325,84.522168,83.435040,84.185860,3631534,Yahoo Finance
2024-01-17,83.568005,84.201514,82.535628,82.965782,3156842,Yahoo Finance
2024-01-18,83.161299,83.481965,82.387015,83.247337,2981748,Yahoo Finance
2024-01-19,83.481967,84.748979,82.199313,84.279716,3910322,Yahoo Finance
2024-01-22,84.858480,85.570199,83.998165,84.483070,5879656,Yahoo Finance
2024-01-23,78.883188,78.883188,73.603980,75.160370,32544236,Yahoo Finance
2024-01-24,75.582685,75.895528,72.524656,72.923531,11202454,Yahoo Finance
2024-01-25,73.345876,75.301141,73.212922,75.066513,7322988,Yahoo Finance
2024-01-26,75.254224,75.786052,74.917915,75.074333,4449359,Yahoo Finance
2024-01-29,75.082141,75.778216,74.644165,75.379341,4544800,Yahoo Finance
2024-01-30,75.215107,75.481021,74.127979,74.886620,3827798,Yahoo Finance
2024-01-31,75.035241,75.035241,73.643091,73.791695,8260533,Yahoo Finance
2024-02-01,73.822955,75.097788,73.471010,75.011757,3943571,Yahoo Finance
2024-02-02,74.519045,74.612897,73.744761,74.198380,4440030,Yahoo Finance
2024-02-05,73.713476,73.713476,72.407356,72.524673,5354372,Yahoo Finance
2024-02-06,72.532489,73.400625,72.266568,73.330231,4453186,Yahoo Finance
2024-02-07,73.987216,74.073247,73.126901,73.392815,4521956,Yahoo Finance
2024-02-08,73.635248,73.815131,72.509019,72.892250,4741303,Yahoo Finance
2024-02-09,72.892258,72.970467,72.258749,72.657623,4388244,Yahoo Finance
2024-02-12,72.829692,74.346975,72.774941,74.010666,4893673,Yahoo Finance
2024-02-13,72.970458,73.510115,71.476634,72.469910,5496338,Yahoo Finance
2024-02-14,72.735838,72.923550,72.086692,72.282219,6024132,Yahoo Finance
2024-02-15,72.751326,73.594125,72.441238,73.451012,4559391,Yahoo Finance
2024-02-16,73.037552,73.188617,72.520737,72.552544,5345522,Yahoo Finance
2024-02-20,72.433277,73.538462,71.972117,73.005745,5174614,Yahoo Finance
2024-02-21,72.854677,73.125015,72.337870,72.918289,4061855,Yahoo Finance
2024-02-22,72.799039,73.482821,72.465096,73.331757,5083837,Yahoo Finance
2024-02-23,73.458944,73.896250,73.077299,73.610016,3774217,Yahoo Finance
2024-02-26,73.291979,73.546414,72.703608,73.005745,3914388,Yahoo Finance
2024-02-27,73.148888,73.427171,72.735437,73.387413,2736807,Yahoo Finance
2024-02-28,73.148867,73.649779,72.687707,72.719513,3543030,Yahoo Finance
2024-02-29,73.148867,73.379440,72.640004,73.244278,6169446,Yahoo Finance
2024-03-01,73.180673,73.180673,72.266310,73.037560,4064128,Yahoo Finance
2024-03-04,72.433282,73.029605,71.940323,72.703613,6678703,Yahoo Finance
2024-03-05,72.886480,74.254044,72.806971,73.697479,5251636,Yahoo Finance
2024-03-06,74.333566,74.492583,73.093212,73.562317,3591349,Yahoo Finance
2024-03-07,73.983726,74.182500,73.236338,73.641838,3751613,Yahoo Finance
2024-03-08,74.333569,75.327440,74.087086,74.659554,4925846,Yahoo Finance
2024-03-11,74.723178,75.104823,74.309726,74.778831,4206571,Yahoo Finance
2024-03-12,79.668678,80.185485,77.243630,78.491936,16737302,Yahoo Finance
2024-03-13,79.287020,82.761592,78.873569,82.745689,12935338,Yahoo Finance
2024-03-14,82.181171,83.119389,81.290663,81.990349,8282539,Yahoo Finance
2024-03-15,81.894937,83.914485,81.720017,83.485130,32098966,Yahoo Finance
2024-03-18,83.111434,84.510804,83.023974,83.326111,6622491,Yahoo Finance
2024-03-19,84.113257,85.075321,83.127337,83.739563,6987869,Yahoo Finance
2024-03-20,83.477169,86.745016,83.039871,85.957870,8390299,Yahoo Finance
2024-03-21,86.029416,86.816568,85.703431,85.767036,7886663,Yahoo Finance
2024-03-22,85.552374,85.965826,84.876544,84.900398,5321243,Yahoo Finance
2024-03-25,84.200708,84.924248,83.310201,83.357903,6680019,Yahoo Finance
2024-03-26,82.737738,83.222746,81.417875,81.600746,7279693,Yahoo Finance
2024-03-27,81.894918,83.294288,81.886966,83.159126,4641676,Yahoo Finance
2024-03-28,83.175031,84.486941,83.159135,84.335876,5245776,Yahoo Finance
2024-04-01,86.582665,89.711236,83.901027,89.406937,13004800,Yahoo Finance
2024-04-02,88.532081,89.787315,87.390962,88.284836,8912000,Yahoo Finance
2024-04-03,88.760295,90.053568,87.961513,88.617661,6060200,Yahoo Finance
2024-04-04,89.853878,90.975982,85.802899,86.097687,5864200,Yahoo Finance
2024-04-05,85.993077,86.934501,85.146745,86.563637,3514000,Yahoo Finance
2024-04-08,86.725301,88.332384,86.725301,87.419487,3706700,Yahoo Finance
2024-04-09,87.581152,88.627180,87.486060,88.066132,4236600,Yahoo Finance
2024-04-10,87.276843,88.161213,86.126212,88.085136,3494900,Yahoo Finance
2024-04-11,88.284840,88.969515,87.942510,88.608162,2993700,Yahoo Finance
2024-04-12,88.208763,88.256306,86.677757,86.829903,3590800,Yahoo Finance
2024-04-15,87.467033,88.227777,86.297379,86.820396,3674800,Yahoo Finance
2024-04-16,86.478061,86.848925,85.745837,86.582664,3037000,Yahoo Finance
2024-04-17,87.229287,87.590640,85.897976,86.497063,3421600,Yahoo Finance
2024-04-18,86.915493,87.894955,86.411498,86.991570,3069400,Yahoo Finance
2024-04-19,86.763328,87.866416,86.630198,87.742790,3588500,Yahoo Finance
2024-04-22,87.999554,88.161211,87.200764,88.075630,2992900,Yahoo Finance
2024-04-23,88.417981,89.425970,88.237301,88.436996,3729800,Yahoo Finance
2024-04-24,88.047091,88.655696,86.934499,87.505058,3813400,Yahoo Finance
2024-04-25,87.096164,87.486051,86.202290,86.925003,2954800,Yahoo Finance
2024-04-26,87.010584,87.666732,86.611193,87.324394,4520900,Yahoo Finance
2024-04-29,87.067632,88.075628,87.067632,87.638199,4905000,Yahoo Finance
2024-04-30,91.033044,93.039511,89.178716,91.774773,16731900,Yahoo Finance
2024-05-01,93.286755,94.808250,92.506988,93.610077,11062600,Yahoo Finance
2024-05-02,93.153636,93.572050,91.907913,92.060059,6317100,Yahoo Finance
2024-05-03,92.792272,93.372343,92.088575,92.383369,4818500,Yahoo Finance
2024-05-06,92.326313,92.953934,91.803303,91.850845,4329500,Yahoo Finance
2024-05-07,91.850841,92.411897,90.833341,90.852364,4409000,Yahoo Finance
2024-05-08,90.709715,91.708200,90.348362,91.622612,3489900,Yahoo Finance
2024-05-09,91.375370,92.602077,91.194697,92.554535,2584200,Yahoo Finance
2024-05-10,93.714674,94.770213,93.353314,94.076027,4157900,Yahoo Finance
2024-05-13,94.142605,96.748166,94.142605,94.741692,5578700,Yahoo Finance
2024-05-14,95.026983,96.234667,94.903364,95.169624,2973100,Yahoo Finance
2024-05-15,95.274212,96.681592,95.236174,96.272690,4203300,Yahoo Finance
2024-05-16,96.729151,100.057425,96.605525,99.715088,8384500,Yahoo Finance
2024-05-17,100.047902,100.532881,99.543907,100.095451,5396500,Yahoo Finance
2024-05-20,100.057424,100.837191,99.496368,100.047913,3962700,Yahoo Finance
2024-05-21,99.743605,99.886246,97.613512,98.079468,4603000,Yahoo Finance
2024-05-22,97.603999,98.050940,95.996916,96.510422,3807800,Yahoo Finance
2024-05-23,96.156124,96.251877,94.710245,95.284767,3845500,Yahoo Finance
2024-05-24,95.572028,96.251880,95.121983,95.437973,2602000,Yahoo Finance
2024-05-28,95.332653,95.859303,93.666536,94.490021,4360900,Yahoo Finance
2024-05-29,93.647379,93.743132,92.651537,93.417564,4826600,Yahoo Finance
2024-05-30,93.542040,94.059113,92.776006,94.030380,4520300,Yahoo Finance
2024-05-31,93.896347,95.993361,93.283522,95.888031,21754400,Yahoo Finance
2024-06-03,96.108270,96.510435,94.767713,95.524170,4508100,Yahoo Finance
2024-06-04,94.796429,95.179446,93.532477,94.422989,4988100,Yahoo Finance
2024-06-05,94.624067,95.418826,93.714407,94.853874,3115400,Yahoo Finance
2024-06-06,94.604928,95.323083,93.992103,94.049553,2510000,Yahoo Finance
2024-06-07,95.284776,97.630746,94.221907,96.577454,5636700,Yahoo Finance
2024-06-10,96.165718,97.515846,96.022086,96.385956,3506200,Yahoo Finance
2024-06-11,95.849729,97.161562,95.016674,97.017929,2831500,Yahoo Finance
2024-06-12,98.262732,99.277722,96.481708,96.912598,3704600,Yahoo Finance
2024-06-13,97.688199,98.435086,96.462550,97.228584,5034700,Yahoo Finance
2024-06-14,96.232736,97.113671,95.093261,96.615753,2685000,Yahoo Finance
2024-06-17,95.734817,97.132824,95.677360,96.261459,3490000,Yahoo Finance
2024-06-18,95.821012,97.161570,95.811435,96.491287,3446200,Yahoo Finance
2024-06-20,96.002934,97.994611,95.935906,97.343491,3476600,Yahoo Finance
2024-06-21,97.602013,98.090360,96.663621,98.042480,7865800,Yahoo Finance
2024-06-24,97.841415,99.105367,97.362645,98.617020,2948000,Yahoo Finance
2024-06-25,98.511687,98.798951,96.989202,97.716934,5115700,Yahoo Finance
2024-06-26,97.305182,97.477540,96.299763,97.142395,2356100,Yahoo Finance
2024-06-27,97.630746,99.622430,97.324333,98.789368,4338300,Yahoo Finance
2024-06-28,98.636165,99.555402,97.343488,97.850983,6196500,Yahoo Finance
2024-07-01,98.492530,99.057475,95.955049,96.338066,2705600,Yahoo Finance
2024-07-02,96.290186,97.602018,96.194434,97.305183,2291300,Yahoo Finance
2024-07-03,96.989194,97.812678,96.405094,97.305183,1230800,Yahoo Finance
2024-07-05,97.094534,97.343496,96.366802,97.017929,3059600,Yahoo Finance
2024-07-08,97.199846,98.377615,96.347636,96.807251,2338700,Yahoo Finance
2024-07-09,96.567865,97.151965,95.246463,95.457123,2809300,Yahoo Finance
2024-07-10,95.572033,97.506268,94.087851,97.353058,4519500,Yahoo Finance
2024-07-11,98.032903,99.842652,97.477535,98.846817,4581100,Yahoo Finance
2024-07-12,99.383036,100.828923,99.287284,99.622421,3381000,Yahoo Finance
2024-07-15,100.445911,100.541664,98.214842,98.358475,3316600,Yahoo Finance
2024-07-16,96.587032,99.287294,96.587032,98.923424,3609000,Yahoo Finance
2024-07-17,98.492541,100.350170,98.329761,100.196960,3567900,Yahoo Finance
2024-07-18,99.794784,101.039581,99.047904,99.603271,3023800,Yahoo Finance
2024-07-19,100.302282,100.302282,98.751065,99.507523,2884900,Yahoo Finance
2024-07-22,99.641567,100.579959,98.052055,100.512932,2686600,Yahoo Finance
2024-07-23,100.541667,100.800199,99.746907,100.283134,2172600,Yahoo Finance
2024-07-24,100.120349,100.637421,98.703194,98.865974,3252000,Yahoo Finance
2024-07-25,98.358473,100.340580,97.448806,99.000023,4598100,Yahoo Finance
2024-07-26,107.905143,122.593797,107.905143,121.760742,32748900,Yahoo Finance
2024-07-29,122.565074,123.187469,118.859393,119.845665,10816700,Yahoo Finance
2024-07-30,120.506362,122.268238,118.840245,121.368149,6746500,Yahoo Finance
2024-07-31,121.253244,123.139605,120.008447,122.134186,6889900,Yahoo Finance
2024-08-01,122.086309,122.507629,119.146662,121.100044,5563700,Yahoo Finance
2024-08-02,120.468077,122.325706,119.481812,119.922279,4021400,Yahoo Finance
2024-08-05,114.493022,119.998875,114.244060,119.319023,6669700,Yahoo Finance
2024-08-06,118.122086,120.774467,117.509261,119.587120,4334300,Yahoo Finance
2024-08-07,120.065885,121.195782,117.480531,117.614586,3410100,Yahoo Finance
2024-08-08,117.250726,120.401032,116.992194,119.816933,2932900,Yahoo Finance
2024-08-09,119.347742,119.347742,118.102938,118.897697,3247700,Yahoo Finance
2024-08-12,118.734926,118.821101,117.336919,118.122101,2585800,Yahoo Finance
2024-08-13,118.189129,120.075483,117.528424,120.027603,3056600,Yahoo Finance
2024-08-14,119.663722,121.645829,119.338155,120.812767,3252800,Yahoo Finance
2024-08-15,121.913945,122.507622,120.812773,121.760742,3359900,Yahoo Finance
2024-08-16,121.358576,121.933098,120.669146,121.655418,3812600,Yahoo Finance
2024-08-19,121.684143,122.421445,121.157493,121.684143,2243600,Yahoo Finance
2024-08-20,121.597964,122.632116,121.492635,122.277817,2792900,Yahoo Finance
2024-08-21,122.411857,124.470575,122.239506,123.742836,3664600,Yahoo Finance
2024-08-22,123.618380,124.240775,122.852345,123.139610,2300400,Yahoo Finance
2024-08-23,123.742831,125.102535,123.378976,125.006790,2618800,Yahoo Finance
2024-08-26,124.766149,126.999610,124.766149,126.932228,3915800,Yahoo Finance
2024-08-27,126.421990,127.673490,126.065780,126.498993,2878500,Yahoo Finance
2024-08-28,126.498983,127.673480,126.258307,126.701157,3274000,Yahoo Finance
2024-08-29,126.739661,128.212594,126.441226,127.952675,2992600,Yahoo Finance
2024-08-30,128.106703,129.955088,127.663854,129.666275,6092800,Yahoo Finance
2024-09-03,128.048930,128.790214,125.353377,125.969505,4024100,Yahoo Finance
2024-09-04,126.296831,127.904541,125.969516,127.221016,3300700,Yahoo Finance
2024-09-05,126.999602,127.991183,125.825105,126.498993,2726000,Yahoo Finance
2024-09-06,125.632564,127.172892,123.245068,123.803436,3562200,Yahoo Finance
2024-09-09,124.563961,126.094653,123.408722,123.668655,3616300,Yahoo Finance
2024-09-10,124.044113,125.305250,123.668660,125.237854,2732500,Yahoo Finance
2024-09-11,124.669859,125.517041,122.378632,125.372627,3283800,Yahoo Finance
2024-09-12,125.440030,127.769766,125.247492,127.105499,3978800,Yahoo Finance
2024-09-13,126.961100,128.395516,126.450870,128.212601,2670100,Yahoo Finance
2024-09-16,128.982772,130.234288,128.838373,129.589279,3069300,Yahoo Finance
2024-09-17,129.088653,129.415968,127.375045,128.588058,3969000,Yahoo Finance
2024-09-18,128.289603,129.271563,126.845551,128.385880,2960900,Yahoo Finance
2024-09-19,129.387087,130.272786,128.347382,128.847977,2691500,Yahoo Finance
2024-09-20,128.048937,129.916581,127.817898,129.743301,11579600,Yahoo Finance
2024-09-23,129.675930,131.014084,129.666308,130.580872,2638400,Yahoo Finance
2024-09-24,131.379902,132.795075,131.264383,132.101929,3145300,Yahoo Finance
2024-09-25,132.111527,132.746914,130.965910,131.505035,3579900,Yahoo Finance
2024-09-26,132.429237,135.471377,132.419615,134.239120,4111100,Yahoo Finance
2024-09-27,133.815514,134.094691,131.938249,132.178925,2956100,Yahoo Finance
2024-09-30,132.689161,132.804680,130.186131,131.601303,3814000,Yahoo Finance
2024-10-01,130.927415,132.217431,129.868437,131.947876,3050500,Yahoo Finance
2024-10-02,132.101922,132.101922,130.320918,130.378677,2624900,Yahoo Finance
2024-10-03,129.964741,130.542367,128.848003,129.752945,2504900,Yahoo Finance
2024-10-04,130.773387,130.860027,129.050158,130.224655,2387300,Yahoo Finance
2024-10-07,129.695157,130.224645,128.838353,129.820312,2254200,Yahoo Finance
2024-10-08,129.464101,130.003212,128.328120,129.666275,2882100,Yahoo Finance
2024-10-09,129.570002,130.484565,129.223429,129.974335,2671400,Yahoo Finance
2024-10-10,129.415954,129.473729,127.971902,128.482147,3060100,Yahoo Finance
2024-10-11,128.424392,129.829943,128.135593,129.724045,3103600,Yahoo Finance
2024-10-14,129.387091,130.831143,129.030896,130.696365,2207900,Yahoo Finance
2024-10-15,130.927414,131.841978,129.964712,130.667480,2465800,Yahoo Finance
2024-10-16,130.542348,131.938262,130.282414,131.264374,2021100,Yahoo Finance
2024-10-17,131.514674,131.562812,130.080244,130.619354,2328500,Yahoo Finance
2024-10-18,130.628991,131.042946,129.281200,130.099503,2791400,Yahoo Finance
2024-10-21,130.234275,130.773386,128.761343,129.810684,5940600,Yahoo Finance
2024-10-22,134.961143,136.068244,125.940634,126.816681,13082300,Yahoo Finance
2024-10-23,126.325700,127.221005,121.213757,123.139160,8116200,Yahoo Finance
2024-10-24,123.264310,124.130750,121.175257,121.752876,5084900,Yahoo Finance
2024-10-25,121.878012,122.301603,119.856340,120.097015,3774600,Yahoo Finance
2024-10-28,121.926163,125.921377,121.358166,125.430389,5239200,Yahoo Finance
2024-10-29,124.198144,125.353398,123.004396,124.448456,2820400,Yahoo Finance
2024-10-30,124.188508,124.621721,122.667438,122.802216,2737200,Yahoo Finance
2024-10-31,122.263104,124.332906,122.234224,123.678276,3408800,Yahoo Finance
2024-11-01,123.678269,123.726407,122.118689,122.474892,3068700,Yahoo Finance
2024-11-04,122.494153,124.005594,120.799803,121.155998,3642900,Yahoo Finance
2024-11-05,120.819050,123.129535,120.174042,121.801003,3943800,Yahoo Finance
2024-11-06,125.825088,129.387080,124.766125,128.924988,4803200,Yahoo Finance
2024-11-07,128.385866,129.772159,127.538684,128.106689,3906400,Yahoo Finance
2024-11-08,128.472527,129.983975,128.231851,129.329330,3465700,Yahoo Finance
2024-11-11,129.820295,130.292009,127.827496,128.039291,3791300,Yahoo Finance
2024-11-12,127.846783,128.231858,123.678283,125.488167,3144600,Yahoo Finance
2024-11-13,127.086237,128.106713,125.940635,126.547127,2675500,Yahoo Finance
2024-11-14,126.951462,128.337755,126.855200,127.384689,2283900,Yahoo Finance
2024-11-15,125.923266,127.026582,125.536143,125.613556,1928800,Yahoo Finance
2024-11-18,125.603881,126.184580,124.432825,125.981331,2433000,Yahoo Finance
2024-11-19,124.858654,125.100610,123.881160,124.065048,2600500,Yahoo Finance
2024-11-20,123.881166,124.065054,123.010125,123.726311,1700600,Yahoo Finance
2024-11-21,123.619848,124.442495,122.255216,123.223038,2544800,Yahoo Finance
2024-11-22,123.581138,124.345710,122.303614,124.287643,3052400,Yahoo Finance
2024-11-25,125.052243,126.397515,123.445656,126.126526,5074700,Yahoo Finance
2024-11-26,125.807131,128.942864,125.478061,128.671875,3080300,Yahoo Finance
2024-11-27,129.601019,131.188246,128.100892,128.217026,2579600,Yahoo Finance
2024-11-29,128.584777,129.436464,127.791156,129.233215,1618300,Yahoo Finance
2024-12-02,129.233205,129.465488,128.120216,128.613800,3001900,Yahoo Finance
2024-12-03,128.613817,128.942873,126.533006,126.929802,2378400,Yahoo Finance
2024-12-04,126.716877,127.162082,124.819955,126.252327,2503400,Yahoo Finance
2024-12-05,126.610431,131.217256,126.252327,129.039658,4171800,Yahoo Finance
2024-12-06,128.962216,129.901004,127.946000,128.826721,1912300,Yahoo Finance
2024-12-09,128.817043,129.542909,127.045928,127.258850,3442400,Yahoo Finance
2024-12-10,125.932944,126.397509,123.494037,125.594215,3225700,Yahoo Finance
2024-12-11,126.078126,126.465249,125.100617,125.594215,4089500,Yahoo Finance
2024-12-12,125.478064,126.465246,124.626391,125.574852,2915300,Yahoo Finance
2024-12-13,125.526466,125.971670,124.761893,125.739388,2382000,Yahoo Finance
2024-12-16,125.720012,126.010361,124.713484,125.303856,3097800,Yahoo Finance
2024-12-17,124.277982,125.197409,123.542435,123.929565,2693200,Yahoo Finance
2024-12-18,124.084416,125.207078,121.335799,121.490646,3748900,Yahoo Finance
2024-12-19,122.574604,123.629526,121.664849,123.039154,3038100,Yahoo Finance
2024-12-20,122.303615,126.155548,121.703563,125.119972,8351300,Yahoo Finance
2024-12-23,124.365070,125.032869,123.639204,124.829620,2067400,Yahoo Finance
2024-12-24,124.597348,126.165215,123.968256,126.165215,803200,Yahoo Finance
2024-12-26,126.136177,127.171738,125.071568,126.958817,1484900,Yahoo Finance
2024-12-27,125.729696,126.958819,125.052224,125.990997,1842600,Yahoo Finance
2024-12-30,124.965112,125.739373,123.803730,124.974800,2154000,Yahoo Finance
2024-12-31,125.042534,125.865188,124.519917,124.936073,2220300,Yahoo Finance
2025-01-02,126.097455,127.384659,124.829611,125.526443,3248900,Yahoo Finance
2025-01-03,125.526459,126.649135,125.139336,125.690987,2273700,Yahoo Finance
2025-01-06,126.610425,127.181436,125.700670,126.097466,3067000,Yahoo Finance
2025-01-07,125.903896,128.526699,125.826469,128.497665,3414500,Yahoo Finance
2025-01-08,127.781481,130.346202,127.423391,130.201035,4676000,Yahoo Finance
2025-01-10,129.523580,129.591320,126.426554,126.987892,4661700,Yahoo Finance
2025-01-13,126.523304,130.394590,125.371594,130.268784,4207200,Yahoo Finance
2025-01-14,130.288131,133.269023,130.142963,132.794800,4629000,Yahoo Finance
2025-01-15,133.762637,134.382042,132.707700,133.346466,4114300,Yahoo Finance
2025-01-16,133.588397,135.011095,132.049564,134.701385,4122700,Yahoo Finance
2025-01-17,135.156299,137.101630,135.011132,136.491898,5724500,Yahoo Finance
2025-01-21,140.818043,145.173241,140.334133,142.163315,11368500,Yahoo Finance
2025-01-22,143.121459,147.186307,142.666582,144.321548,7077700,Yahoo Finance
2025-01-23,144.640955,145.618464,143.634427,144.815170,4439100,Yahoo Finance
2025-01-24,144.108638,145.270036,143.624727,144.621582,4858400,Yahoo Finance
2025-01-27,144.205418,147.108883,144.118318,146.644333,4929600,Yahoo Finance
2025-01-28,146.450786,148.038012,144.970005,146.528198,4286800,Yahoo Finance
2025-01-29,146.624959,147.863770,145.792632,146.663666,3996100,Yahoo Finance
2025-01-30,147.108875,149.673596,146.944347,149.431641,3962300,Yahoo Finance
2025-01-31,150.002644,150.012317,147.234674,147.302414,4164200,Yahoo Finance
2025-02-03,144.379617,146.750792,143.382762,145.211945,3556300,Yahoo Finance
2025-02-04,144.650614,147.844413,144.515119,146.799164,3110400,Yahoo Finance
2025-02-05,147.554091,148.676753,145.889436,147.544403,2841400,Yahoo Finance
2025-02-06,147.786357,148.531583,146.692728,147.418594,2760200,Yahoo Finance
2025-02-07,147.592800,147.979923,144.728041,145.047424,3356600,Yahoo Finance
2025-02-10,145.328092,145.753936,143.363415,144.873215,3531400,Yahoo Finance
2025-02-11,144.505459,145.541035,143.789280,145.241013,2187700,Yahoo Finance
2025-02-12,143.915062,145.240988,143.392445,144.079590,2102900,Yahoo Finance
2025-02-13,144.311883,144.902255,142.782723,143.934433,2047000,Yahoo Finance
2025-02-14,143.837174,145.451687,143.691291,144.547165,2388300,Yahoo Finance
2025-02-18,144.119213,145.393326,143.944153,144.907028,2601400,Yahoo Finance
2025-02-19,144.012244,146.239481,144.012244,146.083862,3216900,Yahoo Finance
2025-02-20,145.879618,145.976869,143.983045,144.994553,2231500,Yahoo Finance
2025-02-21,144.994560,145.441946,140.598424,141.006912,4278500,Yahoo Finance
2025-02-24,141.006912,142.387996,139.927330,141.493210,3447500,Yahoo Finance
2025-02-25,141.444558,143.516191,141.357028,142.524139,4358800,Yahoo Finance
2025-02-26,140.433086,145.169622,137.875155,143.389771,5783400,Yahoo Finance
2025-02-27,144.693069,148.379200,144.148417,146.395111,6576000,Yahoo Finance
2025-02-28,147.348242,151.238625,146.861944,150.869034,8323100,Yahoo Finance
2025-03-03,151.238623,152.065335,147.737272,149.215622,5672700,Yahoo Finance
2025-03-04,146.375652,146.900847,141.629380,141.862808,6787400,Yahoo Finance
2025-03-05,142.738107,144.955624,141.998940,143.564819,3909700,Yahoo Finance
2025-03-06,142.378277,144.070599,141.755817,142.913208,4492400,Yahoo Finance
2025-03-07,140.724846,143.185512,136.921994,142.290726,5891100,Yahoo Finance
2025-03-10,139.538304,145.091817,139.197889,143.574570,4966500,Yahoo Finance
2025-03-11,141.736354,145.393323,141.639104,143.496750,5818300,Yahoo Finance
2025-03-12,144.245655,147.095368,143.166073,146.122772,4196600,Yahoo Finance
2025-03-13,146.161680,147.095378,141.911442,142.096237,3295000,Yahoo Finance
2025-03-14,143.866333,146.657677,143.029900,146.288101,4094400,Yahoo Finance
2025-03-17,146.249185,149.760256,145.889330,149.011368,4562100,Yahoo Finance
2025-03-18,148.388926,149.011386,146.375646,146.784134,3038500,Yahoo Finance
2025-03-19,147.046721,149.750535,146.784116,149.011368,2344100,Yahoo Finance
2025-03-20,147.494118,149.439310,146.949467,147.124542,2579000,Yahoo Finance
2025-03-21,145.792086,146.628519,144.012249,146.239487,5538500,Yahoo Finance
2025-03-24,147.542757,149.808907,146.570162,148.953018,3207800,Yahoo Finance
2025-03-25,148.933586,150.752335,148.495906,149.293442,4118900,Yahoo Finance
2025-03-26,149.244814,150.197953,147.892906,148.495911,3836700,Yahoo Finance
2025-03-27,148.486192,148.486192,144.060878,144.372116,2825300,Yahoo Finance
2025-03-28,143.807986,144.770861,140.374724,140.870743,2581500,Yahoo Finance
2025-03-31,140.044044,143.691277,138.283633,142.835388,4508600,Yahoo Finance
2025-04-01,141.707200,144.615267,140.228850,143.623215,3641300,Yahoo Finance
2025-04-02,141.716930,144.109507,141.600208,143.710739,4411100,Yahoo Finance
2025-04-03,138.925560,140.530352,135.044913,135.910522,6712300,Yahoo Finance
2025-04-04,130.512601,131.601903,122.965257,123.432106,9609100,Yahoo Finance
2025-04-07,121.311868,130.687683,118.637230,125.027184,7174700,Yahoo Finance
2025-04-08,128.616058,130.201379,121.399392,123.675270,5496800,Yahoo Finance
2025-04-09,121.574453,135.414485,120.057207,134.529434,6428100,Yahoo Finance
2025-04-10,132.029849,132.068746,125.153591,129.326035,4757100,Yahoo Finance
2025-04-11,129.481653,132.749575,128.051937,132.224365,3337600,Yahoo Finance
2025-04-14,134.325187,134.500247,130.746027,132.282730,3815800,Yahoo Finance
2025-04-15,132.282730,133.702727,131.436577,131.553284,2541700,Yahoo Finance
2025-04-16,129.851239,130.794658,126.310992,126.884834,5635500,Yahoo Finance
2025-04-17,126.768105,129.306580,126.515236,126.641678,4952000,Yahoo Finance
2025-04-21,125.464832,126.281808,121.234042,122.634575,5971800,Yahoo Finance
2025-04-22,129.637265,133.508206,126.787567,132.593964,7943800,Yahoo Finance
2025-04-23,135.560384,138.254464,131.494927,132.331360,4655800,Yahoo Finance
2025-04-24,131.922851,135.929940,131.417098,135.074066,2921100,Yahoo Finance
2025-04-25,135.190793,135.190793,133.342867,133.556839,2141300,Yahoo Finance
2025-04-28,133.556832,134.616957,132.311896,134.150101,2499900,Yahoo Finance
2025-04-29,133.731895,135.404761,133.089978,134.587784,1917200,Yahoo Finance
2025-04-30,133.858335,135.492289,131.154521,135.103256,3062800,Yahoo Finance
2025-05-01,134.490532,136.406547,133.897248,134.120941,2236300,Yahoo Finance
2025-05-02,136.163370,139.120054,135.472821,138.186371,2734200,Yahoo Finance
2025-05-05,136.766392,137.982137,136.036946,136.941467,2623500,Yahoo Finance
2025-05-06,135.317222,135.881329,133.858329,134.237640,2850000,Yahoo Finance
2025-05-07,134.480812,135.959147,133.926425,134.840668,2555400,Yahoo Finance
2025-05-08,136.163368,138.458694,135.395024,137.252670,2899500,Yahoo Finance
2025-05-09,137.388849,138.711580,137.097082,138.692139,2634100,Yahoo Finance
2025-05-12,142.086486,146.686874,141.288965,146.210297,4974800,Yahoo Finance
2025-05-13,146.677144,147.591386,146.054683,146.609070,3455700,Yahoo Finance
2025-05-14,146.618798,146.638255,142.932667,143.827454,3778700,Yahoo Finance
2025-05-15,142.319935,145.091824,141.376516,144.663895,4472100,Yahoo Finance
2025-05-16,145.334949,149.079448,144.868107,148.914108,4204500,Yahoo Finance
2025-05-19,147.785907,150.032600,146.968930,149.915894,2613600,Yahoo Finance
2025-05-20,149.060019,150.489736,149.050298,149.925629,2529700,Yahoo Finance
2025-05-21,148.145794,148.972492,145.237727,145.305801,2661800,Yahoo Finance
2025-05-22,145.617031,146.443743,143.632928,145.675385,2862800,Yahoo Finance
2025-05-23,144.111606,145.323537,143.681566,144.277756,2369800,Yahoo Finance
2025-05-27,146.603855,146.603855,143.339480,146.105408,3155300,Yahoo Finance
2025-05-28,146.261781,146.603862,144.834845,145.294205,2297500,Yahoo Finance
2025-05-29,146.476805,146.955717,144.825066,146.242249,2621400,Yahoo Finance
2025-05-30,145.362613,146.066312,144.258207,144.991226,5339800,Yahoo Finance
2025-06-02,144.522077,144.942349,140.651743,143.085358,2825700,Yahoo Finance
2025-06-03,142.997399,145.000988,141.922313,144.776199,2343300,Yahoo Finance
2025-06-04,145.538559,145.577647,143.388372,143.486099,2346900,Yahoo Finance
2025-06-05,143.710886,143.925907,141.609570,142.948547,3568300,Yahoo Finance
2025-06-06,144.649147,145.098739,142.147110,142.205750,2297100,Yahoo Finance
2025-06-09,142.254629,142.723758,139.439830,140.964508,3401900,Yahoo Finance
2025-06-10,140.974284,142.020051,139.908952,141.775711,3129200,Yahoo Finance
2025-06-11,141.756154,144.698015,141.150196,143.847702,2904400,Yahoo Finance
2025-06-12,143.104916,143.935677,141.218620,141.492279,2069700,Yahoo Finance
2025-06-13,139.889422,141.179528,138.521110,139.097763,2450400,Yahoo Finance
2025-06-16,140.426964,142.098254,140.260814,141.785507,1681300,Yahoo Finance
2025-06-17,140.798371,141.599812,138.755693,138.990265,1739900,Yahoo Finance
2025-06-18,138.912046,140.417172,138.364727,139.283432,2629100,Yahoo Finance
2025-06-20,140.065313,140.788564,138.609057,140.769012,5566700,Yahoo Finance
2025-06-23,141.120865,144.375472,140.104418,144.258194,2904700,Yahoo Finance
2025-06-24,145.274674,146.887311,144.658933,146.476822,2700500,Yahoo Finance
2025-06-25,146.310663,146.467044,143.789075,144.404816,2378000,Yahoo Finance
2025-06-26,144.346165,147.688731,143.974763,147.346649,2740100,Yahoo Finance
2025-06-27,147.718059,149.408887,147.151189,148.578140,3938200,Yahoo Finance
2025-06-30,148.832255,149.008187,147.581236,148.793167,2302800,Yahoo Finance
2025-07-01,148.558589,152.555984,147.991718,150.327606,3781900,Yahoo Finance
2025-07-02,150.718565,151.930481,149.741206,150.483994,2864700,Yahoo Finance
2025-07-03,150.757648,151.490668,146.115192,149.477310,3182900,Yahoo Finance
2025-07-07,149.340462,150.972650,147.532342,148.402191,3877000,Yahoo Finance
2025-07-08,148.294715,151.119282,148.099246,150.259216,3252200,Yahoo Finance
2025-07-09,150.884705,153.103300,150.356923,152.448471,2855900,Yahoo Finance
2025-07-10,152.575537,155.859464,152.428939,153.758148,4043400,Yahoo Finance
2025-07-11,152.516882,153.005562,151.314735,152.311630,2401300,Yahoo Finance
2025-07-14,152.067298,154.530247,151.412469,154.334778,2961300,Yahoo Finance
2025-07-15,154.334784,154.696402,152.497344,153.044662,3058900,Yahoo Finance
2025-07-16,154.051315,154.109954,151.344041,153.992676,3194600,Yahoo Finance
2025-07-17,153.699481,155.859451,153.240121,155.439178,5024200,Yahoo Finance
2025-07-18,158.859938,160.433486,146.848201,149.760727,11701900,Yahoo Finance
2025-07-21,148.802929,150.171226,145.958811,149.360031,5194000,Yahoo Finance
2025-07-22,149.516386,150.571935,146.916622,147.776688,4927800,Yahoo Finance
2025-07-23,148.480390,149.193858,146.408394,147.405304,4976700,Yahoo Finance
2025-07-24,146.603872,147.864659,144.463453,145.919724,4860900,Yahoo Finance
2025-07-25,146.603858,147.972155,145.821968,147.845108,2818000,Yahoo Finance
2025-07-28,147.190270,150.396006,146.750446,148.607437,3970300,Yahoo Finance
2025-07-29,148.949522,149.633685,147.727823,148.353333,3918100,Yahoo Finance
2025-07-30,149.027709,149.047261,143.183106,143.300385,3529500,Yahoo Finance
2025-07-31,142.880125,146.173821,142.264384,145.841522,4390400,Yahoo Finance
2025-08-01,143.183119,143.398139,140.984061,141.140442,4074400,Yahoo Finance
2025-08-04,142.098233,144.825058,141.717064,144.522079,3641300,Yahoo Finance
2025-08-05,145.098733,147.796239,144.649141,146.691818,3743900,Yahoo Finance
2025-08-06,146.867753,147.962391,145.274653,147.405304,2636900,Yahoo Finance
2025-08-07,148.539031,149.027710,146.584312,148.304474,2293900,Yahoo Finance
2025-08-08,148.949515,150.210317,147.991708,149.829147,2376400,Yahoo Finance
2025-08-11,150.268962,152.086851,149.692324,151.793640,3354500,Yahoo Finance
2025-08-12,152.262766,154.872328,152.086849,154.276138,2748200,Yahoo Finance
2025-08-13,154.803904,156.836813,153.073974,156.572922,3132000,Yahoo Finance
2025-08-14,155.986523,156.445883,153.083766,153.103302,6344900,Yahoo Finance
2025-08-15,153.806987,153.806987,148.177404,148.939743,3921100,Yahoo Finance
2025-08-18,148.910414,151.910898,148.744265,149.399094,2585500,Yahoo Finance
2025-08-19,149.379558,152.194357,148.607451,150.845596,2146200,Yahoo Finance
2025-08-20,150.630566,151.822946,149.702078,151.246307,3258200,Yahoo Finance
2025-08-21,150.874921,151.695914,149.682542,150.884705,2236900,Yahoo Finance
2025-08-22,152.223677,155.507604,151.490657,155.126434,1958200,Yahoo Finance
2025-08-25,154.733676,155.057696,152.976126,153.025223,1606300,Yahoo Finance
2025-08-26,152.936862,153.879468,151.778256,153.732193,2960600,Yahoo Finance
2025-08-27,153.211762,154.370382,152.927025,153.692886,2155000,Yahoo Finance
2025-08-28,154.900580,155.597718,153.741975,154.704208,2982200,Yahoo Finance
2025-08-29,154.743518,155.371917,152.504844,152.711029,3279100,Yahoo Finance
2025-09-02,151.159655,151.689875,148.950436,151.473862,2745100,Yahoo Finance
2025-09-03,150.717823,151.297126,147.703459,149.245010,3964400,Yahoo Finance
2025-09-04,149.441370,152.779754,149.264640,152.701202,2741200,Yahoo Finance
2025-09-05,152.976121,154.704216,151.483667,152.485184,2053300,Yahoo Finance
2025-09-08,151.807700,152.170989,149.245005,151.208755,2715500,Yahoo Finance
2025-09-09,151.356034,151.356034,148.803168,150.305435,1669200,Yahoo Finance
2025-09-10,150.383972,152.396819,149.696663,150.786545,2811600,Yahoo Finance
2025-09-11,151.002547,156.609060,150.619617,156.579605,3663900,Yahoo Finance
2025-09-12,156.226136,159.161948,154.949696,155.008606,2865100,Yahoo Finance
2025-09-15,155.136250,155.509368,152.436094,153.820541,3219500,Yahoo Finance
2025-09-16,154.056181,154.625670,150.845460,153.663437,2208600,Yahoo Finance
2025-09-17,153.663441,155.666460,150.757085,152.347733,2757300,Yahoo Finance
2025-09-18,152.337905,154.075828,151.513134,152.583374,1795000,Yahoo Finance
2025-09-19,153.084146,154.556959,151.886257,153.761642,6507100,Yahoo Finance
2025-09-22,152.779772,152.887779,150.855291,151.071304,2484800,Yahoo Finance
2025-09-23,151.051654,155.273720,151.051654,153.457245,2254000,Yahoo Finance
2025-09-24,153.172486,153.663423,151.660405,151.797867,1739300,Yahoo Finance
2025-09-25,151.208768,151.208768,149.068287,150.256348,2949300,Yahoo Finance
2025-09-26,151.228389,151.699685,149.608286,150.040314,2104000,Yahoo Finance
2025-09-29,150.717803,151.601485,149.775197,151.287292,2043400,Yahoo Finance
2025-09-30,151.061475,152.406639,149.667199,152.367355,2177100,Yahoo Finance
2025-10-01,151.650591,153.702707,151.464033,153.172501,2297900,Yahoo Finance
2025-10-02,154.409672,156.687630,153.702721,155.921768,2167500,Yahoo Finance
2025-10-03,156.039569,157.482926,154.851508,155.784286,3411600,Yahoo Finance
2025-10-06,155.823558,156.324324,151.827334,153.103760,2421400,Yahoo Finance
2025-10-07,153.987461,155.077343,152.367358,152.514648,1696700,Yahoo Finance
2025-10-08,152.887763,153.260866,150.010862,153.172501,2084200,Yahoo Finance
2025-10-09,153.270693,153.761631,148.626414,150.109055,2512200,Yahoo Finance
2025-10-10,150.462534,151.454222,145.769172,146.053909,3504400,Yahoo Finance
2025-10-13,147.840920,149.667193,147.693630,148.361313,2724800,Yahoo Finance
2025-10-14,146.564474,150.924001,146.564474,149.765381,2604800,Yahoo Finance
2025-10-15,150.904353,152.838648,149.942120,150.688339,2381500,Yahoo Finance
2025-10-16,151.670246,151.670246,147.880207,148.665710,4279200,Yahoo Finance
2025-10-17,148.704964,150.295612,148.528234,149.873398,4494000,Yahoo Finance
2025-10-20,150.452685,153.241221,150.256313,151.974594,4230400,Yahoo Finance
2025-10-21,155.136245,163.796389,150.030498,163.619644,7302200,Yahoo Finance
2025-10-22,164.130221,166.113597,162.529760,164.198944,5275800,Yahoo Finance
2025-10-23,164.189144,168.519216,163.688393,168.489761,4779100,Yahoo Finance
2025-10-24,168.882516,169.717116,164.709547,165.445953,3612300,Yahoo Finance
2025-10-27,166.899112,167.537340,164.365873,165.347748,2922300,Yahoo Finance
2025-10-28,165.269197,165.445927,163.334902,163.806198,2448100,Yahoo Finance
2025-10-29,164.120386,164.954986,160.644556,161.646072,3163400,Yahoo Finance
2025-10-30,162.019203,166.192172,161.616646,163.433105,2143700,Yahoo Finance
2025-10-31,162.490505,164.306964,162.215581,163.482193,2096600,Yahoo Finance
2025-11-03,163.001044,163.266155,158.562980,159.250290,3141200,Yahoo Finance
2025-11-04,158.887023,159.289580,156.461791,157.679306,3520900,Yahoo Finance
2025-11-05,157.777494,161.842456,157.237460,161.341705,2656200,Yahoo Finance
2025-11-06,161.223881,162.490508,156.677810,160.880234,5193100,Yahoo Finance
2025-11-07,160.939143,162.284307,159.711799,161.852280,2506400,Yahoo Finance
2025-11-10,162.009392,166.103809,160.998062,164.630997,2754900,Yahoo Finance
2025-11-11,164.630964,167.095464,162.991235,165.612839,2365800,Yahoo Finance
2025-11-12,165.603036,168.666481,165.603036,167.979172,2694300,Yahoo Finance
2025-11-13,167.331124,169.432336,166.182332,167.527496,3878900,Yahoo Finance
2025-11-14,166.561141,166.985154,164.667842,165.249634,2748800,Yahoo Finance
2025-11-17,164.588955,165.486304,162.675930,163.090088,2908400,Yahoo Finance
2025-11-18,161.709555,164.273391,161.039004,163.484512,2325700,Yahoo Finance
2025-11-19,163.287311,164.983394,162.271636,164.263550,2219100,Yahoo Finance
2025-11-20,166.383656,167.389477,161.679998,162.320953,3303500,Yahoo Finance
2025-11-21,163.060516,167.024618,162.873155,165.752548,3183500,Yahoo Finance
2025-11-24,165.900466,168.385412,164.322710,167.202103,7138100,Yahoo Finance
2025-11-25,167.921954,169.765960,167.852935,169.154572,2605800,Yahoo Finance
2025-11-26,168.730568,169.973041,168.306539,168.424881,2031600,Yahoo Finance
2025-11-28,168.286816,169.844846,167.645846,169.657486,1596300,Yahoo Finance
2025-12-01,168.306530,169.588455,167.251417,168.109314,2244600,Yahoo Finance
2025-12-02,168.503749,169.539136,167.290843,169.174286,1928500,Yahoo Finance
2025-12-03,169.657483,172.260770,168.779860,170.683014,2883300,Yahoo Finance
2025-12-04,169.509570,169.618041,166.393524,166.916153,2860400,Yahoo Finance
2025-12-05,166.847115,166.985167,163.356348,165.151031,3021400,Yahoo Finance
2025-12-08,163.464821,163.514128,160.033202,161.679993,3254000,Yahoo Finance
2025-12-09,161.127749,163.435221,161.127749,162.794250,2335000,Yahoo Finance
2025-12-10,162.291355,164.411451,161.137627,163.356339,3382000,Yahoo Finance
2025-12-11,164.243822,167.635988,163.908554,166.255463,2525200,Yahoo Finance
2025-12-12,166.127272,167.478216,165.466590,166.551285,2423500,Yahoo Finance
2025-12-15,167.202106,167.990984,162.892880,163.395782,2576400,Yahoo Finance
2025-12-16,163.691624,164.677718,160.575563,160.930557,2786500,Yahoo Finance
2025-12-17,159.934597,161.946223,158.770998,159.914871,2638500,Yahoo Finance
2025-12-18,161.098171,161.946212,159.185146,159.510559,2606000,Yahoo Finance
2025-12-19,159.431674,161.660256,159.431674,159.707794,3715700,Yahoo Finance
2025-12-22,159.924717,160.378327,156.857979,157.775040,2334600,Yahoo Finance
2025-12-23,157.755309,158.258227,156.246586,157.922943,1828900,Yahoo Finance
2025-12-24,157.883524,158.445589,156.857992,158.110321,854400,Yahoo Finance
2025-12-26,158.090591,159.924711,157.775034,159.826111,1245700,Yahoo Finance
2025-12-29,159.619054,160.437514,158.583667,159.471146,2185100,Yahoo Finance
2025-12-30,159.234459,159.431675,158.406143,158.928772,1293600,Yahoo Finance
2025-12-31,158.928770,159.096404,157.814479,157.873657,1201700,Yahoo Finance
2026-01-02,157.873665,159.638767,156.848119,159.569748,1961200,Yahoo Finance
2026-01-05,158.741412,162.113851,158.563922,161.275681,2894500,Yahoo Finance
2026-01-06,160.615002,164.214239,159.569745,163.898697,2854800,Yahoo Finance
2026-01-07,163.543696,163.563407,159.520430,160.644577,2734400,Yahoo Finance
2026-01-08,159.520437,163.484524,158.810448,162.942184,2526900,Yahoo Finance
2026-01-09,163.188708,163.938134,161.670115,162.942184,2306800,Yahoo Finance
2026-01-12,162.015263,165.930058,160.841808,165.604645,3247700,Yahoo Finance
2026-01-13,165.663805,168.030424,165.456718,167.064056,2827900,Yahoo Finance
2026-01-14,167.044337,168.474186,165.792009,167.626144,3121900,Yahoo Finance
2026-01-15,168.129041,170.653439,167.566960,168.720703,2909200,Yahoo Finance
2026-01-16,166.462548,169.046110,164.677720,165.466599,7328100,Yahoo Finance
2026-01-20,157.232685,161.453166,150.941415,153.948990,11902100,Yahoo Finance
2026-01-21,154.935088,156.433955,152.193748,153.712341,6969100,Yahoo Finance
2026-01-22,154.382891,160.240292,154.027897,158.396301,5559600,Yahoo Finance
2026-01-23,157.656734,161.985687,157.656734,160.417786,4461300,Yahoo Finance
2026-01-26,159.747236,160.595278,157.272146,157.301727,3891000,Yahoo Finance
2026-01-27,157.429899,158.682243,155.723961,155.852158,4661100,Yahoo Finance
2026-01-28,155.664798,157.479208,152.962895,153.771500,4323000,Yahoo Finance
2026-01-29,155.290078,156.542421,152.479719,154.205383,4137000,Yahoo Finance
2026-01-30,153.505273,154.550530,149.886309,151.030182,4738200,Yahoo Finance
2026-02-02,151.414743,151.503488,148.456461,151.296402,5393500,Yahoo Finance
2026-02-03,150.872382,154.895647,149.126991,153.515106,5178800,Yahoo Finance
2026-02-04,153.830678,161.541941,153.643318,161.512344,6514900,Yahoo Finance
2026-02-05,160.900965,163.514124,158.968229,162.784409,3514000,Yahoo Finance
2026-02-06,164.657979,170.574543,163.701466,170.249130,7257700,Yahoo Finance
2026-02-09,169.253183,170.199840,166.403371,167.912094,4694500,Yahoo Finance
2026-02-10,167.705034,171.333853,167.083789,171.018295,3215900,Yahoo Finance
2026-02-11,171.580368,172.497428,170.042063,170.446365,2996900,Yahoo Finance
2026-02-12,170.978834,174.942936,170.002595,172.181870,4525600,Yahoo Finance
2026-02-13,172.845516,173.043617,168.962685,170.190933,3178200,Yahoo Finance
2026-02-17,168.388186,169.873964,165.664259,166.030746,4748900,Yahoo Finance
2026-02-18,165.258148,165.614735,160.969200,162.613464,4211100,Yahoo Finance
2026-02-19,162.534218,164.059625,161.979530,163.485123,3373800,Yahoo Finance
2026-02-20,163.435593,167.764155,162.534217,165.476059,2292400,Yahoo Finance
2026-02-23,165.119481,165.852470,162.752142,164.762894,2922000,Yahoo Finance
2026-02-24,163.940755,166.694396,163.930855,164.881760,2468500,Yahoo Finance
2026-02-25,165.674168,166.040670,163.435601,163.970474,2987900,Yahoo Finance
2026-02-26,164.307254,166.565635,162.851190,164.594498,3474100,Yahoo Finance
2026-02-27,163.683220,164.475638,161.325781,163.752563,5367000,Yahoo Finance
2026-03-02,160.731471,162.672879,157.710386,159.929153,3984400,Yahoo Finance
2026-03-03,156.026527,158.126422,155.352967,156.977417,4050400,Yahoo Finance
2026-03-04,157.779727,160.256024,157.264668,159.364563,3865900,Yahoo Finance
2026-03-05,158.057087,159.443807,153.332308,154.728943,4538000,Yahoo Finance
2026-03-06,152.648850,152.658750,150.321125,151.955490,4938100,Yahoo Finance
2026-03-09,150.053696,151.470130,146.319435,150.192368,6235100,Yahoo Finance
2026-03-10,150.955046,155.026079,150.172543,153.778030,5891100,Yahoo Finance
2026-03-11,152.421029,153.916707,151.460225,153.698792,3551100,Yahoo Finance
2026-03-12,151.311643,152.024818,146.864223,147.686356,5683000,Yahoo Finance
2026-03-13,149.716903,150.945152,148.974014,149.528717,4010700,Yahoo Finance
2026-03-16,151.143259,151.301745,146.725553,148.528290,5104700,Yahoo Finance
2026-03-17,150.212153,150.212153,146.596766,147.646713,4412200,Yahoo Finance
2026-03-18,146.438279,146.923638,142.733748,143.704453,4239600,Yahoo Finance
2026-03-19,142.070093,142.604982,139.781997,141.356934,4275900,Yahoo Finance
2026-03-20,140.267368,141.941347,138.018886,139.861252,6900600,Yahoo Finance
2026-03-23,142.674329,146.814706,141.822482,145.170441,4924500,Yahoo Finance
2026-03-24,143.654938,146.398679,143.526166,145.279388,3036500,Yahoo Finance
2026-03-25,147.072217,147.755677,145.081280,146.646301,2238500,Yahoo Finance
2026-03-26,145.695401,146.002459,142.347458,142.624802,2812100,Yahoo Finance
2026-03-27,142.327638,144.803935,141.307405,141.683792,3428000,Yahoo Finance
2026-03-30,142.337537,142.545552,140.415928,141.168732,2483600,Yahoo Finance
2026-03-31,143.040810,143.912456,140.435741,143.853027,3384900,Yahoo Finance
2026-04-01,144.635552,145.883600,143.793605,143.872849,2419700,Yahoo Finance
2026-04-02,140.990425,144.784114,140.802224,143.100235,1782800,Yahoo Finance
2026-04-06,142.654514,143.773790,142.149340,143.129959,2151000,Yahoo Finance
2026-04-07,142.466326,143.328072,141.287606,142.981400,2887000,Yahoo Finance
2026-04-08,147.567475,148.815539,145.626067,147.755676,4223600,Yahoo Finance
2026-04-09,146.775064,150.004164,146.279804,149.073074,2825800,Yahoo Finance
2026-04-10,149.786236,150.063580,148.280644,148.894775,1826300,Yahoo Finance
2026-04-13,148.508470,151.341354,147.300051,151.341354,2489100,Yahoo Finance
2026-04-14,151.707870,152.698389,150.935267,151.103653,2232900,Yahoo Finance
2026-04-15,150.558850,151.232395,148.666955,149.806061,2837300,Yahoo Finance
2026-04-16,150.053694,151.420600,149.003732,149.122604,2143800,Yahoo Finance
2026-04-17,151.390877,154.897322,150.469702,153.084671,4950500,Yahoo Finance
2026-04-20,152.559708,153.461069,149.588152,149.964539,4672700,Yahoo Finance
2026-04-21,150.331032,156.640631,145.467581,147.062317,7233600,Yahoo Finance
2026-04-22,149.191919,149.479178,143.377579,144.397812,4583000,Yahoo Finance
2026-04-23,144.813842,145.972747,142.228587,143.466736,5138200,Yahoo Finance
2026-04-24,143.040814,144.893079,142.634697,144.605835,5931000,Yahoo Finance
2026-04-27,144.298766,145.804359,143.288448,144.387924,2991000,Yahoo Finance
2026-04-28,144.061060,144.685091,142.387080,144.645462,3726200,Yahoo Finance
2026-04-29,144.417645,145.180349,142.010676,142.505936,3757600,Yahoo Finance
2026-04-30,142.634702,145.507200,142.466316,145.130814,5017900,Yahoo Finance
2026-05-01,145.883604,145.923234,140.851767,141.148926,2757900,Yahoo Finance
2026-05-04,140.514993,142.882332,140.049448,140.217834,4053300,Yahoo Finance
2026-05-05,141.049865,142.921945,140.970637,141.465897,3386100,Yahoo Finance
2026-05-06,143.615312,146.913741,143.110138,145.150604,4910100,Yahoo Finance
2026-05-07,145.041653,145.546827,142.109726,142.387070,2764000,Yahoo Finance
2026-05-08,143.347877,143.922379,141.446082,141.931427,2566000,Yahoo Finance
2026-05-11,142.139444,143.437021,141.525327,141.980957,3319300,Yahoo Finance
2026-05-12,142.258289,143.229008,140.673468,141.852188,2798600,Yahoo Finance
2026-05-13,145.616149,148.340075,144.635545,145.705307,7625900,Yahoo Finance
2026-05-14,146.636393,146.656207,143.308249,143.744080,4105600,Yahoo Finance
2026-05-15,143.011113,145.467595,143.011113,144.833664,5276200,Yahoo Finance
2026-05-18,145.210048,151.242303,145.110990,151.083817,5520500,Yahoo Finance
2026-05-19,149.924931,149.924931,146.953375,147.943893,4629300,Yahoo Finance
2026-05-20,148.379724,149.439571,146.151056,148.359909,3873100,Yahoo Finance
2026-05-21,147.359489,151.470136,145.923239,150.162659,2834400,Yahoo Finance
2026-05-22,152.233576,152.791148,151.038809,151.775589,3209100,Yahoo Finance
2026-05-26,152.452620,153.916215,151.387292,153.358658,2319100,Yahoo Finance
2026-05-27,154.035696,156.007062,153.975945,154.493683,2877500,Yahoo Finance
2026-05-28,153.269053,153.617518,150.580824,152.183807,3224200,Yahoo Finance
2026-05-29,151.835326,153.746956,151.118463,152.462585,7901700,Yahoo Finance
2026-06-01,149.674780,150.401594,147.753184,150.272156,2691100,Yahoo Finance
2026-06-02,149.525435,152.492458,148.529794,152.233582,3391700,Yahoo Finance
2026-06-03,151.994637,153.179452,150.849640,150.989029,3330500,Yahoo Finance
2026-06-04,152.582060,153.647404,151.765627,152.104156,2473200,Yahoo Finance
2026-06-05,152.920571,153.965998,152.024500,153.089828,2488400,Yahoo Finance
2026-06-08,152.134017,155.399720,151.586411,153.179443,3054400,Yahoo Finance
2026-06-09,153.607570,157.241655,152.990277,155.708374,3434300,Yahoo Finance
2026-06-10,153.687214,162.299506,151.058721,156.166367,7862100,Yahoo Finance
2026-06-11,157.789248,158.914328,154.463810,157.221741,4873700,Yahoo Finance
2026-06-12,159.173191,159.292678,155.588891,157.629959,4576700,Yahoo Finance
2026-06-15,160.706492,161.692167,156.524801,157.540344,4426200,Yahoo Finance
2026-06-16,158.934254,162.438901,157.729521,160.925537,3430500,Yahoo Finance
2026-06-17,160.796091,163.583890,158.177549,158.535980,3781500,Yahoo Finance
2026-06-18,160.905617,161.512959,159.213029,159.900024,6934500,Yahoo Finance
2026-06-22,160.328149,162.847120,159.820377,162.508606,2642100,Yahoo Finance
2026-06-23,161.323787,163.454460,160.298278,161.134613,2816100,Yahoo Finance
2026-06-24,161.741948,167.695880,160.875745,165.186874,4556000,Yahoo Finance
2026-06-25,166.441384,169.020091,165.893778,167.237900,2381800,Yahoo Finance
2026-06-26,166.431430,167.068640,162.657941,163.295151,6334000,Yahoo Finance
2026-06-29,163.494286,164.868261,161.054953,161.722031,5260400,Yahoo Finance
2026-06-30,162.976556,164.529754,160.208674,161.204315,4024600,Yahoo Finance
2026-07-01,161.403440,162.289561,158.526037,159.262817,2662100,Yahoo Finance
2026-07-02,160.656711,161.293921,158.914338,159.740723,1837600,Yahoo Finance
2026-07-06,159.720798,159.750666,155.369850,158.456329,2180100,Yahoo Finance
2026-07-07,159.113462,159.203066,155.748189,157.321304,1839300,Yahoo Finance
2026-07-08,155.320063,155.807933,152.890696,154.025726,2310900,Yahoo Finance
2026-07-09,155.758160,156.624364,153.926184,154.662949,3829900,Yahoo Finance
2026-07-10,154.852118,157.719571,154.722680,156.833450,1945300,Yahoo Finance
2026-07-13,156.534746,158.705237,156.076744,157.012650,1726400,Yahoo Finance
2026-07-14,158.077994,159.073636,155.240410,155.897537,3579200,Yahoo Finance
2026-07-15,156.962870,162.309475,156.315709,159.830322,3287100,Yahoo Finance
2026-07-16,159.183164,162.638042,158.426467,161.064926,3482400,Yahoo Finance
2026-07-17,162.956634,163.514191,159.033805,159.143326,2922700,Yahoo Finance
2026-07-20,159.720807,160.975310,158.316949,158.416519,4063900,Yahoo Finance
2026-07-21,168.353012,175.392205,168.263408,170.015732,11003500,Yahoo Finance
2026-07-22,171.300118,173.888777,168.990222,170.015732,4593800,Yahoo Finance
2026-07-23,170.244737,171.240379,167.586376,168.850830,4736800,Yahoo Finance
2026-07-24,169.567701,172.594459,168.721414,171.867630,4101300,Yahoo Finance
2026-07-27,174.396559,178.508548,172.763708,177.453171,4826300,Yahoo Finance
2026-07-28,178.817210,184.094097,178.199902,181.684647,5501400,Yahoo Finance
2026-07-29,180.330574,181.405869,176.776142,177.174393,4822200,Yahoo Finance
2026-07-30,176.835878,177.642345,173.201793,175.302597,2811800,Yahoo Finance
2026-07-31,175.730715,176.367925,174.167551,175.511673,2676800,Yahoo Finance
2026-08-03,177.224183,178.657909,175.362338,176.457535,2749500,Yahoo Finance
2026-08-04,178.389088,180.878192,175.830297,180.659149,2980000,Yahoo Finance
2026-08-05,180.300717,182.580744,180.300717,181.286407,2728600,Yahoo Finance
2026-08-06,181.236617,182.700212,178.677827,179.922379,2547000,Yahoo Finance
2026-08-07,179.434502,182.740024,178.389075,182.102814,2430400,Yahoo Finance
2026-08-10,182.560821,182.700210,180.221057,181.246567,1942500,Yahoo Finance
2026-08-11,181.147017,183.576385,180.967794,182.331833,2335500,Yahoo Finance
2026-08-12,182.969038,183.596281,180.599406,182.978989,2647500,Yahoo Finance
2026-08-13,183.377243,183.885030,179.703338,181.853912,2852800,Yahoo Finance
2026-08-14,181.147015,183.446945,180.569542,181.853912,2644600,Yahoo Finance
2026-08-17,180.908057,182.431387,178.876955,179.424561,3873800,Yahoo Finance
2026-08-18,179.812853,180.868230,178.229771,180.151367,2318500,Yahoo Finance
2026-08-19,181.216696,182.630505,179.115892,179.872589,2765400,Yahoo Finance
2026-08-20,178.468729,181.176875,177.124607,177.313782,3499900,Yahoo Finance
2026-08-21,177.244103,180.240978,177.244103,178.180008,2587900,Yahoo Finance
2026-08-24,178.880005,180.350006,178.229996,179.009995,2088100,Yahoo Finance
2026-08-25,180.330002,180.800003,178.610001,179.369995,2316900,Yahoo Finance
2026-08-26,180.500000,180.669998,178.539993,180.000000,2673700,Yahoo Finance
2026-08-27,177.770004,180.000000,176.910004,178.830002,2394600,Yahoo Finance
2026-08-28,179.660004,179.839996,173.570007,174.339996,2336400,Yahoo Finance
2026-08-31,173.500000,173.649994,171.660004,171.830002,2362500,Yahoo Finance
2026-09-01,171.960007,172.429993,169.520004,170.240005,3340200,Yahoo Finance
2026-09-02,171.000000,171.259995,168.080002,168.750000,2174500,Yahoo Finance
2026-09-03,169.740005,169.750000,165.800003,168.309998,3005800,Yahoo Finance
2026-09-04,167.869995,169.589996,167.550003,168.559998,2175200,Yahoo Finance
2026-09-08,168.169998,168.559998,165.710007,167.520004,2179600,Yahoo Finance
2026-09-09,166.000000,166.809998,164.029999,164.399994,3288700,Yahoo Finance
2026-09-10,164.449997,164.449997,161.300003,162.860001,2908600,Yahoo Finance
2026-09-11,164.360001,165.369995,162.550003,164.970001,3285600,Yahoo Finance
2026-09-14,162.479996,163.380005,160.270004,162.020004,3000800,Yahoo Finance
2026-09-15,162.320007,166.250000,160.679993,164.669998,4174800,Yahoo Finance
2026-09-16,165.570007,166.289993,161.369995,162.649994,2885700,Yahoo Finance
2026-09-17,164.839996,165.460007,162.869995,164.710007,2401300,Yahoo Finance
2026-09-18,163.800003,166.050003,163.229996,165.889999,4551900,Yahoo Finance
2026-09-21,166.690002,166.770004,164.839996,164.970001,2380900,Yahoo Finance
2026-09-22,166.399994,169.320007,165.000000,169.300003,3260300,Yahoo Finance
2026-09-23,168.449997,170.429993,167.820007,170.300003,2787100,Yahoo Finance
2026-09-24,170.229996,170.750000,167.259995,167.520004,2430700,Yahoo Finance
2026-09-25,168.559998,170.729996,168.130005,169.550003,2516200,Yahoo Finance
2026-09-28,168.279999,170.619995,168.029999,169.479996,3800200,Yahoo Finance
2026-09-29,169.800003,170.979996,167.250000,168.490005,2901300,Yahoo Finance
2026-09-30,169.190002,169.500000,164.080002,164.149994,3936100,Yahoo Finance
