date,open,high,low,close,volume,source
2000-01-03,5.049581,5.138692,5.031759,5.108988,3431200,Yahoo Finance
2000-01-04,5.073341,5.156510,5.031756,5.043638,5997600,Yahoo Finance
2000-01-05,5.049580,5.150571,5.002054,5.031758,10562400,Yahoo Finance
2000-01-06,5.037700,5.275328,5.025819,5.215921,15300000,Yahoo Finance
2000-01-07,5.465427,5.845631,5.406020,5.827809,16160800,Yahoo Finance
2000-01-10,5.875334,5.881274,5.685232,5.726816,9336000,Yahoo Finance
2000-01-11,5.608003,5.827809,5.578300,5.738698,9988000,Yahoo Finance
2000-01-12,5.691173,5.798106,5.655529,5.685233,6378400,Yahoo Finance
2000-01-13,5.714936,5.887216,5.685232,5.863453,6981600,Yahoo Finance
2000-01-14,5.893156,5.970385,5.845631,5.857512,9292800,Yahoo Finance
2000-01-18,5.726817,5.798105,5.536715,5.608003,5514400,Yahoo Finance
2000-01-19,5.560477,5.744639,5.560477,5.655528,7730400,Yahoo Finance
2000-01-20,5.655531,5.798107,5.560480,5.798107,8457600,Yahoo Finance
2000-01-21,5.798105,5.798105,5.489189,5.548596,12880800,Yahoo Finance
2000-01-24,5.453547,5.518895,5.186217,5.245624,9503200,Yahoo Finance
2000-01-25,5.275327,5.340675,5.186217,5.245624,8416000,Yahoo Finance
2000-01-26,5.180273,5.352553,5.180273,5.233739,8797600,Yahoo Finance
2000-01-27,5.233741,5.257504,5.120868,5.150571,9053600,Yahoo Finance
2000-01-28,4.966410,5.192156,4.966410,5.002054,12754400,Yahoo Finance
2000-01-31,5.002056,5.251565,4.996116,5.037700,4790400,Yahoo Finance
2000-02-01,5.085225,5.269387,5.049581,5.174336,3984000,Yahoo Finance
2000-02-02,5.215920,5.370378,5.215920,5.310971,6660000,Yahoo Finance
2000-02-03,5.263444,5.322851,5.233741,5.263444,13720800,Yahoo Finance
2000-02-04,5.287208,5.400082,5.287208,5.394141,7199200,Yahoo Finance
2000-02-07,5.322852,5.560480,5.305031,5.530777,11616800,Yahoo Finance
2000-02-08,5.322851,5.429783,5.299088,5.322851,8325600,Yahoo Finance
2000-02-09,5.370375,5.388198,5.108985,5.126808,7526400,Yahoo Finance
2000-02-10,5.501073,5.744642,5.423845,5.501073,20888000,Yahoo Finance
2000-02-11,5.429783,5.619885,5.310969,5.322851,18896000,Yahoo Finance
2000-02-14,5.382259,5.465428,5.358496,5.406022,7276000,Yahoo Finance
2000-02-15,5.548597,5.839691,5.536715,5.643648,16885600,Yahoo Finance
2000-02-16,5.673351,5.940681,5.637707,5.827809,16412800,Yahoo Finance
2000-02-17,5.893156,6.148606,5.881274,5.976325,12419200,Yahoo Finance
2000-02-18,5.905040,5.940684,5.441667,5.501073,15170400,Yahoo Finance
2000-02-22,5.512953,5.667411,5.483250,5.590182,5828800,Yahoo Finance
2000-02-23,5.536714,5.560476,5.406019,5.441663,9806400,Yahoo Finance
2000-02-24,5.382257,5.394139,4.936707,5.002054,13012000,Yahoo Finance
2000-02-25,5.002054,5.025817,4.806012,4.871359,9658400,Yahoo Finance
2000-02-28,4.847597,4.984233,4.800071,4.889182,8533600,Yahoo Finance
2000-02-29,4.865419,4.936707,4.847596,4.859478,7711200,Yahoo Finance
2000-03-01,4.859476,5.263443,4.734722,5.192154,12564800,Yahoo Finance
2000-03-02,5.204038,5.227801,4.942648,4.990173,7538400,Yahoo Finance
2000-03-03,4.984234,5.257506,4.948590,5.174336,3794400,Yahoo Finance
2000-03-06,5.162453,5.162453,4.966411,4.990173,4090400,Yahoo Finance
2000-03-07,4.895124,4.907005,4.645615,4.657496,8610400,Yahoo Finance
2000-03-08,4.645612,4.699079,4.407985,4.526799,10363200,Yahoo Finance
2000-03-09,4.526801,4.716903,4.479275,4.663437,6700000,Yahoo Finance
2000-03-10,4.657494,4.847596,4.615910,4.835715,6710400,Yahoo Finance
2000-03-13,4.657496,4.800072,4.657496,4.758488,6282400,Yahoo Finance
2000-03-14,4.740665,4.794132,4.663437,4.758488,3949600,Yahoo Finance
2000-03-15,4.722843,4.918885,4.705021,4.889182,12876000,Yahoo Finance
2000-03-16,4.811951,5.055519,4.728781,4.954527,11164000,Yahoo Finance
2000-03-17,5.037700,5.132751,4.865421,4.907005,9671200,Yahoo Finance
2000-03-20,4.930768,5.073344,4.912946,5.037700,5468800,Yahoo Finance
2000-03-21,5.037699,5.168394,5.037699,5.132750,4168800,Yahoo Finance
2000-03-22,5.108986,5.221860,4.942647,5.031758,5897600,Yahoo Finance
2000-03-23,4.990171,5.192154,4.966409,5.192154,6003200,Yahoo Finance
2000-03-24,5.186217,5.471370,5.174336,5.459489,8687200,Yahoo Finance
2000-03-27,5.400079,5.406019,5.263443,5.299087,4664800,Yahoo Finance
2000-03-28,5.227800,5.340674,5.221860,5.263444,3800800,Yahoo Finance
2000-03-29,5.269385,5.316911,5.180275,5.293148,3594400,Yahoo Finance
2000-03-30,5.290055,5.504035,5.284111,5.444596,5237600,Yahoo Finance
2000-03-31,5.444598,5.676410,5.367328,5.670465,7032800,Yahoo Finance
2000-04-03,5.646691,5.943885,5.640747,5.902278,7430400,Yahoo Finance
2000-04-04,5.896334,5.896334,5.492150,5.777456,8253600,Yahoo Finance
2000-04-05,5.700186,5.795288,5.616971,5.706129,5006400,Yahoo Finance
2000-04-06,5.700185,5.896332,5.670465,5.866613,5516000,Yahoo Finance
2000-04-07,5.854726,5.878502,5.729904,5.872558,5463200,Yahoo Finance
2000-04-10,5.955773,6.110314,5.949830,6.074651,7511200,Yahoo Finance
2000-04-11,5.991433,6.223246,5.902276,6.223246,10399200,Yahoo Finance
2000-04-12,6.181636,6.550157,6.157861,6.455055,10133600,Yahoo Finance
2000-04-13,6.484779,6.520443,6.021156,6.312406,13784000,Yahoo Finance
2000-04-14,6.252966,6.252966,5.884446,6.080594,5155200,Yahoo Finance
2000-04-17,6.027098,6.140033,5.872557,6.062761,5120800,Yahoo Finance
2000-04-18,5.991434,6.199471,5.937940,6.169751,4708000,Yahoo Finance
2000-04-19,6.038988,6.252968,6.027100,6.151923,5062400,Yahoo Finance
2000-04-20,6.033045,6.496668,6.033045,6.383734,9542400,Yahoo Finance
2000-04-24,6.419397,6.633376,6.413453,6.603658,5580000,Yahoo Finance
2000-04-25,6.597713,6.597713,6.419396,6.490723,12896000,Yahoo Finance
2000-04-26,6.514496,6.579879,6.371843,6.401563,8431200,Yahoo Finance
2000-04-27,6.443170,6.514496,6.359955,6.377788,7212800,Yahoo Finance
2000-04-28,6.466945,6.466945,6.294573,6.342124,5775200,Yahoo Finance
2000-05-01,6.282685,6.324291,6.134087,6.140032,6320800,Yahoo Finance
2000-05-02,6.181639,6.193527,5.961716,5.991435,12139200,Yahoo Finance
2000-05-03,5.943884,5.955771,5.729904,5.825006,15127200,Yahoo Finance
2000-05-04,6.128146,6.128146,5.896334,5.937941,17708000,Yahoo Finance
2000-05-05,6.033042,6.074648,5.973603,5.997378,11467200,Yahoo Finance
2000-05-08,5.997379,6.300517,5.955771,6.276741,8276000,Yahoo Finance
2000-05-09,6.205412,6.490718,6.181636,6.455055,8402400,Yahoo Finance
2000-05-10,6.490721,6.657150,6.443170,6.502609,10783200,Yahoo Finance
2000-05-11,6.567993,6.716589,6.538273,6.579881,12660000,Yahoo Finance
2000-05-12,6.663094,6.817635,6.579880,6.787915,12364000,Yahoo Finance
2000-05-15,6.847354,7.132661,6.847354,7.096997,13902400,Yahoo Finance
2000-05-16,7.370417,7.370417,7.091055,7.192101,12806400,Yahoo Finance
2000-05-17,7.120773,7.203987,7.061334,7.096997,8849600,Yahoo Finance
2000-05-18,7.108886,7.471463,7.102943,7.370417,13567200,Yahoo Finance
2000-05-19,7.310977,7.364473,7.192099,7.263426,8583200,Yahoo Finance
2000-05-22,7.310978,7.376362,7.091055,7.257484,7230400,Yahoo Finance
2000-05-23,7.227761,7.293144,7.144547,7.174267,6759200,Yahoo Finance
2000-05-24,7.275314,7.536845,7.275314,7.406079,19460000,Yahoo Finance
2000-05-25,7.417970,7.495241,7.257485,7.281261,22335200,Yahoo Finance
2000-05-26,7.227764,7.376362,7.150495,7.215877,6431200,Yahoo Finance
2000-05-30,7.287202,7.459575,7.215875,7.221820,7100800,Yahoo Finance
2000-05-31,7.233710,7.275316,7.085112,7.091056,7738400,Yahoo Finance
2000-06-01,7.079165,7.328808,7.049445,7.227761,9206400,Yahoo Finance
2000-06-02,7.203990,7.257486,7.091057,7.120776,7372800,Yahoo Finance
2000-06-05,7.120773,7.251539,7.102943,7.126718,5560800,Yahoo Finance
2000-06-06,7.108888,7.192103,6.894908,6.978123,8763200,Yahoo Finance
2000-06-07,6.978118,7.102940,6.954342,7.001893,7371200,Yahoo Finance
2000-06-08,7.031617,7.144550,7.019729,7.037560,6693600,Yahoo Finance
2000-06-09,7.049446,7.394191,7.049446,7.316921,4442400,Yahoo Finance
2000-06-12,7.316922,7.643835,7.227763,7.599256,11328000,Yahoo Finance
2000-06-13,7.608171,7.893477,7.608171,7.679497,18617600,Yahoo Finance
2000-06-14,7.679499,7.923199,7.631948,7.798377,8972000,Yahoo Finance
2000-06-15,7.804321,7.905366,7.798377,7.798377,10037600,Yahoo Finance
2000-06-16,7.786487,7.834038,7.631946,7.679497,9452000,Yahoo Finance
2000-06-19,7.756765,7.786484,7.602224,7.608168,8903200,Yahoo Finance
2000-06-20,7.631948,7.786489,7.614117,7.626005,5228800,Yahoo Finance
2000-06-21,7.596285,7.750826,7.548734,7.709219,3891200,Yahoo Finance
2000-06-22,7.685440,7.881587,7.602225,7.643832,8808800,Yahoo Finance
2000-06-23,7.655725,7.691388,7.554680,7.596286,5790400,Yahoo Finance
2000-06-26,7.608175,7.750829,7.584400,7.584400,8347200,Yahoo Finance
2000-06-27,7.655724,7.673556,7.536846,7.626005,8472000,Yahoo Finance
2000-06-28,7.643833,7.923196,7.406077,7.847411,8736000,Yahoo Finance
2000-06-29,7.893477,8.464090,7.857814,8.178783,19946400,Yahoo Finance
2000-06-30,8.178785,8.368989,8.143122,8.155009,8524000,Yahoo Finance
2000-07-03,8.125288,8.374931,8.113401,8.374931,4158400,Yahoo Finance
2000-07-05,8.398707,8.553248,8.321436,8.464089,7004800,Yahoo Finance
2000-07-06,8.297661,8.743453,8.279830,8.725620,13102400,Yahoo Finance
2000-07-07,8.654290,8.695898,8.428423,8.535413,12748000,Yahoo Finance
2000-07-10,8.464088,8.481921,8.202558,8.309547,6252800,Yahoo Finance
2000-07-11,8.309549,8.487866,8.297662,8.339270,8452000,Yahoo Finance
2000-07-12,8.339270,8.588913,8.315494,8.487866,13590400,Yahoo Finance
2000-07-13,8.392765,8.475979,8.107458,8.155009,9004000,Yahoo Finance
2000-07-14,8.155011,8.226337,7.917255,8.036133,11498400,Yahoo Finance
2000-07-17,8.036133,8.327384,7.976694,8.267945,8053600,Yahoo Finance
2000-07-18,7.893476,8.018298,7.762710,7.917251,18284000,Yahoo Finance
2000-07-19,8.036132,8.107458,7.964805,7.982637,5704800,Yahoo Finance
2000-07-20,7.988583,8.113405,7.857817,8.071797,4423200,Yahoo Finance
2000-07-21,8.166899,8.178787,8.000471,8.083685,3734400,Yahoo Finance
2000-07-24,8.036134,8.089629,7.780547,7.828098,5619200,Yahoo Finance
2000-07-25,7.828100,7.839987,7.489297,7.489297,10554400,Yahoo Finance
2000-07-26,7.489293,7.602227,7.429854,7.435799,11900800,Yahoo Finance
2000-07-27,7.453629,7.857813,7.453629,7.786487,11498400,Yahoo Finance
2000-07-28,7.780546,7.839985,7.691387,7.721107,4742400,Yahoo Finance
2000-07-31,7.756767,7.941027,7.721104,7.780543,5440000,Yahoo Finance
2000-08-01,7.732993,7.994524,7.732993,7.935085,3895200,Yahoo Finance
2000-08-02,7.845925,8.059905,7.780543,7.952915,9508800,Yahoo Finance
2000-08-03,7.869705,8.083685,7.786490,8.077742,12517600,Yahoo Finance
2000-08-04,8.131233,8.368988,8.131233,8.339270,9188000,Yahoo Finance
2000-08-07,8.392762,8.511639,8.363043,8.363043,6219200,Yahoo Finance
2000-08-08,8.416540,8.434372,8.261999,8.273887,6905600,Yahoo Finance
2000-08-09,8.273887,8.380877,8.131234,8.357101,6224800,Yahoo Finance
2000-08-10,8.345213,8.434372,8.256055,8.404652,4545600,Yahoo Finance
2000-08-11,8.357099,8.796946,8.357099,8.773170,11681600,Yahoo Finance
2000-08-14,8.796951,8.975268,8.796951,8.892054,7801600,Yahoo Finance
2000-08-15,8.808837,8.868276,8.755343,8.850445,5898400,Yahoo Finance
2000-08-16,8.880164,8.880164,8.713735,8.767231,3748800,Yahoo Finance
2000-08-17,8.719680,8.999042,8.719680,8.826670,4786400,Yahoo Finance
2000-08-18,8.832613,8.832613,8.582970,8.689960,8038400,Yahoo Finance
2000-08-21,8.689959,8.791006,8.666184,8.731567,4527200,Yahoo Finance
2000-08-22,8.725625,8.951492,8.725625,8.892054,4323200,Yahoo Finance
2000-08-23,8.880164,8.886108,8.636465,8.689960,5681600,Yahoo Finance
2000-08-24,8.713733,8.779117,8.654295,8.678070,4443200,Yahoo Finance
2000-08-25,8.660235,8.678066,8.487862,8.535413,8910400,Yahoo Finance
2000-08-28,8.559192,8.642406,8.535416,8.559192,4236000,Yahoo Finance
2000-08-29,8.594858,8.755343,8.588914,8.630521,4428000,Yahoo Finance
2000-08-30,8.630518,8.654294,8.559192,8.618630,4172800,Yahoo Finance
2000-08-31,8.606742,9.117915,8.600798,8.988636,6971200,Yahoo Finance
2000-09-01,9.034706,9.082257,8.880165,8.933661,4242400,Yahoo Finance
2000-09-05,8.939600,9.022815,8.791004,8.975264,3391200,Yahoo Finance
2000-09-06,8.844500,8.915826,8.796948,8.796948,6530400,Yahoo Finance
2000-09-07,8.796949,8.838557,8.713735,8.731567,4832800,Yahoo Finance
2000-09-08,8.594856,8.695903,8.594856,8.606744,5390400,Yahoo Finance
2000-09-11,8.606747,8.933662,8.606747,8.892054,6009600,Yahoo Finance
2000-09-12,8.987155,9.159529,8.678073,8.695906,7288000,Yahoo Finance
2000-09-13,8.612692,8.755346,8.529478,8.701850,8502400,Yahoo Finance
2000-09-14,8.886108,9.094143,8.868275,8.987153,7286400,Yahoo Finance
2000-09-15,8.975264,9.094142,8.719678,8.814780,7742400,Yahoo Finance
2000-09-18,8.808836,8.880163,8.660240,8.672128,7361600,Yahoo Finance
2000-09-19,8.814782,9.106032,8.761286,8.969323,7596800,Yahoo Finance
2000-09-20,8.909883,8.939602,8.707791,8.779118,5052800,Yahoo Finance
2000-09-21,8.903937,9.052534,8.897993,8.981208,5604800,Yahoo Finance
2000-09-22,8.981208,9.343784,8.927712,9.302177,15180800,Yahoo Finance
2000-09-25,9.320010,9.533990,9.159526,9.254628,6460800,Yahoo Finance
2000-09-26,9.129808,9.337844,9.094144,9.266518,4830400,Yahoo Finance
2000-09-27,9.308124,9.438890,9.290293,9.320012,9971200,Yahoo Finance
2000-09-28,9.367562,9.504272,9.331899,9.456721,10519200,Yahoo Finance
2000-09-29,9.468609,9.617205,9.379450,9.391337,8254400,Yahoo Finance
2000-10-02,9.415114,10.104605,9.248686,10.074886,10532800,Yahoo Finance
2000-10-03,9.985727,10.265091,9.878738,10.015448,8753600,Yahoo Finance
2000-10-04,9.878736,10.152154,9.724195,9.753915,7397600,Yahoo Finance
2000-10-05,9.706362,10.080826,9.682586,9.967893,8195200,Yahoo Finance
2000-10-06,9.973838,9.985726,9.712307,9.789578,5328000,Yahoo Finance
2000-10-09,9.789578,9.896568,9.712306,9.795521,4176000,Yahoo Finance
2000-10-10,9.854959,10.217537,9.837128,10.068939,12500000,Yahoo Finance
2000-10-11,9.950063,10.181875,9.837130,10.033278,13369600,Yahoo Finance
2000-10-12,10.057053,10.128380,9.581543,9.652869,10779200,Yahoo Finance
2000-10-13,9.664753,9.950059,9.664753,9.878733,6508000,Yahoo Finance
2000-10-16,10.021388,10.366134,10.021388,10.360190,15316000,Yahoo Finance
2000-10-17,10.651441,10.651441,10.104603,10.158099,11013600,Yahoo Finance
2000-10-18,10.086770,10.092713,9.956005,9.967893,18152000,Yahoo Finance
2000-10-19,9.967889,10.045159,9.730134,9.944114,10554400,Yahoo Finance
2000-10-20,9.902513,10.062999,9.843074,10.015448,8279200,Yahoo Finance
2000-10-23,9.956001,10.080822,9.872787,9.944114,4642400,Yahoo Finance
2000-10-24,9.950061,10.265088,9.950061,10.140265,8260000,Yahoo Finance
2000-10-25,9.985723,10.235366,9.825239,9.938172,18965600,Yahoo Finance
2000-10-26,10.033281,10.312645,10.033281,10.217543,13609600,Yahoo Finance
2000-10-27,10.389912,10.580116,10.318585,10.431520,13244000,Yahoo Finance
2000-10-30,10.603887,11.126949,10.532561,11.031847,16620000,Yahoo Finance
2000-10-31,10.901086,10.948637,10.348305,10.401799,14316800,Yahoo Finance
2000-11-01,10.407739,10.413682,9.973835,10.092712,15431200,Yahoo Finance
2000-11-02,10.235364,10.271027,9.914394,9.914394,9264800,Yahoo Finance
2000-11-03,9.997610,10.235366,9.973835,10.092712,9104000,Yahoo Finance
2000-11-06,10.175926,10.413682,10.116487,10.372075,16323200,Yahoo Finance
2000-11-07,10.372078,10.378021,10.164041,10.342358,11733600,Yahoo Finance
2000-11-08,10.461231,10.746538,10.431513,10.508782,7455200,Yahoo Finance
2000-11-09,10.437462,10.823815,10.419631,10.805983,16479200,Yahoo Finance
2000-11-10,10.746541,10.889194,10.722765,10.746541,7906400,Yahoo Finance
2000-11-13,10.794092,10.794092,10.306694,10.455292,12493600,Yahoo Finance
2000-11-14,10.526620,10.924860,10.395855,10.776263,11344000,Yahoo Finance
2000-11-15,10.936746,11.043736,10.847589,10.930803,15515200,Yahoo Finance
2000-11-16,10.984296,11.216108,10.936745,10.960521,9970400,Yahoo Finance
2000-11-17,10.936749,11.210168,10.901086,10.978357,10740000,Yahoo Finance
2000-11-20,10.841644,11.091288,10.776262,10.936747,18385600,Yahoo Finance
2000-11-21,10.936745,11.061567,10.895139,10.960521,8228000,Yahoo Finance
2000-11-22,10.877309,10.883253,10.496900,10.716825,14561600,Yahoo Finance
2000-11-24,10.782213,11.067519,10.722774,10.942698,4035200,Yahoo Finance
2000-11-27,10.883251,11.067511,10.633608,10.960521,13892800,Yahoo Finance
2000-11-28,11.115064,11.364707,11.008074,11.067513,11324000,Yahoo Finance
2000-11-29,10.984298,11.281492,10.954579,11.245829,8297600,Yahoo Finance
2000-11-30,11.275548,11.453865,11.115063,11.156671,11784000,Yahoo Finance
2000-12-01,11.144782,11.210163,10.942689,11.031847,9815200,Yahoo Finance
2000-12-04,11.067514,11.317157,10.936748,11.115065,6685600,Yahoo Finance
2000-12-05,11.210167,11.560857,11.174504,11.257718,7825600,Yahoo Finance
2000-12-06,11.233941,11.501416,11.103175,11.198277,10204800,Yahoo Finance
2000-12-07,11.245826,11.400367,10.924857,11.103173,6588000,Yahoo Finance
2000-12-08,11.269604,11.459809,11.174502,11.340931,7756800,Yahoo Finance
2000-12-11,11.340930,11.566797,11.340930,11.453864,8472800,Yahoo Finance
2000-12-12,11.340931,11.340931,11.198278,11.251774,6848000,Yahoo Finance
2000-12-13,11.501415,11.507358,11.168557,11.233939,9902400,Yahoo Finance
2000-12-14,11.079397,11.204219,10.823811,10.966464,10673600,Yahoo Finance
2000-12-15,11.174502,11.334988,11.126951,11.174502,18532800,Yahoo Finance
2000-12-18,11.150729,11.650015,11.043739,11.495474,8542400,Yahoo Finance
2000-12-19,11.269602,11.358761,10.972408,11.132894,11905600,Yahoo Finance
2000-12-20,10.889192,11.453861,10.877304,11.210161,11152800,Yahoo Finance
2000-12-21,11.388482,11.483584,11.257717,11.477641,7305600,Yahoo Finance
2000-12-22,11.519248,11.584631,11.233942,11.364707,6125600,Yahoo Finance
2000-12-26,11.364706,11.697563,11.222052,11.650012,4935600,Yahoo Finance
2000-12-27,11.626236,11.697562,11.245827,11.578685,5977600,Yahoo Finance
2000-12-28,11.602461,11.911543,11.436033,11.887768,5698800,Yahoo Finance
2000-12-29,12.030425,12.066088,11.661904,11.673792,3029200,Yahoo Finance
2001-01-02,11.697560,11.828325,11.055620,11.210161,4878000,Yahoo Finance
2001-01-03,11.400367,11.531132,10.841642,10.877305,7880400,Yahoo Finance
2001-01-04,10.889196,11.103176,10.045165,10.116491,25899600,Yahoo Finance
2001-01-05,10.306689,10.508781,10.187812,10.259138,8884800,Yahoo Finance
2001-01-08,10.223481,10.544451,10.152155,10.223481,6092000,Yahoo Finance
2001-01-09,10.342357,10.508786,10.164040,10.330469,5587200,Yahoo Finance
2001-01-10,10.330469,10.877306,10.330469,10.746541,7573200,Yahoo Finance
2001-01-11,10.556340,10.710881,10.342360,10.532564,8792800,Yahoo Finance
2001-01-12,10.449346,10.568224,10.223479,10.306693,6419200,Yahoo Finance
2001-01-16,10.306696,10.544451,10.128379,10.211594,8226800,Yahoo Finance
2001-01-17,10.247257,10.342359,9.890624,10.021389,11669600,Yahoo Finance
2001-01-18,10.021387,10.116489,9.771744,9.938172,10007200,Yahoo Finance
2001-01-19,9.938177,10.033279,9.605319,9.807411,13198000,Yahoo Finance
2001-01-22,10.080827,10.615777,10.033276,10.520675,10538000,Yahoo Finance
2001-01-23,10.520676,11.174503,10.520676,11.126952,10196800,Yahoo Finance
2001-01-24,11.008072,11.400369,10.877307,11.352818,5084800,Yahoo Finance
2001-01-25,11.352818,11.543022,11.281491,11.507359,8775200,Yahoo Finance
2001-01-26,11.412256,11.602460,11.281491,11.376593,4901600,Yahoo Finance
2001-01-29,11.376117,11.376117,11.149774,11.176402,4058800,Yahoo Finance
2001-01-30,10.999513,11.028044,10.773170,10.856860,8954000,Yahoo Finance
2001-01-31,10.794092,10.794092,10.446018,10.729423,7565600,Yahoo Finance
2001-02-01,10.803606,11.012831,10.632423,10.792194,8748000,Yahoo Finance
2001-02-02,11.393238,11.805981,11.383727,11.621483,18066800,Yahoo Finance
2001-02-05,11.600562,11.895379,11.537795,11.870652,9640000,Yahoo Finance
2001-02-06,11.954339,11.979065,11.583441,11.583441,9046400,Yahoo Finance
2001-02-07,11.773649,12.241552,11.766041,11.767942,9883200,Yahoo Finance
2001-02-08,11.783155,11.792665,11.518771,11.583441,8996800,Yahoo Finance
2001-02-09,11.298135,11.383727,11.079400,11.136461,9462800,Yahoo Finance
2001-02-12,11.288622,11.505455,11.037552,11.244875,10798000,Yahoo Finance
2001-02-13,11.554915,11.554915,11.132661,11.144073,6012400,Yahoo Finance
2001-02-14,11.393234,11.425568,10.820719,10.841641,7660000,Yahoo Finance
2001-02-15,11.079404,11.184017,10.697094,10.698996,11206400,Yahoo Finance
2001-02-16,10.698991,10.993808,10.698991,10.824526,7935200,Yahoo Finance
2001-02-20,11.098422,11.126952,10.508788,10.765564,7041200,Yahoo Finance
2001-02-21,10.936747,10.959572,10.634322,10.742739,7615200,Yahoo Finance
2001-02-22,10.822627,10.832137,10.272935,10.472651,8439600,Yahoo Finance
2001-02-23,10.480258,10.480258,10.075123,10.333801,7837600,Yahoo Finance
2001-02-26,10.514498,10.841650,10.404180,10.687584,7338400,Yahoo Finance
2001-02-27,10.898707,11.145973,10.786487,10.919630,8135200,Yahoo Finance
2001-02-28,11.031849,11.315254,11.022339,11.265800,7023200,Yahoo Finance
2001-03-01,11.412254,11.507356,10.942449,11.220148,10278400,Yahoo Finance
2001-03-02,11.288626,11.600562,11.203035,11.562521,6264400,Yahoo Finance
2001-03-05,11.562520,11.562520,11.184013,11.412258,6898800,Yahoo Finance
2001-03-06,11.450301,11.535893,11.279117,11.509264,6894000,Yahoo Finance
2001-03-07,11.507359,11.602461,11.440787,11.507359,6291600,Yahoo Finance
2001-03-08,11.497849,11.788861,11.486436,11.697563,5147600,Yahoo Finance
2001-03-09,11.745116,11.792667,11.549206,11.600561,5487200,Yahoo Finance
2001-03-12,11.450297,11.526378,11.241072,11.347587,5508400,Yahoo Finance
2001-03-13,11.364706,11.408453,11.052771,11.203032,9993200,Yahoo Finance
2001-03-14,11.126953,11.317157,11.003320,11.050871,6459600,Yahoo Finance
2001-03-15,11.050867,11.184010,10.965276,11.014729,5696400,Yahoo Finance
2001-03-16,11.003317,11.005220,10.584868,10.617203,10479200,Yahoo Finance
2001-03-19,10.679972,10.898706,10.499278,10.794094,7978400,Yahoo Finance
2001-03-20,10.784584,11.052772,10.708502,10.794094,5508400,Yahoo Finance
2001-03-21,10.603890,10.718012,10.309073,10.328094,12255200,Yahoo Finance
2001-03-22,10.366137,10.404178,9.614830,10.023769,17008000,Yahoo Finance
2001-03-23,10.172127,10.503083,10.075123,10.366136,8599600,Yahoo Finance
2001-03-26,10.413687,10.908218,10.413687,10.670463,5816000,Yahoo Finance
2001-03-27,10.718013,10.794095,10.679973,10.716111,9350000,Yahoo Finance
2001-03-28,10.698994,10.932945,10.622912,10.670463,10938800,Yahoo Finance
2001-03-29,10.752293,11.035850,10.733263,10.997788,6665200,Yahoo Finance
2001-03-30,11.132905,11.361272,11.068201,11.277537,11462400,Yahoo Finance
2001-04-02,11.277536,11.418363,11.079619,11.132904,7739600,Yahoo Finance
2001-04-03,11.228061,11.380305,11.037755,11.081525,9202000,Yahoo Finance
2001-04-04,11.094844,11.509711,11.018722,11.391722,8889200,Yahoo Finance
2001-04-05,11.587736,11.608670,11.389817,11.418364,15155600,Yahoo Finance
2001-04-06,11.418363,11.456425,11.081521,11.216639,7660800,Yahoo Finance
2001-04-09,11.323211,11.408849,11.256604,11.376496,6402800,Yahoo Finance
2001-04-10,10.942601,11.370789,10.752295,11.256606,21452800,Yahoo Finance
2001-04-11,11.134803,11.266115,10.904533,11.003492,10278400,Yahoo Finance
2001-04-12,11.003497,11.285150,10.990176,11.119584,6153200,Yahoo Finance
2001-04-16,11.264219,11.406948,10.959729,11.081525,6614000,Yahoo Finance
2001-04-17,11.056788,11.431691,11.033951,11.235676,8026800,Yahoo Finance
2001-04-18,11.237574,11.549676,11.209029,11.547773,12273200,Yahoo Finance
2001-04-19,11.547768,11.606764,11.420263,11.494483,7152800,Yahoo Finance
2001-04-20,11.456426,11.523032,11.370788,11.458328,6340000,Yahoo Finance
2001-04-23,11.557285,11.798973,11.342239,11.368882,7620800,Yahoo Finance
2001-04-24,11.424071,11.595346,11.418362,11.562994,4900400,Yahoo Finance
2001-04-25,11.562996,12.065404,11.465940,11.989282,7560000,Yahoo Finance
2001-04-26,12.103468,12.417473,11.994994,12.345158,10723200,Yahoo Finance
2001-04-27,12.607777,12.826630,12.295675,12.411762,12341200,Yahoo Finance
2001-04-30,12.465051,12.636327,12.322321,12.461246,7725200,Yahoo Finance
2001-05-01,12.284256,12.617291,12.284256,12.590649,7168400,Yahoo Finance
2001-05-02,12.369893,12.371796,12.027342,12.027342,21074800,Yahoo Finance
2001-05-03,11.798975,12.029246,11.700016,11.722853,15918000,Yahoo Finance
2001-05-04,11.591540,11.688596,11.380300,11.637214,14088400,Yahoo Finance
2001-05-07,11.608669,11.633409,11.464037,11.570608,6767600,Yahoo Finance
2001-05-08,11.532549,11.532549,11.140519,11.248993,10938400,Yahoo Finance
2001-05-09,11.199514,11.484973,11.144326,11.266122,11662000,Yahoo Finance
2001-05-10,11.266120,11.313697,10.895023,10.927375,14080800,Yahoo Finance
2001-05-11,11.151936,11.222349,10.912150,11.123390,6279600,Yahoo Finance
2001-05-14,11.237575,11.361274,11.132907,11.256606,4814000,Yahoo Finance
2001-05-15,11.256601,11.456423,11.189994,11.281341,6251200,Yahoo Finance
2001-05-16,11.132905,11.656246,11.113874,11.564899,5676800,Yahoo Finance
2001-05-17,11.285149,11.304181,10.942599,11.108165,13045200,Yahoo Finance
2001-05-18,10.961630,11.094844,10.666655,10.794161,14292000,Yahoo Finance
2001-05-21,10.649529,10.856962,10.468738,10.558182,14784000,Yahoo Finance
2001-05-22,10.561988,10.590535,10.181376,10.333621,22848400,Yahoo Finance
2001-05-23,9.991068,10.209921,9.991068,10.091930,27742800,Yahoo Finance
2001-05-24,10.105252,10.558181,10.067192,10.523926,21636000,Yahoo Finance
2001-05-25,10.295555,10.504892,10.295555,10.362163,10410000,Yahoo Finance
2001-05-29,10.495379,10.501088,10.105251,10.238465,9436800,Yahoo Finance
2001-05-30,10.286044,10.636207,10.247982,10.508702,13345200,Yahoo Finance
2001-05-31,10.752292,11.026333,10.628593,10.942598,14947200,Yahoo Finance
2001-06-01,10.895023,10.900732,10.636207,10.790355,9252800,Yahoo Finance
2001-06-04,10.790353,10.895021,10.651430,10.801771,6000400,Yahoo Finance
2001-06-05,10.799870,10.940697,10.699008,10.870283,8168800,Yahoo Finance
2001-06-06,10.895021,11.205220,10.813190,11.113873,9837200,Yahoo Finance
2001-06-07,11.113872,11.228056,10.856959,10.995882,5886400,Yahoo Finance
2001-06-08,10.997790,11.151938,10.929280,11.081525,4761200,Yahoo Finance
2001-06-11,11.075812,11.075812,10.704715,10.792255,7986400,Yahoo Finance
2001-06-12,10.792262,10.885513,10.561992,10.809390,7834400,Yahoo Finance
2001-06-13,10.904532,11.032038,10.816992,10.961624,5786800,Yahoo Finance
2001-06-14,11.051077,11.170970,10.942603,11.072011,8593200,Yahoo Finance
2001-06-15,10.904538,10.971146,10.807482,10.874089,8583600,Yahoo Finance
2001-06-18,10.885506,11.151934,10.851251,11.113873,7112400,Yahoo Finance
2001-06-19,11.304184,11.304184,10.944504,11.043464,4019200,Yahoo Finance
2001-06-20,11.062496,11.342245,10.961633,11.190001,5333600,Yahoo Finance
2001-06-21,11.304184,11.637220,11.281347,11.524940,8900800,Yahoo Finance
2001-06-22,11.361272,11.717144,11.342241,11.641022,7057200,Yahoo Finance
2001-06-25,11.741883,11.892225,11.722852,11.854163,7188400,Yahoo Finance
2001-06-26,11.686695,11.829424,11.686695,11.751399,5282000,Yahoo Finance
2001-06-27,11.722855,12.082534,11.720952,11.970253,7210000,Yahoo Finance
2001-06-28,11.916962,12.023534,11.810391,11.903641,8438800,Yahoo Finance
2001-06-29,11.903644,11.977863,11.673374,11.751399,10572800,Yahoo Finance
2001-07-02,11.795168,11.974055,11.656245,11.886515,6340400,Yahoo Finance
2001-07-03,11.884613,11.922674,11.808490,11.852261,5186000,Yahoo Finance
2001-07-05,11.608669,11.827521,11.608669,11.781847,8037600,Yahoo Finance
2001-07-06,11.783749,11.816101,11.703820,11.783749,9109600,Yahoo Finance
2001-07-09,11.913162,12.141529,11.837040,12.084437,11081600,Yahoo Finance
2001-07-10,11.970253,12.103467,11.896033,11.970253,4155600,Yahoo Finance
2001-07-11,11.987384,12.173883,11.955031,12.080633,5451200,Yahoo Finance
2001-07-12,12.008314,12.402247,11.901743,12.383217,6953600,Yahoo Finance
2001-07-13,12.369893,12.558296,12.347056,12.520235,7370000,Yahoo Finance
2001-07-16,12.510721,12.510721,12.141527,12.312802,10996400,Yahoo Finance
2001-07-17,12.385122,12.560203,12.324224,12.556397,6964400,Yahoo Finance
2001-07-18,12.560202,12.737187,12.484080,12.628713,4762000,Yahoo Finance
2001-07-19,12.740989,12.828531,12.602066,12.680091,5118000,Yahoo Finance
2001-07-20,12.622999,12.769534,12.396535,12.525943,4970000,Yahoo Finance
2001-07-23,12.655350,12.798080,12.453627,12.512621,3278000,Yahoo Finance
2001-07-24,12.465052,12.560205,12.246200,12.371802,3979200,Yahoo Finance
2001-07-25,12.179585,12.360375,12.046370,12.267125,5373200,Yahoo Finance
2001-07-26,12.267133,12.487889,12.227169,12.371802,3200800,Yahoo Finance
2001-07-27,12.465043,12.607773,12.118686,12.369890,7972800,Yahoo Finance
2001-07-30,12.415570,12.895142,12.409861,12.664872,9415600,Yahoo Finance
2001-07-31,12.712447,12.940814,12.603973,12.830436,5433600,Yahoo Finance
2001-08-01,12.560196,12.845655,12.303283,12.369890,13364400,Yahoo Finance
2001-08-02,12.522143,12.630618,12.000704,12.170076,10416400,Yahoo Finance
2001-08-03,12.322319,12.322319,11.991186,12.234778,3914800,Yahoo Finance
2001-08-06,12.179585,12.225258,12.052080,12.088238,2504800,Yahoo Finance
2001-08-07,12.160554,12.272833,12.103461,12.251900,3202800,Yahoo Finance
2001-08-08,12.251903,12.348960,12.074919,12.116786,3197600,Yahoo Finance
2001-08-09,12.069206,12.236676,11.941701,12.111073,4291600,Yahoo Finance
2001-08-10,12.093946,12.314701,12.084431,12.251900,2673200,Yahoo Finance
2001-08-13,12.345154,12.505010,12.295674,12.421275,3058800,Yahoo Finance
2001-08-14,12.440307,12.550683,12.345154,12.465046,2083600,Yahoo Finance
2001-08-15,12.426983,12.550681,12.421273,12.446013,3250400,Yahoo Finance
2001-08-16,12.446013,12.678187,12.407951,12.636319,3902400,Yahoo Finance
2001-08-17,12.522143,12.695320,12.390831,12.487887,3858000,Yahoo Finance
2001-08-20,12.487883,12.651547,12.407954,12.577326,2973600,Yahoo Finance
2001-08-21,12.624906,12.796182,12.609683,12.701029,3092400,Yahoo Finance
2001-08-22,12.655353,12.862786,12.619194,12.822822,6982400,Yahoo Finance
2001-08-23,12.891333,13.083543,12.849466,13.083543,8267200,Yahoo Finance
2001-08-24,13.178695,13.188211,12.942716,12.961746,5888000,Yahoo Finance
2001-08-27,12.961747,13.186308,12.961747,13.035966,3996000,Yahoo Finance
2001-08-28,13.127317,13.220566,12.997908,13.117801,5410400,Yahoo Finance
2001-08-29,13.216756,13.235788,13.100669,13.178696,7060800,Yahoo Finance
2001-08-30,13.220566,13.321428,13.022647,13.079740,15083600,Yahoo Finance
2001-08-31,13.079734,13.112085,12.813305,12.952228,7135600,Yahoo Finance
2001-09-04,12.952232,13.016937,12.898946,12.938910,7621600,Yahoo Finance
2001-09-05,12.921781,13.131117,12.921781,12.997904,7783600,Yahoo Finance
2001-09-06,12.999809,12.999809,12.721962,12.723866,11350400,Yahoo Finance
2001-09-07,12.560201,12.617294,12.303288,12.426988,9340000,Yahoo Finance
2001-09-10,12.446013,12.681992,12.426983,12.636319,6265600,Yahoo Finance
2001-09-17,12.560202,12.560202,12.185299,12.276647,7342800,Yahoo Finance
2001-09-18,12.284258,12.284258,11.871293,11.894130,10604400,Yahoo Finance
2001-09-19,12.074919,12.141526,11.589639,11.751399,11763200,Yahoo Finance
2001-09-20,11.751400,11.892227,11.665762,11.686696,11702000,Yahoo Finance
2001-09-21,11.342241,11.513517,11.189996,11.408849,9954400,Yahoo Finance
2001-09-24,11.797071,11.798974,11.591540,11.724754,10732000,Yahoo Finance
2001-09-25,11.798975,12.122495,11.779945,11.987378,13761600,Yahoo Finance
2001-09-26,12.082529,12.512620,11.903640,12.484074,10426400,Yahoo Finance
2001-09-27,12.653453,12.788570,12.522143,12.558300,14284000,Yahoo Finance
2001-09-28,12.617290,12.740988,12.426984,12.655351,13672800,Yahoo Finance
2001-10-01,12.659158,12.868495,12.617292,12.731475,10371200,Yahoo Finance
2001-10-02,12.731475,12.799985,12.588745,12.799985,6199600,Yahoo Finance
2001-10-03,12.847561,13.009321,12.702928,12.799985,10845600,Yahoo Finance
2001-10-04,12.826628,13.054995,12.712445,12.959842,9160400,Yahoo Finance
2001-10-05,13.007422,13.176794,12.874208,13.058805,4912400,Yahoo Finance
2001-10-08,12.950327,13.058802,12.828532,12.959842,4842800,Yahoo Finance
2001-10-09,12.959842,13.013128,12.799986,12.956037,5490000,Yahoo Finance
2001-10-10,12.956041,13.176795,12.927495,13.115897,5781200,Yahoo Finance
2001-10-11,13.163469,13.271943,12.813307,12.879913,10624400,Yahoo Finance
2001-10-12,12.893238,12.893238,12.543076,12.767635,7058800,Yahoo Finance
2001-10-15,12.577327,13.013128,12.577327,12.982679,5676400,Yahoo Finance
2001-10-16,13.131122,13.188215,12.997908,13.054999,5624400,Yahoo Finance
2001-10-17,13.072125,13.121603,12.756216,12.950329,8776400,Yahoo Finance
2001-10-18,13.077837,13.093061,12.721964,12.904657,8037200,Yahoo Finance
2001-10-19,12.858978,13.030254,12.807596,12.866590,4982400,Yahoo Finance
2001-10-22,12.866596,13.224371,12.857080,13.102575,5991200,Yahoo Finance
2001-10-23,13.188210,13.192015,12.914168,12.942715,5245600,Yahoo Finance
2001-10-24,12.959842,12.959842,12.560200,12.560200,12027200,Yahoo Finance
2001-10-25,12.651545,12.845657,12.484075,12.655351,13698400,Yahoo Finance
2001-10-26,12.560197,13.093055,12.541167,12.828529,11688000,Yahoo Finance
2001-10-29,12.933196,13.035962,12.758115,12.803788,4933600,Yahoo Finance
2001-10-30,12.988390,13.026451,12.655355,12.718156,4770000,Yahoo Finance
2001-10-31,12.765728,12.779050,12.466948,12.512621,6725200,Yahoo Finance
2001-11-01,12.645838,12.645838,12.293772,12.411762,12727200,Yahoo Finance
2001-11-02,12.503104,12.683895,12.411758,12.474559,7049600,Yahoo Finance
2001-11-05,12.558299,12.699127,12.520239,12.581137,4936000,Yahoo Finance
2001-11-06,12.693416,13.058805,12.503110,12.701029,10031200,Yahoo Finance
2001-11-07,12.893232,12.902748,12.341344,12.541166,7729600,Yahoo Finance
2001-11-08,12.560199,12.560199,12.139623,12.215746,12485200,Yahoo Finance
2001-11-09,12.255709,12.257612,11.989280,12.090142,7875600,Yahoo Finance
2001-11-12,12.160554,12.308993,11.878901,12.259513,5857600,Yahoo Finance
2001-11-13,12.259514,12.438403,12.236679,12.360376,4131600,Yahoo Finance
2001-11-14,12.388927,12.485984,12.210040,12.377509,3448000,Yahoo Finance
2001-11-15,12.377507,12.592552,12.373700,12.398440,2955200,Yahoo Finance
2001-11-16,12.503106,12.537361,12.413663,12.453628,3953600,Yahoo Finance
2001-11-19,12.617293,12.838048,12.453630,12.826630,9357200,Yahoo Finance
2001-11-20,12.826626,13.483182,12.826626,13.462248,17129600,Yahoo Finance
2001-11-21,13.462248,13.663974,13.340453,13.486989,8177200,Yahoo Finance
2001-11-23,13.486991,13.585949,13.416577,13.553597,1906800,Yahoo Finance
2001-11-26,13.349967,13.606880,13.254814,13.597364,10623600,Yahoo Finance
2001-11-27,13.466054,13.545983,13.416574,13.538370,6812800,Yahoo Finance
2001-11-28,13.538372,13.740096,13.471765,13.644943,6678000,Yahoo Finance
2001-11-29,13.606886,13.663979,13.437514,13.568826,3621600,Yahoo Finance
2001-11-30,13.568820,13.603075,13.445120,13.597364,4274800,Yahoo Finance
2001-12-03,13.422285,13.616398,13.393739,13.574531,4538400,Yahoo Finance
2001-12-04,13.559308,13.585951,13.426094,13.566920,4272400,Yahoo Finance
2001-12-05,13.673492,13.774354,13.427997,13.694426,6498000,Yahoo Finance
2001-12-06,13.702036,13.791480,13.572628,13.738194,5562000,Yahoo Finance
2001-12-07,13.740097,13.797189,13.662072,13.728679,7320800,Yahoo Finance
2001-12-10,13.683004,13.713452,13.523146,13.610686,4570400,Yahoo Finance
2001-12-11,13.854284,13.854284,13.559309,13.652558,12632800,Yahoo Finance
2001-12-12,13.464150,13.466053,12.904650,13.264328,11105200,Yahoo Finance
2001-12-13,13.226267,13.408960,13.157756,13.321420,5158400,Yahoo Finance
2001-12-14,13.264335,13.521249,13.062611,13.504121,6288800,Yahoo Finance
2001-12-17,13.359482,13.597365,13.323325,13.502212,6554400,Yahoo Finance
2001-12-18,13.473669,13.593561,13.382321,13.511729,7292400,Yahoo Finance
2001-12-19,13.606887,13.624014,13.121606,13.211050,14377200,Yahoo Finance
2001-12-20,13.321428,13.321428,13.131122,13.180602,8088400,Yahoo Finance
2001-12-21,13.178694,13.252913,12.956036,13.203433,11612400,Yahoo Finance
2001-12-24,13.226271,13.460348,13.203434,13.370904,3302000,Yahoo Finance
2001-12-26,13.462254,13.471770,13.329040,13.367101,3177600,Yahoo Finance
2001-12-27,13.369004,13.443223,13.266238,13.426096,2908400,Yahoo Finance
2001-12-28,13.426093,13.521247,13.397547,13.473670,3930800,Yahoo Finance
2001-12-31,13.517437,13.690617,13.431800,13.467957,4166400,Yahoo Finance
2002-01-02,13.321426,13.452737,13.159666,13.401354,4607200,Yahoo Finance
2002-01-03,13.266235,13.376613,13.169178,13.251010,5070000,Yahoo Finance
2002-01-04,13.275747,13.403251,13.235783,13.321420,2894800,Yahoo Finance
2002-01-07,13.359487,13.410871,13.054998,13.235789,3896800,Yahoo Finance
2002-01-08,13.197726,13.216757,13.039772,13.199630,5042000,Yahoo Finance
2002-01-09,13.178700,13.374715,13.171088,13.237695,6437600,Yahoo Finance
2002-01-10,13.182498,13.483182,13.182498,13.435605,5205200,Yahoo Finance
2002-01-11,13.445119,13.707741,13.363287,13.654455,5914800,Yahoo Finance
2002-01-14,13.656369,13.938022,13.656369,13.797195,7298800,Yahoo Finance
2002-01-15,13.816222,13.835252,13.683008,13.825738,5045600,Yahoo Finance
2002-01-16,13.907565,14.065519,13.839054,13.892340,7812000,Yahoo Finance
2002-01-17,13.854286,13.892346,13.702040,13.766744,5668000,Yahoo Finance
2002-01-18,13.764841,13.976081,13.721070,13.812418,5612000,Yahoo Finance
2002-01-22,13.768643,13.930403,13.730583,13.806705,5226800,Yahoo Finance
2002-01-23,13.873311,13.892342,13.656362,13.778158,5626400,Yahoo Finance
2002-01-24,13.892340,14.175896,13.892340,14.145448,17440400,Yahoo Finance
2002-01-25,14.101682,14.234897,13.987499,14.120712,8096000,Yahoo Finance
2002-01-28,14.094073,14.120716,13.920895,14.082655,4985200,Yahoo Finance
2002-01-29,14.082647,14.170187,13.854280,13.882825,11738800,Yahoo Finance
2002-01-30,13.882833,13.884736,13.665884,13.797195,6111200,Yahoo Finance
2002-01-31,13.966565,14.151162,13.844769,14.149259,8150000,Yahoo Finance
2002-02-01,14.151156,14.272951,14.124513,14.267242,5052800,Yahoo Finance
2002-02-04,14.177802,14.271052,14.016042,14.063619,3544800,Yahoo Finance
2002-02-05,14.063617,14.394749,14.063617,14.272953,9528800,Yahoo Finance
2002-02-06,14.265338,14.371909,14.092160,14.196828,4558400,Yahoo Finance
2002-02-07,14.196837,14.314828,14.147357,14.291990,5109200,Yahoo Finance
2002-02-08,14.291986,14.309114,14.046491,14.164481,4526400,Yahoo Finance
2002-02-11,14.158770,14.242503,14.000815,14.158770,5208400,Yahoo Finance
2002-02-12,14.234894,14.415684,14.215862,14.379525,6916400,Yahoo Finance
2002-02-13,14.379525,14.381429,14.177801,14.311015,4550400,Yahoo Finance
2002-02-14,14.370007,14.413777,14.111191,14.183507,6866400,Yahoo Finance
2002-02-15,14.177798,14.177798,14.000814,14.141640,5624800,Yahoo Finance
2002-02-19,14.084552,14.156868,14.016042,14.046490,2720800,Yahoo Finance
2002-02-20,13.953238,14.158769,13.778157,14.059809,7030800,Yahoo Finance
2002-02-21,14.044593,14.276766,14.016047,14.257735,7390800,Yahoo Finance
2002-02-22,14.311020,14.311020,14.187322,14.221578,6266800,Yahoo Finance
2002-02-25,14.263443,14.291989,14.134035,14.153067,6018800,Yahoo Finance
2002-02-26,14.154959,14.198730,13.987490,14.025551,7226400,Yahoo Finance
2002-02-27,13.873310,14.036974,13.663974,13.882825,7901600,Yahoo Finance
2002-02-28,13.958951,14.014140,13.665880,13.795288,8864000,Yahoo Finance
2002-03-01,13.816216,13.861889,13.526952,13.559303,8964000,Yahoo Finance
2002-03-04,13.475572,13.511730,12.912266,12.965551,18821600,Yahoo Finance
2002-03-05,12.950329,13.220563,12.944619,13.083543,11461600,Yahoo Finance
2002-03-06,13.169179,13.418481,13.169179,13.327133,7760800,Yahoo Finance
2002-03-07,13.323325,13.454635,13.192014,13.435605,9818000,Yahoo Finance
2002-03-08,13.587856,13.644947,13.526958,13.601177,7263200,Yahoo Finance
2002-03-11,13.601177,13.934213,13.568825,13.907570,7952800,Yahoo Finance
2002-03-12,13.854281,14.023653,13.780061,13.957045,7435600,Yahoo Finance
2002-03-13,13.958944,14.134025,13.918980,14.016036,6050000,Yahoo Finance
2002-03-14,13.997010,14.158770,13.928499,14.158770,6421600,Yahoo Finance
2002-03-15,14.196838,14.250123,14.137844,14.187324,8298400,Yahoo Finance
2002-03-18,14.187315,14.326238,14.056004,14.259631,5922400,Yahoo Finance
2002-03-19,14.305307,14.345272,14.141644,14.331950,5578400,Yahoo Finance
2002-03-20,14.389041,14.406168,14.280567,14.330047,3534400,Yahoo Finance
2002-03-21,14.240605,14.383334,14.240605,14.337660,4208800,Yahoo Finance
2002-03-22,14.324337,14.366205,14.181607,14.212057,4612800,Yahoo Finance
2002-03-25,14.095973,14.212060,14.095973,14.149259,4145200,Yahoo Finance
2002-03-26,14.149254,14.225376,14.130223,14.154963,6843200,Yahoo Finance
2002-03-27,14.126407,14.440539,14.090235,14.354867,6808800,Yahoo Finance
2002-03-28,14.507172,14.621402,14.394846,14.549056,7059600,Yahoo Finance
2002-04-01,14.469099,14.497656,14.303465,14.448156,2827600,Yahoo Finance
2002-04-02,14.583332,14.773715,14.526218,14.663293,6759200,Yahoo Finance
2002-04-03,14.665194,14.716598,14.459580,14.592849,5457200,Yahoo Finance
2002-04-04,14.592840,14.703263,14.530014,14.629012,4071200,Yahoo Finance
2002-04-05,14.659480,14.811787,14.640442,14.743249,5567600,Yahoo Finance
2002-04-08,14.630923,14.840344,14.615693,14.674712,4983600,Yahoo Finance
2002-04-09,14.783223,14.783223,14.667089,14.716589,5236400,Yahoo Finance
2002-04-10,14.754672,14.849863,14.707076,14.840343,5315600,Yahoo Finance
2002-04-11,14.849860,14.975513,14.775611,14.916493,7431600,Yahoo Finance
2002-04-12,14.918402,14.918402,14.526214,14.621406,8284400,Yahoo Finance
2002-04-15,14.659481,14.659481,14.421502,14.564289,7513600,Yahoo Finance
2002-04-16,14.707077,14.707077,14.471002,14.630923,6786000,Yahoo Finance
2002-04-17,14.840340,15.264894,14.745149,15.148761,15121200,Yahoo Finance
2002-04-18,15.306781,16.144465,15.268703,16.041658,25330800,Yahoo Finance
2002-04-19,16.125424,16.376729,15.921714,16.331038,12965200,Yahoo Finance
2002-04-22,16.331037,16.704187,16.277730,16.371017,13741200,Yahoo Finance
2002-04-23,16.372932,16.433855,16.173030,16.211107,11564800,Yahoo Finance
2002-04-24,16.213001,16.635649,16.213001,16.371017,7490000,Yahoo Finance
2002-04-25,16.506189,17.073531,16.475729,16.563305,13598000,Yahoo Finance
2002-04-26,16.565207,16.734647,16.296766,16.380535,10620800,Yahoo Finance
2002-04-29,16.380544,16.466216,16.184450,16.372929,9427200,Yahoo Finance
2002-04-30,16.454786,16.892667,16.441460,16.717514,9374800,Yahoo Finance
2002-05-01,16.925040,17.465726,16.925040,17.060211,13777200,Yahoo Finance
2002-05-02,17.062116,17.191576,16.915520,17.121134,9292000,Yahoo Finance
2002-05-03,17.134460,17.305805,16.953597,17.048788,6946400,Yahoo Finance
2002-05-06,16.949785,17.381955,16.945978,17.086861,5678800,Yahoo Finance
2002-05-07,17.086861,17.277244,16.639462,16.858402,8957200,Yahoo Finance
2002-05-08,16.858396,17.172527,16.439553,17.117317,9952000,Yahoo Finance
2002-05-09,17.119220,17.391468,16.848877,16.848877,8422000,Yahoo Finance
2002-05-10,16.860305,17.126841,16.776538,16.791767,5848400,Yahoo Finance
2002-05-13,16.753698,16.810813,16.470028,16.728949,6313200,Yahoo Finance
2002-05-14,16.728940,16.728940,16.351981,16.639460,8843200,Yahoo Finance
2002-05-15,16.601384,17.048785,16.601384,16.827940,7772800,Yahoo Finance
2002-05-16,16.991670,17.073535,16.810807,16.944075,6234800,Yahoo Finance
2002-05-17,16.850787,17.111610,16.696576,16.858402,6108800,Yahoo Finance
2002-05-20,16.563317,16.599490,16.277743,16.544279,7725200,Yahoo Finance
2002-05-21,16.546168,16.696569,16.422419,16.601377,7406000,Yahoo Finance
2002-05-22,16.458598,16.620425,16.372927,16.443369,4470400,Yahoo Finance
2002-05-23,16.629945,16.761310,16.536658,16.753695,7124000,Yahoo Finance
2002-05-24,16.677534,16.972628,16.658496,16.839359,5966800,Yahoo Finance
2002-05-28,16.791762,16.982145,16.734648,16.921223,4355200,Yahoo Finance
2002-05-29,16.944073,17.178245,16.925035,17.113514,6769200,Yahoo Finance
2002-05-30,17.163010,17.435258,17.115414,17.359104,10878800,Yahoo Finance
2002-05-31,17.191567,17.381950,17.052587,17.286758,5923600,Yahoo Finance
2002-06-03,17.134460,17.420035,17.105903,17.204903,7082800,Yahoo Finance
2002-06-04,17.204903,17.324843,16.963116,17.134460,8448800,Yahoo Finance
2002-06-05,17.153496,17.536166,17.123036,17.471436,7126400,Yahoo Finance
2002-06-06,17.499995,17.606610,17.267728,17.420034,9927200,Yahoo Finance
2002-06-07,17.515225,18.010220,17.477149,17.970240,16947600,Yahoo Finance
2002-06-10,17.970239,18.173949,17.895990,18.093988,7187200,Yahoo Finance
2002-06-11,18.448097,18.615634,18.400502,18.495693,13393600,Yahoo Finance
2002-06-12,18.495695,18.636578,18.371946,18.474752,8467200,Yahoo Finance
2002-06-13,18.375758,18.524258,18.124453,18.172049,6043600,Yahoo Finance
2002-06-14,18.219633,18.333864,17.353392,17.465717,16908800,Yahoo Finance
2002-06-17,17.800797,18.084467,17.798893,17.895988,11331200,Yahoo Finance
2002-06-18,17.825549,18.381468,17.823646,18.160624,7998000,Yahoo Finance
2002-06-19,18.362429,18.581370,18.276757,18.524256,7468800,Yahoo Finance
2002-06-20,18.411920,18.484265,18.219633,18.303402,9300800,Yahoo Finance
2002-06-21,18.133966,18.314829,17.715124,17.819834,12666800,Yahoo Finance
2002-06-24,17.819839,17.821743,16.772733,17.138268,12966400,Yahoo Finance
2002-06-25,17.185859,17.309608,16.753691,17.086861,12705600,Yahoo Finance
2002-06-26,16.753690,17.362915,16.677537,17.324839,12123200,Yahoo Finance
2002-06-27,17.326740,17.515219,17.010704,17.505699,9781200,Yahoo Finance
2002-06-28,17.420027,17.726543,17.100183,17.429546,14964400,Yahoo Finance
2002-07-01,17.667523,17.705599,17.286758,17.581850,10658000,Yahoo Finance
2002-07-02,17.515215,17.658002,16.915509,17.182045,15376800,Yahoo Finance
2002-07-03,17.183961,17.581860,16.582350,17.172537,10966000,Yahoo Finance
2002-07-05,17.477143,17.494277,17.241067,17.492373,4461200,Yahoo Finance
2002-07-08,17.762719,17.915024,17.633258,17.774141,7991600,Yahoo Finance
2002-07-09,17.838872,17.939776,17.477145,17.499990,9804000,Yahoo Finance
2002-07-10,17.410515,17.519033,16.730848,16.801291,12147200,Yahoo Finance
2002-07-11,16.753686,17.103989,16.340555,17.067818,16940400,Yahoo Finance
2002-07-12,17.686567,17.800797,17.343877,17.538069,14453600,Yahoo Finance
2002-07-15,17.585676,17.614233,16.755606,17.579964,13169200,Yahoo Finance
2002-07-16,17.229648,17.501895,17.039265,17.086861,11535200,Yahoo Finance
2002-07-17,17.322934,17.610413,17.182051,17.610413,12235200,Yahoo Finance
2002-07-18,17.859813,18.333867,16.719420,17.077339,23974000,Yahoo Finance
2002-07-19,17.229648,17.368628,16.755595,16.791767,17581600,Yahoo Finance
2002-07-22,16.791766,16.905997,15.516201,15.695162,20810400,Yahoo Finance
2002-07-23,15.754190,16.182551,15.512404,15.948380,15755200,Yahoo Finance
2002-07-24,15.687544,16.896475,15.619006,16.896475,15815200,Yahoo Finance
2002-07-25,16.658505,17.324845,16.049280,16.609005,14739600,Yahoo Finance
2002-07-26,16.468112,16.586150,16.053078,16.321518,12287600,Yahoo Finance
2002-07-29,16.572831,16.791770,16.211103,16.593773,11758000,Yahoo Finance
2002-07-30,16.468122,16.985964,15.975031,16.249182,17766800,Yahoo Finance
2002-07-31,16.296773,16.829846,16.011199,16.688963,13916800,Yahoo Finance
2002-08-01,16.629942,16.658499,16.081639,16.416714,11552000,Yahoo Finance
2002-08-02,16.391958,16.393862,15.980732,16.199671,8817200,Yahoo Finance
2002-08-05,16.087349,16.173021,15.620912,15.638045,10998800,Yahoo Finance
2002-08-06,15.849372,16.235849,15.801776,16.049274,10178400,Yahoo Finance
2002-08-07,16.372927,16.420523,15.792259,16.272024,10469200,Yahoo Finance
2002-08-08,16.163511,16.886965,16.163511,16.789871,8567200,Yahoo Finance
2002-08-09,16.706093,16.940265,16.258694,16.810804,7523200,Yahoo Finance
2002-08-12,16.629941,17.048784,16.582345,16.991669,7393200,Yahoo Finance
2002-08-13,16.867919,17.084956,16.494769,16.527134,7125600,Yahoo Finance
2002-08-14,16.527139,17.134460,16.492870,17.134460,7322000,Yahoo Finance
2002-08-15,17.362917,17.399090,16.744173,16.780346,10296400,Yahoo Finance
2002-08-16,16.753695,17.084961,16.658504,16.869829,6504800,Yahoo Finance
2002-08-19,16.917420,17.134456,16.852689,17.086861,5017600,Yahoo Finance
2002-08-20,16.963113,17.324841,16.905999,16.982151,5895200,Yahoo Finance
2002-08-21,17.163021,17.248693,16.852696,16.995483,4560800,Yahoo Finance
2002-08-22,17.134457,17.658010,17.084957,17.511415,10267600,Yahoo Finance
2002-08-23,17.463828,17.614230,17.105907,17.180157,5392400,Yahoo Finance
2002-08-26,17.343881,17.343881,17.088769,17.204903,4666000,Yahoo Finance
2002-08-27,17.163018,17.187768,16.736561,16.801291,6842400,Yahoo Finance
2002-08-28,16.734653,16.904094,16.412905,16.477636,4984800,Yahoo Finance
2002-08-29,16.403383,16.725129,16.332941,16.622322,5432400,Yahoo Finance
2002-08-30,16.677542,17.136366,16.647082,16.820330,5183600,Yahoo Finance
2002-09-03,16.747982,16.749886,16.041661,16.091160,6598400,Yahoo Finance
2002-09-04,16.138752,16.525230,15.997869,16.525230,8457200,Yahoo Finance
2002-09-05,16.382439,16.489053,16.239652,16.420515,7490400,Yahoo Finance
2002-09-06,16.506196,16.650888,16.382449,16.494774,8617600,Yahoo Finance
2002-09-09,16.494774,16.894577,16.411005,16.837463,4929600,Yahoo Finance
2002-09-10,16.845072,17.065915,16.765110,16.905994,4556400,Yahoo Finance
2002-09-11,16.947881,17.046881,16.848882,16.902189,2970800,Yahoo Finance
2002-09-12,16.850792,17.222038,16.736563,17.069733,5632800,Yahoo Finance
2002-09-13,17.069721,17.501890,16.879339,17.477140,7474400,Yahoo Finance
2002-09-16,17.477147,17.606607,17.340071,17.606607,6383200,Yahoo Finance
2002-09-17,17.682761,17.783665,17.368630,17.418129,6578000,Yahoo Finance
2002-09-18,17.277238,17.494274,17.212508,17.477140,7571600,Yahoo Finance
2002-09-19,17.324840,17.353398,17.039266,17.058304,9670000,Yahoo Finance
2002-09-20,17.001193,17.166825,17.001193,17.138268,9586800,Yahoo Finance
2002-09-23,17.140170,17.313419,16.896480,17.094479,7859600,Yahoo Finance
2002-09-24,16.791768,16.867922,16.376734,16.443369,9770400,Yahoo Finance
2002-09-25,16.725138,16.791772,16.527140,16.628042,9602400,Yahoo Finance
2002-09-26,16.753695,16.772733,16.420525,16.666119,13634000,Yahoo Finance
2002-09-27,16.658498,16.976437,16.635651,16.639460,9158000,Yahoo Finance
2002-09-30,16.601384,16.715615,16.449078,16.605192,10308000,Yahoo Finance
2002-10-01,16.668018,16.845074,16.601383,16.843170,12082800,Yahoo Finance
2002-10-02,16.747983,17.134460,16.744174,17.039268,9407200,Yahoo Finance
2002-10-03,17.248681,17.526640,17.187759,17.435257,9960800,Yahoo Finance
2002-10-04,17.385758,17.433353,17.010703,17.109703,8780400,Yahoo Finance
2002-10-07,17.086854,17.513311,17.039258,17.182045,10882000,Yahoo Finance
2002-10-08,17.258194,17.515210,17.064003,17.459999,9143200,Yahoo Finance
2002-10-09,17.353402,17.658014,17.267729,17.321037,9857200,Yahoo Finance
2002-10-10,17.322936,17.819835,17.322936,17.549492,13088400,Yahoo Finance
2002-10-11,17.658008,17.937871,17.658008,17.798891,9843200,Yahoo Finance
2002-10-14,17.768433,18.074950,17.745587,18.038776,12294400,Yahoo Finance
2002-10-15,18.371934,18.463318,18.196782,18.366222,11356800,Yahoo Finance
2002-10-16,18.366235,18.724154,18.328157,18.653713,12774400,Yahoo Finance
2002-10-17,19.023047,19.129662,18.429054,18.600397,16254000,Yahoo Finance
2002-10-18,18.588990,19.133485,18.558529,18.986891,11264000,Yahoo Finance
2002-10-21,19.019257,19.228678,18.804123,18.908834,9056000,Yahoo Finance
2002-10-22,18.910730,19.228669,18.748905,18.836481,9114000,Yahoo Finance
2002-10-23,18.844089,19.122048,18.655609,19.108721,7117600,Yahoo Finance
2002-10-24,18.981176,19.038291,18.663237,18.710833,9154800,Yahoo Finance
2002-10-25,18.712727,18.990685,17.991176,18.484266,15302400,Yahoo Finance
2002-10-28,18.486175,18.486175,17.915026,18.208216,11838000,Yahoo Finance
2002-10-29,18.133962,18.181558,17.713216,18.025444,7964800,Yahoo Finance
2002-10-30,18.158715,18.381464,17.983563,18.149197,5423200,Yahoo Finance
2002-10-31,18.276761,18.371953,16.944081,17.315327,22192400,Yahoo Finance
2002-11-01,17.315320,17.796990,17.058304,17.646587,13972000,Yahoo Finance
2002-11-04,17.951201,18.084469,17.692280,17.783665,8641600,Yahoo Finance
2002-11-05,17.772238,17.943583,17.208705,17.364819,9198800,Yahoo Finance
2002-11-06,17.515221,18.124446,17.439068,17.994986,11367600,Yahoo Finance
2002-11-07,18.019740,18.295795,17.928355,18.092085,7851200,Yahoo Finance
2002-11-08,18.093982,18.093982,16.470017,16.530939,38267600,Yahoo Finance
2002-11-11,16.810813,16.896484,16.277740,16.751793,17381200,Yahoo Finance
2002-11-12,16.753684,17.134450,16.614704,17.004990,10819200,Yahoo Finance
2002-11-13,16.957402,17.324841,16.955498,17.170631,8793200,Yahoo Finance
2002-11-14,17.324840,17.486666,17.214418,17.267725,8702800,Yahoo Finance
2002-11-15,17.248682,17.791273,17.210606,17.686563,7656400,Yahoo Finance
2002-11-18,17.715129,17.871243,17.610418,17.699898,6014400,Yahoo Finance
2002-11-19,17.701802,17.715128,17.242978,17.420034,7996000,Yahoo Finance
2002-11-20,16.963112,17.216321,16.810806,17.086861,18701600,Yahoo Finance
2002-11-21,17.119228,17.132554,15.824625,16.161602,37980400,Yahoo Finance
2002-11-22,16.292962,16.563306,16.039753,16.110195,16452400,Yahoo Finance
2002-11-25,15.788446,15.788446,14.286326,14.554765,56801200,Yahoo Finance
2002-11-26,14.754672,15.190649,14.754672,15.059284,30924400,Yahoo Finance
2002-11-27,15.421013,15.447666,15.190650,15.304879,14601600,Yahoo Finance
2002-11-29,15.304875,15.573316,15.304875,15.506680,5710000,Yahoo Finance
2002-12-02,15.582839,15.653281,14.545253,14.592849,20198000,Yahoo Finance
2002-12-03,14.594752,15.072612,14.520501,15.026920,16115600,Yahoo Finance
2002-12-04,15.021204,15.896965,14.931724,15.817004,21419200,Yahoo Finance
2002-12-05,15.818910,15.916005,15.325819,15.858891,15631200,Yahoo Finance
2002-12-06,15.858886,16.129229,15.765598,15.868404,9826400,Yahoo Finance
2002-12-09,15.870315,16.085447,15.382935,15.407684,11081600,Yahoo Finance
2002-12-10,15.407678,15.748464,15.407678,15.577119,8882000,Yahoo Finance
2002-12-11,15.744662,15.935045,15.706586,15.815104,5769600,Yahoo Finance
2002-12-12,15.858891,15.961697,15.782738,15.946467,6933600,Yahoo Finance
2002-12-13,16.009287,16.030230,15.468601,15.596157,8337200,Yahoo Finance
2002-12-16,15.596158,15.744657,15.499064,15.744657,12798400,Yahoo Finance
2002-12-17,15.649471,15.792258,15.628528,15.679933,5204400,Yahoo Finance
2002-12-18,15.689457,15.790359,15.474323,15.613303,5330800,Yahoo Finance
2002-12-19,15.706585,15.954084,15.373415,15.611394,9201600,Yahoo Finance
2002-12-20,15.535241,15.685644,15.255378,15.438146,11512800,Yahoo Finance
2002-12-23,15.497158,15.959788,15.459080,15.938846,7364000,Yahoo Finance
2002-12-24,15.990259,16.115912,15.929336,16.043566,2969600,Yahoo Finance
2002-12-26,16.102583,16.102583,15.801777,15.837951,3905200,Yahoo Finance
2002-12-27,15.944566,15.944566,15.657088,15.658992,3376800,Yahoo Finance
2002-12-30,15.678024,15.967406,15.516199,15.916002,6438400,Yahoo Finance
2002-12-31,15.917910,15.980737,15.727527,15.896968,4596800,Yahoo Finance
2003-01-02,15.898875,16.317717,15.763703,16.317717,10068400,Yahoo Finance
2003-01-03,16.372925,16.582345,16.317713,16.483347,8318000,Yahoo Finance
2003-01-06,16.449075,16.511902,16.030232,16.068310,9381600,Yahoo Finance
2003-01-07,16.070219,16.070219,15.754182,15.950276,8544400,Yahoo Finance
2003-01-08,15.992159,16.182542,15.938852,16.087351,5682400,Yahoo Finance
2003-01-09,16.087351,16.249176,15.898872,16.087351,7050800,Yahoo Finance
2003-01-10,15.992158,16.026427,15.792256,15.887447,6765200,Yahoo Finance
2003-01-13,15.763701,15.961698,15.639952,15.735144,7900000,Yahoo Finance
2003-01-14,15.735145,15.735145,15.563800,15.658992,7093200,Yahoo Finance
2003-01-15,15.754181,15.809392,15.497165,15.611394,9206400,Yahoo Finance
2003-01-16,15.630429,15.702775,15.421008,15.660891,8652000,Yahoo Finance
2003-01-17,15.658997,16.153992,15.611401,16.056896,8505600,Yahoo Finance
2003-01-21,16.056890,16.214909,15.820816,15.832240,7129600,Yahoo Finance
2003-01-22,15.858899,16.152087,15.706592,15.754188,11032000,Yahoo Finance
2003-01-23,15.896974,16.201587,15.896974,16.142569,15162000,Yahoo Finance
2003-01-24,16.144463,16.382442,16.085444,16.146366,13107600,Yahoo Finance
2003-01-27,16.117810,16.117810,15.679929,15.712294,8908400,Yahoo Finance
2003-01-28,15.824614,16.056880,15.744652,16.020708,8867600,Yahoo Finance
2003-01-29,16.022618,16.371017,15.887445,16.371017,10755200,Yahoo Finance
2003-01-30,16.329136,16.487154,16.268214,16.315809,8853600,Yahoo Finance
2003-01-31,16.258700,16.736562,16.258700,16.734657,9518400,Yahoo Finance
2003-02-03,16.736559,16.896480,16.239659,16.376734,14044000,Yahoo Finance
2003-02-04,16.378636,16.378636,15.906487,16.049274,13009600,Yahoo Finance
2003-02-05,16.051175,16.321520,15.978830,15.978830,7538400,Yahoo Finance
2003-02-06,15.980743,16.186356,15.910301,15.995973,7111600,Yahoo Finance
2003-02-07,16.182543,16.235850,16.051179,16.115910,7011200,Yahoo Finance
2003-02-10,16.159700,16.353891,16.115913,16.296776,5423200,Yahoo Finance
2003-02-11,16.325337,16.372932,15.872226,15.885552,11144800,Yahoo Finance
2003-02-12,15.896973,15.969318,15.097365,15.276324,20561200,Yahoo Finance
2003-02-13,15.087847,15.371517,14.990752,15.183039,12744400,Yahoo Finance
2003-02-14,15.184936,15.226820,14.926015,15.226820,11654800,Yahoo Finance
2003-02-18,15.249667,15.679933,15.249667,15.615202,6559600,Yahoo Finance
2003-02-19,15.611388,15.820809,15.548561,15.592350,6644000,Yahoo Finance
2003-02-20,15.592360,15.706590,15.335344,15.516207,8484400,Yahoo Finance
2003-02-21,15.516201,15.799871,15.295356,15.647566,10335200,Yahoo Finance
2003-02-24,15.468617,15.470521,15.192562,15.278234,9526800,Yahoo Finance
2003-02-25,15.202067,15.415296,15.084031,15.382932,9771200,Yahoo Finance
2003-02-26,15.382937,15.716107,15.344860,15.645665,7871600,Yahoo Finance
2003-02-27,15.706587,15.807489,15.539050,15.733240,8824000,Yahoo Finance
2003-02-28,15.706582,15.896965,15.687544,15.782736,6041200,Yahoo Finance
2003-03-03,15.858894,16.054988,15.851279,15.959797,7499200,Yahoo Finance
2003-03-04,15.961697,16.037850,15.695162,15.695162,7731200,Yahoo Finance
2003-03-05,15.742760,16.030237,15.687549,16.030237,9066400,Yahoo Finance
2003-03-06,15.885556,16.173033,15.883652,16.089266,9167600,Yahoo Finance
2003-03-07,15.992157,16.317712,15.973119,16.258694,8483200,Yahoo Finance
2003-03-10,16.258701,16.304393,15.916012,15.955992,6504800,Yahoo Finance
2003-03-11,16.001678,16.045466,15.792256,15.898871,4983200,Yahoo Finance
2003-03-12,15.858893,15.976929,15.647568,15.925527,8335600,Yahoo Finance
2003-03-13,15.990258,16.317717,15.975028,16.317717,8240400,Yahoo Finance
2003-03-14,16.346270,16.397673,15.896967,15.923620,9812000,Yahoo Finance
2003-03-17,15.980735,16.551883,15.950273,16.504288,11094400,Yahoo Finance
2003-03-18,16.487160,16.677543,16.424333,16.609005,7786400,Yahoo Finance
2003-03-19,16.578542,16.706099,16.437658,16.706099,6547600,Yahoo Finance
2003-03-20,16.553791,16.768925,16.403390,16.637560,6178800,Yahoo Finance
2003-03-21,16.829845,17.115419,16.765114,17.115419,7850400,Yahoo Finance
2003-03-24,17.117330,17.117330,16.719429,17.001196,7697200,Yahoo Finance
2003-03-25,17.003097,17.380055,16.915521,17.260115,8354000,Yahoo Finance
2003-03-26,17.214421,17.311517,17.039269,17.060211,6722400,Yahoo Finance
2003-03-27,17.060207,17.123034,16.782248,17.083054,7393200,Yahoo Finance
2003-03-28,17.083044,17.547733,17.024006,17.547733,9069200,Yahoo Finance
2003-03-31,17.425859,17.652491,17.307782,17.458235,7777600,Yahoo Finance
2003-04-01,17.458229,17.549644,17.044960,17.383955,11131600,Yahoo Finance
2003-04-02,17.463948,17.703911,17.403005,17.458235,9322800,Yahoo Finance
2003-04-03,17.540130,17.831513,17.349684,17.711533,8679600,Yahoo Finance
2003-04-04,17.521081,17.873407,17.519176,17.583929,8158000,Yahoo Finance
2003-04-07,17.717242,17.997198,17.591548,17.602974,9087200,Yahoo Finance
2003-04-08,17.601070,17.900071,17.496325,17.844841,10516800,Yahoo Finance
2003-04-09,17.844840,17.936255,17.553457,17.601068,7107200,Yahoo Finance
2003-04-10,17.601067,17.601067,17.305875,17.452518,10178000,Yahoo Finance
2003-04-11,17.452522,17.764854,17.263980,17.698198,6285200,Yahoo Finance
2003-04-14,17.698195,18.058138,17.511556,17.928635,6379200,Yahoo Finance
2003-04-15,17.928635,17.961011,17.540124,17.856266,12858000,Yahoo Finance
2003-04-16,17.901971,18.113367,16.797381,17.149708,32850400,Yahoo Finance
2003-04-17,17.149713,17.602975,17.109718,17.492516,13449200,Yahoo Finance
2003-04-21,17.494418,17.709623,16.991640,17.048773,11239600,Yahoo Finance
2003-04-22,16.949738,17.452517,16.911650,17.387766,10440000,Yahoo Finance
2003-04-23,17.387762,17.414425,17.187793,17.283016,6598400,Yahoo Finance
2003-04-24,17.397293,17.490612,17.035445,17.349682,13541200,Yahoo Finance
2003-04-25,17.340148,17.578206,17.246829,17.273491,7132800,Yahoo Finance
2003-04-28,17.248743,17.330635,17.073533,17.298260,7626000,Yahoo Finance
2003-04-29,17.298259,17.378246,17.159232,17.237316,7396800,Yahoo Finance
2003-04-30,17.191612,17.578220,17.102104,17.545843,15325200,Yahoo Finance
2003-05-01,17.545830,17.576302,17.235403,17.317295,7833200,Yahoo Finance
2003-05-02,17.142098,17.692488,17.035447,17.644876,12119600,Yahoo Finance
2003-05-05,17.682961,17.959109,17.662012,17.776279,9244000,Yahoo Finance
2003-05-06,17.776282,17.949589,17.747716,17.917213,5408800,Yahoo Finance
2003-05-07,17.917209,17.953392,17.650583,17.665819,6044800,Yahoo Finance
2003-05-08,17.665819,17.844838,17.521080,17.561073,5580400,Yahoo Finance
2003-05-09,17.642961,17.804840,17.595349,17.804840,3480800,Yahoo Finance
2003-05-12,17.768663,17.993390,17.698198,17.941969,4229200,Yahoo Finance
2003-05-13,17.896253,17.921011,17.741992,17.829597,4456800,Yahoo Finance
2003-05-14,17.816268,17.901969,17.740089,17.831503,5080800,Yahoo Finance
2003-05-15,17.816272,17.900068,17.566786,17.747711,7245600,Yahoo Finance
2003-05-16,17.747707,18.311428,17.738184,18.170498,19221200,Yahoo Finance
2003-05-19,18.122891,18.351426,17.957202,17.959106,8457200,Yahoo Finance
2003-05-20,18.077183,18.627574,18.044808,18.235254,17442800,Yahoo Finance
2003-05-21,18.235250,18.705653,18.092415,18.644711,12160000,Yahoo Finance
2003-05-22,18.492361,18.648527,18.395233,18.433323,8098000,Yahoo Finance
2003-05-23,18.351425,18.467597,18.115271,18.183832,5964400,Yahoo Finance
2003-05-27,18.159077,18.423798,18.159077,18.160982,7092800,Yahoo Finance
2003-05-28,18.235249,18.324759,18.044803,18.180019,7568800,Yahoo Finance
2003-05-29,18.180030,18.340006,18.002915,18.101948,6176800,Yahoo Finance
2003-05-30,18.101943,18.282867,17.926731,18.271441,6593200,Yahoo Finance
2003-06-02,18.296194,18.370468,17.934345,17.966721,9913600,Yahoo Finance
2003-06-03,17.903886,18.296206,17.844847,18.280970,8828400,Yahoo Finance
2003-06-04,18.282875,18.320964,18.111473,18.159084,6177600,Yahoo Finance
2003-06-05,18.160988,18.492365,18.033389,18.475225,7504000,Yahoo Finance
2003-06-06,18.475213,18.758978,18.475213,18.637093,7203600,Yahoo Finance
2003-06-09,18.638997,18.835156,18.450454,18.501875,6990000,Yahoo Finance
2003-06-10,18.663764,19.016089,18.663764,18.821835,7956800,Yahoo Finance
2003-06-11,18.821833,19.282713,18.821833,19.282713,9931600,Yahoo Finance
2003-06-12,19.282707,19.473153,19.174152,19.429350,6752400,Yahoo Finance
2003-06-13,19.429354,19.568381,19.162730,19.216055,5492800,Yahoo Finance
2003-06-16,19.501730,19.644565,19.377939,19.615997,5888800,Yahoo Finance
2003-06-17,19.755022,20.017837,19.755022,19.975939,8028000,Yahoo Finance
2003-06-18,19.996890,20.061641,19.806443,19.859768,6985200,Yahoo Finance
2003-06-19,19.859761,19.901660,18.945619,19.017988,8929800,Yahoo Finance
2003-06-20,19.174155,19.444589,18.953237,19.269379,11751400,Yahoo Finance
2003-06-23,19.177964,19.193200,18.869441,19.170347,6885200,Yahoo Finance
2003-06-24,19.208434,19.608371,19.132255,19.242714,5043000,Yahoo Finance
2003-06-25,19.105591,19.280801,18.758978,19.048456,7099800,Yahoo Finance
2003-06-26,19.048461,19.334131,18.869443,19.257954,3667000,Yahoo Finance
2003-06-27,19.425548,19.425548,19.044655,19.128452,3061000,Yahoo Finance
2003-06-30,19.349362,19.395069,19.044648,19.139872,3873600,Yahoo Finance
2003-07-01,19.139877,19.166539,18.854207,19.162731,3967600,Yahoo Finance
2003-07-02,19.090357,19.654078,19.063695,19.608372,4742800,Yahoo Finance
2003-07-03,19.604567,19.665509,19.337941,19.391266,2006200,Yahoo Finance
2003-07-07,19.452208,19.886426,19.440782,19.798820,4246400,Yahoo Finance
2003-07-08,19.798817,19.966410,19.615989,19.882614,4300800,Yahoo Finance
2003-07-09,19.882621,20.183527,19.722645,19.905474,4942000,Yahoo Finance
2003-07-10,19.863570,19.970220,19.459823,19.638844,4005400,Yahoo Finance
2003-07-11,19.425545,19.806438,19.372221,19.501724,5327000,Yahoo Finance
2003-07-14,19.501725,19.661699,18.972284,18.987518,9717200,Yahoo Finance
2003-07-15,19.048460,19.132257,18.880868,19.056078,7472200,Yahoo Finance
2003-07-16,19.082741,19.139875,18.340001,18.515211,8215600,Yahoo Finance
2003-07-17,18.758980,19.867378,17.997194,19.726448,17773400,Yahoo Finance
2003-07-18,19.821675,19.981649,19.501725,19.974031,6584200,Yahoo Finance
2003-07-21,19.974027,20.080678,19.136063,19.993073,5512000,Yahoo Finance
2003-07-22,20.092109,20.187333,19.939752,20.122581,4936000,Yahoo Finance
2003-07-23,20.472994,21.044334,20.088293,20.762472,11104200,Yahoo Finance
2003-07-24,20.781527,20.800571,20.282557,20.282557,4639200,Yahoo Finance
2003-07-25,20.286357,20.640588,20.095911,20.610117,5298000,Yahoo Finance
2003-07-28,20.492043,20.949115,20.480617,20.823420,4351000,Yahoo Finance
2003-07-29,20.823420,21.310965,20.823420,21.006250,6255600,Yahoo Finance
2003-07-30,21.234788,21.425235,20.720583,20.853895,14137600,Yahoo Finance
2003-07-31,20.385396,20.423485,19.745496,19.840719,12282200,Yahoo Finance
2003-08-01,19.844526,20.339688,19.654079,19.996883,7297400,Yahoo Finance
2003-08-04,19.844521,20.088293,19.486482,19.958790,5352200,Yahoo Finance
2003-08-05,19.958803,19.958803,19.368418,19.368418,5949200,Yahoo Finance
2003-08-06,19.311272,19.315081,18.096223,18.583767,19397000,Yahoo Finance
2003-08-07,18.663756,19.101783,18.663756,19.033222,8590800,Yahoo Finance
2003-08-08,19.033221,19.456012,18.884673,18.995131,5909600,Yahoo Finance
2003-08-11,18.998946,19.635037,18.998946,19.341749,6006000,Yahoo Finance
2003-08-12,19.425536,19.532186,19.166529,19.486479,4338600,Yahoo Finance
2003-08-13,19.635037,19.703598,19.170349,19.212246,4183800,Yahoo Finance
2003-08-14,19.425548,19.623613,19.177967,19.505535,3394200,Yahoo Finance
2003-08-15,19.505535,19.539816,19.235101,19.505535,1746800,Yahoo Finance
2003-08-18,19.654079,19.962603,19.520767,19.676933,3114400,Yahoo Finance
2003-08-19,19.589327,19.737875,19.456015,19.604563,2950400,Yahoo Finance
2003-08-20,19.604570,19.608378,19.105599,19.158924,5701400,Yahoo Finance
2003-08-21,19.158918,19.296040,18.850396,18.884676,6664000,Yahoo Finance
2003-08-22,19.006569,19.025613,18.595204,18.629484,5652400,Yahoo Finance
2003-08-25,18.591390,18.659951,18.492357,18.549492,4573600,Yahoo Finance
2003-08-26,18.359047,18.770411,18.263824,18.755177,7245800,Yahoo Finance
2003-08-27,18.663755,18.747552,18.530443,18.644711,3869000,Yahoo Finance
2003-08-28,18.694225,18.968467,18.553294,18.587574,4282200,Yahoo Finance
2003-08-29,18.492363,18.869447,18.488554,18.827549,3753600,Yahoo Finance
2003-09-02,18.854208,19.078935,18.701850,18.968475,4537000,Yahoo Finance
2003-09-03,19.025603,19.162725,18.816112,18.873245,6917200,Yahoo Finance
2003-09-04,18.854201,19.006558,18.766595,18.995131,4987400,Yahoo Finance
2003-09-05,18.995133,19.063694,18.827541,18.892292,4534000,Yahoo Finance
2003-09-08,18.930386,19.406503,18.911342,19.238909,4746400,Yahoo Finance
2003-09-09,19.235100,19.349368,19.090361,19.162731,3455200,Yahoo Finance
2003-09-10,19.063697,19.376029,19.006564,19.044653,2882600,Yahoo Finance
2003-09-11,19.048457,19.219859,18.846585,19.052267,3250600,Yahoo Finance
2003-09-12,19.006561,19.204624,18.869440,19.006561,6627200,Yahoo Finance
2003-09-15,19.136066,19.158918,18.892293,19.059887,3561800,Yahoo Finance
2003-09-16,19.044649,19.124636,18.968470,19.075121,3594600,Yahoo Finance
2003-09-17,19.090363,19.417931,19.014184,19.303663,4220800,Yahoo Finance
2003-09-18,19.238907,19.383646,19.193200,19.269379,6927000,Yahoo Finance
2003-09-19,19.330319,19.353173,19.021795,19.029413,5179800,Yahoo Finance
2003-09-22,19.033223,19.044649,18.739935,18.930382,5354600,Yahoo Finance
2003-09-23,19.044654,19.059890,18.797073,18.877062,4412600,Yahoo Finance
2003-09-24,18.816121,18.892299,18.679000,18.682808,4239400,Yahoo Finance
2003-09-25,18.663757,18.698037,18.244775,18.282864,5348400,Yahoo Finance
2003-09-26,18.301914,18.484743,18.282870,18.408566,5627000,Yahoo Finance
2003-09-29,18.480936,18.656146,18.351432,18.579967,5646400,Yahoo Finance
2003-09-30,18.644708,19.242709,18.587573,19.166531,7696800,Yahoo Finance
2003-10-01,19.166539,19.749305,18.854207,19.715025,8299600,Yahoo Finance
2003-10-02,19.715019,20.065441,19.566471,19.901657,6571600,Yahoo Finance
2003-10-03,20.168292,20.217809,20.034979,20.034979,5902600,Yahoo Finance
2003-10-06,20.034979,20.073069,19.497920,19.615997,4800000,Yahoo Finance
2003-10-07,19.425547,19.711217,19.425547,19.673128,4290400,Yahoo Finance
2003-10-08,19.673137,19.768360,19.494116,19.520779,3131000,Yahoo Finance
2003-10-09,19.768351,19.806440,19.551242,19.646465,3717000,Yahoo Finance
2003-10-10,19.646462,19.916895,19.646462,19.871187,2811000,Yahoo Finance
2003-10-13,20.092116,20.290181,20.031173,20.168295,4213000,Yahoo Finance
2003-10-14,20.168283,20.168283,19.844523,19.977837,3228400,Yahoo Finance
2003-10-15,19.890237,20.084492,19.539815,19.551243,5604600,Yahoo Finance
2003-10-16,20.015931,20.568227,19.958798,20.332073,8438000,Yahoo Finance
2003-10-17,20.492039,20.610116,20.415860,20.564409,5051600,Yahoo Finance
2003-10-20,20.720581,20.952925,20.640593,20.911028,6224000,Yahoo Finance
2003-10-21,20.911026,21.192886,20.492043,21.158606,5840400,Yahoo Finance
2003-10-22,21.158610,21.158610,20.834852,20.949120,2948000,Yahoo Finance
2003-10-23,20.796761,20.872940,20.526327,20.560608,5065800,Yahoo Finance
2003-10-24,20.560605,20.808186,20.335878,20.663446,4088800,Yahoo Finance
2003-10-27,19.996879,20.568218,19.436965,19.958790,23816200,Yahoo Finance
2003-10-28,19.996881,20.320640,19.848333,19.939747,11444600,Yahoo Finance
2003-10-29,19.939751,20.164478,19.875000,19.909281,6759400,Yahoo Finance
2003-10-30,20.073068,20.080686,19.280809,19.444593,9547600,Yahoo Finance
2003-10-31,19.635039,19.783587,19.356987,19.379841,8392000,Yahoo Finance
2003-11-03,19.539822,19.570294,19.162739,19.204636,8052800,Yahoo Finance
2003-11-04,19.204628,19.379840,18.854207,18.922768,9676400,Yahoo Finance
2003-11-05,18.846588,19.094169,18.758983,19.044653,6968000,Yahoo Finance
2003-11-06,19.044655,19.063700,18.599011,18.701851,7779600,Yahoo Finance
2003-11-07,18.705651,18.705651,18.122885,18.225725,13116400,Yahoo Finance
2003-11-10,18.195253,18.473305,18.195253,18.374273,7621400,Yahoo Finance
2003-11-11,18.374272,18.686604,18.351418,18.633278,5906800,Yahoo Finance
2003-11-12,18.320958,18.949432,18.320958,18.907534,6597800,Yahoo Finance
2003-11-13,18.907528,19.048458,18.819923,19.006561,5786200,Yahoo Finance
2003-11-14,19.006565,19.139877,18.835162,18.922768,4433200,Yahoo Finance
2003-11-17,18.922767,19.037035,18.599009,18.987518,4000200,Yahoo Finance
2003-11-18,19.006567,19.048464,18.663762,18.701851,4141400,Yahoo Finance
2003-11-19,19.006565,19.726452,18.854207,19.646465,12004800,Yahoo Finance
2003-11-20,19.577904,19.631229,19.269380,19.349367,5793000,Yahoo Finance
2003-11-21,19.635036,19.711215,19.265571,19.699789,7094400,Yahoo Finance
2003-11-24,19.787383,20.118759,19.764529,20.111141,5820400,Yahoo Finance
2003-11-25,20.111151,20.549178,19.863571,20.503471,6366400,Yahoo Finance
2003-11-26,20.530138,20.533946,20.282557,20.480621,4981400,Yahoo Finance
2003-11-28,20.480620,20.911029,20.339690,20.530136,2435200,Yahoo Finance
2003-12-01,20.587267,20.827230,20.530134,20.815804,4232600,Yahoo Finance
2003-12-02,20.815802,20.945306,20.652018,20.918642,5649400,Yahoo Finance
2003-12-03,20.949113,21.002438,20.610119,20.758667,4901200,Yahoo Finance
2003-12-04,20.758662,20.777706,20.412049,20.636776,4582000,Yahoo Finance
2003-12-05,20.621551,20.621551,20.217806,20.324455,4418000,Yahoo Finance
2003-12-08,20.324448,20.518703,20.206371,20.476805,3248600,Yahoo Finance
2003-12-09,20.549190,20.583470,20.290182,20.339699,3681400,Yahoo Finance
2003-12-10,20.282557,20.301601,20.015931,20.274939,3880400,Yahoo Finance
2003-12-11,20.370156,20.678680,20.343494,20.472998,4780000,Yahoo Finance
2003-12-12,20.587270,20.762480,20.476811,20.747246,3349800,Yahoo Finance
2003-12-15,20.949117,20.994824,20.712964,20.751053,4600600,Yahoo Finance
2003-12-16,20.751057,20.914841,20.693924,20.899605,4246600,Yahoo Finance
2003-12-17,20.903408,21.322390,20.869128,21.299536,7271600,Yahoo Finance
2003-12-18,21.299538,21.535693,21.280494,21.440470,5528600,Yahoo Finance
2003-12-19,21.463324,21.501414,21.143374,21.349056,6463200,Yahoo Finance
2003-12-22,21.444276,21.550927,21.257639,21.489983,4738400,Yahoo Finance
2003-12-23,21.444281,21.493797,21.269070,21.337631,3728400,Yahoo Finance
2003-12-24,21.337631,21.497605,21.192891,21.410000,1288800,Yahoo Finance
2003-12-26,21.463314,21.596628,21.417607,21.520449,1457400,Yahoo Finance
2003-12-29,21.596633,22.187017,21.520455,22.129883,5714000,Yahoo Finance
2003-12-30,22.129880,22.129880,21.817548,22.019423,3737800,Yahoo Finance
2003-12-31,22.206063,22.346993,22.068942,22.160357,5115200,Yahoo Finance
2004-01-02,22.491733,22.594574,22.251770,22.487925,6243600,Yahoo Finance
2004-01-05,21.710903,22.377466,21.120519,21.406189,16714000,Yahoo Finance
2004-01-06,21.425227,21.783266,21.390947,21.627100,8181800,Yahoo Finance
2004-01-07,21.825174,21.836601,21.482371,21.828983,5916400,Yahoo Finance
2004-01-08,21.828988,22.072759,21.828988,21.874695,5619200,Yahoo Finance
2004-01-09,21.874683,21.882301,21.501408,21.676619,4552400,Yahoo Finance
2004-01-12,21.768038,21.828981,21.501413,21.596636,4224400,Yahoo Finance
2004-01-13,21.710909,21.733763,21.398577,21.524271,5563000,Yahoo Finance
2004-01-14,21.691861,22.084181,21.596638,22.084181,5012800,Yahoo Finance
2004-01-15,22.053717,22.335578,21.733767,22.206074,6498800,Yahoo Finance
2004-01-16,22.320326,22.396504,22.065128,22.343180,4826200,Yahoo Finance
2004-01-20,22.377462,22.548864,22.167971,22.308901,4150800,Yahoo Finance
2004-01-21,22.320337,22.358427,22.091801,22.259394,4043400,Yahoo Finance
2004-01-22,22.739317,23.162108,22.625049,23.108782,9719200,Yahoo Finance
2004-01-23,23.108781,23.108781,22.381275,22.727888,5273200,Yahoo Finance
2004-01-26,22.727888,22.853583,22.449836,22.815495,3292600,Yahoo Finance
2004-01-27,22.842158,22.849776,22.545060,22.647902,3593000,Yahoo Finance
2004-01-28,22.663142,22.834544,22.571727,22.632669,4438400,Yahoo Finance
2004-01-29,22.815498,23.234480,22.598389,23.200199,6065400,Yahoo Finance
2004-01-30,23.158296,23.223049,22.944997,23.188768,4653400,Yahoo Finance
2004-02-02,23.162106,23.207813,22.727887,22.861200,8136800,Yahoo Finance
2004-02-03,22.872637,22.937389,22.625057,22.887873,4115000,Yahoo Finance
2004-02-04,22.887875,22.952626,22.765989,22.880257,3396800,Yahoo Finance
2004-02-05,22.567913,22.621238,22.137503,22.518396,5426600,Yahoo Finance
2004-02-06,22.396507,22.758356,22.225105,22.708839,3985600,Yahoo Finance
2004-02-09,22.758355,22.823107,22.529820,22.682177,3283400,Yahoo Finance
2004-02-10,22.632660,22.929757,22.628852,22.853579,11177200,Yahoo Finance
2004-02-11,22.853581,22.853581,22.240343,22.625046,10029200,Yahoo Finance
2004-02-12,22.739315,22.838346,22.526014,22.548868,8163000,Yahoo Finance
2004-02-13,22.606002,22.849775,22.510779,22.727888,6720000,Yahoo Finance
2004-02-17,22.853579,23.127822,22.739311,23.044025,4619800,Yahoo Finance
2004-02-18,23.120208,23.242093,22.929761,22.967850,6803200,Yahoo Finance
2004-02-19,23.215434,23.539193,23.131637,23.253523,6757200,Yahoo Finance
2004-02-20,23.367792,23.508723,22.990708,23.249716,5626600,Yahoo Finance
2004-02-23,23.348745,23.402070,23.158298,23.314465,4608600,Yahoo Finance
2004-02-24,23.291617,23.607758,23.287808,23.584904,5143400,Yahoo Finance
2004-02-25,23.558238,23.702978,23.386837,23.569666,5036600,Yahoo Finance
2004-02-26,23.482054,23.725825,23.044027,23.607748,6991400,Yahoo Finance
2004-02-27,23.615368,23.729636,23.516336,23.615368,4890400,Yahoo Finance
2004-03-01,23.615363,23.752484,23.409680,23.478241,5242000,Yahoo Finance
2004-03-02,23.489670,23.596321,23.272561,23.341122,5216000,Yahoo Finance
2004-03-03,23.405879,23.744873,23.405879,23.737255,7821800,Yahoo Finance
2004-03-04,23.786767,23.805811,23.558230,23.805811,5388400,Yahoo Finance
2004-03-05,23.596324,24.179090,23.588706,24.061012,6338600,Yahoo Finance
2004-03-08,24.064814,24.064814,23.767718,23.786762,4818400,Yahoo Finance
2004-03-09,23.558229,23.577275,23.310649,23.390636,5029400,Yahoo Finance
2004-03-10,23.493475,23.596316,23.356354,23.470621,5235000,Yahoo Finance
2004-03-11,23.470622,23.523946,23.082111,23.085920,4574600,Yahoo Finance
2004-03-12,23.276371,23.615365,23.158293,23.546804,4629800,Yahoo Finance
2004-03-15,23.405882,23.786775,23.405882,23.661079,3550200,Yahoo Finance
2004-03-16,23.805813,24.144807,23.756296,23.961979,5380600,Yahoo Finance
2004-03-17,23.748671,24.262877,23.737244,24.125755,3813200,Yahoo Finance
2004-03-18,24.125766,24.453332,24.118148,24.407627,4089600,Yahoo Finance
2004-03-19,24.205754,24.316213,24.076250,24.175283,5538200,Yahoo Finance
2004-03-22,24.175287,24.281937,23.866763,23.977222,4611000,Yahoo Finance
2004-03-23,23.996263,24.430480,23.657268,24.262888,4958400,Yahoo Finance
2004-03-24,24.224801,24.224801,23.508723,23.611565,6591600,Yahoo Finance
2004-03-25,23.786771,23.901039,23.402068,23.725828,4577800,Yahoo Finance
2004-03-26,23.691543,23.786767,23.573466,23.642027,3785800,Yahoo Finance
2004-03-29,23.939128,24.156237,23.847715,24.091486,4554400,Yahoo Finance
2004-03-30,24.453506,24.453506,24.045757,24.251537,3783800,Yahoo Finance
2004-03-31,24.339183,24.579260,24.190565,24.556396,3800000,Yahoo Finance
2004-04-01,24.522095,24.769794,24.510663,24.758362,4411800,Yahoo Finance
2004-04-02,24.788850,25.051789,24.655472,24.815525,4385000,Yahoo Finance
2004-04-05,25.055602,25.531944,25.006063,25.531944,5603400,Yahoo Finance
2004-04-06,25.436678,25.619595,25.341410,25.600540,4191000,Yahoo Finance
2004-04-07,25.531942,25.535754,25.219462,25.478592,3334200,Yahoo Finance
2004-04-08,25.528135,25.611972,25.177548,25.341410,2611600,Yahoo Finance
2004-04-12,25.512893,25.993047,25.440491,25.943508,3295200,Yahoo Finance
2004-04-13,26.103559,26.103559,25.581487,25.680567,5088600,Yahoo Finance
2004-04-14,25.684372,26.008284,25.082275,25.493835,5099000,Yahoo Finance
2004-04-15,24.617366,24.846010,23.523685,24.369669,22416800,Yahoo Finance
2004-04-16,24.388727,25.093713,24.102922,24.926043,9732400,Yahoo Finance
2004-04-19,24.861249,25.047978,24.792656,24.792656,7295400,Yahoo Finance
2004-04-20,24.697395,24.743124,24.121974,24.198189,6904400,Yahoo Finance
2004-04-21,24.293452,24.785038,24.251534,24.682146,6768400,Yahoo Finance
2004-04-22,24.548770,25.280431,24.548770,25.230892,6527400,Yahoo Finance
2004-04-23,25.150876,25.215657,25.017500,25.131821,2523800,Yahoo Finance
2004-04-26,25.135626,25.185164,24.240103,24.350615,9575400,Yahoo Finance
2004-04-27,24.617376,24.838399,24.240113,24.586889,24536600,Yahoo Finance
2004-04-28,24.586873,24.602117,24.045749,24.141018,7985400,Yahoo Finance
2004-04-29,24.141023,24.186753,23.702789,23.733274,6735600,Yahoo Finance
2004-04-30,23.733272,23.801865,23.245498,23.428413,8378400,Yahoo Finance
2004-05-03,23.436042,23.820926,23.146426,23.801872,7755200,Yahoo Finance
2004-05-04,23.569410,23.645625,23.405549,23.436035,7168200,Yahoo Finance
2004-05-05,23.493202,23.862843,23.439850,23.832357,6424400,Yahoo Finance
2004-05-06,23.660866,23.752324,23.241685,23.512247,6344200,Yahoo Finance
2004-05-07,23.356016,23.664684,23.039724,23.066399,6557200,Yahoo Finance
2004-05-10,23.066393,23.066393,22.334733,22.993990,8979600,Yahoo Finance
2004-05-11,22.993988,23.397927,22.967313,23.371252,7510800,Yahoo Finance
2004-05-12,23.253123,23.683737,23.199773,23.580847,6470400,Yahoo Finance
2004-05-13,23.550368,23.881902,23.516071,23.744717,5878200,Yahoo Finance
2004-05-14,23.702790,24.030514,23.462713,23.824734,5716400,Yahoo Finance
2004-05-17,23.626568,24.022885,23.439841,23.855211,5237600,Yahoo Finance
2004-05-18,23.900952,24.186757,23.862844,23.992409,5195400,Yahoo Finance
2004-05-19,24.026705,24.373482,23.893330,24.064814,7940400,Yahoo Finance
2004-05-20,24.026706,24.030518,23.554176,23.870466,7510600,Yahoo Finance
2004-05-21,23.912383,24.217241,23.809492,24.083866,7680200,Yahoo Finance
2004-05-24,24.083868,24.438265,24.034328,24.282026,6141800,Yahoo Finance
2004-05-25,24.243921,24.346811,24.041953,24.243921,5592400,Yahoo Finance
2004-05-26,24.243913,24.377289,23.817110,24.011457,9423800,Yahoo Finance
2004-05-27,24.038138,24.556399,24.003842,24.552588,11126800,Yahoo Finance
2004-05-28,24.537333,24.891732,24.464928,24.865057,7110800,Yahoo Finance
2004-06-01,24.960331,25.150868,24.651662,24.922224,7209000,Yahoo Finance
2004-06-02,25.013682,25.097518,24.693581,25.028925,5960600,Yahoo Finance
2004-06-03,25.112771,25.131823,24.834586,24.990828,7407400,Yahoo Finance
2004-06-04,24.998433,25.032731,24.666901,24.750734,5353400,Yahoo Finance
2004-06-07,24.769792,25.070840,24.724062,24.967949,3784600,Yahoo Finance
2004-06-08,24.541149,24.846006,24.411582,24.792656,6408600,Yahoo Finance
2004-06-09,24.769798,24.948904,24.624991,24.636423,4101200,Yahoo Finance
2004-06-10,24.750738,24.796468,24.270586,24.335369,5122600,Yahoo Finance
2004-06-14,24.198192,24.438267,24.045762,24.217245,4372800,Yahoo Finance
2004-06-15,24.293458,24.423022,24.087678,24.282026,4098400,Yahoo Finance
2004-06-16,24.312510,24.483993,24.213431,24.312510,3614000,Yahoo Finance
2004-06-17,24.331558,24.468745,24.240101,24.293451,4181000,Yahoo Finance
2004-06-18,24.297265,24.457317,24.243915,24.388723,4981000,Yahoo Finance
2004-06-21,24.388717,24.388717,23.641813,23.714216,9431600,Yahoo Finance
2004-06-22,23.714223,23.794248,23.306474,23.397932,7446000,Yahoo Finance
2004-06-23,23.409362,23.512252,23.150232,23.420794,6658600,Yahoo Finance
2004-06-24,23.424612,23.588474,23.195967,23.359829,6023400,Yahoo Finance
2004-06-25,23.474147,23.740899,23.416987,23.523687,5434800,Yahoo Finance
2004-06-28,23.557985,23.683740,22.978753,23.150236,6539200,Yahoo Finance
2004-06-29,23.245501,23.584656,23.245501,23.401741,4138400,Yahoo Finance
2004-06-30,23.512253,23.737087,23.409363,23.721844,4474600,Yahoo Finance
2004-07-01,23.359813,23.668484,23.245492,23.550350,5915400,Yahoo Finance
2004-07-02,23.371262,23.405558,23.115942,23.226454,3731400,Yahoo Finance
2004-07-06,23.131172,23.157847,22.612912,22.894907,7073200,Yahoo Finance
2004-07-07,22.921585,23.424602,22.883476,23.348387,4909200,Yahoo Finance
2004-07-08,23.336962,23.477959,22.963508,22.990185,4545800,Yahoo Finance
2004-07-09,23.016856,23.245499,22.769157,22.959694,6050800,Yahoo Finance
2004-07-12,23.054964,23.192151,22.792024,23.070208,4823600,Yahoo Finance
2004-07-13,23.340769,23.748518,23.325526,23.622765,6332400,Yahoo Finance
2004-07-14,23.740897,23.958109,23.527497,23.588469,6228600,Yahoo Finance
2004-07-15,23.592279,25.067035,23.592279,25.040359,15104200,Yahoo Finance
2004-07-16,25.150868,25.177543,24.868874,25.013681,9925000,Yahoo Finance
2004-07-19,24.960332,25.063220,24.518285,24.895550,6634400,Yahoo Finance
2004-07-20,24.998439,25.128006,24.720257,25.128006,5850600,Yahoo Finance
2004-07-21,25.188979,25.188979,24.506857,24.506857,5563000,Yahoo Finance
2004-07-22,24.304881,24.529716,23.931429,24.365852,6478200,Yahoo Finance
2004-07-23,24.270595,24.274406,23.702795,23.969547,7330400,Yahoo Finance
2004-07-26,23.862843,24.354428,23.862843,24.270592,7167400,Yahoo Finance
2004-07-27,24.274398,24.278208,22.891100,23.436035,16582800,Yahoo Finance
2004-07-28,23.626565,23.702780,23.100683,23.550350,7769600,Yahoo Finance
2004-07-29,23.908570,24.834578,23.817112,24.392534,31397000,Yahoo Finance
2004-07-30,24.175326,24.339188,23.683742,23.969547,12278400,Yahoo Finance
2004-08-02,23.668490,24.091482,23.645625,24.026699,6589800,Yahoo Finance
2004-08-03,24.007657,24.080061,23.721852,23.744717,6757400,Yahoo Finance
2004-08-04,23.798051,23.996210,23.580839,23.759943,5282600,Yahoo Finance
2004-08-05,23.779005,23.988596,23.611332,23.611332,4996400,Yahoo Finance
2004-08-06,23.207399,23.542743,23.134994,23.378881,6629200,Yahoo Finance
2004-08-09,23.436036,23.512251,23.325524,23.386496,4370000,Yahoo Finance
2004-08-10,23.588473,24.034328,23.588473,24.034328,6317400,Yahoo Finance
2004-08-11,23.798056,24.529718,23.771381,24.464933,6553000,Yahoo Finance
2004-08-12,24.312504,24.556392,24.217236,24.491608,5930200,Yahoo Finance
2004-08-13,24.514485,24.769804,24.514485,24.731697,6019600,Yahoo Finance
2004-08-16,24.663091,24.895546,24.503041,24.853628,3798400,Yahoo Finance
2004-08-17,24.762180,24.853637,24.560208,24.769800,5296000,Yahoo Finance
2004-08-18,24.708822,24.937469,24.636420,24.796471,3572400,Yahoo Finance
2004-08-19,24.769804,24.792667,24.430648,24.731697,3655400,Yahoo Finance
2004-08-20,24.731690,25.021307,24.727879,24.987009,2773200,Yahoo Finance
2004-08-23,24.910802,25.093716,24.647860,24.754560,3346200,Yahoo Finance
2004-08-24,24.769793,25.025112,24.674524,24.762173,3101200,Yahoo Finance
2004-08-25,24.762181,24.868881,24.609751,24.834583,3121400,Yahoo Finance
2004-08-26,24.834578,24.975576,24.731689,24.884119,2476000,Yahoo Finance
2004-08-27,24.884118,25.097518,24.865063,25.013681,2054200,Yahoo Finance
2004-08-30,24.922231,25.093713,24.807908,24.830774,2512400,Yahoo Finance
2004-08-31,24.941282,25.211847,24.865069,25.200413,4267400,Yahoo Finance
2004-09-01,25.143254,25.482409,25.124199,25.406193,3915000,Yahoo Finance
2004-09-02,25.310924,25.722485,25.093712,25.665323,3614600,Yahoo Finance
2004-09-03,25.531933,25.787252,25.509070,25.547176,3393800,Yahoo Finance
2004-09-07,25.547193,26.004480,25.547193,25.981617,5462800,Yahoo Finance
2004-09-08,26.073075,26.313153,26.042588,26.141668,6229200,Yahoo Finance
2004-09-09,26.141667,26.252179,26.073074,26.137856,4603200,Yahoo Finance
2004-09-10,26.061642,26.290285,25.947318,26.244558,2878000,Yahoo Finance
2004-09-13,26.294101,26.541800,26.229319,26.297913,4433200,Yahoo Finance
2004-09-14,26.442718,26.656118,26.183587,26.652309,5230200,Yahoo Finance
2004-09-15,26.465568,26.880940,26.423650,26.781860,7341000,Yahoo Finance
2004-09-16,26.781857,26.789480,26.526538,26.591320,3947200,Yahoo Finance
2004-09-17,26.324574,26.659917,26.217873,26.606567,5174400,Yahoo Finance
2004-09-20,25.596731,26.675171,25.596731,26.579903,2920600,Yahoo Finance
2004-09-21,26.732333,27.063866,26.564660,26.869520,4668200,Yahoo Finance
2004-09-22,26.873314,26.957151,26.617995,26.789480,4616600,Yahoo Finance
2004-09-23,26.934302,26.934302,26.484635,26.709467,4094400,Yahoo Finance
2004-09-24,26.671359,27.353481,26.648495,27.181999,4486400,Yahoo Finance
2004-09-27,27.181996,27.685014,27.010511,27.658339,6643600,Yahoo Finance
2004-09-28,27.662134,28.485254,27.574489,28.073694,8995000,Yahoo Finance
2004-09-29,28.073706,28.073706,27.418259,27.521151,11144000,Yahoo Finance
2004-09-30,27.757409,28.275670,27.646900,28.100376,8119600,Yahoo Finance
2004-10-01,28.237565,28.485264,27.898410,28.108002,7091400,Yahoo Finance
2004-10-04,28.108002,28.374752,27.902222,27.902222,5804800,Yahoo Finance
2004-10-05,27.906028,28.409045,27.848866,28.127048,5189200,Yahoo Finance
2004-10-06,28.130867,28.454779,28.127056,28.428104,3495600,Yahoo Finance
2004-10-07,28.428108,28.652943,28.306165,28.538620,6549400,Yahoo Finance
2004-10-08,28.542430,28.576725,27.677391,27.970819,8382600,Yahoo Finance
2004-10-11,28.027974,28.199456,27.837437,27.913651,3205800,Yahoo Finance
2004-10-12,27.917469,27.917469,27.517340,27.658339,6306400,Yahoo Finance
2004-10-13,27.787898,27.791709,27.284880,27.441122,7235600,Yahoo Finance
2004-10-14,28.275673,28.534803,27.685010,27.688822,12697200,Yahoo Finance
2004-10-15,27.685009,28.096569,27.014318,27.951759,12027400,Yahoo Finance
2004-10-18,27.837439,28.073703,27.753602,27.951759,6348000,Yahoo Finance
2004-10-19,27.662148,27.662148,24.621180,25.341410,43429800,Yahoo Finance
2004-10-20,25.360471,27.220110,25.078474,26.621824,21949800,Yahoo Finance
2004-10-21,26.526550,26.770437,25.539567,26.008289,15085200,Yahoo Finance
2004-10-22,25.993052,26.770443,25.993052,26.621824,10189800,Yahoo Finance
2004-10-25,26.427466,26.675164,26.092122,26.370304,6794200,Yahoo Finance
2004-10-26,26.739957,27.143897,26.739957,27.060061,10955200,Yahoo Finance
2004-10-27,27.239157,27.902224,27.056240,27.742174,7764400,Yahoo Finance
2004-10-28,27.799324,27.883160,27.239148,27.685003,8391400,Yahoo Finance
2004-10-29,27.608798,27.723122,27.399210,27.589746,6300200,Yahoo Finance
2004-11-01,27.513527,27.635471,27.277264,27.521151,7565400,Yahoo Finance
2004-11-02,27.627862,28.020368,27.399218,27.410650,8684200,Yahoo Finance
2004-11-03,28.485266,29.251225,28.485266,28.782503,11935400,Yahoo Finance
2004-11-04,28.771071,29.685648,28.675802,29.628487,11276200,Yahoo Finance
2004-11-05,29.742815,30.360152,29.735191,30.287750,7749200,Yahoo Finance
2004-11-08,30.142926,30.432543,30.097199,30.280113,4736400,Yahoo Finance
2004-11-09,30.581170,30.756463,30.192476,30.222960,9697200,Yahoo Finance
2004-11-10,30.276310,31.049892,30.192476,30.851732,7204200,Yahoo Finance
2004-11-11,30.851738,31.324269,30.657390,31.133732,6447000,Yahoo Finance
2004-11-12,31.133734,31.133734,30.333479,31.057520,9760200,Yahoo Finance
2004-11-15,31.000365,31.179470,30.798396,31.118500,6983200,Yahoo Finance
2004-11-16,31.072756,31.148969,30.569739,30.779327,4560400,Yahoo Finance
2004-11-17,31.621505,31.621505,30.722171,30.977489,3888400,Yahoo Finance
2004-11-18,31.190901,31.552923,31.076580,31.450031,4480800,Yahoo Finance
2004-11-19,31.610079,31.686295,30.786960,31.141359,4417600,Yahoo Finance
2004-11-22,30.905080,31.331884,30.752650,31.240427,4220000,Yahoo Finance
2004-11-23,31.152794,31.514813,30.935582,31.442411,4670800,Yahoo Finance
2004-11-24,31.442406,31.552918,31.229003,31.347137,2930000,Yahoo Finance
2004-11-26,31.400486,32.090229,31.400486,31.964474,1899600,Yahoo Finance
2004-11-29,32.040675,32.143563,31.564333,31.621494,5391800,Yahoo Finance
2004-11-30,31.621489,31.728189,31.324249,31.571947,10285800,Yahoo Finance
2004-12-01,31.248059,31.613889,31.065142,31.301409,10310000,Yahoo Finance
2004-12-02,31.267115,31.350949,31.072767,31.190899,5520000,Yahoo Finance
2004-12-03,31.202339,31.587225,31.183288,31.366201,5222800,Yahoo Finance
2004-12-06,30.886033,31.046083,30.432554,30.954626,7039600,Yahoo Finance
2004-12-07,30.809816,30.905084,30.203910,30.371580,9265400,Yahoo Finance
2004-12-08,30.478275,31.476687,30.459221,31.453823,6558800,Yahoo Finance
2004-12-09,31.381431,32.322684,31.179463,32.296009,7172600,Yahoo Finance
2004-12-10,32.219789,32.372217,31.861579,32.303623,5186000,Yahoo Finance
2004-12-13,32.379840,33.180094,32.265516,32.669456,12231200,Yahoo Finance
2004-12-14,32.673275,33.359209,32.547523,33.115322,7446600,Yahoo Finance
2004-12-15,33.115312,33.130555,32.577996,32.859993,4992200,Yahoo Finance
2004-12-16,33.000994,33.039100,32.547518,32.791405,6913400,Yahoo Finance
2004-12-17,32.517030,33.000992,32.410330,32.528461,7738800,Yahoo Finance
2004-12-20,32.696138,32.955268,32.212172,32.296009,5266200,Yahoo Finance
2004-12-21,32.543710,32.734247,32.307443,32.475117,4816000,Yahoo Finance
2004-12-22,32.734231,32.734231,32.410319,32.574181,4714800,Yahoo Finance
2004-12-23,32.555132,32.696130,32.391270,32.391270,2610400,Yahoo Finance
2004-12-27,32.619924,32.886677,32.501792,32.646599,2981600,Yahoo Finance
2004-12-28,32.760909,33.202953,32.597047,33.145794,3184400,Yahoo Finance
2004-12-29,32.981932,33.404924,32.909527,33.286789,3312000,Yahoo Finance
2004-12-30,33.305840,33.610697,33.248678,33.477322,3060400,Yahoo Finance
2004-12-31,33.477324,33.824103,33.420162,33.545918,3056800,Yahoo Finance
2005-01-03,33.229627,33.435407,32.955256,33.008606,6252600,Yahoo Finance
2005-01-04,33.000989,33.218201,32.486540,32.669456,5582000,Yahoo Finance
2005-01-05,32.677087,33.187724,32.612305,32.783787,4577600,Yahoo Finance
2005-01-06,32.848561,33.572602,32.848561,33.507820,4837600,Yahoo Finance
2005-01-07,33.496377,33.808857,33.000980,33.241058,6653200,Yahoo Finance
2005-01-10,33.229635,33.725032,33.210583,33.382065,5375200,Yahoo Finance
2005-01-11,33.363014,33.511633,33.195341,33.347771,4238600,Yahoo Finance
2005-01-12,33.534499,33.725036,33.374449,33.568794,4137400,Yahoo Finance
2005-01-13,33.732647,34.193749,33.595463,33.686920,6493400,Yahoo Finance
2005-01-14,33.686927,34.178513,33.656440,34.128971,4235600,Yahoo Finance
2005-01-18,33.877458,34.014645,33.572598,33.839352,5881800,Yahoo Finance
2005-01-19,33.839365,33.896524,33.382074,33.641205,4284600,Yahoo Finance
2005-01-20,34.239483,34.273781,32.570380,33.012424,13230600,Yahoo Finance
2005-01-21,33.016230,33.984157,33.016230,33.858402,9431400,Yahoo Finance
2005-01-24,34.220442,34.239494,33.538319,33.629776,6587800,Yahoo Finance
2005-01-25,33.629780,34.090880,33.374461,33.439243,4913600,Yahoo Finance
2005-01-26,33.553547,33.774568,33.359199,33.458279,4652600,Yahoo Finance
2005-01-27,33.077197,33.801235,33.077197,33.709778,5150800,Yahoo Finance
2005-01-28,33.629763,33.705976,33.328714,33.591656,3807600,Yahoo Finance
2005-01-31,33.686931,33.980357,33.664065,33.877468,4454400,Yahoo Finance
2005-02-01,33.896504,34.677707,33.843154,34.555763,6627400,Yahoo Finance
2005-02-02,34.410962,34.525282,34.102290,34.296638,5495000,Yahoo Finance
2005-02-03,34.296647,34.666290,34.167084,34.510048,4504400,Yahoo Finance
2005-02-04,34.315694,34.982573,34.315694,34.971138,4584800,Yahoo Finance
2005-02-07,34.631978,34.631978,33.820292,33.888885,9093200,Yahoo Finance
2005-02-08,34.201368,34.220423,33.694539,33.866024,6125600,Yahoo Finance
2005-02-09,34.067992,34.159449,33.115308,33.222008,5712600,Yahoo Finance
2005-02-10,33.629754,33.732643,33.267735,33.545918,5493400,Yahoo Finance
2005-02-11,33.572619,33.869856,33.332543,33.439243,5457600,Yahoo Finance
2005-02-14,33.443039,34.098486,33.347771,33.896515,4230800,Yahoo Finance
2005-02-15,34.029892,34.395723,34.003217,34.372856,5515600,Yahoo Finance
2005-02-16,34.212810,34.346186,33.976546,34.247108,3695200,Yahoo Finance
2005-02-17,34.151842,34.243298,33.816495,33.923195,4055600,Yahoo Finance
2005-02-18,33.953672,34.010833,33.820297,33.934620,3898600,Yahoo Finance
2005-02-22,33.545935,33.686933,33.020054,33.115322,7393400,Yahoo Finance
2005-02-23,33.115321,33.854603,33.115321,33.667877,4139200,Yahoo Finance
2005-02-24,33.671685,34.029896,33.389692,34.029896,4709200,Yahoo Finance
2005-02-25,34.144213,34.864443,34.087052,34.826336,5175200,Yahoo Finance
2005-02-28,34.647230,35.016872,34.449073,34.738689,4779200,Yahoo Finance
2005-03-01,34.559585,34.772985,34.388100,34.609123,3699800,Yahoo Finance
2005-03-02,34.376659,35.310292,34.361416,34.849190,4695800,Yahoo Finance
2005-03-03,34.887309,35.028304,34.620555,34.921604,4119400,Yahoo Finance
2005-03-04,35.134997,35.687556,35.028297,35.550369,3647600,Yahoo Finance
2005-03-07,35.455118,35.657087,34.696782,34.753941,5007800,Yahoo Finance
2005-03-08,34.750111,34.856812,34.395713,34.430008,5869600,Yahoo Finance
2005-03-09,34.353789,34.590052,33.991767,34.391895,4079400,Yahoo Finance
2005-03-10,34.468119,35.001623,34.468119,34.837761,4433000,Yahoo Finance
2005-03-11,35.058791,35.184546,34.342373,34.403343,4051400,Yahoo Finance
2005-03-14,34.403334,34.830137,34.250904,34.475739,3561000,Yahoo Finance
2005-03-15,34.677720,34.769177,34.281403,34.327133,5361200,Yahoo Finance
2005-03-16,34.300458,34.372860,34.068003,34.327133,4420000,Yahoo Finance
2005-03-17,34.544334,35.005433,34.151829,34.715816,5190800,Yahoo Finance
2005-03-18,34.811075,34.967317,34.422381,34.772968,6771200,Yahoo Finance
2005-03-21,35.039741,35.051175,34.571021,34.917797,4991000,Yahoo Finance
2005-03-22,35.013050,35.592284,35.013050,35.077835,5078200,Yahoo Finance
2005-03-23,34.868247,35.363644,34.715816,35.203590,5375600,Yahoo Finance
2005-03-24,35.203585,35.615146,35.123560,35.382690,4111200,Yahoo Finance
2005-03-28,35.554189,35.725671,35.264572,35.485596,5015000,Yahoo Finance
2005-03-29,35.649447,35.672311,35.363642,35.477962,5135600,Yahoo Finance
2005-03-30,35.691440,36.514826,35.413168,36.484329,6992600,Yahoo Finance
2005-03-31,36.427151,36.842657,36.324229,36.358536,7575800,Yahoo Finance
2005-04-01,36.499582,36.690181,36.042148,36.530079,6994800,Yahoo Finance
2005-04-04,36.419551,36.876986,36.320439,36.785500,7468400,Yahoo Finance
2005-04-05,36.785474,37.330585,36.751168,37.330585,6652400,Yahoo Finance
2005-04-06,37.330604,37.704178,37.242927,37.372536,5697400,Yahoo Finance
2005-04-07,37.540249,38.024368,37.357274,37.768967,5129200,Yahoo Finance
2005-04-08,37.967185,37.986246,37.349648,37.509750,5506200,Yahoo Finance
2005-04-11,37.502110,37.658402,37.017991,37.056110,6149400,Yahoo Finance
2005-04-12,37.059940,37.143804,36.347102,37.052315,7787200,Yahoo Finance
2005-04-13,37.090418,37.319135,35.832468,36.579613,8299600,Yahoo Finance
2005-04-14,35.527535,36.667315,35.260698,35.798187,14320400,Yahoo Finance
2005-04-15,35.184456,36.209873,35.161582,35.554214,10236000,Yahoo Finance
2005-04-18,35.298796,35.626625,34.136149,34.753685,11377400,Yahoo Finance
2005-04-19,34.727014,35.546588,34.688895,35.527527,9370400,Yahoo Finance
2005-04-20,35.775307,35.775307,34.993855,35.127274,6901200,Yahoo Finance
2005-04-21,35.375060,35.527537,34.803265,35.234016,6278600,Yahoo Finance
2005-04-22,35.096774,35.100587,34.563098,34.788006,5440200,Yahoo Finance
2005-04-25,34.700324,34.704137,34.174274,34.593590,9156000,Yahoo Finance
2005-04-26,34.460186,34.837570,34.303894,34.330578,5553800,Yahoo Finance
2005-04-27,34.345818,35.409357,33.774023,35.333118,8586400,Yahoo Finance
2005-04-28,35.355982,35.409349,34.822306,35.256870,6771000,Yahoo Finance
2005-04-29,35.344563,36.099330,35.260699,36.026905,7281400,Yahoo Finance
2005-05-02,35.855359,36.328044,35.855359,36.091702,5504800,Yahoo Finance
2005-05-03,36.251798,36.964636,36.030703,36.865524,9787800,Yahoo Finance
2005-05-04,37.071378,37.566935,37.052317,37.090439,8295200,Yahoo Finance
2005-05-05,37.326777,37.422076,36.976077,37.052315,5563200,Yahoo Finance
2005-05-06,37.319162,37.704171,37.288665,37.513573,6171200,Yahoo Finance
2005-05-09,37.547878,37.795656,37.166681,37.582184,5509400,Yahoo Finance
2005-05-10,37.422072,37.723217,37.216225,37.303902,5778000,Yahoo Finance
2005-05-11,37.261978,37.471637,36.808353,37.357277,5226600,Yahoo Finance
2005-05-12,37.528825,37.727049,37.357287,37.372536,5875200,Yahoo Finance
2005-05-13,37.357271,37.361084,35.760056,36.354725,8465000,Yahoo Finance
2005-05-16,36.594879,36.949392,36.503393,36.918896,3817400,Yahoo Finance
2005-05-17,36.671109,37.139982,36.480511,37.117111,4482000,Yahoo Finance
2005-05-18,37.319151,37.364893,36.324228,36.518639,14641800,Yahoo Finance
2005-05-19,36.594868,36.865517,36.488134,36.823586,8047200,Yahoo Finance
2005-05-20,36.747380,36.896047,36.728319,36.785500,5964800,Yahoo Finance
2005-05-23,36.861703,37.254338,36.739720,37.132355,6754800,Yahoo Finance
2005-05-24,37.261989,37.357288,36.979904,37.094261,5595800,Yahoo Finance
2005-05-25,37.166661,37.261960,36.735910,36.854080,3908200,Yahoo Finance
2005-05-26,36.976067,37.151417,36.888390,37.029434,3173400,Yahoo Finance
2005-05-27,37.075177,37.357261,36.915072,37.269585,3509200,Yahoo Finance
2005-05-31,37.471627,37.662226,36.976071,37.037064,4026300,Yahoo Finance
2005-06-01,37.128552,37.776585,36.983695,37.532619,4609700,Yahoo Finance
2005-06-02,37.723204,38.577083,37.616470,38.409359,7376100,Yahoo Finance
2005-06-03,38.676215,39.133652,38.493242,38.577103,5586200,Yahoo Finance
2005-06-06,38.843935,38.882054,38.538977,38.874432,4030000,Yahoo Finance
2005-06-07,39.644454,39.781685,38.874438,39.423359,7512100,Yahoo Finance
2005-06-08,39.644453,39.720691,38.653342,39.019291,6118900,Yahoo Finance
2005-06-09,38.904918,39.674937,38.729568,39.453842,4789300,Yahoo Finance
2005-06-10,39.453863,39.453863,38.508494,38.721966,4118600,Yahoo Finance
2005-06-13,38.828699,39.171777,38.805828,39.026920,3163300,Yahoo Finance
2005-06-14,39.187014,39.766431,39.187014,39.385235,4838900,Yahoo Finance
2005-06-15,39.705450,39.705450,38.920183,39.316628,4267500,Yahoo Finance
2005-06-16,39.339485,39.552957,39.004033,39.293743,3961400,Yahoo Finance
2005-06-17,39.644462,39.644462,39.347129,39.530102,5565800,Yahoo Finance
2005-06-20,39.491969,39.644448,37.464003,39.331867,4142800,Yahoo Finance
2005-06-21,39.377609,40.025642,38.958291,39.545334,4175200,Yahoo Finance
2005-06-22,39.583458,39.697818,39.164143,39.164143,4268800,Yahoo Finance
2005-06-23,39.263246,39.697810,39.240376,39.415726,4397400,Yahoo Finance
2005-06-24,39.377614,39.690196,39.103152,39.110775,5233300,Yahoo Finance
2005-06-27,39.095534,39.362373,39.034544,39.126030,3162900,Yahoo Finance
2005-06-28,39.377607,40.254358,39.339485,40.170494,4676900,Yahoo Finance
2005-06-29,40.261988,40.894773,40.246740,40.513577,5446800,Yahoo Finance
2005-06-30,40.513595,40.887169,39.652090,39.751202,6069000,Yahoo Finance
2005-07-01,40.406851,40.406851,39.789311,40.261997,3879900,Yahoo Finance
2005-07-05,40.444964,40.917647,40.216247,40.582195,4410600,Yahoo Finance
2005-07-06,40.749925,41.550437,39.835052,40.788044,13158300,Yahoo Finance
2005-07-07,40.795675,41.550446,40.597454,40.780430,10788600,Yahoo Finance
2005-07-08,40.986268,40.986268,40.444969,40.444969,7231200,Yahoo Finance
2005-07-11,40.452587,40.673679,39.972279,39.972279,6785600,Yahoo Finance
2005-07-12,40.048522,40.330609,39.385240,39.476727,6813700,Yahoo Finance
2005-07-13,39.491979,39.568220,38.805826,39.187023,7432600,Yahoo Finance
2005-07-14,39.415724,39.682560,38.310253,38.310253,11669800,Yahoo Finance
2005-07-15,38.538977,39.263251,38.394123,38.744823,8325200,Yahoo Finance
2005-07-18,38.912552,39.034535,38.737202,38.737202,5178800,Yahoo Finance
2005-07-19,38.927796,38.950667,38.081539,38.561848,6622100,Yahoo Finance
2005-07-20,38.386504,38.531361,37.700352,37.929070,7005900,Yahoo Finance
2005-07-21,37.357269,37.929064,36.404278,37.479252,13331400,Yahoo Finance
2005-07-22,37.768966,38.912556,37.746092,38.729580,8936700,Yahoo Finance
2005-07-25,38.882059,39.110777,38.584726,38.729580,6013500,Yahoo Finance
2005-07-26,38.965929,39.941792,38.965929,39.644459,8586200,Yahoo Finance
2005-07-27,39.758809,40.025645,38.965919,39.202259,6974900,Yahoo Finance
2005-07-28,39.560588,40.589820,39.461476,40.345852,7996600,Yahoo Finance
2005-07-29,40.345856,40.361104,39.796935,39.873173,6310200,Yahoo Finance
2005-08-01,39.903665,40.399222,39.667322,40.117134,5474800,Yahoo Finance
2005-08-02,40.117141,40.444970,40.040902,40.429722,5143300,Yahoo Finance
2005-08-03,40.475464,40.597447,40.330610,40.528831,4557000,Yahoo Finance
2005-08-04,40.536456,40.635568,40.269620,40.376354,4969400,Yahoo Finance
2005-08-05,40.391590,40.391590,39.453846,39.690189,6605800,Yahoo Finance
2005-08-08,39.865548,39.865548,38.920179,39.019291,4793400,Yahoo Finance
2005-08-09,39.057411,39.507223,38.897309,39.476727,5291600,Yahoo Finance
2005-08-10,39.659688,39.949398,39.347107,39.347107,3871700,Yahoo Finance
2005-08-11,39.484350,40.094264,39.469102,39.926537,3648300,Yahoo Finance
2005-08-12,40.406844,40.696554,39.438604,39.713066,2854800,Yahoo Finance
2005-08-15,39.819802,39.835050,39.354742,39.629204,2574500,Yahoo Finance
2005-08-16,39.644437,39.819787,38.958282,38.958282,3179200,Yahoo Finance
2005-08-17,39.156518,39.377612,38.935423,39.080276,3490000,Yahoo Finance
2005-08-18,39.187016,39.423356,39.072656,39.110775,2489300,Yahoo Finance
2005-08-19,39.110777,39.415736,39.019291,39.019291,3139900,Yahoo Finance
2005-08-22,39.309012,39.415746,39.034549,39.156532,2955400,Yahoo Finance
2005-08-23,39.080268,39.339482,38.920166,38.927792,3124400,Yahoo Finance
2005-08-24,39.141266,39.217505,38.470360,38.599968,3521900,Yahoo Finance
2005-08-25,38.721954,38.744825,38.348380,38.607594,3349100,Yahoo Finance
2005-08-26,38.645711,38.805816,38.295011,38.462738,3848200,Yahoo Finance
2005-08-29,38.310264,38.775325,38.188281,38.729580,2925600,Yahoo Finance
2005-08-30,38.729588,38.790581,38.409384,38.485622,4216600,Yahoo Finance
2005-08-31,38.691446,39.278489,38.424610,39.263241,4497100,Yahoo Finance
2005-09-01,39.263256,39.911289,39.263256,39.682571,5597500,Yahoo Finance
2005-09-02,39.873158,40.254354,39.789294,40.048508,3555500,Yahoo Finance
2005-09-06,40.140014,40.589826,40.101892,40.551704,4053500,Yahoo Finance
2005-09-07,40.635575,40.788054,40.490721,40.749935,3663900,Yahoo Finance
2005-09-08,41.009112,41.192084,40.521181,41.039608,5456300,Yahoo Finance
2005-09-09,41.092991,41.832510,41.092991,41.558048,5095100,Yahoo Finance
2005-09-12,41.748640,41.763888,41.245460,41.375069,4839700,Yahoo Finance
2005-09-13,41.070132,41.291227,40.406851,40.429722,5865000,Yahoo Finance
2005-09-14,40.444971,40.620321,40.269620,40.361107,4075700,Yahoo Finance
2005-09-15,40.429723,41.032015,40.429723,40.711811,4587700,Yahoo Finance
2005-09-16,40.803292,41.214985,40.551701,41.207359,6548500,Yahoo Finance
2005-09-19,41.214985,41.245479,40.521207,40.788044,2731200,Yahoo Finance
2005-09-20,41.016758,41.085374,39.957032,40.117134,4785000,Yahoo Finance
2005-09-21,40.452602,40.673694,39.888430,40.094276,5282900,Yahoo Finance
2005-09-22,40.101890,41.062508,40.094268,40.887157,5339400,Yahoo Finance
2005-09-23,41.077738,42.297566,40.894763,41.931618,12424900,Yahoo Finance
2005-09-26,42.305218,42.549184,42.007882,42.236603,5999200,Yahoo Finance
2005-09-27,42.160360,42.617798,42.129864,42.129864,5005300,Yahoo Finance
2005-09-28,42.617787,42.617787,41.824897,42.190845,5539800,Yahoo Finance
2005-09-29,41.672415,42.686399,41.672415,42.480553,4683300,Yahoo Finance
2005-09-30,42.480556,43.197204,42.442434,42.846504,6656300,Yahoo Finance
2005-10-03,42.854121,43.395419,42.808379,43.288685,5065000,Yahoo Finance
2005-10-04,43.494537,44.218812,43.364932,43.502163,6347800,Yahoo Finance
2005-10-05,43.494540,43.944353,42.846507,43.037106,5651600,Yahoo Finance
2005-10-06,42.998984,43.456419,42.655907,43.006607,4698700,Yahoo Finance
2005-10-07,42.869378,43.136217,42.800762,42.976112,3217500,Yahoo Finance
2005-10-10,42.976106,43.281065,42.602535,42.602535,3310600,Yahoo Finance
2005-10-11,42.617783,42.846501,42.023114,42.068859,4149500,Yahoo Finance
2005-10-12,42.015495,42.389066,41.695288,41.954502,4996500,Yahoo Finance
2005-10-13,41.626664,41.809640,41.184478,41.321709,6319800,Yahoo Finance
2005-10-14,42.312832,43.296320,42.038370,43.021858,8061000,Yahoo Finance
2005-10-17,43.075217,43.098088,42.640653,43.029472,4411000,Yahoo Finance
2005-10-18,42.694043,43.303958,42.694043,43.082863,4658100,Yahoo Finance
2005-10-19,43.105712,44.424652,43.098086,44.371284,5653200,Yahoo Finance
2005-10-20,44.516138,44.523763,43.517405,43.540276,5228900,Yahoo Finance
2005-10-21,43.616523,44.081584,43.082847,43.563156,6067300,Yahoo Finance
2005-10-24,43.990079,44.073943,43.486900,43.601257,4277400,Yahoo Finance
2005-10-25,43.471675,43.509794,42.053623,42.648289,7084300,Yahoo Finance
2005-10-26,42.732158,43.082858,41.047269,41.154003,9077400,Yahoo Finance
2005-10-27,42.274718,42.358582,41.489451,41.634308,5078400,Yahoo Finance
2005-10-28,42.122230,43.250572,42.122230,43.250572,8224300,Yahoo Finance
2005-10-31,43.425911,44.356032,43.159075,44.134937,6624200,Yahoo Finance
2005-11-01,44.310294,45.309030,44.218808,44.981201,10326600,Yahoo Finance
2005-11-02,44.409398,45.659722,44.409398,45.415756,8163400,Yahoo Finance
2005-11-03,45.667352,45.667352,43.944342,43.967213,13835900,Yahoo Finance
2005-11-04,44.256929,44.561888,44.028212,44.234058,8213600,Yahoo Finance
2005-11-07,44.600006,44.752485,44.226432,44.600006,3732600,Yahoo Finance
2005-11-08,44.256930,44.432281,44.051084,44.272179,3639700,Yahoo Finance
2005-11-09,44.272156,44.508499,43.532634,43.730858,5127500,Yahoo Finance
2005-11-10,44.180694,45.270917,44.028215,45.202301,7370000,Yahoo Finance
2005-11-11,45.286178,45.575885,45.057457,45.476776,3442800,Yahoo Finance
2005-11-14,45.552993,45.560616,45.080310,45.087933,3739900,Yahoo Finance
2005-11-15,45.377655,45.644492,45.301414,45.553005,4435700,Yahoo Finance
2005-11-16,45.728348,46.193408,45.667358,46.033306,5215500,Yahoo Finance
2005-11-17,46.315395,46.498371,45.781720,46.490746,4555800,Yahoo Finance
2005-11-18,46.544114,47.001551,46.239158,46.475498,4937200,Yahoo Finance
2005-11-21,46.506010,46.658489,46.162932,46.353531,5542000,Yahoo Finance
2005-11-22,46.216275,46.384003,46.048551,46.254395,3744800,Yahoo Finance
2005-11-23,46.254398,46.330639,46.010432,46.147663,3035500,Yahoo Finance
2005-11-25,46.239175,46.284917,45.865601,45.865601,1713200,Yahoo Finance
2005-11-28,45.789334,45.865572,44.523762,44.523762,6060800,Yahoo Finance
2005-11-29,44.600017,46.040940,44.600017,45.796974,6894500,Yahoo Finance
2005-11-30,46.109551,46.239159,45.591123,45.636868,5491600,Yahoo Finance
2005-12-01,46.063796,46.894805,46.018054,46.864311,5504000,Yahoo Finance
2005-12-02,46.864302,47.375104,46.864302,47.245499,3443700,Yahoo Finance
2005-12-05,47.100666,47.588597,46.780462,47.527607,4634600,Yahoo Finance
2005-12-06,47.946917,48.930405,47.077789,48.213757,5650200,Yahoo Finance
2005-12-07,48.000288,48.030785,47.306510,47.733452,5074000,Yahoo Finance
2005-12-08,47.733446,48.053650,47.397991,48.000282,3976400,Yahoo Finance
2005-12-09,48.145138,48.755052,47.382745,48.541580,2972600,Yahoo Finance
2005-12-12,48.549214,48.633078,47.276016,48.183266,4086300,Yahoo Finance
2005-12-13,48.160384,48.533958,47.733446,48.358608,5316300,Yahoo Finance
2005-12-14,48.396733,48.594957,47.985040,48.030785,3095100,Yahoo Finance
2005-12-15,48.152759,48.373854,47.680076,48.282368,4109900,Yahoo Finance
2005-12-16,48.564457,48.785552,48.053652,48.137516,4788000,Yahoo Finance
2005-12-19,47.840173,48.145132,46.528856,47.154018,12231700,Yahoo Finance
2005-12-20,47.154032,48.648326,47.115913,48.076530,7769200,Yahoo Finance
2005-12-21,48.701664,49.174347,48.350962,48.633049,13802700,Yahoo Finance
2005-12-22,48.663555,48.884650,48.236614,48.602562,8951700,Yahoo Finance
2005-12-23,48.755066,48.869423,48.259509,48.526348,3908300,Yahoo Finance
2005-12-27,49.250594,49.258220,48.190868,48.488201,4856800,Yahoo Finance
2005-12-28,48.411971,48.678807,48.221373,48.373852,3890200,Yahoo Finance
2005-12-29,48.358600,48.373848,47.840172,47.954533,3556600,Yahoo Finance
2005-12-30,47.664821,47.840171,47.367488,47.375111,3388100,Yahoo Finance
2006-01-03,47.725812,47.725812,46.201025,47.062531,8070500,Yahoo Finance
2006-01-04,47.184529,47.420872,46.963434,47.176907,5585200,Yahoo Finance
2006-01-05,47.443721,47.939278,46.879552,47.032028,5624200,Yahoo Finance
2006-01-06,47.840172,47.977403,47.291248,47.954533,5577600,Yahoo Finance
2006-01-09,47.954541,47.954541,46.704214,46.810951,8828900,Yahoo Finance
2006-01-10,46.849076,47.855435,46.841450,47.733452,6237800,Yahoo Finance
2006-01-11,47.725813,47.802054,46.978668,47.154018,5515800,Yahoo Finance
2006-01-12,47.192145,47.962161,47.070163,47.672451,5374100,Yahoo Finance
2006-01-13,46.765202,46.765202,45.522500,46.460243,11002500,Yahoo Finance
2006-01-17,45.896083,46.505997,45.728355,46.505997,6332500,Yahoo Finance
2006-01-18,46.505986,47.085404,46.185783,46.551731,7104900,Yahoo Finance
2006-01-19,46.742328,47.344617,45.202294,46.864311,13389600,Yahoo Finance
2006-01-20,46.810945,46.810945,45.278533,45.347149,10087400,Yahoo Finance
2006-01-23,45.370021,45.613989,44.005339,44.211185,9610500,Yahoo Finance
2006-01-24,44.256923,44.752480,44.256923,44.455147,8250200,Yahoo Finance
2006-01-25,44.775359,44.889719,43.799496,44.203564,6529400,Yahoo Finance
2006-01-26,44.211178,44.615246,43.547894,44.134937,9949700,Yahoo Finance
2006-01-27,44.401780,44.813470,44.226427,44.630497,6418600,Yahoo Finance
2006-01-30,44.523742,44.752460,43.951948,44.043434,6738800,Yahoo Finance
2006-01-31,44.348419,45.705481,44.226436,45.301411,10652700,Yahoo Finance
2006-02-01,45.209917,45.552995,45.019319,45.362396,7522900,Yahoo Finance
2006-02-02,45.537750,45.545375,44.790604,45.255665,6235200,Yahoo Finance
2006-02-03,45.255667,45.659734,45.049820,45.453888,5392400,Yahoo Finance
2006-02-06,45.240411,45.438632,44.409402,44.630497,4891600,Yahoo Finance
2006-02-07,44.600013,45.042203,43.990099,44.012970,5174300,Yahoo Finance
2006-02-08,43.852856,44.279797,42.122223,43.906223,7318700,Yahoo Finance
2006-02-09,44.599989,45.126039,44.249289,44.279785,5747900,Yahoo Finance
2006-02-10,44.333180,44.813485,43.761384,44.676254,4224000,Yahoo Finance
2006-02-13,44.600006,44.813475,44.348414,44.668621,3357500,Yahoo Finance
2006-02-14,44.600021,45.339543,44.600021,45.324295,4771900,Yahoo Finance
2006-02-15,45.286160,45.552996,44.767732,44.981201,4335100,Yahoo Finance
2006-02-16,45.164178,45.187049,44.317921,44.600006,5087600,Yahoo Finance
2006-02-17,44.409417,44.523777,44.089213,44.218819,7065300,Yahoo Finance
2006-02-21,44.828739,45.011715,44.173080,44.348431,4688800,Yahoo Finance
2006-02-22,44.478015,45.591108,44.478015,45.392887,5297100,Yahoo Finance
2006-02-23,45.652124,45.652124,45.263302,45.324295,4772500,Yahoo Finance
2006-02-24,45.057433,45.331895,44.607621,44.897331,5348000,Yahoo Finance
2006-02-27,44.981204,45.103187,44.843973,44.935459,3247000,Yahoo Finance
2006-02-28,44.927829,44.996445,44.119692,44.394154,5301200,Yahoo Finance
2006-03-01,44.256932,44.569513,44.096830,44.546642,5289900,Yahoo Finance
2006-03-02,44.218817,44.386544,43.624151,43.898613,5964400,Yahoo Finance
2006-03-03,43.723258,43.967223,43.067602,43.151463,6531000,Yahoo Finance
2006-03-06,42.922737,43.288685,42.876995,43.227695,5800300,Yahoo Finance
2006-03-07,42.861745,43.700376,42.770256,43.014221,6308800,Yahoo Finance
2006-03-08,43.021840,43.723240,42.937976,43.608883,6063300,Yahoo Finance
2006-03-09,43.837619,44.112082,42.907499,42.953243,5283100,Yahoo Finance
2006-03-10,42.991355,43.296313,42.808382,42.823627,6983600,Yahoo Finance
2006-03-13,42.739762,42.770255,41.054871,42.488171,12402100,Yahoo Finance
2006-03-14,42.274706,43.410670,42.274706,43.372551,7598000,Yahoo Finance
2006-03-15,43.380159,43.852841,43.113319,43.715611,6608100,Yahoo Finance
2006-03-16,43.677494,43.715613,43.044707,43.128571,6071300,Yahoo Finance
2006-03-17,43.380186,43.387809,42.808391,43.220081,6645800,Yahoo Finance
2006-03-20,43.136221,43.387809,42.808391,43.098099,4382400,Yahoo Finance
2006-03-21,43.258189,43.387794,42.358565,42.854118,5928000,Yahoo Finance
2006-03-22,41.931625,43.387796,41.931625,43.181950,4434600,Yahoo Finance
2006-03-23,42.884626,43.113343,42.579667,42.976112,5577500,Yahoo Finance
2006-03-24,42.831261,43.288696,42.274714,42.526302,4938800,Yahoo Finance
2006-03-27,42.282337,42.503432,41.802031,41.878269,11124700,Yahoo Finance
2006-03-28,41.596180,41.809649,40.559325,41.413204,12203500,Yahoo Finance
2006-03-29,42.411939,43.113340,42.160348,42.678776,9507000,Yahoo Finance
2006-03-30,42.526225,43.456844,42.503342,42.915253,8091100,Yahoo Finance
2006-03-31,42.915249,43.212745,42.335521,42.610130,9771000,Yahoo Finance
2006-04-03,43.174598,43.174598,42.213468,42.312634,7603400,Yahoo Finance
2006-04-04,42.259216,42.488056,41.954094,42.182934,6934400,Yahoo Finance
2006-04-05,42.083769,42.510939,41.992233,42.182934,5678600,Yahoo Finance
2006-04-06,42.221091,42.236348,40.977726,41.580338,12065600,Yahoo Finance
2006-04-07,41.687142,42.129565,40.924339,40.954849,8073100,Yahoo Finance
2006-04-10,40.886187,40.909073,39.230908,39.993710,19075000,Yahoo Finance
2006-04-11,40.161533,40.283581,38.811373,39.322449,14551300,Yahoo Finance
2006-04-12,39.322452,40.863312,39.322452,40.779404,12100500,Yahoo Finance
2006-04-13,40.779393,41.038746,40.474274,40.809906,7685500,Yahoo Finance
2006-04-17,40.451402,40.451402,39.246176,39.413990,10399800,Yahoo Finance
2006-04-18,40.199674,40.375119,37.766334,37.888382,41589900,Yahoo Finance
2006-04-19,37.888389,38.140116,36.187341,37.514618,41951500,Yahoo Finance
2006-04-20,37.644267,38.735074,37.415427,38.231625,19329200,Yahoo Finance
2006-04-21,38.529125,38.712198,37.743440,37.812092,8944100,Yahoo Finance
2006-04-24,37.743440,38.468103,37.453575,38.262146,11713600,Yahoo Finance
2006-04-25,38.292667,38.559646,37.522235,37.651913,8586000,Yahoo Finance
2006-04-26,37.827364,38.140113,37.224749,37.354427,12356600,Yahoo Finance
2006-04-27,36.988265,36.988265,35.516057,36.423790,29892500,Yahoo Finance
2006-04-28,36.614503,38.063828,36.553478,37.941780,15281800,Yahoo Finance
2006-05-01,37.606129,38.307908,37.606129,37.987530,10991400,Yahoo Finance
2006-05-02,37.606127,38.140089,36.957746,37.056911,11589500,Yahoo Finance
2006-05-03,36.850975,36.858602,35.332997,35.554211,23876600,Yahoo Finance
2006-05-04,35.546571,35.966115,35.149917,35.493176,11609000,Yahoo Finance
2006-05-05,35.615219,35.760153,35.027861,35.386379,13241300,Yahoo Finance
2006-05-08,35.203313,35.584714,34.234554,34.387115,19356900,Yahoo Finance
2006-05-09,34.082007,34.173542,33.036968,33.410740,30915600,Yahoo Finance
2006-05-10,34.165910,35.416905,33.799765,35.218575,29520300,Yahoo Finance
2006-05-11,34.402373,34.585447,33.509896,33.845528,30196200,Yahoo Finance
2006-05-12,33.509909,35.218585,33.258183,34.966862,17054700,Yahoo Finance
2006-05-15,34.974476,35.714395,34.783776,35.622860,11640200,Yahoo Finance
2006-05-16,35.905098,36.538226,35.767794,35.859329,10947600,Yahoo Finance
2006-05-17,35.683860,36.370383,35.241437,35.767769,8631500,Yahoo Finance
2006-05-18,35.165173,35.241455,34.066739,34.554932,17695600,Yahoo Finance
2006-05-19,34.554938,34.631219,33.715856,33.883671,15505500,Yahoo Finance
2006-05-22,33.891285,33.998077,33.090344,33.197136,12017300,Yahoo Finance
2006-05-23,33.563296,33.670088,32.609793,32.663189,12139900,Yahoo Finance
2006-05-24,32.625044,32.625044,31.610516,32.106339,20166900,Yahoo Finance
2006-05-25,32.113974,32.556401,32.113974,32.358070,12934600,Yahoo Finance
2006-05-26,32.419081,33.113231,32.380941,32.892017,8613600,Yahoo Finance
2006-05-30,32.655569,33.418372,32.647940,33.052227,8673000,Yahoo Finance
2006-05-31,33.372581,33.677702,33.151367,33.532768,9254900,Yahoo Finance
2006-06-01,33.670084,35.012617,33.624318,34.875313,11753300,Yahoo Finance
2006-06-02,35.302490,36.133945,35.302490,35.836452,12669300,Yahoo Finance
2006-06-05,35.622851,35.935599,35.119402,35.256706,7065100,Yahoo Finance
2006-06-06,35.317736,35.638114,34.783774,35.226200,6846900,Yahoo Finance
2006-06-07,35.462681,35.760173,35.233838,35.302490,5290700,Yahoo Finance
2006-06-08,35.638105,35.813549,34.928699,35.279587,6128300,Yahoo Finance
2006-06-09,35.088904,35.317744,34.799038,34.913460,5693100,Yahoo Finance
2006-06-12,34.913453,35.203318,34.364234,34.448143,4526700,Yahoo Finance
2006-06-13,34.188789,34.821916,34.135393,34.654099,6359800,Yahoo Finance
2006-06-14,34.143019,34.532050,33.982832,34.310837,5954700,Yahoo Finance
2006-06-15,34.326107,34.440529,33.715866,34.135406,7777500,Yahoo Finance
2006-06-16,34.249806,34.318458,33.715844,33.784496,7265100,Yahoo Finance
2006-06-19,33.937072,33.944698,33.036965,33.181896,6743700,Yahoo Finance
2006-06-20,33.448867,33.692964,33.181888,33.342075,5288500,Yahoo Finance
2006-06-21,33.181883,34.020964,33.181883,33.616680,5706300,Yahoo Finance
2006-06-22,33.715856,34.478658,33.715856,33.891300,5785900,Yahoo Finance
2006-06-23,33.670076,34.844791,33.639563,34.501530,6156800,Yahoo Finance
2006-06-26,34.410005,34.860058,34.059116,34.280327,4391200,Yahoo Finance
2006-06-27,34.112507,34.303207,33.692963,33.731106,4393100,Yahoo Finance
2006-06-28,33.937069,34.020975,32.724214,33.891300,7270400,Yahoo Finance
2006-06-29,33.891305,34.951600,33.891305,34.333729,5401800,Yahoo Finance
2006-06-30,34.341349,34.554933,33.776875,34.158276,7551500,Yahoo Finance
2006-07-03,34.211681,34.379498,33.868422,34.333729,2175800,Yahoo Finance
2006-07-05,34.326095,34.509169,33.784506,34.410004,5041600,Yahoo Finance
2006-07-06,34.196415,34.806656,33.967572,34.196415,5323200,Yahoo Finance
2006-07-07,34.341337,34.776134,34.333708,34.623573,4568800,Yahoo Finance
2006-07-10,34.669344,35.813547,34.669344,35.714382,6973100,Yahoo Finance
2006-07-11,35.805905,37.339138,35.775396,36.683128,15099500,Yahoo Finance
2006-07-12,36.912005,37.331546,36.446695,36.660282,6576000,Yahoo Finance
2006-07-13,36.667897,37.178976,36.469569,36.622128,5419500,Yahoo Finance
2006-07-14,36.507706,36.545846,35.828813,36.271236,5044400,Yahoo Finance
2006-07-17,36.095793,36.919620,36.057653,36.347519,4742500,Yahoo Finance
2006-07-18,36.339893,37.232373,36.141566,36.919624,9171400,Yahoo Finance
2006-07-19,38.071448,39.009694,37.873121,38.849506,17651000,Yahoo Finance
2006-07-20,39.017325,39.619936,37.735817,38.300289,10538600,Yahoo Finance
2006-07-21,38.445213,38.445213,37.644269,38.140091,7790900,Yahoo Finance
2006-07-24,38.216389,38.811377,38.086714,38.750351,7216400,Yahoo Finance
2006-07-25,38.757974,39.413982,38.506248,39.276680,5764600,Yahoo Finance
2006-07-26,39.093610,39.223285,38.353691,38.544392,5497400,Yahoo Finance
2006-07-27,37.148459,37.796840,36.156817,37.728188,15388600,Yahoo Finance
2006-07-28,37.819746,38.552036,36.210233,36.500095,10645700,Yahoo Finance
2006-07-31,36.843348,37.110330,36.057662,36.484833,6357800,Yahoo Finance
2006-08-01,36.233103,36.614504,36.202590,36.477200,4002600,Yahoo Finance
2006-08-02,37.377287,37.834967,36.950117,37.049282,7799900,Yahoo Finance
2006-08-03,37.102697,37.201862,36.332268,36.439060,5074900,Yahoo Finance
2006-08-04,36.835707,37.453575,36.545842,37.041664,5253900,Yahoo Finance
2006-08-07,36.721295,37.331536,36.721295,36.988277,2977800,Yahoo Finance
2006-08-08,37.247623,37.918887,37.209481,37.697674,4884300,Yahoo Finance
2006-08-09,38.040931,38.117213,37.301015,37.362038,3533400,Yahoo Finance
2006-08-10,36.164441,36.500073,35.470292,36.156815,10786800,Yahoo Finance
2006-08-11,35.912724,36.416173,35.836442,36.286495,3743600,Yahoo Finance
2006-08-14,36.606874,36.721293,36.240727,36.355148,4225700,Yahoo Finance
2006-08-15,36.835702,36.835702,36.423788,36.713654,3074000,Yahoo Finance
2006-08-16,36.835708,36.995896,36.492447,36.721287,4098200,Yahoo Finance
2006-08-17,36.721284,37.667159,36.706027,37.407806,5228300,Yahoo Finance
2006-08-18,37.339134,37.789187,37.011129,37.758675,5029900,Yahoo Finance
2006-08-21,37.392560,38.086710,37.392560,37.804474,3092200,Yahoo Finance
2006-08-22,37.758698,38.277404,37.720559,37.865490,3905500,Yahoo Finance
2006-08-23,37.873120,38.101960,37.720559,37.865490,2213900,Yahoo Finance
2006-08-24,37.903647,39.131759,37.865507,39.024967,5342400,Yahoo Finance
2006-08-25,38.712202,38.956298,38.254522,38.811367,2908200,Yahoo Finance
2006-08-28,38.552022,39.475012,38.498626,39.154636,4092200,Yahoo Finance
2006-08-29,38.712201,39.352955,38.597780,38.925785,3936000,Yahoo Finance
2006-08-30,39.116492,39.726736,38.887652,39.475010,4515800,Yahoo Finance
2006-08-31,39.475002,39.688586,39.093602,39.627563,4325200,Yahoo Finance
2006-09-01,39.627571,39.680967,39.154634,39.513149,4312600,Yahoo Finance
2006-09-05,39.589432,39.650454,38.635929,38.674068,4540100,Yahoo Finance
2006-09-06,38.529140,38.979193,37.918898,38.460487,4551300,Yahoo Finance
2006-09-07,38.521502,38.765599,38.117218,38.300289,2410100,Yahoo Finance
2006-09-08,38.597779,39.002066,38.399452,38.826622,3330700,Yahoo Finance
2006-09-11,38.315543,39.475002,38.300286,39.360580,3799000,Yahoo Finance
2006-09-12,39.391114,40.176799,39.391114,40.070007,5188400,Yahoo Finance
2006-09-13,39.871675,40.260703,39.612322,39.703857,3840300,Yahoo Finance
2006-09-14,39.703861,39.818283,39.284320,39.520790,3341600,Yahoo Finance
2006-09-15,39.696234,39.955587,39.589442,39.825909,5922000,Yahoo Finance
2006-09-18,39.780140,40.306473,39.612323,39.734371,5669200,Yahoo Finance
2006-09-19,39.513136,39.780119,38.994431,39.566532,4244500,Yahoo Finance
2006-09-20,39.467358,39.658058,39.253771,39.307167,2802900,Yahoo Finance
2006-09-21,39.192748,39.589405,38.155337,38.361294,4932000,Yahoo Finance
2006-09-22,38.368953,38.368953,37.301031,37.354427,7753300,Yahoo Finance
2006-09-25,37.697690,37.781598,36.843352,37.240009,5900000,Yahoo Finance
2006-09-26,37.728191,37.728191,37.034041,37.087437,5621500,Yahoo Finance
2006-09-27,37.087437,37.621399,36.545848,37.438328,6510100,Yahoo Finance
2006-09-28,37.529860,37.766327,37.377299,37.728188,3614400,Yahoo Finance
2006-09-29,37.606137,37.949398,37.308644,37.529858,5875600,Yahoo Finance
2006-10-02,37.461207,37.819725,37.011153,37.705303,4923600,Yahoo Finance
2006-10-03,37.705307,37.972287,37.339163,37.819729,4814500,Yahoo Finance
2006-10-04,37.636656,37.911266,37.392560,37.804474,5259800,Yahoo Finance
2006-10-05,37.545127,38.696957,37.453589,38.651188,5942600,Yahoo Finance
2006-10-06,38.597786,40.131020,38.567276,39.284309,9803400,Yahoo Finance
2006-10-09,39.276689,39.284316,38.613049,38.689331,3768100,Yahoo Finance
2006-10-10,38.864761,38.887644,37.804467,37.873119,5325500,Yahoo Finance
2006-10-11,37.850233,38.422334,37.606136,38.216377,4648900,Yahoo Finance
2006-10-12,38.140108,38.140108,37.438332,37.850243,5007900,Yahoo Finance
2006-10-13,37.567993,37.682414,37.011148,37.186592,7707300,Yahoo Finance
2006-10-16,35.966126,38.414721,35.966126,36.263618,32185700,Yahoo Finance
2006-10-17,36.057658,36.355151,35.554209,35.645744,15103400,Yahoo Finance
2006-10-18,35.859327,36.637385,35.584720,36.614502,9840300,Yahoo Finance
2006-10-19,37.529858,38.925784,37.217109,38.635921,21289100,Yahoo Finance
2006-10-20,38.788487,39.246170,38.582533,38.674068,12075800,Yahoo Finance
2006-10-23,38.727457,39.040206,38.391825,38.628292,6835900,Yahoo Finance
2006-10-24,38.521504,38.742718,38.010428,38.018055,7961900,Yahoo Finance
2006-10-25,38.025683,38.063825,36.950132,37.095066,13030300,Yahoo Finance
2006-10-26,37.606142,37.873125,37.301023,37.659538,7951800,Yahoo Finance
2006-10-27,37.568015,38.071465,37.323919,37.690063,5413500,Yahoo Finance
2006-10-30,37.865483,37.979904,37.178963,37.400173,5325600,Yahoo Finance
2006-10-31,37.453569,37.598503,37.034029,37.209473,6353500,Yahoo Finance
2006-11-01,37.636657,37.789218,36.507710,36.843342,5523200,Yahoo Finance
2006-11-02,36.690779,37.529863,36.683153,37.087437,5651900,Yahoo Finance
2006-11-03,37.186609,37.186609,36.210223,36.484833,6676300,Yahoo Finance
2006-11-06,36.492457,37.163723,36.484830,36.927254,6218100,Yahoo Finance
2006-11-07,37.194221,38.140097,36.881473,37.812092,9393900,Yahoo Finance
2006-11-08,36.950134,37.133208,36.133936,36.614502,15683000,Yahoo Finance
2006-11-09,36.614492,36.614492,34.417622,34.532043,21445100,Yahoo Finance
2006-11-10,34.669364,35.470306,34.539686,35.172813,10615800,Yahoo Finance
2006-11-13,35.271971,35.744908,34.936337,35.660999,9117500,Yahoo Finance
2006-11-14,35.866938,36.248339,35.744890,36.187313,8889300,Yahoo Finance
2006-11-15,36.149184,36.675519,36.118671,36.583981,7700300,Yahoo Finance
2006-11-16,36.767077,36.835729,36.233114,36.324650,5271300,Yahoo Finance
2006-11-17,36.309380,36.370406,35.760164,36.042400,5714800,Yahoo Finance
2006-11-20,36.400926,36.515344,35.645750,35.706776,6017800,Yahoo Finance
2006-11-21,35.851690,35.851690,35.233820,35.340614,6131700,Yahoo Finance
2006-11-22,35.264345,35.607607,35.256718,35.516071,4855300,Yahoo Finance
2006-11-24,35.394019,35.851699,35.233828,35.630486,1842400,Yahoo Finance
2006-11-27,35.622858,35.767789,35.226200,35.226200,5616900,Yahoo Finance
2006-11-28,35.279595,36.614499,35.279595,36.111050,9759500,Yahoo Finance
2006-11-29,36.202588,36.317009,35.805930,36.278870,8221000,Yahoo Finance
2006-11-30,36.576361,37.743447,36.538221,37.438328,11434700,Yahoo Finance
2006-12-01,37.712934,38.018056,36.988274,37.247627,7665800,Yahoo Finance
2006-12-04,37.262893,37.781599,37.087449,37.308662,7844100,Yahoo Finance
2006-12-05,37.453585,37.506981,37.133209,37.285770,4601200,Yahoo Finance
2006-12-06,37.400190,37.484099,37.163723,37.384933,9797200,Yahoo Finance
2006-12-07,37.438327,38.330804,37.377301,37.751076,10122900,Yahoo Finance
2006-12-08,37.659524,38.101951,37.590872,38.071438,6141000,Yahoo Finance
2006-12-11,38.063828,38.376577,37.644284,38.208759,4475300,Yahoo Finance
2006-12-12,38.071455,38.422343,37.957033,38.170620,7116500,Yahoo Finance
2006-12-13,38.468099,38.567264,37.865485,37.918880,6556600,Yahoo Finance
2006-12-14,38.140095,38.300283,37.827346,37.911255,7522900,Yahoo Finance
2006-12-15,37.888381,38.254528,37.484097,38.208759,7423600,Yahoo Finance
2006-12-18,38.292668,38.544391,38.124850,38.445229,5465300,Yahoo Finance
2006-12-19,38.521494,40.069981,38.513868,39.917423,13074400,Yahoo Finance
2006-12-20,40.092877,40.962470,39.925059,40.855679,10252900,Yahoo Finance
2006-12-21,41.107392,41.542189,40.909065,41.137905,8171700,Yahoo Finance
2006-12-22,41.008245,41.122666,40.359864,40.771778,4569100,Yahoo Finance
2006-12-26,40.947220,41.061641,40.420887,40.603958,2317000,Yahoo Finance
2006-12-27,39.925069,40.886198,39.703855,40.718384,4915000,Yahoo Finance
2006-12-28,40.329347,41.000613,40.329347,40.931961,3626100,Yahoo Finance
2006-12-29,40.733625,41.221817,40.733625,40.985348,4410400,Yahoo Finance
2007-01-03,41.435398,41.450654,39.909794,40.100494,8360300,Yahoo Finance
2007-01-04,40.047115,40.428516,39.703853,40.359863,5152500,Yahoo Finance
2007-01-05,40.275951,40.466652,39.612314,40.085251,6215700,Yahoo Finance
2007-01-08,40.008948,40.802262,39.833504,40.672585,4344100,Yahoo Finance
2007-01-09,40.695494,40.695494,39.993717,40.184418,5483900,Yahoo Finance
2007-01-10,40.291214,40.619219,39.818277,40.298843,5075600,Yahoo Finance
2007-01-11,40.512421,41.572716,40.390373,41.534576,5491000,Yahoo Finance
2007-01-12,41.496418,42.213450,41.381996,42.030376,8345700,Yahoo Finance
2007-01-16,42.030400,42.678783,41.740537,42.526222,8213400,Yahoo Finance
2007-01-17,42.678780,42.938133,42.350775,42.449940,6731900,Yahoo Finance
2007-01-18,41.648975,41.648975,40.703103,41.038734,13144300,Yahoo Finance
2007-01-19,41.038742,41.038742,40.489527,40.581062,8131200,Yahoo Finance
2007-01-22,40.581066,40.619206,39.703843,39.810635,8795700,Yahoo Finance
2007-01-23,39.818262,40.008963,39.208021,39.261417,7639300,Yahoo Finance
2007-01-24,39.185144,39.902180,38.719834,39.513149,8157300,Yahoo Finance
2007-01-25,39.513157,39.970840,39.513157,39.741997,4976800,Yahoo Finance
2007-01-26,39.711488,39.772511,39.116501,39.314831,4097600,Yahoo Finance
2007-01-29,39.169878,39.673327,39.169878,39.459743,5026500,Yahoo Finance
2007-01-30,39.680977,40.070005,39.520789,39.825909,5881200,Yahoo Finance
2007-01-31,40.047122,40.047122,39.238550,39.864048,4265600,Yahoo Finance
2007-02-01,39.871675,40.596337,39.497900,40.275959,4694500,Yahoo Finance
2007-02-02,40.314094,40.771777,40.237815,40.359863,4959500,Yahoo Finance
2007-02-05,39.627558,40.298824,39.558905,39.917423,6472500,Yahoo Finance
2007-02-06,39.513151,39.581803,38.529135,38.895283,10969400,Yahoo Finance
2007-02-07,39.200401,39.200401,38.895282,39.093609,5172000,Yahoo Finance
2007-02-08,39.116470,39.406336,39.032562,39.085960,4105700,Yahoo Finance
2007-02-09,39.116486,39.299560,38.712202,38.811367,4438700,Yahoo Finance
2007-02-12,39.246164,39.658078,39.192768,39.375839,4360200,Yahoo Finance
2007-02-13,39.619960,39.818290,39.253815,39.368237,6080700,Yahoo Finance
2007-02-14,39.444494,39.612311,39.139375,39.391098,5125200,Yahoo Finance
2007-02-15,39.741981,41.305728,39.650446,40.893814,8389500,Yahoo Finance
2007-02-16,40.817544,41.404902,40.756522,41.153179,6276000,Yahoo Finance
2007-02-20,41.610858,41.915980,40.893825,41.054012,6237000,Yahoo Finance
2007-02-21,41.061629,41.290469,40.588690,40.832787,4792000,Yahoo Finance
2007-02-22,41.054013,41.191317,40.771777,40.977734,3893100,Yahoo Finance
2007-02-23,41.252345,41.412533,40.336982,40.451401,4587700,Yahoo Finance
2007-02-26,40.558183,40.695487,40.176782,40.588696,4700700,Yahoo Finance
2007-02-27,40.596333,40.947221,38.857142,39.444500,8615400,Yahoo Finance
2007-02-28,39.680965,40.214927,39.444495,39.803013,7015300,Yahoo Finance
2007-03-01,39.711477,40.581071,39.085980,40.230183,8698200,Yahoo Finance
2007-03-02,41.183674,42.015129,40.428499,41.328606,13175700,Yahoo Finance
2007-03-05,41.115039,41.839698,40.375119,40.398003,9355200,Yahoo Finance
2007-03-06,41.504053,41.572706,40.840416,41.176048,13281200,Yahoo Finance
2007-03-07,41.046364,41.191295,40.512402,41.038734,6584300,Yahoo Finance
2007-03-08,41.320992,41.382017,40.512423,40.680241,6038300,Yahoo Finance
2007-03-09,40.809910,41.038750,40.306461,40.428509,4786100,Yahoo Finance
2007-03-12,40.733622,40.893809,40.176774,40.634457,6895600,Yahoo Finance
2007-03-13,40.634466,41.206567,40.405626,40.428509,10299700,Yahoo Finance
2007-03-14,40.352232,41.153173,40.222554,40.710747,8599100,Yahoo Finance
2007-03-15,40.710741,41.366751,40.565810,41.229446,6508200,Yahoo Finance
2007-03-16,41.427782,41.671879,40.344602,40.527676,12425700,Yahoo Finance
2007-03-19,40.840415,41.587960,40.680227,41.420143,7729800,Yahoo Finance
2007-03-20,41.420154,41.885464,41.099779,41.267593,9084100,Yahoo Finance
2007-03-21,41.229448,42.060902,40.657346,41.976994,13092400,Yahoo Finance
2007-03-22,42.213481,42.892375,41.687149,42.480461,12849200,Yahoo Finance
2007-03-23,42.305008,43.281396,42.160076,43.105949,8674100,Yahoo Finance
2007-03-26,43.075450,43.556013,42.869493,43.388199,9689000,Yahoo Finance
2007-03-27,42.716919,43.182228,41.877837,42.602497,15167800,Yahoo Finance
2007-03-28,42.701666,43.281397,41.641371,41.809189,12456100,Yahoo Finance
2007-03-29,41.015448,41.015448,39.954569,40.328548,26372300,Yahoo Finance
2007-03-30,40.328534,40.626189,40.084304,40.427753,8706200,Yahoo Finance
2007-04-02,40.755940,41.175710,40.549870,41.007801,8847400,Yahoo Finance
2007-04-03,41.274930,41.862607,41.213871,41.679436,9027800,Yahoo Finance
2007-04-04,41.679431,42.282375,41.519156,42.022881,8705200,Yahoo Finance
2007-04-05,41.839711,42.663989,41.763390,42.228954,9043800,Yahoo Finance
2007-04-09,42.091564,42.267104,41.832069,41.885494,8099000,Yahoo Finance
2007-04-10,41.862611,42.045785,41.145185,41.397049,8314800,Yahoo Finance
2007-04-11,41.114645,41.374140,40.374324,40.557495,10239700,Yahoo Finance
2007-04-12,40.381961,40.725410,40.267477,40.542236,5216000,Yahoo Finance
2007-04-13,40.717792,40.717792,39.840091,40.412506,6946800,Yahoo Finance
2007-04-16,40.420130,41.099396,40.259855,41.099396,6470900,Yahoo Finance
2007-04-17,41.824445,42.091574,41.282560,41.687065,12462200,Yahoo Finance
2007-04-18,41.381768,41.938918,41.114639,41.374134,7377000,Yahoo Finance
2007-04-19,39.305823,40.061412,39.115018,39.725594,19605100,Yahoo Finance
2007-04-20,40.061417,41.099393,39.771392,40.603302,13710900,Yahoo Finance
2007-04-23,40.603316,41.236788,40.450672,41.175732,7865400,Yahoo Finance
2007-04-24,41.137547,41.496258,40.717774,41.389408,9378500,Yahoo Finance
2007-04-25,40.641461,41.137555,39.946931,40.404861,14426200,Yahoo Finance
2007-04-26,40.526949,40.923823,39.824788,40.229294,14477500,Yahoo Finance
2007-04-27,40.236944,40.641449,40.236944,40.565128,6330800,Yahoo Finance
2007-04-30,40.878047,40.878047,40.252207,40.496437,7393900,Yahoo Finance
2007-05-01,40.389599,40.450658,40.023254,40.259853,9132800,Yahoo Finance
2007-05-02,40.526984,41.175723,40.236963,41.053608,7340900,Yahoo Finance
2007-05-03,41.175706,41.213866,40.443016,40.595657,7602000,Yahoo Finance
2007-05-04,40.565138,41.091758,40.450654,40.885689,5999900,Yahoo Finance
2007-05-07,40.900951,41.152813,40.572767,40.641457,8083500,Yahoo Finance
2007-05-08,40.450648,40.641453,40.282739,40.534603,8615500,Yahoo Finance
2007-05-09,40.320905,40.832261,40.252215,40.519341,6941500,Yahoo Finance
2007-05-10,40.267473,40.893316,39.687427,40.465912,4780800,Yahoo Finance
2007-05-11,40.473547,41.061227,40.343801,40.900951,7440700,Yahoo Finance
2007-05-14,40.801734,40.824633,40.282744,40.320908,5883800,Yahoo Finance
2007-05-15,40.465931,40.557517,40.084321,40.206436,6632000,Yahoo Finance
2007-05-16,40.336166,41.076491,40.137731,41.061226,6847500,Yahoo Finance
2007-05-17,40.885699,41.213884,40.633838,40.946758,4840800,Yahoo Finance
2007-05-18,41.007796,41.061222,40.557497,40.809361,5922600,Yahoo Finance
2007-05-21,40.786466,41.404675,40.542236,40.832260,6847900,Yahoo Finance
2007-05-22,40.893313,41.480990,40.717770,41.129910,6655700,Yahoo Finance
2007-05-23,41.129905,41.404665,40.916205,41.160435,6721000,Yahoo Finance
2007-05-24,41.053583,41.542043,40.961995,41.374134,8538300,Yahoo Finance
2007-05-25,41.671782,41.679416,41.236747,41.526772,4909800,Yahoo Finance
2007-05-29,41.519149,41.816805,41.519149,41.648895,5129700,Yahoo Finance
2007-05-30,41.511515,41.900759,41.389400,41.648895,4266900,Yahoo Finance
2007-05-31,41.786287,42.221322,41.603113,41.801552,7238100,Yahoo Finance
2007-06-01,41.931301,42.335810,41.839716,42.137371,6150700,Yahoo Finance
2007-06-04,41.900769,42.320539,41.900769,42.129734,4580400,Yahoo Finance
2007-06-05,41.938928,42.076308,41.465733,41.748123,5617800,Yahoo Finance
2007-06-06,41.450470,41.694700,41.076491,41.190975,4652900,Yahoo Finance
2007-06-07,40.504087,41.397056,40.504087,40.725422,6274200,Yahoo Finance
2007-06-08,40.862789,41.091754,40.458281,40.962006,5842100,Yahoo Finance
2007-06-11,40.984901,40.984901,40.488807,40.595657,4416600,Yahoo Finance
2007-06-12,40.679620,40.679620,40.275114,40.443024,6583200,Yahoo Finance
2007-06-13,40.649084,40.649084,39.954554,40.534603,7285000,Yahoo Finance
2007-06-14,40.603311,40.603311,40.298022,40.412506,4175300,Yahoo Finance
2007-06-15,40.542223,40.641443,40.282729,40.374317,7574800,Yahoo Finance
2007-06-18,40.305641,40.595663,40.191157,40.351433,4328700,Yahoo Finance
2007-06-19,40.214030,40.397204,40.145340,40.252193,5666400,Yahoo Finance
2007-06-20,40.290375,40.290375,39.221866,39.305820,12729100,Yahoo Finance
2007-06-21,39.382145,39.519525,39.023434,39.511894,7153500,Yahoo Finance
2007-06-22,39.443196,39.611105,38.947102,39.153172,7963200,Yahoo Finance
2007-06-25,39.343981,39.519521,39.084486,39.305820,6007200,Yahoo Finance
2007-06-26,39.527168,39.725604,39.198983,39.527168,5170500,Yahoo Finance
2007-06-27,39.031056,39.504251,38.962366,39.496620,4839800,Yahoo Finance
2007-06-28,39.328706,39.954545,39.267650,39.763741,6556300,Yahoo Finance
2007-06-29,40.069043,40.450652,38.695247,39.031063,10126000,Yahoo Finance
2007-07-02,39.374521,39.855350,39.290566,39.855350,6847500,Yahoo Finance
2007-07-03,39.855336,40.023243,39.496622,39.794277,2751200,Yahoo Finance
2007-07-05,39.794269,40.107189,39.458454,40.030869,6866000,Yahoo Finance
2007-07-06,40.091933,40.588027,39.771382,40.465912,4825800,Yahoo Finance
2007-07-09,40.450643,40.504068,39.641629,39.664528,7362800,Yahoo Finance
2007-07-10,39.496627,40.053777,39.282927,39.343983,7001600,Yahoo Finance
2007-07-11,39.252390,39.611104,39.038690,39.237125,12962500,Yahoo Finance
2007-07-12,39.214235,40.526971,39.023430,40.519341,12038400,Yahoo Finance
2007-07-13,40.450648,40.511707,39.969818,40.435383,4476300,Yahoo Finance
2007-07-16,41.137566,41.137566,40.351447,40.412506,6168300,Yahoo Finance
2007-07-17,40.191158,40.771204,40.137733,40.450653,5691200,Yahoo Finance
2007-07-18,41.221500,41.290190,40.557500,40.893318,9001700,Yahoo Finance
2007-07-19,39.649256,39.916382,39.153163,39.603462,17658500,Yahoo Finance
2007-07-20,39.435556,39.611099,38.756291,39.168430,9549000,Yahoo Finance
2007-07-23,39.305823,39.427938,38.970007,39.053959,6810200,Yahoo Finance
2007-07-24,39.053963,39.351621,38.893688,38.924217,8679200,Yahoo Finance
2007-07-25,38.916593,39.244775,38.695258,39.084499,8547700,Yahoo Finance
2007-07-26,38.550232,39.015796,38.008346,38.321266,8703200,Yahoo Finance
2007-07-27,38.092301,38.458646,37.474092,37.496990,10559500,Yahoo Finance
2007-07-30,37.703069,38.351805,37.206975,37.351986,7892100,Yahoo Finance
2007-07-31,37.519877,37.573302,36.733761,36.962727,10434800,Yahoo Finance
2007-08-01,36.817739,37.298566,36.146105,36.626934,11590900,Yahoo Finance
2007-08-02,36.252951,37.245137,36.252951,36.909321,10394800,Yahoo Finance
2007-08-03,37.588580,37.588580,36.176624,36.252945,10970100,Yahoo Finance
2007-08-06,36.443737,37.054312,36.260563,37.016151,9647900,Yahoo Finance
2007-08-07,36.909325,37.451210,34.970745,36.626934,9495000,Yahoo Finance
2007-08-08,36.863504,36.863504,35.833159,36.306355,10244600,Yahoo Finance
2007-08-09,36.474270,36.604016,35.131002,35.359970,14537200,Yahoo Finance
2007-08-10,35.413403,36.687978,35.146274,36.237679,11879500,Yahoo Finance
2007-08-13,36.520062,38.153354,36.481901,37.428295,12146600,Yahoo Finance
2007-08-14,37.619106,37.687795,36.764297,37.000896,6202000,Yahoo Finance
2007-08-15,37.283291,38.237316,37.206970,37.489361,10229600,Yahoo Finance
2007-08-16,37.092481,37.496990,36.611655,37.290920,9655400,Yahoo Finance
2007-08-17,37.733576,38.061760,37.321439,38.008335,9515400,Yahoo Finance
2007-08-20,38.252582,38.519711,37.565686,37.817547,7082900,Yahoo Finance
2007-08-21,37.817550,38.099941,37.603849,37.825184,5805300,Yahoo Finance
2007-08-22,37.397772,37.565681,36.710873,37.130646,10318200,Yahoo Finance
2007-08-23,37.321469,37.397790,36.894064,37.107765,5916500,Yahoo Finance
2007-08-24,36.939858,38.000734,36.764315,37.863354,6220000,Yahoo Finance
2007-08-27,37.718322,38.115197,37.542782,37.542782,4221300,Yahoo Finance
2007-08-28,37.672541,37.886242,37.100126,37.115391,5267400,Yahoo Finance
2007-08-29,37.252771,37.397782,36.840631,37.161182,6245200,Yahoo Finance
2007-08-30,37.161157,37.771735,36.886401,37.435917,6553300,Yahoo Finance
2007-08-31,37.626751,38.389971,37.405416,38.168636,9211400,Yahoo Finance
2007-09-04,38.244951,38.733412,38.153366,38.306007,7922300,Yahoo Finance
2007-09-05,38.054134,38.160984,37.504615,37.619099,6183800,Yahoo Finance
2007-09-06,37.420670,37.947294,37.420670,37.855705,4168900,Yahoo Finance
2007-09-07,37.512255,37.779381,37.382506,37.542782,4200100,Yahoo Finance
2007-09-10,37.657270,37.764120,37.374880,37.489361,6124300,Yahoo Finance
2007-09-11,37.718310,37.954909,37.229850,37.832794,5778100,Yahoo Finance
2007-09-12,37.802272,37.962551,37.664893,37.756481,6619700,Yahoo Finance
2007-09-13,37.893871,38.054146,37.695432,37.817547,5046800,Yahoo Finance
2007-09-14,37.611471,38.283105,37.535150,38.092300,7101700,Yahoo Finance
2007-09-17,37.954916,38.244941,37.832801,38.122826,6284300,Yahoo Finance
2007-09-18,38.244931,38.527321,37.802262,38.237297,9324900,Yahoo Finance
2007-09-19,38.351796,38.496806,37.855702,38.038876,7488600,Yahoo Finance
2007-09-20,38.008354,38.168629,37.817549,38.015987,5387300,Yahoo Finance
2007-09-21,38.290736,38.290736,37.993081,38.092300,9616200,Yahoo Finance
2007-09-24,38.161000,38.237320,37.725964,37.825184,12594500,Yahoo Finance
2007-09-25,37.802275,38.092299,37.725954,37.764114,7868700,Yahoo Finance
2007-09-26,37.794644,37.809909,37.496989,37.634369,8035400,Yahoo Finance
2007-09-27,37.741197,37.764093,37.580922,37.596184,7162100,Yahoo Finance
2007-09-28,37.413026,37.413026,36.634542,36.962727,12939200,Yahoo Finance
2007-10-01,37.298560,37.382514,36.565869,36.741409,7450800,Yahoo Finance
2007-10-02,36.787194,36.947469,36.191880,36.550594,8577600,Yahoo Finance
2007-10-03,36.481919,36.481919,35.558423,35.909504,13402800,Yahoo Finance
2007-10-04,36.191896,36.359805,35.985829,36.161369,8023900,Yahoo Finance
2007-10-05,36.207151,36.649820,36.161360,36.405590,7696600,Yahoo Finance
2007-10-08,36.405601,36.604037,36.390336,36.489555,3853800,Yahoo Finance
2007-10-09,36.474279,37.016164,36.451380,37.008533,7991400,Yahoo Finance
2007-10-10,37.000893,37.916757,36.970363,37.649632,13164600,Yahoo Finance
2007-10-11,37.809921,37.855712,37.550426,37.657276,10103300,Yahoo Finance
2007-10-12,37.580942,38.145723,37.512252,37.924389,9159300,Yahoo Finance
2007-10-15,37.970189,37.970189,37.206969,37.344349,8021300,Yahoo Finance
2007-10-16,37.329071,37.481716,36.909301,37.016151,6462000,Yahoo Finance
2007-10-17,37.008532,37.710693,36.825358,37.092484,5703600,Yahoo Finance
2007-10-18,37.397787,37.397787,36.573508,36.710888,20643600,Yahoo Finance
2007-10-19,36.436117,36.611657,36.153724,36.214783,11601200,Yahoo Finance
2007-10-22,36.054496,36.771921,35.940012,36.733761,7585700,Yahoo Finance
2007-10-23,36.771940,37.504631,36.749045,37.275665,6565100,Yahoo Finance
2007-10-24,37.588578,37.718324,36.558232,36.993267,7371800,Yahoo Finance
2007-10-25,36.993260,37.367236,36.771925,37.039051,6569800,Yahoo Finance
2007-10-26,37.107761,37.229876,35.871345,36.626934,6127600,Yahoo Finance
2007-10-29,36.810110,37.008548,36.481925,36.596409,4789800,Yahoo Finance
2007-10-30,36.459012,36.787197,36.176621,36.558231,5111300,Yahoo Finance
2007-10-31,37.054334,37.870980,36.939853,37.512268,9457100,Yahoo Finance
2007-11-01,37.260387,37.725952,37.016157,37.054317,6727600,Yahoo Finance
2007-11-02,36.855895,37.428310,36.726146,37.351986,7492800,Yahoo Finance
2007-11-05,37.016165,37.748856,37.016165,37.489361,6618400,Yahoo Finance
2007-11-06,37.512268,37.893878,37.321463,37.848083,4752000,Yahoo Finance
2007-11-07,37.970177,38.573121,37.787003,38.046497,10515700,Yahoo Finance
2007-11-08,38.229668,38.428104,37.809898,38.382313,7339100,Yahoo Finance
2007-11-09,38.313646,39.855351,38.077047,39.435577,16514700,Yahoo Finance
2007-11-12,39.290542,40.450636,39.290542,40.175877,13544100,Yahoo Finance
2007-11-13,40.298005,40.679615,40.015615,40.679615,11340300,Yahoo Finance
2007-11-14,40.847527,40.962009,40.191158,40.481182,7846700,Yahoo Finance
2007-11-15,40.236947,41.061222,40.236947,40.465912,7615200,Yahoo Finance
2007-11-16,40.656717,41.007797,40.366693,40.771198,8204700,Yahoo Finance
2007-11-19,40.641449,40.977265,40.465909,40.824623,8233200,Yahoo Finance
2007-11-20,40.809358,41.557313,40.717769,41.267288,8674200,Yahoo Finance
2007-11-21,40.992538,41.519162,40.534607,40.763573,7021500,Yahoo Finance
2007-11-23,40.954368,41.328347,40.946737,41.267288,2963700,Yahoo Finance
2007-11-26,41.267309,41.839724,40.694894,40.740688,6500600,Yahoo Finance
2007-11-27,40.870416,41.534416,40.610921,41.435200,7889600,Yahoo Finance
2007-11-28,41.664155,41.824430,40.954361,41.763374,8769300,Yahoo Finance
2007-11-29,41.709952,41.954182,41.656527,41.793903,6164600,Yahoo Finance
2007-11-30,41.938944,41.977104,41.259678,41.977104,6047100,Yahoo Finance
2007-12-03,41.442846,41.923675,41.236776,41.694710,7170700,Yahoo Finance
2007-12-04,41.419935,41.969454,41.137544,41.465729,9493200,Yahoo Finance
2007-12-05,41.931296,41.931296,41.389411,41.732861,10883600,Yahoo Finance
2007-12-06,41.641266,42.740301,41.328346,42.725037,6723600,Yahoo Finance
2007-12-07,42.717415,43.495899,42.183160,43.236404,8187700,Yahoo Finance
2007-12-10,43.236408,44.228593,43.106659,44.167534,11171800,Yahoo Finance
2007-12-11,44.144637,44.381236,43.450107,43.556957,11885800,Yahoo Finance
2007-12-12,43.701969,44.526248,43.701969,43.862247,13495200,Yahoo Finance
2007-12-13,43.579850,44.030149,43.182978,43.526424,8543000,Yahoo Finance
2007-12-14,42.946390,43.839356,42.061055,43.297470,6931000,Yahoo Finance
2007-12-17,43.022696,43.656170,43.022696,43.190605,5754600,Yahoo Finance
2007-12-18,43.419567,43.862236,42.999797,43.656166,6548300,Yahoo Finance
2007-12-19,43.579855,44.007259,42.931119,43.778294,4455600,Yahoo Finance
2007-12-20,44.007262,44.510987,43.579858,44.350712,6728800,Yahoo Finance
2007-12-21,44.381227,45.289457,44.289638,45.022331,11114800,Yahoo Finance
2007-12-24,44.846785,45.381039,44.846785,44.938374,1934400,Yahoo Finance
2007-12-26,44.938381,45.167346,44.839161,44.991806,3192300,Yahoo Finance
2007-12-27,44.419400,45.365791,44.419400,44.541515,4671800,Yahoo Finance
2007-12-28,44.388883,45.029988,44.327827,44.480469,3735400,Yahoo Finance
2007-12-31,44.266739,44.701774,44.167520,44.419384,3394900,Yahoo Finance
2008-01-02,43.648542,44.159900,43.091392,43.251667,7698700,Yahoo Finance
2008-01-03,43.312743,43.724883,43.137203,43.450123,4864000,Yahoo Finance
2008-01-04,43.167711,43.450101,42.694513,42.740307,7250600,Yahoo Finance
2008-01-07,42.389246,43.587501,42.389246,43.411961,6093200,Yahoo Finance
2008-01-08,43.541686,43.869871,42.725041,42.900581,8142700,Yahoo Finance
2008-01-09,42.808994,43.869869,42.549499,42.885315,9381400,Yahoo Finance
2008-01-10,42.671618,42.954009,42.030514,42.808998,6413600,Yahoo Finance
2008-01-11,42.503710,43.190609,42.335804,42.671619,6135400,Yahoo Finance
2008-01-14,42.931112,43.121917,42.038146,42.297638,6194000,Yahoo Finance
2008-01-15,41.984726,42.282384,41.618380,41.938934,6703900,Yahoo Finance
2008-01-16,41.671806,42.946385,41.671806,42.190796,8403500,Yahoo Finance
2008-01-17,42.389232,42.389232,41.053597,41.488632,7686000,Yahoo Finance
2008-01-18,41.702344,41.885518,40.534618,41.519173,9705200,Yahoo Finance
2008-01-22,39.305822,40.435387,38.405222,39.092121,16447400,Yahoo Finance
2008-01-23,38.023622,38.489186,36.726147,38.428127,15512200,Yahoo Finance
2008-01-24,38.443364,38.565479,37.611455,38.023594,11488400,Yahoo Finance
2008-01-25,38.069398,38.313629,37.779374,38.160984,12519600,Yahoo Finance
2008-01-28,38.084664,39.687424,37.848064,39.687424,13295200,Yahoo Finance
2008-01-29,39.855336,39.855336,38.252573,38.756298,9873700,Yahoo Finance
2008-01-30,38.550226,39.153170,38.260204,38.283100,9818900,Yahoo Finance
2008-01-31,38.214410,39.015790,37.641995,38.802090,8361900,Yahoo Finance
2008-02-01,38.809712,38.947091,37.893851,38.237297,7346800,Yahoo Finance
2008-02-04,38.092294,38.298364,38.000709,38.084663,4484300,Yahoo Finance
2008-02-05,38.206774,38.336519,37.703049,37.703049,6981300,Yahoo Finance
2008-02-06,37.886241,38.015990,37.611481,37.687805,6428300,Yahoo Finance
2008-02-07,37.474095,37.863338,37.138279,37.420670,6909700,Yahoo Finance
2008-02-08,37.290910,37.290910,36.321621,36.787186,5966200,Yahoo Finance
2008-02-11,36.787199,36.916945,36.168990,36.802464,6717800,Yahoo Finance
2008-02-12,37.000894,37.130642,36.550594,36.840618,7282300,Yahoo Finance
2008-02-13,36.329265,36.367428,33.581674,35.848438,29371900,Yahoo Finance
2008-02-14,35.787374,35.947649,35.260753,35.573673,7993500,Yahoo Finance
2008-02-15,35.367614,36.436123,35.367614,36.436123,8617000,Yahoo Finance
2008-02-19,36.779558,37.016157,36.466638,36.695606,5411200,Yahoo Finance
2008-02-20,36.489556,36.771947,36.252957,36.710888,5012100,Yahoo Finance
2008-02-21,36.764313,36.764313,36.405601,36.481922,4833500,Yahoo Finance
2008-02-22,36.626925,36.718510,35.680531,36.146095,5900800,Yahoo Finance
2008-02-25,36.100296,36.749034,36.100296,36.619286,6475100,Yahoo Finance
2008-02-26,36.512439,37.367245,36.252944,37.344349,7154700,Yahoo Finance
2008-02-27,37.245125,37.840438,37.245125,37.527515,7392400,Yahoo Finance
2008-02-28,37.329073,37.466452,36.596382,36.642174,5639700,Yahoo Finance
2008-02-29,36.314004,36.405590,35.352346,35.474461,10785100,Yahoo Finance
2008-03-03,35.283632,35.497332,34.764643,35.375217,8229300,Yahoo Finance
2008-03-04,35.115741,35.985814,35.115741,35.688156,8082300,Yahoo Finance
2008-03-05,36.085041,36.153731,35.504995,36.039249,5990500,Yahoo Finance
2008-03-06,35.932394,35.932394,34.917310,34.963104,6788000,Yahoo Finance
2008-03-07,34.802824,34.879148,34.451744,34.505169,7434000,Yahoo Finance
2008-03-10,34.467005,34.902040,34.321995,34.398315,6165400,Yahoo Finance
2008-03-11,31.024890,31.498085,28.483366,29.185530,37638000,Yahoo Finance
2008-03-12,27.285101,29.475541,26.460823,27.994896,35342400,Yahoo Finance
2008-03-13,28.773393,30.261672,28.323093,29.216059,30377600,Yahoo Finance
2008-03-14,29.490811,30.315090,27.956741,28.384142,13008400,Yahoo Finance
2008-03-17,27.369065,28.025434,25.743406,25.827360,21053600,Yahoo Finance
2008-03-18,26.178437,26.758486,25.621287,26.758486,19636900,Yahoo Finance
2008-03-19,26.346348,27.910948,26.346348,27.132463,14692900,Yahoo Finance
2008-03-20,27.269841,27.269841,26.590576,26.956921,12731500,Yahoo Finance
2008-03-24,26.964554,27.475910,26.949290,27.254576,7288100,Yahoo Finance
2008-03-25,27.025609,27.079034,26.567678,26.926390,9606500,Yahoo Finance
2008-03-26,26.903497,26.903497,25.903678,26.025793,15311800,Yahoo Finance
2008-03-27,26.140279,26.262394,25.804464,25.949474,11709500,Yahoo Finance
2008-03-28,26.132638,26.407395,25.873143,26.254753,8048500,Yahoo Finance
2008-03-31,26.277682,26.621428,25.842267,26.247126,14104200,Yahoo Finance
2008-04-01,26.621427,27.690868,26.430455,27.690868,8887700,Yahoo Finance
2008-04-02,27.347112,28.118638,27.347112,27.469334,9386800,Yahoo Finance
2008-04-03,27.026285,28.179751,27.026285,27.614477,11752400,Yahoo Finance
2008-04-04,27.614477,28.019336,27.515171,27.881836,5706400,Yahoo Finance
2008-04-07,28.065165,28.317246,27.874193,28.011690,7077800,Yahoo Finance
2008-04-08,28.019338,29.279751,27.889476,29.088779,12245600,Yahoo Finance
2008-04-09,29.241551,29.241551,28.378362,28.477665,7126600,Yahoo Finance
2008-04-10,28.256145,28.913085,27.897118,27.958227,6794700,Yahoo Finance
2008-04-11,27.881834,28.263777,27.293642,27.400585,7061600,Yahoo Finance
2008-04-14,27.385314,27.729064,27.140871,27.721426,4541600,Yahoo Finance
2008-04-15,27.599208,29.104062,27.561015,28.447123,9010100,Yahoo Finance
2008-04-16,28.470034,28.470034,27.316564,27.347120,11659600,Yahoo Finance
2008-04-17,27.286016,28.042262,27.286016,28.034624,7013500,Yahoo Finance
2008-04-18,28.141555,28.599885,27.538085,28.454748,9058800,Yahoo Finance
2008-04-21,28.294341,29.104059,28.294341,28.882534,8088300,Yahoo Finance
2008-04-22,25.750604,26.774212,25.574910,26.086716,28718500,Yahoo Finance
2008-04-23,26.017958,26.865869,25.796431,26.529760,17846700,Yahoo Finance
2008-04-24,26.354074,26.957545,25.521438,25.658937,10118800,Yahoo Finance
2008-04-25,25.826993,26.193658,25.643659,25.964493,10066100,Yahoo Finance
2008-04-28,25.972120,26.086704,25.559621,25.697121,9751200,Yahoo Finance
2008-04-29,25.567271,25.574909,25.162410,25.513800,10580800,Yahoo Finance
2008-04-30,25.666564,25.666564,24.826290,24.925596,14293400,Yahoo Finance
2008-05-01,24.994348,25.345735,24.688792,25.131847,26252600,Yahoo Finance
2008-05-02,25.215875,26.247123,25.215875,25.567265,12916900,Yahoo Finance
2008-05-05,25.636015,25.995039,25.254072,25.261709,11348000,Yahoo Finance
2008-05-06,25.261706,25.414483,24.872125,25.055456,11935500,Yahoo Finance
2008-05-07,25.009627,25.383930,24.872128,24.948515,8573600,Yahoo Finance
2008-05-08,25.017256,25.643642,24.826284,25.208227,7207100,Yahoo Finance
2008-05-09,25.276989,25.368655,24.917962,25.162405,5168500,Yahoo Finance
2008-05-12,25.345730,25.345730,24.872122,25.040174,5080700,Yahoo Finance
2008-05-13,25.063101,25.276988,24.826295,24.864489,6172000,Yahoo Finance
2008-05-14,24.856848,25.055457,24.459627,24.459627,10210200,Yahoo Finance
2008-05-15,24.520736,24.620042,24.054766,24.215183,16034800,Yahoo Finance
2008-05-16,24.528384,24.895049,24.337412,24.688799,17738000,Yahoo Finance
2008-05-19,24.887410,25.674212,24.788104,25.544350,13271900,Yahoo Finance
2008-05-20,25.704764,26.117260,25.559624,26.010317,19432000,Yahoo Finance
2008-05-21,25.972122,26.376980,25.834622,26.094343,12849000,Yahoo Finance
2008-05-22,26.354052,27.324188,25.972110,26.965160,16315500,Yahoo Finance
2008-05-23,27.117962,27.148519,26.216576,26.545048,12066300,Yahoo Finance
2008-05-27,26.499198,26.911697,26.445726,26.751282,10348000,Yahoo Finance
2008-05-28,26.766566,26.919344,26.132540,26.147818,15387500,Yahoo Finance
2008-05-29,26.048508,26.560313,25.979758,26.354063,11342700,Yahoo Finance
2008-05-30,26.415170,26.529751,26.017949,26.132530,7643400,Yahoo Finance
2008-06-02,26.140186,26.292961,25.712409,25.964493,10343700,Yahoo Finance
2008-06-03,26.002681,26.201290,25.590182,25.933931,9692600,Yahoo Finance
2008-06-04,25.911017,26.056157,25.720045,25.834629,11208500,Yahoo Finance
2008-06-05,25.872813,26.094341,25.643648,25.926285,10629800,Yahoo Finance
2008-06-06,25.758241,25.888100,25.200604,25.231157,12431000,Yahoo Finance
2008-06-09,25.238798,25.399213,25.017270,25.154770,9009800,Yahoo Finance
2008-06-10,25.215873,25.215873,24.811014,24.902679,9300200,Yahoo Finance
2008-06-11,24.818656,24.895043,24.261018,24.406157,11565800,Yahoo Finance
2008-06-12,24.474906,24.528378,23.665186,23.688103,15830200,Yahoo Finance
2008-06-13,23.145741,23.596434,22.916576,23.481852,18258400,Yahoo Finance
2008-06-16,23.413103,23.481853,22.855466,23.069355,11135300,Yahoo Finance
2008-06-17,23.130465,23.306158,22.886020,22.916576,7366800,Yahoo Finance
2008-06-18,22.893661,23.222133,22.832551,23.084633,18323000,Yahoo Finance
2008-06-19,20.701315,21.931171,20.571455,21.304785,51415000,Yahoo Finance
2008-06-20,21.266592,21.350620,20.624928,20.716595,17673700,Yahoo Finance
2008-06-23,20.800617,20.808256,20.029092,20.158953,15516700,Yahoo Finance
2008-06-24,19.975620,20.433952,19.799926,20.189508,13895800,Yahoo Finance
2008-06-25,20.227695,20.808248,20.227695,20.464500,8488200,Yahoo Finance
2008-06-26,20.227702,20.854088,19.777009,19.838120,12442100,Yahoo Finance
2008-06-27,20.090201,20.395757,19.853397,19.868675,20100800,Yahoo Finance
2008-06-30,19.899234,20.304094,19.479097,20.052011,15309500,Yahoo Finance
2008-07-01,19.952713,20.013824,19.318687,19.578407,11956400,Yahoo Finance
2008-07-02,20.640199,20.854086,19.127705,19.188816,27401600,Yahoo Finance
2008-07-03,18.715201,19.089505,17.355484,17.538816,22763500,Yahoo Finance
2008-07-07,17.347845,18.081176,17.324930,17.806177,17254000,Yahoo Finance
2008-07-08,17.401317,18.402007,17.195068,17.783260,23354900,Yahoo Finance
2008-07-09,17.836739,17.997155,17.378408,17.515907,16839800,Yahoo Finance
2008-07-10,17.492994,17.699243,16.942996,17.248550,12975200,Yahoo Finance
2008-07-11,16.622154,17.225623,16.454099,16.927708,14181300,Yahoo Finance
2008-07-14,16.950632,17.187436,16.828411,16.942993,10634900,Yahoo Finance
2008-07-15,16.736743,17.126325,16.194385,17.057575,16152700,Yahoo Finance
2008-07-16,17.111046,17.309656,16.782575,17.210352,19159200,Yahoo Finance
2008-07-17,17.263817,18.081174,17.179789,18.012424,16009900,Yahoo Finance
2008-07-18,18.119382,18.554798,17.752717,18.256882,15625200,Yahoo Finance
2008-07-21,18.432571,18.592987,18.149934,18.203405,13714500,Yahoo Finance
2008-07-22,18.638815,20.166587,18.447844,20.021448,26171000,Yahoo Finance
2008-07-23,21.327700,21.488116,20.838814,21.205479,26577700,Yahoo Finance
2008-07-24,21.190205,21.342983,20.479790,20.640207,11180800,Yahoo Finance
2008-07-25,20.640193,21.083247,20.548526,20.968664,11244200,Yahoo Finance
2008-07-28,20.983946,21.350612,20.456865,20.456865,8837000,Yahoo Finance
2008-07-29,20.510341,21.129088,20.334647,21.029783,7623700,Yahoo Finance
2008-07-30,21.121447,21.335336,20.388117,20.838810,10490000,Yahoo Finance
2008-07-31,20.716594,22.129783,20.716594,21.449924,17290000,Yahoo Finance
2008-08-01,21.381172,21.625615,20.961035,21.488115,10702100,Yahoo Finance
2008-08-04,21.923530,22.534638,21.006866,22.122139,11467400,Yahoo Finance
2008-08-05,22.122135,23.283242,22.122135,23.260326,13067600,Yahoo Finance
2008-08-06,23.229772,23.229772,22.427692,22.809635,9772900,Yahoo Finance
2008-08-07,22.756172,22.878394,22.160341,22.274923,7074200,Yahoo Finance
2008-08-08,22.358938,23.825599,22.358938,23.680460,10644200,Yahoo Finance
2008-08-11,23.733937,24.345047,23.099912,23.871437,7417400,Yahoo Finance
2008-08-12,23.978383,24.398521,23.817967,24.047132,7479300,Yahoo Finance
2008-08-13,24.054764,24.314485,23.581156,24.146431,7219400,Yahoo Finance
2008-08-14,24.222825,24.719352,23.756856,24.360325,7737000,Yahoo Finance
2008-08-15,24.398519,25.284625,23.779771,25.215876,9848100,Yahoo Finance
2008-08-18,25.399215,25.582549,24.367968,24.543663,8541000,Yahoo Finance
2008-08-19,24.421433,24.543656,22.901300,23.657547,12564800,Yahoo Finance
2008-08-20,23.642272,23.649910,22.832552,23.099913,7075300,Yahoo Finance
2008-08-21,22.992966,23.474214,22.801995,23.145742,5937900,Yahoo Finance
2008-08-22,23.267965,23.466576,23.000606,23.382549,6666400,Yahoo Finance
2008-08-25,23.321436,23.413101,22.274911,22.389494,6565400,Yahoo Finance
2008-08-26,22.381860,23.191580,22.160334,22.504082,6095000,Yahoo Finance
2008-08-27,22.496441,22.809634,22.015192,22.481163,5643500,Yahoo Finance
2008-08-28,22.572834,23.084637,22.481168,22.962416,5952400,Yahoo Finance
2008-08-29,22.947133,23.489492,22.809634,23.260326,7137300,Yahoo Finance
2008-09-02,23.290882,23.978379,22.152692,22.366581,12849800,Yahoo Finance
2008-09-03,22.290199,22.763808,22.137421,22.672142,5111300,Yahoo Finance
2008-09-04,22.580472,22.626306,21.174921,21.434643,13517500,Yahoo Finance
2008-09-05,21.312415,21.396443,20.800612,21.167276,10914200,Yahoo Finance
2008-09-08,21.892980,22.343673,21.556870,22.274923,8880900,Yahoo Finance
2008-09-09,22.206165,22.939496,21.755472,21.755472,12618500,Yahoo Finance
2008-09-10,21.778386,22.595743,21.709636,22.389494,8168400,Yahoo Finance
2008-09-11,21.786026,22.916577,21.786026,22.886021,10032900,Yahoo Finance
2008-09-12,22.916585,22.916585,22.083949,22.618670,7194800,Yahoo Finance
2008-09-15,21.984641,22.313111,21.312420,21.396448,10762700,Yahoo Finance
2008-09-16,21.182556,21.236028,19.738812,20.456865,17597900,Yahoo Finance
2008-09-17,20.242976,21.006861,19.479090,19.486729,12287900,Yahoo Finance
2008-09-18,19.746456,20.411036,19.020764,20.296453,12795600,Yahoo Finance
2008-09-19,22.870740,22.916573,20.120751,20.464500,13050400,Yahoo Finance
2008-09-22,20.624922,20.693672,19.967979,20.258257,6717500,Yahoo Finance
2008-09-23,20.067286,21.006865,19.280483,19.861036,6472000,Yahoo Finance
2008-09-24,19.868672,20.067283,19.081869,19.173536,4908000,Yahoo Finance
2008-09-25,19.242286,19.830477,19.173536,19.479090,5511600,Yahoo Finance
2008-09-26,19.097149,20.013813,19.097149,19.715897,4545800,Yahoo Finance
2008-09-29,19.295759,19.861035,16.041605,16.041605,8695700,Yahoo Finance
2008-09-30,18.088821,19.861036,18.081182,19.395065,10648200,Yahoo Finance
2008-10-01,19.838120,19.838120,18.913819,19.158262,7038900,Yahoo Finance
2008-10-02,19.165903,19.448540,18.867988,18.913820,10096200,Yahoo Finance
2008-10-03,19.142982,19.318677,18.325625,18.417292,7621800,Yahoo Finance
2008-10-06,18.157569,18.325623,16.538130,17.004101,12613300,Yahoo Finance
2008-10-07,17.187432,17.378403,15.674938,15.674938,11134900,Yahoo Finance
2008-10-08,15.476330,16.056884,14.666612,14.666612,12460900,Yahoo Finance
2008-10-09,15.377025,15.407581,13.398562,13.597171,18043400,Yahoo Finance
2008-10-10,12.703422,14.513832,11.083985,13.253421,22748600,Yahoo Finance
2008-10-13,13.795776,17.966593,13.620083,17.859648,17691700,Yahoo Finance
2008-10-14,18.570068,19.288122,17.309657,17.561739,14809700,Yahoo Finance
2008-10-15,17.248546,17.599934,16.477021,16.553410,11159000,Yahoo Finance
2008-10-16,18.042990,18.333266,15.812442,17.286741,20106300,Yahoo Finance
2008-10-17,17.561729,18.883251,17.233258,18.631168,17641700,Yahoo Finance
2008-10-20,18.806871,19.563118,18.486039,19.486729,9741400,Yahoo Finance
2008-10-21,19.204092,19.853396,19.097149,19.288120,13449800,Yahoo Finance
2008-10-22,18.104101,18.959652,17.340215,18.379099,15369300,Yahoo Finance
2008-10-23,18.531873,18.936733,16.935351,18.279791,10879900,Yahoo Finance
2008-10-24,16.942993,17.913129,16.240218,17.500629,10412300,Yahoo Finance
2008-10-27,17.042300,17.515910,15.430501,15.606194,11761500,Yahoo Finance
2008-10-28,16.247860,17.172162,15.277724,17.149246,11767800,Yahoo Finance
2008-10-29,17.042296,17.324934,16.041606,16.286049,14461400,Yahoo Finance
2008-10-30,17.332574,17.332574,16.133273,17.103407,9410800,Yahoo Finance
2008-10-31,16.858960,18.478399,16.270768,18.127010,14807400,Yahoo Finance
2008-11-03,18.088817,18.325621,17.760345,17.943678,5451000,Yahoo Finance
2008-11-04,18.562426,18.707565,17.225626,17.431875,10569500,Yahoo Finance
2008-11-05,17.248549,18.058268,17.172161,17.393688,11475300,Yahoo Finance
2008-11-06,17.263818,17.699232,16.782569,16.927708,11371800,Yahoo Finance
2008-11-07,17.118686,17.508269,16.675633,17.133965,7309700,Yahoo Finance
2008-11-10,17.202711,17.363126,16.110354,16.377714,7087800,Yahoo Finance
2008-11-11,16.102723,16.102723,14.964532,15.399947,9592200,Yahoo Finance
2008-11-12,15.277721,15.277721,14.383975,14.414531,8305500,Yahoo Finance
2008-11-13,14.498554,15.942299,13.643002,15.919382,13802000,Yahoo Finance
2008-11-14,15.483971,16.484661,15.285360,15.292999,9847900,Yahoo Finance
2008-11-17,15.071474,15.300641,14.429810,14.429810,8951100,Yahoo Finance
2008-11-18,14.192999,14.933967,13.833973,14.536748,12303900,Yahoo Finance
2008-11-19,14.445087,14.911058,13.520786,13.543701,9254900,Yahoo Finance
2008-11-20,13.444392,14.246472,12.168703,12.451340,13078000,Yahoo Finance
2008-11-21,12.772177,13.138843,11.603431,13.100648,17653300,Yahoo Finance
2008-11-24,13.421477,14.819389,13.199951,14.567307,13471700,Yahoo Finance
2008-11-25,14.964531,16.033971,14.857587,15.835361,13391300,Yahoo Finance
2008-11-26,15.224242,16.163821,15.063825,16.026321,9609700,Yahoo Finance
2008-11-28,15.896470,16.331885,15.850637,16.049248,3549700,Yahoo Finance
2008-12-01,16.553407,17.141600,15.308274,15.369385,11531800,Yahoo Finance
2008-12-02,15.659661,16.209659,14.704804,15.522161,8941500,Yahoo Finance
2008-12-03,15.155497,15.682579,14.552027,15.567995,8016700,Yahoo Finance
2008-12-04,15.308280,15.942305,14.918698,15.201335,7406500,Yahoo Finance
2008-12-05,14.911057,16.477023,14.689529,16.354801,8246800,Yahoo Finance
2008-12-08,16.790218,16.874245,15.949942,16.385359,7721800,Yahoo Finance
2008-12-09,16.217293,16.942985,15.422853,15.873546,8246400,Yahoo Finance
2008-12-10,16.041611,16.660359,15.957583,16.477026,7030600,Yahoo Finance
2008-12-11,16.278407,18.302704,16.202018,17.943678,13822100,Yahoo Finance
2008-12-12,17.431879,18.211044,17.225630,17.981878,8309400,Yahoo Finance
2008-12-15,18.065899,18.699924,17.920760,18.165205,10733200,Yahoo Finance
2008-12-16,17.615210,19.013122,17.187435,18.600624,11878600,Yahoo Finance
2008-12-17,18.302714,18.974935,18.081188,18.256882,8141000,Yahoo Finance
2008-12-18,18.455479,19.158253,18.096453,19.028393,10148800,Yahoo Finance
2008-12-19,19.112423,20.563806,19.036034,20.235334,17398000,Yahoo Finance
2008-12-22,20.220060,20.487421,19.097149,19.662424,8160500,Yahoo Finance
2008-12-23,19.807567,20.319370,19.647150,19.845760,5888900,Yahoo Finance
2008-12-24,19.983258,20.227702,19.463816,19.830481,1965700,Yahoo Finance
2008-12-26,19.922140,20.227694,19.853391,20.090195,2108200,Yahoo Finance
2008-12-29,20.174228,20.174228,19.158260,19.532564,5507900,Yahoo Finance
2008-12-30,19.723534,20.708947,19.677701,20.655476,5886600,Yahoo Finance
2008-12-31,20.670753,20.861725,20.013812,20.319366,5584600,Yahoo Finance
2009-01-02,20.395749,21.174912,20.273528,21.075607,4885900,Yahoo Finance
2009-01-05,20.930474,21.136723,20.288809,20.731863,8518900,Yahoo Finance
2009-01-06,20.708952,20.907562,19.715899,20.242981,7423000,Yahoo Finance
2009-01-07,20.403388,20.686026,19.891586,20.090195,8228400,Yahoo Finance
2009-01-08,19.937423,20.556171,19.670063,20.403393,6106900,Yahoo Finance
2009-01-09,20.433950,20.624921,19.708257,20.204784,5931400,Yahoo Finance
2009-01-12,20.304091,20.464507,19.318678,19.570761,6242600,Yahoo Finance
2009-01-13,19.036042,20.082567,18.982570,19.372152,10393800,Yahoo Finance
2009-01-14,18.867981,19.066590,18.157567,18.394371,7846700,Yahoo Finance
2009-01-15,18.379103,19.204100,18.226326,19.013128,10735100,Yahoo Finance
2009-01-16,19.395062,19.570757,18.913814,19.479090,9587900,Yahoo Finance
2009-01-20,19.410344,19.868676,18.356182,18.455486,8196900,Yahoo Finance
2009-01-21,18.493677,19.188815,18.226318,19.135342,8206400,Yahoo Finance
2009-01-22,19.433250,20.961021,19.288112,20.770050,19846600,Yahoo Finance
2009-01-23,20.754787,21.824227,19.807568,21.419369,14194800,Yahoo Finance
2009-01-26,21.511032,21.938808,21.236033,21.503393,11956600,Yahoo Finance
2009-01-27,21.595057,22.534636,21.457557,22.213804,14528200,Yahoo Finance
2009-01-28,22.618665,23.107552,22.343666,22.908941,16850900,Yahoo Finance
2009-01-29,22.672133,22.687411,21.778386,21.915886,8842900,Yahoo Finance
2009-01-30,21.969363,22.076307,21.129088,21.640892,9325100,Yahoo Finance
2009-02-02,21.388810,22.534639,21.236032,22.267279,9313100,Yahoo Finance
2009-02-03,22.618662,23.107548,21.915886,22.717966,12365200,Yahoo Finance
2009-02-04,22.763799,22.870744,21.961720,22.137413,13014100,Yahoo Finance
2009-02-05,21.892978,22.213810,21.786035,21.999922,13264500,Yahoo Finance
2009-02-06,21.977004,22.481169,21.770755,22.106865,15279600,Yahoo Finance
2009-02-09,22.626302,22.687413,22.083943,22.549913,12664700,Yahoo Finance
2009-02-10,22.358947,22.656862,21.266590,21.365894,12561200,Yahoo Finance
2009-02-11,21.236026,21.915886,21.121444,21.808941,14523700,Yahoo Finance
2009-02-12,21.236034,22.565198,21.006869,22.519363,16370900,Yahoo Finance
2009-02-13,22.473527,22.488805,21.885335,22.122139,9258200,Yahoo Finance
2009-02-17,21.533951,22.022838,20.808258,21.709644,13399000,Yahoo Finance
2009-02-18,21.724920,21.724920,21.236032,21.640892,10999400,Yahoo Finance
2009-02-19,21.831866,22.450613,21.602701,21.885338,10142100,Yahoo Finance
2009-02-20,21.488106,21.816577,21.037415,21.373524,14396200,Yahoo Finance
2009-02-23,20.319368,20.548533,17.836739,18.195765,29258700,Yahoo Finance
2009-02-24,18.157574,18.860349,18.027713,18.493683,13996100,Yahoo Finance
2009-02-25,18.409648,18.409648,17.233264,17.592291,14346100,Yahoo Finance
2009-02-26,17.829096,17.829096,14.903413,15.331189,34614900,Yahoo Finance
2009-02-27,15.422860,15.736053,14.834667,15.010361,19846800,Yahoo Finance
2009-03-02,14.658971,14.704803,12.986060,13.352725,30818800,Yahoo Finance
2009-03-03,13.551338,14.330502,12.863841,13.597171,33608100,Yahoo Finance
2009-03-04,13.833975,14.139529,13.459671,13.719391,30539200,Yahoo Finance
2009-03-05,13.383284,13.627727,12.359677,12.489537,23363700,Yahoo Finance
2009-03-06,12.657592,13.803421,12.466620,13.673560,24728700,Yahoo Finance
2009-03-09,13.497872,13.971482,13.093011,13.589539,13752500,Yahoo Finance
2009-03-10,13.474942,14.804103,13.474942,14.750631,18763300,Yahoo Finance
2009-03-11,14.834669,15.514528,14.338144,14.605504,15788800,Yahoo Finance
2009-03-12,14.536745,15.736045,14.406884,15.590906,15471200,Yahoo Finance
2009-03-13,15.667305,16.561052,15.575638,16.316608,11716000,Yahoo Finance
2009-03-16,16.522849,16.614516,15.751326,15.797158,8086100,Yahoo Finance
2009-03-17,16.125636,16.683273,15.545082,16.454107,12679300,Yahoo Finance
2009-03-18,16.286043,17.485344,16.255489,16.767292,11402800,Yahoo Finance
2009-03-19,17.027019,17.111046,16.110356,16.270771,8968000,Yahoo Finance
2009-03-20,16.583965,16.698549,15.468692,15.758968,13299800,Yahoo Finance
2009-03-23,16.194376,16.858956,15.690212,16.843678,10350900,Yahoo Finance
2009-03-24,16.561048,16.805491,16.125633,16.133272,8353700,Yahoo Finance
2009-03-25,16.263136,16.553412,15.743693,16.179108,14040500,Yahoo Finance
2009-03-26,16.171460,16.652707,15.942295,16.515209,12733100,Yahoo Finance
2009-03-27,16.270769,16.461740,15.965215,16.102715,6794600,Yahoo Finance
2009-03-30,15.621472,15.942304,15.399944,15.690222,8537100,Yahoo Finance
2009-03-31,15.950320,16.539373,15.759069,16.011520,9877800,Yahoo Finance
2009-04-01,15.766713,16.141564,15.185310,15.820263,12819300,Yahoo Finance
2009-04-02,16.195128,16.646481,15.935027,16.118628,14884600,Yahoo Finance
2009-04-03,16.103320,16.447572,15.407167,15.713169,9655100,Yahoo Finance
2009-04-06,15.552516,16.868321,15.491316,16.776522,12855600,Yahoo Finance
2009-04-07,16.371071,18.176480,15.835570,17.939329,21519900,Yahoo Finance
2009-04-08,18.451882,18.658432,17.250826,17.487978,15949800,Yahoo Finance
2009-04-09,18.023483,18.291235,17.595081,18.252985,8783700,Yahoo Finance
2009-04-13,18.451879,18.803779,17.977576,18.643129,10678000,Yahoo Finance
2009-04-14,18.497780,19.025632,18.115278,18.742580,11141200,Yahoo Finance
2009-04-15,18.620183,19.775338,18.421282,19.209236,15740600,Yahoo Finance
2009-04-16,19.369885,19.966588,18.107630,18.635483,12370500,Yahoo Finance
2009-04-17,18.604879,18.666079,17.671576,18.467178,13915400,Yahoo Finance
2009-04-20,17.992878,19.025633,17.992878,18.520729,9951200,Yahoo Finance
2009-04-21,19.415791,19.668242,17.380881,17.442081,23880900,Yahoo Finance
2009-04-22,17.487973,18.077025,17.212572,17.449722,17248100,Yahoo Finance
2009-04-23,17.671576,18.015827,16.791823,17.717476,15036800,Yahoo Finance
2009-04-24,17.924028,18.061729,17.258474,17.640976,14607200,Yahoo Finance
2009-04-27,17.748077,18.023477,17.388525,17.602726,11906800,Yahoo Finance
2009-04-28,17.595076,18.773182,17.357925,18.275928,14061200,Yahoo Finance
2009-04-29,18.398329,18.551330,17.801627,18.260630,11349100,Yahoo Finance
2009-04-30,18.666082,18.711982,17.878130,17.992880,10722700,Yahoo Finance
2009-05-01,18.023477,18.038777,17.396174,17.572124,10355700,Yahoo Finance
2009-05-04,17.579777,18.176481,17.442077,18.145880,9592300,Yahoo Finance
2009-05-05,18.069380,19.645287,18.069380,19.553486,13811900,Yahoo Finance
2009-05-06,19.691187,19.890088,19.316336,19.836538,9675400,Yahoo Finance
2009-05-07,19.737081,21.817890,19.737081,21.718439,17479200,Yahoo Finance
2009-05-08,21.986189,22.712942,21.833189,22.085640,17012400,Yahoo Finance
2009-05-11,21.618986,21.825537,20.961083,21.106434,9914700,Yahoo Finance
2009-05-12,20.700988,21.267090,20.173137,20.899889,9918900,Yahoo Finance
2009-05-13,20.708636,21.649590,20.272585,21.159988,9800700,Yahoo Finance
2009-05-14,21.167640,21.580741,20.670388,21.267090,6013100,Yahoo Finance
2009-05-15,21.221197,21.986200,20.785145,21.045246,8907900,Yahoo Finance
2009-05-18,21.182946,21.290046,20.349092,21.274746,10816500,Yahoo Finance
2009-05-19,21.198243,21.580745,20.846342,21.006992,6927600,Yahoo Finance
2009-05-20,21.175290,21.710792,20.754538,21.251791,9396300,Yahoo Finance
2009-05-21,20.930491,21.779644,20.379688,20.593889,9292300,Yahoo Finance
2009-05-22,20.616840,20.915191,19.989536,20.119587,6591500,Yahoo Finance
2009-05-26,20.050732,20.968736,19.782982,20.800436,10316400,Yahoo Finance
2009-05-27,20.616841,21.305343,20.586240,21.029942,7596100,Yahoo Finance
2009-05-28,21.006986,21.703140,20.708635,20.800436,9964100,Yahoo Finance
2009-05-29,20.861643,20.945792,19.890088,20.349091,11723600,Yahoo Finance
2009-06-01,20.578590,21.159992,20.394989,21.037592,8330000,Yahoo Finance
2009-06-02,21.205893,21.749046,20.746892,21.496595,9444800,Yahoo Finance
2009-06-03,20.876942,21.297693,20.349089,21.037592,11787700,Yahoo Finance
2009-06-04,21.213536,21.366537,20.670384,20.861635,6605900,Yahoo Finance
2009-06-05,21.137043,21.228844,20.127239,20.731592,8517500,Yahoo Finance
2009-06-08,20.647437,20.655087,19.629982,19.928333,10476700,Yahoo Finance
2009-06-09,20.180789,20.249640,19.400487,19.874788,12179500,Yahoo Finance
2009-06-10,19.905382,20.104283,19.446380,19.683531,9867400,Yahoo Finance
2009-06-11,18.168840,18.612542,17.771037,18.398340,31038100,Yahoo Finance
2009-06-12,18.207078,18.689031,17.962277,18.520729,15141300,Yahoo Finance
2009-06-15,18.367731,18.482481,17.924029,17.985229,13557500,Yahoo Finance
2009-06-16,18.092324,19.040928,17.801623,18.375376,14164100,Yahoo Finance
2009-06-17,18.383026,18.857327,18.230025,18.375376,12144300,Yahoo Finance
2009-06-18,18.421284,19.645290,18.337133,19.469339,16954800,Yahoo Finance
2009-06-19,19.836536,20.257288,19.140384,19.454035,21833600,Yahoo Finance
2009-06-22,19.193937,19.262787,18.719634,18.788485,9727600,Yahoo Finance
2009-06-23,18.734931,19.408135,18.505430,18.773182,9052100,Yahoo Finance
2009-06-24,18.819083,19.385185,18.635482,18.979733,9147500,Yahoo Finance
2009-06-25,18.849680,19.821235,18.780830,19.117432,14774400,Yahoo Finance
2009-06-26,19.071529,19.308680,18.780827,18.949129,15564900,Yahoo Finance
2009-06-29,18.972082,19.308684,18.734932,19.216885,7976400,Yahoo Finance
2009-06-30,19.132738,19.469340,18.842035,19.109787,10177400,Yahoo Finance
2009-07-01,19.193932,19.492283,18.857330,19.247482,6875300,Yahoo Finance
2009-07-02,19.071537,19.209238,18.275933,18.291233,10398500,Yahoo Finance
2009-07-06,18.291233,18.574285,18.122933,18.428934,7908100,Yahoo Finance
2009-07-07,18.398332,20.127240,18.360082,19.255136,19892000,Yahoo Finance
2009-07-08,19.323983,19.400484,18.291228,18.872631,11864900,Yahoo Finance
2009-07-09,19.033279,19.584082,18.528377,19.079180,8967800,Yahoo Finance
2009-07-10,19.048581,19.431083,18.658430,18.872631,5621200,Yahoo Finance
2009-07-13,18.910885,19.216887,18.566634,19.132736,5801600,Yahoo Finance
2009-07-14,19.561131,19.683531,18.826729,18.949129,9708400,Yahoo Finance
2009-07-15,19.170971,19.193922,18.474819,19.056221,12532300,Yahoo Finance
2009-07-16,18.972082,19.545834,18.604880,19.316334,11892400,Yahoo Finance
2009-07-17,19.323982,19.507583,18.964431,19.193932,9050100,Yahoo Finance
2009-07-20,19.316339,19.316339,18.635486,19.002687,8006700,Yahoo Finance
2009-07-21,19.492288,19.790640,19.086837,19.576439,12851000,Yahoo Finance
2009-07-22,19.591733,20.349086,19.408132,19.890083,11307100,Yahoo Finance
2009-07-23,20.081340,20.915194,19.920690,20.693342,9955300,Yahoo Finance
2009-07-24,20.831039,21.060540,19.890085,20.899889,7961000,Yahoo Finance
2009-07-27,20.723944,21.573098,20.700993,21.129396,7030300,Yahoo Finance
2009-07-28,21.251794,22.728249,21.006992,22.246298,17732800,Yahoo Finance
2009-07-29,21.825543,22.644096,21.573092,21.733742,17007300,Yahoo Finance
2009-07-30,22.062698,22.192748,21.228844,21.496595,13690200,Yahoo Finance
2009-07-31,21.481294,21.695496,21.221193,21.465994,8317500,Yahoo Finance
2009-08-03,21.680185,21.726085,20.708631,20.930483,12181300,Yahoo Finance
2009-08-04,20.800437,21.022287,20.272584,20.601536,8508800,Yahoo Finance
2009-08-05,20.563286,20.570936,19.920684,20.027784,7892500,Yahoo Finance
2009-08-06,20.096640,20.234341,19.446387,19.874788,11043400,Yahoo Finance
2009-08-07,19.951287,20.387339,19.882437,20.280239,8506500,Yahoo Finance
2009-08-10,20.249642,20.762195,20.027792,20.708645,7705000,Yahoo Finance
2009-08-11,20.700986,21.389489,20.502085,21.282389,11762400,Yahoo Finance
2009-08-12,21.236493,21.511894,21.037592,21.259443,6901500,Yahoo Finance
2009-08-13,21.144689,21.741392,20.800438,21.703142,7858600,Yahoo Finance
2009-08-14,21.481294,21.794946,21.121743,21.465994,6718400,Yahoo Finance
2009-08-17,21.205894,22.697651,21.205894,21.787296,14909500,Yahoo Finance
2009-08-18,21.710791,21.787291,21.267089,21.557791,8269600,Yahoo Finance
2009-08-19,21.228839,21.641942,21.121739,21.557791,7561900,Yahoo Finance
2009-08-20,21.465988,22.139192,21.435389,21.718439,8741100,Yahoo Finance
2009-08-21,21.970896,22.223347,21.626646,22.123898,8182700,Yahoo Finance
2009-08-24,22.253946,22.735897,21.840843,22.712948,11908000,Yahoo Finance
2009-08-25,22.774147,22.950097,22.322795,22.888897,10207500,Yahoo Finance
2009-08-26,22.820045,22.827695,22.039741,22.131542,10143100,Yahoo Finance
2009-08-27,22.047397,22.345748,21.817897,22.139198,7784000,Yahoo Finance
2009-08-28,22.261594,22.284543,21.404790,21.557791,9074200,Yahoo Finance
2009-08-31,21.397141,22.024445,21.190591,21.420092,7603900,Yahoo Finance
2009-09-01,21.374188,21.779639,20.861636,20.907536,10171000,Yahoo Finance
2009-09-02,20.938146,22.284550,20.930495,21.924999,14380400,Yahoo Finance
2009-09-03,22.139190,22.261590,21.443037,22.085640,10479600,Yahoo Finance
2009-09-04,22.032102,22.376354,21.840851,22.093302,5837100,Yahoo Finance
2009-09-08,22.177447,22.185097,21.106442,21.297693,13752600,Yahoo Finance
2009-09-09,21.435393,21.756694,21.190592,21.726093,10975000,Yahoo Finance
2009-09-10,21.534838,22.322791,21.458337,22.269241,9136500,Yahoo Finance
2009-09-11,22.276900,22.498751,22.009149,22.238649,5430600,Yahoo Finance
2009-09-14,22.070340,22.315141,21.749039,22.001490,7354500,Yahoo Finance
2009-09-15,22.047399,22.055049,21.159995,21.190596,13570400,Yahoo Finance
2009-09-16,21.381844,22.445198,21.274742,22.406948,14119100,Yahoo Finance
2009-09-17,22.529345,22.858295,22.284543,22.445194,11461300,Yahoo Finance
2009-09-18,22.100945,22.383997,21.733744,21.863794,15698600,Yahoo Finance
2009-09-21,21.764345,22.139196,21.588393,21.871445,8258400,Yahoo Finance
2009-09-22,21.970890,22.016792,21.045237,21.098787,12943800,Yahoo Finance
2009-09-23,21.305350,21.305350,20.372044,20.410295,15226100,Yahoo Finance
2009-09-24,20.448536,20.685688,19.874783,19.913034,13992100,Yahoo Finance
2009-09-25,19.897741,20.027792,19.224538,19.385189,16839100,Yahoo Finance
2009-09-28,19.461679,19.958931,19.400479,19.737080,8795400,Yahoo Finance
2009-09-29,19.828891,20.226693,19.079188,19.645290,23216300,Yahoo Finance
2009-09-30,19.239827,19.584079,18.757876,19.155678,22933900,Yahoo Finance
2009-10-01,19.040933,19.614685,18.895583,18.964434,17202100,Yahoo Finance
2009-10-02,18.880290,19.056241,18.321838,18.574289,11219600,Yahoo Finance
2009-10-05,18.650788,18.742589,18.321837,18.390688,12436800,Yahoo Finance
2009-10-06,18.711980,18.811431,18.222378,18.650780,11192200,Yahoo Finance
2009-10-07,18.681375,19.385178,18.666075,19.163326,12081700,Yahoo Finance
2009-10-08,18.581932,18.689032,17.977579,18.482481,24531700,Yahoo Finance
2009-10-09,18.704331,19.163332,18.673730,18.872631,16555000,Yahoo Finance
2009-10-12,18.979732,19.522885,18.979732,19.301033,13952400,Yahoo Finance
2009-10-13,19.255124,19.255124,18.329470,18.581923,19003700,Yahoo Finance
2009-10-14,18.834384,19.071535,18.627833,19.025635,9801800,Yahoo Finance
2009-10-15,18.949130,19.056230,18.650778,18.780828,11123600,Yahoo Finance
2009-10-16,18.903232,19.094483,18.612531,18.704332,12367000,Yahoo Finance
2009-10-19,18.796133,19.117435,18.673733,19.063885,10270400,Yahoo Finance
2009-10-20,19.645286,20.287889,19.507585,19.859486,21392200,Yahoo Finance
2009-10-21,19.867136,19.943637,19.148034,19.216885,11959800,Yahoo Finance
2009-10-22,19.163334,19.890087,19.140385,19.668236,13756100,Yahoo Finance
2009-10-23,19.966584,20.058384,19.584083,19.775333,8293000,Yahoo Finance
2009-10-26,19.836539,20.035440,19.346937,19.362236,14347500,Yahoo Finance
2009-10-27,19.354590,20.502095,19.270440,20.272594,20485300,Yahoo Finance
2009-10-28,20.111943,20.280243,19.744740,19.798290,11505700,Yahoo Finance
2009-10-29,19.935983,20.341435,19.890083,20.249634,13044200,Yahoo Finance
2009-10-30,20.134886,20.494438,19.813584,19.851835,11745700,Yahoo Finance
2009-11-02,19.905390,20.356743,19.614688,20.211391,8189400,Yahoo Finance
2009-11-03,20.333790,20.655091,20.088989,20.586241,11443700,Yahoo Finance
2009-11-04,21.129395,22.154499,21.129395,21.320646,22424700,Yahoo Finance
2009-11-05,21.381840,21.710791,21.167639,21.580740,11991700,Yahoo Finance
2009-11-06,21.496592,21.986194,21.267090,21.932644,11891400,Yahoo Finance
2009-11-09,21.657238,22.368691,21.573089,22.284540,11751800,Yahoo Finance
2009-11-10,22.185096,22.322797,21.894396,22.162146,8063300,Yahoo Finance
2009-11-11,22.177445,22.514047,21.924994,22.468147,8794200,Yahoo Finance
2009-11-12,22.514042,22.514042,21.947940,22.001490,8428600,Yahoo Finance
2009-11-13,22.093297,22.452849,22.070347,22.246298,6267600,Yahoo Finance
2009-11-16,22.361051,22.567602,22.146851,22.299850,8281300,Yahoo Finance
2009-11-17,22.154495,22.322797,22.024446,22.162146,6103400,Yahoo Finance
2009-11-18,22.162139,22.269241,21.917338,22.085640,7327600,Yahoo Finance
2009-11-19,21.924997,21.970897,21.320645,21.902046,6991000,Yahoo Finance
2009-11-20,21.649591,22.009143,21.649591,21.848492,9008200,Yahoo Finance
2009-11-23,22.139198,22.628800,22.131548,22.246298,9622100,Yahoo Finance
2009-11-24,22.437552,22.712954,22.070351,22.613503,7241100,Yahoo Finance
2009-11-25,22.628801,22.751202,22.468151,22.598202,8060900,Yahoo Finance
2009-11-27,22.177446,22.674698,21.955596,22.521698,5456500,Yahoo Finance
2009-11-30,22.521697,22.559946,21.802593,21.932644,12634400,Yahoo Finance
2009-12-01,22.185092,22.330443,21.902040,21.955591,9705800,Yahoo Finance
2009-12-02,21.970891,22.032091,21.542490,21.641941,11500500,Yahoo Finance
2009-12-03,21.626639,21.771988,20.884585,20.907536,15325700,Yahoo Finance
2009-12-04,21.152343,21.458344,20.884592,21.006992,11814700,Yahoo Finance
2009-12-07,21.068192,21.779644,21.052892,21.649593,11281000,Yahoo Finance
2009-12-08,21.542486,22.123888,21.473635,21.771986,15897400,Yahoo Finance
2009-12-09,22.093292,22.644095,21.519539,21.802591,19103600,Yahoo Finance
2009-12-10,21.970897,23.500903,21.833197,23.187252,27521700,Yahoo Finance
2009-12-11,23.279049,23.745702,23.256099,23.317299,19072800,Yahoo Finance
2009-12-14,23.623311,23.898713,23.531512,23.676863,20357700,Yahoo Finance
2009-12-15,23.638600,24.005802,23.623300,23.959902,28990900,Yahoo Finance
2009-12-16,24.097605,24.724908,24.028755,24.633108,34897200,Yahoo Finance
2009-12-17,24.548951,24.732553,23.952248,24.342400,14802800,Yahoo Finance
2009-12-18,24.388306,24.480107,23.776304,24.128206,15694400,Yahoo Finance
2009-12-21,24.457161,25.436366,24.418911,24.610161,24416000,Yahoo Finance
2009-12-22,24.778457,24.870257,24.617807,24.724907,10356400,Yahoo Finance
2009-12-23,24.656051,24.977353,24.112899,24.189400,9500100,Yahoo Finance
2009-12-24,24.395962,24.403612,23.906360,24.235312,4963400,Yahoo Finance
2009-12-28,24.120556,24.357707,23.776304,24.013454,7968700,Yahoo Finance
2009-12-29,23.783952,24.067002,23.500900,23.600351,9200000,Yahoo Finance
2009-12-30,23.600349,23.722750,23.409099,23.722750,5806300,Yahoo Finance
2009-12-31,23.676851,23.829851,23.294350,23.317299,5354200,Yahoo Finance
2010-01-04,24.005804,24.174106,23.692153,24.120556,12199500,Yahoo Finance
2010-01-05,24.273555,24.457155,23.929304,24.082304,11180700,Yahoo Finance
2010-01-06,24.174111,24.526013,24.028760,24.319462,9761100,Yahoo Finance
2010-01-07,24.166458,25.283363,24.166458,25.252762,11789800,Yahoo Finance
2010-01-08,25.138008,25.183907,24.740206,25.015608,7228700,Yahoo Finance
2010-01-11,25.023260,25.344563,25.015612,25.183910,7206900,Yahoo Finance
2010-01-12,25.015612,25.176262,24.128208,24.518358,13121500,Yahoo Finance
2010-01-13,24.472453,24.900854,24.235302,24.893206,8797200,Yahoo Finance
2010-01-14,25.000308,25.497562,24.732558,25.489910,8818300,Yahoo Finance
2010-01-15,25.658211,26.002463,25.321608,25.818861,19382000,Yahoo Finance
2010-01-19,26.438517,27.463622,26.392616,26.874569,26477900,Yahoo Finance
2010-01-20,27.494222,27.593674,26.231969,26.430868,26854700,Yahoo Finance
2010-01-21,27.104063,27.302962,25.245105,25.321604,29192700,Yahoo Finance
2010-01-22,25.872414,26.094266,25.321610,25.367512,21021600,Yahoo Finance
2010-01-25,25.673507,25.795907,25.214503,25.245104,10925800,Yahoo Finance
2010-01-26,24.870248,25.176250,24.816698,24.816698,11057200,Yahoo Finance
2010-01-27,24.740205,25.650558,24.564255,25.428709,14387100,Yahoo Finance
2010-01-28,25.497559,26.078961,25.275708,25.574059,16742100,Yahoo Finance
2010-01-29,25.566404,25.857106,25.214503,25.245104,11931500,Yahoo Finance
2010-02-01,25.268057,25.558759,24.648406,25.344559,13710200,Yahoo Finance
2010-02-02,25.352210,26.101913,25.191560,26.048363,12114600,Yahoo Finance
2010-02-03,26.048362,26.048362,25.107408,25.489910,8410400,Yahoo Finance
2010-02-04,25.428713,25.428713,24.778458,24.832008,10648500,Yahoo Finance
2010-02-05,24.801403,24.962056,24.357703,24.893206,12666000,Yahoo Finance
2010-02-08,24.656058,25.206861,24.656058,24.793758,9558200,Yahoo Finance
2010-02-09,25.030904,25.291005,24.480101,25.245104,11236500,Yahoo Finance
2010-02-10,25.245112,25.375161,24.709609,25.023260,10755200,Yahoo Finance
2010-02-11,25.023250,25.398102,24.816698,25.336901,7857600,Yahoo Finance
2010-02-12,25.076806,25.130356,24.503054,24.617805,11688700,Yahoo Finance
2010-02-16,24.732562,24.939111,24.013457,24.197058,13934200,Yahoo Finance
2010-02-17,24.235310,25.405764,24.235310,24.900862,11690900,Yahoo Finance
2010-02-18,24.656059,25.237463,24.571908,25.007959,10327100,Yahoo Finance
2010-02-19,24.801406,25.069159,24.350055,24.434206,11508200,Yahoo Finance
2010-02-22,24.564255,25.336907,24.388303,25.306309,16338800,Yahoo Finance
2010-02-23,25.145658,25.375159,24.755508,25.099760,10746500,Yahoo Finance
2010-02-24,25.153305,25.750007,24.755503,25.719406,10982600,Yahoo Finance
2010-02-25,25.489904,25.994806,25.122703,25.589355,14779500,Yahoo Finance
2010-02-26,25.642912,26.239614,25.520512,25.903013,9684700,Yahoo Finance
2010-03-01,26.010113,26.560917,25.650561,26.040714,10970800,Yahoo Finance
2010-03-02,26.094265,26.293165,25.711763,25.971865,7081500,Yahoo Finance
2010-03-03,26.048365,26.277865,25.834165,26.086615,8089700,Yahoo Finance
2010-03-04,26.048356,26.086606,24.801400,25.206854,17386600,Yahoo Finance
2010-03-05,25.268060,25.849464,25.214510,25.811214,8133300,Yahoo Finance
2010-03-08,25.811208,25.887707,25.268054,25.321604,7734800,Yahoo Finance
2010-03-09,25.382808,25.589359,25.298657,25.306309,8770800,Yahoo Finance
2010-03-10,25.260407,25.665858,25.199206,25.428709,7419000,Yahoo Finance
2010-03-11,25.313952,25.673505,25.199201,25.627604,14678000,Yahoo Finance
2010-03-12,25.765311,25.811212,25.076807,25.176258,9450400,Yahoo Finance
2010-03-15,25.076810,25.076810,24.426558,24.885559,13520100,Yahoo Finance
2010-03-16,24.594858,25.329261,24.548957,25.283360,12932100,Yahoo Finance
2010-03-17,25.367509,25.367509,24.679005,25.053858,10614400,Yahoo Finance
2010-03-18,24.832008,25.772962,24.464807,25.696463,15407200,Yahoo Finance
2010-03-19,26.308462,26.545614,25.795911,26.308462,21827600,Yahoo Finance
2010-03-22,26.369663,26.897514,25.405757,25.474607,20218800,Yahoo Finance
2010-03-23,25.520513,25.597012,25.214510,25.367512,11409500,Yahoo Finance
2010-03-24,25.352209,25.505210,25.030909,25.030909,10825800,Yahoo Finance
2010-03-25,25.061499,25.444001,24.939099,25.336901,14786200,Yahoo Finance
2010-03-26,25.321605,25.451657,24.939103,24.962055,8751000,Yahoo Finance
2010-03-29,24.985003,25.260404,24.877903,25.122704,7967200,Yahoo Finance
2010-03-30,25.084461,25.466962,24.939108,25.291012,7253100,Yahoo Finance
2010-03-31,25.168604,25.329254,24.862602,24.992651,6961600,Yahoo Finance
2010-04-01,25.115174,25.260660,24.900777,25.260660,6713400,Yahoo Finance
2010-04-05,25.360201,25.436773,25.092204,25.375515,6722000,Yahoo Finance
2010-04-06,25.475056,26.034021,25.459741,25.582254,9430900,Yahoo Finance
2010-04-07,25.674139,25.674139,25.069233,25.214716,8395900,Yahoo Finance
2010-04-08,25.145793,25.237677,24.655742,24.977337,11174600,Yahoo Finance
2010-04-09,25.007973,25.046257,24.203981,24.701689,12831400,Yahoo Finance
2010-04-12,24.640434,24.793576,24.510262,24.701689,8763300,Yahoo Finance
2010-04-13,24.839519,25.023290,24.372439,24.625122,11119100,Yahoo Finance
2010-04-14,24.586831,24.594486,23.690954,23.775181,16499100,Yahoo Finance
2010-04-15,23.790498,23.966610,23.032449,23.453587,25271500,Yahoo Finance
2010-04-16,23.384674,23.821126,23.231532,23.530157,15355500,Yahoo Finance
2010-04-19,23.399990,24.249925,23.399990,23.913013,13524400,Yahoo Finance
2010-04-20,24.671062,24.678717,23.170276,23.721584,26564000,Yahoo Finance
2010-04-21,23.844100,24.081470,23.040108,23.170279,13735400,Yahoo Finance
2010-04-22,23.162626,23.369367,22.879314,23.323423,14148700,Yahoo Finance
2010-04-23,23.208568,23.713935,23.185598,23.698622,14799000,Yahoo Finance
2010-04-26,23.828788,23.851758,22.741485,22.856340,16596800,Yahoo Finance
2010-04-27,22.848677,23.246845,22.680223,22.818048,16204300,Yahoo Finance
2010-04-28,22.917587,23.445925,22.749131,23.308098,13270600,Yahoo Finance
2010-04-29,23.591416,24.303523,23.576103,23.966612,13609500,Yahoo Finance
2010-04-30,23.997239,23.997239,23.139647,23.208561,15545900,Yahoo Finance
2010-05-03,23.354048,23.415304,22.886967,23.170279,9553500,Yahoo Finance
2010-05-04,22.978852,23.009480,22.419887,22.580685,11745200,Yahoo Finance
2010-05-05,22.389258,23.047766,22.312687,22.971195,11359500,Yahoo Finance
2010-05-06,23.086050,23.177936,21.416810,22.389257,10439100,Yahoo Finance
2010-05-07,22.243767,22.419880,21.631202,22.220797,14194800,Yahoo Finance
2010-05-10,22.190175,23.017138,22.144233,22.879311,9059800,Yahoo Finance
2010-05-11,22.825711,23.032453,22.626628,22.856340,9614100,Yahoo Finance
2010-05-12,22.856332,23.262155,22.810390,23.216213,11345400,Yahoo Finance
2010-05-13,23.124335,23.300447,22.917594,23.109020,7148300,Yahoo Finance
2010-05-14,22.948222,23.338733,22.634283,23.269819,12201000,Yahoo Finance
2010-05-17,23.331068,23.530152,22.871646,23.308098,8658100,Yahoo Finance
2010-05-18,23.377018,23.537815,23.032449,23.109020,8907900,Yahoo Finance
2010-05-19,23.055425,23.162623,22.779770,22.963539,10096000,Yahoo Finance
2010-05-20,22.603653,22.703194,22.167200,22.174856,10194300,Yahoo Finance
2010-05-21,21.853264,22.259087,21.562294,21.975777,11502800,Yahoo Finance
2010-05-24,21.891546,22.343313,21.569949,22.075315,7996700,Yahoo Finance
2010-05-25,21.692463,22.121259,21.524009,22.105946,8547300,Yahoo Finance
2010-05-26,22.243775,22.626629,22.029379,22.044693,9613100,Yahoo Finance
2010-05-27,22.442859,22.450516,22.090634,22.450516,6502100,Yahoo Finance
2010-05-28,22.427539,22.519423,22.090628,22.259083,11697300,Yahoo Finance
2010-06-01,22.343312,22.672566,22.121257,22.190170,8178500,Yahoo Finance
2010-06-02,22.297370,22.925249,22.105943,22.902277,7967800,Yahoo Finance
2010-06-03,23.006079,23.444363,22.806160,23.421295,8064800,Yahoo Finance
2010-06-04,23.136801,24.305560,22.983016,23.329031,16676300,Yahoo Finance
2010-06-07,23.428985,23.890337,22.544727,23.421295,16847400,Yahoo Finance
2010-06-08,23.398239,23.921105,23.267523,23.751942,18435500,Yahoo Finance
2010-06-09,23.751931,23.959539,23.413607,23.475121,10126400,Yahoo Finance
2010-06-10,23.775010,23.928795,23.236766,23.605848,11766600,Yahoo Finance
2010-06-11,23.452055,23.705798,23.167554,23.582771,9072700,Yahoo Finance
2010-06-14,23.621218,23.790382,23.490502,23.521259,8390100,Yahoo Finance
2010-06-15,23.759621,23.997986,23.651973,23.982609,9569200,Yahoo Finance
2010-06-16,23.713489,24.320935,23.713489,24.136395,10152000,Yahoo Finance
2010-06-17,24.251731,24.251731,23.967230,24.220974,9370800,Yahoo Finance
2010-06-18,24.220972,24.313243,23.990297,24.090256,10243000,Yahoo Finance
2010-06-21,24.305555,24.451648,23.874959,23.951851,7110500,Yahoo Finance
2010-06-22,23.921097,24.097948,23.513569,23.559704,6578200,Yahoo Finance
2010-06-23,23.659663,23.775001,23.159865,23.229067,8358400,Yahoo Finance
2010-06-24,23.129107,23.182931,22.783092,22.883053,8952600,Yahoo Finance
2010-06-25,22.875364,23.152175,22.744647,22.975323,14216100,Yahoo Finance
2010-06-28,22.967635,23.321337,22.390945,22.444769,9883000,Yahoo Finance
2010-06-29,22.206400,22.321739,21.883453,22.014170,14389900,Yahoo Finance
2010-06-30,21.921904,22.114134,21.768119,21.837322,11078500,Yahoo Finance
2010-07-01,21.768122,21.768122,20.860796,21.414419,15600900,Yahoo Finance
2010-07-02,21.445178,21.875774,21.368287,21.760435,9312900,Yahoo Finance
2010-07-06,21.906519,22.344803,21.752736,22.214087,13395000,Yahoo Finance
2010-07-07,22.283290,22.490899,22.144885,22.452454,8978500,Yahoo Finance
2010-07-08,22.544739,22.983023,22.490914,22.821550,8996400,Yahoo Finance
2010-07-09,22.875367,23.167556,22.698516,23.044529,6971100,Yahoo Finance
2010-07-12,22.998396,23.121423,22.767720,23.098356,8901800,Yahoo Finance
2010-07-13,23.252141,23.275210,22.913816,23.175249,6905100,Yahoo Finance
2010-07-14,23.067596,23.367474,22.898434,23.313650,4711100,Yahoo Finance
2010-07-15,23.313660,23.782702,23.159877,23.744255,9214500,Yahoo Finance
2010-07-16,23.628909,23.928789,23.182936,23.329031,9411300,Yahoo Finance
2010-07-19,23.436681,23.805763,23.290588,23.698114,8575500,Yahoo Finance
2010-07-20,24.105638,24.213286,23.252136,23.705799,13493900,Yahoo Finance
2010-07-21,23.721186,23.936483,23.513577,23.605848,8884400,Yahoo Finance
2010-07-22,23.905715,23.990296,23.567389,23.836512,9202600,Yahoo Finance
2010-07-23,23.836523,24.028753,23.636603,23.775009,5746700,Yahoo Finance
2010-07-26,23.713484,24.213281,23.713484,24.197903,5479000,Yahoo Finance
2010-07-27,24.244046,24.390140,23.552017,23.667356,11856600,Yahoo Finance
2010-07-28,23.675044,23.775003,23.182935,23.321341,7981800,Yahoo Finance
2010-07-29,23.444369,23.744248,23.098356,23.405924,5540300,Yahoo Finance
2010-07-30,23.221377,23.590458,23.021457,23.413607,4893200,Yahoo Finance
2010-08-02,23.751930,24.267107,23.705796,24.174837,7440900,Yahoo Finance
2010-08-03,24.136394,25.051411,24.044125,24.928381,9954200,Yahoo Finance
2010-08-04,24.936075,25.558902,24.913009,25.305157,9379500,Yahoo Finance
2010-08-05,25.189817,25.751131,25.128305,25.697304,7829600,Yahoo Finance
2010-08-06,25.435872,25.797262,25.343599,25.720371,7479400,Yahoo Finance
2010-08-09,25.758823,25.981810,25.651174,25.751135,6059400,Yahoo Finance
2010-08-10,25.605030,25.851084,25.343597,25.628099,7957600,Yahoo Finance
2010-08-11,25.259024,25.489702,24.405524,24.597754,17250600,Yahoo Finance
2010-08-12,24.382449,24.789978,24.274800,24.705397,8998000,Yahoo Finance
2010-08-13,24.613125,24.751531,24.336315,24.628504,6868600,Yahoo Finance
2010-08-16,24.490096,24.597744,24.121015,24.528542,5231900,Yahoo Finance
2010-08-17,24.782292,25.051415,24.590062,24.874561,5544800,Yahoo Finance
2010-08-18,24.820740,25.343605,24.697712,25.020660,6444900,Yahoo Finance
2010-08-19,24.889932,24.966826,24.420892,24.443960,7067700,Yahoo Finance
2010-08-20,24.413202,24.474715,24.136390,24.305553,5330200,Yahoo Finance
2010-08-23,24.320933,24.736149,24.197906,24.220974,5077300,Yahoo Finance
2010-08-24,23.990298,24.159460,23.728866,23.867271,7509700,Yahoo Finance
2010-08-25,23.782696,24.797670,23.698114,24.574682,10921200,Yahoo Finance
2010-08-26,24.636192,24.905313,24.490097,24.490097,9944700,Yahoo Finance
2010-08-27,24.574678,24.928380,24.205596,24.889935,7051400,Yahoo Finance
2010-08-30,24.859176,24.974512,24.513160,24.536228,7173200,Yahoo Finance
2010-08-31,24.459342,24.766909,24.159463,24.390139,8650800,Yahoo Finance
2010-09-01,24.613117,25.089849,24.482402,25.059092,8623100,Yahoo Finance
2010-09-02,25.243644,25.320534,24.828426,25.266710,5430000,Yahoo Finance
2010-09-03,25.335915,26.074078,25.305158,26.074078,7760900,Yahoo Finance
2010-09-07,25.958731,26.212476,25.851083,25.974110,6831800,Yahoo Finance
2010-09-08,25.974113,26.112519,25.628101,26.027937,8552100,Yahoo Finance
2010-09-09,26.220165,26.335504,26.081760,26.158653,7507100,Yahoo Finance
2010-09-10,26.231970,26.733609,26.085334,26.617847,8940700,Yahoo Finance
2010-09-13,26.849374,27.227532,26.756761,26.795351,7101400,Yahoo Finance
2010-09-14,26.247409,27.011449,26.224258,26.710464,8716000,Yahoo Finance
2010-09-15,26.625561,26.702735,26.216531,26.448057,11169600,Yahoo Finance
2010-09-16,26.417204,26.540685,26.177958,26.424923,6153700,Yahoo Finance
2010-09-17,26.594707,26.710471,26.340029,26.340029,7286900,Yahoo Finance
2010-09-20,26.525236,27.034595,26.509801,26.957420,5639200,Yahoo Finance
2010-09-21,26.926548,27.397320,26.880245,27.212097,6428000,Yahoo Finance
2010-09-22,27.104052,27.551671,26.941984,27.536236,7184300,Yahoo Finance
2010-09-23,27.320149,27.628849,27.158078,27.351017,6711800,Yahoo Finance
2010-09-24,27.736899,27.736899,27.474502,27.574831,8558100,Yahoo Finance
2010-09-27,27.652010,27.652010,27.204390,27.281565,7505200,Yahoo Finance
2010-09-28,27.358740,27.482221,26.941991,27.042320,8410300,Yahoo Finance
2010-09-29,26.941988,27.173514,26.787637,27.165798,7872500,Yahoo Finance
2010-09-30,27.389604,27.443627,27.073185,27.096336,7847200,Yahoo Finance
2010-10-01,27.065462,27.374165,26.826216,27.343294,6503500,Yahoo Finance
2010-10-04,27.242970,27.242970,26.509801,26.656437,5883300,Yahoo Finance
2010-10-05,26.833932,27.111765,26.664145,27.065458,6887400,Yahoo Finance
2010-10-06,27.042313,27.181229,26.193380,26.201099,13815400,Yahoo Finance
2010-10-07,26.540670,26.695022,26.324579,26.502083,6878900,Yahoo Finance
2010-10-08,26.586977,26.664152,26.386319,26.509800,6022300,Yahoo Finance
2010-10-11,26.309147,26.934270,26.293711,26.741331,6746300,Yahoo Finance
2010-10-12,26.641004,27.057753,26.579262,27.026882,6766300,Yahoo Finance
2010-10-13,27.080898,27.489928,27.026876,27.258402,8050100,Yahoo Finance
2010-10-14,27.212096,27.983851,27.188944,27.613409,10274300,Yahoo Finance
2010-10-15,27.790922,27.960710,27.605703,27.767771,7825200,Yahoo Finance
2010-10-18,27.852656,28.068747,27.659718,27.976137,8035000,Yahoo Finance
2010-10-19,27.497650,27.721457,26.949702,27.242970,13178200,Yahoo Finance
2010-10-20,27.366445,28.362010,27.358729,28.346575,10386500,Yahoo Finance
2010-10-21,28.439193,28.439193,27.875812,28.161364,6840200,Yahoo Finance
2010-10-22,28.323443,28.755625,28.107350,28.755625,6622900,Yahoo Finance
2010-10-25,28.956274,29.288129,28.909967,28.987144,7456100,Yahoo Finance
2010-10-26,28.948548,29.087464,28.670718,28.994854,8050600,Yahoo Finance
2010-10-27,28.747895,28.832788,27.551674,27.729177,12700700,Yahoo Finance
2010-10-28,27.999289,28.091902,27.744611,27.976137,6281600,Yahoo Finance
2010-10-29,28.091901,28.500931,27.636565,27.821785,6696900,Yahoo Finance
2010-11-01,27.991567,28.277115,27.551666,27.868086,7671800,Yahoo Finance
2010-11-02,28.091912,28.624422,28.061041,28.554964,9988000,Yahoo Finance
2010-11-03,28.284846,28.902250,27.837227,28.292562,10730400,Yahoo Finance
2010-11-04,28.554964,28.593551,28.076476,28.400612,6839700,Yahoo Finance
2010-11-05,28.346586,28.701593,28.153647,28.446915,7190400,Yahoo Finance
2010-11-08,28.269402,28.693867,28.253966,28.647560,4370500,Yahoo Finance
2010-11-09,28.740167,28.771035,28.408312,28.539509,6027600,Yahoo Finance
2010-11-10,28.331146,28.686153,27.760048,28.678436,8385100,Yahoo Finance
2010-11-11,28.531807,28.940836,28.354303,28.917685,5396400,Yahoo Finance
2010-11-12,28.717015,28.809628,27.960695,28.300266,7373900,Yahoo Finance
2010-11-15,28.030169,28.076476,27.351023,27.374178,9124200,Yahoo Finance
2010-11-16,27.227528,27.304705,26.864805,27.019154,10840800,Yahoo Finance
2010-11-17,27.080917,27.273856,26.687323,27.266140,9578000,Yahoo Finance
2010-11-18,26.695022,27.744610,26.625564,27.497648,9207900,Yahoo Finance
2010-11-19,27.428185,28.161353,27.273833,27.783192,14341600,Yahoo Finance
2010-11-22,28.794199,28.879089,27.451343,28.138205,14972500,Yahoo Finance
2010-11-23,27.898962,28.045595,27.613411,27.821785,6577900,Yahoo Finance
2010-11-24,28.253965,28.362010,27.798629,27.922110,6306100,Yahoo Finance
2010-11-26,27.597983,27.991580,27.582550,27.690596,2972200,Yahoo Finance
2010-11-29,27.428187,28.300268,27.050025,28.238529,10899000,Yahoo Finance
2010-11-30,28.030171,28.539530,27.814080,28.184523,12039400,Yahoo Finance
2010-12-01,28.663007,29.249543,28.663007,29.072037,11012000,Yahoo Finance
2010-12-02,29.079741,29.373009,29.048870,29.365290,8600200,Yahoo Finance
2010-12-03,29.198831,29.407892,28.943314,29.284004,5383200,Yahoo Finance
2010-12-06,29.167851,29.330456,28.834905,28.873619,5179900,Yahoo Finance
2010-12-07,29.013003,29.129146,28.440020,28.470993,8523900,Yahoo Finance
2010-12-08,28.579389,28.656818,28.401301,28.525188,5753700,Yahoo Finance
2010-12-09,28.811671,28.811671,28.207718,28.378065,8309700,Yahoo Finance
2010-12-10,28.486461,28.532917,28.207713,28.393543,7979300,Yahoo Finance
2010-12-13,28.463234,29.314965,28.354832,28.571638,11122300,Yahoo Finance
2010-12-14,28.331604,28.711012,28.138029,28.261917,8351800,Yahoo Finance
2010-12-15,28.083835,28.138036,27.185648,27.448910,13520200,Yahoo Finance
2010-12-16,27.448912,27.688943,27.054018,27.572800,10177800,Yahoo Finance
2010-12-17,27.565049,27.572794,27.077243,27.139185,18279900,Yahoo Finance
2010-12-20,27.325019,27.355991,27.084985,27.239845,6407700,Yahoo Finance
2010-12-21,27.193401,27.727670,27.139201,27.356007,6873900,Yahoo Finance
2010-12-22,27.417942,27.774119,27.317282,27.750891,5115000,Yahoo Finance
2010-12-23,27.735404,27.952207,27.588288,27.696690,3808500,Yahoo Finance
2010-12-27,27.487614,27.650217,27.448900,27.518587,2810600,Yahoo Finance
2010-12-28,27.495356,27.696675,27.394699,27.657961,3082900,Yahoo Finance
2010-12-29,27.750885,27.898001,27.619253,27.805086,3593700,Yahoo Finance
2010-12-30,27.805082,27.897997,27.657966,27.828310,2865500,Yahoo Finance
2010-12-31,27.905737,28.037367,27.712163,27.959938,2828000,Yahoo Finance
2011-01-03,28.169009,28.788447,28.161264,28.749733,8212400,Yahoo Finance
2011-01-04,28.672305,29.036227,28.517447,29.012999,6724300,Yahoo Finance
2011-01-05,29.036226,29.276260,28.873624,29.105913,7528100,Yahoo Finance
2011-01-06,29.392397,29.733091,29.222053,29.709860,7157300,Yahoo Finance
2011-01-07,29.717602,29.841490,29.462082,29.771803,6437700,Yahoo Finance
2011-01-10,29.841490,29.926663,29.431109,29.771803,5725300,Yahoo Finance
2011-01-11,29.833754,30.275104,29.686638,30.259621,5569100,Yahoo Finance
2011-01-12,30.375763,30.453195,30.050559,30.089273,5872400,Yahoo Finance
2011-01-13,30.406735,30.662252,30.143473,30.662252,8618200,Yahoo Finance
2011-01-14,30.569333,31.668840,30.515133,31.568180,10560400,Yahoo Finance
2011-01-18,31.583664,31.738524,31.335888,31.653351,6738900,Yahoo Finance
2011-01-19,31.645615,31.761761,31.057149,31.405584,9424600,Yahoo Finance
2011-01-20,30.971977,31.359127,30.484168,31.212011,11293100,Yahoo Finance
2011-01-21,31.421078,31.428820,31.072643,31.289446,7384200,Yahoo Finance
2011-01-24,31.289432,31.359119,30.739681,30.824854,7604100,Yahoo Finance
2011-01-25,30.731934,31.746267,30.700964,31.452032,10000100,Yahoo Finance
2011-01-26,31.428808,31.846931,31.057145,31.165546,8937900,Yahoo Finance
2011-01-27,31.699804,32.845766,31.312654,32.745110,13558000,Yahoo Finance
2011-01-28,32.760598,32.861255,31.637864,31.692064,7767400,Yahoo Finance
2011-01-31,31.761762,31.994052,31.521728,31.784990,7320400,Yahoo Finance
2011-02-01,32.025013,32.659938,31.970812,32.574764,9074600,Yahoo Finance
2011-02-02,32.319244,32.721877,32.265040,32.481846,4285800,Yahoo Finance
2011-02-03,32.350210,34.138842,31.668829,33.325829,14831200,Yahoo Finance
2011-02-04,33.411012,33.991737,32.551540,32.899975,8338500,Yahoo Finance
2011-02-07,32.628968,32.721884,32.187618,32.373451,7114100,Yahoo Finance
2011-02-08,32.148902,32.946429,32.048242,32.497337,5618500,Yahoo Finance
2011-02-09,32.497336,32.876740,32.388934,32.574764,5232500,Yahoo Finance
2011-02-10,32.737373,32.969666,32.536057,32.853519,5457200,Yahoo Finance
2011-02-11,32.644457,33.170981,32.551542,32.814804,5051100,Yahoo Finance
2011-02-14,32.706407,32.915465,32.226339,32.876751,3752200,Yahoo Finance
2011-02-15,32.605746,32.876749,32.435399,32.543800,4392700,Yahoo Finance
2011-02-16,32.675429,32.954178,32.512827,32.907719,4993700,Yahoo Finance
2011-02-17,32.783838,33.101301,32.636722,32.977413,4823300,Yahoo Finance
2011-02-18,33.054825,33.527148,32.954168,33.170971,6034900,Yahoo Finance
2011-02-22,33.960771,34.324693,33.085812,33.263901,10738900,Yahoo Finance
2011-02-23,32.969664,33.829134,32.954178,33.225182,7102200,Yahoo Finance
2011-02-24,33.163233,33.565866,32.814798,33.101288,6313200,Yahoo Finance
2011-02-25,33.178720,33.310352,32.838029,32.923203,5498700,Yahoo Finance
2011-02-28,33.039346,33.248407,32.791570,32.969662,6644900,Yahoo Finance
2011-03-01,32.954173,33.263891,32.814799,32.868999,5547400,Yahoo Finance
2011-03-02,32.946434,33.906566,32.869005,33.728477,7233800,Yahoo Finance
2011-03-03,34.376879,34.858326,33.965321,34.780674,8739600,Yahoo Finance
2011-03-04,34.664198,34.835035,34.066271,34.516659,5622100,Yahoo Finance
2011-03-07,34.532190,34.765148,33.631418,33.825550,6084100,Yahoo Finance
2011-03-08,33.856598,34.244862,33.483865,34.035202,4696700,Yahoo Finance
2011-03-09,34.097327,34.563242,33.802245,34.547714,4553400,Yahoo Finance
2011-03-10,34.392410,34.392410,33.856604,34.004147,5117600,Yahoo Finance
2011-03-11,34.074036,34.213812,33.592587,33.848843,4774800,Yahoo Finance
2011-03-14,33.623644,33.724594,33.274206,33.514931,4516400,Yahoo Finance
2011-03-15,32.878177,33.452809,32.738402,33.227615,4397900,Yahoo Finance
2011-03-16,33.142192,33.149956,32.194828,32.505440,7141200,Yahoo Finance
2011-03-17,32.924775,33.181028,32.544275,32.823826,5850600,Yahoo Finance
2011-03-18,32.901473,33.274206,32.847117,33.080074,7372200,Yahoo Finance
2011-03-21,33.258668,33.724584,33.126657,33.538216,4592100,Yahoo Finance
2011-03-22,33.592577,33.942015,33.126662,33.188786,4505300,Yahoo Finance
2011-03-23,33.111126,33.289727,32.916994,33.196545,3348200,Yahoo Finance
2011-03-24,33.577037,34.120604,33.398433,34.011890,3917900,Yahoo Finance
2011-03-25,33.879909,34.182754,33.856611,33.973091,4190300,Yahoo Finance
2011-03-28,34.097315,34.206029,33.786703,34.066254,3531100,Yahoo Finance
2011-03-29,33.973086,34.539951,33.973086,34.539951,4202900,Yahoo Finance
2011-03-30,34.726317,35.394132,34.617604,35.254356,6533900,Yahoo Finance
2011-03-31,35.440704,35.526123,35.029146,35.099033,5374300,Yahoo Finance
2011-04-01,35.332009,35.518376,35.176702,35.417427,4511600,Yahoo Finance
2011-04-04,35.673668,35.790149,35.347528,35.409649,3499900,Yahoo Finance
2011-04-05,34.835014,35.153390,34.772890,35.013615,4950900,Yahoo Finance
2011-04-06,35.091275,35.145632,34.811728,34.912674,5158600,Yahoo Finance
2011-04-07,34.765153,37.723725,34.493366,34.501133,7706300,Yahoo Finance
2011-04-08,34.648660,35.130110,34.275928,34.462296,4723900,Yahoo Finance
2011-04-11,34.423474,34.547718,34.042974,34.415707,6048700,Yahoo Finance
2011-04-12,34.314743,34.866080,34.190499,34.796192,3959100,Yahoo Finance
2011-04-13,34.850555,35.075746,34.229334,34.423466,4766300,Yahoo Finance
2011-04-14,34.322524,34.928215,34.066268,34.803970,4719700,Yahoo Finance
2011-04-15,34.943738,35.005862,34.609831,34.928207,5783300,Yahoo Finance
2011-04-18,34.578776,34.640900,33.662473,33.817780,6722600,Yahoo Finance
2011-04-19,33.856604,34.143921,33.623646,34.136154,5731300,Yahoo Finance
2011-04-20,34.772915,34.772915,34.306999,34.353592,5168100,Yahoo Finance
2011-04-21,37.343216,37.972205,36.931658,37.125790,18367400,Yahoo Finance
2011-04-25,36.605517,37.382045,36.558927,37.048138,6650100,Yahoo Finance
2011-04-26,37.366496,37.855709,36.442430,36.768570,10500000,Yahoo Finance
2011-04-27,36.900591,37.506281,36.403614,37.436394,10513300,Yahoo Finance
2011-04-28,37.420874,38.127514,37.319927,38.127514,7913500,Yahoo Finance
2011-04-29,38.011035,38.360473,37.793606,38.228462,9542700,Yahoo Finance
2011-05-02,38.360452,38.981673,38.228441,38.733185,9858200,Yahoo Finance
2011-05-03,38.577888,38.834141,38.368226,38.577888,5879100,Yahoo Finance
2011-05-04,38.476936,38.647773,38.018785,38.484703,7553000,Yahoo Finance
2011-05-05,38.391520,38.942857,38.065380,38.500237,7393900,Yahoo Finance
2011-05-06,38.872974,39.020513,38.554597,38.919563,6295300,Yahoo Finance
2011-05-09,38.632256,39.533028,38.632256,39.191357,5665200,Yahoo Finance
2011-05-10,39.385474,39.587370,38.973912,39.222401,5635900,Yahoo Finance
2011-05-11,39.214644,39.292296,38.453648,38.841911,6196800,Yahoo Finance
2011-05-12,38.834141,39.105927,38.104206,38.888500,5311300,Yahoo Finance
2011-05-13,39.533006,39.960095,38.639998,38.787540,11099500,Yahoo Finance
2011-05-16,38.484702,39.393238,38.344927,38.958382,6018900,Yahoo Finance
2011-05-17,38.717666,39.369949,38.593421,38.818615,7224900,Yahoo Finance
2011-05-18,38.717657,39.362173,38.632239,39.300053,7140400,Yahoo Finance
2011-05-19,39.408781,39.432076,38.966161,39.253475,6101100,Yahoo Finance
2011-05-20,39.191346,39.408773,38.616714,38.624481,10827500,Yahoo Finance
2011-05-23,38.391526,38.414824,37.778071,38.174099,6741800,Yahoo Finance
2011-05-24,38.174090,38.189621,37.118012,37.242256,9573100,Yahoo Finance
2011-05-25,37.040370,37.521817,36.947188,37.172379,9448100,Yahoo Finance
2011-05-26,37.017065,37.187902,36.473499,37.040363,11917200,Yahoo Finance
2011-05-27,37.195685,37.514061,36.954960,37.506294,6039500,Yahoo Finance
2011-05-31,37.785835,38.011028,37.545110,38.011028,6412000,Yahoo Finance
2011-06-01,37.816895,38.042089,37.467457,37.545109,6614800,Yahoo Finance
2011-06-02,37.739230,38.430342,37.490742,38.352688,8258700,Yahoo Finance
2011-06-03,37.864212,38.417374,37.755139,38.058987,7949200,Yahoo Finance
2011-06-06,37.934307,38.027800,37.404519,37.513596,5187400,Yahoo Finance
2011-06-07,37.825262,38.051202,37.373386,37.373386,4530900,Yahoo Finance
2011-06-08,37.381152,37.786284,37.061722,37.552555,6564200,Yahoo Finance
2011-06-09,37.825246,39.430190,37.677218,39.422398,11530000,Yahoo Finance
2011-06-10,39.219824,39.235406,38.300487,38.495262,8545400,Yahoo Finance
2011-06-13,38.658894,38.923788,38.230390,38.261555,6362200,Yahoo Finance
2011-06-14,38.487474,38.954932,38.355026,38.643291,6986300,Yahoo Finance
2011-06-15,38.347240,38.915982,38.121301,38.448521,8991300,Yahoo Finance
2011-06-16,38.386196,38.838072,37.942110,38.690044,9101200,Yahoo Finance
2011-06-17,39.032848,39.258787,38.736793,38.923775,9675100,Yahoo Finance
2011-06-20,38.791338,40.240463,38.682265,39.944405,8987600,Yahoo Finance
2011-06-21,40.209285,40.707908,39.944392,40.684536,9781300,Yahoo Finance
2011-06-22,40.497549,41.011754,40.294984,40.341728,6999500,Yahoo Finance
2011-06-23,39.741834,39.967773,38.986110,39.850910,9979800,Yahoo Finance
2011-06-24,39.928805,40.037878,39.126334,39.313316,7398600,Yahoo Finance
2011-06-27,39.204253,39.928815,39.048432,39.757412,4544700,Yahoo Finance
2011-06-28,39.998926,40.497549,39.749615,40.333939,5957100,Yahoo Finance
2011-06-29,40.365108,40.419645,39.780784,40.154751,5630100,Yahoo Finance
2011-06-30,40.318366,40.544305,40.061262,40.185921,6394000,Yahoo Finance
2011-07-01,40.388471,41.502582,40.170324,41.393509,8152700,Yahoo Finance
2011-07-05,41.354561,41.377933,40.723490,41.175365,4822300,Yahoo Finance
2011-07-06,41.175359,41.463628,40.941630,41.393509,5319100,Yahoo Finance
2011-07-07,41.510384,41.681786,40.489766,41.003971,7559100,Yahoo Finance
2011-07-08,40.513137,40.762448,40.154752,40.575466,6927300,Yahoo Finance
2011-07-11,40.030107,40.154763,39.531484,39.687302,6037500,Yahoo Finance
2011-07-12,39.531487,40.536523,39.523694,40.053482,6631700,Yahoo Finance
2011-07-13,40.162550,41.003978,40.162550,40.302788,4869400,Yahoo Finance
2011-07-14,40.365107,40.949431,40.349525,40.723492,7167600,Yahoo Finance
2011-07-15,40.879307,40.972798,40.263818,40.489758,7030500,Yahoo Finance
2011-07-18,40.201500,40.668961,39.772996,40.474186,7257700,Yahoo Finance
2011-07-19,40.022311,40.326159,38.915992,40.084641,13946300,Yahoo Finance
2011-07-20,40.326157,40.419651,39.710671,40.131382,7748900,Yahoo Finance
2011-07-21,40.450802,41.214321,40.271610,40.629997,7831500,Yahoo Finance
2011-07-22,40.918266,41.190949,40.614418,41.097458,5717300,Yahoo Finance
2011-07-25,40.887105,41.159792,40.123589,40.224873,6533500,Yahoo Finance
2011-07-26,40.427437,40.653376,39.858695,39.936604,5670100,Yahoo Finance
2011-07-27,39.399039,39.687305,38.729013,38.869251,10581400,Yahoo Finance
2011-07-28,38.830294,39.648347,38.791339,38.892620,7703600,Yahoo Finance
2011-07-29,38.253744,39.025053,37.482438,38.666668,10759500,Yahoo Finance
2011-08-01,39.173097,39.235426,35.597032,37.412334,23228700,Yahoo Finance
2011-08-02,37.155202,37.739526,36.430641,36.602043,10060500,Yahoo Finance
2011-08-03,36.609838,36.843567,35.815157,36.757866,8304300,Yahoo Finance
2011-08-04,36.298206,36.391697,35.075021,35.113976,10154500,Yahoo Finance
2011-08-05,35.511317,36.009940,34.475115,35.495735,14313700,Yahoo Finance
2011-08-08,33.734990,34.607581,32.519598,32.667625,16743400,Yahoo Finance
2011-08-09,32.979252,34.903623,32.574120,34.849087,19959800,Yahoo Finance
2011-08-10,34.334882,34.490702,32.465044,32.605282,12690300,Yahoo Finance
2011-08-11,32.371566,34.607579,32.153419,34.225822,13915800,Yahoo Finance
2011-08-12,34.116753,35.324356,34.116753,34.911434,9500600,Yahoo Finance
2011-08-15,35.207470,35.861913,35.043860,35.791794,8314700,Yahoo Finance
2011-08-16,35.667144,35.752846,34.786765,35.448997,10044500,Yahoo Finance
2011-08-17,35.589221,36.002142,35.160717,35.472355,4924400,Yahoo Finance
2011-08-18,34.576405,34.794551,33.805096,34.194645,9901300,Yahoo Finance
2011-08-19,33.610334,34.467345,33.485678,33.750572,8882900,Yahoo Finance
2011-08-22,34.412795,34.514079,33.727190,33.976501,7162800,Yahoo Finance
2011-08-23,34.124529,35.043866,33.594741,34.958164,9080100,Yahoo Finance
2011-08-24,34.771168,35.838533,34.584183,35.768414,6286100,Yahoo Finance
2011-08-25,36.048891,36.150175,34.926990,35.129555,5878900,Yahoo Finance
2011-08-26,34.553032,35.900876,33.898589,35.620399,6009900,Yahoo Finance
2011-08-29,36.025524,36.485192,35.815167,36.430653,4036700,Yahoo Finance
2011-08-30,36.259272,37.092908,35.994379,36.835804,6002600,Yahoo Finance
2011-08-31,37.194180,37.778504,36.625435,37.022778,6516400,Yahoo Finance
2011-09-01,37.069506,37.692785,36.711119,36.757866,6493800,Yahoo Finance
2011-09-02,35.798607,36.556950,35.720425,35.751698,5102800,Yahoo Finance
2011-09-06,34.883903,35.814247,34.469550,35.736065,6797700,Yahoo Finance
2011-09-07,36.330245,37.096409,36.111339,36.908775,6823700,Yahoo Finance
2011-09-08,36.549148,37.526398,36.470970,36.900959,7435200,Yahoo Finance
2011-09-09,36.431874,36.697686,35.399899,35.587532,9076000,Yahoo Finance
2011-09-12,34.782271,36.220782,34.743179,36.166054,8216100,Yahoo Finance
2011-09-13,36.259876,37.698387,36.212967,37.518574,11932000,Yahoo Finance
2011-09-14,37.768756,38.636552,36.744597,38.058022,10108400,Yahoo Finance
2011-09-15,38.394191,39.668526,37.995471,39.512165,11325800,Yahoo Finance
2011-09-16,39.926517,40.012516,38.574004,39.684158,11790300,Yahoo Finance
2011-09-19,38.824181,39.230717,38.613094,39.050903,8956300,Yahoo Finance
2011-09-20,39.121262,40.059422,38.574001,38.957085,8440000,Yahoo Finance
2011-09-21,39.027456,39.410539,37.510765,37.534218,7002700,Yahoo Finance
2011-09-22,36.549148,37.268403,36.220794,36.814960,10065200,Yahoo Finance
2011-09-23,36.588241,37.432586,36.338065,37.213680,7130000,Yahoo Finance
2011-09-26,37.628021,38.183098,37.198032,38.159645,7147400,Yahoo Finance
2011-09-27,38.785080,39.394883,38.198730,38.659992,8030600,Yahoo Finance
2011-09-28,38.519272,38.714722,37.182395,37.244938,7338900,Yahoo Finance
2011-09-29,37.800032,38.104936,35.798626,36.416248,9154500,Yahoo Finance
2011-09-30,36.025344,36.924412,35.657897,36.056614,10485400,Yahoo Finance
2011-10-03,35.782959,36.134769,33.515739,33.554829,12717100,Yahoo Finance
2011-10-04,32.921588,33.492302,32.303966,33.445393,13800000,Yahoo Finance
2011-10-05,34.039569,34.930821,33.492309,34.751007,8455800,Yahoo Finance
2011-10-06,34.883926,35.298282,34.383574,35.134102,5804800,Yahoo Finance
2011-10-07,35.181007,35.532818,34.751018,35.095009,5962900,Yahoo Finance
2011-10-10,35.587539,36.369339,35.579719,36.369339,4752100,Yahoo Finance
2011-10-11,36.259868,36.603859,35.876785,36.463135,4639600,Yahoo Finance
2011-10-12,36.908769,37.252762,36.252057,36.259876,7267400,Yahoo Finance
2011-10-13,35.978435,36.447514,35.704803,36.377151,5034600,Yahoo Finance
2011-10-14,36.916599,37.018231,36.377155,36.916599,6074100,Yahoo Finance
2011-10-17,36.642952,37.221485,36.322414,36.431866,5944600,Yahoo Finance
2011-10-18,34.586825,35.884613,33.507941,35.446804,23926900,Yahoo Finance
2011-10-19,35.493724,37.072957,35.345180,36.314613,12250600,Yahoo Finance
2011-10-20,36.494415,36.736774,35.915882,36.650776,7985300,Yahoo Finance
2011-10-21,37.080772,37.917297,36.986956,37.463852,9218800,Yahoo Finance
2011-10-24,37.690574,38.495830,37.526397,38.331650,7146200,Yahoo Finance
2011-10-25,37.268394,38.542728,37.268394,38.120556,7477100,Yahoo Finance
2011-10-26,38.644363,38.683453,37.628024,38.120556,10387600,Yahoo Finance
2011-10-27,39.027451,39.089997,38.159656,38.448921,10025800,Yahoo Finance
2011-10-28,38.441097,38.581822,37.674934,38.190922,6377300,Yahoo Finance
2011-10-31,37.823475,38.269101,37.495118,37.518574,6164900,Yahoo Finance
2011-11-01,36.596054,36.822774,35.923706,36.134792,11125900,Yahoo Finance
2011-11-02,36.744607,36.744607,36.017532,36.244255,7858100,Yahoo Finance
2011-11-03,36.588238,36.650784,35.806438,36.103523,6721300,Yahoo Finance
2011-11-04,36.017510,36.040963,35.243530,35.634430,8010400,Yahoo Finance
2011-11-07,35.532810,35.759533,35.024639,35.313904,7919000,Yahoo Finance
2011-11-08,35.407707,36.173870,35.243530,36.080055,7086400,Yahoo Finance
2011-11-09,35.352985,36.040967,35.282623,35.603161,6423200,Yahoo Finance
2011-11-10,36.009701,36.197331,35.524983,36.064426,5479700,Yahoo Finance
2011-11-11,36.447506,37.143308,36.345874,36.846226,5104500,Yahoo Finance
2011-11-14,36.689861,36.986946,36.478775,36.697678,4734200,Yahoo Finance
2011-11-15,36.588234,36.721142,36.080066,36.392784,4911600,Yahoo Finance
2011-11-16,35.954991,36.189530,35.055920,35.110645,8053800,Yahoo Finance
2011-11-17,35.173164,35.392067,34.438271,34.805717,8147900,Yahoo Finance
2011-11-18,34.876098,34.977733,34.508651,34.829189,5972300,Yahoo Finance
2011-11-21,34.195918,34.985534,34.195918,34.743176,6656300,Yahoo Finance
2011-11-22,34.657188,35.173175,34.383556,34.727547,4758800,Yahoo Finance
2011-11-23,34.367921,34.477372,33.945748,34.055202,5515800,Yahoo Finance
2011-11-25,34.047386,34.579010,33.984843,34.141201,2985100,Yahoo Finance
2011-11-28,34.758838,35.564094,34.704112,35.204464,8826400,Yahoo Finance
2011-11-29,35.423347,36.111329,35.251350,35.868973,6457300,Yahoo Finance
2011-11-30,37.026035,38.214371,36.736770,38.128372,11702500,Yahoo Finance
2011-12-01,37.987648,38.355095,37.839107,37.932922,7021500,Yahoo Finance
2011-12-02,37.909465,38.308182,37.549835,37.706196,7639100,Yahoo Finance
2011-12-05,38.312581,38.830318,37.583041,37.865444,8135400,Yahoo Finance
2011-12-06,37.936053,38.187077,37.716408,37.881142,8306100,Yahoo Finance
2011-12-07,37.645800,38.987210,37.512442,38.704807,10200500,Yahoo Finance
2011-12-08,38.618526,38.869550,37.637962,37.779163,8641800,Yahoo Finance
2011-12-09,37.818376,38.500851,37.747776,38.367493,5713500,Yahoo Finance
2011-12-12,38.210600,38.438092,37.606573,37.810532,4947700,Yahoo Finance
2011-12-13,37.998816,38.673445,37.418324,37.598747,5267700,Yahoo Finance
2011-12-14,37.543825,37.888982,37.363401,37.465378,7513500,Yahoo Finance
2011-12-15,37.559513,38.281207,37.559513,38.061562,9354200,Yahoo Finance
2011-12-16,38.453800,38.830336,38.210619,38.438110,10214200,Yahoo Finance
2011-12-19,38.375337,38.877388,38.312583,38.414562,5877400,Yahoo Finance
2011-12-20,38.767555,39.175470,38.720490,39.081337,6053300,Yahoo Finance
2011-12-21,39.089191,39.222546,38.869542,39.214703,6695000,Yahoo Finance
2011-12-22,39.136254,39.952083,39.104875,39.795193,4627100,Yahoo Finance
2011-12-23,39.967773,40.399220,39.763814,40.281551,3898000,Yahoo Finance
2011-12-27,40.281551,40.563954,40.077595,40.281551,2999300,Yahoo Finance
2011-12-28,40.281555,40.399224,39.740285,39.779507,2959600,Yahoo Finance
2011-12-29,39.952096,40.454144,39.920717,40.148209,3774000,Yahoo Finance
2011-12-30,40.054066,40.148199,39.755974,39.755974,2205400,Yahoo Finance
2012-01-03,40.195260,40.556107,40.093281,40.391373,6021000,Yahoo Finance
2012-01-04,40.210953,40.987560,40.203110,40.979717,5406400,Yahoo Finance
2012-01-05,40.705164,41.364103,40.634563,41.254280,6330100,Yahoo Finance
2012-01-06,41.379799,41.905380,41.167997,41.403332,5321700,Yahoo Finance
2012-01-09,41.285665,41.552379,41.160153,41.356266,5079300,Yahoo Finance
2012-01-10,41.544519,41.607276,41.081693,41.277805,7063200,Yahoo Finance
2012-01-11,41.175836,41.670038,40.838522,41.583748,4281600,Yahoo Finance
2012-01-12,41.748475,41.764164,41.207202,41.473915,4550300,Yahoo Finance
2012-01-13,41.332711,41.411158,40.736530,41.340557,4995700,Yahoo Finance
2012-01-17,41.615130,42.077956,41.473928,42.023045,6495700,Yahoo Finance
2012-01-18,41.850463,42.501559,41.520995,42.313290,8389800,Yahoo Finance
2012-01-19,41.034618,41.591577,40.336455,41.042461,18656600,Yahoo Finance
2012-01-20,41.058154,41.191509,40.485505,41.003242,8873800,Yahoo Finance
2012-01-23,40.948334,41.615116,40.760065,41.128757,7535900,Yahoo Finance
2012-01-24,41.003264,41.199376,40.187434,40.265881,10397800,Yahoo Finance
2012-01-25,39.716757,40.516897,39.081350,40.454140,13121500,Yahoo Finance
2012-01-26,40.485522,40.571812,39.144112,39.497112,13576200,Yahoo Finance
2012-01-27,39.489270,40.195278,39.473581,40.022697,7027300,Yahoo Finance
2012-01-30,39.865807,40.140364,39.277469,40.061920,4852400,Yahoo Finance
2012-01-31,40.320777,41.481764,40.305088,40.626713,8843000,Yahoo Finance
2012-02-01,40.916966,42.054421,40.885588,41.779861,7480600,Yahoo Finance
2012-02-02,41.772028,41.772028,40.799308,41.215069,5319200,Yahoo Finance
2012-02-03,41.371948,41.395481,39.810889,40.250183,9676900,Yahoo Finance
2012-02-06,39.991305,40.320776,39.755970,40.234486,8577100,Yahoo Finance
2012-02-07,40.077597,40.893426,39.936395,40.814980,5243300,Yahoo Finance
2012-02-08,40.791457,41.081703,40.516900,40.901279,6022000,Yahoo Finance
2012-02-09,40.956182,41.991657,40.948338,41.622967,9613500,Yahoo Finance
2012-02-10,41.238585,41.968125,41.034629,41.826923,6574700,Yahoo Finance
2012-02-13,41.968127,42.548622,41.873993,42.242683,5703700,Yahoo Finance
2012-02-14,42.281905,42.744731,42.023034,42.721195,5982000,Yahoo Finance
2012-02-15,42.776121,43.019302,42.532943,42.846722,7009300,Yahoo Finance
2012-02-16,42.846706,43.058508,42.564303,42.980064,6907700,Yahoo Finance
2012-02-17,42.995755,43.027131,42.783953,42.893776,6387400,Yahoo Finance
2012-02-21,43.136965,43.560566,43.050675,43.395832,7502200,Yahoo Finance
2012-02-22,43.191881,43.646861,42.893789,43.286015,6760100,Yahoo Finance
2012-02-23,43.262485,43.427219,42.878102,43.097748,7195800,Yahoo Finance
2012-02-24,43.231089,43.725294,43.144799,43.654694,5004500,Yahoo Finance
2012-02-27,43.411514,44.054763,43.356602,43.717449,5355900,Yahoo Finance
2012-02-28,43.639011,43.890035,43.340919,43.803745,4538200,Yahoo Finance
2012-02-29,43.921409,44.007696,43.584094,43.733139,5582600,Yahoo Finance
2012-03-01,43.861384,44.136745,43.735504,44.050205,4258200,Yahoo Finance
2012-03-02,44.026603,44.097411,43.562420,43.932194,4408900,Yahoo Finance
2012-03-05,43.774845,44.121018,43.302795,43.302795,4739900,Yahoo Finance
2012-03-06,43.043162,43.593888,42.578978,42.846474,4445700,Yahoo Finance
2012-03-07,42.767788,43.058885,42.673379,42.791389,4474900,Yahoo Finance
2012-03-08,43.169039,44.081670,43.121836,43.751236,4883600,Yahoo Finance
2012-03-09,43.861385,44.144616,43.664697,43.884987,4743200,Yahoo Finance
2012-03-12,43.900717,43.963659,43.231980,43.287052,4567000,Yahoo Finance
2012-03-13,43.365725,43.570282,43.035291,43.530945,6497400,Yahoo Finance
2012-03-14,43.397202,43.955795,43.302793,43.884987,6684000,Yahoo Finance
2012-03-15,43.979391,44.254753,43.696160,43.829906,4598700,Yahoo Finance
2012-03-16,43.727646,43.916464,43.586030,43.735512,8510100,Yahoo Finance
2012-03-19,44.301970,44.325572,43.900725,44.160355,5347700,Yahoo Finance
2012-03-20,44.002997,44.081671,43.058895,43.098232,5378100,Yahoo Finance
2012-03-21,43.263455,43.263455,42.453099,42.460968,6252500,Yahoo Finance
2012-03-22,42.185610,42.649794,42.012527,42.390167,7550900,Yahoo Finance
2012-03-23,42.382300,42.476712,42.106938,42.217083,6471200,Yahoo Finance
2012-03-26,42.398030,43.349998,42.374428,43.349998,5098400,Yahoo Finance
2012-03-27,43.468004,43.719764,42.626180,43.609619,7455900,Yahoo Finance
2012-03-28,43.578160,44.026608,43.176918,43.617496,5435300,Yahoo Finance
2012-03-29,43.271331,45.883345,43.255595,45.718128,17258500,Yahoo Finance
2012-03-30,45.607966,46.756622,45.427014,46.371113,10802600,Yahoo Finance
2012-04-02,46.371110,46.630740,45.718109,46.512726,9105900,Yahoo Finance
2012-04-03,46.434070,46.898253,46.198045,46.733036,7948100,Yahoo Finance
2012-04-04,46.544204,46.638614,46.158695,46.465530,4791300,Yahoo Finance
2012-04-05,46.276704,46.567801,46.103618,46.426186,4826800,Yahoo Finance
2012-04-09,46.040685,46.316046,45.639440,45.741718,4755600,Yahoo Finance
2012-04-10,45.600099,45.891199,45.017905,45.285400,5841700,Yahoo Finance
2012-04-11,45.694522,46.056427,45.513567,45.647316,6496000,Yahoo Finance
2012-04-12,45.655185,46.119368,45.411294,45.993488,4303200,Yahoo Finance
2012-04-13,45.938405,46.064286,45.427019,45.670910,5655400,Yahoo Finance
2012-04-16,45.906953,45.906953,45.128071,45.128071,6628000,Yahoo Finance
2012-04-17,45.324741,45.946275,45.080847,45.710247,5896300,Yahoo Finance
2012-04-18,45.395566,45.395566,44.931382,45.096600,6551300,Yahoo Finance
2012-04-19,45.065101,46.693675,44.836945,46.190155,10754500,Yahoo Finance
2012-04-20,46.544192,46.976904,46.363239,46.819553,8378800,Yahoo Finance
2012-04-23,46.449807,46.677965,46.339662,46.567818,4471400,Yahoo Finance
2012-04-24,46.434057,46.575673,46.001345,46.198032,5030600,Yahoo Finance
2012-04-25,46.253105,46.811698,46.158693,46.316044,6091300,Yahoo Finance
2012-04-26,44.797614,46.158693,44.427843,45.922668,9384700,Yahoo Finance
2012-04-27,46.111483,46.213762,45.308997,45.560757,7509600,Yahoo Finance
2012-04-30,44.805495,45.222472,43.648969,44.176094,9874300,Yahoo Finance
2012-05-01,44.270499,45.151659,44.176089,44.947105,4887100,Yahoo Finance
2012-05-02,44.663871,45.175257,44.506520,44.577328,5175400,Yahoo Finance
2012-05-03,44.467188,44.467188,43.578158,43.837788,7296800,Yahoo Finance
2012-05-04,43.782704,43.845643,43.003819,43.051025,5787500,Yahoo Finance
2012-05-07,42.759936,43.609629,42.689129,43.468014,4076600,Yahoo Finance
2012-05-08,43.460144,44.034472,43.200515,43.916458,4702900,Yahoo Finance
2012-05-09,43.562423,44.026607,43.153312,43.444412,6635800,Yahoo Finance
2012-05-10,43.711901,43.947925,43.294920,43.499477,4030800,Yahoo Finance
2012-05-11,43.428680,43.774850,43.287065,43.428680,3937800,Yahoo Finance
2012-05-14,43.129714,43.719777,42.933026,43.397209,4634300,Yahoo Finance
2012-05-15,43.287059,43.822050,43.082502,43.224117,5514500,Yahoo Finance
2012-05-16,43.302783,43.499471,43.145432,43.192638,4036200,Yahoo Finance
2012-05-17,43.326396,43.633228,43.058900,43.176914,5465300,Yahoo Finance
2012-05-18,43.184786,43.538825,42.311491,42.476711,6420400,Yahoo Finance
2012-05-21,42.555377,43.743370,42.547511,43.704033,4825900,Yahoo Finance
2012-05-22,43.869255,44.553731,43.664701,43.837788,5832200,Yahoo Finance
2012-05-23,43.625362,43.963665,43.035298,43.554554,4671800,Yahoo Finance
2012-05-24,43.294916,44.640263,43.279180,44.231152,7192400,Yahoo Finance
2012-05-25,44.191818,44.498654,43.955793,44.152481,4306500,Yahoo Finance
2012-05-29,44.121022,44.254768,43.664704,44.176094,5005900,Yahoo Finance
2012-05-30,44.058080,44.427854,43.884993,44.191826,4398100,Yahoo Finance
2012-05-31,44.223287,44.317699,43.633223,43.877117,6343300,Yahoo Finance
2012-06-01,43.444411,43.979402,43.224118,43.302795,5703900,Yahoo Finance
2012-06-04,43.090360,43.546674,43.027418,43.200504,5508000,Yahoo Finance
2012-06-05,43.145444,44.215426,43.051035,44.089546,6112200,Yahoo Finance
2012-06-06,44.537994,45.395554,44.451451,45.395554,6776600,Yahoo Finance
2012-06-07,45.474222,45.938405,45.159523,45.198860,7249100,Yahoo Finance
2012-06-08,44.718941,45.938405,44.718941,45.631573,6406900,Yahoo Finance
2012-06-11,45.804655,45.930535,45.159519,45.206722,6236300,Yahoo Finance
2012-06-12,45.214594,45.733850,44.844820,45.505692,6023900,Yahoo Finance
2012-06-13,45.579133,46.218755,45.460683,45.808132,6373600,Yahoo Finance
2012-06-14,45.934467,46.889957,45.713363,46.787300,6649800,Yahoo Finance
2012-06-15,47.134754,47.261099,46.202956,46.510925,9021000,Yahoo Finance
2012-06-18,46.424068,46.961036,45.942375,46.921551,9718000,Yahoo Finance
2012-06-19,47.047889,47.971788,46.882058,47.584854,8602400,Yahoo Finance
2012-06-20,47.340073,47.561176,46.826793,47.063690,4344500,Yahoo Finance
2012-06-21,47.245315,47.411143,46.013446,46.068722,5320500,Yahoo Finance
2012-06-22,46.195063,47.008411,46.123993,46.645168,7494300,Yahoo Finance
2012-06-25,46.266118,46.668843,45.523840,45.555424,6884400,Yahoo Finance
2012-06-26,45.531750,46.716239,45.192196,46.431961,7458200,Yahoo Finance
2012-06-27,46.984729,47.853353,46.447760,46.818901,7088700,Yahoo Finance
2012-06-28,46.487239,47.774385,43.699743,47.063690,25319900,Yahoo Finance
2012-06-29,47.648049,47.853360,45.697590,46.195076,11121700,Yahoo Finance
2012-07-02,46.503028,46.834687,44.189327,44.426224,12997500,Yahoo Finance
2012-07-03,44.528886,44.797371,43.225950,43.336502,8460200,Yahoo Finance
2012-07-05,43.336505,44.347268,43.320712,44.070889,6937800,Yahoo Finance
2012-07-06,43.660266,44.173543,43.549715,44.078785,4458600,Yahoo Finance
2012-07-09,44.449932,44.742105,43.849789,44.292000,4241500,Yahoo Finance
2012-07-10,44.434133,44.568374,43.620785,43.984028,5662700,Yahoo Finance
2012-07-11,44.039294,44.449917,43.984018,44.252502,5316400,Yahoo Finance
2012-07-12,44.126160,44.141954,42.989049,43.091705,6079200,Yahoo Finance
2012-07-13,43.123292,43.865571,43.091705,43.589191,5053000,Yahoo Finance
2012-07-16,43.573380,43.652345,43.210138,43.557587,3170100,Yahoo Finance
2012-07-17,43.597074,44.378838,43.344384,44.141941,6180000,Yahoo Finance
2012-07-18,43.857696,44.599975,43.328622,44.497318,5090200,Yahoo Finance
2012-07-19,45.318539,45.484367,42.349422,43.423359,16696600,Yahoo Finance
2012-07-20,43.328588,44.086663,43.320693,43.755005,8367300,Yahoo Finance
2012-07-23,42.933783,43.478650,42.617921,43.044334,6037000,Yahoo Finance
2012-07-24,43.146986,43.510228,42.886400,43.352299,7561100,Yahoo Finance
2012-07-25,40.667468,41.820370,40.280533,41.441334,19603900,Yahoo Finance
2012-07-26,41.946694,42.128315,40.185754,41.070171,10510600,Yahoo Finance
2012-07-27,40.912252,42.254671,40.817491,42.120430,8569900,Yahoo Finance
2012-07-30,42.104624,42.412591,41.765070,42.057243,4405400,Yahoo Finance
2012-07-31,41.646620,42.001964,40.335786,40.343681,9879500,Yahoo Finance
2012-08-01,40.438454,40.999111,40.075211,40.438454,7617600,Yahoo Finance
2012-08-02,40.075202,40.872756,39.735648,40.351582,7320500,Yahoo Finance
2012-08-03,40.572708,41.259711,39.972565,40.754330,6408000,Yahoo Finance
2012-08-06,40.951729,41.125455,40.248932,40.272621,4982600,Yahoo Finance
2012-08-07,40.572704,41.678225,40.438460,41.488708,6590800,Yahoo Finance
2012-08-08,41.299160,41.772957,40.991194,41.638714,5718000,Yahoo Finance
2012-08-09,41.512391,41.686117,40.817490,41.078079,4890700,Yahoo Finance
2012-08-10,40.935926,41.149135,40.825374,40.983307,5381700,Yahoo Finance
2012-08-13,40.777994,41.062272,40.596373,40.983307,4259900,Yahoo Finance
2012-08-14,41.212316,41.275490,40.912248,41.038593,3460200,Yahoo Finance
2012-08-15,40.983316,41.780870,40.912246,41.709801,4647300,Yahoo Finance
2012-08-16,41.725604,42.270468,41.678223,42.159916,5598900,Yahoo Finance
2012-08-17,42.357322,42.357322,41.757183,41.954597,4653600,Yahoo Finance
2012-08-20,41.828251,42.341528,41.654525,42.009872,4930500,Yahoo Finance
2012-08-21,42.199391,42.562637,42.049357,42.183598,5323300,Yahoo Finance
2012-08-22,42.191496,42.720566,42.128321,42.617912,5367100,Yahoo Finance
2012-08-23,42.633705,42.917980,42.452081,42.578426,4450300,Yahoo Finance
2012-08-24,42.538935,42.902180,42.491557,42.767937,4143200,Yahoo Finance
2012-08-27,42.736364,43.423370,42.546848,43.123299,4773600,Yahoo Finance
2012-08-28,42.957471,43.273333,42.807434,42.902195,4611700,Yahoo Finance
2012-08-29,43.060113,43.407565,42.933768,43.146976,4611900,Yahoo Finance
2012-08-30,43.004845,43.368087,42.854811,43.186466,5188200,Yahoo Finance
2012-08-31,43.304919,43.454953,42.807432,42.878502,5070900,Yahoo Finance
2012-09-04,42.957475,43.178579,42.641610,43.083820,4233900,Yahoo Finance
2012-09-05,43.225966,43.376000,42.783756,42.862720,4166100,Yahoo Finance
2012-09-06,43.075914,43.423366,43.036432,43.344398,3741600,Yahoo Finance
2012-09-07,43.407572,43.636570,43.194363,43.336502,3732700,Yahoo Finance
2012-09-10,43.439140,43.439140,42.278343,42.436275,5447700,Yahoo Finance
2012-09-11,42.412594,42.586320,41.607141,41.694004,6575400,Yahoo Finance
2012-09-12,41.767743,42.275171,41.767743,41.878742,4834000,Yahoo Finance
2012-09-13,41.736032,42.790534,41.688462,42.727104,6316500,Yahoo Finance
2012-09-14,43.369310,43.821239,42.631952,43.012524,15735800,Yahoo Finance
2012-09-17,43.282108,43.321750,42.822249,43.194893,5481600,Yahoo Finance
2012-09-18,43.075961,43.948104,43.052174,43.710247,6600300,Yahoo Finance
2012-09-19,43.654739,43.860880,43.393094,43.567524,6195400,Yahoo Finance
2012-09-20,43.361383,43.583385,43.139383,43.559597,5776100,Yahoo Finance
2012-09-21,43.678532,44.574463,43.535818,44.542747,26628600,Yahoo Finance
2012-09-24,44.463462,44.907460,44.281102,44.384174,6443800,Yahoo Finance
2012-09-25,44.574451,44.796450,44.273165,44.558594,6343300,Yahoo Finance
2012-09-26,44.669610,44.994682,44.201824,44.225609,5562000,Yahoo Finance
2012-09-27,44.629951,44.748878,44.162165,44.590309,4245400,Yahoo Finance
2012-09-28,44.360376,44.384160,43.749875,43.932232,5838100,Yahoo Finance
2012-10-01,44.178031,44.844031,44.019459,44.764744,4424400,Yahoo Finance
2012-10-02,44.764745,45.105674,44.645818,45.034317,3828700,Yahoo Finance
2012-10-03,45.177032,45.311820,44.899533,45.081890,4662900,Yahoo Finance
2012-10-04,45.311813,46.104671,45.200810,45.961956,6897300,Yahoo Finance
2012-10-05,46.065022,46.104667,45.066022,45.295952,6078300,Yahoo Finance
2012-10-08,45.660671,46.215672,45.446599,45.668598,6050700,Yahoo Finance
2012-10-09,45.668594,45.858882,45.272166,45.565525,5093300,Yahoo Finance
2012-10-10,45.525893,45.795465,45.137395,45.280109,4141500,Yahoo Finance
2012-10-11,45.621033,46.128461,45.454534,45.716175,5035900,Yahoo Finance
2012-10-12,45.787534,45.787534,45.129460,45.248390,4283900,Yahoo Finance
2012-10-15,45.303892,45.819251,45.129462,45.581394,4193300,Yahoo Finance
2012-10-16,45.343536,45.866822,44.606178,45.097752,7531600,Yahoo Finance
2012-10-17,45.652773,45.747915,44.122556,44.392128,6255200,Yahoo Finance
2012-10-18,44.241467,44.740968,44.209752,44.407967,5384500,Yahoo Finance
2012-10-19,44.407977,44.471407,43.900548,44.130478,5704800,Yahoo Finance
2012-10-22,44.019459,44.899532,43.963960,44.828175,5723600,Yahoo Finance
2012-10-23,44.463463,44.653747,43.884674,44.542747,5557400,Yahoo Finance
2012-10-24,44.748888,44.931245,44.217674,44.336601,4545000,Yahoo Finance
2012-10-25,44.352449,44.970880,44.241449,44.566521,4701900,Yahoo Finance
2012-10-26,44.511038,44.606180,43.876752,44.225609,3346700,Yahoo Finance
2012-10-31,44.511032,44.526889,44.011530,44.400032,4157700,Yahoo Finance
2012-11-01,44.289052,45.264267,44.289052,45.153267,4833700,Yahoo Finance
2012-11-02,45.208747,45.383177,44.392105,44.439674,4948200,Yahoo Finance
2012-11-05,44.606166,44.717169,43.472383,43.829166,6149600,Yahoo Finance
2012-11-06,43.829182,44.788543,43.329684,44.709255,4880800,Yahoo Finance
2012-11-07,43.908469,43.924326,42.330680,43.020466,13812600,Yahoo Finance
2012-11-08,43.091824,43.591325,42.354466,42.370323,8846100,Yahoo Finance
2012-11-09,42.306887,42.814315,41.736028,41.942173,8585800,Yahoo Finance
2012-11-12,42.053166,42.425807,41.268235,41.387165,5944000,Yahoo Finance
2012-11-13,41.260319,42.005604,41.228604,41.379246,5669900,Yahoo Finance
2012-11-14,41.537830,41.569545,40.515042,40.633972,5792500,Yahoo Finance
2012-11-15,40.649830,41.006616,40.507115,40.633972,6668600,Yahoo Finance
2012-11-16,40.633952,41.379237,40.546738,41.149311,6388000,Yahoo Finance
2012-11-19,41.410960,41.950104,41.109673,41.950104,5868900,Yahoo Finance
2012-11-20,41.958036,42.164180,41.751894,42.132465,4737800,Yahoo Finance
2012-11-21,42.180024,42.576453,41.878737,42.441666,5097000,Yahoo Finance
2012-11-23,42.552671,42.758815,42.417886,42.750885,1709300,Yahoo Finance
2012-11-26,42.013525,42.505096,41.831165,42.441666,5692900,Yahoo Finance
2012-11-27,42.124544,42.679545,41.664685,41.696400,7859400,Yahoo Finance
2012-11-28,41.442675,42.211748,41.418890,41.823246,5744200,Yahoo Finance
2012-11-29,42.227594,43.282096,42.021452,43.099739,10911600,Yahoo Finance
2012-11-30,42.957032,43.512033,42.869817,43.123531,7818600,Yahoo Finance
2012-12-03,43.258320,43.567535,42.679535,42.727104,3861300,Yahoo Finance
2012-12-04,42.782599,43.004601,42.433743,42.449600,5948900,Yahoo Finance
2012-12-05,42.600243,42.996672,42.505101,42.687458,4495100,Yahoo Finance
2012-12-06,42.735038,42.735038,42.243464,42.536823,3771900,Yahoo Finance
2012-12-07,42.825775,42.905379,42.499408,42.881496,4206200,Yahoo Finance
2012-12-10,42.881505,43.247676,42.778025,43.136230,4113500,Yahoo Finance
2012-12-11,43.183979,43.765072,43.048657,43.589947,4970400,Yahoo Finance
2012-12-12,43.781010,44.433745,43.701410,43.980015,7054000,Yahoo Finance
2012-12-13,43.956116,44.091437,43.231739,43.287460,4911800,Yahoo Finance
2012-12-14,43.120290,43.406857,42.921286,43.024769,3468700,Yahoo Finance
2012-12-17,43.048654,43.422780,42.969050,43.271538,6336900,Yahoo Finance
2012-12-18,43.478504,44.051638,43.359104,43.741192,4637800,Yahoo Finance
2012-12-19,43.876516,43.876516,43.327265,43.375027,5537600,Yahoo Finance
2012-12-20,43.367051,44.186948,43.343171,44.147148,5025900,Yahoo Finance
2012-12-21,44.083486,44.194928,43.327269,43.804878,9440100,Yahoo Finance
2012-12-24,43.621794,43.820799,43.406869,43.661594,1713900,Yahoo Finance
2012-12-26,43.621796,43.661596,43.080503,43.160107,3232400,Yahoo Finance
2012-12-27,43.080495,43.454624,42.945173,43.335220,3245700,Yahoo Finance
2012-12-28,43.056607,43.494417,42.825762,42.873524,3137400,Yahoo Finance
2012-12-31,42.690461,43.191951,42.579019,43.176033,4948700,Yahoo Finance
2013-01-02,43.685476,43.780997,42.992938,43.414829,5358100,Yahoo Finance
2013-01-03,42.539211,42.602894,41.273542,41.384987,14413200,Yahoo Finance
2013-01-04,41.552158,41.974047,41.440716,41.464596,10458000,Yahoo Finance
2013-01-07,41.297433,41.655642,41.034745,41.464596,7804500,Yahoo Finance
2013-01-08,41.392946,41.583992,40.883495,40.915337,8196200,Yahoo Finance
2013-01-09,41.066565,41.790941,40.994923,41.687458,5154300,Yahoo Finance
2013-01-10,41.806865,42.340196,41.655623,42.276516,6506500,Yahoo Finance
2013-01-11,42.507369,42.507369,41.655630,42.045677,10182500,Yahoo Finance
2013-01-14,42.085486,43.319314,41.870561,42.475536,7119900,Yahoo Finance
2013-01-15,42.364078,42.865567,42.356116,42.682484,5802900,Yahoo Finance
2013-01-16,42.698400,42.825763,42.459596,42.714321,6474500,Yahoo Finance
2013-01-17,42.793933,43.406867,42.324282,43.303387,14438900,Yahoo Finance
2013-01-18,43.303397,43.486480,43.160113,43.430759,7023900,Yahoo Finance
2013-01-22,43.502386,44.648651,43.430744,44.592930,9330000,Yahoo Finance
2013-01-23,44.664568,44.776010,44.139196,44.505363,6665700,Yahoo Finance
2013-01-24,44.600887,44.927254,44.497407,44.752132,4221700,Yahoo Finance
2013-01-25,44.863582,44.879502,44.354131,44.608856,5604700,Yahoo Finance
2013-01-28,44.911342,44.998905,44.417812,44.425774,5736900,Yahoo Finance
2013-01-29,44.378008,45.126264,44.322287,44.799896,7317600,Yahoo Finance
2013-01-30,44.776019,44.927261,44.513332,44.640697,6269200,Yahoo Finance
2013-01-31,44.449654,44.608859,43.948162,43.948162,6957500,Yahoo Finance
2013-02-01,44.370049,44.449650,44.075520,44.393929,6369500,Yahoo Finance
2013-02-04,44.035714,44.871532,44.035714,44.378002,4795700,Yahoo Finance
2013-02-05,45.428737,46.033713,45.237695,45.985950,8645500,Yahoo Finance
2013-02-06,45.723281,45.802885,45.452635,45.675522,5266100,Yahoo Finance
2013-02-07,45.659589,45.771031,45.094417,45.412823,6050700,Yahoo Finance
2013-02-08,45.500390,46.376009,45.468549,45.962082,4554600,Yahoo Finance
2013-02-11,45.818798,45.938199,45.412827,45.468548,4166800,Yahoo Finance
2013-02-12,45.532238,45.675522,45.317313,45.380993,4448600,Yahoo Finance
2013-02-13,45.380989,45.667556,45.174026,45.556114,4261200,Yahoo Finance
2013-02-14,45.380981,45.548147,45.174018,45.412823,5173800,Yahoo Finance
2013-02-15,45.420795,45.763083,45.404874,45.627758,5750400,Yahoo Finance
2013-02-19,43.144183,45.277511,43.016820,45.102386,14566200,Yahoo Finance
2013-02-20,44.982985,45.038709,43.932241,43.948162,7542900,Yahoo Finance
2013-02-21,44.234711,44.529237,43.685460,43.972027,6357300,Yahoo Finance
2013-02-22,44.099401,44.107360,43.183979,43.359104,8400700,Yahoo Finance
2013-02-25,43.534226,43.581988,42.419802,42.427761,6807800,Yahoo Finance
2013-02-26,42.594916,42.666558,41.798898,42.228748,6325100,Yahoo Finance
2013-02-27,42.157120,42.992938,42.133240,42.881496,5133800,Yahoo Finance
2013-02-28,42.841706,42.953148,42.499418,42.547180,5879800,Yahoo Finance
2013-03-01,42.459603,42.817811,42.093435,42.602886,6972100,Yahoo Finance
2013-03-04,42.435721,42.586963,42.292437,42.443680,4783000,Yahoo Finance
2013-03-05,42.531246,42.857614,42.332242,42.586967,4911700,Yahoo Finance
2013-03-06,42.634714,42.937199,42.467548,42.674515,5562600,Yahoo Finance
2013-03-07,42.793922,43.128251,42.738201,42.825764,4455700,Yahoo Finance
2013-03-08,42.961103,43.183987,42.602894,42.833740,4584400,Yahoo Finance
2013-03-11,42.849657,43.494430,42.785974,43.152142,4008700,Yahoo Finance
2013-03-12,43.120305,43.781001,43.048666,43.645679,5466300,Yahoo Finance
2013-03-13,43.695223,43.855045,43.431516,43.535400,4343000,Yahoo Finance
2013-03-14,43.615300,43.799095,43.199764,43.735165,5066800,Yahoo Finance
2013-03-15,43.655255,43.871015,43.487440,43.735165,7888300,Yahoo Finance
2013-03-18,43.391533,44.326490,43.375550,43.950909,5974200,Yahoo Finance
2013-03-19,43.950937,44.270582,43.887007,44.086784,5486600,Yahoo Finance
2013-03-20,44.326511,44.374456,43.799100,43.855038,4528800,Yahoo Finance
2013-03-21,43.703210,44.230621,43.655266,43.998882,4953700,Yahoo Finance
2013-03-22,44.062810,44.190668,43.335622,43.519417,5415900,Yahoo Finance
2013-03-25,43.671257,44.046836,43.503442,43.839069,5142500,Yahoo Finance
2013-03-26,44.062802,44.574230,44.022847,44.470348,6059700,Yahoo Finance
2013-03-27,44.390438,45.573117,44.302536,45.245483,8525800,Yahoo Finance
2013-03-28,45.277448,45.796870,45.141602,45.716957,5685400,Yahoo Finance
2013-04-01,45.677015,47.435053,45.557148,47.123402,9006100,Yahoo Finance
2013-04-02,49.249012,51.102941,49.145127,49.336914,22664600,Yahoo Finance
2013-04-03,49.872316,50.144013,49.241021,49.280975,10140400,Yahoo Finance
2013-04-04,49.344908,49.944239,49.137141,49.568657,7648400,Yahoo Finance
2013-04-05,49.480756,49.992188,49.265000,49.624596,6841300,Yahoo Finance
2013-04-08,49.600608,49.840339,48.977305,49.456768,4545600,Yahoo Finance
2013-04-09,49.616614,50.000185,49.504739,49.688534,4405900,Yahoo Finance
2013-04-10,49.800387,50.024136,49.616593,49.872307,4400600,Yahoo Finance
2013-04-11,49.856331,50.343787,49.808386,50.327805,4738900,Yahoo Finance
2013-04-12,50.207944,50.567540,50.040129,50.367764,4162000,Yahoo Finance
2013-04-15,50.120034,50.343783,49.209051,49.217041,4625600,Yahoo Finance
2013-04-16,49.688528,50.343796,49.360894,50.191967,4976400,Yahoo Finance
2013-04-17,49.856336,50.463660,49.512720,49.568657,8429000,Yahoo Finance
2013-04-18,47.459003,48.545789,46.372216,47.698734,14015000,Yahoo Finance
2013-04-19,47.898519,48.545797,47.522941,47.978432,6524600,Yahoo Finance
2013-04-22,47.938487,48.026386,46.859689,47.323174,6020900,Yahoo Finance
2013-04-23,47.522936,47.674766,46.444139,46.779766,6277700,Yahoo Finance
2013-04-24,47.067456,47.347142,46.923616,46.979553,5883000,Yahoo Finance
2013-04-25,47.251267,47.475016,46.835730,47.419079,5669100,Yahoo Finance
2013-04-26,47.355136,48.066345,47.251254,47.530941,5798100,Yahoo Finance
2013-04-29,47.906531,48.338050,47.794656,47.954475,4861600,Yahoo Finance
2013-04-30,48.058349,48.250136,47.315179,47.890537,5701800,Yahoo Finance
2013-05-01,47.914505,48.298077,47.387094,47.722721,4897800,Yahoo Finance
2013-05-02,47.714735,48.250139,47.459021,47.530941,6072500,Yahoo Finance
2013-05-03,47.778653,47.970438,47.043473,47.083427,5149500,Yahoo Finance
2013-05-06,47.451028,48.529823,47.403081,48.106297,5609600,Yahoo Finance
2013-05-07,48.010415,48.849478,47.890547,48.346039,4830700,Yahoo Finance
2013-05-08,48.202187,50.160002,48.194197,49.952232,10032800,Yahoo Finance
2013-05-09,49.744461,49.992185,49.113165,49.552673,6416700,Yahoo Finance
2013-05-10,49.576651,50.335804,49.392856,50.271873,5015700,Yahoo Finance
2013-05-13,50.080088,50.183973,49.752454,49.856339,3490400,Yahoo Finance
2013-05-14,49.784417,49.928257,49.185086,49.328926,5390300,Yahoo Finance
2013-05-15,49.161128,49.768448,48.881438,49.233047,6808200,Yahoo Finance
2013-05-16,48.985289,49.824352,48.905380,49.656540,6904800,Yahoo Finance
2013-05-17,49.744465,50.591520,49.720493,50.215939,5840800,Yahoo Finance
2013-05-20,50.128031,50.279860,49.880306,49.992184,2688200,Yahoo Finance
2013-05-21,50.000167,50.367756,49.904275,50.239899,3248400,Yahoo Finance
2013-05-22,49.544676,50.559543,49.169094,49.768425,6317500,Yahoo Finance
2013-05-23,49.616611,50.199960,49.400852,49.832371,4479100,Yahoo Finance
2013-05-24,49.560667,49.960221,49.137141,49.592632,4697900,Yahoo Finance
2013-05-28,49.936246,50.807273,49.864326,50.615486,5341000,Yahoo Finance
2013-05-29,50.599502,50.783296,50.191958,50.623474,5009100,Yahoo Finance
2013-05-30,50.687421,51.862110,50.359787,51.670326,5671300,Yahoo Finance
2013-05-31,51.502491,51.822136,50.024143,50.048119,5888300,Yahoo Finance
2013-06-03,50.255895,50.343797,49.616609,50.183975,3756200,Yahoo Finance
2013-06-04,50.024155,50.335810,49.480761,49.832371,5151100,Yahoo Finance
2013-06-05,50.351792,50.431705,49.265008,49.344917,5380100,Yahoo Finance
2013-06-06,49.344908,49.480755,48.705622,49.480755,4711400,Yahoo Finance
2013-06-07,49.760448,50.287859,49.304956,50.000179,5214700,Yahoo Finance
2013-06-10,50.008163,51.062985,50.000170,50.887180,5256600,Yahoo Finance
2013-06-11,50.463657,51.590396,50.104058,51.086960,6063400,Yahoo Finance
2013-06-12,51.334681,51.550443,50.839235,51.007050,3891100,Yahoo Finance
2013-06-13,51.127449,51.536788,50.686004,51.488632,4379500,Yahoo Finance
2013-06-14,51.472572,51.729413,51.039155,51.207706,3122600,Yahoo Finance
2013-06-17,51.601003,52.363498,51.448501,51.665215,4975000,Yahoo Finance
2013-06-18,52.090587,52.740715,51.737429,52.716637,5183300,Yahoo Finance
2013-06-19,52.732711,53.101926,52.355481,52.379559,6370200,Yahoo Finance
2013-06-20,52.010338,52.026388,51.087314,51.207706,5748300,Yahoo Finance
2013-06-21,51.520727,52.034409,50.910727,51.287964,7806500,Yahoo Finance
2013-06-24,50.958893,52.202967,50.934812,51.889942,5717100,Yahoo Finance
2013-06-25,52.194944,52.604286,51.095344,51.151527,4959100,Yahoo Finance
2013-06-26,51.392318,52.219024,51.384290,51.994289,4851700,Yahoo Finance
2013-06-27,52.219001,53.125975,52.138740,53.045708,4483600,Yahoo Finance
2013-06-28,52.668497,53.077833,52.202971,52.556129,6867800,Yahoo Finance
2013-07-01,52.885203,53.262439,52.588228,52.676517,3736500,Yahoo Finance
2013-07-02,52.515993,52.700600,52.210996,52.387569,4484800,Yahoo Finance
2013-07-03,52.138741,52.845052,51.889928,52.604267,2271100,Yahoo Finance
2013-07-05,52.941392,53.125999,52.387576,53.109943,2356500,Yahoo Finance
2013-07-08,53.735990,54.241650,53.262442,54.225594,6192500,Yahoo Finance
2013-07-09,54.594808,54.939938,54.008892,54.554680,4275700,Yahoo Finance
2013-07-10,54.578750,55.180721,54.265725,54.329937,4383900,Yahoo Finance
2013-07-11,54.795459,55.020200,54.297833,54.867699,6588900,Yahoo Finance
2013-07-12,55.036249,55.172694,54.329938,54.578751,4645600,Yahoo Finance
2013-07-15,54.683083,54.731245,54.145323,54.273746,3813600,Yahoo Finance
2013-07-16,53.968747,54.057037,53.422959,53.703884,5459600,Yahoo Finance
2013-07-17,53.784146,54.129276,52.909277,53.158096,8904300,Yahoo Finance
2013-07-18,55.662311,56.866254,55.309158,56.625469,14082900,Yahoo Finance
2013-07-19,56.673608,57.861494,56.312427,57.347813,7504900,Yahoo Finance
2013-07-22,57.436076,58.222655,57.307659,57.933708,5038000,Yahoo Finance
2013-07-23,57.957837,58.383229,57.644812,58.343102,3934300,Yahoo Finance
2013-07-24,58.439373,58.712270,57.933719,58.214638,6023300,Yahoo Finance
2013-07-25,57.853476,58.286896,57.548473,58.286896,3840600,Yahoo Finance
2013-07-26,57.893605,58.262814,57.444135,57.957817,3826000,Yahoo Finance
2013-07-29,57.877567,58.479539,57.757172,58.423355,3835300,Yahoo Finance
2013-07-30,58.495582,58.768479,57.773221,58.005978,5375400,Yahoo Finance
2013-07-31,58.166519,59.121649,58.166519,58.471516,5964700,Yahoo Finance
2013-08-01,58.776490,59.009247,58.511621,58.720306,3254000,Yahoo Finance
2013-08-02,58.615988,58.615988,57.733098,57.997967,3622500,Yahoo Finance
2013-08-05,58.078215,59.057423,58.030060,58.864788,2871000,Yahoo Finance
2013-08-06,58.736363,58.888865,58.214654,58.784519,3089500,Yahoo Finance
2013-08-07,58.736376,58.912955,58.286906,58.527691,2807300,Yahoo Finance
2013-08-08,58.712300,59.129664,58.479537,58.736378,2171600,Yahoo Finance
2013-08-09,58.752420,59.065445,58.005975,58.535713,2556900,Yahoo Finance
2013-08-12,58.118347,58.262814,57.797294,58.102291,3043300,Yahoo Finance
2013-08-13,58.134378,58.904901,58.038061,58.872795,2627400,Yahoo Finance
2013-08-14,58.744400,58.832690,58.038083,58.182556,3079000,Yahoo Finance
2013-08-15,57.781230,58.286890,57.283604,57.307682,3402000,Yahoo Finance
2013-08-16,57.107041,57.773224,56.986645,57.331776,3323600,Yahoo Finance
2013-08-19,57.412045,57.949805,57.355861,57.556519,2794800,Yahoo Finance
2013-08-20,57.668855,58.463455,57.476226,58.158459,3110000,Yahoo Finance
2013-08-21,57.933765,58.062182,57.363899,57.668896,3314200,Yahoo Finance
2013-08-22,57.821374,58.383212,57.652823,57.765190,2959400,Yahoo Finance
2013-08-23,57.797283,58.367149,57.717022,58.222675,3215600,Yahoo Finance
2013-08-26,58.302954,58.527689,58.014007,58.094269,2797700,Yahoo Finance
2013-08-27,57.749126,57.901627,57.243472,57.403996,3626200,Yahoo Finance
2013-08-28,57.307688,57.917687,57.267554,57.420055,3297700,Yahoo Finance
2013-08-29,57.259525,58.455446,57.107030,58.142422,5243500,Yahoo Finance
2013-08-30,58.158452,58.439371,57.379902,57.580559,4186200,Yahoo Finance
2013-09-03,57.636767,58.407290,57.620718,58.238739,3801500,Yahoo Finance
2013-09-04,58.158456,58.872795,57.949771,58.872795,3333600,Yahoo Finance
2013-09-05,58.864773,59.579118,58.704250,59.426617,2861600,Yahoo Finance
2013-09-06,59.587150,60.028598,58.230712,59.442677,3584100,Yahoo Finance
2013-09-09,59.482809,59.835968,59.217940,59.595177,2629600,Yahoo Finance
2013-09-10,59.876088,59.908194,59.266088,59.900166,3925400,Yahoo Finance
2013-09-11,60.085447,60.576894,59.884034,60.568836,3819200,Yahoo Finance
2013-09-12,60.681661,60.826679,60.182155,60.214382,2823800,Yahoo Finance
2013-09-13,60.359384,60.625251,59.714867,60.004902,3421000,Yahoo Finance
2013-09-16,60.496325,61.132790,60.399651,60.520500,4224800,Yahoo Finance
2013-09-17,60.512470,60.705825,59.561801,59.867947,5138100,Yahoo Finance
2013-09-18,59.739050,59.771276,58.361387,58.844776,7725600,Yahoo Finance
2013-09-19,58.885054,58.909228,56.895100,57.072338,8322900,Yahoo Finance
2013-09-20,56.838718,57.805497,56.717869,56.854828,9088700,Yahoo Finance
2013-09-23,57.040120,57.958562,56.895102,57.861881,4482500,Yahoo Finance
2013-09-24,58.151926,58.764223,57.708816,58.264717,4855200,Yahoo Finance
2013-09-25,58.248603,58.538638,57.894115,57.990795,4812900,Yahoo Finance
2013-09-26,58.006907,58.659483,57.942454,58.135815,2413200,Yahoo Finance
2013-09-27,57.765174,58.095494,57.604046,57.998814,3548000,Yahoo Finance
2013-09-30,57.434887,57.741033,57.209306,57.692696,4183600,Yahoo Finance
2013-10-01,57.797409,58.764194,57.724903,58.474159,4322300,Yahoo Finance
2013-10-02,58.200251,58.514455,58.063292,58.466118,2705700,Yahoo Finance
2013-10-03,58.409747,58.796463,58.216393,58.425858,5038300,Yahoo Finance
2013-10-04,58.409714,58.925330,58.192191,58.804482,4297600,Yahoo Finance
2013-10-07,58.482236,58.570858,58.135812,58.143864,4787000,Yahoo Finance
2013-10-08,58.006884,58.345256,57.547663,57.587948,6049100,Yahoo Finance
2013-10-09,57.773252,57.910211,57.346257,57.507385,4464100,Yahoo Finance
2013-10-10,58.111633,59.602093,57.877993,59.602093,4894300,Yahoo Finance
2013-10-11,59.561786,59.835705,59.215356,59.835705,2935800,Yahoo Finance
2013-10-14,59.505427,60.270794,59.231502,60.198288,2562200,Yahoo Finance
2013-10-15,60.029063,60.367435,59.424825,59.513447,2922900,Yahoo Finance
2013-10-16,60.021018,60.818611,59.924338,60.576920,4368600,Yahoo Finance
2013-10-17,57.821584,58.715858,57.241520,57.499329,21810200,Yahoo Finance
2013-10-18,57.410716,57.483221,54.413692,55.396587,21080600,Yahoo Finance
2013-10-21,55.307989,55.404663,54.051168,54.945442,11496900,Yahoo Finance
2013-10-22,54.961530,56.097495,54.961530,55.477146,7647300,Yahoo Finance
2013-10-23,55.195173,55.275737,54.502312,54.792347,8227700,Yahoo Finance
2013-10-24,54.792339,55.098484,54.123647,54.470078,6352500,Yahoo Finance
2013-10-25,54.389504,54.929289,54.204202,54.478127,6892500,Yahoo Finance
2013-10-28,54.421746,54.623158,53.753054,53.930298,6989300,Yahoo Finance
2013-10-29,53.881951,54.905131,53.857782,54.848736,5860000,Yahoo Finance
2013-10-30,54.880969,55.324074,54.598986,54.792347,4360500,Yahoo Finance
2013-10-31,55.106542,55.356292,54.671490,54.993752,4216700,Yahoo Finance
2013-11-01,55.001816,55.348246,54.744008,55.291851,4459000,Yahoo Finance
2013-11-04,55.412704,55.799420,55.074332,55.549664,3698700,Yahoo Finance
2013-11-05,55.187124,55.541613,55.001822,55.364368,3328700,Yahoo Finance
2013-11-06,55.485222,57.217368,55.428827,56.629246,5479400,Yahoo Finance
2013-11-07,57.120663,57.185116,56.121657,56.202221,4497300,Yahoo Finance
2013-11-08,56.153896,56.822589,56.105559,56.798420,3741900,Yahoo Finance
2013-11-11,56.983722,57.160961,56.629234,56.798420,3082600,Yahoo Finance
2013-11-12,56.774247,57.120677,56.290857,56.355305,3604800,Yahoo Finance
2013-11-13,56.355314,57.305983,56.242523,57.209309,3879500,Yahoo Finance
2013-11-14,57.475159,57.684630,57.152903,57.555729,3581200,Yahoo Finance
2013-11-15,57.305986,57.974678,57.273759,57.902172,3872600,Yahoo Finance
2013-11-18,57.982743,58.087476,57.604086,57.749104,3263700,Yahoo Finance
2013-11-19,57.813545,57.934393,57.410719,57.692696,4260900,Yahoo Finance
2013-11-20,57.910225,58.699766,57.732987,57.990795,5031300,Yahoo Finance
2013-11-21,58.321094,59.360385,58.304984,58.740036,4368000,Yahoo Finance
2013-11-22,58.740051,59.416795,58.651429,59.408737,3178400,Yahoo Finance
2013-11-25,59.618215,60.149948,59.449029,59.674610,3773900,Yahoo Finance
2013-11-26,59.787367,60.415774,59.658466,60.037117,4635400,Yahoo Finance
2013-11-27,60.157991,60.367462,59.682660,59.908241,3640600,Yahoo Finance
2013-11-29,60.093518,60.367442,59.803489,60.004902,2025600,Yahoo Finance
2013-12-02,59.328163,59.980738,59.328163,59.747105,4276000,Yahoo Finance
2013-12-03,59.730994,59.730994,58.748099,59.400681,5162400,Yahoo Finance
2013-12-04,59.052902,60.177032,58.664719,59.562401,5548700,Yahoo Finance
2013-12-05,59.295528,59.586669,58.664726,58.834557,4104700,Yahoo Finance
2013-12-06,59.222749,59.619021,58.907341,59.441101,3886000,Yahoo Finance
2013-12-09,59.441114,60.096177,59.384504,59.619034,3988600,Yahoo Finance
2013-12-10,59.602837,60.177035,59.586665,59.885895,3741100,Yahoo Finance
2013-12-11,59.910167,59.926339,58.147152,58.341244,7304300,Yahoo Finance
2013-12-12,58.381692,58.689004,57.346528,57.427399,5815300,Yahoo Finance
2013-12-13,57.581058,58.114818,56.982605,56.998783,4737000,Yahoo Finance
2013-12-16,57.200942,57.726606,57.039193,57.467815,4369500,Yahoo Finance
2013-12-17,57.597234,57.597234,56.772334,57.200962,4280100,Yahoo Finance
2013-12-18,57.443561,58.608124,57.176681,58.535336,4975700,Yahoo Finance
2013-12-19,58.365507,58.656647,57.961145,58.543427,4359200,Yahoo Finance
2013-12-20,58.737520,59.627120,58.729437,59.319801,7511500,Yahoo Finance
2013-12-23,59.716067,60.322609,59.610935,60.128517,3263100,Yahoo Finance
2013-12-24,60.007210,60.185130,59.780769,59.950600,1253500,Yahoo Finance
2013-12-26,60.201317,60.629939,60.071919,60.532890,2121000,Yahoo Finance
2013-12-27,60.654179,60.912970,60.314517,60.403477,2859900,Yahoo Finance
2013-12-30,60.532871,60.686531,60.096161,60.476261,1983800,Yahoo Finance
2013-12-31,60.654197,61.090908,60.354967,60.896816,2280000,Yahoo Finance
2014-01-02,60.581423,60.888735,60.257932,60.306454,3067000,Yahoo Finance
2014-01-03,60.492471,61.268845,60.330723,60.735085,3206400,Yahoo Finance
2014-01-06,60.993840,60.993840,59.942504,60.039547,3424500,Yahoo Finance
2014-01-07,60.605672,62.538518,60.605672,61.875366,6542500,Yahoo Finance
2014-01-08,61.729813,61.834945,61.042400,61.155621,6172200,Yahoo Finance
2014-01-09,61.179856,61.656999,61.179856,61.527607,6291500,Yahoo Finance
2014-01-10,61.624683,61.705560,60.290295,60.411598,6632200,Yahoo Finance
2014-01-13,60.387315,60.654195,59.586682,59.796951,5248700,Yahoo Finance
2014-01-14,59.885908,60.120432,59.594767,59.861641,5783900,Yahoo Finance
2014-01-15,59.837375,60.540966,59.837375,60.524788,7043300,Yahoo Finance
2014-01-16,59.950609,60.524801,58.349341,58.842663,8892800,Yahoo Finance
2014-01-17,59.133813,59.133813,58.470661,58.648575,5551300,Yahoo Finance
2014-01-21,58.810302,59.538153,58.559600,59.166142,6379300,Yahoo Finance
2014-01-22,59.707984,59.788855,59.230835,59.360233,4864700,Yahoo Finance
2014-01-23,58.794110,59.594749,58.624279,59.198471,5050300,Yahoo Finance
2014-01-24,58.899284,58.972066,57.726632,57.904552,5523600,Yahoo Finance
2014-01-27,57.669993,58.389755,57.532511,57.944962,4233600,Yahoo Finance
2014-01-28,57.944990,58.519182,57.799419,57.993511,2932700,Yahoo Finance
2014-01-29,57.734706,59.004400,57.289906,57.629574,6005100,Yahoo Finance
2014-01-30,57.985412,59.069103,57.847930,58.875011,4254000,Yahoo Finance
2014-01-31,58.122902,58.511086,57.783234,58.454475,4291500,Yahoo Finance
2014-02-03,58.341255,58.397865,57.128171,57.209042,4526100,Yahoo Finance
2014-02-04,57.257563,57.419305,56.448841,57.023033,4646100,Yahoo Finance
2014-02-05,56.562069,57.581055,56.473109,57.273743,4394300,Yahoo Finance
2014-02-06,57.233282,57.467812,56.683351,57.314159,4765600,Yahoo Finance
2014-02-07,57.014928,57.944960,56.699527,57.710430,6902900,Yahoo Finance
2014-02-10,57.346509,57.475901,56.262818,56.400299,7774000,Yahoo Finance
2014-02-11,56.416490,57.314173,56.270920,57.111992,5543000,Yahoo Finance
2014-02-12,57.346521,57.661922,56.594409,56.804672,4120600,Yahoo Finance
2014-02-13,56.715727,57.807508,56.553985,57.589149,3788000,Yahoo Finance
2014-02-14,57.548700,59.716070,57.419301,59.457279,6848800,Yahoo Finance
2014-02-18,59.457273,60.346873,59.400663,59.707981,5538400,Yahoo Finance
2014-02-19,59.481556,60.096181,59.376418,59.481556,3926500,Yahoo Finance
2014-02-20,59.521989,59.934439,59.222765,59.424946,4134000,Yahoo Finance
2014-02-21,59.384494,59.926337,59.311706,59.691807,4552300,Yahoo Finance
2014-02-24,59.958684,62.085621,59.845463,61.470997,9559000,Yahoo Finance
2014-02-25,61.446766,61.576158,60.759347,60.913006,3761800,Yahoo Finance
2014-02-26,60.921061,61.568035,60.476261,61.511425,5433200,Yahoo Finance
2014-02-27,61.284992,61.794491,61.139422,61.479084,4227300,Yahoo Finance
2014-02-28,61.495261,62.845826,61.301169,62.489986,6176600,Yahoo Finance
2014-03-03,62.029049,62.643680,61.891567,62.352539,3673400,Yahoo Finance
2014-03-04,62.870088,63.541330,62.708346,63.185490,5164500,Yahoo Finance
2014-03-05,63.290632,63.484724,62.740700,63.072273,3917600,Yahoo Finance
2014-03-06,63.201654,63.355307,62.716422,62.789204,4200500,Yahoo Finance
2014-03-07,63.088441,63.136962,62.303979,62.595119,3434700,Yahoo Finance
2014-03-10,62.498094,62.999504,62.360612,62.983326,2986400,Yahoo Finance
2014-03-11,63.007588,63.444293,62.692181,62.902451,3471200,Yahoo Finance
2014-03-12,62.723913,63.064802,62.683334,62.983639,2875400,Yahoo Finance
2014-03-13,63.113471,63.389427,62.464153,62.504738,3178600,Yahoo Finance
2014-03-14,62.512857,62.512857,61.400908,61.441486,5128700,Yahoo Finance
2014-03-17,61.798597,62.512842,61.758012,62.301819,3517900,Yahoo Finance
2014-03-18,62.472265,63.348843,62.309933,63.308258,3670800,Yahoo Finance
2014-03-19,63.365101,65.175071,63.259589,64.899109,9060100,Yahoo Finance
2014-03-20,64.590666,66.222067,64.468918,66.173370,7786500,Yahoo Finance
2014-03-21,66.709037,67.626193,65.986674,66.019135,11828100,Yahoo Finance
2014-03-24,66.270777,66.327592,65.629577,65.970467,5306200,Yahoo Finance
2014-03-25,66.222075,66.676601,65.726978,65.824371,4588800,Yahoo Finance
2014-03-26,66.132799,66.798347,65.800022,66.181496,6910000,Yahoo Finance
2014-03-27,66.213963,66.473689,65.564645,65.759438,5453900,Yahoo Finance
2014-03-28,66.067867,66.838926,65.954237,66.246429,4787400,Yahoo Finance
2014-03-31,66.619743,66.773951,66.075943,66.546692,3513700,Yahoo Finance
2014-04-01,66.838928,67.407083,66.213965,66.424988,4339800,Yahoo Finance
2014-04-02,66.181497,66.343823,65.962349,66.238312,3832100,Yahoo Finance
2014-04-03,66.270743,66.838892,66.230159,66.757729,4214700,Yahoo Finance
2014-04-04,67.114881,67.309674,66.043510,66.173370,4788100,Yahoo Finance
2014-04-07,66.149010,66.538602,65.540277,65.808121,5286700,Yahoo Finance
2014-04-08,65.800018,66.189610,65.020840,65.467247,4044900,Yahoo Finance
2014-04-09,65.580848,66.197693,65.337352,66.059715,3308900,Yahoo Finance
2014-04-10,66.084114,66.546751,64.753017,64.923462,4850000,Yahoo Finance
2014-04-11,64.744856,64.907188,63.973796,64.079308,3418700,Yahoo Finance
2014-04-14,64.477020,64.671813,63.616673,64.265991,4013700,Yahoo Finance
2014-04-15,64.412111,64.704304,63.356971,64.533859,4719100,Yahoo Finance
2014-04-16,64.517601,64.558186,62.878082,63.462467,8098100,Yahoo Finance
2014-04-17,61.230449,62.212538,59.745138,61.506405,13422900,Yahoo Finance
2014-04-21,61.441466,62.074554,60.702873,60.832733,6912500,Yahoo Finance
2014-04-22,61.027563,61.839207,60.832764,61.490200,6199400,Yahoo Finance
2014-04-23,61.530776,61.741805,60.962627,61.141190,4645700,Yahoo Finance
2014-04-24,61.806703,62.561532,61.611910,62.163822,4604900,Yahoo Finance
2014-04-25,62.147613,62.731998,61.060012,61.409019,5416200,Yahoo Finance
2014-04-28,61.969026,62.155707,61.214197,61.473923,5346800,Yahoo Finance
2014-04-29,61.644401,61.855430,60.784060,61.035667,4813200,Yahoo Finance
2014-04-30,61.076233,61.839181,60.808389,60.905788,6435900,Yahoo Finance
2014-05-01,60.913903,61.197977,60.272703,60.832733,4598000,Yahoo Finance
2014-05-02,60.613589,61.141159,60.475611,60.897663,3794700,Yahoo Finance
2014-05-05,60.735361,61.124947,60.305191,61.060020,4476100,Yahoo Finance
2014-05-06,60.978844,61.360318,60.784051,61.084362,4728200,Yahoo Finance
2014-05-07,61.352167,63.267648,60.938234,63.235188,6383500,Yahoo Finance
2014-05-08,63.162174,63.356967,62.285597,62.407345,4943100,Yahoo Finance
2014-05-09,62.350505,62.740097,62.188179,62.456017,3465600,Yahoo Finance
2014-05-12,62.658925,63.324473,62.577762,63.097214,3110900,Yahoo Finance
2014-05-13,63.194652,63.486844,62.926807,63.340748,3059000,Yahoo Finance
2014-05-14,63.348837,63.348837,62.447912,62.634586,2635300,Yahoo Finance
2014-05-15,62.626473,62.756333,61.871643,62.074554,3075200,Yahoo Finance
2014-05-16,61.969036,62.228762,61.693080,62.212532,2974600,Yahoo Finance
2014-05-19,62.025854,62.683290,61.977157,62.658936,2149100,Yahoo Finance
2014-05-20,62.650816,62.821261,61.977150,62.220646,2806500,Yahoo Finance
2014-05-21,62.261231,63.210854,62.196298,63.080994,2401200,Yahoo Finance
2014-05-22,63.072868,63.819579,63.007935,63.584202,3146900,Yahoo Finance
2014-05-23,63.835861,64.119935,63.600483,63.933254,2251500,Yahoo Finance
2014-05-27,64.306605,64.387768,63.843968,64.209206,2645500,Yahoo Finance
2014-05-28,64.095563,64.290356,63.551763,63.779022,2250900,Yahoo Finance
2014-05-29,63.795280,64.468947,63.373227,64.420250,3526800,Yahoo Finance
2014-05-30,64.314700,64.720522,64.022508,64.631241,5139900,Yahoo Finance
2014-06-02,64.744909,64.874775,64.379671,64.501419,1986400,Yahoo Finance
2014-06-03,64.371508,65.077640,64.347159,64.834145,2841100,Yahoo Finance
2014-06-04,64.712408,65.394186,64.509497,65.345490,3552900,Yahoo Finance
2014-06-05,65.321129,65.540270,64.671811,64.769211,3453700,Yahoo Finance
2014-06-06,64.923437,65.191281,64.582548,64.874741,3286600,Yahoo Finance
2014-06-09,64.972133,65.134459,64.330933,64.736755,2801700,Yahoo Finance
2014-06-10,64.606907,64.931566,64.501395,64.777351,2459200,Yahoo Finance
2014-06-11,64.736748,65.207497,64.460786,65.069519,2733500,Yahoo Finance
2014-06-12,65.057290,65.236692,64.502778,64.780037,2560000,Yahoo Finance
2014-06-13,64.698479,64.722948,64.095041,64.568008,2265200,Yahoo Finance
2014-06-16,64.568039,64.592501,63.450858,63.605797,4542900,Yahoo Finance
2014-06-17,63.524248,63.809657,63.222526,63.744419,3430900,Yahoo Finance
2014-06-18,63.744413,64.722968,63.426385,64.592491,4823000,Yahoo Finance
2014-06-19,64.706638,65.880900,64.633249,65.652573,4538600,Yahoo Finance
2014-06-20,65.913545,66.451745,65.611823,66.386513,7366500,Yahoo Finance
2014-06-23,66.370169,66.582190,66.035834,66.451714,3066900,Yahoo Finance
2014-06-24,66.402819,67.185659,66.394663,66.655609,4685500,Yahoo Finance
2014-06-25,66.337587,67.177509,65.897239,67.144890,3629200,Yahoo Finance
2014-06-26,67.259042,67.259042,66.590366,67.104103,2915900,Yahoo Finance
2014-06-27,66.614817,66.957308,66.304939,66.867607,4755600,Yahoo Finance
2014-06-30,67.095942,67.307963,66.541430,66.663750,3916100,Yahoo Finance
2014-07-01,66.655581,67.153011,66.582192,66.777901,5482400,Yahoo Finance
2014-07-02,66.704534,67.291659,66.109247,67.267197,3693500,Yahoo Finance
2014-07-03,67.348755,68.041900,67.128584,67.968506,2183400,Yahoo Finance
2014-07-07,67.674905,67.764606,66.696357,67.047005,2558500,Yahoo Finance
2014-07-08,66.883928,66.924703,66.362034,66.810539,2967300,Yahoo Finance
2014-07-09,66.851287,67.479188,66.777893,67.471031,3079500,Yahoo Finance
2014-07-10,66.280484,67.283501,66.092932,66.932854,3829400,Yahoo Finance
2014-07-11,66.802390,67.789095,66.647457,67.577080,2758400,Yahoo Finance
2014-07-14,67.952215,69.061240,67.854358,68.718742,3794500,Yahoo Finance
2014-07-15,68.531125,69.101944,68.278335,68.416962,4356300,Yahoo Finance
2014-07-16,68.555578,68.604503,67.862440,68.302788,3955200,Yahoo Finance
2014-07-17,68.702429,71.140650,68.033753,69.403725,7117900,Yahoo Finance
2014-07-18,69.697260,69.950050,68.849182,69.738029,3892100,Yahoo Finance
2014-07-21,69.493384,69.550466,68.522986,69.362907,4025100,Yahoo Finance
2014-07-22,69.737998,70.749171,69.697229,70.170197,4366900,Yahoo Finance
2014-07-23,70.382244,70.577959,69.941896,70.080528,2596300,Yahoo Finance
2014-07-24,69.680964,70.398572,69.550494,69.868523,4022400,Yahoo Finance
2014-07-25,68.596407,69.322165,68.498550,69.053062,3362600,Yahoo Finance
2014-07-28,69.338444,70.047895,68.987797,69.925575,2206900,Yahoo Finance
2014-07-29,69.281411,69.770685,68.490415,68.718742,4897800,Yahoo Finance
2014-07-30,69.118296,69.207997,66.639300,67.642311,7171800,Yahoo Finance
2014-07-31,66.680059,67.014400,65.685204,66.092934,5345400,Yahoo Finance
2014-08-01,66.166304,66.924681,65.693337,66.451714,4625100,Yahoo Finance
2014-08-04,66.533287,67.299820,66.182645,67.087799,3197700,Yahoo Finance
2014-08-05,66.728980,67.299798,65.701500,66.043991,4599500,Yahoo Finance
2014-08-06,66.011395,66.965487,65.840149,66.459900,3311300,Yahoo Finance
2014-08-07,66.052183,66.125571,64.551741,64.633286,5465400,Yahoo Finance
2014-08-08,64.755589,65.391646,64.209227,65.334564,3713400,Yahoo Finance
2014-08-11,65.554712,65.766733,65.040975,65.130676,3460000,Yahoo Finance
2014-08-12,64.918684,65.554741,64.853446,65.416115,3206200,Yahoo Finance
2014-08-13,65.742268,66.598495,65.554709,66.468025,3049900,Yahoo Finance
2014-08-14,66.631132,66.924698,65.367175,66.720833,2241100,Yahoo Finance
2014-08-15,67.038847,67.095929,65.897204,66.435410,2442700,Yahoo Finance
2014-08-18,66.680078,67.259060,66.337587,67.144890,2795800,Yahoo Finance
2014-08-19,67.267178,68.302814,66.908380,68.066330,3549300,Yahoo Finance
2014-08-20,67.634156,68.294676,67.161189,68.033730,2579600,Yahoo Finance
2014-08-21,68.180504,68.580077,68.164191,68.310974,2648500,Yahoo Finance
2014-08-22,68.172400,68.498585,68.058237,68.319183,2089300,Yahoo Finance
2014-08-25,68.816580,69.110145,68.457776,68.694260,1988100,Yahoo Finance
2014-08-26,68.865465,69.591223,68.620831,69.411827,2267800,Yahoo Finance
2014-08-27,69.460790,70.920463,69.281389,70.439339,5800700,Yahoo Finance
2014-08-28,70.129455,70.944914,69.738032,70.406708,2749700,Yahoo Finance
2014-08-29,70.741057,71.132480,70.414872,70.683975,3297500,Yahoo Finance
2014-09-02,71.042759,71.124304,69.933735,70.447472,3726100,Yahoo Finance
2014-09-03,70.765510,71.230321,70.471944,70.773666,2824400,Yahoo Finance
2014-09-04,70.749202,72.127323,70.708426,70.993835,3650100,Yahoo Finance
2014-09-05,70.904157,71.597302,70.732911,71.556526,3873500,Yahoo Finance
2014-09-08,71.515737,71.760377,71.287410,71.686989,2298000,Yahoo Finance
2014-09-09,71.760363,72.453502,71.344478,72.217018,4409400,Yahoo Finance
2014-09-10,72.425833,72.474967,70.992713,71.451309,3355800,Yahoo Finance
2014-09-11,71.050047,71.344861,70.591444,71.312103,3034500,Yahoo Finance
2014-09-12,71.443125,71.443125,70.313009,70.575066,2582400,Yahoo Finance
2014-09-15,70.673354,71.099193,70.288457,70.452240,2441800,Yahoo Finance
2014-09-16,70.427659,71.549591,70.304819,71.377617,2973700,Yahoo Finance
2014-09-17,71.205653,71.705199,70.812572,71.238411,3302700,Yahoo Finance
2014-09-18,71.590554,72.040966,71.402204,71.762527,2584000,Yahoo Finance
2014-09-19,72.483186,72.655160,71.770717,71.901749,6486300,Yahoo Finance
2014-09-22,71.901747,72.425860,71.639691,71.877174,2335400,Yahoo Finance
2014-09-23,71.508654,71.811659,70.738861,70.910835,2640200,Yahoo Finance
2014-09-24,70.935413,72.442235,70.919031,72.237503,2661500,Yahoo Finance
2014-09-25,71.893537,72.065511,70.452225,70.575066,3657100,Yahoo Finance
2014-09-26,70.632414,71.222042,70.353982,70.919037,2260500,Yahoo Finance
2014-09-29,70.083743,71.205668,70.083743,70.845345,3114800,Yahoo Finance
2014-09-30,70.984547,71.312119,70.525950,70.632408,2843200,Yahoo Finance
2014-10-01,70.427667,70.640590,69.289360,69.510468,4140200,Yahoo Finance
2014-10-02,69.485922,69.829870,68.568728,69.526871,3047000,Yahoo Finance
2014-10-03,69.911764,70.656984,69.666084,70.444061,3108100,Yahoo Finance
2014-10-06,70.959971,71.205645,69.567793,69.682442,2596100,Yahoo Finance
2014-10-07,69.526879,69.715229,68.732520,68.945442,3412900,Yahoo Finance
2014-10-08,69.027309,71.115568,68.781629,70.935410,4787400,Yahoo Finance
2014-10-09,70.714307,70.878096,69.305752,69.559624,4432800,Yahoo Finance
2014-10-10,69.682428,71.099173,69.649676,69.928108,4036800,Yahoo Finance
2014-10-13,69.788872,70.386685,68.593241,68.748833,3672600,Yahoo Finance
2014-10-14,69.068252,69.256608,67.602379,67.823486,5929500,Yahoo Finance
2014-10-15,67.291167,67.954501,66.103726,67.282982,8308900,Yahoo Finance
2014-10-16,69.412187,71.000900,68.871693,69.928108,10233000,Yahoo Finance
2014-10-17,71.123733,72.728827,71.041841,72.212906,8532800,Yahoo Finance
2014-10-20,72.262056,72.753410,72.065515,72.507736,4890900,Yahoo Finance
2014-10-21,73.015474,74.587811,72.761602,74.481346,5882100,Yahoo Finance
2014-10-22,74.882619,74.882619,73.465873,73.515007,4290300,Yahoo Finance
2014-10-23,74.473172,74.751604,74.047327,74.243874,3159200,Yahoo Finance
2014-10-24,74.243865,75.095543,74.186534,75.046410,2977300,Yahoo Finance
2014-10-27,74.874439,75.570525,74.833490,75.447685,3948900,Yahoo Finance
2014-10-28,74.563244,75.979983,73.998183,75.865334,4741300,Yahoo Finance
2014-10-29,76.078277,76.717039,75.906303,76.127411,4330400,Yahoo Finance
2014-10-30,75.799838,77.101935,75.750705,76.880821,2836400,Yahoo Finance
2014-10-31,77.798015,78.346694,77.232953,77.806206,5031500,Yahoo Finance
2014-11-03,78.166536,78.346701,77.388558,77.683372,4001200,Yahoo Finance
2014-11-04,77.789847,78.289393,77.175652,77.781662,4437300,Yahoo Finance
2014-11-05,78.264800,78.625129,77.814388,78.453156,3454700,Yahoo Finance
2014-11-06,78.649709,79.141064,78.535060,78.788925,3743200,Yahoo Finance
2014-11-07,78.207492,78.387657,76.168367,76.659721,6155400,Yahoo Finance
2014-11-10,76.717041,77.798024,76.569634,77.593292,4087700,Yahoo Finance
2014-11-11,77.838978,78.412224,77.568731,78.363091,2291400,Yahoo Finance
2014-11-12,77.986344,78.592348,77.404901,78.354858,2897700,Yahoo Finance
2014-11-13,78.322089,79.222906,78.125548,78.535011,2767700,Yahoo Finance
2014-11-14,78.633320,78.715217,77.691559,77.888100,2709600,Yahoo Finance
2014-11-17,77.961783,79.181988,77.666970,79.001823,3297600,Yahoo Finance
2014-11-18,79.427662,80.754325,79.313013,80.410378,4320800,Yahoo Finance
2014-11-19,80.033704,80.590574,79.263911,79.321236,3433800,Yahoo Finance
2014-11-20,78.993646,79.313026,78.756156,79.313026,3316700,Yahoo Finance
2014-11-21,79.763433,80.287546,79.100098,79.198372,4408600,Yahoo Finance
2014-11-24,79.656957,79.673339,79.034577,79.353958,3998800,Yahoo Finance
2014-11-25,79.435855,80.369430,79.362154,80.172890,4066300,Yahoo Finance
2014-11-26,80.246598,80.860793,80.107382,80.344872,2765900,Yahoo Finance
2014-11-28,80.828023,81.417651,80.606916,80.770699,2177500,Yahoo Finance
2014-12-01,80.868999,81.753441,80.262995,81.122864,4892800,Yahoo Finance
2014-12-02,81.073738,81.892665,80.418594,81.753448,5297200,Yahoo Finance
2014-12-03,82.102774,83.294698,81.954811,82.859032,6689000,Yahoo Finance
2014-12-04,82.891916,82.965900,81.724657,81.930161,4065200,Yahoo Finance
2014-12-05,82.045251,82.785065,81.938391,82.472702,3104900,Yahoo Finance
2014-12-08,82.464450,82.941220,81.905480,82.135643,3085800,Yahoo Finance
2014-12-09,81.412264,83.097389,81.173879,83.039848,3792200,Yahoo Finance
2014-12-10,82.834384,83.039888,81.387643,81.453400,3908700,Yahoo Finance
2014-12-11,81.700012,82.752189,81.576708,81.979500,2940600,Yahoo Finance
2014-12-12,81.856180,82.538454,81.124588,81.182129,3086500,Yahoo Finance
2014-12-15,81.215015,81.995927,80.072416,80.779343,3649300,Yahoo Finance
2014-12-16,80.269690,81.198564,78.707862,78.790062,4843800,Yahoo Finance
2014-12-17,79.365478,81.995921,79.053108,81.494492,6235000,Yahoo Finance
2014-12-18,82.431585,84.059176,82.127444,84.042732,4681000,Yahoo Finance
2014-12-19,83.845483,85.489512,83.845483,84.248268,7986500,Yahoo Finance
2014-12-22,84.322192,84.864718,84.231770,84.700317,2398100,Yahoo Finance
2014-12-23,85.259329,85.431951,84.207152,84.544174,3028600,Yahoo Finance
2014-12-24,84.667479,84.930523,84.289353,84.404434,950700,Yahoo Finance
2014-12-26,84.330452,84.667481,83.976992,84.297577,2019900,Yahoo Finance
2014-12-29,84.157819,84.675692,83.705715,84.116722,1708100,Yahoo Finance
2014-12-30,84.050967,84.716796,84.050967,84.544174,1767600,Yahoo Finance
2014-12-31,84.766091,85.226416,83.048078,83.097397,2313900,Yahoo Finance
2015-01-02,83.434465,84.355123,82.209665,82.842613,3060900,Yahoo Finance
2015-01-05,82.448012,82.571309,81.173888,81.478035,4679000,Yahoo Finance
2015-01-06,82.061719,82.316541,80.935557,81.313683,3468300,Yahoo Finance
2015-01-07,81.346551,82.448053,81.313669,82.143906,3225800,Yahoo Finance
2015-01-08,83.492008,86.295080,82.793297,86.064911,5346100,Yahoo Finance
2015-01-09,85.834731,86.007353,84.585272,85.259323,3397600,Yahoo Finance
2015-01-12,85.349754,85.489495,83.771488,84.297577,3051500,Yahoo Finance
2015-01-13,85.440184,86.804725,83.713948,84.725029,3856500,Yahoo Finance
2015-01-14,83.524900,85.062070,83.171434,84.938766,4725600,Yahoo Finance
2015-01-15,85.127793,85.974467,84.774327,85.867607,5888900,Yahoo Finance
2015-01-16,85.900525,87.133547,85.201814,86.944481,6045500,Yahoo Finance
2015-01-20,87.297900,87.445863,85.900478,86.821136,6526800,Yahoo Finance
2015-01-21,87.560967,89.969469,86.821159,89.862610,8293700,Yahoo Finance
2015-01-22,90.216062,93.808266,89.870817,93.586319,8055200,Yahoo Finance
2015-01-23,93.413708,93.972678,92.065605,92.065605,5256000,Yahoo Finance
2015-01-26,92.065611,92.065611,91.046315,91.745026,4203400,Yahoo Finance
2015-01-27,91.202499,91.449106,90.355825,90.429810,4718300,Yahoo Finance
2015-01-28,90.890113,91.144935,89.147441,89.155663,6633500,Yahoo Finance
2015-01-29,88.900855,90.076335,87.741811,89.920151,4912300,Yahoo Finance
2015-01-30,89.287188,89.920136,87.248590,87.339012,5397500,Yahoo Finance
2015-02-02,87.733583,88.235006,86.369036,88.193909,4657100,Yahoo Finance
2015-02-03,88.243227,88.777538,87.560954,88.621353,4192600,Yahoo Finance
2015-02-04,87.815784,89.385828,87.750022,88.711777,4768900,Yahoo Finance
2015-02-05,89.040569,90.265368,89.040569,89.451576,3297700,Yahoo Finance
2015-02-06,89.262507,89.928343,88.111693,88.448715,3661400,Yahoo Finance
2015-02-09,87.897981,88.152804,87.363671,87.536293,3909700,Yahoo Finance
2015-02-10,88.169239,89.977668,88.062373,89.574883,5437400,Yahoo Finance
2015-02-11,89.377627,90.470901,89.089917,90.298279,3798500,Yahoo Finance
2015-02-12,90.996979,91.062742,89.459817,90.290047,3378000,Yahoo Finance
2015-02-13,90.166739,90.290036,89.336503,89.961235,3727600,Yahoo Finance
2015-02-17,89.879038,90.224289,89.204987,90.224289,3430600,Yahoo Finance
2015-02-18,90.224283,90.602408,89.558447,90.232498,2958700,Yahoo Finance
2015-02-19,90.043435,90.717487,89.961235,90.446220,2674800,Yahoo Finance
2015-02-20,90.388680,92.739641,89.961236,92.575241,4647100,Yahoo Finance
2015-02-23,92.879371,95.756420,92.764289,95.682442,7060000,Yahoo Finance
2015-02-24,95.567382,95.830427,94.794687,94.885109,3582800,Yahoo Finance
2015-02-25,95.205656,95.205656,93.479428,93.750694,3845900,Yahoo Finance
2015-02-26,94.046679,94.219301,93.191783,93.430168,3126800,Yahoo Finance
2015-02-27,93.520553,93.915123,93.224634,93.405472,4016400,Yahoo Finance
2015-03-02,93.405482,94.408341,93.405482,94.038437,2952200,Yahoo Finance
2015-03-03,93.668545,94.112434,92.361545,92.772552,3163700,Yahoo Finance
2015-03-04,92.271084,93.684949,91.777876,93.561646,3180900,Yahoo Finance
2015-03-05,93.767158,95.123482,93.767158,94.359009,2941400,Yahoo Finance
2015-03-06,94.663169,94.663169,92.567030,92.788971,3196900,Yahoo Finance
2015-03-09,92.862952,94.498759,92.780752,94.449440,3942000,Yahoo Finance
2015-03-10,93.923346,94.046649,92.443718,92.443718,3957900,Yahoo Finance
2015-03-11,93.115888,93.684971,92.901447,92.967430,2593700,Yahoo Finance
2015-03-12,93.462301,94.889147,93.322093,94.748932,3258600,Yahoo Finance
2015-03-13,94.386058,95.169582,93.635519,95.054115,3066800,Yahoo Finance
2015-03-16,95.672687,97.891306,95.524229,97.751091,4692200,Yahoo Finance
2015-03-17,97.388192,97.429426,96.431462,96.992302,3303500,Yahoo Finance
2015-03-18,96.852098,99.400617,96.274765,98.938751,5533500,Yahoo Finance
2015-03-19,98.971726,99.878966,98.823268,99.598549,4032500,Yahoo Finance
2015-03-20,100.085188,100.233646,98.146992,98.262459,7195700,Yahoo Finance
2015-03-23,98.542853,99.367617,97.808807,98.179955,4576500,Yahoo Finance
2015-03-24,98.064511,98.674835,97.388205,97.421196,3054700,Yahoo Finance
2015-03-25,98.023261,98.765551,96.093315,96.118057,3385500,Yahoo Finance
2015-03-26,95.730410,96.670641,94.518005,95.878868,2856400,Yahoo Finance
2015-03-27,95.722158,97.503652,95.689166,97.330452,2608500,Yahoo Finance
2015-03-30,100.885167,102.072829,99.408838,99.796478,5178500,Yahoo Finance
2015-03-31,99.631547,99.738764,97.503653,97.561386,4573100,Yahoo Finance
2015-04-01,98.575846,98.575846,96.118051,96.868584,4826200,Yahoo Finance
2015-04-02,96.992307,97.635622,96.390232,96.794365,2497100,Yahoo Finance
2015-04-06,95.689164,97.751075,95.631430,97.074768,2544700,Yahoo Finance
2015-04-07,98.518106,98.831521,96.720120,96.786102,2528500,Yahoo Finance
2015-04-08,97.140756,98.006761,96.885081,97.478912,2627000,Yahoo Finance
2015-04-09,97.182009,97.949041,96.992311,97.775841,2247200,Yahoo Finance
2015-04-10,97.775808,98.229425,97.297444,98.146950,2232600,Yahoo Finance
2015-04-13,99.796481,100.052156,98.254170,98.452118,3961000,Yahoo Finance
2015-04-14,98.427389,99.120195,97.751083,98.905754,3208800,Yahoo Finance
2015-04-15,99.285153,99.582069,96.126310,96.761375,7344000,Yahoo Finance
2015-04-16,100.563517,100.885175,99.400597,100.291344,7068000,Yahoo Finance
2015-04-17,99.796487,99.837728,97.107753,97.907776,4390000,Yahoo Finance
2015-04-20,98.848000,99.243890,97.379921,97.800552,4650700,Yahoo Finance
2015-04-21,98.146989,98.666588,97.949047,98.377922,3379800,Yahoo Finance
2015-04-22,98.592358,98.922265,96.637663,97.165512,3846700,Yahoo Finance
2015-04-23,96.893336,97.800576,96.464455,97.536652,3244300,Yahoo Finance
2015-04-24,97.553155,98.221212,97.338715,97.891312,3139200,Yahoo Finance
2015-04-27,98.295430,98.485129,95.730412,95.870621,5174300,Yahoo Finance
2015-04-28,96.406714,97.107763,94.254079,96.984047,4144800,Yahoo Finance
2015-04-29,95.854136,96.761376,92.406620,93.701500,7122600,Yahoo Finance
2015-04-30,93.635523,94.295337,91.647843,91.878777,6705600,Yahoo Finance
2015-05-01,92.612810,93.742740,92.159187,93.363342,5805100,Yahoo Finance
2015-05-04,93.775733,94.790196,93.569542,94.485031,3531500,Yahoo Finance
2015-05-05,93.973686,94.254103,93.206655,93.503571,3960400,Yahoo Finance
2015-05-06,94.023140,94.427273,92.917959,93.602509,3369800,Yahoo Finance
2015-05-07,93.322107,94.963387,93.289116,94.649979,3300200,Yahoo Finance
2015-05-08,95.614936,96.159277,94.889146,95.408745,3066000,Yahoo Finance
2015-05-11,95.351001,95.499459,94.616961,94.658195,3376400,Yahoo Finance
2015-05-12,94.212860,94.913909,93.882953,94.551010,3844600,Yahoo Finance
2015-05-13,94.534492,95.920096,94.534492,95.557198,3667700,Yahoo Finance
2015-05-14,96.645892,97.833555,95.845870,97.759323,4771400,Yahoo Finance
2015-05-15,97.965506,98.435621,97.577865,98.419128,3083800,Yahoo Finance
2015-05-18,98.328413,98.955236,98.014999,98.806778,2824700,Yahoo Finance
2015-05-19,98.823266,99.903705,98.716049,99.425346,3554900,Yahoo Finance
2015-05-20,99.573836,100.497568,98.996497,99.994461,3379200,Yahoo Finance
2015-05-21,99.598567,99.664544,99.012985,99.351135,2983500,Yahoo Finance
2015-05-22,99.219179,99.615063,98.262449,98.633591,2945900,Yahoo Finance
2015-05-26,98.328413,98.633572,97.074768,97.520142,3014500,Yahoo Finance
2015-05-27,98.047997,98.848019,97.544890,98.518112,2887700,Yahoo Finance
2015-05-28,98.402636,98.823268,97.561379,98.658318,2873600,Yahoo Finance
2015-05-29,99.021227,100.307864,97.107774,99.144943,6019900,Yahoo Finance
2015-06-01,99.417095,99.433587,97.940766,98.856255,3876400,Yahoo Finance
2015-06-02,98.551101,98.707808,96.835596,97.116013,4219500,Yahoo Finance
2015-06-03,97.322212,98.138727,96.868589,97.610878,3438100,Yahoo Finance
2015-06-04,97.256211,97.297452,95.697407,96.208763,3300300,Yahoo Finance
2015-06-05,95.944859,96.291259,95.144837,96.109810,2724500,Yahoo Finance
2015-06-08,95.986072,97.050019,95.936588,96.423203,3271300,Yahoo Finance
2015-06-09,96.439713,96.810854,95.499482,96.489197,3047300,Yahoo Finance
2015-06-10,96.522195,98.048008,96.274770,97.775841,4006400,Yahoo Finance
2015-06-11,98.074017,99.341250,97.916646,98.827728,3815600,Yahoo Finance
2015-06-12,98.430141,98.562666,97.320279,97.444519,3076600,Yahoo Finance
2015-06-15,96.765334,100.119774,96.077879,98.546089,6809500,Yahoo Finance
2015-06-16,98.678632,101.196536,98.562676,100.674736,7229400,Yahoo Finance
2015-06-17,100.964599,101.213073,98.703453,99.175560,4805900,Yahoo Finance
2015-06-18,99.713953,100.533927,99.324671,100.128082,3478300,Yahoo Finance
2015-06-19,99.929295,100.119791,99.308102,99.664253,4178700,Yahoo Finance
2015-06-22,100.740962,101.237922,99.341211,99.597969,4435600,Yahoo Finance
2015-06-23,100.525646,101.685201,100.227472,101.660355,4991000,Yahoo Finance
2015-06-24,101.710071,101.875720,98.645513,98.703491,4650500,Yahoo Finance
2015-06-25,99.034785,102.215298,98.976807,101.320778,6149500,Yahoo Finance
2015-06-26,102.530031,102.795073,101.652080,102.082771,16358200,Yahoo Finance
2015-06-29,101.080590,101.900563,100.310310,100.376572,3604000,Yahoo Finance
2015-06-30,101.395291,101.825988,100.219167,101.047424,4982600,Yahoo Finance
2015-07-01,101.834301,102.414086,101.229677,102.190453,3269300,Yahoo Finance
2015-07-02,102.554868,102.604561,100.235744,100.890068,3682300,Yahoo Finance
2015-07-06,99.059618,101.958520,98.778014,101.179962,6522800,Yahoo Finance
2015-07-07,101.345622,101.710057,97.577046,99.970711,6476200,Yahoo Finance
2015-07-08,98.604081,99.382638,98.065712,98.380447,4009800,Yahoo Finance
2015-07-09,99.424084,99.854775,98.819453,98.844299,3315600,Yahoo Finance
2015-07-10,100.210895,101.668630,99.970699,101.171677,4033500,Yahoo Finance
2015-07-13,101.958512,102.496881,100.890059,101.420143,3766900,Yahoo Finance
2015-07-14,101.196555,103.697891,101.047468,103.532242,4192400,Yahoo Finance
2015-07-15,103.490797,104.401885,102.546584,104.244514,5067300,Yahoo Finance
2015-07-16,103.880080,103.946342,101.130265,103.474236,7216600,Yahoo Finance
2015-07-17,103.283707,103.515624,102.455449,102.579689,3702700,Yahoo Finance
2015-07-20,102.745378,102.894464,101.320773,101.585815,3199700,Yahoo Finance
2015-07-21,101.519546,101.643786,99.672528,100.103226,4239100,Yahoo Finance
2015-07-22,100.194345,100.417972,99.457196,99.896172,3384700,Yahoo Finance
2015-07-23,100.740995,100.782411,98.363899,98.836006,4896100,Yahoo Finance
2015-07-24,98.662067,99.159021,97.386550,97.684723,3840600,Yahoo Finance
2015-07-27,97.634995,97.808928,96.624526,97.634995,3752300,Yahoo Finance
2015-07-28,98.347309,100.691280,98.148529,100.649864,5216900,Yahoo Finance
2015-07-29,100.898344,101.138539,99.904437,100.649864,3924400,Yahoo Finance
2015-07-30,100.335158,100.981198,99.018231,99.854767,3732400,Yahoo Finance
2015-07-31,99.780211,101.643791,99.780211,100.550491,3593000,Yahoo Finance
2015-08-03,100.724429,101.188251,99.506889,100.128082,2541300,Yahoo Finance
2015-08-04,100.699570,100.740979,99.581423,100.086655,2058200,Yahoo Finance
2015-08-05,100.848639,102.902715,100.848639,102.637672,3831900,Yahoo Finance
2015-08-06,103.010401,103.234027,100.881779,101.080559,3014900,Yahoo Finance
2015-08-07,100.807245,100.931485,99.606274,100.898354,2276300,Yahoo Finance
2015-08-10,101.461570,102.157303,100.997747,101.445007,2480000,Yahoo Finance
2015-08-11,100.442830,101.892281,100.442830,101.262810,2756000,Yahoo Finance
2015-08-12,100.434534,100.865225,98.604085,100.384834,3005300,Yahoo Finance
2015-08-13,100.492526,101.039172,99.631137,99.821632,3253400,Yahoo Finance
2015-08-14,99.863035,100.368273,99.606277,100.235748,2040500,Yahoo Finance
2015-08-17,99.722231,102.662542,99.639406,102.554871,2951800,Yahoo Finance
2015-08-18,102.604578,104.534420,102.554884,103.946358,4140200,Yahoo Finance
2015-08-19,103.292032,103.523944,101.751472,102.057930,3411500,Yahoo Finance
2015-08-20,101.246224,101.395311,99.216995,99.216995,3201600,Yahoo Finance
2015-08-21,97.941483,98.397028,96.086188,96.309814,5627800,Yahoo Finance
2015-08-24,91.820652,93.121016,78.684484,91.464500,8824900,Yahoo Finance
2015-08-25,93.593125,94.910052,90.942703,91.091789,8109900,Yahoo Finance
2015-08-26,93.228695,94.280586,91.340269,93.974129,7503200,Yahoo Finance
2015-08-27,95.456686,97.593592,95.216490,97.543892,5783700,Yahoo Finance
2015-08-28,97.229155,97.601868,96.077878,97.138046,3333100,Yahoo Finance
2015-08-31,97.080093,98.380457,95.382168,95.829422,4087000,Yahoo Finance
2015-09-01,93.891313,94.603615,92.822860,93.286682,4658100,Yahoo Finance
2015-09-02,94.280573,94.918329,93.203836,94.611877,4522100,Yahoo Finance
2015-09-03,95.034295,96.011639,93.974126,94.413101,3137100,Yahoo Finance
2015-09-04,93.178990,93.651096,92.151952,93.063034,3394900,Yahoo Finance
2015-09-08,94.529043,96.251821,94.148046,96.152428,3990600,Yahoo Finance
2015-09-09,97.566577,97.924269,95.520250,95.728210,3753500,Yahoo Finance
2015-09-10,95.536863,98.107253,95.437046,97.133995,5525700,Yahoo Finance
2015-09-11,96.634916,98.880889,96.377047,98.739471,3752500,Yahoo Finance
2015-09-14,99.013982,99.404948,97.450124,97.990822,2686500,Yahoo Finance
2015-09-15,98.664590,100.328271,97.683019,99.845802,3072100,Yahoo Finance
2015-09-16,100.045419,100.952129,99.446500,100.777443,3475700,Yahoo Finance
2015-09-17,101.068628,104.079893,100.569525,102.532669,5466500,Yahoo Finance
2015-09-18,101.659231,102.956900,101.334814,101.875511,7458400,Yahoo Finance
2015-09-21,102.723965,103.372800,100.977102,103.098297,3476700,Yahoo Finance
2015-09-22,101.018738,102.973562,101.018738,102.258179,4566800,Yahoo Finance
2015-09-23,102.316387,103.322913,101.517821,102.549301,3131300,Yahoo Finance
2015-09-24,101.775690,102.008605,99.213620,100.727570,4735800,Yahoo Finance
2015-09-25,101.634268,101.825594,95.852980,96.801277,8060200,Yahoo Finance
2015-09-28,96.119171,96.343765,92.342615,93.748421,5727000,Yahoo Finance
2015-09-29,93.906468,95.545195,92.841713,95.012817,5142700,Yahoo Finance
2015-09-30,95.986065,97.258780,95.561824,96.501808,4638600,Yahoo Finance
2015-10-01,96.443576,97.084091,95.586782,97.000908,3768300,Yahoo Finance
2015-10-02,95.778124,98.864252,95.511936,98.847618,3521600,Yahoo Finance
2015-10-05,99.546343,100.103674,98.265308,99.529709,3491200,Yahoo Finance
2015-10-06,99.371684,99.488141,95.387166,96.535110,4652000,Yahoo Finance
2015-10-07,96.876158,97.167301,95.328934,96.851204,4282000,Yahoo Finance
2015-10-08,96.851194,97.275434,95.578479,96.560051,3646500,Yahoo Finance
2015-10-09,96.485180,99.379987,96.460225,99.213615,4485100,Yahoo Finance
2015-10-12,98.997312,102.374581,98.622980,101.908752,5840000,Yahoo Finance
2015-10-13,102.449493,104.803597,101.143497,103.139915,6655700,Yahoo Finance
2015-10-14,103.023453,103.980071,100.519611,101.542778,5592200,Yahoo Finance
2015-10-15,98.988998,100.236759,96.460203,99.962250,8012400,Yahoo Finance
2015-10-16,100.527912,100.527912,98.639637,99.804214,4416500,Yahoo Finance
2015-10-19,99.637879,100.577863,99.155409,100.428131,3707500,Yahoo Finance
2015-10-20,100.353233,101.126845,99.562987,100.170227,3278400,Yahoo Finance
2015-10-21,100.394838,100.486341,95.886257,98.248688,5305600,Yahoo Finance
2015-10-22,98.331884,99.013993,91.560701,94.671783,10475000,Yahoo Finance
2015-10-23,95.204127,97.009225,94.863076,96.426933,5497500,Yahoo Finance
2015-10-26,96.426956,97.325346,95.661665,96.934380,3377100,Yahoo Finance
2015-10-27,96.817904,99.421562,96.410304,99.296791,4008400,Yahoo Finance
2015-10-28,99.621229,99.937326,96.418644,99.637863,4405500,Yahoo Finance
2015-10-29,99.646192,101.210050,99.404957,99.579643,3257500,Yahoo Finance
2015-10-30,99.762602,100.128614,97.974144,97.974144,4237800,Yahoo Finance
2015-11-02,98.689553,99.779262,98.024078,98.731148,3874200,Yahoo Finance
2015-11-03,98.298563,98.539797,96.701431,97.874329,2758200,Yahoo Finance
2015-11-04,97.824453,97.949230,94.879736,95.362206,5396100,Yahoo Finance
2015-11-05,95.645021,97.134010,94.522032,96.684822,4009100,Yahoo Finance
2015-11-06,95.852971,96.327120,94.838125,95.503593,4106900,Yahoo Finance
2015-11-09,94.937969,95.362209,94.006311,95.046112,2755100,Yahoo Finance
2015-11-10,95.054364,96.659815,94.854724,96.401947,2842600,Yahoo Finance
2015-11-11,96.784659,97.208900,95.120978,95.279030,2374200,Yahoo Finance
2015-11-12,94.630183,95.445384,93.607017,93.848251,3341300,Yahoo Finance
2015-11-13,93.573737,94.014611,92.484028,92.675354,3767300,Yahoo Finance
2015-11-16,92.251104,94.946265,92.159601,94.680077,2450000,Yahoo Finance
2015-11-17,94.605247,96.027694,94.139412,95.154259,1981400,Yahoo Finance
2015-11-18,95.037788,97.766224,94.621868,97.533310,3319900,Yahoo Finance
2015-11-19,91.327777,94.588590,91.178045,92.026520,15731900,Yahoo Finance
2015-11-20,92.242793,95.195829,92.001558,93.973022,7059400,Yahoo Finance
2015-11-23,93.973021,95.237416,93.249318,93.299232,3780400,Yahoo Finance
2015-11-24,92.650401,94.372310,92.384212,94.156036,3244800,Yahoo Finance
2015-11-25,94.388943,95.703253,93.997977,95.170876,2959200,Yahoo Finance
2015-11-27,95.237387,96.410285,94.896336,95.112610,1740400,Yahoo Finance
2015-11-30,95.295648,95.511928,93.681882,93.756744,4605200,Yahoo Finance
2015-12-01,94.438828,96.801258,94.039548,96.709755,5467000,Yahoo Finance
2015-12-02,97.110772,99.734033,97.002168,98.280380,6071100,Yahoo Finance
2015-12-03,98.414068,98.815073,95.598655,96.074852,4286600,Yahoo Finance
2015-12-04,96.567747,98.790003,96.275346,98.363930,3588200,Yahoo Finance
2015-12-07,98.489237,98.489237,96.241920,96.835083,3164300,Yahoo Finance
2015-12-08,96.033090,97.202698,95.197656,96.810043,3551900,Yahoo Finance
2015-12-09,96.409023,97.595337,95.790804,96.116623,3839100,Yahoo Finance
2015-12-10,96.116632,97.787499,95.523468,97.085732,3202600,Yahoo Finance
2015-12-11,97.085739,98.029777,95.757403,96.893593,3830800,Yahoo Finance
2015-12-14,96.810043,97.528516,95.598667,96.784981,3867200,Yahoo Finance
2015-12-15,97.637122,98.998876,97.461681,98.255341,3124100,Yahoo Finance
2015-12-16,98.831788,100.051520,97.662180,99.274567,3516900,Yahoo Finance
2015-12-17,99.274561,101.162636,99.115827,99.600380,3945800,Yahoo Finance
2015-12-18,99.090763,99.299621,96.759903,96.759903,7574800,Yahoo Finance
2015-12-21,97.386459,98.388976,96.910262,98.088226,3185200,Yahoo Finance
2015-12-22,98.739895,98.865205,97.085733,98.113319,2821600,Yahoo Finance
2015-12-23,98.497622,99.274576,98.205222,99.157616,2479600,Yahoo Finance
2015-12-24,99.023923,99.566956,98.823421,98.865189,900100,Yahoo Finance
2015-12-28,98.798347,99.090747,98.063161,98.856827,1582600,Yahoo Finance
2015-12-29,99.307995,100.594563,99.165966,100.101654,2027600,Yahoo Finance
2015-12-30,100.277086,100.343922,99.132546,99.349754,1747700,Yahoo Finance
2015-12-31,99.115814,99.725683,98.046460,98.280380,2372500,Yahoo Finance
2016-01-04,97.670504,97.670504,95.682169,97.294556,4991000,Yahoo Finance
2016-01-05,97.511796,98.489252,97.085724,97.478378,2816800,Yahoo Finance
2016-01-06,96.726461,97.453290,95.657107,96.484184,2677300,Yahoo Finance
2016-01-07,94.930306,95.314605,93.083999,93.643738,5277200,Yahoo Finance
2016-01-08,93.860944,94.403977,91.697175,92.031349,4422400,Yahoo Finance
2016-01-11,92.323737,92.415635,90.385532,91.546783,4525800,Yahoo Finance
2016-01-12,92.198434,94.512582,91.939452,93.785759,4037800,Yahoo Finance
2016-01-13,93.911073,94.437394,91.003762,91.254395,3434300,Yahoo Finance
2016-01-14,90.845021,93.401452,89.817442,92.532600,4238200,Yahoo Finance
2016-01-15,91.129091,92.440721,90.051381,91.287819,6357000,Yahoo Finance
2016-01-19,93.142467,95.373079,91.563499,94.053093,7122800,Yahoo Finance
2016-01-20,93.643725,96.693058,92.022988,95.899399,8380700,Yahoo Finance
2016-01-21,95.799118,96.475823,93.785728,94.821663,5413900,Yahoo Finance
2016-01-22,95.799151,96.200161,95.147513,95.515106,3622200,Yahoo Finance
2016-01-25,95.673829,96.333822,94.278657,94.721436,2908500,Yahoo Finance
2016-01-26,94.328770,95.389767,93.368020,95.205971,4592500,Yahoo Finance
2016-01-27,95.598647,95.916110,93.434871,93.844238,4720300,Yahoo Finance
2016-01-28,93.810823,94.612838,92.407294,93.050575,3525600,Yahoo Finance
2016-01-29,93.510066,96.208519,92.415650,96.208519,5280800,Yahoo Finance
2016-02-01,95.932817,97.035589,95.331304,96.818375,4333500,Yahoo Finance
2016-02-02,96.033081,96.400674,94.629553,95.139168,2997700,Yahoo Finance
2016-02-03,95.548526,95.548526,92.148312,94.195122,3462300,Yahoo Finance
2016-02-04,94.128290,95.698909,93.601969,95.406502,3608300,Yahoo Finance
2016-02-05,95.297869,95.414829,92.649547,93.334602,3330800,Yahoo Finance
2016-02-08,92.315401,92.833373,90.920229,91.914391,5050200,Yahoo Finance
2016-02-09,91.371357,93.802465,91.179204,92.866783,3680200,Yahoo Finance
2016-02-10,93.008810,95.640426,93.008810,94.186768,3023200,Yahoo Finance
2016-02-11,93.000458,93.309571,91.972872,92.415657,3955000,Yahoo Finance
2016-02-12,92.900188,93.493352,92.073111,93.418159,2552100,Yahoo Finance
2016-02-16,94.094869,96.300413,94.011327,96.200165,3445700,Yahoo Finance
2016-02-17,96.492578,98.906981,96.241946,98.831795,4466000,Yahoo Finance
2016-02-18,98.998835,100.251985,97.795809,98.121628,3847100,Yahoo Finance
2016-02-19,98.163411,99.040619,96.926967,98.313789,4481400,Yahoo Finance
2016-02-22,99.500122,102.039841,99.383162,101.313011,5054800,Yahoo Finance
2016-02-23,100.786665,101.755771,100.477553,101.212738,2804400,Yahoo Finance
2016-02-24,100.193534,100.519352,98.439125,100.419098,2559700,Yahoo Finance
2016-02-25,100.419098,101.279600,100.101636,101.254532,2281700,Yahoo Finance
2016-02-26,101.488475,102.140113,100.995566,101.363159,2877500,Yahoo Finance
2016-02-29,101.170989,101.772502,99.391518,99.500122,4526300,Yahoo Finance
2016-03-01,99.825926,102.106662,99.725678,101.647171,3295600,Yahoo Finance
2016-03-02,101.279599,101.789208,100.561126,101.313011,2670900,Yahoo Finance
2016-03-03,100.970491,101.805925,100.327204,101.772507,3064100,Yahoo Finance
2016-03-04,101.354787,102.081617,100.870235,101.755798,2873900,Yahoo Finance
2016-03-07,101.154279,102.541095,101.003901,101.722374,2315400,Yahoo Finance
2016-03-08,101.321356,102.190207,100.861871,101.638824,2522000,Yahoo Finance
2016-03-09,102.242812,102.444148,101.043212,101.588486,2094000,Yahoo Finance
2016-03-10,101.672372,102.981031,101.009662,102.418976,2638200,Yahoo Finance
2016-03-11,102.737768,105.128578,102.553213,104.944023,3766200,Yahoo Finance
2016-03-14,104.692372,105.715802,104.323262,105.044701,2856400,Yahoo Finance
2016-03-15,104.474255,105.254415,104.088371,104.734306,2610300,Yahoo Finance
2016-03-16,104.348414,105.321519,104.105138,104.776245,2140900,Yahoo Finance
2016-03-17,104.532948,104.826555,102.528023,104.465836,3911400,Yahoo Finance
2016-03-18,104.742675,106.604991,104.465842,106.302994,6948400,Yahoo Finance
2016-03-21,105.900353,106.537905,105.430582,106.319794,2667000,Yahoo Finance
2016-03-22,106.244285,108.064662,105.715786,107.393555,3984000,Yahoo Finance
2016-03-23,107.502578,109.348126,107.393532,108.878342,6166400,Yahoo Finance
2016-03-24,108.190475,109.322970,106.680487,107.871696,4153900,Yahoo Finance
2016-03-28,108.064656,108.635089,107.385152,108.148537,1955100,Yahoo Finance
2016-03-29,108.442163,109.130038,107.829770,108.911934,2463100,Yahoo Finance
2016-03-30,109.130031,109.977309,108.542817,108.786087,2578500,Yahoo Finance
2016-03-31,108.752559,109.029392,107.620064,108.131783,3181800,Yahoo Finance
2016-04-01,107.955614,109.423656,107.678782,108.987434,3901700,Yahoo Finance
2016-04-04,109.473990,109.641763,108.115006,108.626724,2812400,Yahoo Finance
2016-04-05,108.173717,108.601554,106.454014,106.571457,4440000,Yahoo Finance
2016-04-06,106.730831,107.729095,106.437217,107.401932,3021400,Yahoo Finance
2016-04-07,106.965724,107.745884,105.891957,106.428841,3186600,Yahoo Finance
2016-04-08,106.697277,107.502596,105.078236,105.430565,3642300,Yahoo Finance
2016-04-11,105.556405,106.487563,105.556405,105.975845,3119200,Yahoo Finance
2016-04-12,105.950684,106.839896,105.195690,106.370125,2887200,Yahoo Finance
2016-04-13,107.083176,107.930447,106.764397,107.175453,2592400,Yahoo Finance
2016-04-14,107.141897,107.854951,107.007673,107.360008,1674600,Yahoo Finance
2016-04-15,107.284499,107.427107,105.883569,106.814728,2835200,Yahoo Finance
2016-04-18,106.437240,107.401954,106.202354,107.217400,2717400,Yahoo Finance
2016-04-19,109.130039,110.145091,108.316324,109.473984,4340100,Yahoo Finance
2016-04-20,110.136718,113.341251,109.809555,112.351364,7321000,Yahoo Finance
2016-04-21,112.040934,112.410043,111.092994,111.537613,3786000,Yahoo Finance
2016-04-22,112.175221,112.686939,111.613172,112.519165,2782800,Yahoo Finance
2016-04-25,112.166787,112.468785,111.227232,112.225502,2702100,Yahoo Finance
2016-04-26,112.384880,112.921763,111.571165,112.611382,2638000,Yahoo Finance
2016-04-27,112.695275,112.896611,110.648404,111.403404,3358800,Yahoo Finance
2016-04-28,111.395029,112.737244,110.472267,110.791046,3332800,Yahoo Finance
2016-04-29,109.943727,110.631615,108.156907,110.463829,4161100,Yahoo Finance
2016-05-02,111.244017,111.512453,109.826306,110.816193,2887700,Yahoo Finance
2016-05-03,110.203804,111.764124,110.002481,111.118195,3632300,Yahoo Finance
2016-05-04,109.910196,111.076240,109.549471,110.757462,2909300,Yahoo Finance
2016-05-05,110.774258,111.806079,110.606485,110.992363,2054700,Yahoo Finance
2016-05-06,110.807800,110.967190,109.557876,110.765854,2618600,Yahoo Finance
2016-05-09,110.522581,112.066119,110.371588,111.294350,2191800,Yahoo Finance
2016-05-10,111.504074,112.074520,111.218858,112.049355,2223500,Yahoo Finance
2016-05-11,112.191951,112.410056,109.541084,109.633362,3450800,Yahoo Finance
2016-05-12,109.893427,110.136697,108.005944,108.836441,3210400,Yahoo Finance
2016-05-13,108.299523,109.079676,107.838136,108.215630,3137300,Yahoo Finance
2016-05-16,108.005953,109.775993,107.821398,109.591438,2466000,Yahoo Finance
2016-05-17,109.532711,110.077978,108.207277,108.685432,2294500,Yahoo Finance
2016-05-18,108.307940,110.119926,108.156935,109.482368,2246400,Yahoo Finance
2016-05-19,108.794484,109.994078,108.014318,109.054535,2756000,Yahoo Finance
2016-05-20,109.583028,110.556120,109.222302,109.843079,2538100,Yahoo Finance
2016-05-23,109.163598,110.061194,109.062924,109.406868,3036500,Yahoo Finance
2016-05-24,109.692080,111.562794,109.314586,111.227234,2702400,Yahoo Finance
2016-05-25,111.747365,112.661742,111.386640,111.923523,2211300,Yahoo Finance
2016-05-26,111.990619,112.376510,111.285962,111.554398,1499300,Yahoo Finance
2016-05-27,111.554418,112.854686,111.537649,112.410080,1833400,Yahoo Finance
2016-05-31,112.913437,113.039264,111.973881,112.133270,3634100,Yahoo Finance
2016-06-01,112.057726,113.123108,111.587954,112.854660,2618000,Yahoo Finance
2016-06-02,112.628161,114.213646,112.418441,114.121368,4015000,Yahoo Finance
2016-06-03,113.760660,115.027366,113.374769,114.792480,3625600,Yahoo Finance
2016-06-06,114.859583,116.092739,114.515639,115.891403,2959900,Yahoo Finance
2016-06-07,115.899825,116.185041,114.826058,114.876389,2943200,Yahoo Finance
2016-06-08,115.153218,118.189964,114.926717,117.778908,6180800,Yahoo Finance
2016-06-09,117.854402,118.173168,117.057455,118.013779,3682400,Yahoo Finance
2016-06-10,117.653067,117.770509,116.302468,116.805801,2805800,Yahoo Finance
2016-06-13,116.604465,117.552404,115.832696,115.841080,2804300,Yahoo Finance
2016-06-14,115.664914,115.983680,115.211911,115.656517,2970700,Yahoo Finance
2016-06-15,116.073688,116.436043,115.492222,115.669182,2369400,Yahoo Finance
2016-06-16,115.627016,117.042748,114.927573,116.848930,3176100,Yahoo Finance
2016-06-17,116.933224,117.009076,115.070861,116.031540,4430900,Yahoo Finance
2016-06-20,117.320861,117.843331,116.410742,116.730972,3731700,Yahoo Finance
2016-06-21,117.304012,117.329292,116.351768,116.452888,2021400,Yahoo Finance
2016-06-22,116.671969,117.590510,115.980961,116.208481,2375200,Yahoo Finance
2016-06-23,117.430390,117.961283,116.301161,117.295555,2646800,Yahoo Finance
2016-06-24,114.320856,116.815245,113.891070,115.694450,4475100,Yahoo Finance
2016-06-27,114.733802,115.778756,114.169193,115.542801,3996200,Yahoo Finance
2016-06-28,116.469770,117.211339,115.997847,116.891121,4160200,Yahoo Finance
2016-06-29,117.809621,118.551189,117.641083,118.416367,3704500,Yahoo Finance
2016-06-30,118.551172,119.082078,118.180394,118.989380,4730800,Yahoo Finance
2016-07-01,118.955701,119.486594,118.500636,118.702888,2882500,Yahoo Finance
2016-07-05,118.104604,119.587767,118.003484,119.292816,3749300,Yahoo Finance
2016-07-06,118.804044,120.472602,118.795621,119.983833,4083300,Yahoo Finance
2016-07-07,119.975355,120.219745,117.936020,118.652321,3515500,Yahoo Finance
2016-07-08,119.410787,119.478204,117.598984,119.048431,3605500,Yahoo Finance
2016-07-11,119.048412,119.326505,117.986600,118.247849,4084000,Yahoo Finance
2016-07-12,118.728150,118.778710,117.447240,117.860168,4310100,Yahoo Finance
2016-07-13,118.787169,119.318062,117.910753,119.225365,3164700,Yahoo Finance
2016-07-14,119.992225,120.379873,118.374240,118.686035,3000700,Yahoo Finance
2016-07-15,119.368603,120.320860,118.871413,119.098946,3748700,Yahoo Finance
2016-07-18,119.461323,119.579300,117.657942,118.610199,4166300,Yahoo Finance
2016-07-19,118.610230,120.194512,117.405173,120.160797,5326200,Yahoo Finance
2016-07-20,120.902361,121.753484,120.346175,120.523148,5489800,Yahoo Finance
2016-07-21,120.261891,121.121437,119.773123,120.396713,3475100,Yahoo Finance
2016-07-22,121.087761,121.391134,120.438877,121.087761,2697500,Yahoo Finance
2016-07-25,120.969765,121.256281,119.166385,119.436043,2725600,Yahoo Finance
2016-07-26,119.613020,119.823695,118.837736,119.410767,2668100,Yahoo Finance
2016-07-27,118.964155,119.950115,117.902356,119.393929,2684100,Yahoo Finance
2016-07-28,119.124217,120.531526,118.980959,120.303993,2517000,Yahoo Finance
2016-07-29,119.537219,121.264747,119.326543,120.674858,3269700,Yahoo Finance
2016-08-01,120.860226,121.483829,120.539995,120.936066,2494900,Yahoo Finance
2016-08-02,121.188880,121.323715,119.950108,120.649551,2679100,Yahoo Finance
2016-08-03,120.784318,121.028696,120.025880,120.405106,1963600,Yahoo Finance
2016-08-04,120.590501,120.910719,119.882623,120.261848,1890900,Yahoo Finance
2016-08-05,120.784349,120.961309,120.000630,120.497833,2000100,Yahoo Finance
2016-08-08,120.177641,120.565289,119.545615,119.773148,1846400,Yahoo Finance
2016-08-09,120.127047,120.615815,119.393888,119.511879,2140700,Yahoo Finance
2016-08-10,119.554022,119.950092,118.761881,119.823692,1866300,Yahoo Finance
2016-08-11,119.865843,120.556852,119.191680,120.194496,1857500,Yahoo Finance
2016-08-12,119.798360,120.624203,119.242174,120.405106,1787900,Yahoo Finance
2016-08-15,120.472552,120.598952,119.233780,119.343323,2369600,Yahoo Finance
2016-08-16,118.947311,119.343382,118.256302,118.888329,1688500,Yahoo Finance
2016-08-17,119.065274,119.587758,118.534381,119.419220,1849100,Yahoo Finance
2016-08-18,119.385496,120.371455,119.048421,119.806847,1572700,Yahoo Finance
2016-08-19,119.368636,119.874261,119.006280,119.697289,1950200,Yahoo Finance
2016-08-22,119.756245,120.506249,119.419170,119.739388,1587900,Yahoo Finance
2016-08-23,120.278758,120.396736,119.452915,119.672012,2295500,Yahoo Finance
2016-08-24,119.663595,119.731013,117.565264,117.868637,2529800,Yahoo Finance
2016-08-25,117.767496,117.767496,115.475348,115.702881,3891000,Yahoo Finance
2016-08-26,116.014668,116.545574,114.598936,115.129829,3082400,Yahoo Finance
2016-08-29,115.618602,116.326468,115.011856,115.677597,2315900,Yahoo Finance
2016-08-30,115.677619,116.031552,114.809637,115.340530,2026600,Yahoo Finance
2016-08-31,115.070833,115.298366,114.228132,114.649483,2837300,Yahoo Finance
2016-09-01,115.298394,115.433216,114.059622,114.388275,2765400,Yahoo Finance
2016-09-02,115.028739,115.264695,114.405136,115.121437,2390500,Yahoo Finance
2016-09-06,115.129835,115.323666,114.295569,114.582085,2242400,Yahoo Finance
2016-09-07,114.290024,115.102759,113.612747,114.281563,2816300,Yahoo Finance
2016-09-08,113.841310,114.814887,113.790517,114.662506,2826700,Yahoo Finance
2016-09-09,114.044508,114.416998,113.121712,113.121712,3322300,Yahoo Finance
2016-09-12,112.351294,114.899533,112.080378,114.738678,3457400,Yahoo Finance
2016-09-13,113.646619,114.417009,112.910075,113.401100,3331500,Yahoo Finance
2016-09-14,113.333365,114.027577,112.579898,113.180984,4592400,Yahoo Finance
2016-09-15,112.622194,115.212765,112.495210,114.806404,3302900,Yahoo Finance
2016-09-16,114.806466,117.295451,114.738737,117.227722,7421900,Yahoo Finance
2016-09-19,117.405446,118.006532,116.423408,116.558853,3239500,Yahoo Finance
2016-09-20,116.939850,117.278482,116.033990,116.381096,2425700,Yahoo Finance
2016-09-21,116.999083,118.489094,116.821306,118.446762,3506600,Yahoo Finance
2016-09-22,118.937766,119.716629,118.802308,119.403381,3018300,Yahoo Finance
2016-09-23,119.386482,120.029888,118.827728,118.954712,2802000,Yahoo Finance
2016-09-26,118.480685,118.666937,117.591760,118.285973,2636500,Yahoo Finance
2016-09-27,118.514531,119.234128,117.413958,119.191795,3048600,Yahoo Finance
2016-09-28,119.479627,119.970652,118.235135,118.870079,1990400,Yahoo Finance
2016-09-29,118.675343,118.760007,116.694319,117.100693,2201000,Yahoo Finance
2016-09-30,117.828737,118.929310,117.185332,118.522949,4164100,Yahoo Finance
2016-10-03,117.972691,118.285927,116.855183,117.244621,2724400,Yahoo Finance
2016-10-04,117.413926,117.981141,116.118640,116.965233,2452600,Yahoo Finance
2016-10-05,117.007580,117.617114,115.644565,116.491158,4625600,Yahoo Finance
2016-10-06,116.245658,116.398051,114.848785,115.534523,4025300,Yahoo Finance
2016-10-07,116.160941,116.448779,115.119623,115.695312,2568700,Yahoo Finance
2016-10-10,115.957804,117.126106,115.957804,116.897522,2586000,Yahoo Finance
2016-10-11,116.254134,116.567369,113.756675,114.078384,3353600,Yahoo Finance
2016-10-12,114.273064,114.899548,113.138633,114.374664,4287900,Yahoo Finance
2016-10-13,113.993681,113.993681,113.113230,113.604256,3425700,Yahoo Finance
2016-10-14,114.103749,114.721758,113.350282,113.375679,3452900,Yahoo Finance
2016-10-17,113.494245,113.807480,112.622255,113.553513,3602500,Yahoo Finance
2016-10-18,117.845711,121.867027,116.719741,121.392937,10141900,Yahoo Finance
2016-10-19,121.756949,123.907289,120.910357,122.222565,5796000,Yahoo Finance
2016-10-20,122.324183,123.500946,121.892413,122.815208,5203700,Yahoo Finance
2016-10-21,122.129435,123.128421,121.706138,123.069153,3331800,Yahoo Finance
2016-10-24,123.602542,123.788793,121.926292,122.493507,2930200,Yahoo Finance
2016-10-25,122.654394,123.077691,121.570756,121.723137,3095400,Yahoo Finance
2016-10-26,121.697736,121.723133,120.123073,120.410912,3267600,Yahoo Finance
2016-10-27,120.825678,121.274371,119.860563,120.165337,3358000,Yahoo Finance
2016-10-28,119.928301,120.512452,118.048865,118.819267,4033600,Yahoo Finance
2016-10-31,119.200225,119.826695,118.497552,119.648918,3761100,Yahoo Finance
2016-11-01,119.801335,119.801335,117.524011,118.040421,3391400,Yahoo Finance
2016-11-02,117.693310,119.564272,117.617107,117.659439,3149700,Yahoo Finance
2016-11-03,117.828721,118.810771,116.533436,116.685829,2989700,Yahoo Finance
2016-11-04,117.210737,117.583240,116.567331,116.584267,3520700,Yahoo Finance
2016-11-07,118.184356,120.588677,118.142024,120.156906,3896600,Yahoo Finance
2016-11-08,119.665865,121.579160,119.369552,120.978073,4389300,Yahoo Finance
2016-11-09,118.133533,122.070197,115.322853,120.131493,8042400,Yahoo Finance
2016-11-10,120.504022,124.085119,120.216183,123.712616,6075500,Yahoo Finance
2016-11-11,124.203596,124.872398,123.610970,123.958076,4475400,Yahoo Finance
2016-11-14,124.720051,129.460963,124.482993,128.919144,5740400,Yahoo Finance
2016-11-15,129.960454,130.341431,128.267268,128.876816,4910700,Yahoo Finance
2016-11-16,128.673594,129.528647,128.030175,128.258759,3899000,Yahoo Finance
2016-11-17,128.529664,128.614316,127.149714,127.640739,4683000,Yahoo Finance
2016-11-18,127.877838,128.394261,126.480953,126.523285,5664800,Yahoo Finance
2016-11-21,126.751855,127.547654,125.769805,127.336006,3867800,Yahoo Finance
2016-11-22,127.903263,129.469453,127.463032,128.902237,4992100,Yahoo Finance
2016-11-23,128.690524,130.155138,127.801612,129.985809,2697200,Yahoo Finance
2016-11-25,130.316039,130.798603,129.198543,129.367859,1664500,Yahoo Finance
2016-11-28,129.308580,129.401706,126.988912,128.775223,5029600,Yahoo Finance
2016-11-29,132.864301,133.863275,131.374289,133.414581,5827400,Yahoo Finance
2016-11-30,133.843703,135.790113,133.503723,134.566177,7142400,Yahoo Finance
2016-12-01,135.246182,137.456092,135.246182,136.793121,5250200,Yahoo Finance
2016-12-02,136.844087,138.136035,136.470101,136.614594,3480000,Yahoo Finance
2016-12-05,136.155672,136.563650,132.789810,133.979767,5854200,Yahoo Finance
2016-12-06,134.438739,134.489735,132.815306,133.716278,3216700,Yahoo Finance
2016-12-07,134.200797,135.977218,132.891858,135.484238,4552300,Yahoo Finance
2016-12-08,135.492708,136.198179,134.294256,135.416214,3407500,Yahoo Finance
2016-12-09,135.586191,136.130167,134.047759,136.096161,4007200,Yahoo Finance
2016-12-12,134.999736,135.705207,134.081773,135.560715,3471200,Yahoo Finance
2016-12-13,136.334176,137.447640,136.053700,136.453171,3868900,Yahoo Finance
2016-12-14,136.963151,137.524130,134.906240,135.875198,3885700,Yahoo Finance
2016-12-15,135.883691,137.090638,135.509705,136.521164,4422700,Yahoo Finance
2016-12-16,137.167158,139.394059,137.005663,139.343063,7605300,Yahoo Finance
2016-12-19,138.620562,139.343036,137.031134,137.303116,4732600,Yahoo Finance
2016-12-20,137.447601,138.637544,137.192609,137.345596,3131200,Yahoo Finance
2016-12-21,137.201112,137.940576,135.671175,137.124619,2767700,Yahoo Finance
2016-12-22,137.175663,137.592150,136.223708,137.337158,2741700,Yahoo Finance
2016-12-23,137.320163,138.578106,136.461704,138.569611,2044400,Yahoo Finance
2016-12-27,138.765041,139.360026,138.076572,138.238068,1344000,Yahoo Finance
2016-12-28,137.830084,138.756541,137.116118,137.218109,1669100,Yahoo Finance
2016-12-29,137.626115,138.000102,136.325672,136.878143,2476300,Yahoo Finance
2016-12-30,137.158636,137.252133,135.866701,136.028183,2855600,Yahoo Finance
2017-01-03,136.954642,137.923600,135.271705,137.226624,3539700,Yahoo Finance
2017-01-04,137.991555,138.187043,135.773150,137.617569,2695200,Yahoo Finance
2017-01-05,137.481598,138.229570,137.277602,137.847076,2961100,Yahoo Finance
2017-01-06,137.481623,138.493082,136.937647,138.042603,3081300,Yahoo Finance
2017-01-09,137.694127,138.059606,136.657171,137.651627,3040800,Yahoo Finance
2017-01-10,137.073671,138.527102,136.419196,137.337158,3500700,Yahoo Finance
2017-01-11,137.099126,138.493066,136.512649,137.600601,3330600,Yahoo Finance
2017-01-12,137.430648,138.493103,136.750674,138.000122,2555900,Yahoo Finance
2017-01-13,137.830020,138.323000,137.192548,137.524033,3183300,Yahoo Finance
2017-01-17,138.212556,138.518543,133.877737,136.555130,5475800,Yahoo Finance
2017-01-18,136.895114,137.014109,132.670795,134.073242,6591600,Yahoo Finance
2017-01-19,134.073309,136.461705,133.648327,134.889267,4976900,Yahoo Finance
2017-01-20,135.161243,135.824213,134.132781,134.855255,3579100,Yahoo Finance
2017-01-23,134.821196,135.586171,133.070273,135.203690,4062600,Yahoo Finance
2017-01-24,135.450256,137.107683,135.229270,136.359711,3514100,Yahoo Finance
2017-01-25,136.691174,137.677122,136.291690,137.048157,3605800,Yahoo Finance
2017-01-26,137.575091,139.037029,137.056613,138.331558,4202400,Yahoo Finance
2017-01-27,138.969014,139.224006,138.221042,138.535538,3110400,Yahoo Finance
2017-01-30,138.493058,138.935043,137.107614,137.770584,2784600,Yahoo Finance
2017-01-31,137.371107,137.855592,136.002665,137.779099,3037000,Yahoo Finance
2017-02-01,138.331585,139.309038,137.719610,138.297592,3718500,Yahoo Finance
2017-02-02,138.136096,138.756566,136.215170,136.640152,4714000,Yahoo Finance
2017-02-03,136.954638,137.694102,136.172673,137.583603,2762300,Yahoo Finance
2017-02-06,137.277591,138.144557,136.181144,136.427628,3479400,Yahoo Finance
2017-02-07,136.886656,137.422125,135.603203,136.444672,2942700,Yahoo Finance
2017-02-08,135.994173,136.529654,135.492698,136.257660,2339700,Yahoo Finance
2017-02-09,136.257649,137.099118,135.620177,136.368149,3056800,Yahoo Finance
2017-02-10,136.096126,137.345573,136.079136,136.631607,1905900,Yahoo Finance
2017-02-13,136.580638,137.711091,136.580638,137.685593,3275800,Yahoo Finance
2017-02-14,137.226671,138.969100,137.056681,138.654617,2969400,Yahoo Finance
2017-02-15,138.187057,140.150471,138.187057,139.640488,4537900,Yahoo Finance
2017-02-16,140.057021,140.218516,137.974612,139.096558,3191600,Yahoo Finance
2017-02-17,135.144237,136.130198,133.010833,133.971283,12033600,Yahoo Finance
2017-02-21,133.971250,136.691144,133.886262,136.478653,5419000,Yahoo Finance
2017-02-22,136.767637,137.507102,135.688180,136.478653,2725300,Yahoo Finance
2017-02-23,137.124614,138.204071,136.580638,138.204071,2459600,Yahoo Finance
2017-02-24,138.263607,138.620591,137.473147,138.595093,2715700,Yahoo Finance
2017-02-27,138.680081,140.635000,138.382588,140.567001,4071800,Yahoo Finance
2017-02-28,140.643495,141.739942,140.159009,140.567001,4382100,Yahoo Finance
2017-03-01,141.705902,143.303838,141.391420,142.742859,3514200,Yahoo Finance
2017-03-02,143.065869,143.159352,141.909918,142.207397,1889800,Yahoo Finance
2017-03-03,142.207446,143.176404,141.620969,142.963913,2254400,Yahoo Finance
2017-03-06,142.309443,143.941385,142.054464,143.388901,2576500,Yahoo Finance
2017-03-07,143.176379,143.949849,142.734394,143.048889,2702300,Yahoo Finance
2017-03-08,142.908068,143.718554,142.302352,143.249329,2048200,Yahoo Finance
2017-03-09,143.454139,144.239032,143.104365,143.334702,3631400,Yahoo Finance
2017-03-10,143.684452,145.032401,143.377324,145.015335,3716600,Yahoo Finance
2017-03-13,145.023827,145.825760,144.648447,145.211517,3130200,Yahoo Finance
2017-03-14,144.742399,145.186018,143.752763,144.230515,2522600,Yahoo Finance
2017-03-15,144.486372,146.713046,144.426647,146.550949,2807600,Yahoo Finance
2017-03-16,146.798379,146.858092,145.220080,146.141464,3138600,Yahoo Finance
2017-03-17,145.962311,146.346218,144.682614,144.776459,5622900,Yahoo Finance
2017-03-20,144.972664,145.237146,143.257874,143.326126,3928600,Yahoo Finance
2017-03-21,143.897729,144.025707,142.524187,143.070190,4953100,Yahoo Finance
2017-03-22,143.437062,143.650345,141.304232,142.498611,2999800,Yahoo Finance
2017-03-23,141.816076,142.413265,140.570511,141.014130,3947400,Yahoo Finance
2017-03-24,141.730828,142.814296,140.212254,140.766785,5243900,Yahoo Finance
2017-03-27,139.905126,140.860630,139.324990,140.425537,4383000,Yahoo Finance
2017-03-28,140.408408,141.679579,139.777086,141.065323,7327100,Yahoo Finance
2017-03-29,140.476720,140.741189,138.838708,139.435898,5900400,Yahoo Finance
2017-03-30,139.615018,141.560157,139.452934,140.758224,2993800,Yahoo Finance
2017-03-31,140.459627,140.852073,139.700340,139.922150,3496100,Yahoo Finance
2017-04-03,140.442557,141.739321,140.126902,141.270096,3473700,Yahoo Finance
2017-04-04,141.508979,142.003797,140.587595,140.741165,2886000,Yahoo Finance
2017-04-05,141.415134,142.694831,140.954448,141.082413,3541600,Yahoo Finance
2017-04-06,141.150638,141.636930,140.630227,141.056793,2923600,Yahoo Finance
2017-04-07,140.732615,142.046432,140.442540,141.636932,2927800,Yahoo Finance
2017-04-10,141.781984,142.473018,141.005631,141.176254,3234900,Yahoo Finance
2017-04-11,140.672892,141.483365,140.425490,141.474838,3172900,Yahoo Finance
2017-04-12,141.892865,141.978170,140.425477,141.244476,2978700,Yahoo Finance
2017-04-13,140.724126,141.321316,140.485250,140.732666,1979800,Yahoo Finance
2017-04-17,140.758254,142.831359,140.732661,142.626602,4396700,Yahoo Finance
2017-04-18,145.083572,145.228603,143.070181,143.829468,5526200,Yahoo Finance
2017-04-19,144.682609,146.047625,143.914796,144.392548,4703400,Yahoo Finance
2017-04-20,144.622905,146.900765,143.641796,146.346222,3652100,Yahoo Finance
2017-04-21,146.849573,147.267599,145.433371,146.022034,2982300,Yahoo Finance
2017-04-24,147.301707,147.728273,146.482695,147.020172,2830300,Yahoo Finance
2017-04-25,148.018364,149.076252,147.753895,148.479050,3394700,Yahoo Finance
2017-04-26,148.521719,149.852603,148.427874,148.769135,2817500,Yahoo Finance
2017-04-27,148.504624,150.210888,148.461965,148.982376,2438600,Yahoo Finance
2017-04-28,148.965330,149.298050,148.368140,149.195679,2010800,Yahoo Finance
2017-05-01,149.298060,150.270630,148.521707,148.948273,2709700,Yahoo Finance
2017-05-02,149.221292,149.613725,145.262761,148.564377,4951000,Yahoo Finance
2017-05-03,148.231667,148.700892,146.619248,147.199371,3622200,Yahoo Finance
2017-05-04,147.634452,148.624087,147.062855,148.461990,2585200,Yahoo Finance
2017-05-05,148.905647,149.195721,147.856298,148.547333,2189000,Yahoo Finance
2017-05-08,148.385207,148.922684,148.078092,148.820312,2505900,Yahoo Finance
2017-05-09,148.530264,149.101861,147.361464,147.796570,1653700,Yahoo Finance
2017-05-10,147.625929,148.137813,147.131124,147.924530,1568700,Yahoo Finance
2017-05-11,147.387058,148.325508,146.457147,147.864822,1901300,Yahoo Finance
2017-05-12,147.284700,147.924549,146.329197,146.576599,2335400,Yahoo Finance
2017-05-15,146.559502,146.738665,145.228618,146.337692,2831400,Yahoo Finance
2017-05-16,145.604017,145.885552,142.686307,143.428528,4343700,Yahoo Finance
2017-05-17,143.428523,145.365136,142.174418,144.059845,4442300,Yahoo Finance
2017-05-18,143.539436,148.427878,143.215241,146.269455,3908000,Yahoo Finance
2017-05-19,146.994602,147.549132,145.245679,147.242004,3877300,Yahoo Finance
2017-05-22,147.361474,149.212769,147.250576,149.042145,3480300,Yahoo Finance
2017-05-23,148.820337,149.741721,148.197554,149.485779,2471500,Yahoo Finance
2017-05-24,149.681938,150.236482,148.888532,149.801376,1612300,Yahoo Finance
2017-05-25,150.424187,152.480224,150.099992,151.900101,3212200,Yahoo Finance
2017-05-26,151.584466,152.616761,151.004342,151.430908,1583600,Yahoo Finance
2017-05-30,151.465014,151.925712,150.355953,150.654541,2285700,Yahoo Finance
2017-05-31,150.910445,150.918971,149.229774,149.451584,3320400,Yahoo Finance
2017-06-01,149.963495,153.205399,149.460151,153.205399,2890600,Yahoo Finance
2017-06-02,153.495463,153.495463,152.147514,153.043304,2610100,Yahoo Finance
2017-06-05,153.162749,153.836731,152.847095,153.026245,2640600,Yahoo Finance
2017-06-06,152.872727,154.468080,152.266997,154.263336,3443900,Yahoo Finance
2017-06-07,155.269997,156.524101,153.265132,156.302292,3783600,Yahoo Finance
2017-06-08,156.302272,156.771484,154.399779,155.005508,3079900,Yahoo Finance
2017-06-09,155.133492,155.611244,154.297427,154.809311,2392200,Yahoo Finance
2017-06-12,154.809316,155.116444,150.509524,152.923889,3705600,Yahoo Finance
2017-06-13,152.889744,154.749565,152.838545,154.459503,2458500,Yahoo Finance
2017-06-14,154.365687,155.986633,154.365687,155.577133,2039300,Yahoo Finance
2017-06-15,155.697051,157.196197,154.275000,154.523438,3078700,Yahoo Finance
2017-06-16,154.908927,156.305279,154.523435,155.594254,4473300,Yahoo Finance
2017-06-19,156.168211,156.785004,154.848955,156.785004,3887100,Yahoo Finance
2017-06-20,156.553712,157.127669,156.099686,156.999176,2742600,Yahoo Finance
2017-06-21,157.187633,158.575410,156.519443,158.412643,2866300,Yahoo Finance
2017-06-22,158.395491,161.616522,158.292696,159.766144,3841300,Yahoo Finance
2017-06-23,159.569119,159.569119,157.744440,158.695328,3438500,Yahoo Finance
2017-06-26,158.592590,159.243643,157.102005,158.584015,2327400,Yahoo Finance
2017-06-27,159.097923,160.023111,157.812941,158.138474,2682800,Yahoo Finance
2017-06-28,159.063674,159.603371,158.558251,159.080811,2451200,Yahoo Finance
2017-06-29,159.183626,159.414914,157.907206,158.712463,2193600,Yahoo Finance
2017-06-30,158.609672,159.500601,158.421207,158.840973,2392000,Yahoo Finance
2017-07-03,159.586257,160.648514,159.115107,159.894653,2087000,Yahoo Finance
2017-07-05,159.457762,161.359537,159.097968,161.265305,2587400,Yahoo Finance
2017-07-06,161.153928,161.213900,159.466317,160.143082,1844700,Yahoo Finance
2017-07-07,160.494301,161.419477,160.203028,161.016861,2252500,Yahoo Finance
2017-07-10,160.477160,161.051117,159.466300,160.151627,2612000,Yahoo Finance
2017-07-11,160.194473,160.759869,158.558259,159.294983,2664500,Yahoo Finance
2017-07-12,160.014567,160.451469,159.689047,159.928909,3342800,Yahoo Finance
2017-07-13,160.194453,160.434315,158.755279,158.892334,2379300,Yahoo Finance
2017-07-14,159.175044,160.305835,158.284129,160.108795,2716700,Yahoo Finance
2017-07-17,160.254473,160.408664,159.132244,159.637680,2444600,Yahoo Finance
2017-07-18,160.151637,160.365800,157.504576,160.065979,4235800,Yahoo Finance
2017-07-19,160.631354,162.259007,160.631354,162.070541,3401600,Yahoo Finance
2017-07-20,162.258987,164.409186,161.839222,164.049393,3099600,Yahoo Finance
2017-07-21,163.946650,165.334427,163.278460,164.289307,4911500,Yahoo Finance
2017-07-24,164.297855,164.623388,163.312707,163.526871,2356500,Yahoo Finance
2017-07-25,164.589124,164.888945,163.021444,163.107101,1960100,Yahoo Finance
2017-07-26,162.781613,164.075157,162.233354,163.406967,2683500,Yahoo Finance
2017-07-27,162.970068,163.184232,161.445223,161.847839,2631400,Yahoo Finance
2017-07-28,162.002018,163.826697,160.708473,163.749588,1925000,Yahoo Finance
2017-07-31,164.126537,165.000329,163.741045,164.315002,3767100,Yahoo Finance
2017-08-01,165.677044,165.677044,164.152199,164.674759,3336800,Yahoo Finance
2017-08-02,164.597703,165.719919,164.597703,165.334427,2463800,Yahoo Finance
2017-08-03,165.557166,167.013490,165.343002,166.850723,2886100,Yahoo Finance
2017-08-04,167.004860,167.938610,166.705038,166.944901,2892300,Yahoo Finance
2017-08-07,166.884997,167.398996,166.105438,166.859299,2074800,Yahoo Finance
2017-08-08,166.773525,167.039099,166.259540,166.961990,1741000,Yahoo Finance
2017-08-09,166.962074,167.356141,166.336719,166.902115,2125900,Yahoo Finance
2017-08-10,166.413800,166.525170,164.820422,164.966064,2698600,Yahoo Finance
2017-08-11,166.113939,166.653623,165.043120,165.351517,2210700,Yahoo Finance
2017-08-14,166.705065,166.833558,165.248741,165.942642,2322000,Yahoo Finance
2017-08-15,166.593701,167.056289,166.028306,166.619400,1595200,Yahoo Finance
2017-08-16,166.884949,167.279016,165.188776,165.994034,1881600,Yahoo Finance
2017-08-17,165.976883,166.396648,165.043132,165.077393,2440900,Yahoo Finance
2017-08-18,165.197337,165.505734,163.304137,163.466904,2858500,Yahoo Finance
2017-08-21,163.518316,164.743326,163.518316,164.503464,1930500,Yahoo Finance
2017-08-22,164.606199,167.013410,164.100776,166.867767,2021900,Yahoo Finance
2017-08-23,166.619378,166.696474,165.951188,166.396652,1547000,Yahoo Finance
2017-08-24,166.662290,167.107754,166.371030,166.833618,1923700,Yahoo Finance
2017-08-25,167.330438,167.510328,166.311016,166.499481,1375000,Yahoo Finance
2017-08-28,166.696489,167.741610,166.499462,167.124817,2009900,Yahoo Finance
2017-08-29,166.902085,168.795285,166.473757,168.529724,2072200,Yahoo Finance
2017-08-30,168.229948,168.658276,167.219088,167.801620,1506700,Yahoo Finance
2017-08-31,168.701015,170.894062,168.238427,170.388626,2990200,Yahoo Finance
2017-09-01,171.151082,171.322423,169.926071,171.116821,2241800,Yahoo Finance
2017-09-05,170.645666,171.707923,170.225914,170.739899,2700800,Yahoo Finance
2017-09-06,170.936963,171.322468,169.300761,169.943253,3040200,Yahoo Finance
2017-09-07,170.063590,171.534022,169.461658,170.407547,2684600,Yahoo Finance
2017-09-08,170.631132,171.000898,169.401473,170.046402,2206000,Yahoo Finance
2017-09-11,171.336286,172.342374,170.932129,171.620056,3307900,Yahoo Finance
2017-09-12,171.499649,171.525445,169.324088,169.805634,2554700,Yahoo Finance
2017-09-13,170.089417,172.634731,170.072215,170.545166,2394400,Yahoo Finance
2017-09-14,170.218386,170.588152,169.478866,170.029205,2378600,Yahoo Finance
2017-09-15,170.708500,171.731790,169.573418,170.416122,4198700,Yahoo Finance
2017-09-18,170.407588,170.966534,169.840046,170.424789,1915200,Yahoo Finance
2017-09-19,170.639742,170.777331,165.437309,167.380692,3819000,Yahoo Finance
2017-09-20,167.698902,168.404018,166.873386,168.326630,2788500,Yahoo Finance
2017-09-21,168.223418,168.653371,167.595677,167.862259,1895000,Yahoo Finance
2017-09-22,167.776262,168.429786,161.877306,165.987656,5660200,Yahoo Finance
2017-09-25,166.194024,168.808132,164.173239,164.886963,3105900,Yahoo Finance
2017-09-26,165.368510,167.131320,165.136332,165.703873,2775400,Yahoo Finance
2017-09-27,166.133817,168.214788,164.878362,167.243103,3267200,Yahoo Finance
2017-09-28,167.036717,169.014503,166.400382,168.627548,2088400,Yahoo Finance
2017-09-29,168.386756,168.618921,167.234472,168.412552,2646300,Yahoo Finance
2017-10-02,169.048890,170.183972,168.825320,169.779816,2893600,Yahoo Finance
2017-10-03,169.831433,171.499653,169.625051,170.803131,2533800,Yahoo Finance
2017-10-04,171.147060,172.608897,170.631111,172.393921,2286400,Yahoo Finance
2017-10-05,171.920993,171.920993,169.023114,170.175385,4069000,Yahoo Finance
2017-10-06,170.175431,171.972645,169.840068,170.313019,3361900,Yahoo Finance
2017-10-09,170.269931,170.536513,168.352345,168.799500,3365400,Yahoo Finance
2017-10-10,168.765163,168.911345,166.538009,167.406509,2499100,Yahoo Finance
2017-10-11,167.363496,168.601762,166.469186,167.905228,2935600,Yahoo Finance
2017-10-12,167.690251,167.991224,165.729667,165.893051,2954700,Yahoo Finance
2017-10-13,163.029571,165.712487,159.942512,165.549103,5435000,Yahoo Finance
2017-10-16,165.514717,166.237048,164.551626,166.133850,2927400,Yahoo Finance
2017-10-17,169.229488,177.673757,168.859721,175.326218,8949700,Yahoo Finance
2017-10-18,175.248841,178.688465,175.145643,176.478500,4796300,Yahoo Finance
2017-10-19,176.684856,176.925628,174.302913,174.775864,3471800,Yahoo Finance
2017-10-20,175.644355,179.040993,175.154215,178.421860,5138800,Yahoo Finance
2017-10-23,178.499277,179.247391,176.968646,178.009125,2261400,Yahoo Finance
2017-10-24,177.467356,179.058174,177.037403,178.989380,3459900,Yahoo Finance
2017-10-25,179.135577,179.840693,178.060695,178.482040,2908300,Yahoo Finance
2017-10-26,178.791654,182.042098,178.499289,179.849335,4346000,Yahoo Finance
2017-10-27,179.849324,182.962192,179.333388,182.816010,4385300,Yahoo Finance
2017-10-30,182.480651,182.962196,180.047116,180.055710,2477400,Yahoo Finance
2017-10-31,180.055747,181.027445,178.688499,180.769470,3749600,Yahoo Finance
2017-11-01,181.973287,182.841800,179.651543,180.176086,1902900,Yahoo Finance
2017-11-02,180.674888,181.861562,179.728985,181.526199,2825900,Yahoo Finance
2017-11-03,181.199395,183.873703,180.666257,183.048187,2196900,Yahoo Finance
2017-11-06,182.222671,183.959672,182.128081,182.403244,2293700,Yahoo Finance
2017-11-07,182.936366,183.624280,181.345535,182.901962,1845800,Yahoo Finance
2017-11-08,182.368891,183.099804,181.182217,181.242416,2261100,Yahoo Finance
2017-11-09,181.087521,182.093609,179.832067,181.921631,1839700,Yahoo Finance
2017-11-10,181.835653,182.136612,180.752163,181.500290,1384700,Yahoo Finance
2017-11-13,180.846845,183.624338,180.528684,182.867630,2662200,Yahoo Finance
2017-11-14,182.480643,182.901988,181.371357,182.050690,1993900,Yahoo Finance
2017-11-15,181.336992,182.282881,180.253502,180.459885,1816300,Yahoo Finance
2017-11-16,180.907042,182.308680,180.494278,181.551971,1919600,Yahoo Finance
2017-11-17,180.975821,181.835727,179.849333,180.494263,1887500,Yahoo Finance
2017-11-20,180.580266,181.164996,180.219107,180.795242,2040400,Yahoo Finance
2017-11-21,181.551947,183.030986,181.225178,182.816010,2327200,Yahoo Finance
2017-11-22,182.523615,182.996565,181.233756,181.629318,2257800,Yahoo Finance
2017-11-24,182.300085,183.099791,181.440179,182.738632,744000,Yahoo Finance
2017-11-27,182.515062,184.234874,182.136702,182.644043,2856300,Yahoo Finance
2017-11-28,183.916679,186.006244,182.738599,185.860062,2905700,Yahoo Finance
2017-11-29,187.201474,192.851061,186.909109,191.655792,4247200,Yahoo Finance
2017-11-30,193.122628,197.367649,191.793895,196.867218,6846400,Yahoo Finance
2017-12-01,197.488405,197.773134,190.749867,195.667877,3325800,Yahoo Finance
2017-12-04,197.807681,199.973341,191.025999,191.043259,5591500,Yahoo Finance
2017-12-05,190.680835,193.027677,189.093269,189.895676,3246300,Yahoo Finance
2017-12-06,190.698101,191.509144,188.981106,189.766266,2397500,Yahoo Finance
2017-12-07,190.327148,190.344408,188.256410,189.947510,2661600,Yahoo Finance
2017-12-08,190.292580,193.553998,190.007852,193.191620,2233300,Yahoo Finance
2017-12-11,191.983745,193.976846,191.578224,192.208084,1599500,Yahoo Finance
2017-12-12,191.025974,192.768852,190.905181,191.966446,2294100,Yahoo Finance
2017-12-13,191.319371,194.088982,190.879330,193.571304,3059400,Yahoo Finance
2017-12-14,194.132111,195.831847,190.689497,190.896576,2811700,Yahoo Finance
2017-12-15,193.053567,193.053567,190.361606,191.388351,6293400,Yahoo Finance
2017-12-18,192.061360,193.968161,191.707605,192.121750,3194100,Yahoo Finance
2017-12-19,192.397865,193.088102,190.551454,191.578186,2340200,Yahoo Finance
2017-12-20,192.501353,194.037152,191.310672,191.871506,2633200,Yahoo Finance
2017-12-21,192.510041,193.217551,191.000125,191.276230,2955300,Yahoo Finance
2017-12-22,191.543688,191.845677,188.480712,189.818069,1959700,Yahoo Finance
2017-12-26,189.032920,190.180458,189.032920,189.472961,1482400,Yahoo Finance
2017-12-27,189.800797,191.060504,189.170950,190.180435,1861900,Yahoo Finance
2017-12-28,191.077806,192.225331,189.947514,192.208084,1452600,Yahoo Finance
2017-12-29,193.226147,193.226147,190.214951,190.214951,2350200,Yahoo Finance
2018-01-02,190.698162,191.931973,189.818092,190.818954,3485000,Yahoo Finance
2018-01-03,191.215807,193.105362,190.266725,192.820633,2417600,Yahoo Finance
2018-01-04,193.562653,195.081206,193.415977,193.657562,2749100,Yahoo Finance
2018-01-05,194.296048,197.626493,193.890527,197.350388,2432800,Yahoo Finance
2018-01-08,196.832726,197.333157,193.795633,193.925049,2850800,Yahoo Finance
2018-01-09,193.925032,195.538495,192.665338,194.891388,2672200,Yahoo Finance
2018-01-10,193.985453,194.140753,192.432394,193.441879,2311600,Yahoo Finance
2018-01-11,193.424562,194.925855,193.010417,194.468567,2543600,Yahoo Finance
2018-01-12,196.245975,198.359855,195.443569,197.272720,3943800,Yahoo Finance
2018-01-16,201.353779,202.760162,199.524628,200.948257,6852600,Yahoo Finance
2018-01-17,202.475461,206.176921,201.767965,205.719620,5124800,Yahoo Finance
2018-01-18,206.435741,210.439175,205.823154,209.800705,6234200,Yahoo Finance
2018-01-19,210.680766,210.827455,207.997441,209.964645,4293600,Yahoo Finance
2018-01-22,210.171681,210.352877,208.247620,210.145798,4012200,Yahoo Finance
2018-01-23,209.654051,213.096652,209.153620,211.569489,3300000,Yahoo Finance
2018-01-24,212.259714,213.381369,210.275263,211.258865,2733300,Yahoo Finance
2018-01-25,211.172577,212.415025,210.439184,211.543579,2420500,Yahoo Finance
2018-01-26,211.388313,214.615225,210.922402,214.382263,2615300,Yahoo Finance
2018-01-29,215.081131,216.383969,213.459045,213.467682,2564700,Yahoo Finance
2018-01-30,200.931056,209.438357,200.258066,204.183838,11565500,Yahoo Finance
2018-01-31,209.524597,213.113886,203.415906,204.295975,5187400,Yahoo Finance
2018-02-01,202.984534,205.193337,201.750723,202.950027,4268300,Yahoo Finance
2018-02-02,201.034595,203.881869,199.472912,200.068253,3959900,Yahoo Finance
2018-02-05,199.127775,201.129499,179.878499,189.835327,6290000,Yahoo Finance
2018-02-06,183.088138,195.434937,181.371156,194.287399,7064800,Yahoo Finance
2018-02-07,191.828390,197.833536,191.120881,194.839600,5589200,Yahoo Finance
2018-02-08,194.416816,195.538471,186.591130,186.763702,4902400,Yahoo Finance
2018-02-09,188.092471,192.648104,182.924237,190.646393,6225300,Yahoo Finance
2018-02-12,191.923317,196.720535,191.673095,194.727448,4912000,Yahoo Finance
2018-02-13,192.535910,195.961264,191.880179,195.547119,3536800,Yahoo Finance
2018-02-14,194.088978,197.876711,193.200285,197.393539,2878400,Yahoo Finance
2018-02-15,197.816276,198.446123,191.319324,195.012146,4662700,Yahoo Finance
2018-02-16,194.986316,198.920725,194.736094,197.902603,3621700,Yahoo Finance
2018-02-20,196.642873,197.367630,194.658409,195.564362,3172300,Yahoo Finance
2018-02-21,195.124349,197.885350,194.227033,194.244293,3371900,Yahoo Finance
2018-02-22,195.253750,198.308089,194.201122,195.935364,2767900,Yahoo Finance
2018-02-23,196.634240,198.722251,194.917258,198.584198,2393900,Yahoo Finance
2018-02-26,199.861176,202.337435,198.187323,201.949173,3307000,Yahoo Finance
2018-02-27,202.242510,203.528101,200.551411,200.620438,2899500,Yahoo Finance
2018-02-28,202.259718,202.544447,195.072516,195.132919,4368600,Yahoo Finance
2018-03-01,194.736074,197.833556,192.182166,193.657562,3514600,Yahoo Finance
2018-03-02,192.587692,194.839625,192.052741,194.296051,2613600,Yahoo Finance
2018-03-05,192.725718,197.954340,192.225287,197.048401,2627300,Yahoo Finance
2018-03-06,197.514294,197.712737,193.174365,195.150192,2652800,Yahoo Finance
2018-03-07,193.571296,196.565246,193.053605,196.090698,3242200,Yahoo Finance
2018-03-08,197.311251,197.363202,193.839935,194.541122,3500900,Yahoo Finance
2018-03-09,195.735755,196.090681,192.610699,195.147095,4834600,Yahoo Finance
2018-03-12,195.822377,196.506247,192.844482,192.844482,3117300,Yahoo Finance
2018-03-13,193.502285,197.423750,193.181993,196.454208,3343800,Yahoo Finance
2018-03-14,196.618736,198.575137,194.792180,195.103821,3048200,Yahoo Finance
2018-03-15,195.493385,199.761113,195.346223,198.653061,3330200,Yahoo Finance
2018-03-16,198.808827,200.202549,197.155402,197.250626,5690300,Yahoo Finance
2018-03-19,196.774531,197.345874,193.632159,194.818130,3407300,Yahoo Finance
2018-03-20,194.913360,197.025587,193.805309,196.315735,3429100,Yahoo Finance
2018-03-21,196.030069,196.887083,192.887711,192.887711,3419800,Yahoo Finance
2018-03-22,191.874897,191.883562,186.204795,186.300018,5894800,Yahoo Finance
2018-03-23,186.767443,188.481458,183.954029,183.997314,5741200,Yahoo Finance
2018-03-26,186.282691,189.935803,185.858510,189.641479,3561300,Yahoo Finance
2018-03-27,190.723607,192.134634,187.338848,188.680634,3722100,Yahoo Finance
2018-03-28,189.485665,190.368648,187.884178,189.148056,3179500,Yahoo Finance
2018-03-29,189.909852,193.346548,185.252563,185.252563,5529400,Yahoo Finance
2018-04-02,189.113453,193.034920,185.797950,188.022705,6220700,Yahoo Finance
2018-04-03,190.740827,194.861405,190.178149,194.411255,4652000,Yahoo Finance
2018-04-04,191.043868,198.653067,190.810134,198.055756,4674000,Yahoo Finance
2018-04-05,198.635720,200.470928,196.333046,198.298111,3348100,Yahoo Finance
2018-04-06,196.203203,197.536336,192.022048,193.874573,3231700,Yahoo Finance
2018-04-09,195.276953,195.753072,192.489507,192.809799,3031500,Yahoo Finance
2018-04-10,195.121111,197.510358,193.467699,196.324387,2737500,Yahoo Finance
2018-04-11,194.142885,195.112426,191.909465,192.091248,3482100,Yahoo Finance
2018-04-12,193.943845,195.424140,193.398485,194.116989,2664500,Yahoo Finance
2018-04-13,194.861387,195.753022,193.112739,194.151535,2496600,Yahoo Finance
2018-04-16,196.601410,200.704671,195.943508,199.380203,4510600,Yahoo Finance
2018-04-17,207.162555,209.205528,204.366458,206.504654,6180300,Yahoo Finance
2018-04-18,206.894200,207.534798,204.556904,204.643463,2940100,Yahoo Finance
2018-04-19,204.470327,206.262262,203.258400,204.089432,2734900,Yahoo Finance
2018-04-20,204.340474,205.249426,202.133023,203.483459,2842000,Yahoo Finance
2018-04-23,203.682579,204.479004,201.769464,202.860199,3051700,Yahoo Finance
2018-04-24,204.253900,205.439872,201.319293,202.756302,2771200,Yahoo Finance
2018-04-25,202.089712,203.518069,199.484062,203.344925,3118800,Yahoo Finance
2018-04-26,204.063413,205.889969,202.851487,205.188782,2252800,Yahoo Finance
2018-04-27,205.708212,208.227290,205.292683,207.915649,2301800,Yahoo Finance
2018-04-30,208.625533,208.625533,204.643463,204.643463,3446900,Yahoo Finance
2018-05-01,205.162926,205.587107,202.877567,205.033081,2633500,Yahoo Finance
2018-05-02,203.760481,204.478986,201.578999,202.098404,3542700,Yahoo Finance
2018-05-03,200.808594,203.258431,198.505918,202.695740,2731600,Yahoo Finance
2018-05-04,201.786733,204.859836,200.973004,204.210587,1999900,Yahoo Finance
2018-05-07,204.193301,205.154190,201.379886,202.375397,3237800,Yahoo Finance
2018-05-08,202.323513,202.323513,199.665911,200.860535,2698300,Yahoo Finance
2018-05-09,201.743466,202.063758,197.570949,198.419312,3504200,Yahoo Finance
2018-05-10,199.233097,202.816955,198.549227,202.314880,2169000,Yahoo Finance
2018-05-11,202.202247,206.721024,201.656873,206.270874,3044900,Yahoo Finance
2018-05-14,206.807615,210.936845,206.738373,210.270279,3893600,Yahoo Finance
2018-05-15,209.370014,209.681655,206.608537,207.327042,2396600,Yahoo Finance
2018-05-16,207.456875,209.326717,206.521967,209.248810,1906100,Yahoo Finance
2018-05-17,209.049690,210.841612,208.227296,210.322220,2418700,Yahoo Finance
2018-05-18,210.677151,211.880426,209.828802,211.776550,2283600,Yahoo Finance
2018-05-21,212.088191,215.698017,211.949681,214.598618,3040700,Yahoo Finance
2018-05-22,214.685188,214.728474,211.084014,212.244003,2644100,Yahoo Finance
2018-05-23,211.248456,212.520986,209.179515,211.447556,3047800,Yahoo Finance
2018-05-24,211.715913,212.469038,209.664276,210.123077,2610400,Yahoo Finance
2018-05-25,210.313590,212.590296,209.872105,212.044922,1554900,Yahoo Finance
2018-05-29,211.101329,211.101329,207.967622,209.638351,2837800,Yahoo Finance
2018-05-30,210.997489,212.737473,210.036599,212.036285,2071900,Yahoo Finance
2018-05-31,211.404295,211.871749,208.348482,209.066986,2966100,Yahoo Finance
2018-06-01,210.997445,210.997445,208.876553,210.659836,2371400,Yahoo Finance
2018-06-04,211.222540,212.295971,210.131805,211.767914,2188900,Yahoo Finance
2018-06-05,212.166100,212.183417,209.413288,211.594757,1531900,Yahoo Finance
2018-06-06,213.230889,215.308482,212.200744,215.247879,2650300,Yahoo Finance
2018-06-07,216.208742,216.416507,214.901591,215.533524,2117200,Yahoo Finance
2018-06-08,215.949072,217.715025,214.745797,217.005173,3034600,Yahoo Finance
2018-06-11,217.143691,220.736213,216.762795,219.688751,2775200,Yahoo Finance
2018-06-12,219.186668,219.827265,216.563700,219.515625,2567200,Yahoo Finance
2018-06-13,220.000324,222.242409,218.563316,218.900925,3138300,Yahoo Finance
2018-06-14,220.286014,221.601830,219.584827,221.030487,2456600,Yahoo Finance
2018-06-15,220.891527,222.377045,219.405996,222.377045,4772200,Yahoo Finance
2018-06-18,220.656946,221.534356,219.041111,221.412735,1961900,Yahoo Finance
2018-06-19,219.762179,220.048861,218.189783,219.805618,2370200,Yahoo Finance
2018-06-20,220.066229,220.422397,218.815258,219.623169,2580400,Yahoo Finance
2018-06-21,219.744809,220.352916,217.981292,218.823959,2150300,Yahoo Finance
2018-06-22,219.127996,221.621242,218.215829,220.978378,2604000,Yahoo Finance
2018-06-25,220.969742,221.638667,215.974554,217.798889,3060800,Yahoo Finance
2018-06-26,217.668543,219.327818,216.782437,216.982254,2158000,Yahoo Finance
2018-06-27,217.433985,218.711016,215.557542,215.592285,2481000,Yahoo Finance
2018-06-28,214.688784,215.444573,210.432008,212.751511,3556900,Yahoo Finance
2018-06-29,212.751531,215.010230,212.490923,213.133774,2772600,Yahoo Finance
2018-07-02,212.838417,215.210041,212.073932,214.992859,1793300,Yahoo Finance
2018-07-03,215.705184,216.096109,214.349970,214.558456,1248000,Yahoo Finance
2018-07-05,216.408862,217.989941,215.079710,217.616394,2182900,Yahoo Finance
2018-07-06,218.059513,218.684999,216.678238,217.842331,1572300,Yahoo Finance
2018-07-09,219.032419,220.665619,218.094191,220.370255,2039600,Yahoo Finance
2018-07-10,220.813296,223.176237,220.439749,221.994766,2012200,Yahoo Finance
2018-07-11,221.647313,222.394420,220.431099,221.169510,1486000,Yahoo Finance
2018-07-12,222.550775,223.106773,221.456182,222.437836,1592700,Yahoo Finance
2018-07-13,222.733245,225.009309,222.411794,224.740005,2356200,Yahoo Finance
2018-07-16,224.383820,224.522820,222.776668,223.245789,3625400,Yahoo Finance
2018-07-17,218.528566,219.371233,213.941682,217.433960,6932300,Yahoo Finance
2018-07-18,218.146257,222.924247,217.564211,221.890472,3359800,Yahoo Finance
2018-07-19,221.803644,222.828737,218.789157,219.727371,2307600,Yahoo Finance
2018-07-20,218.198465,220.266043,218.198465,219.527618,1959600,Yahoo Finance
2018-07-23,219.710075,221.725518,219.293076,219.562393,1479600,Yahoo Finance
2018-07-24,221.404093,221.490971,218.928212,220.448486,2476500,Yahoo Finance
2018-07-25,221.360659,221.760280,219.588460,221.404099,3016900,Yahoo Finance
2018-07-26,222.611592,224.018927,222.220667,223.263138,2021300,Yahoo Finance
2018-07-27,223.949453,223.949453,221.864497,222.350983,1656800,Yahoo Finance
2018-07-30,222.316218,223.167581,219.883777,220.517944,1681500,Yahoo Finance
2018-07-31,220.778599,221.699448,219.657945,219.979370,2355900,Yahoo Finance
2018-08-01,222.481272,222.481272,219.623149,220.109634,3006700,Yahoo Finance
2018-08-02,220.222576,222.655004,219.119287,222.463882,1854400,Yahoo Finance
2018-08-03,222.785343,223.749619,220.917570,223.454254,1422300,Yahoo Finance
2018-08-06,222.828794,223.732279,221.934005,223.054672,1398100,Yahoo Finance
2018-08-07,223.819151,224.861609,223.376091,223.827820,1462800,Yahoo Finance
2018-08-08,224.227436,225.434981,224.062402,224.835556,1494300,Yahoo Finance
2018-08-09,225.791184,228.492916,225.269941,227.250641,2315000,Yahoo Finance
2018-08-10,226.295007,227.172431,225.096158,226.182068,1625000,Yahoo Finance
2018-08-13,226.738033,228.084551,226.129913,226.659851,1635100,Yahoo Finance
2018-08-14,226.642484,229.604823,226.607727,228.892487,1941600,Yahoo Finance
2018-08-15,227.589426,228.206216,225.165667,226.399246,2017700,Yahoo Finance
2018-08-16,227.233240,229.127061,227.128997,228.562393,2115900,Yahoo Finance
2018-08-17,228.953297,229.457174,227.363536,227.893448,1969700,Yahoo Finance
2018-08-20,228.475481,228.901149,227.233206,227.954239,1786200,Yahoo Finance
2018-08-21,227.476433,228.058465,226.503461,227.337433,1559300,Yahoo Finance
2018-08-22,227.563341,227.563341,226.086493,226.512161,2148500,Yahoo Finance
2018-08-23,226.755393,228.093241,225.487057,227.102905,1603500,Yahoo Finance
2018-08-24,227.389643,230.021889,227.389643,229.587524,2238600,Yahoo Finance
2018-08-27,230.212924,232.341319,229.709074,232.019867,2614000,Yahoo Finance
2018-08-28,233.288253,233.809495,232.237072,233.262192,2603900,Yahoo Finance
2018-08-29,233.157970,233.965881,232.167607,233.687881,2880600,Yahoo Finance
2018-08-30,234.087524,234.704340,232.914735,233.158005,2976300,Yahoo Finance
2018-08-31,233.062416,233.870327,232.124201,233.218781,2961500,Yahoo Finance
2018-09-04,232.819132,234.044042,231.576857,233.262192,2097300,Yahoo Finance
2018-09-05,233.305654,233.514141,231.889623,232.506439,2230600,Yahoo Finance
2018-09-06,233.256002,235.365402,232.680704,235.042892,2556100,Yahoo Finance
2018-09-07,235.034256,236.359169,233.177617,233.848785,2958000,Yahoo Finance
2018-09-10,232.541275,232.558699,225.541852,226.396088,4146200,Yahoo Finance
2018-09-11,224.818376,227.869183,224.434844,227.537949,2283300,Yahoo Finance
2018-09-12,227.607652,230.545140,227.372314,228.958740,2236300,Yahoo Finance
2018-09-13,230.257560,231.591197,229.612540,231.416855,2734500,Yahoo Finance
2018-09-14,231.338349,232.427923,229.490436,231.259903,2084600,Yahoo Finance
2018-09-17,232.297229,232.436698,229.603805,230.004761,1940400,Yahoo Finance
2018-09-18,229.185334,230.196462,228.374698,229.499146,3557000,Yahoo Finance
2018-09-19,230.527745,231.521423,229.385873,231.277359,2274300,Yahoo Finance
2018-09-20,231.931162,233.552462,231.913738,232.201401,2095000,Yahoo Finance
2018-09-21,231.948567,233.465246,231.730652,232.445419,5671600,Yahoo Finance
2018-09-24,232.741815,234.938388,232.445454,233.046875,2699800,Yahoo Finance
2018-09-25,232.994456,233.020605,229.272482,229.690887,3789700,Yahoo Finance
2018-09-26,230.553919,231.416854,228.767028,229.167984,2238000,Yahoo Finance
2018-09-27,229.246368,231.347070,229.185346,230.684601,2761400,Yahoo Finance
2018-09-28,230.449298,232.026999,229.987319,231.896255,2875100,Yahoo Finance
2018-10-01,232.950962,235.365449,232.750471,234.563538,3314500,Yahoo Finance
2018-10-02,234.476362,236.603213,233.168873,235.897171,2777300,Yahoo Finance
2018-10-03,237.091323,237.152345,235.147513,236.132492,3002200,Yahoo Finance
2018-10-04,236.219692,236.760117,233.003267,233.883652,2186600,Yahoo Finance
2018-10-05,234.171267,236.219672,233.561122,234.650696,2045700,Yahoo Finance
2018-10-08,234.336883,235.042925,231.556288,234.485077,1865000,Yahoo Finance
2018-10-09,234.641967,237.056453,234.014371,235.443878,2510100,Yahoo Finance
2018-10-10,235.870980,236.585747,228.827959,229.316086,4267300,Yahoo Finance
2018-10-11,228.374719,230.466696,222.952997,224.121017,4558500,Yahoo Finance
2018-10-12,226.369916,227.843022,223.894380,226.291443,4006300,Yahoo Finance
2018-10-15,226.744740,228.758271,226.029973,226.849335,3583400,Yahoo Finance
2018-10-16,235.077767,237.797340,230.989684,237.588150,6453600,Yahoo Finance
2018-10-17,235.513630,236.219672,231.538866,232.994522,3985100,Yahoo Finance
2018-10-18,233.038147,233.500126,229.865294,232.567444,3132100,Yahoo Finance
2018-10-19,232.401863,233.587334,230.022250,231.251266,3336600,Yahoo Finance
2018-10-22,232.515155,232.584876,226.683751,228.540390,2618100,Yahoo Finance
2018-10-23,226.387346,231.442959,225.934092,230.867661,4081800,Yahoo Finance
2018-10-24,230.126784,231.277354,223.083761,223.423721,5265600,Yahoo Finance
2018-10-25,225.027563,231.146602,220.852308,230.327240,4675600,Yahoo Finance
2018-10-26,227.938867,228.723355,224.033825,225.044952,4830600,Yahoo Finance
2018-10-29,226.387312,228.409567,220.808699,223.597992,3697700,Yahoo Finance
2018-10-30,223.746236,226.361214,221.384034,225.132172,4169200,Yahoo Finance
2018-10-31,227.389745,230.179065,226.823172,227.808151,4230200,Yahoo Finance
2018-11-01,229.176713,230.710816,226.422266,227.442093,2771300,Yahoo Finance
2018-11-02,230.649809,232.192663,226.247939,227.511856,2593600,Yahoo Finance
2018-11-05,228.505534,229.246450,226.692494,227.511856,3287000,Yahoo Finance
2018-11-06,227.241532,230.126722,227.241532,229.717041,2582400,Yahoo Finance
2018-11-07,232.645839,241.231687,232.645839,239.383774,5796800,Yahoo Finance
2018-11-08,240.577973,242.321292,239.444827,241.144547,3809100,Yahoo Finance
2018-11-09,241.327555,242.321259,239.000240,241.057343,2904300,Yahoo Finance
2018-11-12,240.578010,242.138288,237.091373,237.422607,3140600,Yahoo Finance
2018-11-13,237.596868,238.485978,233.726726,234.668106,2516900,Yahoo Finance
2018-11-14,234.729165,235.801289,229.551506,230.954865,3511900,Yahoo Finance
2018-11-15,230.118001,231.791598,227.372280,230.937363,3657600,Yahoo Finance
2018-11-16,230.980956,236.916953,230.919960,236.315506,3857800,Yahoo Finance
2018-11-19,236.638083,237.326675,230.274954,231.904953,3670800,Yahoo Finance
2018-11-20,231.530151,232.541279,226.980088,227.938919,3617700,Yahoo Finance
2018-11-21,228.888986,230.667179,227.023649,227.110794,3234300,Yahoo Finance
2018-11-23,226.631389,229.194069,225.132134,228.043472,1159300,Yahoo Finance
2018-11-26,230.658476,233.866176,229.682222,232.000839,3879800,Yahoo Finance
2018-11-27,231.486556,236.481146,231.015852,236.350403,3497300,Yahoo Finance
2018-11-28,237.806106,246.156590,237.806106,244.892700,5044300,Yahoo Finance
2018-11-29,244.439470,248.815218,244.334875,246.287384,4177800,Yahoo Finance
2018-11-30,247.459132,248.027543,244.031324,246.033783,6143200,Yahoo Finance
2018-12-03,247.467856,250.554645,247.214260,250.379745,4178800,Yahoo Finance
2018-12-04,250.222323,251.787586,242.142463,243.576538,4635500,Yahoo Finance
2018-12-06,238.740919,242.168754,231.946492,242.090057,6694600,Yahoo Finance
2018-12-07,239.388013,241.714040,233.721602,235.383041,3506900,Yahoo Finance
2018-12-10,234.867104,235.225630,227.556759,233.065750,4061300,Yahoo Finance
2018-12-11,235.732744,237.437921,232.313689,233.669067,3102800,Yahoo Finance
2018-12-12,237.805265,240.087553,236.528556,236.659744,3167900,Yahoo Finance
2018-12-13,236.852077,239.003230,235.767774,237.980118,2350400,Yahoo Finance
2018-12-14,236.414831,236.598484,230.599780,231.745300,3360500,Yahoo Finance
2018-12-17,228.265040,229.760333,224.496186,225.667938,5806800,Yahoo Finance
2018-12-18,227.093305,227.346875,217.037177,221.208282,5065500,Yahoo Finance
2018-12-19,220.683648,224.347574,216.503803,218.882294,5468500,Yahoo Finance
2018-12-20,217.299467,217.745429,209.910414,212.000336,7311700,Yahoo Finance
2018-12-21,210.505114,216.425110,207.636936,208.415192,12209700,Yahoo Finance
2018-12-24,206.578800,208.030368,203.360837,203.693130,3091000,Yahoo Finance
2018-12-26,203.483298,212.813622,202.705042,212.796143,4159300,Yahoo Finance
2018-12-27,209.079742,215.087173,205.704385,215.087173,4295800,Yahoo Finance
2018-12-28,215.734263,218.427541,214.072810,215.323273,3312700,Yahoo Finance
2018-12-31,216.914750,218.856019,215.935377,217.841660,3123200,Yahoo Finance
2019-01-02,214.238971,215.419476,211.152182,212.918564,4063600,Yahoo Finance
2019-01-03,212.909819,212.909819,206.482658,207.112259,4623200,Yahoo Finance
2019-01-04,209.691816,212.892286,208.817371,209.534409,5367600,Yahoo Finance
2019-01-07,210.216507,211.598131,208.318963,209.936691,4133000,Yahoo Finance
2019-01-08,211.904162,214.055289,209.613122,212.743622,3618600,Yahoo Finance
2019-01-09,214.029087,215.664308,211.668089,213.049713,3425400,Yahoo Finance
2019-01-10,211.685535,214.361333,211.099658,214.125229,3374100,Yahoo Finance
2019-01-11,212.883558,216.652412,212.726164,216.573715,3967100,Yahoo Finance
2019-01-14,215.629314,218.541217,215.209585,216.914749,4955500,Yahoo Finance
2019-01-15,218.611131,224.662299,215.987798,224.618561,5325600,Yahoo Finance
2019-01-16,226.245092,229.270663,225.755405,228.632309,6069400,Yahoo Finance
2019-01-17,228.221288,228.877122,225.510531,227.154465,3583600,Yahoo Finance
2019-01-18,229.629215,232.829687,227.722932,232.165100,4844800,Yahoo Finance
2019-01-22,230.905858,233.913950,230.626029,232.331207,4052700,Yahoo Finance
2019-01-23,234.132525,235.636571,230.564803,233.494171,2971100,Yahoo Finance
2019-01-24,233.301836,234.491095,231.080766,232.715973,2927300,Yahoo Finance
2019-01-25,235.050700,236.458570,232.339943,234.394867,2809100,Yahoo Finance
2019-01-28,233.389317,233.415549,231.386831,233.275635,2837300,Yahoo Finance
2019-01-29,232.602280,234.744680,232.112593,233.774033,2173000,Yahoo Finance
2019-01-30,235.828938,238.233660,233.642826,236.423553,3659000,Yahoo Finance
2019-01-31,236.519807,237.621589,235.216866,236.274963,4055100,Yahoo Finance
2019-02-01,234.762117,235.566618,232.628470,234.980728,3946800,Yahoo Finance
2019-02-04,234.622240,234.954533,231.089476,234.534790,3398900,Yahoo Finance
2019-02-05,236.204984,237.927641,232.462362,232.873352,3597000,Yahoo Finance
2019-02-06,231.850261,236.038831,231.710346,235.662827,2570000,Yahoo Finance
2019-02-07,234.910814,236.607212,233.704076,235.225601,2458200,Yahoo Finance
2019-02-08,233.913924,234.963268,227.635418,229.017029,4547000,Yahoo Finance
2019-02-11,228.378732,228.387458,224.155149,224.854721,4856200,Yahoo Finance
2019-02-12,226.673501,230.853345,224.662289,230.416122,4327900,Yahoo Finance
2019-02-13,230.433669,232.855898,230.110129,230.678513,3066400,Yahoo Finance
2019-02-14,230.188787,233.537924,229.725332,232.016373,3015300,Yahoo Finance
2019-02-15,234.167508,237.088150,233.144397,237.088150,3673700,Yahoo Finance
2019-02-19,237.123205,238.277452,235.470491,236.458618,2486700,Yahoo Finance
2019-02-20,235.409205,236.615943,234.508528,235.671555,2802800,Yahoo Finance
2019-02-21,235.636608,236.047599,231.815289,232.952057,2554300,Yahoo Finance
2019-02-22,233.039508,234.692221,232.558574,233.572906,3191100,Yahoo Finance
2019-02-25,233.983941,234.499887,231.185734,231.378113,3679100,Yahoo Finance
2019-02-26,231.430486,232.103799,229.804005,229.961426,3212900,Yahoo Finance
2019-02-27,228.763486,228.763486,217.684286,218.681152,8952900,Yahoo Finance
2019-02-28,218.348857,220.316358,209.123462,211.808014,11034300,Yahoo Finance
2019-03-01,212.979714,216.862250,212.979714,215.244522,6921300,Yahoo Finance
2019-03-04,216.967233,217.255801,205.066039,206.386459,8646300,Yahoo Finance
2019-03-05,206.832354,212.664897,205.441990,211.117126,6924500,Yahoo Finance
2019-03-06,211.388294,211.388294,207.269653,209.053528,4878700,Yahoo Finance
2019-03-07,210.129055,210.898557,205.975443,206.981049,5033500,Yahoo Finance
2019-03-08,206.410502,210.149863,205.962838,208.288956,4921700,Yahoo Finance
2019-03-11,209.974289,214.196419,207.525269,213.432739,4539600,Yahoo Finance
2019-03-12,215.012803,217.233591,213.950693,215.829147,4235800,Yahoo Finance
2019-03-13,217.654898,221.868242,216.882445,221.420578,4881600,Yahoo Finance
2019-03-14,222.078928,223.887158,221.499589,222.315933,3865200,Yahoo Finance
2019-03-15,223.255120,223.606241,219.392884,220.674438,6466200,Yahoo Finance
2019-03-18,221.780496,224.106614,219.814258,223.834503,3927400,Yahoo Finance
2019-03-19,224.668388,227.565072,223.957386,225.704178,4164800,Yahoo Finance
2019-03-20,225.967485,226.195717,219.419237,219.884460,4193500,Yahoo Finance
2019-03-21,218.734548,222.043791,218.269325,221.218674,2699700,Yahoo Finance
2019-03-22,219.945928,220.498921,216.803465,216.891235,3777900,Yahoo Finance
2019-03-25,217.180887,217.180887,211.352413,216.689331,4110900,Yahoo Finance
2019-03-26,217.040430,217.593437,212.177523,213.643417,4416200,Yahoo Finance
2019-03-27,213.248400,215.653515,209.052602,212.168732,4819200,Yahoo Finance
2019-03-28,212.941185,213.169417,209.693394,212.625183,3601500,Yahoo Finance
2019-03-29,214.433376,217.479281,212.309145,217.040390,4294200,Yahoo Finance
2019-04-01,219.191050,219.621155,213.353789,215.530685,4809500,Yahoo Finance
2019-04-02,215.504340,216.285566,213.125558,214.538788,4057100,Yahoo Finance
2019-04-03,216.206535,217.286203,214.696748,215.793976,2851400,Yahoo Finance
2019-04-04,215.477989,218.664343,214.740655,217.154556,2255500,Yahoo Finance
2019-04-05,218.523870,218.839873,215.205855,218.374649,3343000,Yahoo Finance
2019-04-08,219.164643,219.164643,216.206522,218.348312,2195400,Yahoo Finance
2019-04-09,217.312526,219.392865,215.890510,218.383408,2903800,Yahoo Finance
2019-04-10,218.374655,219.331435,215.513090,215.960754,2753700,Yahoo Finance
2019-04-11,215.978337,216.742003,204.242378,206.647507,8223400,Yahoo Finance
2019-04-12,207.595516,207.841294,193.788004,195.938568,13979400,Yahoo Finance
2019-04-15,198.176891,202.741356,196.983107,202.065460,10021800,Yahoo Finance
2019-04-16,208.920966,208.920966,189.442988,193.954788,27361400,Yahoo Finance
2019-04-17,196.438902,196.833915,182.640176,190.338318,22101400,Yahoo Finance
2019-04-18,190.601662,195.745467,188.029766,194.648239,13927200,Yahoo Finance
2019-04-22,196.623231,199.748134,194.428775,199.353134,11191800,Yahoo Finance
2019-04-23,200.353813,203.592832,198.466587,202.399048,10261400,Yahoo Finance
2019-04-24,201.968912,203.320704,199.914904,202.197144,6104100,Yahoo Finance
2019-04-25,200.599591,203.750826,200.248483,202.583374,5954500,Yahoo Finance
2019-04-26,203.768356,208.130935,202.934466,208.034378,6186200,Yahoo Finance
2019-04-29,208.385536,208.964876,205.541530,208.429428,5345300,Yahoo Finance
2019-04-30,208.982401,208.982401,202.056700,204.584717,7632300,Yahoo Finance
2019-05-01,204.584734,205.945285,202.197165,203.601608,4823200,Yahoo Finance
2019-05-02,202.679916,204.821707,200.204577,204.040482,5499200,Yahoo Finance
2019-05-03,204.382834,205.313281,199.414583,203.601608,4323100,Yahoo Finance
2019-05-06,200.283543,211.168049,199.695430,211.106598,7180200,Yahoo Finance
2019-05-07,209.956787,213.432798,207.507767,208.956116,5104700,Yahoo Finance
2019-05-08,208.912202,211.378768,206.744078,209.921646,3768400,Yahoo Finance
2019-05-09,207.683307,211.141758,206.866962,208.885864,4299500,Yahoo Finance
2019-05-10,210.641372,212.967489,207.481351,211.185593,4374400,Yahoo Finance
2019-05-13,207.551620,210.755534,207.332175,210.272751,4684400,Yahoo Finance
2019-05-14,211.229542,211.536772,207.402411,207.534073,5329700,Yahoo Finance
2019-05-15,206.278831,208.499619,204.189705,207.226837,5099700,Yahoo Finance
2019-05-16,207.060053,211.062738,206.910832,207.850052,4456400,Yahoo Finance
2019-05-17,207.305853,212.809552,206.849402,211.879105,4486400,Yahoo Finance
2019-05-20,210.667754,216.584011,210.465867,215.925674,5390800,Yahoo Finance
2019-05-21,216.820975,220.481325,216.636648,219.392883,5345300,Yahoo Finance
2019-05-22,218.655582,220.349696,218.313248,218.866241,4038000,Yahoo Finance
2019-05-23,217.672451,217.821672,214.521216,216.373337,3934600,Yahoo Finance
2019-05-24,217.031642,218.883763,215.504297,217.365204,2973900,Yahoo Finance
2019-05-28,218.128872,218.831100,212.405728,212.475952,6172700,Yahoo Finance
2019-05-29,210.536050,213.327391,208.824364,212.774384,3958400,Yahoo Finance
2019-05-30,212.353032,215.363831,211.843917,213.739929,2646600,Yahoo Finance
2019-05-31,212.379388,213.845283,210.211265,212.247726,3285700,Yahoo Finance
2019-06-03,211.975605,214.003280,207.174136,207.648132,4999400,Yahoo Finance
2019-06-04,209.026281,211.589403,206.129597,211.334839,4992000,Yahoo Finance
2019-06-05,213.450290,215.750075,211.747390,213.099182,3194400,Yahoo Finance
2019-06-06,213.415197,214.126199,212.186294,212.265305,2630100,Yahoo Finance
2019-06-07,213.213280,216.873643,212.590062,216.610306,2837400,Yahoo Finance
2019-06-10,216.882434,219.155887,215.925655,217.812881,2331000,Yahoo Finance
2019-06-11,218.146459,220.051245,215.697439,215.820328,3043000,Yahoo Finance
2019-06-12,216.109964,216.373301,212.686619,214.617737,3251800,Yahoo Finance
2019-06-13,214.898611,215.355048,213.406370,215.021500,3107800,Yahoo Finance
2019-06-14,215.762110,216.978818,214.060481,216.335190,2165500,Yahoo Finance
2019-06-17,216.890692,217.860533,216.202990,216.864243,2270300,Yahoo Finance
2019-06-18,218.213183,219.835451,216.141254,216.626175,3482500,Yahoo Finance
2019-06-19,216.890702,221.625263,216.458680,220.584900,4204600,Yahoo Finance
2019-06-20,221.828034,222.903672,218.125012,218.442413,3800800,Yahoo Finance
2019-06-21,219.341754,223.494423,217.684210,222.427597,6323500,Yahoo Finance
2019-06-24,221.589999,222.736172,218.530605,220.099976,3163800,Yahoo Finance
2019-06-25,219.800185,221.334281,218.142643,218.354248,3182700,Yahoo Finance
2019-06-26,218.654026,218.724561,214.360300,214.660065,3852900,Yahoo Finance
2019-06-27,215.356571,218.786264,214.386743,217.190445,3366200,Yahoo Finance
2019-06-28,217.331547,217.551964,210.410435,215.136185,6727600,Yahoo Finance
2019-07-01,216.846592,217.040560,212.235465,213.928268,4102700,Yahoo Finance
2019-07-02,213.884183,215.118528,211.195089,215.100891,3863500,Yahoo Finance
2019-07-03,215.409468,218.230807,215.162588,216.194153,2559400,Yahoo Finance
2019-07-05,215.471189,219.324080,215.180236,217.763535,2965000,Yahoo Finance
2019-07-08,217.252159,218.636373,215.903206,218.512939,1902500,Yahoo Finance
2019-07-09,215.682803,216.961221,214.854032,216.890686,2774800,Yahoo Finance
2019-07-10,217.613665,219.632682,216.432218,218.195557,2753000,Yahoo Finance
2019-07-11,225.531042,230.724074,219.579773,230.256790,10268800,Yahoo Finance
2019-07-12,230.671134,234.982483,230.671134,234.435852,5336100,Yahoo Finance
2019-07-15,233.695288,235.978808,232.981138,234.488785,2611400,Yahoo Finance
2019-07-16,233.933355,235.529201,232.046596,233.342651,3121600,Yahoo Finance
2019-07-17,232.760674,236.895704,232.319839,235.097092,3995200,Yahoo Finance
2019-07-18,234.206636,234.973684,226.818244,229.763016,5825800,Yahoo Finance
2019-07-19,230.203912,231.632212,226.060054,226.280472,4413200,Yahoo Finance
2019-07-22,227.594148,228.308298,224.411308,225.107834,4104300,Yahoo Finance
2019-07-23,224.358423,225.795548,222.198335,224.834518,2889300,Yahoo Finance
2019-07-24,222.877196,222.912471,216.123619,221.413635,4864000,Yahoo Finance
2019-07-25,221.413627,222.841927,218.909676,219.271164,3362800,Yahoo Finance
2019-07-26,219.553318,223.838232,217.340319,223.009460,3362600,Yahoo Finance
2019-07-29,222.921278,225.090191,222.480444,223.785324,2005500,Yahoo Finance
2019-07-30,222.762552,224.878553,220.831694,224.763931,1908800,Yahoo Finance
2019-07-31,225.989525,226.730124,219.077226,219.544510,3532400,Yahoo Finance
2019-08-01,219.703221,221.810410,218.019229,219.756119,3613600,Yahoo Finance
2019-08-02,220.144024,221.801567,216.978835,220.461426,2677600,Yahoo Finance
2019-08-05,218.768652,220.364472,213.884195,216.061920,5812400,Yahoo Finance
2019-08-06,216.828966,218.900894,214.748239,218.900894,3533000,Yahoo Finance
2019-08-07,217.128766,217.807642,212.711593,217.287460,3205800,Yahoo Finance
2019-08-08,217.058204,218.363071,214.571890,218.318985,2830700,Yahoo Finance
2019-08-09,218.407196,220.787701,217.014156,219.209518,2535000,Yahoo Finance
2019-08-12,217.587172,218.618736,214.272100,214.421982,2667400,Yahoo Finance
2019-08-13,213.081880,220.822950,212.931997,219.729675,2763400,Yahoo Finance
2019-08-14,217.534274,219.015485,214.254462,214.421982,3464300,Yahoo Finance
2019-08-15,215.435920,216.238229,212.879071,215.347748,2513500,Yahoo Finance
2019-08-16,216.344086,217.869370,215.286071,216.617401,2810000,Yahoo Finance
2019-08-19,218.204382,219.086051,215.206697,215.753342,2672300,Yahoo Finance
2019-08-20,215.312494,215.656344,211.530124,211.741730,3201300,Yahoo Finance
2019-08-21,211.768201,213.267036,210.983516,211.909271,2761900,Yahoo Finance
2019-08-22,211.909273,211.909273,205.138044,205.376099,4498200,Yahoo Finance
2019-08-23,205.340775,207.280459,202.237309,203.365845,4826600,Yahoo Finance
2019-08-26,205.005782,206.804381,203.189545,203.736176,2918300,Yahoo Finance
2019-08-27,204.300450,204.899979,196.259629,196.550568,4988100,Yahoo Finance
2019-08-28,196.100888,202.581163,194.654951,200.447525,4847600,Yahoo Finance
2019-08-29,201.390882,204.811762,201.029394,203.330551,4052500,Yahoo Finance
2019-08-30,206.019701,207.236409,204.802993,206.310654,3384100,Yahoo Finance
2019-09-03,204.318030,204.697141,201.434968,203.330551,3382300,Yahoo Finance
2019-09-04,204.503225,205.384894,199.698129,199.900909,4526100,Yahoo Finance
2019-09-05,202.783973,204.115289,200.650335,202.422485,4256900,Yahoo Finance
2019-09-06,202.933865,204.512061,201.540826,201.902313,4183200,Yahoo Finance
2019-09-09,201.902331,204.547340,201.514394,203.383530,3895600,Yahoo Finance
2019-09-10,204.062401,206.566339,203.515771,204.952896,4257600,Yahoo Finance
2019-09-11,204.979316,206.531049,201.531986,206.495789,3168100,Yahoo Finance
2019-09-12,207.192337,208.426669,202.519486,202.872162,4713700,Yahoo Finance
2019-09-13,206.388871,209.551267,205.104411,206.938080,4523200,Yahoo Finance
2019-09-16,206.238275,209.099493,205.644759,207.664444,2973600,Yahoo Finance
2019-09-17,206.459757,207.274717,204.776677,205.972549,2392900,Yahoo Finance
2019-09-18,204.448934,206.512913,203.058178,204.280624,2960500,Yahoo Finance
2019-09-19,205.511919,207.239279,204.829828,206.264877,2666700,Yahoo Finance
2019-09-20,207.965652,208.169389,205.441040,206.300293,6220100,Yahoo Finance
2019-09-23,203.536492,204.431173,202.252046,202.650665,3281200,Yahoo Finance
2019-09-24,203.191070,203.598543,197.468620,199.311142,5006800,Yahoo Finance
2019-09-25,198.673295,200.639832,196.768772,196.804199,4658000,Yahoo Finance
2019-09-26,197.574919,198.097568,189.062118,190.878067,10444400,Yahoo Finance
2019-09-27,193.269765,193.889855,190.470561,190.683151,4834900,Yahoo Finance
2019-09-30,189.248144,193.579839,188.787510,192.507996,5286300,Yahoo Finance
2019-10-01,194.164472,194.164472,187.866240,192.410538,5523600,Yahoo Finance
2019-10-02,191.471550,194.315061,190.700885,192.003052,4921200,Yahoo Finance
2019-10-03,191.010951,191.657602,188.725515,190.771774,3375800,Yahoo Finance
2019-10-04,192.082764,194.757966,190.576861,194.704819,3700500,Yahoo Finance
2019-10-07,194.040459,197.123134,193.987312,195.980423,3843200,Yahoo Finance
2019-10-08,194.430177,196.635878,193.464615,194.979385,4817000,Yahoo Finance
2019-10-09,196.396781,197.955833,195.032600,196.724533,4483100,Yahoo Finance
2019-10-10,193.278635,198.540450,192.685132,198.186111,5252200,Yahoo Finance
2019-10-11,199.789460,202.721560,196.290446,196.715652,5891600,Yahoo Finance
2019-10-14,196.325931,197.840688,194.793440,195.404663,4075300,Yahoo Finance
2019-10-15,206.123157,212.456817,204.705828,211.349533,13397700,Yahoo Finance
2019-10-16,209.312115,210.366252,207.354445,209.932205,5368600,Yahoo Finance
2019-10-17,211.438117,216.682213,210.180244,215.849533,6301200,Yahoo Finance
2019-10-18,216.540426,218.276653,214.157549,217.328812,4922100,Yahoo Finance
2019-10-21,217.045399,217.559181,214.503066,216.070984,3029200,Yahoo Finance
2019-10-22,215.822913,222.785514,215.388852,220.996140,5660800,Yahoo Finance
2019-10-23,220.030600,223.006980,218.560124,219.507965,3706600,Yahoo Finance
2019-10-24,219.711713,220.119199,216.062109,216.593597,2546900,Yahoo Finance
2019-10-25,216.062155,217.984399,214.503091,216.947983,2815100,Yahoo Finance
2019-10-28,217.257959,220.030603,216.956781,218.843597,2957100,Yahoo Finance
2019-10-29,218.834714,224.291412,218.188064,223.485306,3528900,Yahoo Finance
2019-10-30,223.379056,226.133979,223.210747,225.708786,3299600,Yahoo Finance
2019-10-31,225.336707,226.523712,221.377059,223.848511,3960400,Yahoo Finance
2019-11-01,224.991261,227.064080,223.370196,223.414490,2919600,Yahoo Finance
2019-11-04,224.672375,224.849538,221.377097,222.564102,3186400,Yahoo Finance
2019-11-05,224.769828,225.239315,221.536550,221.722580,5393400,Yahoo Finance
2019-11-06,221.199932,223.219617,220.650710,221.917450,3668600,Yahoo Finance
2019-11-07,223.184199,227.436173,222.572976,227.179276,3646300,Yahoo Finance
2019-11-08,227.453820,228.844576,225.885916,227.630997,2200300,Yahoo Finance
2019-11-11,225.930249,227.179256,224.406625,225.079849,1765600,Yahoo Finance
2019-11-12,224.636930,226.559174,224.477488,226.107407,1892500,Yahoo Finance
2019-11-13,225.770766,227.551287,224.282583,224.619202,3289800,Yahoo Finance
2019-11-14,224.822942,226.842613,224.530617,226.621170,2101900,Yahoo Finance
2019-11-15,226.869136,244.107349,226.204780,238.641785,10136000,Yahoo Finance
2019-11-18,238.287505,246.658582,238.287505,241.768799,6985200,Yahoo Finance
2019-11-19,243.815031,243.921326,240.546327,242.920364,4002000,Yahoo Finance
2019-11-20,241.166440,244.514866,240.271746,244.098526,4141600,Yahoo Finance
2019-11-21,243.797341,245.976468,242.636910,244.975479,3309900,Yahoo Finance
2019-11-22,244.957802,246.056219,243.602488,245.232407,2802700,Yahoo Finance
2019-11-25,246.065097,250.689116,245.383019,250.396805,4082900,Yahoo Finance
2019-11-26,248.660506,250.024687,248.173312,249.271729,2998600,Yahoo Finance
2019-11-27,248.926239,249.741185,246.871114,248.625061,2323900,Yahoo Finance
2019-11-29,246.348539,248.846578,245.666434,247.916443,1520900,Yahoo Finance
2019-12-02,249.608357,249.803240,246.764859,247.730408,2517100,Yahoo Finance
2019-12-03,245.347491,246.631951,242.583715,245.285477,3239200,Yahoo Finance
2019-12-04,249.466652,249.661535,246.826904,247.429260,2694200,Yahoo Finance
2019-12-05,247.358407,250.529684,245.799369,249.803299,3357300,Yahoo Finance
2019-12-06,251.510621,251.688479,248.193773,249.154160,2828900,Yahoo Finance
2019-12-09,249.669919,249.758848,246.691011,246.797714,2697100,Yahoo Finance
2019-12-10,246.851068,248.629534,243.658725,248.558380,2515300,Yahoo Finance
2019-12-11,247.473441,249.572044,247.233358,249.429764,2751300,Yahoo Finance
2019-12-12,249.901073,252.533195,249.020742,252.195282,2996200,Yahoo Finance
2019-12-13,253.404698,255.930116,252.648844,253.858215,3599300,Yahoo Finance
2019-12-16,256.072275,262.714842,255.263070,259.682556,4663600,Yahoo Finance
2019-12-17,258.980110,260.349535,257.139419,258.295410,4409100,Yahoo Finance
2019-12-18,258.766701,262.199126,258.757800,260.456238,3621600,Yahoo Finance
2019-12-19,262.323631,264.279953,261.096485,261.985718,2905900,Yahoo Finance
2019-12-20,265.791628,266.769790,260.109446,260.180573,6608300,Yahoo Finance
2019-12-23,260.927496,263.079451,260.376176,262.403625,2098900,Yahoo Finance
2019-12-24,262.554860,263.061702,261.043154,261.914612,714000,Yahoo Finance
2019-12-26,262.590374,263.444057,261.914576,262.901611,1050600,Yahoo Finance
2019-12-27,263.221765,263.693057,262.332532,263.186188,1547100,Yahoo Finance
2019-12-30,263.257290,263.693033,260.945307,261.300995,1511700,Yahoo Finance
2019-12-31,261.132156,261.514520,258.900173,261.416718,2224200,Yahoo Finance
2020-01-02,261.416722,262.946203,257.690833,260.100647,2543400,Yahoo Finance
2020-01-03,255.449899,259.549277,252.862229,257.468475,2711400,Yahoo Finance
2020-01-06,256.099123,259.353720,255.405523,259.255890,3079100,Yahoo Finance
2020-01-07,258.500032,259.202506,255.725602,257.690826,2492900,Yahoo Finance
2020-01-08,259.211404,264.440098,257.913131,263.124023,3379200,Yahoo Finance
2020-01-09,261.692349,264.280020,261.185480,261.630096,2838200,Yahoo Finance
2020-01-10,263.275151,263.275151,259.842698,262.439270,2477900,Yahoo Finance
2020-01-13,261.763495,261.834649,253.449162,254.187241,6994900,Yahoo Finance
2020-01-14,253.964879,256.312439,252.764409,256.312439,6056300,Yahoo Finance
2020-01-15,257.006011,266.449685,256.988236,263.577454,6081300,Yahoo Finance
2020-01-16,264.991367,267.650165,263.150649,267.427856,3710300,Yahoo Finance
2020-01-17,266.778758,267.392331,263.106222,265.409332,4632200,Yahoo Finance
2020-01-21,264.004326,269.028486,263.221797,267.241119,4962800,Yahoo Finance
2020-01-22,268.539446,268.663951,264.413419,267.294525,3117600,Yahoo Finance
2020-01-23,266.778737,267.285579,263.790900,266.289642,3169600,Yahoo Finance
2020-01-24,265.293707,266.707584,259.264710,260.376251,3678500,Yahoo Finance
2020-01-27,256.099112,256.170239,249.047501,252.622208,4399400,Yahoo Finance
2020-01-28,252.462068,256.428038,251.919621,254.204956,4341000,Yahoo Finance
2020-01-29,252.542188,254.489610,249.776686,251.564026,3963800,Yahoo Finance
2020-01-30,250.621325,250.621325,245.357083,249.856598,4211800,Yahoo Finance
2020-01-31,247.357866,247.900285,241.142111,242.271454,5532600,Yahoo Finance
2020-02-03,244.654665,246.184147,240.822073,243.667603,5646800,Yahoo Finance
2020-02-04,246.566450,252.097479,246.210763,249.732117,4290200,Yahoo Finance
2020-02-05,253.964906,264.102155,253.822626,262.972839,5761000,Yahoo Finance
2020-02-06,264.102034,264.342117,257.877407,260.064911,3044000,Yahoo Finance
2020-02-07,260.429562,260.891981,256.908208,257.183868,3425900,Yahoo Finance
2020-02-10,254.525105,257.246155,253.831505,255.236481,3147400,Yahoo Finance
2020-02-11,255.076438,259.273618,254.231656,258.580017,2992200,Yahoo Finance
2020-02-12,262.323676,271.216004,261.443344,269.864380,6701900,Yahoo Finance
2020-02-13,266.894288,272.016249,266.894288,268.726105,3565500,Yahoo Finance
2020-02-14,268.735029,270.300087,264.377794,265.684967,2485600,Yahoo Finance
2020-02-18,266.476415,269.748785,265.880617,268.672821,3241700,Yahoo Finance
2020-02-19,269.766525,272.736559,269.197430,271.491638,3021100,Yahoo Finance
2020-02-20,269.615487,270.469144,264.893662,268.664001,2885500,Yahoo Finance
2020-02-21,267.187696,269.001738,265.533709,268.041351,2987100,Yahoo Finance
2020-02-24,255.111997,256.979364,246.886594,247.019974,8790600,Yahoo Finance
2020-02-25,249.118566,250.745877,232.987896,234.215042,8171200,Yahoo Finance
2020-02-26,235.397722,239.941689,230.053424,233.868240,6806600,Yahoo Finance
2020-02-27,229.795537,233.112357,224.148903,225.793976,7604300,Yahoo Finance
2020-02-28,218.929078,228.621723,218.128774,226.718765,9961000,Yahoo Finance
2020-03-02,228.835118,242.973911,222.592715,242.858307,8866300,Yahoo Finance
2020-03-03,244.850226,249.296390,230.515800,232.445419,9188100,Yahoo Finance
2020-03-04,257.877498,263.070614,250.950368,257.361755,14533000,Yahoo Finance
2020-03-05,250.407920,257.361726,248.931791,251.617264,5908400,Yahoo Finance
2020-03-06,244.912468,253.404629,241.782352,252.426468,5361900,Yahoo Finance
2020-03-09,235.166519,250.265703,230.524722,243.151840,8070700,Yahoo Finance
2020-03-10,248.736230,252.453217,242.315967,248.985214,7366000,Yahoo Finance
2020-03-11,244.325559,253.644700,242.991710,247.011032,7744600,Yahoo Finance
2020-03-12,231.200514,242.075840,222.308187,222.672775,10496600,Yahoo Finance
2020-03-13,233.086127,244.008560,216.367596,242.954727,9308400,Yahoo Finance
2020-03-16,217.841177,219.413000,200.006277,200.979736,10303500,Yahoo Finance
2020-03-17,206.141817,222.163745,203.882300,218.109146,9642200,Yahoo Finance
2020-03-18,201.613843,206.704422,178.786603,193.852936,12917500,Yahoo Finance
2020-03-19,193.781483,201.944275,186.601089,196.299988,8065200,Yahoo Finance
2020-03-20,199.318604,207.767190,181.706989,184.502335,9364100,Yahoo Finance
2020-03-23,180.438784,183.752133,167.649821,174.026443,10654500,Yahoo Finance
2020-03-24,180.528111,196.719739,177.723826,196.299988,8894400,Yahoo Finance
2020-03-25,195.665907,221.047370,192.906279,209.419418,10014000,Yahoo Finance
2020-03-26,209.008596,230.380105,207.463564,228.084885,7517600,Yahoo Finance
2020-03-27,216.965982,224.700099,212.768487,216.528366,4879500,Yahoo Finance
2020-03-30,216.698012,226.923826,216.698012,224.414261,5329000,Yahoo Finance
2020-03-31,217.448231,227.316818,217.019554,222.717438,5450000,Yahoo Finance
2020-04-01,213.170391,220.243620,210.267865,211.946869,4548800,Yahoo Finance
2020-04-02,210.142807,216.126471,201.863909,214.733261,4636800,Yahoo Finance
2020-04-03,212.839934,213.750870,202.971346,204.953995,4650300,Yahoo Finance
2020-04-06,214.340254,222.637002,209.981997,221.788574,6365900,Yahoo Finance
2020-04-07,232.032332,238.194611,220.181094,221.520721,4984100,Yahoo Finance
2020-04-08,221.208144,240.382673,219.931026,239.194855,6390200,Yahoo Finance
2020-04-09,236.667436,241.490088,233.630954,235.890457,4923300,Yahoo Finance
2020-04-13,234.041717,236.631657,230.576545,235.336700,2964900,Yahoo Finance
2020-04-14,240.239749,243.874610,238.453580,241.579376,4778900,Yahoo Finance
2020-04-15,246.786019,252.733964,241.740097,251.564026,7841800,Yahoo Finance
2020-04-16,253.135953,267.925435,250.072678,266.523285,7738900,Yahoo Finance
2020-04-17,268.809557,271.497751,256.404624,259.494690,5857500,Yahoo Finance
2020-04-20,254.796945,258.110308,251.197817,251.974823,4072600,Yahoo Finance
2020-04-21,245.553600,250.063666,244.035346,244.874847,3977500,Yahoo Finance
2020-04-22,249.688577,253.475274,247.125429,247.402283,3663300,Yahoo Finance
2020-04-23,249.224176,257.619166,248.759782,254.823807,4420500,Yahoo Finance
2020-04-24,256.574268,260.691375,253.636012,260.146606,3265000,Yahoo Finance
2020-04-27,261.861349,265.121103,259.557203,262.549042,3706200,Yahoo Finance
2020-04-28,266.139226,266.362497,255.082833,257.529877,3862900,Yahoo Finance
2020-04-29,260.780613,261.450426,255.511421,256.895691,4258400,Yahoo Finance
2020-04-30,256.002651,263.459911,254.993461,261.200409,7631700,Yahoo Finance
2020-05-01,257.556772,258.101541,249.706548,254.091599,3526100,Yahoo Finance
2020-05-04,254.073562,257.154714,251.948017,256.797485,2894200,Yahoo Finance
2020-05-05,258.958788,264.353026,256.574267,261.709503,2501300,Yahoo Finance
2020-05-06,263.549236,265.853382,257.601290,257.895996,2579200,Yahoo Finance
2020-05-07,259.941189,261.039693,254.100408,254.529099,3162300,Yahoo Finance
2020-05-08,258.539049,258.994531,255.118547,256.315277,3200000,Yahoo Finance
2020-05-11,255.029226,259.083837,254.761311,257.824585,3490700,Yahoo Finance
2020-05-12,260.575232,261.807693,256.940399,256.940399,4214300,Yahoo Finance
2020-05-13,254.073606,255.779401,246.098368,248.277496,5474100,Yahoo Finance
2020-05-14,246.428831,261.182606,246.169856,259.539307,5704600,Yahoo Finance
2020-05-15,261.146790,267.925297,259.637475,259.851807,12182800,Yahoo Finance
2020-05-18,266.567917,267.675333,260.798570,261.995300,4015100,Yahoo Finance
2020-05-19,259.655372,263.129484,257.994248,258.146057,3059400,Yahoo Finance
2020-05-20,261.584512,261.584512,256.047403,257.199463,3200600,Yahoo Finance
2020-05-21,255.457945,259.110658,254.466607,256.234924,3604900,Yahoo Finance
2020-05-22,256.583222,259.208894,254.341598,258.940979,2922800,Yahoo Finance
2020-05-26,264.799547,265.272881,261.227209,263.361694,4567800,Yahoo Finance
2020-05-27,265.621352,271.319211,259.709106,271.292419,5618900,Yahoo Finance
2020-05-28,273.239203,276.552539,270.863595,271.470886,4387700,Yahoo Finance
2020-05-29,272.140792,275.400546,268.684558,272.256897,6251500,Yahoo Finance
2020-06-01,271.515580,273.266045,268.425514,273.221375,2894000,Yahoo Finance
2020-06-02,272.908799,275.159390,269.470445,273.560760,2756800,Yahoo Finance
2020-06-03,274.936173,276.963466,270.372495,272.703461,4360000,Yahoo Finance
2020-06-04,270.765307,271.917393,262.825801,266.210571,4374300,Yahoo Finance
2020-06-05,271.497674,280.678581,268.371878,278.508392,5554300,Yahoo Finance
2020-06-08,275.641658,282.071851,275.007548,276.391846,4635500,Yahoo Finance
2020-06-09,276.766835,279.222817,274.471601,276.150604,3061500,Yahoo Finance
2020-06-10,275.909457,277.132978,270.479490,273.060516,3296100,Yahoo Finance
2020-06-11,270.926157,270.926157,250.778169,253.394928,6638900,Yahoo Finance
2020-06-12,259.574943,262.656094,248.902602,254.662979,5416800,Yahoo Finance
2020-06-15,248.295325,256.315233,244.446133,255.672211,4494600,Yahoo Finance
2020-06-16,263.852988,265.755263,256.708309,261.673859,4245400,Yahoo Finance
2020-06-17,263.549209,263.549209,260.092977,261.316498,2538000,Yahoo Finance
2020-06-18,259.378529,260.584199,255.958027,260.316284,2926600,Yahoo Finance
2020-06-19,264.083349,265.957931,260.926162,261.222137,5172800,Yahoo Finance
2020-06-22,259.921626,262.800766,256.755461,262.504791,2174100,Yahoo Finance
2020-06-23,263.706687,268.433504,261.069708,266.926666,4023400,Yahoo Finance
2020-06-24,263.688779,266.478249,256.136634,259.374542,3399900,Yahoo Finance
2020-06-25,258.567180,266.191091,256.575993,265.688812,3112500,Yahoo Finance
2020-06-26,264.720181,266.011736,256.360779,257.311523,5043200,Yahoo Finance
2020-06-29,258.719676,262.154909,257.078278,259.894653,2356700,Yahoo Finance
2020-06-30,258.827410,265.895232,258.011200,264.549835,2932900,Yahoo Finance
2020-07-01,265.339083,269.438064,264.809897,267.043274,2303800,Yahoo Finance
2020-07-02,269.527732,271.841802,266.549915,267.518616,1971700,Yahoo Finance
2020-07-06,271.770120,272.209607,268.478371,271.599701,2395000,Yahoo Finance
2020-07-07,269.671225,272.272319,265.446689,266.074524,2075700,Yahoo Finance
2020-07-08,266.702456,269.859643,265.204569,267.608337,1987400,Yahoo Finance
2020-07-09,264.684362,267.778758,257.867681,261.150452,3061700,Yahoo Finance
2020-07-10,263.913001,263.913001,257.508927,261.213257,2391600,Yahoo Finance
2020-07-13,261.984633,273.133481,261.697608,268.819244,4263300,Yahoo Finance
2020-07-14,267.115066,277.815449,266.128437,276.721191,4234900,Yahoo Finance
2020-07-15,270.083810,278.667445,267.877368,272.729767,5116900,Yahoo Finance
2020-07-16,273.572952,278.811026,271.913624,275.492371,3844500,Yahoo Finance
2020-07-17,277.232359,278.918594,274.685079,274.936218,3016500,Yahoo Finance
2020-07-20,275.169474,276.792917,271.214005,272.182678,2375500,Yahoo Finance
2020-07-21,273.590855,275.357810,271.868736,273.662598,2340200,Yahoo Finance
2020-07-22,273.438298,275.277023,270.702670,275.097626,1935800,Yahoo Finance
2020-07-23,276.434123,276.703191,270.218371,271.743164,2367700,Yahoo Finance
2020-07-24,272.066057,272.918153,268.388662,269.787872,2415700,Yahoo Finance
2020-07-27,267.671057,270.989712,266.720313,267.823547,2060500,Yahoo Finance
2020-07-28,267.186730,270.334938,266.576796,269.016449,2257400,Yahoo Finance
2020-07-29,270.388820,277.824386,269.079308,275.070801,2672700,Yahoo Finance
2020-07-30,270.586172,274.873502,268.083754,273.770294,2205300,Yahoo Finance
2020-07-31,272.164762,272.433831,267.330291,271.572784,3913500,Yahoo Finance
2020-08-03,272.299301,273.483257,268.361788,272.317230,2628500,Yahoo Finance
2020-08-04,270.792431,277.026084,269.142081,273.115479,3594900,Yahoo Finance
2020-08-05,275.205334,280.703526,273.581891,280.264038,2982200,Yahoo Finance
2020-08-06,279.842479,283.645458,278.407384,281.690155,3305300,Yahoo Finance
2020-08-07,281.044327,286.120959,281.044327,284.354004,2600800,Yahoo Finance
2020-08-10,284.327163,287.439515,283.053509,286.210724,2563600,Yahoo Finance
2020-08-11,289.636986,291.116916,282.228326,283.026581,3018200,Yahoo Finance
2020-08-12,285.224039,289.968812,284.901157,289.053925,2915800,Yahoo Finance
2020-08-13,287.627807,288.695157,285.080526,288.381226,2159500,Yahoo Finance
2020-08-14,287.502213,290.542794,285.878770,290.336517,1787200,Yahoo Finance
2020-08-17,288.318490,290.426256,286.434929,287.475372,2772500,Yahoo Finance
2020-08-18,288.793822,289.412707,283.170048,284.156677,2520000,Yahoo Finance
2020-08-19,284.120820,286.560473,282.694703,282.892029,2066700,Yahoo Finance
2020-08-20,282.380889,282.784519,279.851563,281.035492,2245600,Yahoo Finance
2020-08-21,279.196665,282.784389,278.129315,281.761902,2488500,Yahoo Finance
2020-08-24,284.156720,284.237441,274.900385,277.008179,2922200,Yahoo Finance
2020-08-25,280.021836,280.165320,276.075318,280.039764,1879300,Yahoo Finance
2020-08-26,278.927639,279.268450,272.317234,276.990265,3178900,Yahoo Finance
2020-08-27,278.416276,282.326881,274.003364,279.546417,2321000,Yahoo Finance
2020-08-28,280.147432,283.268762,277.124779,281.968201,2883500,Yahoo Finance
2020-08-31,282.434628,286.623280,280.326834,280.335785,4341600,Yahoo Finance
2020-09-01,278.192093,282.282096,278.048581,280.586884,2487100,Yahoo Finance
2020-09-02,280.344701,288.165940,280.344701,287.233124,2846500,Yahoo Finance
2020-09-03,288.811787,290.444208,281.394178,283.636505,3872500,Yahoo Finance
2020-09-04,283.860822,285.071657,275.026043,279.842560,2901000,Yahoo Finance
2020-09-08,278.972429,279.358103,272.514515,275.582031,2594500,Yahoo Finance
2020-09-09,277.761567,282.820271,276.631453,279.860382,2195600,Yahoo Finance
2020-09-10,280.497254,282.030998,272.415897,273.205200,2421200,Yahoo Finance
2020-09-11,274.754274,276.006131,267.747397,271.521027,3085900,Yahoo Finance
2020-09-14,272.898950,280.203021,272.898950,277.906433,1795500,Yahoo Finance
2020-09-15,279.239393,280.509281,275.636885,276.699646,1468300,Yahoo Finance
2020-09-16,278.356765,281.220752,275.771970,276.060150,3438200,Yahoo Finance
2020-09-17,274.240937,276.834748,272.088426,274.673248,2394100,Yahoo Finance
2020-09-18,274.700204,279.545580,273.583408,277.411072,3795400,Yahoo Finance
2020-09-21,270.611389,270.665424,262.676868,269.458588,4124700,Yahoo Finance
2020-09-22,268.783015,270.746374,263.811566,265.018402,3163600,Yahoo Finance
2020-09-23,265.684941,266.675636,262.829942,263.109161,3709900,Yahoo Finance
2020-09-24,263.154158,265.621867,260.857570,263.577454,2869100,Yahoo Finance
2020-09-25,262.307672,273.133201,262.280654,272.439728,2455800,Yahoo Finance
2020-09-28,275.943091,279.203356,272.736834,273.097107,2575700,Yahoo Finance
2020-09-29,273.493345,275.141480,270.800453,273.925629,1797800,Yahoo Finance
2020-09-30,273.808593,283.265176,273.781576,280.788452,3497300,Yahoo Finance
2020-10-01,281.815186,283.850612,278.428820,281.959290,2731200,Yahoo Finance
2020-10-02,281.085701,285.850026,277.717338,280.977631,2338000,Yahoo Finance
2020-10-05,283.760566,286.777672,282.004332,286.534485,1638600,Yahoo Finance
2020-10-06,287.254939,288.470763,282.337496,283.202118,2434400,Yahoo Finance
2020-10-07,284.436020,292.469597,284.436020,291.055634,2596600,Yahoo Finance
2020-10-08,291.289754,293.018970,289.092222,290.371124,2056700,Yahoo Finance
2020-10-09,292.397579,295.558788,291.731124,295.261566,2028900,Yahoo Finance
2020-10-12,296.414332,300.413118,296.315276,297.179871,2424200,Yahoo Finance
2020-10-13,295.855906,300.539176,295.144403,298.485748,2713500,Yahoo Finance
2020-10-14,290.064930,297.720259,288.380762,289.866791,4455400,Yahoo Finance
2020-10-15,287.164911,294.477997,284.895313,292.316498,3172200,Yahoo Finance
2020-10-16,293.118005,299.323338,292.460565,297.116791,3293300,Yahoo Finance
2020-10-19,295.891935,297.909330,290.055864,292.001221,2482100,Yahoo Finance
2020-10-20,294.162733,295.963987,291.154643,291.271729,1988600,Yahoo Finance
2020-10-21,291.271763,294.045682,290.163982,290.713379,2139000,Yahoo Finance
2020-10-22,290.290125,295.459716,290.227075,293.361267,2100600,Yahoo Finance
2020-10-23,296.450379,302.295439,295.522734,297.747284,2349500,Yahoo Finance
2020-10-26,293.892626,295.180517,286.885749,290.956573,2408500,Yahoo Finance
2020-10-27,290.956500,291.352778,287.687220,288.659912,2427700,Yahoo Finance
2020-10-28,282.193457,286.228276,276.888778,277.393127,3301400,Yahoo Finance
2020-10-29,276.123177,278.726002,271.502957,273.502350,3279200,Yahoo Finance
2020-10-30,273.097151,276.645624,269.827871,274.817352,3556800,Yahoo Finance
2020-11-02,281.572009,281.572009,276.816673,281.085663,4519000,Yahoo Finance
2020-11-03,285.922067,294.000692,283.715519,289.416504,4043900,Yahoo Finance
2020-11-04,310.923456,324.621985,307.239895,319.326294,10344900,Yahoo Finance
2020-11-05,322.487534,325.108362,314.931260,319.182220,4786500,Yahoo Finance
2020-11-06,315.543606,317.020647,310.328996,312.931793,2994900,Yahoo Finance
2020-11-09,329.908580,331.385621,314.300731,315.219360,4635300,Yahoo Finance
2020-11-10,314.760081,320.533102,313.571274,318.542725,3733200,Yahoo Finance
2020-11-11,320.767277,321.352678,314.688045,316.750488,2048200,Yahoo Finance
2020-11-12,316.480297,324.694010,314.994268,319.191193,2907300,Yahoo Finance
2020-11-13,321.397648,322.370341,317.732118,320.325928,2442100,Yahoo Finance
2020-11-16,323.280034,323.847406,316.129054,321.361694,2790100,Yahoo Finance
2020-11-17,317.371907,318.245489,312.967829,317.110718,2557600,Yahoo Finance
2020-11-18,318.308539,318.866924,308.996061,310.274963,2722500,Yahoo Finance
2020-11-19,308.275585,308.978073,301.106575,303.511261,3935600,Yahoo Finance
2020-11-20,301.709996,304.105667,298.746926,301.439819,3702000,Yahoo Finance
2020-11-23,302.205275,302.844740,298.638801,301.763977,2535700,Yahoo Finance
2020-11-24,302.772781,306.213183,301.196684,302.619690,3759700,Yahoo Finance
2020-11-25,305.150460,305.150460,296.432397,300.079926,3145100,Yahoo Finance
2020-11-27,300.386051,305.222413,298.863990,304.357819,1558600,Yahoo Finance
2020-11-30,301.809089,304.357879,297.468088,302.916870,5265700,Yahoo Finance
2020-12-01,310.509206,318.912073,306.150174,307.284973,3817700,Yahoo Finance
2020-12-02,307.807244,316.867548,307.564084,313.021881,2864300,Yahoo Finance
2020-12-03,313.328152,317.714201,312.058264,314.030640,4169200,Yahoo Finance
2020-12-04,312.738033,317.682187,312.512066,316.254089,3255100,Yahoo Finance
2020-12-07,315.196529,316.254066,312.032995,314.419189,2999400,Yahoo Finance
2020-12-08,311.608176,316.263086,311.002573,314.419189,2471200,Yahoo Finance
2020-12-09,315.350238,315.820239,308.770059,311.300903,2600400,Yahoo Finance
2020-12-10,311.978822,312.249971,306.646011,306.998505,2896900,Yahoo Finance
2020-12-11,305.624601,306.302501,302.189889,304.666504,3071700,Yahoo Finance
2020-12-14,307.342002,310.234389,303.572863,303.816925,2479000,Yahoo Finance
2020-12-15,306.537523,308.227750,304.639396,307.016571,2616500,Yahoo Finance
2020-12-16,304.449577,308.815271,302.126659,306.718292,2365600,Yahoo Finance
2020-12-17,307.143103,309.664900,304.883435,308.824310,2525700,Yahoo Finance
2020-12-18,309.592613,309.673957,301.891673,305.850616,8742700,Yahoo Finance
2020-12-21,300.147179,304.558055,297.733841,303.771667,2892700,Yahoo Finance
2020-12-22,302.940140,304.585185,301.412602,302.804565,2069700,Yahoo Finance
2020-12-23,304.142215,308.806173,303.726444,305.136475,2348100,Yahoo Finance
2020-12-24,304.097072,308.589293,304.097072,308.028900,1360600,Yahoo Finance
2020-12-28,310.216286,314.356014,310.080712,312.692902,2308200,Yahoo Finance
2020-12-29,314.536804,317.519583,311.834250,313.958344,2275700,Yahoo Finance
2020-12-30,313.714244,315.458729,311.355164,311.825165,1866000,Yahoo Finance
2020-12-31,311.870283,317.338667,310.975436,316.968079,1969000,Yahoo Finance
2021-01-04,317.664194,318.233607,307.658376,315.901642,4203800,Yahoo Finance
2021-01-05,315.169469,317.582779,311.364195,311.653412,3160500,Yahoo Finance
2021-01-06,304.702689,324.931243,302.894954,324.732391,6561400,Yahoo Finance
2021-01-07,324.072540,331.222133,323.512147,329.938629,3366700,Yahoo Finance
2021-01-08,331.719246,332.162132,324.271389,328.456299,2947800,Yahoo Finance
2021-01-11,327.760326,329.269797,324.660068,326.070099,2695100,Yahoo Finance
2021-01-12,323.530195,325.464456,321.080723,323.014984,2372500,Yahoo Finance
2021-01-13,321.812925,322.508893,317.465325,320.909058,1974500,Yahoo Finance
2021-01-14,322.544997,324.316569,316.733138,316.832550,2919900,Yahoo Finance
2021-01-15,315.558140,319.110332,312.503065,317.528564,3777000,Yahoo Finance
2021-01-19,321.966544,322.644445,317.763567,318.333008,3361300,Yahoo Finance
2021-01-20,318.052853,318.233610,312.584439,317.112823,3036800,Yahoo Finance
2021-01-21,317.085688,326.196686,317.022411,320.872894,3749800,Yahoo Finance
2021-01-22,319.345291,320.529355,314.129988,314.139008,2585100,Yahoo Finance
2021-01-25,313.777437,316.705985,311.472587,314.373993,2506300,Yahoo Finance
2021-01-26,316.814494,317.718361,309.637786,310.125854,2467500,Yahoo Finance
2021-01-27,304.639408,305.507113,297.381355,300.978729,4770900,Yahoo Finance
2021-01-28,304.277879,313.262294,302.352638,305.642700,2769900,Yahoo Finance
2021-01-29,304.178443,306.429064,298.845632,301.512024,3899200,Yahoo Finance
2021-02-01,302.822645,305.642706,300.752781,301.891663,3020200,Yahoo Finance
2021-02-02,304.693638,311.508804,304.693638,306.157898,2663700,Yahoo Finance
2021-02-03,305.507188,307.459545,302.434044,305.407776,2537100,Yahoo Finance
2021-02-04,300.373162,303.057648,296.820970,297.661560,5962200,Yahoo Finance
2021-02-05,300.183303,301.421624,292.382952,293.313934,7227900,Yahoo Finance
2021-02-08,295.573677,295.582697,292.681291,293.160339,4758200,Yahoo Finance
2021-02-09,292.762543,299.216167,290.783072,297.941711,4096900,Yahoo Finance
2021-02-10,300.680451,303.482445,298.068262,301.349304,4122700,Yahoo Finance
2021-02-11,302.795544,304.286919,299.632008,301.051086,2776700,Yahoo Finance
2021-02-12,299.794669,300.445455,296.359985,296.685364,2760800,Yahoo Finance
2021-02-16,295.890009,298.131610,291.479160,293.413422,4339000,Yahoo Finance
2021-02-17,292.364846,297.010736,291.262127,295.437988,2620000,Yahoo Finance
2021-02-18,294.570304,297.896529,293.937614,296.839020,2383500,Yahoo Finance
2021-02-19,297.146274,297.236666,292.952318,293.377136,2313800,Yahoo Finance
2021-02-22,290.593368,297.417556,289.553926,296.143127,2688300,Yahoo Finance
2021-02-23,298.267121,301.837407,295.239188,297.833282,3225700,Yahoo Finance
2021-02-24,296.911325,301.530101,294.696867,300.273712,3360500,Yahoo Finance
2021-02-25,299.180063,301.530124,295.889973,297.254822,2780100,Yahoo Finance
2021-02-26,298.773245,305.425721,298.140554,300.282715,5430000,Yahoo Finance
2021-03-01,302.217088,306.329701,301.602465,302.479218,4198900,Yahoo Finance
2021-03-02,302.795502,305.208840,301.792223,302.470123,2568900,Yahoo Finance
2021-03-03,301.277021,305.651735,300.788925,300.870270,3039700,Yahoo Finance
2021-03-04,302.045347,308.074126,300.689546,301.719940,4991600,Yahoo Finance
2021-03-05,302.822558,314.807843,302.813510,313.732239,4563100,Yahoo Finance
2021-03-08,313.651039,319.969063,312.376582,316.507263,3419900,Yahoo Finance
2021-03-09,318.992795,326.521996,317.564670,318.143158,4277600,Yahoo Finance
2021-03-10,319.887608,320.402819,314.997684,315.991943,3012300,Yahoo Finance
2021-03-11,317.040441,321.749581,316.235986,319.155487,2520500,Yahoo Finance
2021-03-12,320.352837,323.663667,319.282464,322.937988,2088700,Yahoo Finance
2021-03-15,323.754413,324.679623,318.883379,320.996887,2343400,Yahoo Finance
2021-03-16,320.679383,322.339324,319.209921,321.649963,2904200,Yahoo Finance
2021-03-17,322.167017,324.797539,319.137351,319.454834,2633100,Yahoo Finance
2021-03-18,320.080712,330.466770,319.599962,328.407684,3311600,Yahoo Finance
2021-03-19,328.289768,336.036196,325.650167,331.609650,8572900,Yahoo Finance
2021-03-22,331.083569,334.330897,326.647943,332.770721,3505200,Yahoo Finance
2021-03-23,334.575906,337.015949,333.097363,334.258423,3100100,Yahoo Finance
2021-03-24,332.035985,339.065842,331.546183,336.163208,3407800,Yahoo Finance
2021-03-25,336.163298,337.532968,329.623270,336.607758,3021500,Yahoo Finance
2021-03-26,337.142894,342.022981,335.882070,341.496887,2959800,Yahoo Finance
2021-03-29,341.388005,345.143323,340.145312,343.837128,2740400,Yahoo Finance
2021-03-30,342.467409,344.580917,337.251708,338.848175,3066000,Yahoo Finance
2021-03-31,338.158823,341.968564,337.251745,337.496674,3356500,Yahoo Finance
2021-04-01,337.614590,338.059049,331.773003,332.961273,2977700,Yahoo Finance
2021-04-05,335.274326,338.004641,333.478328,335.782288,2709400,Yahoo Finance
2021-04-06,334.512303,335.428461,329.015411,330.512085,2698600,Yahoo Finance
2021-04-07,330.348849,331.881813,327.047071,331.664124,2158900,Yahoo Finance
2021-04-08,329.369169,332.816083,329.369169,330.983795,2426700,Yahoo Finance
2021-04-09,334.122301,341.614749,332.897740,341.333557,2483200,Yahoo Finance
2021-04-12,339.682669,344.535516,339.274473,341.315399,3057300,Yahoo Finance
2021-04-13,341.288223,344.063881,339.546621,339.700836,2652300,Yahoo Finance
2021-04-14,340.462831,342.884742,339.773442,340.725891,2805600,Yahoo Finance
2021-04-15,344.689760,355.901235,344.689760,353.769623,4488300,Yahoo Finance
2021-04-16,357.316329,357.316329,349.642426,354.676727,4532400,Yahoo Finance
2021-04-19,353.760584,356.835593,352.372755,353.615448,2965400,Yahoo Finance
2021-04-20,353.633582,360.908369,353.234493,359.683807,3348100,Yahoo Finance
2021-04-21,361.797235,364.173803,358.695043,361.751892,2473300,Yahoo Finance
2021-04-22,361.416314,361.706586,356.654153,359.692871,2718600,Yahoo Finance
2021-04-23,358.858319,364.636403,357.842396,363.112518,2263200,Yahoo Finance
2021-04-26,362.658928,362.831275,358.486363,359.075958,1642300,Yahoo Finance
2021-04-27,357.987574,359.502379,355.846854,357.842438,1758500,Yahoo Finance
2021-04-28,358.459184,360.100994,356.753873,357.924011,1886500,Yahoo Finance
2021-04-29,359.883370,364.790667,359.475173,364.237335,1996500,Yahoo Finance
2021-04-30,363.738381,364.518455,361.334629,361.742798,2328100,Yahoo Finance
2021-05-03,363.738397,368.972229,363.312069,368.183075,2568500,Yahoo Finance
2021-05-04,367.802239,374.142710,366.006213,373.117706,3237200,Yahoo Finance
2021-05-05,372.355643,374.396569,368.999442,374.169800,2767600,Yahoo Finance
2021-05-06,374.623333,378.115590,374.224216,376.410278,3058700,Yahoo Finance
2021-05-07,376.437526,380.083971,375.593950,378.841278,1851000,Yahoo Finance
2021-05-10,380.310753,386.397269,379.358331,381.780243,2489300,Yahoo Finance
2021-05-11,381.880001,383.050140,372.455444,373.444183,3024000,Yahoo Finance
2021-05-12,371.258152,372.673193,367.076506,367.702393,2888100,Yahoo Finance
2021-05-13,368.527719,374.786552,366.749853,370.595856,2637500,Yahoo Finance
2021-05-14,372.800037,374.251367,370.541421,371.720612,2072900,Yahoo Finance
2021-05-17,371.276200,374.178861,370.604971,370.659393,1583900,Yahoo Finance
2021-05-18,371.620909,374.587045,368.518689,372.246796,2694800,Yahoo Finance
2021-05-19,371.439498,372.555215,366.686417,371.448578,2783100,Yahoo Finance
2021-05-20,371.475803,375.376229,370.378246,370.668518,2105800,Yahoo Finance
2021-05-21,372.591492,379.730194,371.412274,373.380646,4295400,Yahoo Finance
2021-05-24,374.051891,375.439719,371.829565,372.763855,1883600,Yahoo Finance
2021-05-25,373.580254,375.403463,370.895310,374.668732,2285600,Yahoo Finance
2021-05-26,373.806999,376.709633,372.818287,374.813843,1903900,Yahoo Finance
2021-05-27,376.364942,376.537261,372.246798,374.351227,2041800,Yahoo Finance
2021-05-28,374.351227,376.863824,371.920236,373.643707,2367900,Yahoo Finance
2021-06-01,375.285570,375.285570,368.418979,368.926941,2199600,Yahoo Finance
2021-06-02,371.122052,371.122052,366.958538,368.137756,2232900,Yahoo Finance
2021-06-03,366.006135,371.684455,365.407460,370.051697,2281200,Yahoo Finance
2021-06-04,372.772870,372.809161,367.049209,367.947235,2990900,Yahoo Finance
2021-06-07,369.144655,369.371425,361.643126,363.058167,3353800,Yahoo Finance
2021-06-08,363.484397,365.325765,361.697452,364.409607,3051300,Yahoo Finance
2021-06-09,365.851899,368.074252,363.312091,363.829132,1925700,Yahoo Finance
2021-06-10,364.563846,365.416502,361.443495,364.182861,4033600,Yahoo Finance
2021-06-11,365.870090,365.879142,358.096422,360.917450,3094300,Yahoo Finance
2021-06-14,360.382217,362.350589,358.413872,362.069397,2674900,Yahoo Finance
2021-06-15,362.795086,364.191994,359.629391,363.085358,2845800,Yahoo Finance
2021-06-16,363.829141,365.688640,359.810790,360.336884,3330800,Yahoo Finance
2021-06-17,359.202960,361.080618,357.942108,360.427521,3532000,Yahoo Finance
2021-06-18,352.579963,357.477922,352.552652,354.482697,5521400,Yahoo Finance
2021-06-21,354.482582,363.431833,354.346027,362.403076,3839300,Yahoo Finance
2021-06-22,364.715574,364.751998,362.175577,362.967621,3964600,Yahoo Finance
2021-06-23,362.175495,363.249761,359.853957,360.117981,2942100,Yahoo Finance
2021-06-24,362.630730,366.126665,361.283327,363.131439,3309100,Yahoo Finance
2021-06-25,364.251299,373.246062,363.268051,368.666748,16928900,Yahoo Finance
2021-06-28,368.666727,368.703123,362.275697,365.489410,3193300,Yahoo Finance
2021-06-29,365.953788,367.073591,361.866098,362.430542,2458800,Yahoo Finance
2021-06-30,361.920635,365.434768,361.246920,364.560791,2875600,Yahoo Finance
2021-07-01,366.008270,368.903337,365.807981,368.612030,2678100,Yahoo Finance
2021-07-02,368.794149,373.145862,367.692572,372.681549,1982400,Yahoo Finance
2021-07-06,372.053443,374.320332,369.358637,373.500977,2615300,Yahoo Finance
2021-07-07,373.582860,375.248880,370.715104,374.775482,2270400,Yahoo Finance
2021-07-08,371.998819,374.019910,368.785106,373.218781,2032300,Yahoo Finance
2021-07-09,375.567500,376.222989,373.846858,375.185120,2078900,Yahoo Finance
2021-07-12,374.192773,379.090731,373.546396,378.763000,2802600,Yahoo Finance
2021-07-13,379.072594,382.086018,378.462613,381.039062,2948900,Yahoo Finance
2021-07-14,383.069243,384.671557,376.314086,377.579529,3538700,Yahoo Finance
2021-07-15,375.003141,383.943282,370.715162,382.413788,3546500,Yahoo Finance
2021-07-16,383.606456,384.453150,380.219791,382.095215,2625400,Yahoo Finance
2021-07-19,379.855455,381.940280,370.359985,372.408386,3611300,Yahoo Finance
2021-07-20,374.174589,380.301594,373.819519,375.968079,3186700,Yahoo Finance
2021-07-21,379.691710,379.846490,374.019904,377.488556,1863700,Yahoo Finance
2021-07-22,378.744873,379.482295,376.660076,378.517273,1421900,Yahoo Finance
2021-07-23,380.456325,381.767304,378.717457,380.274261,1611700,Yahoo Finance
2021-07-26,379.482258,380.247019,374.083590,376.487061,2232600,Yahoo Finance
2021-07-27,375.084980,378.052894,372.772555,377.907227,2630600,Yahoo Finance
2021-07-28,377.351916,377.351916,370.350933,372.508606,2446600,Yahoo Finance
2021-07-29,374.429589,375.613098,371.825856,375.157898,1597300,Yahoo Finance
2021-07-30,373.956132,376.696419,373.491819,375.285309,1864200,Yahoo Finance
2021-08-02,376.514404,379.127249,375.822490,378.335205,1806500,Yahoo Finance
2021-08-03,378.562799,384.316538,377.889083,384.098022,2496500,Yahoo Finance
2021-08-04,384.234549,385.700308,382.104215,383.770264,1995400,Yahoo Finance
2021-08-05,384.243676,384.416654,371.343315,374.347626,3598600,Yahoo Finance
2021-08-06,375.094204,379.427693,375.094204,377.925537,1944000,Yahoo Finance
2021-08-09,377.770724,378.936036,373.582876,374.056274,1509800,Yahoo Finance
2021-08-10,373.728567,376.587210,371.962387,374.884766,1441800,Yahoo Finance
2021-08-11,376.022753,376.842108,370.997352,371.206726,1542600,Yahoo Finance
2021-08-12,370.533037,372.108040,368.074944,369.586212,1939900,Yahoo Finance
2021-08-13,370.605905,373.309796,369.549865,372.963867,1537800,Yahoo Finance
2021-08-16,373.118569,380.019421,370.833454,379.828217,2377500,Yahoo Finance
2021-08-17,379.728101,384.644259,379.300212,383.988770,2258000,Yahoo Finance
2021-08-18,383.597288,383.815776,379.718973,379.928375,3037000,Yahoo Finance
2021-08-19,378.162092,389.969985,375.449089,389.551208,3204500,Yahoo Finance
2021-08-20,389.970090,392.710377,388.659111,391.208221,2401900,Yahoo Finance
2021-08-23,391.982049,391.982049,386.829179,387.247955,2375900,Yahoo Finance
2021-08-24,387.393588,387.775968,383.934077,385.472656,1619300,Yahoo Finance
2021-08-25,384.052490,385.663889,381.867535,382.131531,1939000,Yahoo Finance
2021-08-26,382.158750,383.633622,379.300108,379.500397,1385400,Yahoo Finance
2021-08-27,380.556579,382.686914,378.835909,381.239380,1621600,Yahoo Finance
2021-08-30,381.239300,382.887122,380.447256,380.820496,1284200,Yahoo Finance
2021-08-31,379.636984,383.041873,377.106072,378.972382,4249100,Yahoo Finance
2021-09-01,379.218236,382.249857,374.393096,379.955658,2034400,Yahoo Finance
2021-09-02,381.603538,386.374028,380.765957,385.745850,3137400,Yahoo Finance
2021-09-03,384.125258,386.009794,382.923523,384.971924,1604800,Yahoo Finance
2021-09-07,382.641383,384.425788,380.165092,383.497162,1920300,Yahoo Finance
2021-09-08,383.451638,384.981105,377.087947,378.171326,2262500,Yahoo Finance
2021-09-09,378.125749,382.568508,376.842081,377.406525,3508500,Yahoo Finance
2021-09-10,379.653978,380.055963,367.804636,369.010590,4215800,Yahoo Finance
2021-09-13,372.728989,380.796031,371.331188,378.703888,3068200,Yahoo Finance
2021-09-14,381.508577,381.508577,375.826008,376.894928,2879800,Yahoo Finance
2021-09-15,376.876661,385.007688,374.117610,381.444641,3180600,Yahoo Finance
2021-09-16,383.408949,386.816645,379.105890,380.823456,2262700,Yahoo Finance
2021-09-17,379.114911,384.706113,379.114911,383.856476,4534200,Yahoo Finance
2021-09-20,380.896484,383.070819,373.404985,377.041107,2799800,Yahoo Finance
2021-09-21,379.151502,382.595749,376.593417,376.712189,2382200,Yahoo Finance
2021-09-22,369.951649,376.401636,369.951649,373.386780,3629400,Yahoo Finance
2021-09-23,374.391775,379.005453,372.299659,372.774719,2681600,Yahoo Finance
2021-09-24,371.778819,372.646746,370.216577,371.906708,1950400,Yahoo Finance
2021-09-27,372.591886,376.538628,369.969870,370.253082,2608600,Yahoo Finance
2021-09-28,367.813827,369.092856,362.715944,364.177704,3115400,Yahoo Finance
2021-09-29,362.697713,367.128661,361.601387,365.813080,2056300,Yahoo Finance
2021-09-30,366.799673,368.626865,356.722710,356.978516,3779900,Yahoo Finance
2021-10-01,357.764249,359.673662,350.016944,358.522522,3146600,Yahoo Finance
2021-10-04,357.782527,361.007520,351.515270,353.570862,3074800,Yahoo Finance
2021-10-05,355.699461,361.793159,355.608096,359.436066,3269400,Yahoo Finance
2021-10-06,356.987686,360.669477,352.501925,360.185272,2809200,Yahoo Finance
2021-10-07,362.478435,372.902571,362.432739,369.732391,2813700,Yahoo Finance
2021-10-08,371.294589,373.770427,367.850342,373.167450,2012200,Yahoo Finance
2021-10-11,372.747217,375.688998,369.284680,369.997284,2164200,Yahoo Finance
2021-10-12,370.106919,373.094396,367.548861,368.398499,2415700,Yahoo Finance
2021-10-13,368.489854,370.289640,363.711737,368.681702,3021800,Yahoo Finance
2021-10-14,388.881353,396.043943,381.700472,384.039276,6038800,Yahoo Finance
2021-10-15,385.583233,393.293986,385.080766,391.083099,3312000,Yahoo Finance
2021-10-18,391.019111,391.019111,387.218549,387.931152,2232800,Yahoo Finance
2021-10-19,389.950177,390.854656,386.816549,387.711884,1616800,Yahoo Finance
2021-10-20,390.105562,397.898536,389.959383,397.496552,2764000,Yahoo Finance
2021-10-21,397.871127,404.266300,397.487404,404.065308,2465100,Yahoo Finance
2021-10-22,402.749704,410.469602,402.402533,410.350830,2736200,Yahoo Finance
2021-10-25,411.118195,413.530102,407.865796,410.652252,3553500,Yahoo Finance
2021-10-26,411.565884,418.162049,408.916461,415.357330,3103900,Yahoo Finance
2021-10-27,415.357352,420.656198,414.297577,414.297577,3520400,Yahoo Finance
2021-10-28,413.858958,418.335573,413.420422,416.088135,1672600,Yahoo Finance
2021-10-29,415.147204,421.524114,413.913843,420.683594,2497800,Yahoo Finance
2021-11-01,421.916985,425.516556,412.196308,414.873138,2203100,Yahoo Finance
2021-11-02,416.837371,417.001812,411.465422,412.981995,2600000,Yahoo Finance
2021-11-03,411.501986,417.988496,408.414027,417.814911,2438200,Yahoo Finance
2021-11-04,418.061668,418.893044,413.091702,417.294250,2517300,Yahoo Finance
2021-11-05,418.271724,421.642896,415.302536,416.426270,2905000,Yahoo Finance
2021-11-08,417.376418,424.082210,415.055876,422.647858,2279900,Yahoo Finance
2021-11-09,422.647801,424.337960,420.519135,424.228333,2657800,Yahoo Finance
2021-11-10,425.178503,425.735784,417.175393,420.162842,2818200,Yahoo Finance
2021-11-11,420.254131,421.030694,416.088136,417.869659,2246800,Yahoo Finance
2021-11-12,420.866345,421.167819,417.586510,419.331482,2609500,Yahoo Finance
2021-11-15,418.427024,418.618872,411.575053,411.849121,2849600,Yahoo Finance
2021-11-16,413.849871,418.746761,410.542658,410.771057,3383800,Yahoo Finance
2021-11-17,411.474547,414.736063,409.957974,410.158966,2281500,Yahoo Finance
2021-11-18,409.957981,413.685441,408.477932,410.634033,2073800,Yahoo Finance
2021-11-19,409.409841,410.615794,401.525502,401.982300,3536100,Yahoo Finance
2021-11-22,404.558681,405.408318,399.597860,399.734894,2598700,Yahoo Finance
2021-11-23,398.337062,408.852534,398.327917,408.496246,2857000,Yahoo Finance
2021-11-24,408.048556,412.013560,407.134960,411.264404,2248800,Yahoo Finance
2021-11-26,406.477180,409.455484,400.346930,401.900055,2480600,Yahoo Finance
2021-11-29,405.234681,413.932106,402.484748,412.945435,4079700,Yahoo Finance
2021-11-30,408.432256,412.351591,403.124265,405.837646,7435400,Yahoo Finance
2021-12-01,413.758560,416.526755,405.764594,405.947296,4325500,Yahoo Finance
2021-12-02,404.860040,409.190504,401.269614,407.482056,4738700,Yahoo Finance
2021-12-03,410.415106,416.528679,408.032032,411.835815,3038300,Yahoo Finance
2021-12-06,414.429772,423.256402,413.852325,421.725708,4721500,Yahoo Finance
2021-12-07,424.145466,426.895194,421.835705,425.960297,3105200,Yahoo Finance
2021-12-08,427.206853,430.946498,423.907174,429.745758,3228300,Yahoo Finance
2021-12-09,429.443364,434.897002,428.370958,433.833771,2977400,Yahoo Finance
2021-12-10,432.623768,438.563189,431.716367,438.334045,2572300,Yahoo Finance
2021-12-13,437.225059,440.194785,434.466185,438.251648,2724800,Yahoo Finance
2021-12-14,439.727241,442.742783,437.371634,439.461426,3018000,Yahoo Finance
2021-12-15,440.506366,454.071677,440.084748,453.136780,4188600,Yahoo Finance
2021-12-16,452.797676,455.501558,449.223008,451.743591,4080800,Yahoo Finance
2021-12-17,450.423715,451.991052,445.804165,446.482422,5707200,Yahoo Finance
2021-12-20,441.789558,444.548460,435.611846,443.375244,3145600,Yahoo Finance
2021-12-21,446.390790,448.205620,441.972915,446.564941,2536000,Yahoo Finance
2021-12-22,446.509914,454.117510,445.364194,452.907623,1687500,Yahoo Finance
2021-12-23,453.705102,456.592311,451.697799,454.053406,1706500,Yahoo Finance
2021-12-27,457.078082,458.562931,455.208288,457.829681,1349400,Yahoo Finance
2021-12-28,460.121143,463.164182,458.654616,460.982727,1495500,Yahoo Finance
2021-12-29,462.669155,464.905603,460.121076,463.402405,1573900,Yahoo Finance
2021-12-30,465.556374,466.747939,461.633430,462.348358,1309800,Yahoo Finance
2021-12-31,462.082511,464.584745,460.157696,460.249359,1695400,Yahoo Finance
2022-01-03,458.287924,460.945989,451.917711,460.377716,3033600,Yahoo Finance
2022-01-04,461.220920,461.725025,449.928700,449.947021,3908100,Yahoo Finance
2022-01-05,453.494206,455.538180,448.838013,448.838013,3921100,Yahoo Finance
2022-01-06,439.956477,443.751115,424.484670,430.469910,6555200,Yahoo Finance
2022-01-07,428.673377,428.930017,417.546132,420.341705,5494200,Yahoo Finance
2022-01-10,417.958581,426.996005,416.528725,426.207764,5831800,Yahoo Finance
2022-01-11,428.224289,431.203161,422.239050,429.874115,3332800,Yahoo Finance
2022-01-12,429.846612,435.666875,427.436013,434.200348,3502300,Yahoo Finance
2022-01-13,436.189342,436.794257,427.106071,428.435089,3005300,Yahoo Finance
2022-01-14,430.689868,433.696236,426.281112,429.589966,3665400,Yahoo Finance
2022-01-18,426.363534,426.858465,420.112481,422.532227,3938800,Yahoo Finance
2022-01-19,428.957477,435.822621,423.008909,423.934631,4030900,Yahoo Finance
2022-01-20,425.639544,432.284719,423.458088,424.374664,3228600,Yahoo Finance
2022-01-21,424.832906,431.514751,422.605633,422.697296,4273200,Yahoo Finance
2022-01-24,419.855873,425.419495,410.745108,423.705475,4780700,Yahoo Finance
2022-01-25,416.189611,421.157436,409.956878,418.728516,3428900,Yahoo Finance
2022-01-26,420.204232,425.181232,415.621352,420.185883,4435900,Yahoo Finance
2022-01-27,419.865066,429.580776,418.884351,423.091431,3508100,Yahoo Finance
2022-01-28,422.908075,427.380969,417.115309,427.179321,3364400,Yahoo Finance
2022-01-31,426.207815,433.705399,425.657863,433.146301,3500500,Yahoo Finance
2022-02-01,435.373545,435.373545,424.145490,429.333313,3148600,Yahoo Finance
2022-02-02,429.929066,441.771239,429.929066,439.754761,3026800,Yahoo Finance
2022-02-03,457.050587,458.452947,443.228634,447.994812,4370900,Yahoo Finance
2022-02-04,441.560389,448.783010,440.130533,442.861938,3066400,Yahoo Finance
2022-02-07,444.456766,446.610725,441.147913,443.347717,2937200,Yahoo Finance
2022-02-08,441.193778,454.319151,441.193778,452.247681,3534700,Yahoo Finance
2022-02-09,455.538239,459.140376,454.887478,456.546478,2818100,Yahoo Finance
2022-02-10,451.175303,452.990133,444.603470,446.115814,2626100,Yahoo Finance
2022-02-11,444.245962,449.516273,436.693386,438.242401,2493800,Yahoo Finance
2022-02-14,435.474400,437.884999,430.176592,434.823639,2549500,Yahoo Finance
2022-02-15,436.235079,441.028780,435.556822,438.334045,3001000,Yahoo Finance
2022-02-16,435.831849,441.542127,432.073882,440.002258,2651800,Yahoo Finance
2022-02-17,438.279100,439.305660,429.773277,431.102295,2403100,Yahoo Finance
2022-02-18,431.019772,435.300194,427.885071,428.783325,2992300,Yahoo Finance
2022-02-22,425.135396,428.215106,419.626794,423.925537,3029800,Yahoo Finance
2022-02-23,428.215160,428.700944,420.561744,421.276672,2840300,Yahoo Finance
2022-02-24,412.019146,418.499344,408.554491,417.857758,3933000,Yahoo Finance
2022-02-25,418.554399,436.088501,418.169452,436.061005,3314400,Yahoo Finance
2022-02-28,426.986849,437.490800,426.766852,436.170929,3918300,Yahoo Finance
2022-03-01,431.606423,437.170018,428.710040,436.519257,2917600,Yahoo Finance
2022-03-02,438.297451,446.528313,438.022489,444.887634,3675900,Yahoo Finance
2022-03-03,445.455836,450.387018,441.991181,445.996613,3139400,Yahoo Finance
2022-03-04,440.588843,457.976288,437.655789,457.050537,4170100,Yahoo Finance
2022-03-07,458.287942,458.287942,442.724473,446.253296,4123300,Yahoo Finance
2022-03-08,438.856425,444.071743,432.183755,433.961914,3849500,Yahoo Finance
2022-03-09,442.321126,447.032339,434.081119,445.061707,3115500,Yahoo Finance
2022-03-10,439.342329,452.522695,437.967465,450.442078,2834800,Yahoo Finance
2022-03-11,448.456329,453.944480,443.565737,443.896667,2615000,Yahoo Finance
2022-03-14,450.818971,455.590080,446.112220,448.539154,2704100,Yahoo Finance
2022-03-15,450.451236,459.588963,447.978348,457.722809,3043000,Yahoo Finance
2022-03-16,459.487847,464.700224,450.460458,458.044586,3497100,Yahoo Finance
2022-03-17,455.966958,466.189438,455.213134,466.097504,2357200,Yahoo Finance
2022-03-18,467.678672,469.462094,461.078190,465.270142,5065600,Yahoo Finance
2022-03-21,464.249774,471.594879,463.652214,466.685883,2617700,Yahoo Finance
2022-03-22,468.165901,470.537680,464.093461,464.534729,2752500,Yahoo Finance
2022-03-23,461.730836,466.134234,460.866703,462.613373,2753200,Yahoo Finance
2022-03-24,464.240532,474.150486,463.192530,472.017731,2789200,Yahoo Finance
2022-03-25,472.688817,474.839976,468.138329,471.622467,2551100,Yahoo Finance
2022-03-28,472.808315,475.400715,467.743028,471.778717,2643000,Yahoo Finance
2022-03-29,475.363890,477.652964,466.354877,469.508057,3478400,Yahoo Finance
2022-03-30,473.534536,479.133025,471.116803,478.783691,3041200,Yahoo Finance
2022-03-31,475.363919,479.767346,468.533642,468.809418,3979700,Yahoo Finance
2022-04-01,469.462054,473.231169,465.711371,471.217926,2344100,Yahoo Finance
2022-04-04,470.868587,471.116757,463.808433,468.855316,2657500,Yahoo Finance
2022-04-05,468.837017,482.378115,466.998441,475.970703,3268600,Yahoo Finance
2022-04-06,476.393397,490.458548,476.191180,488.831390,3955600,Yahoo Finance
2022-04-07,487.222842,494.834577,485.742802,493.611908,2867000,Yahoo Finance
2022-04-08,495.496357,504.661633,494.668975,501.894623,3986700,Yahoo Finance
2022-04-11,499.725047,503.411401,493.326837,494.062256,3574000,Yahoo Finance
2022-04-12,492.196076,497.086696,487.939824,490.633331,3575700,Yahoo Finance
2022-04-13,490.274863,494.834553,485.954196,493.657837,3012000,Yahoo Finance
2022-04-14,495.036691,508.632943,490.964251,491.653717,4211300,Yahoo Finance
2022-04-18,494.485107,497.334877,487.572042,490.973419,2087100,Yahoo Finance
2022-04-19,492.637391,498.695469,492.039831,494.301300,2207600,Yahoo Finance
2022-04-20,498.382850,504.100795,495.496272,501.940491,2986300,Yahoo Finance
2022-04-21,501.471717,503.769937,492.766084,494.062256,2539900,Yahoo Finance
2022-04-22,489.116431,490.302292,478.195283,478.893951,3453300,Yahoo Finance
2022-04-25,478.397590,483.784605,470.427349,481.955231,3030400,Yahoo Finance
2022-04-26,481.927639,483.784619,472.063694,472.311920,2895300,Yahoo Finance
2022-04-27,473.350672,478.857256,468.671527,472.339478,3353700,Yahoo Finance
2022-04-28,475.051386,483.803028,471.751117,482.093109,2582700,Yahoo Finance
2022-04-29,476.972748,477.938046,466.042424,467.504089,2873200,Yahoo Finance
2022-05-02,469.581622,472.063711,453.521655,460.701294,3184300,Yahoo Finance
2022-05-03,460.682934,464.718595,457.327538,459.294800,2763400,Yahoo Finance
2022-05-04,459.184463,468.625542,453.291822,466.649078,4002600,Yahoo Finance
2022-05-05,466.272122,469.452879,449.743339,454.790222,3359700,Yahoo Finance
2022-05-06,445.864012,461.087423,445.854810,459.294800,3260300,Yahoo Finance
2022-05-09,450.818905,454.707504,445.330754,447.160156,3862700,Yahoo Finance
2022-05-10,453.953686,456.288686,442.287917,448.621826,4275500,Yahoo Finance
2022-05-11,445.294059,460.122155,445.294059,446.911987,3936300,Yahoo Finance
2022-05-12,446.866003,447.592248,433.370858,440.155182,3997600,Yahoo Finance
2022-05-13,442.159265,447.693370,437.406533,446.222504,2453400,Yahoo Finance
2022-05-16,446.231706,455.562476,445.073394,449.734192,2338800,Yahoo Finance
2022-05-17,454.128332,454.790221,449.035468,452.776978,2289000,Yahoo Finance
2022-05-18,448.851728,449.725036,430.557868,433.334137,3240500,Yahoo Finance
2022-05-19,426.843901,442.710796,425.933787,439.925354,3813800,Yahoo Finance
2022-05-20,442.526970,448.125431,434.189019,446.525879,3068200,Yahoo Finance
2022-05-23,447.040623,455.727879,447.040623,452.363281,2279800,Yahoo Finance
2022-05-24,451.177461,457.879051,449.219372,457.401031,2658100,Yahoo Finance
2022-05-25,458.283562,461.767673,451.609549,457.888275,3161600,Yahoo Finance
2022-05-26,461.243652,466.318141,459.101723,461.694122,2705800,Yahoo Finance
2022-05-27,451.370487,466.180206,449.890447,466.180206,3349100,Yahoo Finance
2022-05-31,462.971887,463.422330,455.654362,456.683960,4003100,Yahoo Finance
2022-06-01,458.099659,460.912679,448.410355,452.795349,1765900,Yahoo Finance
2022-06-02,454.128300,456.104764,443.988554,452.528748,2093500,Yahoo Finance
2022-06-03,448.915992,451.986440,445.762841,446.415527,1756900,Yahoo Finance
2022-06-06,449.927233,453.788255,447.040683,450.616699,1781500,Yahoo Finance
2022-06-07,449.991584,457.446998,447.803673,456.978180,2341900,Yahoo Finance
2022-06-08,454.128386,457.713605,449.118254,453.696320,3268100,Yahoo Finance
2022-06-09,453.098771,456.389810,448.254104,449.927216,3148800,Yahoo Finance
2022-06-10,445.670881,450.598280,442.113241,445.514618,2599900,Yahoo Finance
2022-06-13,436.781432,442.490204,429.546638,431.789703,3764600,Yahoo Finance
2022-06-14,429.767169,431.311566,420.500757,424.481262,3814200,Yahoo Finance
2022-06-15,426.733604,431.164552,419.655074,426.853088,2550700,Yahoo Finance
2022-06-16,418.291670,422.360192,415.782288,420.773376,3135600,Yahoo Finance
2022-06-17,415.846890,425.727571,414.878207,417.055450,5277400,Yahoo Finance
2022-06-21,422.360214,447.555506,421.705200,443.127197,5726800,Yahoo Finance
2022-06-22,438.883398,457.519256,437.794777,451.762421,5061000,Yahoo Finance
2022-06-23,456.624342,464.586068,453.865848,461.108002,4687700,Yahoo Finance
2022-06-24,460.766606,461.061834,448.883945,457.260864,15861100,Yahoo Finance
2022-06-27,454.668520,472.252666,454.437878,466.505066,3907100,Yahoo Finance
2022-06-28,472.427888,478.452219,465.969894,469.069733,4978200,Yahoo Finance
2022-06-29,469.448034,478.535321,466.827948,475.776855,3823400,Yahoo Finance
2022-06-30,473.784120,476.339647,470.250701,473.857941,3568900,Yahoo Finance
2022-07-01,472.649344,477.455937,463.414443,477.335999,2426600,Yahoo Finance
2022-07-05,468.331705,471.431516,454.133393,466.117523,3029600,Yahoo Finance
2022-07-06,466.486609,477.345180,465.250345,475.389343,2506700,Yahoo Finance
2022-07-07,475.352433,477.243683,472.566264,474.549805,2385400,Yahoo Finance
2022-07-08,472.640046,487.456461,471.440720,478.470673,3092100,Yahoo Finance
2022-07-11,474.992588,481.090739,472.178771,476.920776,1743600,Yahoo Finance
2022-07-12,473.507313,478.941244,471.080959,474.586700,2706500,Yahoo Finance
2022-07-13,468.728453,472.224961,462.381190,462.427307,3467700,Yahoo Finance
2022-07-14,456.670483,466.717247,454.161101,463.525146,3765500,Yahoo Finance
2022-07-15,485.325251,490.796062,475.536835,488.729523,5742500,Yahoo Finance
2022-07-18,489.882866,490.953018,478.581425,479.153412,3212000,Yahoo Finance
2022-07-19,480.740189,492.502911,480.278906,492.143097,2953500,Yahoo Finance
2022-07-20,492.143092,492.696610,475.795185,479.245575,4327500,Yahoo Finance
2022-07-21,479.171834,482.013298,471.560660,482.004120,2667600,Yahoo Finance
2022-07-22,485.270067,486.746151,478.258583,481.035461,1850300,Yahoo Finance
2022-07-25,485.353030,491.626470,483.627778,488.471252,2337200,Yahoo Finance
2022-07-26,492.466052,496.008732,489.910581,490.427216,2637800,Yahoo Finance
2022-07-27,492.226043,496.211537,487.151928,493.213196,2268100,Yahoo Finance
2022-07-28,495.870311,502.189926,490.565553,499.560577,2344500,Yahoo Finance
2022-07-29,498.195222,501.737846,495.132294,500.344818,2945700,Yahoo Finance
2022-08-01,500.280142,501.553288,489.882799,493.923645,2335000,Yahoo Finance
2022-08-02,495.925630,498.674917,490.547051,493.997498,2114200,Yahoo Finance
2022-08-03,495.658070,501.525579,494.209634,498.785583,1802900,Yahoo Finance
2022-08-04,497.530859,498.582598,491.506529,492.419861,2368000,Yahoo Finance
2022-08-05,488.960294,494.034411,486.709230,493.628479,2373400,Yahoo Finance
2022-08-08,498.102857,499.385238,492.115409,495.049164,1656400,Yahoo Finance
2022-08-09,498.186027,503.481551,494.846340,495.658203,2147200,Yahoo Finance
2022-08-10,498.425814,500.012601,492.475248,496.082458,2291400,Yahoo Finance
2022-08-11,496.562229,496.922043,488.655826,491.598816,3006200,Yahoo Finance
2022-08-12,494.135838,502.245234,493.065686,501.599426,1981000,Yahoo Finance
2022-08-15,499.726562,504.837616,496.857394,502.466614,1447300,Yahoo Finance
2022-08-16,502.992490,505.049795,500.390846,503.832001,1773000,Yahoo Finance
2022-08-17,503.020296,505.372830,499.634492,502.798889,1471700,Yahoo Finance
2022-08-18,502.808037,505.686440,499.865047,503.001740,1486400,Yahoo Finance
2022-08-19,503.259989,510.299176,502.632651,505.861633,2258000,Yahoo Finance
2022-08-22,499.468284,506.968754,499.431345,502.402039,1672900,Yahoo Finance
2022-08-23,501.221203,501.221203,491.921772,494.311188,2039600,Yahoo Finance
2022-08-24,495.122951,498.056706,493.591515,494.920013,1761200,Yahoo Finance
2022-08-25,493.582365,500.049566,490.113505,499.634399,1965800,Yahoo Finance
2022-08-26,500.270909,501.128890,487.318040,488.268311,1906700,Yahoo Finance
2022-08-29,485.269984,491.635715,482.382346,488.748077,1594000,Yahoo Finance
2022-08-30,489.338485,489.965880,481.385966,482.354706,2013400,Yahoo Finance
2022-08-31,480.491131,486.284820,478.959639,479.116516,2891300,Yahoo Finance
2022-09-01,479.116526,483.664773,475.204853,483.424896,2085300,Yahoo Finance
2022-09-02,488.609694,488.766515,474.023919,476.367218,1944200,Yahoo Finance
2022-09-06,479.670044,486.607762,476.893109,477.594269,2711900,Yahoo Finance
2022-09-07,476.966911,482.963593,474.826549,481.284515,2504400,Yahoo Finance
2022-09-08,480.611142,487.567275,478.636836,486.663177,1557500,Yahoo Finance
2022-09-09,488.486290,488.486290,483.627618,485.256439,2495500,Yahoo Finance
2022-09-12,485.867203,495.140344,483.553550,491.651337,2792000,Yahoo Finance
2022-09-13,484.941727,486.107817,473.808429,475.650116,3172500,Yahoo Finance
2022-09-14,475.687173,476.964314,468.376033,471.772461,2648100,Yahoo Finance
2022-09-15,477.815697,488.625079,475.816726,483.932983,3058100,Yahoo Finance
2022-09-16,479.870306,483.849779,478.537639,482.183960,3981700,Yahoo Finance
2022-09-19,479.935077,484.941799,474.733932,484.525330,2130800,Yahoo Finance
2022-09-20,485.163843,485.561785,476.436750,483.831177,2421700,Yahoo Finance
2022-09-21,485.894952,488.652808,473.854692,473.910217,2427700,Yahoo Finance
2022-09-22,472.938514,482.137574,468.385231,478.889252,2285600,Yahoo Finance
2022-09-23,475.279880,476.297864,468.635075,475.326141,2536900,Yahoo Finance
2022-09-26,469.569828,474.363711,461.805194,470.467499,2867400,Yahoo Finance
2022-09-27,472.327699,478.269145,466.043808,470.476776,2583400,Yahoo Finance
2022-09-28,468.727598,477.787871,463.470957,475.631531,3027300,Yahoo Finance
2022-09-29,476.399737,476.399737,465.016545,470.902466,2392000,Yahoo Finance
2022-09-30,473.003344,478.047092,467.209946,467.395050,3116000,Yahoo Finance
2022-10-03,469.282934,479.213145,467.728166,477.084595,2562400,Yahoo Finance
2022-10-04,479.712914,485.487841,478.306251,484.173645,3189800,Yahoo Finance
2022-10-05,482.165401,489.892982,481.360254,487.782959,2281800,Yahoo Finance
2022-10-06,488.949009,489.180374,478.222887,480.434753,2187300,Yahoo Finance
2022-10-07,475.844425,475.844425,463.711640,467.219147,3273700,Yahoo Finance
2022-10-10,467.913257,468.570327,458.121861,461.675629,2459100,Yahoo Finance
2022-10-11,459.926473,469.051507,458.269889,462.554779,2844500,Yahoo Finance
2022-10-12,464.701959,470.365778,461.074138,462.693695,2254300,Yahoo Finance
2022-10-13,456.668892,475.196589,451.384488,471.901978,3999700,Yahoo Finance
2022-10-14,481.239873,490.411169,473.771393,474.881958,5628900,Yahoo Finance
2022-10-17,479.148434,485.228723,476.871835,482.979858,3282300,Yahoo Finance
2022-10-18,492.345433,492.345433,479.694392,483.285187,2345500,Yahoo Finance
2022-10-19,482.850272,484.775248,476.242464,481.536133,2500500,Yahoo Finance
2022-10-20,484.062618,489.957803,481.036397,482.054382,2390800,Yahoo Finance
2022-10-21,479.444568,496.537871,479.398306,493.946533,2896000,Yahoo Finance
2022-10-24,497.963039,505.746145,497.713147,501.229889,2627100,Yahoo Finance
2022-10-25,497.703833,503.376916,494.103832,499.952698,2411900,Yahoo Finance
2022-10-26,501.026245,506.819642,499.943471,502.682800,2863500,Yahoo Finance
2022-10-27,505.783185,505.783185,499.527057,501.414978,2212100,Yahoo Finance
2022-10-28,504.348615,511.780097,503.164054,510.151276,2761900,Yahoo Finance
2022-10-31,513.631056,516.499963,509.124063,513.769897,2770400,Yahoo Finance
2022-11-01,513.631114,514.269684,503.654612,506.514313,3338900,Yahoo Finance
2022-11-02,503.830457,513.242441,502.590370,502.923523,2696200,Yahoo Finance
2022-11-03,501.359388,507.032470,498.018487,503.089996,2245300,Yahoo Finance
2022-11-04,506.273706,506.930804,487.847792,498.055603,3513100,Yahoo Finance
2022-11-07,498.055575,506.181153,495.556817,504.395020,2540300,Yahoo Finance
2022-11-08,506.273648,513.445973,501.600079,511.826416,2797000,Yahoo Finance
2022-11-09,512.502092,513.270184,499.230949,500.359985,2672600,Yahoo Finance
2022-11-10,508.013574,510.577120,494.150179,503.608368,3426400,Yahoo Finance
2022-11-11,505.561063,505.561063,471.661380,483.164886,7034300,Yahoo Finance
2022-11-14,483.090867,489.550570,475.141129,475.455811,5238400,Yahoo Finance
2022-11-15,474.585899,478.130432,463.443335,465.516388,5103800,Yahoo Finance
2022-11-16,468.181705,475.807498,467.792998,473.392029,3430800,Yahoo Finance
2022-11-17,473.984249,487.699593,473.984249,476.899475,4246300,Yahoo Finance
2022-11-18,483.201807,493.270829,480.740105,490.494446,3566000,Yahoo Finance
2022-11-21,489.578334,492.299193,476.964291,478.639374,3349600,Yahoo Finance
2022-11-22,481.184292,485.552442,481.156502,484.099518,2567400,Yahoo Finance
2022-11-23,485.867222,490.901735,484.016300,490.226166,2238300,Yahoo Finance
2022-11-25,494.196313,500.535700,492.826648,497.546478,1419200,Yahoo Finance
2022-11-28,495.889977,499.360457,492.058554,492.595337,2699900,Yahoo Finance
2022-11-29,492.040012,493.243101,484.617851,488.643585,3751000,Yahoo Finance
2022-11-30,490.235425,507.226941,488.162400,506.930786,9688900,Yahoo Finance
2022-12-01,511.187793,511.780102,495.862156,496.889404,2997800,Yahoo Finance
2022-12-02,494.633669,499.999296,494.271613,497.724915,2346200,Yahoo Finance
2022-12-05,493.389646,501.642372,492.823388,496.685150,2424800,Yahoo Finance
2022-12-06,496.109715,501.837455,495.942625,500.658478,3097700,Yahoo Finance
2022-12-07,502.069467,506.775970,500.946187,503.991028,2849100,Yahoo Finance
2022-12-08,505.801328,511.770383,504.798790,508.641968,2272300,Yahoo Finance
2022-12-09,508.651099,509.170953,500.240577,500.546936,2852400,Yahoo Finance
2022-12-12,503.007156,506.933964,500.621438,506.729706,2714100,Yahoo Finance
2022-12-13,511.092660,511.491828,496.740902,499.637238,3369700,Yahoo Finance
2022-12-14,503.081208,504.520084,493.463889,499.767120,2654600,Yahoo Finance
2022-12-15,495.710536,495.784817,487.801280,489.852875,2963800,Yahoo Finance
2022-12-16,487.504240,488.116902,478.750187,486.158173,7109100,Yahoo Finance
2022-12-19,486.993652,489.416596,483.586755,486.065338,1808100,Yahoo Finance
2022-12-20,489.212337,489.212337,482.444947,482.918396,2086100,Yahoo Finance
2022-12-21,486.093156,490.038491,480.959551,489.722839,2182000,Yahoo Finance
2022-12-22,488.738831,491.087493,484.236529,489.305145,1851600,Yahoo Finance
2022-12-23,486.529520,493.222687,485.415588,493.222687,1292300,Yahoo Finance
2022-12-27,495.654783,497.427895,491.867245,493.853851,1596700,Yahoo Finance
2022-12-28,496.713093,499.572317,489.899242,490.567657,1694200,Yahoo Finance
2022-12-29,494.364432,495.422724,490.948243,491.895142,1379700,Yahoo Finance
2022-12-30,492.006494,492.470651,487.216418,492.173584,1849600,Yahoo Finance
2023-01-03,487.485688,487.949845,475.445422,481.460938,3525600,Yahoo Finance
2023-01-04,481.460911,481.460911,464.714114,468.334534,5070400,Yahoo Finance
2023-01-05,465.094774,466.097341,453.481553,454.836884,5497100,Yahoo Finance
2023-01-06,456.349948,457.538189,452.590287,454.873932,4841300,Yahoo Finance
2023-01-09,457.111232,464.147841,453.518660,454.929688,3702800,Yahoo Finance
2023-01-10,453.806376,455.310240,448.078665,451.160675,3164000,Yahoo Finance
2023-01-11,450.501658,460.072576,450.232439,458.030273,4274200,Yahoo Finance
2023-01-12,454.873958,462.978151,450.436617,460.137512,3726800,Yahoo Finance
2023-01-13,451.262805,472.976088,451.160704,454.474792,5390100,Yahoo Finance
2023-01-17,455.987978,457.603236,449.099874,450.306671,4495600,Yahoo Finance
2023-01-18,453.063761,454.409828,440.717193,442.100372,4398200,Yahoo Finance
2023-01-19,443.613465,451.522719,443.167892,449.638214,4549600,Yahoo Finance
2023-01-20,450.724436,452.079767,444.662545,451.829132,3525900,Yahoo Finance
2023-01-23,451.791912,454.966759,446.881151,450.984283,3418700,Yahoo Finance
2023-01-24,464.398488,464.398488,445.590833,456.359283,3036300,Yahoo Finance
2023-01-25,454.205590,459.849728,450.910086,457.194763,3037300,Yahoo Finance
2023-01-26,457.194704,460.861556,455.412328,457.176147,3005000,Yahoo Finance
2023-01-27,458.002359,458.002359,449.740368,451.207092,3177100,Yahoo Finance
2023-01-30,452.840913,459.747572,450.046679,450.965729,3606900,Yahoo Finance
2023-01-31,462.300455,469.262811,457.779570,463.405151,5567000,Yahoo Finance
2023-02-01,464.110731,468.223156,460.137547,461.372192,3451200,Yahoo Finance
2023-02-02,458.828546,459.515490,430.635651,437.078125,11169900,Yahoo Finance
2023-02-03,441.162740,444.458243,436.075568,438.182831,5440100,Yahoo Finance
2023-02-06,438.164359,444.634711,437.245337,441.172089,4174200,Yahoo Finance
2023-02-07,437.273107,443.808418,435.407186,442.694458,3394600,Yahoo Finance
2023-02-08,441.385552,450.269525,441.051344,448.579987,3466400,Yahoo Finance
2023-02-09,450.817289,454.595535,447.818823,450.910126,3664600,Yahoo Finance
2023-02-10,454.066311,460.128201,453.713547,458.819275,3418100,Yahoo Finance
2023-02-13,458.587163,464.036363,456.507749,459.840393,2589000,Yahoo Finance
2023-02-14,458.856427,462.254061,454.029182,457.501068,2072600,Yahoo Finance
2023-02-15,454.549054,456.572773,453.379398,456.034363,2242500,Yahoo Finance
2023-02-16,455.941492,458.587193,452.339629,452.413910,2611500,Yahoo Finance
2023-02-17,452.441780,463.655803,452.413932,463.303040,3891500,Yahoo Finance
2023-02-21,461.093715,465.456776,455.338156,456.090088,2877300,Yahoo Finance
2023-02-22,457.482512,458.485107,453.639306,453.843536,2982800,Yahoo Finance
2023-02-23,451.773391,457.965231,451.040015,456.442810,2511800,Yahoo Finance
2023-02-24,454.484031,457.204013,448.385029,449.610382,2940400,Yahoo Finance
2023-02-27,453.732178,455.746633,447.410360,448.672882,3006200,Yahoo Finance
2023-02-28,448.069434,448.709944,439.946684,441.821869,3902100,Yahoo Finance
2023-03-01,439.658842,444.114767,438.164270,441.153442,2996900,Yahoo Finance
2023-03-02,441.144228,445.990029,439.324740,443.455750,2188800,Yahoo Finance
2023-03-03,443.678539,444.755387,440.225209,444.254089,2863300,Yahoo Finance
2023-03-06,446.862643,449.629030,444.662543,446.314941,3812700,Yahoo Finance
2023-03-07,448.357242,449.137023,438.684195,439.909576,2589200,Yahoo Finance
2023-03-08,437.932180,441.311257,433.299901,436.864624,3036600,Yahoo Finance
2023-03-09,439.974549,439.974549,430.505733,431.582581,2780400,Yahoo Finance
2023-03-10,431.126093,436.799659,426.300304,428.852936,3787500,Yahoo Finance
2023-03-13,427.287796,438.206391,427.287796,431.973846,2971600,Yahoo Finance
2023-03-14,432.877568,437.712682,427.660486,432.812347,3258200,Yahoo Finance
2023-03-15,429.467729,436.818228,427.837393,433.604126,3770200,Yahoo Finance
2023-03-16,432.933416,441.019905,431.433521,439.743561,2940500,Yahoo Finance
2023-03-17,439.156620,439.734220,434.414646,437.395844,5290000,Yahoo Finance
2023-03-20,437.861723,447.010245,437.861723,444.345795,3119400,Yahoo Finance
2023-03-21,445.678024,448.528781,443.190585,447.271088,3163300,Yahoo Finance
2023-03-22,448.994584,452.525406,442.352125,443.004242,2632200,Yahoo Finance
2023-03-23,444.765017,447.802110,434.759421,437.777863,3284900,Yahoo Finance
2023-03-24,436.911407,444.271203,435.616440,443.442047,2533200,Yahoo Finance
2023-03-27,452.348346,453.037765,445.864275,448.947937,2271800,Yahoo Finance
2023-03-28,449.041106,450.708715,438.504480,440.265228,2369500,Yahoo Finance
2023-03-29,442.622242,443.339608,433.157002,434.684845,3733200,Yahoo Finance
2023-03-30,434.666225,438.243645,429.551609,437.917572,3324600,Yahoo Finance
2023-03-31,439.277756,443.451427,437.954871,440.274597,3996700,Yahoo Finance
2023-04-03,452.022293,462.204899,450.429201,460.397552,4729100,Yahoo Finance
2023-04-04,459.316862,462.176944,458.208232,459.521820,2624700,Yahoo Finance
2023-04-05,463.378795,476.747528,462.176996,474.409180,4964800,Yahoo Finance
2023-04-06,476.058184,479.076626,472.471439,477.744415,3472600,Yahoo Finance
2023-04-10,475.881154,480.147992,473.347144,479.952332,2714500,Yahoo Finance
2023-04-11,480.846688,486.510900,479.989556,485.346375,3065300,Yahoo Finance
2023-04-12,489.082183,490.684600,484.479975,485.551361,3422400,Yahoo Finance
2023-04-13,488.085337,494.178173,484.908536,490.246704,4224400,Yahoo Finance
2023-04-14,486.305967,491.187650,473.729089,476.794128,4872000,Yahoo Finance
2023-04-17,473.933990,474.744495,468.372215,470.794434,3660900,Yahoo Finance
2023-04-18,469.229368,472.322327,464.077507,469.983978,3232000,Yahoo Finance
2023-04-19,466.415818,467.645564,450.559647,452.953918,5809100,Yahoo Finance
2023-04-20,452.273800,456.167967,450.214927,454.127716,3283000,Yahoo Finance
2023-04-21,456.531376,457.174196,449.171579,450.736694,3165300,Yahoo Finance
2023-04-24,450.354731,456.699065,449.646690,455.506592,2322400,Yahoo Finance
2023-04-25,458.990910,464.412950,457.034501,458.282898,2937300,Yahoo Finance
2023-04-26,452.646525,454.351407,445.650045,449.926208,2930000,Yahoo Finance
2023-04-27,449.227484,457.407112,449.227484,456.931976,2473200,Yahoo Finance
2023-04-28,455.273688,460.183319,454.742658,458.441193,2398900,Yahoo Finance
2023-05-01,460.770208,465.242003,458.180304,461.804321,2105600,Yahoo Finance
2023-05-02,461.385114,462.745272,455.814012,459.652313,2152300,Yahoo Finance
2023-05-03,460.593243,461.571461,454.658824,455.972412,1749700,Yahoo Finance
2023-05-04,453.745800,456.205292,448.994558,453.960083,2555700,Yahoo Finance
2023-05-05,460.276488,466.602200,458.385299,460.481445,2329400,Yahoo Finance
2023-05-08,458.394640,460.546681,454.929010,458.934967,1738500,Yahoo Finance
2023-05-09,459.139862,465.251291,456.773538,456.848083,2038600,Yahoo Finance
2023-05-10,455.935097,459.726800,454.295465,456.559296,2018700,Yahoo Finance
2023-05-11,454.630857,456.605888,452.450868,455.338898,2384200,Yahoo Finance
2023-05-12,455.338911,459.195805,454.397965,457.640015,1536500,Yahoo Finance
2023-05-15,457.798321,458.161667,450.624860,453.568756,2169700,Yahoo Finance
2023-05-16,454.276851,455.758124,446.255611,446.917053,2178900,Yahoo Finance
2023-05-17,447.177904,452.208649,444.886125,451.658997,2682000,Yahoo Finance
2023-05-18,449.087659,449.553469,441.485660,446.460510,3040100,Yahoo Finance
2023-05-19,446.786595,451.649656,445.137637,446.078583,2317900,Yahoo Finance
2023-05-22,447.587869,449.227531,445.230870,447.755554,2242800,Yahoo Finance
2023-05-23,443.619097,450.336102,440.228012,446.656189,2874200,Yahoo Finance
2023-05-24,447.746153,450.233593,446.143793,447.951111,1904700,Yahoo Finance
2023-05-25,444.969967,448.826861,441.867654,445.035187,2684100,Yahoo Finance
2023-05-26,445.370534,454.994190,445.314639,448.593933,3135200,Yahoo Finance
2023-05-30,444.084928,452.646524,443.479380,447.038177,3180800,Yahoo Finance
2023-05-31,445.426446,454.071884,444.485500,453.922821,4944100,Yahoo Finance
2023-06-01,454.435194,464.673695,452.870050,459.875854,3376600,Yahoo Finance
2023-06-02,458.357335,466.760542,456.829463,465.419006,3064500,Yahoo Finance
2023-06-05,466.462400,468.511948,463.406686,464.124023,2688800,Yahoo Finance
2023-06-06,465.717124,465.717124,450.596941,454.230255,3816600,Yahoo Finance
2023-06-07,456.447573,456.904058,448.668535,449.162292,4381700,Yahoo Finance
2023-06-08,451.267713,458.189647,449.441716,456.708374,2725900,Yahoo Finance
2023-06-09,456.484759,464.152007,453.913506,459.866547,3174100,Yahoo Finance
2023-06-12,458.636835,460.639842,455.301646,458.907013,2207700,Yahoo Finance
2023-06-13,457.304623,460.835473,455.245750,457.714539,3016600,Yahoo Finance
2023-06-14,423.552007,429.132405,415.204666,428.415039,14672400,Yahoo Finance
2023-06-15,432.166195,441.530008,431.155927,435.814453,6798100,Yahoo Finance
2023-06-16,436.048297,438.274632,428.368274,428.892120,7699100,Yahoo Finance
2023-06-20,427.264434,440.117437,427.264434,439.088470,4597700,Yahoo Finance
2023-06-21,438.676929,448.424250,437.030537,445.973389,4886500,Yahoo Finance
2023-06-22,447.311045,451.988270,447.142672,448.124878,3179000,Yahoo Finance
2023-06-23,447.451313,451.146331,445.786222,446.207184,4862600,Yahoo Finance
2023-06-26,447.273653,450.238998,442.465453,448.134247,2968300,Yahoo Finance
2023-06-27,447.264250,451.988235,446.927475,451.408264,3693200,Yahoo Finance
2023-06-28,450.847072,450.996747,443.382239,443.821899,3670100,Yahoo Finance
2023-06-29,444.411191,448.742305,442.540301,445.683411,2979300,Yahoo Finance
2023-06-30,447.142655,450.977985,444.448570,449.612244,3970400,Yahoo Finance
2023-07-03,447.236225,449.210000,445.552407,447.030426,1915700,Yahoo Finance
2023-07-05,445.299873,446.478542,440.211050,440.800385,5053100,Yahoo Finance
2023-07-06,439.051059,441.904155,436.525347,439.060394,3913600,Yahoo Finance
2023-07-07,434.981919,438.358861,431.071766,431.782684,4131600,Yahoo Finance
2023-07-10,430.304620,433.204504,429.518849,433.157715,4339200,Yahoo Finance
2023-07-11,432.521699,436.375727,431.371119,433.008148,3086800,Yahoo Finance
2023-07-12,433.110982,434.813499,422.119505,422.540466,7287600,Yahoo Finance
2023-07-13,422.821100,425.533884,418.312249,418.845459,7276800,Yahoo Finance
2023-07-14,432.690044,453.690794,430.407556,449.172607,11379300,Yahoo Finance
2023-07-17,450.051897,453.316619,447.423299,452.830170,4582000,Yahoo Finance
2023-07-18,457.741203,471.857091,456.029352,467.722412,8816400,Yahoo Finance
2023-07-19,474.775699,481.436033,470.042350,471.183594,4956500,Yahoo Finance
2023-07-20,473.952479,475.842067,468.218198,471.688690,2963100,Yahoo Finance
2023-07-21,472.446433,477.460433,471.950649,473.830902,2887300,Yahoo Finance
2023-07-24,472.708326,476.871067,471.997407,475.842072,2279000,Yahoo Finance
2023-07-25,477.076882,479.415494,474.532470,477.946838,2730600,Yahoo Finance
2023-07-26,478.517538,482.558639,473.924500,475.206055,3697200,Yahoo Finance
2023-07-27,475.739220,477.544622,470.650398,472.614838,3028300,Yahoo Finance
2023-07-28,472.596123,474.719601,465.178051,470.444611,2930000,Yahoo Finance
2023-07-31,470.528829,475.093805,466.843174,473.681274,2441600,Yahoo Finance
2023-08-01,474.738301,477.114339,470.051713,472.156464,2161200,Yahoo Finance
2023-08-02,476.786925,477.516571,470.519432,472.212585,3220500,Yahoo Finance
2023-08-03,470.425908,473.335128,468.695329,472.268707,2442900,Yahoo Finance
2023-08-04,477.076951,477.918845,469.359529,470.276276,2411200,Yahoo Finance
2023-08-07,473.091910,480.444493,472.072278,477.769135,2430900,Yahoo Finance
2023-08-08,470.528834,475.365097,467.741198,473.204193,2422600,Yahoo Finance
2023-08-09,471.464263,473.082593,468.545680,469.696259,1916900,Yahoo Finance
2023-08-10,471.903864,478.985160,470.322960,470.977783,2179700,Yahoo Finance
2023-08-11,472.988999,477.703649,471.698081,475.215363,2029600,Yahoo Finance
2023-08-14,476.281748,480.350939,475.439853,477.946838,2127200,Yahoo Finance
2023-08-15,478.554902,480.491308,473.587691,473.980591,1817500,Yahoo Finance
2023-08-16,475.205990,477.544602,470.369727,471.052612,1454100,Yahoo Finance
2023-08-17,463.494282,468.873091,460.070550,462.072388,3009500,Yahoo Finance
2023-08-18,462.839482,468.601827,461.642113,466.263214,2364400,Yahoo Finance
2023-08-21,465.393175,467.956285,464.186444,465.552185,1533500,Yahoo Finance
2023-08-22,463.438163,464.719718,459.612168,460.556976,2079400,Yahoo Finance
2023-08-23,461.174359,462.109804,456.431646,457.844177,2011400,Yahoo Finance
2023-08-24,459.705687,463.438131,455.758108,456.590668,2311100,Yahoo Finance
2023-08-25,458.293173,459.443752,453.363360,457.544800,1923500,Yahoo Finance
2023-08-28,458.826390,461.230490,457.554198,459.565399,1344500,Yahoo Finance
2023-08-29,459.743098,461.118203,456.469041,461.015289,2113700,Yahoo Finance
2023-08-30,462.100473,464.644884,458.639343,459.799286,2283400,Yahoo Finance
2023-08-31,460.575682,461.941453,445.543103,445.814362,4927700,Yahoo Finance
2023-09-01,448.078175,449.621654,442.802252,445.496338,3165900,Yahoo Finance
2023-09-05,447.142642,453.316584,446.712346,449.771240,3443300,Yahoo Finance
2023-09-06,450.968659,451.969592,445.627276,446.151123,2596100,Yahoo Finance
2023-09-07,448.919993,455.664543,447.703926,453.513031,2928000,Yahoo Finance
2023-09-08,450.939962,453.550621,449.587675,451.484619,1858400,Yahoo Finance
2023-09-11,452.620921,454.367609,448.883347,450.179291,2059200,Yahoo Finance
2023-09-12,448.301176,454.179867,443.361571,450.667664,2195200,Yahoo Finance
2023-09-13,452.104472,454.555503,450.254471,450.611328,2197800,Yahoo Finance
2023-09-14,453.231358,455.710531,449.615869,454.142273,2334300,Yahoo Finance
2023-09-15,456.151893,459.983382,454.649377,457.053436,5334300,Yahoo Finance
2023-09-18,458.659252,458.969138,454.142248,456.452393,1997500,Yahoo Finance
2023-09-19,454.292491,456.142493,447.512285,451.381317,3230700,Yahoo Finance
2023-09-20,453.344043,464.951139,449.953954,462.152679,3724800,Yahoo Finance
2023-09-21,464.087198,474.370207,463.044797,470.613861,4703900,Yahoo Finance
2023-09-22,468.604238,478.398905,467.693323,475.271759,4558500,Yahoo Finance
2023-09-25,477.300138,479.816883,475.769422,479.197083,2758500,Yahoo Finance
2023-09-26,477.938657,478.389429,473.656426,474.661255,2420200,Yahoo Finance
2023-09-27,475.393798,475.515855,470.529308,473.046082,2593700,Yahoo Finance
2023-09-28,475.149644,482.831394,474.248129,479.028076,2922000,Yahoo Finance
2023-09-29,478.793230,478.821401,473.111739,473.477997,3006200,Yahoo Finance
2023-10-02,474.736449,483.479371,472.492047,483.225800,3550400,Yahoo Finance
2023-10-03,482.033152,482.671724,477.394061,478.436462,3143200,Yahoo Finance
2023-10-04,478.455246,480.643334,475.750672,479.516418,2801700,Yahoo Finance
2023-10-05,480.455432,486.644037,480.089203,484.784607,2790700,Yahoo Finance
2023-10-06,484.991231,493.912552,484.549830,492.841980,3647200,Yahoo Finance
2023-10-09,489.404956,494.776503,488.559755,494.438446,2341600,Yahoo Finance
2023-10-10,494.429138,495.969254,491.217478,492.306793,2455700,Yahoo Finance
2023-10-11,489.188942,493.574517,488.540970,492.203430,2819300,Yahoo Finance
2023-10-12,492.522606,496.382295,490.437862,493.527435,2377300,Yahoo Finance
2023-10-13,500.767839,511.295018,499.593981,506.543243,5245400,Yahoo Finance
2023-10-16,510.092944,513.473689,503.462996,505.256683,3827600,Yahoo Finance
2023-10-17,507.050328,509.388644,502.007439,503.960754,2586000,Yahoo Finance
2023-10-18,509.961482,510.844226,502.786905,503.406677,2551400,Yahoo Finance
2023-10-19,504.120474,505.547904,497.011582,499.246613,2351200,Yahoo Finance
2023-10-20,498.654996,501.876056,494.682678,494.926849,2811100,Yahoo Finance
2023-10-23,494.926872,495.631187,488.597380,489.799438,2357700,Yahoo Finance
2023-10-24,491.010757,498.345021,490.268900,493.020416,1978200,Yahoo Finance
2023-10-25,495.152291,499.932210,488.400255,497.913208,2380100,Yahoo Finance
2023-10-26,493.677836,498.157240,490.691548,496.175781,2675800,Yahoo Finance
2023-10-27,493.950143,495.593544,489.508281,492.701141,2585600,Yahoo Finance
2023-10-30,493.020328,499.424904,491.085813,497.706360,2555400,Yahoo Finance
2023-10-31,502.411370,503.989028,499.237252,502.937256,2464200,Yahoo Finance
2023-11-01,497.697099,503.190790,494.710810,499.218414,2747400,Yahoo Finance
2023-11-02,499.594011,504.139215,494.851636,503.472443,2350900,Yahoo Finance
2023-11-03,502.007497,503.331584,496.588950,498.561066,2739500,Yahoo Finance
2023-11-06,499.246574,503.369178,497.762801,500.965118,2684900,Yahoo Finance
2023-11-07,502.749487,506.778206,499.143426,505.069061,2604800,Yahoo Finance
2023-11-08,507.106812,508.421556,501.603778,504.035980,1769200,Yahoo Finance
2023-11-09,504.852828,507.961202,501.922883,506.167572,1819600,Yahoo Finance
2023-11-10,509.623441,509.623441,503.369150,508.243011,2480800,Yahoo Finance
2023-11-13,508.186685,511.003945,505.143997,509.520172,1507900,Yahoo Finance
2023-11-14,506.195840,509.614071,503.829324,507.538727,2454000,Yahoo Finance
2023-11-15,507.153702,507.538760,499.312352,505.613586,2473700,Yahoo Finance
2023-11-16,505.613539,511.670658,504.730795,506.937683,2360300,Yahoo Finance
2023-11-17,507.360253,507.595025,496.156959,503.622650,2676900,Yahoo Finance
2023-11-20,501.105989,503.669734,499.406244,502.505219,2518400,Yahoo Finance
2023-11-21,505.012535,508.674938,501.650590,506.721680,2115700,Yahoo Finance
2023-11-22,509.895841,511.238786,507.350953,510.637756,2234500,Yahoo Finance
2023-11-24,511.736368,514.234370,509.745510,513.774170,1135000,Yahoo Finance
2023-11-27,513.774265,517.333440,508.543603,510.478119,2675800,Yahoo Finance
2023-11-28,512.393749,512.572178,507.172431,507.604431,2859300,Yahoo Finance
2023-11-29,497.715884,508.853437,496.448140,502.392517,4550000,Yahoo Finance
2023-11-30,503.153181,520.197626,501.481637,519.286682,7121200,Yahoo Finance
2023-12-01,518.655371,522.688401,513.698916,515.583496,3462200,Yahoo Finance
2023-12-04,516.619991,520.021644,511.701206,516.638855,2709200,Yahoo Finance
2023-12-05,517.411550,520.643656,513.877961,518.504639,2645600,Yahoo Finance
2023-12-06,515.960431,520.031131,515.526957,517.816772,2239700,Yahoo Finance
2023-12-07,519.531668,519.682467,513.095867,516.629456,2511700,Yahoo Finance
2023-12-08,518.466892,519.889760,513.114691,518.042908,2039900,Yahoo Finance
2023-12-11,518.033462,518.259602,507.950945,512.304321,3655300,Yahoo Finance
2023-12-12,514.302084,515.894557,511.333904,514.226685,2706100,Yahoo Finance
2023-12-13,512.605899,517.713096,507.508134,517.326782,2876600,Yahoo Finance
2023-12-14,512.888618,513.472834,498.848527,503.409180,5386800,Yahoo Finance
2023-12-15,499.413817,502.711833,492.780114,500.469177,9030100,Yahoo Finance
2023-12-18,498.575041,500.798831,494.918951,496.162781,3260300,Yahoo Finance
2023-12-19,494.316066,497.171175,491.668232,493.797760,3645600,Yahoo Finance
2023-12-20,493.618684,494.542167,486.099227,486.155762,3847800,Yahoo Finance
2023-12-21,488.935578,490.763624,486.692923,489.877869,2491600,Yahoo Finance
2023-12-22,489.877812,492.827184,488.125166,490.282990,1759500,Yahoo Finance
2023-12-26,489.877829,491.385470,488.078023,490.019196,1390800,Yahoo Finance
2023-12-27,489.755301,492.968485,489.387794,492.619843,1851800,Yahoo Finance
2023-12-28,493.260690,497.406790,492.761306,494.608215,2001000,Yahoo Finance
2023-12-29,495.625689,497.755274,493.684574,496.087402,2080100,Yahoo Finance
2024-01-02,496.436126,508.516234,496.275896,508.214752,3415700,Yahoo Finance
2024-01-03,511.701146,515.234733,508.346596,510.749481,2891400,Yahoo Finance
2024-01-04,513.548163,517.317324,511.663582,513.943909,2994400,Yahoo Finance
2024-01-05,515.432685,515.432685,502.928477,506.367859,2815400,Yahoo Finance
2024-01-08,508.271357,509.072280,497.529225,505.557556,2648900,Yahoo Finance
2024-01-09,506.952016,508.469090,501.609248,507.300659,2677000,Yahoo Finance
2024-01-10,507.046240,509.967374,505.208821,506.612823,2180000,Yahoo Finance
2024-01-11,505.190038,508.987437,503.682396,508.535156,2814100,Yahoo Finance
2024-01-12,488.916635,497.981461,483.517331,491.413727,6327300,Yahoo Finance
2024-01-16,493.486813,494.231201,486.739983,489.189972,3736700,Yahoo Finance
2024-01-17,491.197087,500.035716,489.990927,494.645844,3791300,Yahoo Finance
2024-01-18,476.073256,487.013259,468.751643,486.542114,7367000,Yahoo Finance
2024-01-19,485.279436,487.682264,472.860058,474.499634,6143400,Yahoo Finance
2024-01-22,474.857692,483.931951,467.847051,483.385406,5922900,Yahoo Finance
2024-01-23,482.923675,488.181670,482.527929,485.769409,2672900,Yahoo Finance
2024-01-24,488.012078,491.621008,483.347730,483.611542,2918800,Yahoo Finance
2024-01-25,459.451231,466.914181,451.356962,464.925934,14671000,Yahoo Finance
2024-01-26,464.812959,474.622205,461.628014,474.160492,6212200,Yahoo Finance
2024-01-29,474.075599,477.279409,472.228718,475.423096,4554100,Yahoo Finance
2024-01-30,475.423074,476.845913,470.410084,474.546722,4931200,Yahoo Finance
2024-01-31,475.394811,485.279425,475.394811,482.207550,5358100,Yahoo Finance
2024-02-01,479.465491,480.775288,473.971952,477.873047,4242600,Yahoo Finance
2024-02-02,478.919014,483.310062,476.224078,480.784760,3804500,Yahoo Finance
2024-02-05,480.530358,484.525689,471.192258,473.934326,3646300,Yahoo Finance
2024-02-06,474.857748,481.453779,473.453744,481.199371,2745400,Yahoo Finance
2024-02-07,484.346551,490.933150,483.102721,489.416077,4109100,Yahoo Finance
2024-02-08,490.584530,492.026204,487.427881,490.075714,3343000,Yahoo Finance
2024-02-09,489.039180,490.358410,486.494985,488.313599,2715400,Yahoo Finance
2024-02-12,488.313577,489.039159,483.215812,487.767090,3194000,Yahoo Finance
2024-02-13,491.875492,496.520976,484.535072,487.022675,3436000,Yahoo Finance
2024-02-14,485.524412,488.605719,484.610361,487.107452,1918500,Yahoo Finance
2024-02-15,487.484443,491.639917,486.033279,490.820129,2292100,Yahoo Finance
2024-02-16,492.158134,493.562137,488.944950,491.451416,2135500,Yahoo Finance
2024-02-20,493.957983,495.051015,489.434944,490.989746,2600200,Yahoo Finance
2024-02-21,493.449103,493.467968,487.672860,491.847198,2095900,Yahoo Finance
2024-02-22,493.948497,496.341894,488.662264,496.115753,3186800,Yahoo Finance
2024-02-23,496.351428,499.885017,493.910871,496.813141,2502000,Yahoo Finance
2024-02-26,497.830838,502.061713,494.052245,495.003967,2308900,Yahoo Finance
2024-02-27,494.476184,495.258301,482.499655,483.790588,3780600,Yahoo Finance
2024-02-28,466.848283,469.778792,456.435987,469.524384,9558600,Yahoo Finance
2024-02-29,469.731657,472.794100,463.229861,465.114441,6833200,Yahoo Finance
2024-03-01,461.175689,461.741040,449.708005,461.279327,7315000,Yahoo Finance
2024-03-04,455.352273,458.932993,452.393497,454.061340,5239800,Yahoo Finance
2024-03-05,454.551448,455.031996,443.460672,445.844666,5296200,Yahoo Finance
2024-03-06,447.060166,452.110827,441.170852,445.326355,5577500,Yahoo Finance
2024-03-07,446.645513,453.420581,446.268602,451.149658,5102000,Yahoo Finance
2024-03-08,452.502504,458.102866,449.134729,450.837555,4673600,Yahoo Finance
2024-03-11,451.244238,463.835559,450.298234,462.738190,4410100,Yahoo Finance
2024-03-12,461.773302,465.699216,461.035420,462.927429,4153800,Yahoo Finance
2024-03-13,466.872266,469.218368,459.124484,461.650330,3669000,Yahoo Finance
2024-03-14,462.331464,463.239620,458.992068,462.596344,3378500,Yahoo Finance
2024-03-15,461.130083,464.696511,461.130083,464.318115,5713500,Yahoo Finance
2024-03-18,465.528928,465.528928,460.117780,460.751587,2970500,Yahoo Finance
2024-03-19,463.230194,466.796621,461.451700,466.683105,2511700,Yahoo Finance
2024-03-20,465.878968,467.893962,463.012574,467.543945,3548200,Yahoo Finance
2024-03-21,465.699222,469.407573,464.753217,465.141083,3693400,Yahoo Finance
2024-03-22,468.461591,469.057550,463.324763,463.608582,2847300,Yahoo Finance
2024-03-25,464.109980,464.942469,457.932570,459.644836,2786100,Yahoo Finance
2024-03-26,461.773307,466.701984,459.029899,465.727600,3113300,Yahoo Finance
2024-03-27,467.042615,468.963004,464.781649,466.475006,2653100,Yahoo Finance
2024-03-28,468.272407,469.095426,462.880168,467.988617,3820000,Yahoo Finance
2024-04-01,467.771008,469.010272,462.312571,463.258575,2928700,Yahoo Finance
2024-04-02,434.783808,438.643495,425.323760,433.402649,11867000,Yahoo Finance
2024-04-03,437.054240,437.858350,430.952497,434.916260,4460400,Yahoo Finance
2024-04-04,435.937987,436.789385,427.518549,430.791718,5182000,Yahoo Finance
2024-04-05,426.354859,433.033650,425.711583,431.132172,5747400,Yahoo Finance
2024-04-08,431.349764,432.513360,429.098269,431.378143,4532300,Yahoo Finance
2024-04-09,429.751100,434.935218,428.029365,434.897369,3521200,Yahoo Finance
2024-04-10,430.895719,433.970235,425.494040,425.749451,4493500,Yahoo Finance
2024-04-11,426.071137,426.430595,417.642231,417.869263,5844100,Yahoo Finance
2024-04-12,416.563721,418.361124,412.817550,415.485291,6045700,Yahoo Finance
2024-04-15,418.134144,424.141280,418.124674,421.568146,5376800,Yahoo Finance
2024-04-16,451.026667,453.845772,440.459810,443.572174,11816500,Yahoo Finance
2024-04-17,452.757874,461.650312,448.964385,453.126801,8759800,Yahoo Finance
2024-04-18,459.881337,474.894429,459.729972,466.550659,8880400,Yahoo Finance
2024-04-19,470.164376,479.908214,468.802127,474.071381,6618600,Yahoo Finance
2024-04-22,470.902283,472.453745,464.147824,464.705963,4697700,Yahoo Finance
2024-04-23,464.488339,467.619612,458.783931,459.928589,3646700,Yahoo Finance
2024-04-24,457.658142,462.463833,454.753900,460.988068,3724400,Yahoo Finance
2024-04-25,462.558491,470.287363,461.205711,467.193909,4329700,Yahoo Finance
2024-04-26,465.434303,470.381917,464.866694,468.603424,2727000,Yahoo Finance
2024-04-29,468.944030,470.495492,461.432750,462.624725,2192100,Yahoo Finance
2024-04-30,462.558454,463.267958,456.532409,457.582489,3367500,Yahoo Finance
2024-05-01,453.382237,462.776057,451.310484,457.970337,2729200,Yahoo Finance
2024-05-02,458.131206,467.033114,457.809568,466.351990,3561400,Yahoo Finance
2024-05-03,464.355904,466.181715,459.550212,465.860077,2487600,Yahoo Finance
2024-05-06,465.888388,468.149324,465.434295,467.685791,2029500,Yahoo Finance
2024-05-07,469.218347,474.563268,468.310191,473.910522,3752100,Yahoo Finance
2024-05-08,476.947309,479.624490,473.078124,476.039124,3078900,Yahoo Finance
2024-05-09,475.026853,480.542048,475.026853,479.652802,2342900,Yahoo Finance
2024-05-10,481.516421,485.849139,479.624412,485.120697,2784600,Yahoo Finance
2024-05-13,484.401719,486.880246,479.917665,484.108459,2454500,Yahoo Finance
2024-05-14,486.795149,488.299265,479.908207,486.132935,2949700,Yahoo Finance
2024-05-15,487.031662,494.372668,487.031662,489.604767,2981200,Yahoo Finance
2024-05-16,491.922457,499.641830,491.458924,493.123901,3655800,Yahoo Finance
2024-05-17,494.703801,497.456650,491.932013,496.302551,2657200,Yahoo Finance
2024-05-20,496.302491,496.302491,488.649287,489.302032,2476200,Yahoo Finance
2024-05-21,490.333206,496.387602,488.062771,495.280792,2521900,Yahoo Finance
2024-05-22,494.590211,497.863409,492.537397,493.199554,2299100,Yahoo Finance
2024-05-23,490.333244,492.140088,487.410064,488.923706,3055400,Yahoo Finance
2024-05-24,488.242576,489.216988,480.116397,480.731323,2527800,Yahoo Finance
2024-05-28,479.293339,479.293339,474.799816,476.483704,2912800,Yahoo Finance
2024-05-29,465.756007,467.231772,447.715688,458.547455,7521600,Yahoo Finance
2024-05-30,456.277024,459.786694,452.190277,455.643188,5169700,Yahoo Finance
2024-05-31,456.362221,471.498299,456.362221,468.622437,6694800,Yahoo Finance
2024-06-03,467.449384,471.753695,466.446621,470.580658,2795100,Yahoo Finance
2024-06-04,471.640147,480.825846,467.884507,478.195953,3178400,Yahoo Finance
2024-06-05,481.232641,481.611037,471.867171,475.953918,2464400,Yahoo Finance
2024-06-06,476.455326,477.448648,470.429280,474.818756,2419600,Yahoo Finance
2024-06-07,474.932228,475.707930,463.939657,464.195068,3416300,Yahoo Finance
2024-06-10,464.488320,468.641295,459.938040,468.272339,3332800,Yahoo Finance
2024-06-11,464.355943,470.902309,463.816742,469.426544,4599700,Yahoo Finance
2024-06-12,473.002370,473.002370,461.101643,466.446564,4048200,Yahoo Finance
2024-06-13,463.807238,474.894415,458.225815,470.448181,4951700,Yahoo Finance
2024-06-14,470.003574,470.968518,465.178972,470.277924,3188400,Yahoo Finance
2024-06-17,466.772297,468.472837,464.273774,464.777283,2407200,Yahoo Finance
2024-06-18,466.183280,467.085809,455.096587,457.006104,3692700,Yahoo Finance
2024-06-20,456.046702,461.632813,454.213145,460.302765,5258100,Yahoo Finance
2024-06-21,460.226716,463.893772,456.569141,458.469177,6368600,Yahoo Finance
2024-06-24,464.425763,466.354327,460.283698,465.489807,5139800,Yahoo Finance
2024-06-25,466.116877,466.116877,456.578688,460.283752,2916100,Yahoo Finance
2024-06-26,460.283710,463.076766,457.405157,459.846710,3153100,Yahoo Finance
2024-06-27,460.806261,464.539855,457.956207,462.126801,2991900,Yahoo Finance
2024-06-28,471.560466,483.939201,464.948349,483.806213,22734200,Yahoo Finance
2024-07-01,481.421646,483.473689,468.254410,469.926422,4523100,Yahoo Finance
2024-07-02,469.555952,473.555520,468.729441,473.337006,3312000,Yahoo Finance
2024-07-03,472.272939,473.184948,462.202742,465.404327,2239200,Yahoo Finance
2024-07-05,464.558764,465.195289,460.283683,463.618256,3499000,Yahoo Finance
2024-07-08,464.739309,469.194895,461.870265,464.881805,3450600,Yahoo Finance
2024-07-09,463.922269,470.638903,461.794238,467.513336,3056800,Yahoo Finance
2024-07-10,466.401846,476.434034,465.622825,475.892517,3189800,Yahoo Finance
2024-07-11,472.823938,483.302634,472.823938,479.151031,3535100,Yahoo Finance
2024-07-12,481.583108,488.850740,478.267526,485.962677,3570600,Yahoo Finance
2024-07-15,498.037403,504.298047,488.119213,489.610748,5128000,Yahoo Finance
2024-07-16,507.214659,522.433909,500.783018,521.436401,11062000,Yahoo Finance
2024-07-17,526.309909,544.939746,523.744849,544.626282,10330800,Yahoo Finance
2024-07-18,536.285156,552.435462,533.359084,536.133179,6834800,Yahoo Finance
2024-07-19,538.774119,541.415197,533.473004,537.073608,4290400,Yahoo Finance
2024-07-22,534.907690,536.047723,529.236110,530.613647,3377300,Yahoo Finance
2024-07-23,530.860517,530.908064,525.179428,526.974976,2785600,Yahoo Finance
2024-07-24,532.010088,533.083613,525.378980,531.772583,3156200,Yahoo Finance
2024-07-25,533.910103,541.405759,530.661058,531.706055,3102900,Yahoo Finance
2024-07-26,532.009995,550.183841,532.009995,541.244141,3201900,Yahoo Finance
2024-07-29,537.434793,542.792851,533.682209,538.422791,2965000,Yahoo Finance
2024-07-30,538.565202,550.468897,537.700654,547.523865,4139100,Yahoo Finance
2024-07-31,537.178080,551.865377,534.214029,547.362244,4713200,Yahoo Finance
2024-08-01,548.350419,558.135593,538.755202,544.141846,3680800,Yahoo Finance
2024-08-02,553.224047,561.973676,546.497902,560.349182,5094000,Yahoo Finance
2024-08-05,553.024484,557.489580,538.432221,541.472290,4587400,Yahoo Finance
2024-08-06,539.809852,548.654519,534.413755,539.942810,3216500,Yahoo Finance
2024-08-07,538.289734,543.077863,529.188603,537.786255,4320700,Yahoo Finance
2024-08-08,536.161642,543.837804,536.161642,537.938171,2860800,Yahoo Finance
2024-08-09,536.323166,537.643705,529.758567,530.832092,2976700,Yahoo Finance
2024-08-12,534.214119,540.560232,533.007578,537.035645,2532400,Yahoo Finance
2024-08-13,541.500814,546.953909,540.560305,545.538391,2369400,Yahoo Finance
2024-08-14,546.488327,552.074437,544.616819,550.696899,2344400,Yahoo Finance
2024-08-15,550.696952,554.183560,544.844867,550.639954,2751800,Yahoo Finance
2024-08-16,551.884446,552.577998,545.405316,548.806396,2728900,Yahoo Finance
2024-08-19,549.186416,554.145482,548.226889,549.851440,1847900,Yahoo Finance
2024-08-20,550.867991,554.630084,546.735435,551.628052,1677500,Yahoo Finance
2024-08-21,552.445005,554.231044,548.568915,549.176941,2844300,Yahoo Finance
2024-08-22,550.297971,553.813049,542.099310,549.794434,2282000,Yahoo Finance
2024-08-23,551.960471,555.960068,549.537937,555.295044,2376400,Yahoo Finance
2024-08-26,558.658119,562.496229,556.463580,557.784119,1800000,Yahoo Finance
2024-08-27,560.007137,562.733742,554.601589,557.993103,1581900,Yahoo Finance
2024-08-28,559.570135,563.208720,554.687028,559.123596,1657000,Yahoo Finance
2024-08-29,561.156606,562.990134,555.161995,562.002136,1953200,Yahoo Finance
2024-08-30,560.510668,563.607737,557.271132,560.700684,2944700,Yahoo Finance
2024-09-03,562.904629,570.637731,562.239605,568.756714,3175500,Yahoo Finance
2024-09-04,570.010744,577.553888,567.996710,573.981812,2935000,Yahoo Finance
2024-09-05,573.991488,575.711019,560.197206,565.726318,2144800,Yahoo Finance
2024-09-06,566.087165,570.590240,562.657614,567.046692,2926400,Yahoo Finance
2024-09-09,568.414807,569.516802,546.516903,564.405701,3411400,Yahoo Finance
2024-09-10,565.460279,574.570920,561.603208,569.089355,2863500,Yahoo Finance
2024-09-11,559.693574,561.840624,550.031850,560.273071,3563600,Yahoo Finance
2024-09-12,559.114190,560.995207,554.060086,559.009644,3395800,Yahoo Finance
2024-09-13,561.536697,567.806793,557.879092,564.614746,2241900,Yahoo Finance
2024-09-16,567.265054,570.878369,560.362544,561.678223,2548600,Yahoo Finance
2024-09-17,558.694161,559.371028,549.522585,551.019409,3416000,Yahoo Finance
2024-09-18,549.970733,557.273709,545.632834,553.584106,2988300,Yahoo Finance
2024-09-19,556.510947,557.569251,547.797036,550.170959,2945700,Yahoo Finance
2024-09-20,545.051162,551.858357,543.096731,548.197327,5398700,Yahoo Finance
2024-09-23,549.617905,552.420864,545.337208,546.681458,2386100,Yahoo Finance
2024-09-24,544.212184,550.399654,539.616853,548.378479,3188500,Yahoo Finance
2024-09-25,550.933509,554.022472,546.366808,549.446228,2658800,Yahoo Finance
2024-09-26,548.197442,549.722838,544.298064,548.016296,2751900,Yahoo Finance
2024-09-27,550.752421,559.361531,549.713262,554.728027,2986200,Yahoo Finance
2024-09-30,556.301097,559.084970,551.762968,557.426086,3009700,Yahoo Finance
2024-10-01,557.731243,561.258785,553.698435,556.110474,2648400,Yahoo Finance
2024-10-02,576.093546,576.341436,557.016266,564.700562,3667000,Yahoo Finance
2024-10-03,563.079673,565.577541,557.130549,565.119934,2645800,Yahoo Finance
2024-10-04,564.528916,568.342463,561.010916,563.642273,2462600,Yahoo Finance
2024-10-07,561.344593,564.824478,556.139138,556.358398,2591100,Yahoo Finance
2024-10-08,560.648569,561.744987,552.544782,554.470642,2231400,Yahoo Finance
2024-10-09,555.023634,565.167683,553.545896,563.661316,2207700,Yahoo Finance
2024-10-10,567.436741,571.031028,565.129561,569.839294,2143200,Yahoo Finance
2024-10-11,568.685571,573.481133,568.409110,570.172852,1909700,Yahoo Finance
2024-10-14,571.183459,580.259718,569.534118,577.180298,2447100,Yahoo Finance
2024-10-15,526.288575,543.144446,517.689008,530.359497,11939400,Yahoo Finance
2024-10-16,531.045959,549.322367,529.244045,544.708008,5103900,Yahoo Finance
2024-10-17,534.449539,542.925102,532.676195,539.645508,5588700,Yahoo Finance
2024-10-18,540.427298,544.336219,536.794896,543.058655,3687000,Yahoo Finance
2024-10-21,543.087192,552.277854,542.191007,544.831848,3018000,Yahoo Finance
2024-10-22,541.380559,546.328637,539.130580,543.296875,2593800,Yahoo Finance
2024-10-23,545.461170,547.377487,533.896584,538.320312,2911900,Yahoo Finance
2024-10-24,538.653973,545.051219,534.192130,534.668823,2590200,Yahoo Finance
2024-10-25,539.769414,544.860525,537.338290,538.244019,2513700,Yahoo Finance
2024-10-28,539.855203,541.838263,536.575550,538.892273,1826500,Yahoo Finance
2024-10-29,536.585207,541.218654,534.525859,535.927368,2600300,Yahoo Finance
2024-10-30,535.088255,543.725935,534.802250,536.718567,2323600,Yahoo Finance
2024-10-31,534.735513,541.952657,534.735513,538.186768,2490000,Yahoo Finance
2024-11-01,538.777921,543.745087,537.614817,541.104187,2548300,Yahoo Finance
2024-11-04,540.322420,542.086221,529.530075,531.770569,2656600,Yahoo Finance
2024-11-05,532.256804,542.229192,528.557658,540.598938,2608100,Yahoo Finance
2024-11-06,575.750282,577.275678,563.308539,568.876343,6591300,Yahoo Finance
2024-11-07,570.783124,579.315947,568.361542,577.228027,5254300,Yahoo Finance
2024-11-08,580.612481,590.909045,576.989623,587.105042,3875800,Yahoo Finance
2024-11-11,588.144226,601.329520,585.303094,596.104980,3003200,Yahoo Finance
2024-11-12,590.699350,595.370910,585.169719,586.018188,2809400,Yahoo Finance
2024-11-13,584.426132,584.435675,574.949464,577.628479,3409400,Yahoo Finance
2024-11-14,575.349723,577.752276,561.535161,565.501282,3079200,Yahoo Finance
2024-11-15,564.328598,571.011848,562.450454,564.624146,3423900,Yahoo Finance
2024-11-18,561.964258,566.445187,558.036309,562.164490,2577100,Yahoo Finance
2024-11-19,555.557532,559.485539,549.884927,550.104187,3198300,Yahoo Finance
2024-11-20,555.548058,574.549051,554.442097,572.508789,3928600,Yahoo Finance
2024-11-21,572.032109,575.845657,568.914516,569.639099,2722900,Yahoo Finance
2024-11-22,570.659245,573.233401,561.230235,563.327698,3197900,Yahoo Finance
2024-11-25,569.724831,581.413361,567.274620,577.590271,5146200,Yahoo Finance
2024-11-26,579.887916,580.107176,570.964230,578.505493,2693600,Yahoo Finance
2024-11-27,582.547860,588.668586,578.419680,580.021362,2269800,Yahoo Finance
2024-11-29,580.421827,587.076506,578.343451,581.756592,2010800,Yahoo Finance
2024-12-02,585.379325,585.379325,572.766040,580.154785,3364900,Yahoo Finance
2024-12-03,582.376278,587.047897,576.627387,577.018250,2329900,Yahoo Finance
2024-12-04,582.538471,593.797968,578.677208,582.319153,4147600,Yahoo Finance
2024-12-05,577.409103,580.602925,547.139077,551.982239,5943700,Yahoo Finance
2024-12-06,554.975954,554.975954,518.775886,524.000427,13003600,Yahoo Finance
2024-12-09,528.288009,538.796328,521.244183,536.537720,7684700,Yahoo Finance
2024-12-10,537.858406,543.361406,533.101928,540.911377,5360600,Yahoo Finance
2024-12-11,531.790801,534.125990,509.788379,510.611481,10363000,Yahoo Finance
2024-12-12,508.697299,511.061168,492.102141,493.604706,9403800,Yahoo Finance
2024-12-13,493.489921,504.869182,488.781254,498.121979,8202900,Yahoo Finance
2024-12-16,495.748498,499.289570,474.770093,477.086151,8880000,Yahoo Finance
2024-12-17,466.080162,474.310741,455.380423,464.663727,14132700,Yahoo Finance
2024-12-18,467.448755,484.780828,465.123146,478.253784,10147600,Yahoo Finance
2024-12-19,478.655707,482.014909,465.352780,468.233490,7418100,Yahoo Finance
2024-12-20,468.271801,481.048337,467.735859,478.646149,10956900,Yahoo Finance
2024-12-23,479.249066,486.924544,477.612501,484.589355,4286000,Yahoo Finance
2024-12-24,482.732695,484.359680,479.086362,484.359680,1824400,Yahoo Finance
2024-12-26,483.929010,490.216763,483.048546,489.192749,3387000,Yahoo Finance
2024-12-27,487.537118,491.135582,485.986683,488.082611,3471800,Yahoo Finance
2024-12-30,485.087010,487.833749,479.153359,485.986633,5408600,Yahoo Finance
2024-12-31,487.470076,489.049192,481.718235,484.129974,4214000,Yahoo Finance
2025-01-02,486.178054,490.111489,481.670388,482.837982,4234900,Yahoo Finance
2025-01-03,484.598954,494.111939,483.670621,490.963287,3019500,Yahoo Finance
2025-01-06,490.963259,497.949664,487.919868,491.604462,4444800,Yahoo Finance
2025-01-07,496.561922,497.184024,489.259706,492.159546,3914500,Yahoo Finance
2025-01-08,492.398840,502.131955,487.623203,501.988434,4141700,Yahoo Finance
2025-01-10,504.017357,512.448907,496.198270,498.322937,5467500,Yahoo Finance
2025-01-13,512.056471,523.885571,510.238123,517.894470,6472500,Yahoo Finance
2025-01-14,516.468598,521.158077,513.501728,520.382874,3978300,Yahoo Finance
2025-01-15,514.028016,522.823248,511.377046,520.076538,4103900,Yahoo Finance
2025-01-16,507.567926,516.650316,488.092117,488.656769,9059900,Yahoo Finance
2025-01-17,483.900314,499.404430,481.201444,487.862488,7495700,Yahoo Finance
2025-01-21,491.968085,502.447721,490.790941,502.438141,5682100,Yahoo Finance
2025-01-22,499.251259,501.911868,493.834419,497.394592,3756100,Yahoo Finance
2025-01-23,505.194533,508.649446,497.011823,507.012939,4580800,Yahoo Finance
2025-01-24,505.424148,511.664090,501.978816,509.635162,3671200,Yahoo Finance
2025-01-27,516.784331,528.201853,516.784331,520.172302,4263000,Yahoo Finance
2025-01-28,519.684080,523.024152,514.736182,519.176819,3162700,Yahoo Finance
2025-01-29,518.459242,520.134068,511.070893,514.985168,2737600,Yahoo Finance
2025-01-30,516.296216,523.608042,512.018260,522.134216,2924700,Yahoo Finance
2025-01-31,519.904245,525.569925,518.152839,519.186462,4120500,Yahoo Finance
2025-02-03,518.717558,530.115920,517.827515,524.632080,4083600,Yahoo Finance
2025-02-04,521.780148,525.235061,518.248655,522.019409,2869900,Yahoo Finance
2025-02-05,507.931612,517.473365,499.490482,516.621582,4621600,Yahoo Finance
2025-02-06,514.784035,515.942020,502.706153,507.271210,3926800,Yahoo Finance
2025-02-07,506.467424,509.520395,502.821090,504.390656,3349100,Yahoo Finance
2025-02-10,505.003123,511.214326,500.897427,510.458282,3143100,Yahoo Finance
2025-02-11,512.018242,524.019546,505.577359,510.984619,2631900,Yahoo Finance
2025-02-12,516.659864,519.052473,502.935894,504.744720,3859200,Yahoo Finance
2025-02-13,508.094363,511.377015,504.457551,508.362305,2835100,Yahoo Finance
2025-02-14,506.275979,510.295573,500.447559,501.021820,3705300,Yahoo Finance
2025-02-18,488.991773,493.834410,475.650585,479.220367,8759300,Yahoo Finance
2025-02-19,479.794611,489.872278,476.751220,489.087524,4380300,Yahoo Finance
2025-02-20,483.488799,486.589611,478.751422,480.837799,4144300,Yahoo Finance
2025-02-21,420.668463,449.523348,419.663579,446.384247,19864900,Yahoo Finance
2025-02-24,446.633019,447.896324,437.368846,441.694672,6919300,Yahoo Finance
2025-02-25,440.976870,450.537753,430.736523,450.174072,9101000,Yahoo Finance
2025-02-26,444.690245,452.729404,438.517332,443.675781,5108400,Yahoo Finance
2025-02-27,446.144963,454.978455,445.044339,448.432281,4216800,Yahoo Finance
2025-02-28,446.939315,455.897228,444.527576,454.557373,6146300,Yahoo Finance
2025-03-03,453.992686,456.768107,445.226165,446.987122,5700200,Yahoo Finance
2025-03-04,449.571164,458.624787,446.422483,454.222382,5864100,Yahoo Finance
2025-03-05,450.834452,458.500350,450.777032,455.533539,3637100,Yahoo Finance
2025-03-06,455.552676,467.152038,451.724502,466.769226,4964000,Yahoo Finance
2025-03-07,463.046247,478.445099,462.606015,472.281738,5434100,Yahoo Finance
2025-03-10,473.146810,478.500331,459.143087,461.555542,5108900,Yahoo Finance
2025-03-11,463.746932,467.850962,458.595270,467.149353,4101000,Yahoo Finance
2025-03-12,464.362079,468.648726,460.209975,462.410950,3680800,Yahoo Finance
2025-03-13,460.815469,465.246280,456.538413,462.804993,2876600,Yahoo Finance
2025-03-14,462.305232,470.426822,459.652494,469.657898,3915900,Yahoo Finance
2025-03-17,468.562191,481.153016,467.062825,479.624817,5152300,Yahoo Finance
2025-03-18,482.719720,486.304758,478.471526,484.219086,3617600,Yahoo Finance
2025-03-19,485.410877,486.669960,480.624422,483.642395,3317600,Yahoo Finance
2025-03-20,485.612705,494.397480,483.940342,491.427551,4965400,Yahoo Finance
2025-03-21,491.792797,498.828301,485.458930,496.761841,10244900,Yahoo Finance
2025-03-24,495.060652,498.107429,491.254543,496.425446,3840900,Yahoo Finance
2025-03-25,498.136325,498.828313,491.648645,493.474792,3015100,Yahoo Finance
2025-03-26,495.175956,502.624740,492.917258,498.059357,3253800,Yahoo Finance
2025-03-27,496.223604,500.827471,493.013451,495.675751,2822200,Yahoo Finance
2025-03-28,496.781064,500.731309,495.031794,495.983307,2379100,Yahoo Finance
2025-03-31,499.001320,507.593856,498.434284,503.393707,5238700,Yahoo Finance
2025-04-01,505.306281,507.641829,500.702473,502.788116,2962500,Yahoo Finance
2025-04-02,502.624768,504.595080,496.713773,502.865051,2378900,Yahoo Finance
2025-04-03,509.391200,527.181793,508.718395,519.435059,6457900,Yahoo Finance
2025-04-04,519.627256,530.295815,504.441357,504.643158,9919000,Yahoo Finance
2025-04-07,493.445966,508.631863,484.017219,504.306763,7356700,Yahoo Finance
2025-04-08,559.543081,562.272726,526.182175,531.583740,11762300,Yahoo Finance
2025-04-09,538.369350,566.492126,532.910118,556.015747,12691900,Yahoo Finance
2025-04-10,557.688107,578.487051,557.457444,571.297791,8646000,Yahoo Finance
2025-04-11,566.030648,582.792816,563.733584,576.170593,6121500,Yahoo Finance
2025-04-14,571.874383,572.479901,556.774956,564.242981,4839300,Yahoo Finance
2025-04-15,569.221791,569.817689,559.389412,560.908020,3871300,Yahoo Finance
2025-04-16,562.570720,571.691869,560.302459,562.301575,4192100,Yahoo Finance
2025-04-17,463.218342,470.753626,429.722831,436.460358,29120200,Yahoo Finance
2025-04-21,432.279402,435.874032,408.299110,408.798889,13029900,Yahoo Finance
2025-04-22,408.135738,414.729100,400.907995,410.576996,10156900,Yahoo Finance
2025-04-23,410.471328,421.793480,407.280357,411.326721,8345700,Yahoo Finance
2025-04-24,410.951865,413.191293,407.184209,407.760895,7629100,Yahoo Finance
2025-04-25,407.097687,407.097687,396.006199,402.368927,9263800,Yahoo Finance
2025-04-28,403.435803,407.635952,399.399030,403.676086,6614300,Yahoo Finance
2025-04-29,404.819794,405.358026,393.199694,393.324646,9909100,Yahoo Finance
2025-04-30,393.132456,397.198062,385.414555,395.448792,9192800,Yahoo Finance
2025-05-01,395.333439,395.977382,384.318828,385.106964,9316800,Yahoo Finance
2025-05-02,384.414950,386.375671,377.831180,384.376526,11392900,Yahoo Finance
2025-05-05,383.607595,393.776403,382.137062,389.076447,8157200,Yahoo Finance
2025-05-06,387.144595,388.989985,378.129187,379.176819,7858600,Yahoo Finance
2025-05-07,379.984141,380.147518,370.709209,375.860870,8517200,Yahoo Finance
2025-05-08,374.842027,375.726283,370.391975,370.564972,7218300,Yahoo Finance
2025-05-09,370.680387,371.526160,363.827500,365.845886,8381100,Yahoo Finance
2025-05-12,366.191847,372.160478,362.193528,364.029297,11004800,Yahoo Finance
2025-05-13,322.690937,328.707642,297.086357,299.277740,59478300,Yahoo Finance
2025-05-14,308.956363,310.388442,295.173683,296.038727,40029600,Yahoo Finance
2025-05-15,264.215623,265.897607,239.206938,263.687012,121849200,Yahoo Finance
2025-05-16,268.435013,283.044226,258.679513,280.564514,71094300,Yahoo Finance
2025-05-19,292.924658,303.996935,285.696945,303.612488,62524700,Yahoo Finance
2025-05-20,308.447007,312.022425,300.431127,309.081329,41487000,Yahoo Finance
2025-05-21,289.301139,297.912885,288.407292,291.204193,45506900,Yahoo Finance
2025-05-22,282.467546,293.789698,281.131556,285.139496,27159600,Yahoo Finance
2025-05-23,284.591644,288.051731,280.304997,284.082245,16873600,Yahoo Finance
2025-05-27,287.859494,288.292016,277.892544,283.534393,20144600,Yahoo Finance
2025-05-28,282.573254,291.973138,281.881237,286.523499,16114200,Yahoo Finance
2025-05-29,285.264430,291.588705,283.534401,286.581207,16221100,Yahoo Finance
2025-05-30,286.388974,293.760881,284.341754,290.175842,16309300,Yahoo Finance
2025-06-02,291.338768,301.363382,289.272336,292.876587,19074400,Yahoo Finance
2025-06-03,291.319539,293.837704,288.349641,289.512604,12805700,Yahoo Finance
2025-06-04,291.742446,295.683099,288.532264,288.705261,11255600,Yahoo Finance
2025-06-05,288.705290,290.666011,282.678964,284.341736,13529000,Yahoo Finance
2025-06-06,285.677726,292.559445,285.600819,291.434906,12589000,Yahoo Finance
2025-06-09,293.184139,295.452400,289.435725,291.406036,12170300,Yahoo Finance
2025-06-10,291.992379,293.261083,288.907149,291.982788,11384100,Yahoo Finance
2025-06-11,290.915857,299.469939,290.483365,298.489594,14711400,Yahoo Finance
2025-06-12,299.296979,306.409361,296.519318,306.121033,15957200,Yahoo Finance
2025-06-13,303.622059,305.083001,299.787146,301.344177,13762400,Yahoo Finance
2025-06-16,302.970398,303.231736,295.023483,297.801514,14240100,Yahoo Finance
2025-06-17,297.598205,300.018096,295.730027,298.972687,11593900,Yahoo Finance
2025-06-18,297.694993,301.799148,296.417313,297.356232,12205600,Yahoo Finance
2025-06-20,299.582535,299.669647,291.925995,292.332550,16177900,Yahoo Finance
2025-06-23,292.226044,292.777786,286.050477,291.045135,12274700,Yahoo Finance
2025-06-24,291.790481,296.020446,289.738389,295.826843,8781400,Yahoo Finance
2025-06-25,294.626555,294.626555,290.193299,292.342163,8722100,Yahoo Finance
2025-06-26,292.874588,296.881912,291.635605,292.922974,6532700,Yahoo Finance
2025-06-27,293.242401,300.502074,292.516434,299.204987,15304400,Yahoo Finance
2025-06-30,299.098526,302.370224,296.523759,301.973358,10074100,Yahoo Finance
2025-07-01,301.973375,316.086167,301.111880,315.689331,17865500,Yahoo Finance
2025-07-02,310.462340,312.088530,296.610886,297.704681,18177200,Yahoo Finance
2025-07-03,299.911636,302.244415,298.353240,298.662964,6161100,Yahoo Finance
2025-07-07,298.130599,298.721039,291.548507,293.978058,9031200,Yahoo Finance
2025-07-08,294.481400,298.420960,294.065156,297.840210,9613800,Yahoo Finance
2025-07-09,293.474731,293.871597,289.177002,293.203705,12816700,Yahoo Finance
2025-07-10,293.348831,295.158904,287.095841,289.912598,11355600,Yahoo Finance
2025-07-11,290.406281,294.374909,288.451020,294.355560,9808200,Yahoo Finance
2025-07-14,291.974395,294.297484,289.418976,290.948334,10681400,Yahoo Finance
2025-07-15,290.106231,291.045150,281.704376,282.362579,16019000,Yahoo Finance
2025-07-16,283.175629,286.505401,281.433319,283.117554,9714000,Yahoo Finance
2025-07-17,282.962677,283.611221,274.735048,278.839203,14792700,Yahoo Finance
2025-07-18,278.665008,278.839233,271.811859,273.592896,14979700,Yahoo Finance
2025-07-21,275.519134,277.319519,272.189362,273.099243,10319200,Yahoo Finance
2025-07-22,273.573547,277.909974,272.963730,275.993439,14600300,Yahoo Finance
2025-07-23,278.287461,283.262771,275.819184,283.136932,13111100,Yahoo Finance
2025-07-24,274.028503,279.942703,269.304870,269.653320,22585200,Yahoo Finance
2025-07-25,271.995727,276.971037,270.969696,272.053802,16486600,Yahoo Finance
2025-07-28,274.415618,275.867553,270.727707,273.079834,15779400,Yahoo Finance
2025-07-29,257.186066,264.165024,252.201066,252.704422,41706000,Yahoo Finance
2025-07-30,256.314881,258.086258,249.848938,257.515167,22371800,Yahoo Finance
2025-07-31,253.023802,253.023802,239.811203,241.563202,29606900,Yahoo Finance
2025-08-01,242.579558,243.431364,227.082581,230.151001,39989200,Yahoo Finance
2025-08-04,230.605942,234.487442,229.357270,233.258133,17427900,Yahoo Finance
2025-08-05,233.432374,243.992782,232.357942,242.957062,23795900,Yahoo Finance
2025-08-06,242.608612,245.047866,237.449402,237.904343,12946400,Yahoo Finance
2025-08-07,238.523819,240.779159,231.825562,236.829895,11369900,Yahoo Finance
2025-08-08,236.946046,243.034500,236.539506,242.850586,10185700,Yahoo Finance
2025-08-11,245.735092,250.119933,244.060532,244.283157,11779500,Yahoo Finance
2025-08-12,245.880266,254.456360,245.541476,253.188339,12171800,Yahoo Finance
2025-08-13,255.918030,263.468078,254.466095,263.100250,19480300,Yahoo Finance
2025-08-14,263.380904,265.074828,258.444322,262.790436,25011100,Yahoo Finance
2025-08-15,292.042145,300.356888,285.266450,294.268463,68198500,Yahoo Finance
2025-08-18,303.144607,306.261428,297.569198,298.604889,39600500,Yahoo Finance
2025-08-19,299.001739,300.550475,289.622239,294.491058,22348600,Yahoo Finance
2025-08-20,296.581816,297.356199,286.224701,290.232025,16679000,Yahoo Finance
2025-08-21,292.603577,296.746429,288.257432,293.629608,13359000,Yahoo Finance
2025-08-22,296.291474,300.724701,294.820161,297.569183,14930000,Yahoo Finance
2025-08-25,298.604873,298.972701,293.029464,295.091187,8917100,Yahoo Finance
2025-08-26,294.558807,299.059798,284.772782,290.803131,16303200,Yahoo Finance
2025-08-27,290.909638,296.165634,290.870911,294.142609,9982800,Yahoo Finance
2025-08-28,294.500732,294.713684,289.806138,292.603546,11235000,Yahoo Finance
2025-08-29,292.613206,300.066482,291.267762,299.940643,12065400,Yahoo Finance
2025-09-02,298.430618,302.863875,297.452973,298.904907,10957100,Yahoo Finance
2025-09-03,298.237046,299.669632,293.968384,298.014435,9654600,Yahoo Finance
2025-09-04,296.291444,301.915268,294.355531,300.434296,7725700,Yahoo Finance
2025-09-05,300.492417,307.752091,298.324204,305.283813,14126700,Yahoo Finance
2025-09-08,309.465363,311.343201,303.744736,309.988068,18438600,Yahoo Finance
2025-09-09,321.845522,340.439957,316.676638,336.771423,46408900,Yahoo Finance
2025-09-10,334.487030,337.400589,330.460328,335.667938,17804300,Yahoo Finance
2025-09-11,337.816818,349.412947,334.758072,342.279083,18943500,Yahoo Finance
2025-09-12,344.495682,350.700286,341.165909,341.214325,14016200,Yahoo Finance
2025-09-15,342.149409,342.587720,333.645828,338.866821,11035900,Yahoo Finance
2025-09-16,338.486932,339.986997,329.545039,330.967163,12695800,Yahoo Finance
2025-09-17,328.931414,334.103687,328.931414,332.749725,8467700,Yahoo Finance
2025-09-18,334.619884,335.983567,325.453947,326.135803,11255600,Yahoo Finance
2025-09-19,327.772232,332.116545,325.181220,327.957306,13656800,Yahoo Finance
2025-09-22,325.785135,333.597140,323.973392,332.447723,8903700,Yahoo Finance
2025-09-23,332.155513,343.552063,331.142479,338.671997,12504100,Yahoo Finance
2025-09-24,341.116923,345.305382,338.818118,342.685150,9016300,Yahoo Finance
2025-09-25,339.850627,341.107177,334.688104,336.597260,8104900,Yahoo Finance
2025-09-26,338.905789,340.892886,332.447745,335.155640,6774700,Yahoo Finance
2025-09-29,335.058284,336.587541,332.593905,336.227142,6878900,Yahoo Finance
2025-09-30,334.834208,340.259747,333.451025,336.343994,7429700,Yahoo Finance
2025-10-01,334.980303,339.655823,332.769190,339.266174,8825500,Yahoo Finance
2025-10-02,338.282405,345.870335,335.710864,344.545624,8564200,Yahoo Finance
2025-10-03,347.984076,358.455255,347.360661,350.857574,13494800,Yahoo Finance
2025-10-06,351.666022,353.117367,347.847682,349.464630,7181700,Yahoo Finance
2025-10-07,350.088075,355.260349,348.773084,354.227844,7236200,Yahoo Finance
2025-10-08,357.413031,364.913330,356.312335,360.325500,9438300,Yahoo Finance
2025-10-09,362.858002,366.462047,356.585033,358.153290,8759800,Yahoo Finance
2025-10-10,359.818925,359.818925,343.367013,345.305389,13141900,Yahoo Finance
2025-10-13,345.539173,349.844545,344.156019,349.357513,5659400,Yahoo Finance
2025-10-14,345.743758,352.932320,344.233942,350.594574,5974800,Yahoo Finance
2025-10-15,350.068567,354.773279,346.620375,351.782898,6579600,Yahoo Finance
2025-10-16,352.455018,352.610872,345.207986,347.419128,5872100,Yahoo Finance
2025-10-17,341.896162,349.094503,341.730558,347.350922,8608400,Yahoo Finance
2025-10-20,349.240613,356.088276,348.237329,355.026550,5996500,Yahoo Finance
2025-10-21,355.669448,361.426135,352.123843,355.893463,6885300,Yahoo Finance
2025-10-22,354.520012,354.558983,348.714604,352.114075,7833000,Yahoo Finance
2025-10-23,346.357392,352.883627,344.467736,351.101105,5756700,Yahoo Finance
2025-10-24,351.997174,355.942147,350.691933,353.097870,5462100,Yahoo Finance
2025-10-27,354.071953,356.721406,352.026415,356.487640,7766400,Yahoo Finance
2025-10-28,370.806376,371.118083,349.328294,358.299408,18858700,Yahoo Finance
2025-10-29,354.831724,356.653217,344.701473,346.045685,11874900,Yahoo Finance
2025-10-30,338.506402,345.344344,334.688091,335.808258,11441900,Yahoo Finance
2025-10-31,335.457635,337.298599,328.376176,332.701019,8390800,Yahoo Finance
2025-11-03,330.334031,331.863318,318.129022,325.132538,11181400,Yahoo Finance
2025-11-04,319.132314,327.772249,318.713474,322.249298,9646600,Yahoo Finance
2025-11-05,317.836788,321.645378,315.810749,319.239441,9697100,Yahoo Finance
2025-11-06,320.388846,323.749346,313.112594,313.219727,7922100,Yahoo Finance
2025-11-07,311.369020,316.132173,306.011672,315.800995,9402900,Yahoo Finance
2025-11-10,311.690470,315.839989,308.943635,313.239227,9283800,Yahoo Finance
2025-11-11,314.914615,319.356340,311.583335,318.957001,7157800,Yahoo Finance
2025-11-12,319.931043,334.269253,318.596552,330.265839,10403300,Yahoo Finance
2025-11-13,329.574251,330.236607,322.697368,323.895447,7788700,Yahoo Finance
2025-11-14,318.469971,319.697270,312.177501,313.511963,8676500,Yahoo Finance
2025-11-17,312.284637,319.375815,311.144970,312.206696,6485400,Yahoo Finance
2025-11-18,308.787776,309.265057,300.761475,305.446716,9182100,Yahoo Finance
2025-11-19,305.787612,306.829867,296.631425,301.073151,8181100,Yahoo Finance
2025-11-20,302.748548,306.586359,301.959560,303.459625,7337600,Yahoo Finance
2025-11-21,303.820043,315.440610,303.362232,311.670990,8406300,Yahoo Finance
2025-11-24,316.112718,317.398489,309.381938,310.774841,10773800,Yahoo Finance
2025-11-25,312.791182,319.492742,312.576887,317.817352,6149100,Yahoo Finance
2025-11-26,318.119253,326.496201,317.437427,321.158325,5504200,Yahoo Finance
2025-11-28,323.067541,323.447410,320.359646,321.216797,2464500,Yahoo Finance
2025-12-01,318.674496,321.499273,314.651611,314.826935,6154600,Yahoo Finance
2025-12-02,314.982770,320.174542,314.427547,316.122437,7978100,Yahoo Finance
2025-12-03,317.544560,332.554875,316.580247,330.898956,9770000,Yahoo Finance
2025-12-04,330.597018,332.408791,320.194031,324.840302,8061600,Yahoo Finance
2025-12-05,326.311155,327.002731,319.989494,322.327240,5906000,Yahoo Finance
2025-12-08,322.327292,322.719531,316.571072,317.345764,4782800,Yahoo Finance
2025-12-09,316.894670,320.032611,316.227860,317.326141,4628400,Yahoo Finance
2025-12-10,316.492626,322.356698,313.403703,322.003662,5910500,Yahoo Finance
2025-12-11,323.964889,332.672731,322.386118,330.201599,7513200,Yahoo Finance
2025-12-12,330.956640,338.291631,330.829156,335.212494,7979000,Yahoo Finance
2025-12-15,334.378964,338.271996,330.466331,334.486847,6447200,Yahoo Finance
2025-12-16,333.820052,334.378978,324.612088,327.720642,6334000,Yahoo Finance
2025-12-17,327.142063,329.015036,324.072772,325.200470,4685600,Yahoo Finance
2025-12-18,322.552769,323.778534,318.277314,321.778107,6354900,Yahoo Finance
2025-12-19,321.699628,328.112840,319.748220,321.072052,10553000,Yahoo Finance
2025-12-22,316.639703,323.405921,315.413937,318.855896,7872400,Yahoo Finance
2025-12-23,317.718360,321.444675,317.483023,318.502838,4463300,Yahoo Finance
2025-12-24,318.895111,322.611610,317.845849,321.228943,2842700,Yahoo Finance
2025-12-26,320.856366,325.455440,319.934588,325.396576,4359300,Yahoo Finance
2025-12-29,324.474828,327.769671,321.915414,322.562622,4346800,Yahoo Finance
2025-12-30,323.337273,329.632787,323.121537,325.720154,4432500,Yahoo Finance
2025-12-31,325.877075,326.867473,323.484378,323.709900,4285200,Yahoo Finance
2026-01-02,324.484563,333.663108,321.150487,329.877930,6863600,Yahoo Finance
2026-01-05,328.946408,340.213633,327.377422,335.389008,7956600,Yahoo Finance
2026-01-06,341.596279,345.773667,338.428891,342.204254,9441900,Yahoo Finance
2026-01-07,342.214082,343.322149,331.486181,335.075226,7461400,Yahoo Finance
2026-01-08,334.398624,341.155028,334.192674,340.125397,5059300,Yahoo Finance
2026-01-09,340.517627,342.292533,335.840117,337.311035,4129100,Yahoo Finance
2026-01-12,334.800655,336.006789,327.465665,333.908295,7146400,Yahoo Finance
2026-01-13,334.879083,335.212488,326.396793,327.455841,5605900,Yahoo Finance
2026-01-14,328.867936,333.516029,327.622569,328.465881,5740900,Yahoo Finance
2026-01-15,328.701254,332.868857,321.699668,332.388336,6943500,Yahoo Finance
2026-01-16,328.367812,329.681859,324.023707,324.602264,8039100,Yahoo Finance
2026-01-20,321.052469,333.300337,320.169924,331.868622,7596500,Yahoo Finance
2026-01-21,332.849203,341.331493,332.123560,341.007904,8933300,Yahoo Finance
2026-01-22,340.448954,348.068330,340.046899,347.597626,7491400,Yahoo Finance
2026-01-23,347.411313,350.931707,346.146315,349.352936,9082200,Yahoo Finance
2026-01-26,347.087722,347.911432,340.537209,344.822510,10399500,Yahoo Finance
2026-01-27,288.270575,293.693359,274.963660,277.219086,65836900,Yahoo Finance
2026-01-28,278.219316,289.221787,278.219316,288.319611,23396900,Yahoo Finance
2026-01-29,288.623596,289.868993,283.612682,286.623169,13456400,Yahoo Finance
2026-01-30,286.436844,287.270370,279.180319,281.367065,12022200,Yahoo Finance
2026-02-02,280.474726,284.769813,276.807246,280.053070,8664200,Yahoo Finance
2026-02-03,279.180317,282.504577,273.198576,278.670380,10809100,Yahoo Finance
2026-02-04,276.542482,278.984197,268.736787,270.570557,12944100,Yahoo Finance
2026-02-05,268.972180,271.521778,261.127281,263.343445,13035300,Yahoo Finance
2026-02-06,261.882279,272.423860,261.244888,271.286346,9572800,Yahoo Finance
2026-02-09,268.834861,274.747952,268.020966,270.354828,10371600,Yahoo Finance
2026-02-10,272.139503,274.071310,267.363926,267.922882,7284700,Yahoo Finance
2026-02-11,267.158031,274.267470,264.569200,273.502594,6333100,Yahoo Finance
2026-02-12,272.767126,280.759110,270.462681,278.856720,12336900,Yahoo Finance
2026-02-13,280.092251,287.770431,278.993970,287.505676,10281900,Yahoo Finance
2026-02-17,288.300009,288.525560,282.749740,283.485199,6091700,Yahoo Finance
2026-02-18,284.377547,284.505032,280.739484,282.612457,6632000,Yahoo Finance
2026-02-19,285.250308,285.250308,281.327859,284.308899,4931800,Yahoo Finance
2026-02-20,283.298884,285.162041,280.013827,284.377563,6974100,Yahoo Finance
2026-02-23,282.955652,286.113225,276.209065,276.866058,7247500,Yahoo Finance
2026-02-24,276.728815,276.924920,266.530423,268.638763,9684500,Yahoo Finance
2026-02-25,271.913968,279.219511,271.502098,278.690002,11380600,Yahoo Finance
2026-02-26,281.416098,289.535566,279.700027,281.102295,10210000,Yahoo Finance
2026-02-27,279.180283,288.427448,278.346757,287.584106,9723300,Yahoo Finance
2026-03-02,282.573241,289.584613,281.926033,289.211975,8141400,Yahoo Finance
2026-03-03,283.387139,288.045047,278.846899,283.602875,7051100,Yahoo Finance
2026-03-04,283.406772,288.633423,282.102541,286.299561,7796000,Yahoo Finance
2026-03-05,284.426600,285.740647,281.180775,283.171417,5397900,Yahoo Finance
2026-03-06,281.769124,285.681757,277.562289,280.925812,6816900,Yahoo Finance
2026-03-09,278.682525,281.844892,275.381821,281.815247,10348800,Yahoo Finance
2026-03-10,283.999211,284.196840,275.618960,279.018494,6075600,Yahoo Finance
2026-03-11,279.058055,282.852877,277.298996,281.894287,6878800,Yahoo Finance
2026-03-12,281.429815,284.177110,273.039702,273.790741,10512300,Yahoo Finance
2026-03-13,274.788864,279.552169,274.541806,278.771454,4737600,Yahoo Finance
2026-03-16,280.639224,284.018973,277.733808,282.131439,4854000,Yahoo Finance
2026-03-17,284.414256,285.590259,281.489087,284.186981,5752000,Yahoo Finance
2026-03-18,281.844867,285.007204,279.739920,280.985077,4544100,Yahoo Finance
2026-03-19,280.658986,284.167212,276.775227,277.140869,5542100,Yahoo Finance
2026-03-20,275.707927,279.769592,271.764875,272.347931,38893000,Yahoo Finance
2026-03-23,275.856149,277.447194,265.924361,266.369080,10424200,Yahoo Finance
2026-03-24,265.706956,270.163909,264.442015,269.076843,5911700,Yahoo Finance
2026-03-25,271.764849,272.832130,263.967654,267.367188,8121200,Yahoo Finance
2026-03-26,266.813786,271.409107,264.036846,264.896606,6218800,Yahoo Finance
2026-03-27,264.353090,264.521104,252.958732,255.972839,10735300,Yahoo Finance
2026-03-30,257.119221,259.243922,253.650533,258.710297,7774700,Yahoo Finance
2026-03-31,259.906032,268.681571,259.520605,267.406738,9170800,Yahoo Finance
2026-04-01,270.984141,272.061315,267.574746,270.756866,5473400,Yahoo Finance
2026-04-02,269.086757,275.757350,268.335689,273.998291,6407000,Yahoo Finance
2026-04-06,274.610977,279.967198,273.988384,278.050018,7097000,Yahoo Finance
2026-04-07,305.216652,308.754523,297.211936,304.109833,22099800,Yahoo Finance
2026-04-08,308.329570,309.288160,301.243906,302.380402,9645000,Yahoo Finance
2026-04-09,302.222296,304.267951,300.562067,303.299469,5742000,Yahoo Finance
2026-04-10,304.327225,306.718739,300.621341,300.749786,5212900,Yahoo Finance
2026-04-13,299.682511,309.634053,299.356406,309.317810,7972200,Yahoo Finance
2026-04-14,308.833576,315.859918,308.833576,310.493805,5864500,Yahoo Finance
2026-04-15,312.282510,314.021815,307.489560,310.355438,5041200,Yahoo Finance
2026-04-16,311.294271,314.861788,309.426491,312.677795,5205600,Yahoo Finance
2026-04-17,316.284868,321.443460,313.409128,320.811005,9414700,Yahoo Finance
2026-04-20,320.376200,321.571957,316.354072,319.674561,9050600,Yahoo Finance
2026-04-21,348.857134,353.472179,341.168661,341.939484,26097300,Yahoo Finance
2026-04-22,346.752218,354.341862,344.993159,349.361145,11807300,Yahoo Finance
2026-04-23,350.507469,352.651954,346.376651,350.388885,7255800,Yahoo Finance
2026-04-24,352.296197,354.065148,347.256219,350.744690,8554600,Yahoo Finance
2026-04-27,349.746542,352.296177,344.844901,350.517365,7256100,Yahoo Finance
2026-04-28,352.642086,365.281632,351.535267,362.455261,10604100,Yahoo Finance
2026-04-29,361.694312,366.477370,360.715968,366.378540,9046600,Yahoo Finance
2026-04-30,364.174787,367.613828,358.729598,366.121613,6879900,Yahoo Finance
2026-05-01,367.584203,368.513147,362.702315,364.441620,4945400,Yahoo Finance
2026-05-04,364.214297,366.467473,360.360183,366.388428,4916900,Yahoo Finance
2026-05-05,366.121610,367.426058,357.553592,359.589355,6489000,Yahoo Finance
2026-05-06,358.828440,364.214308,354.035491,362.959259,6695500,Yahoo Finance
2026-05-07,362.326783,365.459473,360.429357,365.390289,5235400,Yahoo Finance
2026-05-08,367.613862,375.509888,367.613862,375.509888,6455100,Yahoo Finance
2026-05-11,375.974338,380.283031,371.645860,379.917389,6949600,Yahoo Finance
2026-05-12,378.346115,392.744719,377.516000,391.726837,9236300,Yahoo Finance
2026-05-13,391.835491,399.395489,388.376666,396.440674,8454100,Yahoo Finance
2026-05-14,396.282554,397.171960,391.341375,394.395020,5342500,Yahoo Finance
2026-05-15,389.661393,392.952236,385.659050,389.216705,9811200,Yahoo Finance
2026-05-18,385.411975,387.526814,378.988442,386.528687,8400700,Yahoo Finance
2026-05-19,385.411958,390.343244,382.951260,384.660889,5016800,Yahoo Finance
2026-05-20,384.967276,388.752237,376.221413,378.790802,7783900,Yahoo Finance
2026-05-21,376.636422,381.567709,376.063258,377.980438,4732500,Yahoo Finance
2026-05-22,377.427061,385.945649,376.527763,383.899994,5598600,Yahoo Finance
2026-05-26,381.459034,381.972906,371.981856,372.426544,6498100,Yahoo Finance
2026-05-27,373.978089,380.006334,372.653857,379.492462,4544000,Yahoo Finance
2026-05-28,380.431252,384.680684,376.478309,378.029846,4330800,Yahoo Finance
2026-05-29,379.265148,380.589380,371.033156,375.835968,10257900,Yahoo Finance
2026-06-01,371.685381,378.840230,371.497644,375.391266,6623700,Yahoo Finance
2026-06-02,373.533382,375.608653,370.311724,373.474091,3874400,Yahoo Finance
2026-06-03,375.529618,382.901849,372.377144,372.564911,6808400,Yahoo Finance
2026-06-04,385.411990,396.658119,385.234115,391.805878,12666100,Yahoo Finance
2026-06-05,394.839753,399.286814,392.527284,394.770569,10897300,Yahoo Finance
2026-06-08,392.458100,403.901857,390.343261,401.787048,6963200,Yahoo Finance
2026-06-09,405.166819,408.141418,402.646829,408.141418,8590400,Yahoo Finance
2026-06-10,408.635518,411.086354,399.790795,402.666565,6512900,Yahoo Finance
2026-06-11,403.901851,405.156930,398.367724,400.779022,4938100,Yahoo Finance
2026-06-12,404.198367,405.068020,400.047765,403.714111,7269600,Yahoo Finance
2026-06-15,404.211039,411.625376,397.204166,408.524475,6777900,Yahoo Finance
2026-06-16,408.166668,409.230127,404.052020,405.155212,4815100,Yahoo Finance
2026-06-17,406.616206,408.643730,396.150650,397.084900,5838800,Yahoo Finance
2026-06-18,400.305085,403.714117,396.707244,398.506165,11896900,Yahoo Finance
2026-06-22,399.678968,406.954148,399.678968,404.191162,5818600,Yahoo Finance
2026-06-23,407.013759,407.391438,400.374647,406.745422,6675900,Yahoo Finance
2026-06-24,408.027541,410.899838,397.552036,403.316528,6858800,Yahoo Finance
2026-06-25,404.161339,415.024442,404.161339,412.987000,6014400,Yahoo Finance
2026-06-26,413.613138,425.311096,413.613138,425.271362,10588200,Yahoo Finance
2026-06-29,423.919690,424.088663,413.265294,417.250763,5167400,Yahoo Finance
2026-06-30,420.133002,420.152868,410.720956,413.086395,5779800,Yahoo Finance
2026-07-01,414.557314,425.400550,411.198025,423.929626,4985900,Yahoo Finance
2026-07-02,425.509903,427.567242,417.966357,422.756836,3928800,Yahoo Finance
2026-07-06,420.898256,421.842454,412.509905,415.431915,6379000,Yahoo Finance
2026-07-07,421.355477,425.977014,419.546608,425.569519,5800500,Yahoo Finance
2026-07-08,424.535863,428.133704,421.236174,422.995361,3859200,Yahoo Finance
2026-07-09,424.496108,431.642108,420.928082,429.038147,5566000,Yahoo Finance
2026-07-10,429.028235,430.210925,421.057297,422.021362,3798600,Yahoo Finance
2026-07-13,423.860059,428.908956,422.925809,426.464020,3863800,Yahoo Finance
2026-07-14,428.362332,429.505288,419.208704,422.587891,5135900,Yahoo Finance
2026-07-15,416.922744,421.514465,411.834083,415.958679,6764800,Yahoo Finance
2026-07-16,446.639803,458.794937,417.797382,420.788971,13281900,Yahoo Finance
2026-07-17,424.108510,434.792721,422.498429,423.482361,10718100,Yahoo Finance
2026-07-20,424.635283,428.382200,414.825691,418.970154,4818800,Yahoo Finance
2026-07-21,419.894484,434.325612,417.926590,433.679596,6833600,Yahoo Finance
2026-07-22,432.288148,433.649759,427.070278,428.670410,4234100,Yahoo Finance
2026-07-23,425.649032,427.855447,417.827200,420.967865,4868700,Yahoo Finance
2026-07-24,422.637561,426.374559,416.356261,418.165100,3752500,Yahoo Finance
2026-07-27,419.924298,420.292029,410.015312,415.084106,4615700,Yahoo Finance
2026-07-28,417.360069,427.825626,412.569560,426.165863,5917300,Yahoo Finance
2026-07-29,425.639095,429.038148,417.777500,417.996155,5257900,Yahoo Finance
2026-07-30,412.649090,424.724727,408.772963,418.890656,3647500,Yahoo Finance
2026-07-31,419.417386,420.222427,411.525976,411.863892,3920900,Yahoo Finance
2026-08-03,414.875363,416.773677,410.790530,412.818024,3209600,Yahoo Finance
2026-08-04,413.016806,413.454116,404.181228,405.055817,5266300,Yahoo Finance
2026-08-05,400.722508,413.811892,395.365480,410.223999,5399000,Yahoo Finance
2026-08-06,412.728575,414.418183,399.937343,401.497742,4712400,Yahoo Finance
2026-08-07,399.132292,408.126925,398.207991,404.588684,4095900,Yahoo Finance
2026-08-10,406.099398,410.542043,405.493115,406.238525,3182200,Yahoo Finance
2026-08-11,406.496959,408.385325,398.863967,399.728638,3398900,Yahoo Finance
2026-08-12,398.526046,404.707981,398.048973,403.107819,3317200,Yahoo Finance
2026-08-13,403.107834,404.827257,396.150673,396.617798,4170200,Yahoo Finance
2026-08-14,395.564270,400.712562,394.133081,399.271454,3476400,Yahoo Finance
2026-08-17,396.130811,396.458778,389.034492,393.198853,5295100,Yahoo Finance
2026-08-18,394.997745,396.349438,391.101752,391.519165,3605100,Yahoo Finance
2026-08-19,392.155267,394.371600,383.965675,386.231720,5268500,Yahoo Finance
2026-08-20,385.873937,390.306634,381.480974,382.494751,4497200,Yahoo Finance
2026-08-21,383.637702,391.250827,383.637702,387.722534,4879600,Yahoo Finance
2026-08-24,388.646885,397.134600,388.467964,396.319641,4683900,Yahoo Finance
2026-08-25,395.365489,396.587973,393.198838,394.162903,2655000,Yahoo Finance
2026-08-26,393.904496,403.763800,393.586477,398.555878,3557000,Yahoo Finance
2026-08-27,394.441193,397.432782,391.360159,392.632324,3668200,Yahoo Finance
2026-08-28,393.993962,394.311980,390.256963,390.545197,2455500,Yahoo Finance
2026-08-31,391.111688,392.075753,385.337247,387.026855,5748000,Yahoo Finance
2026-09-01,389.680489,397.154487,389.382337,393.874664,3716200,Yahoo Finance
2026-09-02,396.826484,398.685065,394.083395,397.214111,3265300,Yahoo Finance
2026-09-03,397.571915,402.680473,392.880799,398.486298,5488900,Yahoo Finance
2026-09-04,394.620088,399.768410,392.781434,394.709564,5565400,Yahoo Finance
2026-09-08,389.998551,401.418254,388.050555,398.386902,7049400,Yahoo Finance
2026-09-09,402.690414,404.042077,375.766176,390.654510,7735200,Yahoo Finance
2026-09-10,393.576503,396.826480,385.227916,385.903748,4339900,Yahoo Finance
2026-09-11,388.030667,389.332648,373.599509,376.769989,7478400,Yahoo Finance
2026-09-14,381.440002,386.459991,379.279999,383.549988,4474000,Yahoo Finance
2026-09-15,383.549988,383.799988,375.500000,375.929993,4391400,Yahoo Finance
2026-09-16,375.899994,380.220001,373.630005,375.260010,4414900,Yahoo Finance
2026-09-17,376.450012,380.500000,374.200012,375.209991,4833700,Yahoo Finance
2026-09-18,375.290009,378.489990,372.420013,376.899994,8606300,Yahoo Finance
2026-09-21,377.869995,378.950012,373.820007,377.559998,5712300,Yahoo Finance
2026-09-22,381.390015,381.390015,372.410004,372.950012,4495000,Yahoo Finance
2026-09-23,370.890015,372.609985,366.000000,371.290009,3859300,Yahoo Finance
2026-09-24,371.920013,375.279999,368.500000,375.010010,4651000,Yahoo Finance
2026-09-25,375.950012,379.170013,371.170013,376.589996,4077400,Yahoo Finance
2026-09-28,376.359985,380.980011,374.559998,377.829987,4677100,Yahoo Finance
2026-09-29,374.880005,376.589996,371.329987,374.940002,3284700,Yahoo Finance
2026-09-30,374.929993,374.929993,365.720001,367.079987,4788300,Yahoo Finance
