date,open,high,low,close,volume,source
2008-03-19,13.051191,15.134994,12.064126,12.393147,708486000,Yahoo Finance
2008-03-20,12.809911,14.257606,12.612497,14.115029,198985200,Yahoo Finance
2008-03-24,14.748948,14.849848,12.941523,13.101646,149566400,Yahoo Finance
2008-03-25,13.288084,14.093090,13.121379,13.873742,87092000,Yahoo Finance
2008-03-26,13.759687,14.143547,13.505244,14.029485,43111600,Yahoo Finance
2008-03-27,14.049228,14.200577,13.742140,13.799170,39829600,Yahoo Finance
2008-03-28,13.900070,13.915424,13.634659,13.766268,24675200,Yahoo Finance
2008-03-31,13.731169,13.924195,13.610528,13.678526,22157200,Yahoo Finance
2008-04-01,13.832070,13.968065,13.228863,13.514015,60410800,Yahoo Finance
2008-04-02,13.538141,13.669749,13.270536,13.669749,43836400,Yahoo Finance
2008-04-03,13.588595,14.540564,13.560079,14.367279,100868000,Yahoo Finance
2008-04-04,14.235670,14.327796,13.983420,14.143544,36394400,Yahoo Finance
2008-04-07,14.279540,14.433084,14.042644,14.266379,28301600,Yahoo Finance
2008-04-08,14.235669,14.968290,14.215927,14.935388,53925600,Yahoo Finance
2008-04-09,15.012160,15.073577,14.391406,14.430888,48324400,Yahoo Finance
2008-04-10,14.512053,14.637082,14.281737,14.501085,22372000,Yahoo Finance
2008-04-11,14.312446,14.645854,14.312446,14.501085,26421600,Yahoo Finance
2008-04-14,14.630494,14.748942,14.373858,14.406760,28443600,Yahoo Finance
2008-04-15,14.540565,14.597595,14.038258,14.115029,23888000,Yahoo Finance
2008-04-16,14.161093,14.685334,14.161093,14.507663,25136800,Yahoo Finance
2008-04-17,14.533977,14.860804,14.479140,14.705068,22459600,Yahoo Finance
2008-04-18,14.917838,15.453045,14.740165,15.134992,104099600,Yahoo Finance
2008-04-21,15.240289,15.902719,15.102099,15.567117,58848000,Yahoo Finance
2008-04-22,15.775493,15.880781,15.354346,15.415763,47357600,Yahoo Finance
2008-04-23,15.562731,15.727242,15.286354,15.371900,37319600,Yahoo Finance
2008-04-24,15.617558,16.010191,15.363116,15.858842,38086800,Yahoo Finance
2008-04-25,16.670432,16.687980,16.211996,16.473019,101460000,Yahoo Finance
2008-04-28,16.780101,16.953386,16.429145,16.589268,132517200,Yahoo Finance
2008-04-29,16.264634,17.740843,15.573688,17.740843,197308400,Yahoo Finance
2008-04-30,17.854907,18.602882,17.782522,18.304569,147543600,Yahoo Finance
2008-05-01,18.510758,19.223638,18.403278,18.732300,116395600,Yahoo Finance
2008-05-02,19.146863,19.192926,17.767165,18.151024,136648800,Yahoo Finance
2008-05-05,18.172957,18.754228,17.727681,18.657715,70377200,Yahoo Finance
2008-05-06,18.747653,19.335505,18.589722,19.199509,75913200,Yahoo Finance
2008-05-07,19.484668,19.706208,19.228032,19.412283,100464800,Yahoo Finance
2008-05-08,19.631630,19.686466,18.850752,19.149065,92836400,Yahoo Finance
2008-05-09,18.822229,19.010868,18.100575,18.175154,94312000,Yahoo Finance
2008-05-12,18.348433,18.530492,17.131053,17.964575,147471600,Yahoo Finance
2008-05-13,17.949232,18.315542,17.721110,18.069872,53249600,Yahoo Finance
2008-05-14,18.271674,18.501988,17.865879,18.036972,51400400,Yahoo Finance
2008-05-15,18.102767,18.190506,17.791293,18.041349,36688800,Yahoo Finance
2008-05-16,18.142254,18.172963,17.824200,18.067677,34066800,Yahoo Finance
2008-05-19,18.045737,18.587526,18.019416,18.276052,45473200,Yahoo Finance
2008-05-20,18.179541,18.390115,17.966775,18.148832,40702000,Yahoo Finance
2008-05-21,18.135679,18.300190,17.661887,17.734272,41831600,Yahoo Finance
2008-05-22,17.672855,17.679435,16.705532,16.957781,85283600,Yahoo Finance
2008-05-23,16.635327,16.957768,16.477398,16.747194,42196400,Yahoo Finance
2008-05-27,16.872224,17.315307,16.310694,17.271437,62776400,Yahoo Finance
2008-05-28,17.611433,17.975550,17.449116,17.968969,52996000,Yahoo Finance
2008-05-29,18.300183,19.072287,18.208058,18.699396,100613200,Yahoo Finance
2008-05-30,18.868292,19.206088,18.822229,18.942871,72016000,Yahoo Finance
2008-06-02,18.909970,19.072286,18.556820,18.879261,36856000,Yahoo Finance
2008-06-03,19.085451,19.291636,18.870489,19.206091,48411600,Yahoo Finance
2008-06-04,19.100800,19.324534,18.705973,18.749844,40684400,Yahoo Finance
2008-06-05,18.964800,19.135891,18.773967,19.135891,27059600,Yahoo Finance
2008-06-06,18.841967,18.861707,18.326500,18.348434,41748000,Yahoo Finance
2008-06-09,18.425210,18.633590,17.670654,18.017223,45240000,Yahoo Finance
2008-06-10,17.613626,18.177349,17.462275,17.615818,36048400,Yahoo Finance
2008-06-11,17.767168,17.767168,17.021385,17.052094,56996400,Yahoo Finance
2008-06-12,17.317503,17.716716,17.229765,17.451305,44605600,Yahoo Finance
2008-06-13,17.604846,17.944834,17.580718,17.883417,30689200,Yahoo Finance
2008-06-16,17.872460,18.315542,17.789107,18.265091,34384000,Yahoo Finance
2008-06-17,18.447144,18.640171,18.355018,18.572172,33277600,Yahoo Finance
2008-06-18,18.363800,18.578760,18.302383,18.394508,33724000,Yahoo Finance
2008-06-19,18.311153,18.512952,17.903166,18.484436,36925200,Yahoo Finance
2008-06-20,18.199277,18.534878,18.151020,18.330885,42546800,Yahoo Finance
2008-06-23,18.392315,18.501989,17.771560,17.780334,30141200,Yahoo Finance
2008-06-24,17.560985,18.192708,17.220997,18.131290,49891200,Yahoo Finance
2008-06-25,18.284830,18.517339,17.955809,17.999678,50711600,Yahoo Finance
2008-06-26,17.679438,17.710147,17.113520,17.350416,76562800,Yahoo Finance
2008-06-27,17.284605,18.177351,17.229768,18.118126,176022800,Yahoo Finance
2008-06-30,17.988709,18.170767,17.613625,17.835165,49301200,Yahoo Finance
2008-07-01,17.468864,17.857111,17.372351,17.857111,44921600,Yahoo Finance
2008-07-02,17.964578,18.074252,17.394275,17.420595,33804000,Yahoo Finance
2008-07-03,17.407444,17.506150,16.944620,17.124485,28738800,Yahoo Finance
2008-07-07,17.218801,17.534662,16.231736,16.587080,79944400,Yahoo Finance
2008-07-08,16.426960,17.438154,15.847882,17.341640,95796400,Yahoo Finance
2008-07-09,17.328478,17.350413,16.538826,16.641920,55322000,Yahoo Finance
2008-07-10,16.617783,17.025770,16.207602,16.944611,52812000,Yahoo Finance
2008-07-11,16.582687,16.988480,16.231731,16.352373,54645200,Yahoo Finance
2008-07-14,16.690170,16.709912,15.902712,15.920260,42679600,Yahoo Finance
2008-07-15,15.630721,15.641687,14.759910,15.007772,84268800,Yahoo Finance
2008-07-16,14.988029,15.915868,14.588816,15.843485,92448800,Yahoo Finance
2008-07-17,16.165924,16.464237,15.650457,16.464237,67268800,Yahoo Finance
2008-07-18,16.284376,16.339213,15.819360,16.100124,46632000,Yahoo Finance
2008-07-21,16.211992,16.437920,15.698718,15.771103,52937200,Yahoo Finance
2008-07-22,15.266604,16.282185,14.893713,16.242702,65408000,Yahoo Finance
2008-07-23,16.122058,16.451079,15.924644,16.067221,49942800,Yahoo Finance
2008-07-24,15.994847,16.172520,15.345577,15.371900,36625600,Yahoo Finance
2008-07-25,15.472789,15.869808,15.150348,15.784263,38690800,Yahoo Finance
2008-07-28,15.882972,16.143995,15.409180,15.474985,35699200,Yahoo Finance
2008-07-29,15.580267,16.663845,15.575881,16.663845,49040400,Yahoo Finance
2008-07-30,16.944614,17.306538,16.290957,17.207830,76089200,Yahoo Finance
2008-07-31,16.718689,17.142030,15.681173,16.025549,148888800,Yahoo Finance
2008-08-01,16.078184,16.253661,15.431108,15.733809,61715600,Yahoo Finance
2008-08-04,15.740395,16.143994,15.683364,15.902712,42686000,Yahoo Finance
2008-08-05,16.056252,16.282182,15.863227,16.143991,34354800,Yahoo Finance
2008-08-06,15.968517,15.970709,15.589045,15.678978,40924000,Yahoo Finance
2008-08-07,15.525433,15.628527,15.209572,15.244668,43847200,Yahoo Finance
2008-08-08,15.303897,15.979489,15.159129,15.924652,36354400,Yahoo Finance
2008-08-11,15.889557,16.780108,15.782075,16.405024,55289200,Yahoo Finance
2008-08-12,16.275605,16.407215,15.924649,15.968519,33734400,Yahoo Finance
2008-08-13,15.980603,16.292526,15.921294,16.239807,29924800,Yahoo Finance
2008-08-14,16.226619,16.648374,16.167309,16.646177,25839200,Yahoo Finance
2008-08-15,16.692314,16.810934,16.437504,16.648382,26003200,Yahoo Finance
2008-08-18,16.611046,16.749434,16.285941,16.461674,25850400,Yahoo Finance
2008-08-19,16.354026,16.527562,16.169509,16.198065,21104800,Yahoo Finance
2008-08-20,16.277148,16.411143,16.180496,16.380390,18118800,Yahoo Finance
2008-08-21,16.246397,16.395769,16.077256,16.338655,15544800,Yahoo Finance
2008-08-22,16.553917,16.648373,16.220026,16.274942,20955600,Yahoo Finance
2008-08-25,16.149742,16.450684,16.064073,16.105810,18039600,Yahoo Finance
2008-08-26,16.182694,16.321084,16.006964,16.110205,18667200,Yahoo Finance
2008-08-27,16.042107,16.365015,16.002568,16.354031,19141600,Yahoo Finance
2008-08-28,16.419931,16.652775,16.292526,16.617630,26741200,Yahoo Finance
2008-08-29,16.466054,16.694505,16.408940,16.672539,19326400,Yahoo Finance
2008-09-02,16.876838,17.024013,16.340856,16.472654,29898400,Yahoo Finance
2008-09-03,16.378188,16.549526,15.831223,16.046495,35400800,Yahoo Finance
2008-09-04,15.930074,15.954237,15.321604,15.486352,37670000,Yahoo Finance
2008-09-05,15.369933,15.811460,15.211774,15.763133,40616800,Yahoo Finance
2008-09-08,16.147550,16.318888,15.086569,15.398493,56669600,Yahoo Finance
2008-09-09,15.453405,15.453405,14.757068,14.825164,49882000,Yahoo Finance
2008-09-10,14.776835,15.354553,14.636249,15.165642,43936800,Yahoo Finance
2008-09-11,14.807588,15.675263,14.728509,15.585199,47132000,Yahoo Finance
2008-09-12,15.361146,15.741167,15.211774,15.738970,28240400,Yahoo Finance
2008-09-15,15.082171,15.591793,14.994305,15.240328,38734400,Yahoo Finance
2008-09-16,14.634056,15.148070,14.278198,14.574745,83596400,Yahoo Finance
2008-09-17,14.456128,14.926210,14.060732,14.078304,67536800,Yahoo Finance
2008-09-18,14.102472,14.770252,12.824024,14.695567,84189200,Yahoo Finance
2008-09-19,15.598387,15.631337,14.726318,15.282069,68941600,Yahoo Finance
2008-09-22,15.139282,15.154658,14.256231,14.317737,46266400,Yahoo Finance
2008-09-23,14.464919,14.820776,14.082702,14.695567,43803600,Yahoo Finance
2008-09-24,14.728511,14.875686,14.388031,14.427570,24532400,Yahoo Finance
2008-09-25,14.442949,14.601108,14.177155,14.190334,23895200,Yahoo Finance
2008-09-26,13.779566,13.926742,13.355613,13.627997,51171200,Yahoo Finance
2008-09-29,13.245772,13.285311,12.277051,12.696610,78439200,Yahoo Finance
2008-09-30,12.384689,13.493995,12.384689,13.485209,38720400,Yahoo Finance
2008-10-01,13.344626,13.641172,13.006342,13.467638,27054000,Yahoo Finance
2008-10-02,13.507176,13.507176,12.588978,12.650484,35216000,Yahoo Finance
2008-10-03,12.975584,13.217215,12.369310,12.485732,58355600,Yahoo Finance
2008-10-06,11.734482,12.305611,11.038146,12.165026,87360800,Yahoo Finance
2008-10-07,12.301220,12.397872,11.119424,11.235847,75845600,Yahoo Finance
2008-10-08,10.765765,11.956348,10.488988,11.560952,75210400,Yahoo Finance
2008-10-09,11.815756,12.288034,10.853625,10.950277,42537600,Yahoo Finance
2008-10-10,10.324235,11.850904,10.324235,11.422558,72541600,Yahoo Finance
2008-10-13,12.079356,12.960211,11.771825,12.931654,49433200,Yahoo Finance
2008-10-14,13.619203,13.643366,12.136467,12.654876,53142400,Yahoo Finance
2008-10-15,12.195782,12.301221,10.660326,10.928317,76699200,Yahoo Finance
2008-10-16,11.016180,11.714714,10.552688,11.657600,56062800,Yahoo Finance
2008-10-17,11.312726,12.096928,11.312726,11.470884,35098400,Yahoo Finance
2008-10-20,11.710317,11.822345,11.229251,11.424752,35965600,Yahoo Finance
2008-10-21,11.279774,11.657597,11.046930,11.136992,28995600,Yahoo Finance
2008-10-22,10.976640,11.422558,10.543900,10.655929,40243600,Yahoo Finance
2008-10-23,10.710846,10.884381,10.047460,10.614194,47970000,Yahoo Finance
2008-10-24,9.621305,10.653729,9.608126,10.539503,40798800,Yahoo Finance
2008-10-27,10.326432,10.807498,10.201223,10.234173,41901600,Yahoo Finance
2008-10-28,10.521933,11.330299,10.335218,10.976639,58436000,Yahoo Finance
2008-10-29,11.071094,11.754250,10.875592,11.134796,55994400,Yahoo Finance
2008-10-30,11.112831,12.336363,11.110635,11.916803,74913200,Yahoo Finance
2008-10-31,11.837726,12.318792,11.642224,12.158436,40372800,Yahoo Finance
2008-11-03,12.283640,12.323180,11.402786,11.530191,28425200,Yahoo Finance
2008-11-04,11.945361,13.278725,11.835529,13.138140,73603600,Yahoo Finance
2008-11-05,12.804249,13.004144,12.395673,12.404460,44992000,Yahoo Finance
2008-11-06,12.090337,12.301215,11.145780,11.319314,52092800,Yahoo Finance
2008-11-07,11.521408,12.037620,11.270991,11.752056,30906400,Yahoo Finance
2008-11-10,12.147452,12.147452,11.246827,11.420362,26516800,Yahoo Finance
2008-11-11,11.200698,12.079356,11.062309,11.815759,32392800,Yahoo Finance
2008-11-12,11.543942,12.248243,11.264422,11.389875,42746000,Yahoo Finance
2008-11-13,11.418488,12.012743,10.980500,11.981929,38733600,Yahoo Finance
2008-11-14,11.689205,12.545372,11.543943,11.937912,37410400,Yahoo Finance
2008-11-17,11.689199,11.935704,11.370062,11.612165,29303200,Yahoo Finance
2008-11-18,11.618773,12.122789,11.579156,12.025947,31482800,Yahoo Finance
2008-11-19,11.885087,12.290060,11.277627,11.352459,34948000,Yahoo Finance
2008-11-20,11.050932,11.290835,10.564524,10.595337,50990000,Yahoo Finance
2008-11-21,10.916671,10.916671,9.582901,10.207969,84771200,Yahoo Finance
2008-11-24,10.478682,11.004707,10.075909,10.943081,44853600,Yahoo Finance
2008-11-25,11.083948,11.218205,10.784619,10.901269,44959600,Yahoo Finance
2008-11-26,10.742799,11.444900,10.608542,11.444900,27670000,Yahoo Finance
2008-11-28,11.381074,11.607771,11.262223,11.568154,10610000,Yahoo Finance
2008-12-01,11.224805,11.255618,10.491891,10.575527,30951600,Yahoo Finance
2008-12-02,10.716390,10.951890,10.461080,10.934283,26573200,Yahoo Finance
2008-12-03,10.590938,11.609975,10.588737,11.541745,36399600,Yahoo Finance
2008-12-04,11.429492,11.609970,11.053132,11.182987,30484400,Yahoo Finance
2008-12-05,10.949688,11.768439,10.674571,11.704612,40991600,Yahoo Finance
2008-12-08,11.973124,12.692831,11.878483,12.360489,53093600,Yahoo Finance
2008-12-09,12.215229,12.422117,11.687002,11.781643,32127200,Yahoo Finance
2008-12-10,11.698005,11.852070,11.213798,11.700206,30186800,Yahoo Finance
2008-12-11,11.532938,12.014944,11.383274,11.464708,29928400,Yahoo Finance
2008-12-12,11.116961,11.865282,11.114761,11.653992,25100000,Yahoo Finance
2008-12-15,11.623177,11.834467,11.394279,11.609971,21858800,Yahoo Finance
2008-12-16,11.731021,12.056760,11.607769,12.054560,30714400,Yahoo Finance
2008-12-17,11.948915,12.325276,11.898294,12.184416,24687600,Yahoo Finance
2008-12-18,12.186620,12.367097,11.900497,12.039157,30374800,Yahoo Finance
2008-12-19,11.997336,12.375899,11.836668,12.098580,35585200,Yahoo Finance
2008-12-22,12.074367,12.158003,11.660589,11.830062,14083600,Yahoo Finance
2008-12-23,11.779441,11.973125,11.691403,11.808054,10670400,Yahoo Finance
2008-12-24,11.761833,11.830063,11.587959,11.640781,6529600,Yahoo Finance
2008-12-26,11.616573,11.766237,11.429493,11.720017,6476400,Yahoo Finance
2008-12-29,11.676002,11.794853,11.429497,11.482319,13801600,Yahoo Finance
2008-12-30,11.488917,11.488917,11.064135,11.222603,17095200,Yahoo Finance
2008-12-31,11.138971,11.614374,11.136769,11.543944,16371600,Yahoo Finance
2009-01-02,11.647388,11.821263,11.497725,11.761837,13199200,Yahoo Finance
2009-01-05,11.664992,12.171209,11.664992,11.845469,16600000,Yahoo Finance
2009-01-06,11.995135,12.761063,11.995135,12.679628,32506400,Yahoo Finance
2009-01-07,12.477143,12.754462,12.323078,12.404512,28441600,Yahoo Finance
2009-01-08,12.327474,12.391301,11.724416,12.272450,34683600,Yahoo Finance
2009-01-09,12.329681,12.393509,12.056764,12.241643,16702400,Yahoo Finance
2009-01-12,12.169010,12.358291,11.568153,11.656190,31520400,Yahoo Finance
2009-01-13,11.609969,11.739825,11.337052,11.695806,23133200,Yahoo Finance
2009-01-14,11.447099,11.579156,11.053131,11.218202,25246800,Yahoo Finance
2009-01-15,11.088347,11.191791,10.454475,10.868253,47446400,Yahoo Finance
2009-01-16,10.791218,10.883658,9.950458,10.434666,69204800,Yahoo Finance
2009-01-20,10.135342,10.214576,9.257166,9.336399,59766000,Yahoo Finance
2009-01-21,9.508072,9.937256,9.398025,9.723764,50503200,Yahoo Finance
2009-01-22,9.635726,10.053906,9.514675,9.723764,31927600,Yahoo Finance
2009-01-23,9.395825,9.783191,9.195539,9.754579,22617200,Yahoo Finance
2009-01-26,9.750178,9.957067,9.358410,9.373816,24009200,Yahoo Finance
2009-01-27,9.571897,9.725962,9.384817,9.717159,26436000,Yahoo Finance
2009-01-28,10.104530,10.450078,9.959268,10.392854,32089600,Yahoo Finance
2009-01-29,10.111126,10.588731,9.959262,10.183758,26097600,Yahoo Finance
2009-01-30,10.355435,10.861651,10.313617,10.861651,30315200,Yahoo Finance
2009-02-02,10.621744,11.002508,10.463277,10.998106,28544000,Yahoo Finance
2009-02-03,11.050929,11.213799,10.606338,10.650357,28953600,Yahoo Finance
2009-02-04,10.753807,11.057537,10.687779,10.813232,33166400,Yahoo Finance
2009-02-05,11.497720,12.127188,11.334850,11.827861,96728400,Yahoo Finance
2009-02-06,11.874086,12.325279,11.814660,12.195423,45907600,Yahoo Finance
2009-02-09,12.219633,12.402311,12.017146,12.175614,31874400,Yahoo Finance
2009-02-10,12.133794,12.325276,11.799251,11.852073,38071600,Yahoo Finance
2009-02-11,11.930358,12.179551,11.798044,12.120009,23668000,Yahoo Finance
2009-02-12,11.970054,12.481670,11.709835,12.437566,34827600,Yahoo Finance
2009-02-13,12.554443,12.779378,12.186167,12.338329,40788000,Yahoo Finance
2009-02-17,12.060469,12.172937,11.835535,11.963439,35581600,Yahoo Finance
2009-02-18,12.034007,12.545623,11.963439,12.382436,36329200,Yahoo Finance
2009-02-19,12.558858,12.768356,12.236893,12.267766,35102400,Yahoo Finance
2009-02-20,12.051649,12.369203,12.018570,12.274378,42908000,Yahoo Finance
2009-02-23,12.358178,12.534597,11.906103,11.963439,31967200,Yahoo Finance
2009-02-24,11.983286,12.565470,11.822304,12.426539,43590800,Yahoo Finance
2009-02-25,12.373614,12.470644,12.159705,12.221452,34394800,Yahoo Finance
2009-02-26,12.404483,12.494898,12.082518,12.362584,35902400,Yahoo Finance
2009-02-27,12.128833,12.768353,12.128833,12.505929,47237200,Yahoo Finance
2009-03-02,12.333924,12.563269,11.879644,11.943596,39060000,Yahoo Finance
2009-03-03,12.069292,12.267764,11.734095,11.987699,42195600,Yahoo Finance
2009-03-04,12.128836,12.320692,11.886259,12.192788,35775200,Yahoo Finance
2009-03-05,12.029595,12.236888,11.617215,11.780402,44144800,Yahoo Finance
2009-03-06,11.855385,11.941390,10.852000,11.068113,60701600,Yahoo Finance
2009-03-09,10.953435,11.264375,10.748348,10.982103,33554400,Yahoo Finance
2009-03-10,11.244533,11.659118,11.156323,11.659118,38644400,Yahoo Finance
2009-03-11,11.833325,11.833325,11.140879,11.328324,36124400,Yahoo Finance
2009-03-12,11.312889,11.928151,11.085749,11.928151,43276000,Yahoo Finance
2009-03-13,11.965644,12.206016,11.401103,11.478286,49564400,Yahoo Finance
2009-03-16,11.683376,11.848769,11.436389,11.504751,33474400,Yahoo Finance
2009-03-17,11.467263,12.212635,11.319512,12.192788,25730400,Yahoo Finance
2009-03-18,12.007545,12.459619,11.789225,12.417720,45296400,Yahoo Finance
2009-03-19,12.433154,12.503722,11.562083,11.619419,41743600,Yahoo Finance
2009-03-20,11.731892,11.987701,11.577525,11.584141,33476000,Yahoo Finance
2009-03-23,11.879638,12.256735,11.665730,12.247913,44656800,Yahoo Finance
2009-03-24,11.970052,12.082519,11.747323,11.820095,43555600,Yahoo Finance
2009-03-25,11.897282,12.073702,11.308482,11.632653,58624800,Yahoo Finance
2009-03-26,11.771581,12.303044,11.581930,12.239092,59466400,Yahoo Finance
2009-03-27,11.970054,12.417719,11.954618,11.963439,32687200,Yahoo Finance
2009-03-30,11.753940,12.095753,11.689988,11.798045,38596400,Yahoo Finance
2009-03-31,11.996517,12.400076,11.873023,12.261146,47446400,Yahoo Finance
2009-04-01,12.073703,12.349359,11.826716,11.972262,44144400,Yahoo Finance
2009-04-02,12.230273,12.594139,12.155295,12.258942,47396800,Yahoo Finance
2009-04-03,12.188372,13.266736,12.188372,13.249094,57694800,Yahoo Finance
2009-04-06,12.944771,13.240274,12.735273,13.039597,44927600,Yahoo Finance
2009-04-07,12.874203,12.958002,12.585316,12.602959,27122400,Yahoo Finance
2009-04-08,12.746300,12.761737,12.439771,12.750710,23815600,Yahoo Finance
2009-04-09,12.977851,13.127807,12.708812,12.964620,45785600,Yahoo Finance
2009-04-13,12.825689,13.540188,12.790405,13.476235,38124400,Yahoo Finance
2009-04-14,13.255710,13.434334,12.819072,12.863177,35712000,Yahoo Finance
2009-04-15,12.797019,13.072675,12.625011,13.035186,29687600,Yahoo Finance
2009-04-16,12.812456,13.092522,12.680142,12.805840,36114000,Yahoo Finance
2009-04-17,12.830104,13.039603,12.627222,12.790410,37814400,Yahoo Finance
2009-04-20,12.569883,12.719840,12.120014,12.128835,42577200,Yahoo Finance
2009-04-21,12.093549,12.944772,11.963439,12.929336,37746000,Yahoo Finance
2009-04-22,12.746300,13.218222,12.616191,12.682348,34680000,Yahoo Finance
2009-04-23,12.845533,13.004311,12.591930,12.841123,35890800,Yahoo Finance
2009-04-24,13.079292,13.396847,12.799227,13.315253,39686000,Yahoo Finance
2009-04-27,12.962415,13.169709,12.929337,12.982263,29496800,Yahoo Finance
2009-04-28,12.823481,13.681320,12.812454,13.388022,42287600,Yahoo Finance
2009-04-29,13.648246,14.056216,13.564447,14.005495,59240400,Yahoo Finance
2009-04-30,14.144427,14.995650,14.095911,14.325256,101753600,Yahoo Finance
2009-05-01,14.146630,14.620757,13.813638,14.336281,60616800,Yahoo Finance
2009-05-04,14.572244,15.119143,14.272330,15.039754,78935200,Yahoo Finance
2009-05-05,14.955955,15.105912,14.768510,14.861130,56786000,Yahoo Finance
2009-05-06,15.011088,15.044167,14.499472,14.596503,41830400,Yahoo Finance
2009-05-07,14.693530,14.775124,14.411259,14.450953,34731200,Yahoo Finance
2009-05-08,14.547983,15.099293,14.444336,15.090472,37834800,Yahoo Finance
2009-05-11,14.731014,14.984616,14.539158,14.539158,25980000,Yahoo Finance
2009-05-12,14.739840,14.830256,14.270124,14.382592,36373600,Yahoo Finance
2009-05-13,14.206988,14.461000,14.028075,14.240120,47555600,Yahoo Finance
2009-05-14,14.131887,14.379272,14.028073,14.251162,32861600,Yahoo Finance
2009-05-15,14.235704,14.467629,14.140726,14.372650,24682000,Yahoo Finance
2009-05-18,14.427869,14.699552,14.193737,14.668629,59304400,Yahoo Finance
2009-05-19,14.584695,14.646541,14.200365,14.313014,45784400,Yahoo Finance
2009-05-20,14.414623,14.790118,14.271051,14.348358,33858000,Yahoo Finance
2009-05-21,14.248953,14.648745,14.240118,14.639910,55723600,Yahoo Finance
2009-05-22,14.779077,14.909396,14.407999,14.522856,21735200,Yahoo Finance
2009-05-26,14.531684,14.774651,14.419035,14.748145,20556800,Yahoo Finance
2009-05-27,14.650957,15.050749,14.412406,14.560395,27156800,Yahoo Finance
2009-05-28,14.642121,14.796736,14.522845,14.688505,20184000,Yahoo Finance
2009-05-29,14.717222,14.997740,14.533893,14.955772,32198400,Yahoo Finance
2009-06-01,15.130268,15.229664,14.538310,14.723850,43628000,Yahoo Finance
2009-06-02,14.666421,14.798949,14.467629,14.756981,31043600,Yahoo Finance
2009-06-03,14.730471,15.187692,14.549350,15.070626,35362800,Yahoo Finance
2009-06-04,15.119227,15.735482,15.090513,15.355568,56221200,Yahoo Finance
2009-06-05,15.463799,15.647128,15.196535,15.302556,74260800,Yahoo Finance
2009-06-08,15.165611,15.594117,15.141314,15.417414,20636000,Yahoo Finance
2009-06-09,15.477049,15.543313,15.123641,15.158981,21773200,Yahoo Finance
2009-06-10,15.247332,15.443915,15.010991,15.300343,33797200,Yahoo Finance
2009-06-11,15.318016,15.373236,14.723850,14.737103,43948800,Yahoo Finance
2009-06-12,14.774654,14.843126,14.204783,14.215828,80963200,Yahoo Finance
2009-06-15,14.131895,14.551566,13.930894,14.231291,25564400,Yahoo Finance
2009-06-16,14.379277,14.379277,13.721055,13.796154,29788400,Yahoo Finance
2009-06-17,13.796150,13.937513,13.429489,13.550973,32063600,Yahoo Finance
2009-06-18,13.575275,13.718847,13.391945,13.564231,32168400,Yahoo Finance
2009-06-19,13.628287,13.716638,13.442748,13.555396,25469200,Yahoo Finance
2009-06-22,13.416238,13.906591,13.407403,13.526678,30168000,Yahoo Finance
2009-06-23,13.546558,13.886712,13.544349,13.842536,19989600,Yahoo Finance
2009-06-24,13.915427,13.948559,13.451580,13.493546,22798800,Yahoo Finance
2009-06-25,13.449371,13.756394,13.312426,13.683504,20882800,Yahoo Finance
2009-06-26,13.654793,14.096553,13.597365,14.096553,19751600,Yahoo Finance
2009-06-29,14.112013,14.112013,13.804990,13.911013,22680800,Yahoo Finance
2009-06-30,13.860210,14.120849,13.698968,13.751979,49253600,Yahoo Finance
2009-07-01,13.756392,13.820447,13.425072,13.429490,26167600,Yahoo Finance
2009-07-02,13.429491,13.628283,13.270458,13.270458,21514800,Yahoo Finance
2009-07-06,13.268250,13.495756,13.230701,13.400778,23382400,Yahoo Finance
2009-07-07,13.546556,13.546556,13.120258,13.188730,30361600,Yahoo Finance
2009-07-08,13.190943,13.323470,12.811029,13.140141,64080400,Yahoo Finance
2009-07-09,13.283712,13.396361,13.197569,13.349976,26616400,Yahoo Finance
2009-07-10,13.224073,13.325678,13.122469,13.221865,16654800,Yahoo Finance
2009-07-13,13.277086,13.345558,13.053996,13.330096,30640000,Yahoo Finance
2009-07-14,13.363229,13.365437,13.173272,13.316844,13291200,Yahoo Finance
2009-07-15,13.473668,13.860208,13.400778,13.838120,36492400,Yahoo Finance
2009-07-16,13.793946,14.295344,13.738726,14.226871,50086000,Yahoo Finance
2009-07-17,14.191533,14.357193,14.136313,14.158401,18075600,Yahoo Finance
2009-07-20,14.215827,14.860796,14.202575,14.825456,32220400,Yahoo Finance
2009-07-21,14.825457,14.843126,14.531686,14.832083,17742800,Yahoo Finance
2009-07-22,14.715013,14.922639,14.648749,14.765815,25328400,Yahoo Finance
2009-07-23,14.843125,14.984488,14.715016,14.840918,19396000,Yahoo Finance
2009-07-24,14.637709,14.942524,14.633292,14.863008,13194800,Yahoo Finance
2009-07-27,14.854165,15.088297,14.823242,15.061792,14245200,Yahoo Finance
2009-07-28,14.955775,15.086095,14.606785,14.644336,22644800,Yahoo Finance
2009-07-29,14.710596,14.774652,14.516223,14.750355,22032400,Yahoo Finance
2009-07-30,14.951352,15.390903,14.761396,14.845329,57776000,Yahoo Finance
2009-07-31,14.785694,14.836495,14.434494,14.458791,33046800,Yahoo Finance
2009-08-03,14.620037,15.265006,14.555982,15.265006,30334400,Yahoo Finance
2009-08-04,15.092716,15.265002,14.997738,15.262793,18686400,Yahoo Finance
2009-08-05,15.282678,15.282678,14.988908,15.103765,19874400,Yahoo Finance
2009-08-06,15.134686,15.393117,15.008785,15.163402,20892800,Yahoo Finance
2009-08-07,15.293717,15.384279,15.181069,15.278255,15380400,Yahoo Finance
2009-08-10,15.249540,15.348935,15.152352,15.214198,10038800,Yahoo Finance
2009-08-11,15.139102,15.295927,15.136893,15.154564,14537600,Yahoo Finance
2009-08-12,15.107002,15.275128,15.016302,15.142396,14430400,Yahoo Finance
2009-08-13,15.153454,15.237517,15.029572,15.193274,14968400,Yahoo Finance
2009-08-14,15.109211,15.193273,14.932236,14.998602,12207600,Yahoo Finance
2009-08-17,14.786234,14.817206,14.609261,14.695536,19771200,Yahoo Finance
2009-08-18,14.744202,14.896842,14.722081,14.823841,17076800,Yahoo Finance
2009-08-19,14.673413,14.874721,14.633594,14.865872,15451600,Yahoo Finance
2009-08-20,14.841536,15.040633,14.766323,15.000813,12149200,Yahoo Finance
2009-08-21,15.118061,15.275127,15.009664,15.264066,27450800,Yahoo Finance
2009-08-24,15.319370,15.374674,14.989755,15.031785,19978400,Yahoo Finance
2009-08-25,15.076034,15.264069,15.020729,15.259645,17574400,Yahoo Finance
2009-08-26,15.175580,15.580410,15.142396,15.529529,18964400,Yahoo Finance
2009-08-27,15.414506,15.540601,15.326019,15.421143,20604000,Yahoo Finance
2009-08-28,15.496346,15.595894,15.326007,15.595894,14021600,Yahoo Finance
2009-08-31,15.418916,15.777290,15.396794,15.728621,21521200,Yahoo Finance
2009-09-01,15.657837,15.927724,15.516257,15.525106,22288400,Yahoo Finance
2009-09-02,15.434407,15.675536,15.359193,15.507409,13335200,Yahoo Finance
2009-09-03,15.575983,15.717563,15.441040,15.686592,17066400,Yahoo Finance
2009-09-04,15.629085,15.695450,15.496355,15.564932,9894400,Yahoo Finance
2009-09-08,15.640144,15.761815,15.520688,15.695449,12220400,Yahoo Finance
2009-09-09,15.764021,15.772870,15.525105,15.591471,16388000,Yahoo Finance
2009-09-10,15.569354,16.036125,15.545020,15.996305,17001600,Yahoo Finance
2009-09-11,16.038327,16.038327,15.872414,15.991872,15394000,Yahoo Finance
2009-09-14,15.819321,16.148936,15.817109,16.120178,13099200,Yahoo Finance
2009-09-15,16.148947,16.248494,16.011791,16.193190,15351200,Yahoo Finance
2009-09-16,16.204240,16.502884,16.073722,16.390062,16601600,Yahoo Finance
2009-09-17,16.359099,16.560409,16.215309,16.330341,14236400,Yahoo Finance
2009-09-18,16.352463,16.429890,16.184339,16.323706,15210000,Yahoo Finance
2009-09-21,16.164423,16.436522,16.151150,16.235212,12940400,Yahoo Finance
2009-09-22,16.281671,16.531649,16.219730,16.460859,15248400,Yahoo Finance
2009-09-23,16.460855,16.589161,16.317063,16.352457,14976400,Yahoo Finance
2009-09-24,16.235213,16.350248,15.983025,16.266184,16050400,Yahoo Finance
2009-09-25,16.186552,16.204250,15.314953,15.631295,48175200,Yahoo Finance
2009-09-28,15.728624,15.894537,15.598106,15.737473,18369600,Yahoo Finance
2009-09-29,15.748535,15.958692,15.310522,15.390161,41892400,Yahoo Finance
2009-09-30,15.429984,15.485289,15.177795,15.288404,30467200,Yahoo Finance
2009-10-01,15.213189,15.520684,15.213189,15.290617,28217200,Yahoo Finance
2009-10-02,15.140183,15.286186,14.719867,14.996390,35416400,Yahoo Finance
2009-10-05,15.014094,15.264071,14.972062,15.078248,19902400,Yahoo Finance
2009-10-06,15.195492,15.197703,14.910121,15.100368,36431200,Yahoo Finance
2009-10-07,15.297254,15.781721,15.244162,15.675537,49056800,Yahoo Finance
2009-10-08,15.728626,15.934359,15.633502,15.867994,24105200,Yahoo Finance
2009-10-09,15.828167,16.213086,15.781710,16.135660,20736800,Yahoo Finance
2009-10-12,16.443171,16.578115,16.226376,16.303802,19282400,Yahoo Finance
2009-10-13,16.312642,16.586954,16.199822,16.518375,23606000,Yahoo Finance
2009-10-14,16.553771,16.646682,16.323703,16.547134,27132800,Yahoo Finance
2009-10-15,16.412186,16.777195,16.374577,16.609070,22272400,Yahoo Finance
2009-10-16,16.531651,16.609077,16.370161,16.434315,14942000,Yahoo Finance
2009-10-19,16.429882,16.591372,16.190968,16.580311,14582800,Yahoo Finance
2009-10-20,16.690930,16.790479,16.471924,16.602444,16502800,Yahoo Finance
2009-10-21,16.551558,17.031602,16.551558,16.633410,16275600,Yahoo Finance
2009-10-22,16.724108,16.786049,16.427676,16.744019,21757600,Yahoo Finance
2009-10-23,16.797112,16.832506,16.288309,16.396708,25499200,Yahoo Finance
2009-10-26,16.584744,16.774992,16.029485,16.100275,34836400,Yahoo Finance
2009-10-27,16.283884,16.469707,16.040544,16.348038,40189600,Yahoo Finance
2009-10-28,16.578103,17.259454,16.538284,16.938688,77930400,Yahoo Finance
2009-10-29,17.036028,17.299277,16.774991,17.095757,41498400,Yahoo Finance
2009-10-30,17.024962,17.144420,16.626770,16.759501,27308800,Yahoo Finance
2009-11-02,16.832506,17.292641,16.774990,17.097969,25322800,Yahoo Finance
2009-11-03,16.982939,17.182036,16.768359,17.177612,26090800,Yahoo Finance
2009-11-04,17.321401,17.586863,17.281582,17.323612,24364000,Yahoo Finance
2009-11-05,17.370062,17.642161,17.314758,17.606766,16350400,Yahoo Finance
2009-11-06,17.476246,17.675343,17.398820,17.624462,15763600,Yahoo Finance
2009-11-09,17.666502,18.060270,17.631106,17.954086,26318800,Yahoo Finance
2009-11-10,17.896561,18.027079,17.821345,17.940804,19660000,Yahoo Finance
2009-11-11,18.055843,18.133270,17.781531,17.878868,14662800,Yahoo Finance
2009-11-12,17.875546,17.966385,17.576439,17.707159,12969200,Yahoo Finance
2009-11-13,17.709375,17.766981,17.447933,17.724884,13697600,Yahoo Finance
2009-11-16,17.747041,17.811294,17.552068,17.625183,23030400,Yahoo Finance
2009-11-17,17.627404,17.875553,17.567583,17.846750,15734000,Yahoo Finance
2009-11-18,17.766979,17.917641,17.649552,17.811291,11470800,Yahoo Finance
2009-11-19,17.718233,18.068300,17.332718,17.764761,36533600,Yahoo Finance
2009-11-20,17.662847,17.822371,17.642906,17.724884,12538400,Yahoo Finance
2009-11-23,17.897697,17.902129,17.704940,17.822367,17463600,Yahoo Finance
2009-11-24,17.802433,17.866686,17.636262,17.862255,12153200,Yahoo Finance
2009-11-25,17.902127,18.145843,17.806855,18.121471,11494800,Yahoo Finance
2009-11-27,17.742612,17.910997,17.636262,17.798002,9295200,Yahoo Finance
2009-11-30,17.797994,18.030632,17.769190,17.946440,15704800,Yahoo Finance
2009-12-01,18.043929,18.478189,17.946442,18.382917,24410000,Yahoo Finance
2009-12-02,18.400649,18.478195,18.185735,18.216753,12852800,Yahoo Finance
2009-12-03,18.245547,18.307584,17.709370,17.731525,19122800,Yahoo Finance
2009-12-04,17.966380,18.077161,17.439066,17.784700,21865600,Yahoo Finance
2009-12-07,17.782483,17.866676,17.689426,17.709368,9660800,Yahoo Finance
2009-12-08,17.640695,17.815728,17.625186,17.722672,10418800,Yahoo Finance
2009-12-09,17.640693,18.152499,17.614105,18.112617,16743600,Yahoo Finance
2009-12-10,18.141418,18.336392,18.030637,18.238905,14546800,Yahoo Finance
2009-12-11,18.232258,18.256630,17.977463,18.021774,11518800,Yahoo Finance
2009-12-14,18.823822,19.034306,18.498127,18.781725,70498800,Yahoo Finance
2009-12-15,18.662087,19.098561,18.588972,19.085268,38040000,Yahoo Finance
2009-12-16,19.107422,19.382159,19.023229,19.282455,33778800,Yahoo Finance
2009-12-17,19.162812,19.364434,18.943467,19.282455,38240000,Yahoo Finance
2009-12-18,19.364437,19.871812,19.362221,19.712288,337533600,Yahoo Finance
2009-12-21,19.710072,19.734444,19.193834,19.388809,44560800,Yahoo Finance
2009-12-22,19.422039,19.490723,19.023229,19.120716,28816800,Yahoo Finance
2009-12-23,19.156162,19.275805,18.976698,19.087479,23111600,Yahoo Finance
2009-12-24,19.184961,19.231491,19.009930,19.118494,6912400,Yahoo Finance
2009-12-28,19.149522,19.275811,19.074190,19.222637,13439600,Yahoo Finance
2009-12-29,19.198261,19.559405,19.198261,19.501799,18743200,Yahoo Finance
2009-12-30,19.379940,19.559404,19.379940,19.528385,12350800,Yahoo Finance
2009-12-31,19.492940,19.537252,19.313475,19.377728,12643600,Yahoo Finance
2010-01-04,19.497367,19.667968,19.377724,19.528385,20180000,Yahoo Finance
2010-01-05,19.342274,19.393232,19.054244,19.304607,25833600,Yahoo Finance
2010-01-06,19.278031,19.293540,19.032098,19.045391,16254000,Yahoo Finance
2010-01-07,19.047604,19.275811,18.954549,19.222637,27841200,Yahoo Finance
2010-01-08,19.235922,19.362211,19.105201,19.275803,11907200,Yahoo Finance
2010-01-11,19.388804,19.484075,19.091911,19.220417,12912000,Yahoo Finance
2010-01-12,19.182753,19.286887,19.021013,19.129578,12842000,Yahoo Finance
2010-01-13,19.156168,19.320123,19.043171,19.306829,13428800,Yahoo Finance
2010-01-14,19.269167,19.393240,19.165033,19.373301,18379600,Yahoo Finance
2010-01-15,19.382161,19.395454,19.036524,19.085268,21295200,Yahoo Finance
2010-01-19,19.091917,19.588215,18.987783,19.464140,15239600,Yahoo Finance
2010-01-20,19.426468,19.439762,19.122929,19.368862,12771200,Yahoo Finance
2010-01-21,19.375518,19.475221,18.637721,18.710835,28140800,Yahoo Finance
2010-01-22,18.617771,18.697533,18.088240,18.329742,29776400,Yahoo Finance
2010-01-25,18.478187,18.569027,18.037282,18.174648,16147200,Yahoo Finance
2010-01-26,18.023989,18.287647,17.944227,17.979677,12437600,Yahoo Finance
2010-01-27,17.919859,18.639932,17.860038,18.591190,19335200,Yahoo Finance
2010-01-28,18.690898,18.717486,18.037294,18.312029,13070800,Yahoo Finance
2010-01-29,18.300938,18.828254,18.139199,18.174648,20281600,Yahoo Finance
2010-02-01,18.232262,18.777302,18.212320,18.535801,16098000,Yahoo Finance
2010-02-02,18.668736,18.715264,18.500349,18.613346,14441600,Yahoo Finance
2010-02-03,18.664306,18.719696,18.190165,18.504782,32197600,Yahoo Finance
2010-02-04,18.888086,19.094138,18.345262,18.400652,66486800,Yahoo Finance
2010-02-05,18.460465,18.580108,17.844525,18.292078,38687200,Yahoo Finance
2010-02-08,18.367417,18.695327,18.292086,18.400652,23966800,Yahoo Finance
2010-02-09,18.542444,18.639929,18.323097,18.449387,17968000,Yahoo Finance
2010-02-10,18.525935,18.619132,18.392799,18.559219,14572800,Yahoo Finance
2010-02-11,18.592512,18.907601,18.472689,18.892069,18044800,Yahoo Finance
2010-02-12,18.750053,18.847687,18.561444,18.812183,22114800,Yahoo Finance
2010-02-16,18.912033,19.069578,18.905375,19.056263,16065600,Yahoo Finance
2010-02-17,19.085120,19.202724,19.029647,19.176096,14976800,Yahoo Finance
2010-02-18,19.082897,19.404643,19.082897,19.295916,15289200,Yahoo Finance
2010-02-19,19.082893,19.300350,18.969726,19.262627,13672000,Yahoo Finance
2010-02-22,19.315876,19.473421,19.262620,19.284811,11572800,Yahoo Finance
2010-02-23,19.309225,19.435705,19.096207,19.109522,19129200,Yahoo Finance
2010-02-24,19.131720,19.218258,18.805535,19.000801,16210000,Yahoo Finance
2010-02-25,18.805529,18.958636,18.581415,18.912039,14140800,Yahoo Finance
2010-02-26,18.989701,19.020766,18.865439,18.923132,12476400,Yahoo Finance
2010-03-01,18.971950,19.291479,18.923133,19.264851,13495200,Yahoo Finance
2010-03-02,19.264852,19.300356,19.138373,19.182751,12901200,Yahoo Finance
2010-03-03,19.216027,19.351382,19.136145,19.260406,13658000,Yahoo Finance
2010-03-04,19.304789,19.404641,19.111741,19.313665,14576800,Yahoo Finance
2010-03-05,19.393546,19.650942,19.326977,19.639849,19503600,Yahoo Finance
2010-03-08,19.626523,20.176821,19.546641,20.110252,31258400,Yahoo Finance
2010-03-09,20.025948,20.341038,19.939410,20.003759,36690800,Yahoo Finance
2010-03-10,19.912779,20.372100,19.870621,20.307751,28438800,Yahoo Finance
2010-03-11,20.185709,20.698284,20.147987,20.578461,55125200,Yahoo Finance
2010-03-12,20.673876,20.775947,20.558491,20.691628,28641200,Yahoo Finance
2010-03-15,20.607316,20.669446,20.219001,20.505245,20734000,Yahoo Finance
2010-03-16,20.565148,20.616185,20.270029,20.336597,19068000,Yahoo Finance
2010-03-17,20.440884,20.505234,20.245616,20.305529,14785200,Yahoo Finance
2010-03-18,20.303315,20.374321,19.988225,19.999319,18766000,Yahoo Finance
2010-03-19,19.713074,20.136892,19.679791,19.713074,24224000,Yahoo Finance
2010-03-22,19.613223,19.914999,19.566625,19.801832,16674400,Yahoo Finance
2010-03-23,19.859526,20.037042,19.804052,19.966036,13516400,Yahoo Finance
2010-03-24,19.881708,19.957153,19.657594,19.693098,15611600,Yahoo Finance
2010-03-25,19.899471,20.365449,19.857311,20.061455,20353600,Yahoo Finance
2010-03-26,20.132458,20.247842,19.892811,20.025948,13536000,Yahoo Finance
2010-03-29,20.096947,20.227866,20.001533,20.023722,11134400,Yahoo Finance
2010-03-30,20.074773,20.378767,20.045926,20.192377,16330800,Yahoo Finance
2010-03-31,20.125797,20.458638,20.085856,20.199022,12504400,Yahoo Finance
2010-04-01,20.343256,20.542961,20.261155,20.536304,17464400,Yahoo Finance
2010-04-05,20.647248,20.680531,20.436448,20.518549,15363200,Yahoo Finance
2010-04-06,20.420912,20.709375,20.372095,20.503014,13813600,Yahoo Finance
2010-04-07,20.525202,20.525202,20.110260,20.128012,14750400,Yahoo Finance
2010-04-08,20.116925,20.432014,20.081421,20.301096,10770000,Yahoo Finance
2010-04-09,20.400950,20.549619,20.336601,20.529648,9567200,Yahoo Finance
2010-04-12,20.647253,20.744885,20.525211,20.678318,9323200,Yahoo Finance
2010-04-13,20.727129,20.811448,20.449761,20.589554,11436000,Yahoo Finance
2010-04-14,20.671665,20.955690,20.605096,20.915749,17329200,Yahoo Finance
2010-04-15,20.937931,21.137636,20.842517,20.957901,20639200,Yahoo Finance
2010-04-16,20.875797,21.059969,20.591773,20.824760,18766400,Yahoo Finance
2010-04-19,20.680533,20.897990,20.432013,20.662783,12586400,Yahoo Finance
2010-04-20,20.780392,20.878024,20.525213,20.869150,9090400,Yahoo Finance
2010-04-21,20.935706,20.942363,20.605085,20.664995,11365600,Yahoo Finance
2010-04-22,20.596217,21.124325,20.516335,21.111012,14658400,Yahoo Finance
2010-04-23,21.346212,21.483787,21.130976,21.432751,12498800,Yahoo Finance
2010-04-26,21.530383,21.565887,21.199761,21.301832,18274800,Yahoo Finance
2010-04-27,21.290749,21.352881,20.611754,20.625067,17868400,Yahoo Finance
2010-04-28,20.795916,20.871359,20.480827,20.771507,20395200,Yahoo Finance
2010-04-29,20.807015,20.991188,20.436452,20.596216,29408000,Yahoo Finance
2010-04-30,20.698287,20.718259,19.974912,20.021511,25059600,Yahoo Finance
2010-05-03,20.092509,20.252271,19.619874,19.808483,31020000,Yahoo Finance
2010-05-04,19.824023,20.181273,19.553314,19.608788,30622800,Yahoo Finance
2010-05-05,19.251538,19.515591,18.639109,19.178312,37174400,Yahoo Finance
2010-05-06,19.049612,19.207156,16.843985,18.399462,63938000,Yahoo Finance
2010-05-07,18.430526,18.676829,17.917951,18.259668,45519200,Yahoo Finance
2010-05-10,19.138362,19.349161,19.067356,19.080669,35106800,Yahoo Finance
2010-05-11,18.889842,18.916470,18.448273,18.674606,47244000,Yahoo Finance
2010-05-12,18.897947,19.455731,18.833502,19.040171,37131600,Yahoo Finance
2010-05-13,19.084615,19.551287,18.782390,19.051283,31835600,Yahoo Finance
2010-05-14,17.482376,17.753490,16.871259,17.169041,169829200,Yahoo Finance
2010-05-17,17.504603,17.609049,16.371260,16.602373,90552000,Yahoo Finance
2010-05-18,16.684591,16.891260,15.175689,15.575691,189331200,Yahoo Finance
2010-05-19,15.713477,16.489039,15.713477,16.215704,131631200,Yahoo Finance
2010-05-20,16.000142,16.760148,15.802362,16.182365,101612800,Yahoo Finance
2010-05-21,16.002367,16.889041,16.002367,16.489037,79601200,Yahoo Finance
2010-05-24,16.764598,16.933487,16.389038,16.566818,41148000,Yahoo Finance
2010-05-25,16.235703,16.411261,15.949034,16.215704,45448000,Yahoo Finance
2010-05-26,16.475700,16.709036,16.302365,16.311255,44406000,Yahoo Finance
2010-05-27,16.666815,16.709038,16.202367,16.375702,39094800,Yahoo Finance
2010-05-28,16.304588,16.333477,16.000141,16.102364,26581200,Yahoo Finance
2010-06-01,16.109033,16.355702,15.857920,15.886808,25082000,Yahoo Finance
2010-06-02,15.880138,15.971251,15.560135,15.833471,37608800,Yahoo Finance
2010-06-03,15.984586,16.269033,15.924587,16.186810,39125600,Yahoo Finance
2010-06-04,15.789027,16.311254,15.789027,16.029028,42138400,Yahoo Finance
2010-06-07,16.000143,16.395702,15.900143,15.975698,30615200,Yahoo Finance
2010-06-08,16.024590,16.331259,15.797921,16.300148,30502800,Yahoo Finance
2010-06-09,16.471252,16.773477,16.262361,16.400141,35586800,Yahoo Finance
2010-06-10,16.806818,17.220155,16.666817,17.211266,36380000,Yahoo Finance
2010-06-11,17.002371,17.086816,16.744590,16.906815,30177200,Yahoo Finance
2010-06-14,17.100151,17.109040,16.377922,16.395700,37456800,Yahoo Finance
2010-06-15,16.549037,17.102375,16.422370,17.095709,31226400,Yahoo Finance
2010-06-16,16.929043,17.166822,16.802375,17.149044,28142000,Yahoo Finance
2010-06-17,17.291269,17.584605,17.169047,17.386826,29133200,Yahoo Finance
2010-06-18,17.446821,17.611267,16.946817,17.120152,29732800,Yahoo Finance
2010-06-21,17.324593,18.620160,16.760143,17.977932,115862800,Yahoo Finance
2010-06-22,18.000166,18.000166,17.473494,17.502384,46870800,Yahoo Finance
2010-06-23,17.546822,17.546822,17.069039,17.280153,27933600,Yahoo Finance
2010-06-24,17.140159,17.324605,16.835712,16.995714,26277600,Yahoo Finance
2010-06-25,17.117929,17.202376,16.811261,17.035707,24130400,Yahoo Finance
2010-06-28,17.109042,17.175710,16.700150,16.715706,20523600,Yahoo Finance
2010-06-29,16.506807,16.549030,15.800134,15.877913,39851600,Yahoo Finance
2010-06-30,15.924586,16.022364,15.713472,15.722362,24716400,Yahoo Finance
2010-07-01,15.777915,16.224586,15.580135,16.191252,30360000,Yahoo Finance
2010-07-02,16.275706,16.397930,16.129039,16.262373,18801200,Yahoo Finance
2010-07-06,16.406819,16.515709,15.953482,16.060148,23726000,Yahoo Finance
2010-07-07,16.151252,16.649034,16.033474,16.626812,20873600,Yahoo Finance
2010-07-08,16.777929,16.844597,16.453482,16.684595,16231600,Yahoo Finance
2010-07-09,16.942376,17.244601,16.804598,17.195711,22479600,Yahoo Finance
2010-07-12,16.886821,17.193491,16.862376,17.002378,15832800,Yahoo Finance
2010-07-13,17.289036,17.289036,16.771254,17.020144,19931600,Yahoo Finance
2010-07-14,17.015711,17.111267,16.811265,16.951265,12814800,Yahoo Finance
2010-07-15,16.975705,17.031261,16.502368,16.729036,16489200,Yahoo Finance
2010-07-16,16.355695,16.389029,15.837912,15.877913,39060000,Yahoo Finance
2010-07-19,16.046815,16.055704,15.749036,15.826814,20019200,Yahoo Finance
2010-07-20,15.713472,16.369034,15.666805,16.355700,19106400,Yahoo Finance
2010-07-21,16.442362,16.446807,15.984581,16.080137,15907600,Yahoo Finance
2010-07-22,16.255705,16.566819,16.226814,16.546818,19493200,Yahoo Finance
2010-07-23,16.549042,16.882378,16.455708,16.797932,12660800,Yahoo Finance
2010-07-26,16.820147,17.000148,16.744590,16.906815,15792800,Yahoo Finance
2010-07-27,17.111268,17.171268,16.860156,17.024601,17352400,Yahoo Finance
2010-07-28,16.922366,17.075699,16.689030,16.706808,25205200,Yahoo Finance
2010-07-29,16.613479,16.640145,15.855694,15.995696,58866800,Yahoo Finance
2010-07-30,15.909033,16.362371,15.860145,16.300148,30784800,Yahoo Finance
2010-08-02,15.773478,16.086813,15.771255,16.051258,53846800,Yahoo Finance
2010-08-03,15.917920,16.337924,15.873476,16.222368,34164800,Yahoo Finance
2010-08-04,16.269030,16.311254,16.084584,16.100140,20499200,Yahoo Finance
2010-08-05,16.029031,16.089033,15.849030,15.889030,30787600,Yahoo Finance
2010-08-06,15.811256,16.044591,15.746811,16.031258,19362800,Yahoo Finance
2010-08-09,16.249033,16.637926,16.180143,16.609035,28612400,Yahoo Finance
2010-08-10,16.457923,16.829039,16.457923,16.726814,31068400,Yahoo Finance
2010-08-11,16.471945,16.549853,16.249352,16.362875,23113600,Yahoo Finance
2010-08-12,16.200376,16.514234,16.144728,16.244896,24677200,Yahoo Finance
2010-08-13,16.235997,16.276064,16.060148,16.075729,14566800,Yahoo Finance
2010-08-16,16.044574,16.302782,15.982248,16.211519,10700800,Yahoo Finance
2010-08-17,16.349516,16.420746,16.124697,16.329483,13334000,Yahoo Finance
2010-08-18,16.267153,16.333930,16.142499,16.222633,12232000,Yahoo Finance
2010-08-19,16.120245,16.189251,15.915459,15.944396,18442400,Yahoo Finance
2010-08-20,15.868716,15.935493,15.488080,15.603828,31538400,Yahoo Finance
2010-08-23,15.703997,15.870942,15.492531,15.608281,18389600,Yahoo Finance
2010-08-24,15.472498,15.797485,15.358975,15.728481,26747600,Yahoo Finance
2010-08-25,15.650576,16.057923,15.641672,15.773004,22398800,Yahoo Finance
2010-08-26,15.850907,15.893200,15.554857,15.561536,14099200,Yahoo Finance
2010-08-27,15.668380,15.833099,15.492530,15.828648,15654000,Yahoo Finance
2010-08-30,15.797487,15.893202,15.479177,15.479177,14000000,Yahoo Finance
2010-08-31,15.479176,15.603828,15.138607,15.354524,23217200,Yahoo Finance
2010-09-01,15.543724,15.746284,15.374552,15.699539,17290400,Yahoo Finance
2010-09-02,15.799713,16.082406,15.728483,16.022306,16776800,Yahoo Finance
2010-09-03,16.249360,16.280523,16.044574,16.138063,14072000,Yahoo Finance
2010-09-07,15.997823,16.244902,15.879847,15.915462,14419200,Yahoo Finance
2010-09-08,15.659483,15.730713,15.203166,15.258815,45012000,Yahoo Finance
2010-09-09,15.310010,15.352304,14.706781,14.864822,53064000,Yahoo Finance
2010-09-10,14.878166,15.243221,14.842552,15.156408,31392000,Yahoo Finance
2010-09-13,15.136381,15.136381,14.446340,14.575445,60549200,Yahoo Finance
2010-09-14,14.608837,15.125255,14.591031,14.940503,39616000,Yahoo Finance
2010-09-15,15.074053,15.470270,15.047341,15.343391,43076400,Yahoo Finance
2010-09-16,15.316683,15.405721,15.149737,15.220967,29800400,Yahoo Finance
2010-09-17,15.307782,15.358979,15.178679,15.245456,41961600,Yahoo Finance
2010-09-20,15.247676,15.652796,15.151960,15.650570,29386800,Yahoo Finance
2010-09-21,15.681737,15.828650,15.474725,15.568215,25300000,Yahoo Finance
2010-09-22,15.599378,15.775227,15.570440,15.719579,25826400,Yahoo Finance
2010-09-23,15.592703,15.906559,15.559313,15.799715,26984000,Yahoo Finance
2010-09-24,15.971109,16.109118,15.884297,16.109118,21028800,Yahoo Finance
2010-09-27,16.198156,16.358424,16.004500,16.249353,20098400,Yahoo Finance
2010-09-28,16.233765,16.382903,16.149180,16.309446,29212800,Yahoo Finance
2010-09-29,16.251580,16.583244,16.222641,16.563211,27882000,Yahoo Finance
2010-09-30,16.636667,16.687865,16.429655,16.529823,23144000,Yahoo Finance
2010-10-01,16.636666,16.643344,16.287194,16.320583,18121600,Yahoo Finance
2010-10-04,16.307227,16.552080,16.155863,16.302774,23152000,Yahoo Finance
2010-10-05,16.498666,16.692322,16.396273,16.692322,20658000,Yahoo Finance
2010-10-06,16.707899,16.805841,16.427432,16.523148,15120800,Yahoo Finance
2010-10-07,16.534275,16.647798,16.369556,16.385138,9975200,Yahoo Finance
2010-10-08,16.402949,16.483083,16.287199,16.471952,9381600,Yahoo Finance
2010-10-11,16.438563,16.647802,16.434112,16.536505,10399200,Yahoo Finance
2010-10-12,16.498657,16.589920,16.374003,16.527594,13899200,Yahoo Finance
2010-10-13,16.629990,17.139730,16.538727,17.126375,29848000,Yahoo Finance
2010-10-14,17.064052,17.302228,16.981692,17.177574,21303200,Yahoo Finance
2010-10-15,17.308903,17.340066,17.055146,17.273287,14348000,Yahoo Finance
2010-10-18,17.253253,17.444684,17.084081,17.442457,20168800,Yahoo Finance
2010-10-19,17.275503,17.709560,17.193143,17.262148,28970400,Yahoo Finance
2010-10-20,17.308902,17.791931,17.197605,17.700666,19824000,Yahoo Finance
2010-10-21,17.685079,18.003388,17.491424,17.629431,19506400,Yahoo Finance
2010-10-22,17.618301,17.778568,17.520359,17.649464,14815600,Yahoo Finance
2010-10-25,17.809730,17.965545,17.729596,17.947737,16515600,Yahoo Finance
2010-10-26,17.847579,17.880969,17.669504,17.814190,15630400,Yahoo Finance
2010-10-27,17.872066,17.941069,17.620535,17.789705,20665600,Yahoo Finance
2010-10-28,17.660596,17.696212,16.765769,17.017300,44460800,Yahoo Finance
2010-10-29,17.006170,17.458035,16.992813,17.397936,22865200,Yahoo Finance
2010-11-01,17.491423,17.535941,17.072946,17.210955,13677200,Yahoo Finance
2010-11-02,17.397934,17.511455,17.246570,17.455807,15381600,Yahoo Finance
2010-11-03,17.489204,17.633890,17.362325,17.584919,14124400,Yahoo Finance
2010-11-04,17.742957,17.829768,17.598270,17.805283,20202000,Yahoo Finance
2010-11-05,17.867601,17.912121,17.618297,17.762983,23766400,Yahoo Finance
2010-11-08,17.673944,17.769659,17.495868,17.520353,12224800,Yahoo Finance
2010-11-09,17.582693,17.696216,17.371230,17.433556,10806400,Yahoo Finance
2010-11-10,17.473614,17.653915,17.364544,17.649464,11910800,Yahoo Finance
2010-11-11,17.564881,17.693984,17.371224,17.633884,9205200,Yahoo Finance
2010-11-12,17.489203,17.542625,17.119698,17.126375,13316000,Yahoo Finance
2010-11-15,17.255477,17.331159,16.988365,16.997269,13310000,Yahoo Finance
2010-11-16,16.819200,16.983921,16.529829,16.692322,20359200,Yahoo Finance
2010-11-17,16.705700,17.029107,16.696778,16.890823,14880000,Yahoo Finance
2010-11-18,17.011262,17.196385,16.988958,17.160700,17200800,Yahoo Finance
2010-11-19,17.129474,17.298983,17.120552,17.185234,10312000,Yahoo Finance
2010-11-22,17.100485,17.169628,16.790459,16.830606,19955600,Yahoo Finance
2010-11-23,16.728004,16.761461,16.618715,16.649940,14625600,Yahoo Finance
2010-11-24,16.841749,16.951038,16.761454,16.910891,17354800,Yahoo Finance
2010-11-26,16.794905,16.904194,16.779293,16.835052,4349600,Yahoo Finance
2010-11-29,16.779296,16.779296,16.264073,16.547335,21576400,Yahoo Finance
2010-11-30,16.402366,16.567415,16.337684,16.471508,18542000,Yahoo Finance
2010-12-01,16.714622,16.835064,16.605331,16.777073,22343200,Yahoo Finance
2010-12-02,16.855133,17.189693,16.841751,17.174080,26758800,Yahoo Finance
2010-12-03,17.113858,17.294520,17.000107,17.252142,20678400,Yahoo Finance
2010-12-06,17.240990,17.475181,17.207534,17.466259,18351200,Yahoo Finance
2010-12-07,17.617929,17.791900,17.131701,17.147314,25374800,Yahoo Finance
2010-12-08,17.174078,17.430574,17.174078,17.383736,14308800,Yahoo Finance
2010-12-09,17.430574,17.662536,17.240990,17.646923,14858400,Yahoo Finance
2010-12-10,17.626850,17.896728,17.626850,17.887806,23734800,Yahoo Finance
2010-12-13,17.910110,18.233517,17.731677,18.041702,40988400,Yahoo Finance
2010-12-14,18.014947,18.108625,17.876663,17.985952,24787600,Yahoo Finance
2010-12-15,17.885580,17.927956,17.118322,17.160700,45802000,Yahoo Finance
2010-12-16,17.214231,17.731683,14.852236,14.986061,202230800,Yahoo Finance
2010-12-17,15.233635,15.296086,14.832163,14.921379,167890800,Yahoo Finance
2010-12-20,15.055193,15.215782,14.943673,15.164482,64190800,Yahoo Finance
2010-12-21,15.318392,15.356308,15.139959,15.177877,43468400,Yahoo Finance
2010-12-22,15.226946,15.338467,15.180108,15.289399,23286800,Yahoo Finance
2010-12-23,15.240330,15.374153,15.224717,15.329546,16600800,Yahoo Finance
2010-12-27,15.318388,15.873757,15.311697,15.793463,31037600,Yahoo Finance
2010-12-28,15.916136,16.014274,15.724321,15.775621,19129600,Yahoo Finance
2010-12-29,15.815765,15.875985,15.686401,15.746621,12998000,Yahoo Finance
2010-12-30,15.773391,15.780082,15.639567,15.677484,11019200,Yahoo Finance
2010-12-31,15.675253,15.717631,15.601649,15.697556,11102000,Yahoo Finance
2011-01-03,15.702014,15.817994,15.655176,15.728778,25710000,Yahoo Finance
2011-01-04,15.820225,15.824685,15.670788,15.746621,18138000,Yahoo Finance
2011-01-05,15.800157,16.132487,15.764471,16.078957,38512800,Yahoo Finance
2011-01-06,16.221701,16.404594,16.172632,16.319838,28358800,Yahoo Finance
2011-01-07,16.380055,16.404589,16.170397,16.272995,28248400,Yahoo Finance
2011-01-10,16.215014,16.335455,16.009817,16.016508,18202400,Yahoo Finance
2011-01-11,16.070036,16.174863,15.958516,16.032118,20593600,Yahoo Finance
2011-01-12,16.058880,16.199395,16.056649,16.194935,18545200,Yahoo Finance
2011-01-13,16.310909,16.344365,15.817991,15.867060,28109600,Yahoo Finance
2011-01-14,15.896065,15.958517,15.777854,15.862610,25165600,Yahoo Finance
2011-01-18,15.896056,15.913900,15.777845,15.882674,19341600,Yahoo Finance
2011-01-19,15.826921,15.844764,15.267090,15.416528,42852800,Yahoo Finance
2011-01-20,15.320621,15.956284,15.057433,15.766701,81365200,Yahoo Finance
2011-01-21,15.726552,15.835841,15.592728,15.646257,24783600,Yahoo Finance
2011-01-24,15.664105,16.020969,15.652952,16.012047,22922000,Yahoo Finance
2011-01-25,15.873763,16.143641,15.681948,15.965210,30279600,Yahoo Finance
2011-01-26,16.036574,16.090103,15.824685,15.835837,17839600,Yahoo Finance
2011-01-27,15.849219,15.884907,15.726548,15.746621,19417200,Yahoo Finance
2011-01-28,15.791231,15.820225,15.483434,15.492356,25048400,Yahoo Finance
2011-01-31,15.590501,15.693099,15.467829,15.579349,24602800,Yahoo Finance
2011-02-01,15.659638,15.998659,15.659638,15.768927,25448800,Yahoo Finance
2011-02-02,15.851456,16.078957,15.780084,16.078957,27162400,Yahoo Finance
2011-02-03,15.998658,16.165938,15.835838,15.976353,33462800,Yahoo Finance
2011-02-04,16.054424,16.281924,15.969668,16.259621,28833600,Yahoo Finance
2011-02-07,16.277464,16.536189,16.264080,16.489351,22240400,Yahoo Finance
2011-02-08,16.498270,16.634324,16.464813,16.632093,15376000,Yahoo Finance
2011-02-09,16.489058,16.699139,16.337085,16.377314,18674400,Yahoo Finance
2011-02-10,16.292384,16.795235,16.292384,16.703604,24752400,Yahoo Finance
2011-02-11,16.672317,16.790766,16.600800,16.746069,17280400,Yahoo Finance
2011-02-14,16.759476,17.195282,16.649967,16.927094,28970800,Yahoo Finance
2011-02-15,16.920395,16.965094,16.781831,16.898046,15855200,Yahoo Finance
2011-02-16,16.927101,17.032141,16.864524,16.976269,20147200,Yahoo Finance
2011-02-17,16.929338,17.146123,16.862290,17.016499,23475600,Yahoo Finance
2011-02-18,17.114831,17.226576,16.889106,16.947214,26009600,Yahoo Finance
2011-02-22,16.614213,16.784066,16.339322,16.480120,31588800,Yahoo Finance
2011-02-23,16.457767,16.661143,16.265566,16.287914,28714800,Yahoo Finance
2011-02-24,16.238758,16.591870,16.232052,16.518120,19613200,Yahoo Finance
2011-02-25,16.578456,16.851114,16.578456,16.690201,24869600,Yahoo Finance
2011-02-28,16.730432,16.822062,16.321446,16.325916,24857200,Yahoo Finance
2011-03-01,16.509174,16.734898,16.205228,16.247690,26993600,Yahoo Finance
2011-03-02,16.220871,16.587393,16.205226,16.531521,21544000,Yahoo Finance
2011-03-03,16.694670,16.962858,16.663381,16.947214,20388000,Yahoo Finance
2011-03-04,16.953922,16.971802,16.542701,16.692440,19520000,Yahoo Finance
2011-03-07,16.672328,16.810892,16.538234,16.571758,18637200,Yahoo Finance
2011-03-08,16.638798,16.741605,16.384020,16.576221,33497600,Yahoo Finance
2011-03-09,16.627622,16.685730,16.381784,16.473413,17861600,Yahoo Finance
2011-03-10,16.386256,16.386256,15.919163,15.957156,28557600,Yahoo Finance
2011-03-11,15.952681,16.265566,15.916923,16.205225,17335600,Yahoo Finance
2011-03-14,16.068897,16.254394,16.008554,16.059958,13971600,Yahoo Finance
2011-03-15,15.845411,16.046552,15.744839,15.912457,24180400,Yahoo Finance
2011-03-16,15.961626,16.080075,15.796244,15.858821,24056800,Yahoo Finance
2011-03-17,15.999617,16.091249,15.896812,15.963860,13790400,Yahoo Finance
2011-03-18,16.118069,16.122538,15.849880,15.961625,25268400,Yahoo Finance
2011-03-21,16.055487,16.162762,16.008554,16.082306,14807600,Yahoo Finance
2011-03-22,16.046555,16.082312,15.912460,16.001856,15354400,Yahoo Finance
2011-03-23,15.945987,16.173947,15.945987,16.089020,17580000,Yahoo Finance
2011-03-24,16.140418,16.281216,15.988445,16.238754,20558800,Yahoo Finance
2011-03-25,16.198527,16.294627,16.102426,16.111364,29466800,Yahoo Finance
2011-03-28,16.178405,16.337083,16.082305,16.258862,23174800,Yahoo Finance
2011-03-29,16.171700,16.196284,16.035371,16.135941,23558400,Yahoo Finance
2011-03-30,16.524824,16.837708,16.464480,16.589636,59673200,Yahoo Finance
2011-03-31,16.652208,16.743838,16.448832,16.453302,18555200,Yahoo Finance
2011-04-01,16.535989,16.643265,16.372843,16.587393,17270000,Yahoo Finance
2011-04-04,16.580690,16.817589,16.547167,16.815353,15529200,Yahoo Finance
2011-04-05,16.801948,16.967330,16.717022,16.900284,18078800,Yahoo Finance
2011-04-06,16.920389,16.985201,16.880161,16.985201,18132000,Yahoo Finance
2011-04-07,17.009788,17.108124,16.922627,17.076836,22079200,Yahoo Finance
2011-04-08,17.168471,17.369612,17.056726,17.146122,23977200,Yahoo Finance
2011-04-11,17.164004,17.378553,17.141653,17.367378,19004400,Yahoo Finance
2011-04-12,17.190822,17.338326,17.157299,17.215406,20512000,Yahoo Finance
2011-04-13,17.289161,17.429959,17.253402,17.320450,18258400,Yahoo Finance
2011-04-14,17.239974,17.266794,17.020956,17.054478,18609200,Yahoo Finance
2011-04-15,17.090252,17.208701,16.998620,17.090252,20256000,Yahoo Finance
2011-04-18,16.891334,17.052247,16.862280,16.913683,15332000,Yahoo Finance
2011-04-19,16.871230,16.980741,16.797480,16.967331,14261200,Yahoo Finance
2011-04-20,17.121535,17.412072,17.076838,17.291388,14838400,Yahoo Finance
2011-04-21,17.289159,17.427723,17.219878,17.380789,10989600,Yahoo Finance
2011-04-25,17.380776,17.403126,17.275737,17.378542,7126400,Yahoo Finance
2011-04-26,17.387482,17.655669,17.298086,17.604265,15200000,Yahoo Finance
2011-04-27,17.610983,17.648975,17.407606,17.631096,8982400,Yahoo Finance
2011-04-28,17.619911,17.619911,17.331611,17.356195,11416000,Yahoo Finance
2011-04-29,17.365146,17.532763,17.333858,17.459013,10877600,Yahoo Finance
2011-05-02,17.534985,17.805407,17.534985,17.686958,13503600,Yahoo Finance
2011-05-03,17.796474,17.917158,17.722724,17.879166,18944800,Yahoo Finance
2011-05-04,17.845648,17.912695,17.666857,17.827768,17334400,Yahoo Finance
2011-05-05,17.678021,17.738364,17.476880,17.588625,20991600,Yahoo Finance
2011-05-06,17.543931,17.847876,17.492527,17.747307,29754400,Yahoo Finance
2011-05-09,17.684726,17.874693,17.664612,17.847874,19093200,Yahoo Finance
2011-05-10,17.872462,18.035609,17.816590,17.957388,19706400,Yahoo Finance
2011-05-11,17.928331,17.935035,17.644498,17.731659,17667600,Yahoo Finance
2011-05-12,17.675786,17.890337,17.673552,17.863518,25078400,Yahoo Finance
2011-05-13,17.879168,17.919396,17.812120,17.859055,21474000,Yahoo Finance
2011-05-16,17.689192,18.169695,17.682488,17.865749,18763200,Yahoo Finance
2011-05-17,17.834469,18.057959,17.823294,18.013260,22112000,Yahoo Finance
2011-05-18,18.008784,18.008784,17.796073,17.914743,20127200,Yahoo Finance
2011-05-19,17.941613,17.943853,17.780402,17.831900,14941200,Yahoo Finance
2011-05-20,17.764728,17.876681,17.516193,17.516193,17216000,Yahoo Finance
2011-05-23,17.260928,17.406467,17.151214,17.222864,18258400,Yahoo Finance
2011-05-24,17.243024,17.415431,17.164657,17.375128,14828400,Yahoo Finance
2011-05-25,17.231824,17.706506,17.153457,17.632616,18002800,Yahoo Finance
2011-05-26,17.592312,17.769198,17.384079,17.753525,21110800,Yahoo Finance
2011-05-27,17.612465,17.876672,17.547532,17.867718,15344800,Yahoo Finance
2011-05-31,17.916982,18.161041,17.914745,18.149845,15274400,Yahoo Finance
2011-06-01,18.082664,18.082664,17.728891,17.728891,17732800,Yahoo Finance
2011-06-02,17.731141,18.096108,17.722185,18.069239,19466400,Yahoo Finance
2011-06-03,17.869963,17.993112,17.679643,17.717707,18954400,Yahoo Finance
2011-06-06,17.688607,17.816234,17.498287,17.509481,17628000,Yahoo Finance
2011-06-07,17.643805,17.941599,17.581110,17.872189,27764800,Yahoo Finance
2011-06-08,17.619175,17.619175,16.651901,17.175840,80785200,Yahoo Finance
2011-06-09,17.079567,17.180326,16.990004,17.113153,32074000,Yahoo Finance
2011-06-10,17.063897,17.086287,16.692214,16.723560,29456800,Yahoo Finance
2011-06-13,16.759380,16.824313,16.636233,16.761620,20820000,Yahoo Finance
2011-06-14,16.817600,17.077331,16.754907,17.001204,30033600,Yahoo Finance
2011-06-15,16.913882,17.023596,16.750430,16.757147,22775600,Yahoo Finance
2011-06-16,16.748187,16.878051,16.654145,16.766098,21041600,Yahoo Finance
2011-06-17,16.884775,16.902686,16.613847,16.665346,25859200,Yahoo Finance
2011-06-20,16.631755,16.645189,16.488455,16.580257,22546800,Yahoo Finance
2011-06-21,16.694455,16.835518,16.602655,16.790735,25295200,Yahoo Finance
2011-06-22,16.779538,17.010161,16.696692,16.716845,17722000,Yahoo Finance
2011-06-23,16.611611,16.882537,16.569068,16.862385,20405600,Yahoo Finance
2011-06-24,16.862386,16.871343,16.419053,16.428009,39700800,Yahoo Finance
2011-06-27,16.522045,16.580261,16.369789,16.544436,20880000,Yahoo Finance
2011-06-28,16.631763,16.893733,16.616089,16.855669,23297600,Yahoo Finance
2011-06-29,16.998967,19.551499,16.745954,19.383570,132109200,Yahoo Finance
2011-06-30,19.285046,19.560452,18.792453,18.866343,119880400,Yahoo Finance
2011-07-01,18.830515,19.911983,18.754388,19.697033,61742400,Yahoo Finance
2011-07-05,19.470880,19.882868,19.332058,19.775393,33089600,Yahoo Finance
2011-07-06,19.667923,19.979154,19.446256,19.748529,33615200,Yahoo Finance
2011-07-07,19.748526,20.337401,19.703746,20.185144,48524000,Yahoo Finance
2011-07-08,19.920939,20.185149,19.793313,20.091108,20818800,Yahoo Finance
2011-07-11,19.840337,19.981398,19.632104,19.681364,25733600,Yahoo Finance
2011-07-12,19.708237,19.882886,19.611957,19.636587,18421200,Yahoo Finance
2011-07-13,19.735102,20.142612,19.708233,19.869446,18855600,Yahoo Finance
2011-07-14,19.759731,20.014984,19.654495,19.690321,17211600,Yahoo Finance
2011-07-15,19.858245,19.900787,19.638817,19.871679,15998000,Yahoo Finance
2011-07-18,19.775406,19.905272,19.638823,19.719429,13515200,Yahoo Finance
2011-07-19,19.813471,19.988118,19.748538,19.974684,21594800,Yahoo Finance
2011-07-20,20.037368,20.037368,19.753008,19.847048,9474400,Yahoo Finance
2011-07-21,19.938853,20.236647,19.712707,19.714947,21060400,Yahoo Finance
2011-07-22,19.726134,20.102297,19.726134,20.044081,9035200,Yahoo Finance
2011-07-25,19.847049,20.203061,19.786595,19.945568,13357200,Yahoo Finance
2011-07-26,19.932134,20.149323,19.860484,19.972437,10704000,Yahoo Finance
2011-07-27,19.775393,19.927649,19.535813,19.647766,24094800,Yahoo Finance
2011-07-28,19.732858,19.920940,19.403717,19.461931,19224800,Yahoo Finance
2011-07-29,19.220115,19.309678,18.718566,19.152945,16708400,Yahoo Finance
2011-08-01,19.479854,19.553743,19.045475,19.184298,13512800,Yahoo Finance
2011-08-02,19.032036,19.343265,18.709610,18.709610,17327200,Yahoo Finance
2011-08-03,18.926796,19.647774,18.765583,19.587320,35308800,Yahoo Finance
2011-08-04,19.428350,19.437306,19.005167,19.029797,38827200,Yahoo Finance
2011-08-05,19.108161,19.182050,18.109539,18.676023,33626800,Yahoo Finance
2011-08-08,17.952807,18.317773,17.482604,17.742334,58529200,Yahoo Finance
2011-08-09,17.990870,18.555115,17.041508,18.530485,58702000,Yahoo Finance
2011-08-10,18.201343,18.279710,17.693075,17.751291,38429600,Yahoo Finance
2011-08-11,17.946089,19.186530,17.845330,18.924559,37359600,Yahoo Finance
2011-08-12,19.056657,19.208914,18.680495,18.770058,16598800,Yahoo Finance
2011-08-15,19.056658,19.307434,18.922315,19.226828,18328800,Yahoo Finance
2011-08-16,19.032032,19.338784,18.944709,19.217875,20360000,Yahoo Finance
2011-08-17,19.258250,19.321054,18.690776,18.838812,19090000,Yahoo Finance
2011-08-18,18.282553,18.560683,17.932647,18.008909,32999600,Yahoo Finance
2011-08-19,17.793583,18.320684,17.793583,17.854143,31170000,Yahoo Finance
2011-08-22,18.219747,18.280307,17.775636,17.896757,19341200,Yahoo Finance
2011-08-23,17.993209,18.793954,17.894517,18.789467,20076000,Yahoo Finance
2011-08-24,18.751333,19.419742,18.641427,19.374882,29150800,Yahoo Finance
2011-08-25,19.395076,19.498253,18.827602,18.865732,24273200,Yahoo Finance
2011-08-26,18.731145,19.278432,18.542734,19.256002,21498800,Yahoo Finance
2011-08-29,19.509462,19.722545,19.305350,19.419743,18568800,Yahoo Finance
2011-08-30,19.428715,19.812265,19.356940,19.722546,16622800,Yahoo Finance
2011-08-31,19.850396,19.928900,19.457874,19.711330,24092800,Yahoo Finance
2011-09-01,19.675453,19.953582,19.520686,19.677696,20800800,Yahoo Finance
2011-09-02,19.226851,19.540869,19.087785,19.188721,15807200,Yahoo Finance
2011-09-06,18.672831,19.345725,18.672831,19.258249,15809200,Yahoo Finance
2011-09-07,19.473575,19.857125,19.446659,19.845911,16552800,Yahoo Finance
2011-09-08,19.684420,19.984979,19.612645,19.617130,18386400,Yahoo Finance
2011-09-09,19.487038,19.830216,19.280684,19.368160,26492400,Yahoo Finance
2011-09-12,19.226852,19.621618,19.175263,19.614887,19608400,Yahoo Finance
2011-09-13,19.661984,19.718058,19.437686,19.686655,17469600,Yahoo Finance
2011-09-14,19.789839,20.231706,19.639558,20.092642,26147200,Yahoo Finance
2011-09-15,20.189088,20.321424,19.816752,20.298994,21478400,Yahoo Finance
2011-09-16,20.325907,20.527774,20.103851,20.377495,50275200,Yahoo Finance
2011-09-19,20.067965,20.337122,19.888525,20.193571,22088000,Yahoo Finance
2011-09-20,20.276568,21.252265,20.245166,20.823854,36064000,Yahoo Finance
2011-09-21,20.778987,21.113190,20.500857,20.505342,28070400,Yahoo Finance
2011-09-22,19.904232,20.186848,19.332272,19.805542,35689200,Yahoo Finance
2011-09-23,19.729285,20.395451,19.729285,20.204798,21526000,Yahoo Finance
2011-09-26,20.408897,20.527775,19.776376,20.249645,19095600,Yahoo Finance
2011-09-27,20.440298,20.568148,19.989460,20.070208,20066800,Yahoo Finance
2011-09-28,20.141981,20.153195,19.617122,19.655252,17090400,Yahoo Finance
2011-09-29,19.955812,19.955812,19.289646,19.668711,15552000,Yahoo Finance
2011-09-30,19.339000,19.653018,19.121430,19.226851,17952400,Yahoo Finance
2011-10-03,19.058624,19.433201,18.890400,18.899372,26223600,Yahoo Finance
2011-10-04,18.625720,19.085531,18.327404,19.015999,31600000,Yahoo Finance
2011-10-05,18.975634,19.166287,18.666103,19.063110,25114000,Yahoo Finance
2011-10-06,19.038435,19.576751,18.935258,19.543106,19486000,Yahoo Finance
2011-10-07,19.610404,19.738254,19.238068,19.345732,17553200,Yahoo Finance
2011-10-10,19.691144,20.027592,19.603668,20.018620,13322400,Yahoo Finance
2011-10-11,19.897494,20.379735,19.839176,20.301231,17626800,Yahoo Finance
2011-10-12,20.406659,20.709461,20.346097,20.449274,19065200,Yahoo Finance
2011-10-13,20.298999,20.844044,20.290027,20.770025,13193600,Yahoo Finance
2011-10-14,20.953942,21.229830,20.897868,21.066092,15800400,Yahoo Finance
2011-10-17,20.888903,21.066099,20.417877,20.453766,13842800,Yahoo Finance
2011-10-18,20.435813,21.196184,20.319177,21.063848,14400000,Yahoo Finance
2011-10-19,21.131149,21.191711,20.159937,20.204798,21662400,Yahoo Finance
2011-10-20,20.366280,20.628709,20.247401,20.489643,17646400,Yahoo Finance
2011-10-21,20.745345,20.956186,20.613010,20.956186,14128800,Yahoo Finance
2011-10-24,20.924791,21.176006,20.902362,21.131145,12138400,Yahoo Finance
2011-10-25,20.971892,21.001050,20.310213,20.339371,16824000,Yahoo Finance
2011-10-26,20.666843,20.799180,20.097125,20.639927,26746400,Yahoo Finance
2011-10-27,20.411141,21.193942,20.321422,21.173756,41568000,Yahoo Finance
2011-10-28,20.915808,21.476553,20.915808,21.330759,23299600,Yahoo Finance
2011-10-31,21.146834,21.503469,20.913564,20.918051,17826000,Yahoo Finance
2011-11-01,20.447029,20.738616,20.186842,20.193571,30528400,Yahoo Finance
2011-11-02,20.868718,21.081801,20.438066,20.523298,24565200,Yahoo Finance
2011-11-03,20.648903,21.039183,20.249652,20.900118,18410800,Yahoo Finance
2011-11-04,20.709460,21.001047,20.556937,20.778992,13608400,Yahoo Finance
2011-11-07,20.814888,20.933766,20.527785,20.850775,9647200,Yahoo Finance
2011-11-08,20.956195,21.232082,20.949466,21.205166,19602000,Yahoo Finance
2011-11-09,20.700485,21.106465,20.700485,20.888895,19594800,Yahoo Finance
2011-11-10,21.162542,21.162542,20.767776,20.868711,11248800,Yahoo Finance
2011-11-11,21.036945,21.454140,21.019001,21.344234,13648400,Yahoo Finance
2011-11-14,21.220855,21.469826,20.987585,21.043659,10432000,Yahoo Finance
2011-11-15,21.088518,21.492256,21.050388,21.449638,14153200,Yahoo Finance
2011-11-16,21.256303,21.357469,20.946056,20.997765,12999600,Yahoo Finance
2011-11-17,21.062963,21.134904,20.426735,20.548136,17227200,Yahoo Finance
2011-11-18,20.575104,20.604331,20.330056,20.415485,12906000,Yahoo Finance
2011-11-21,20.156946,20.653788,20.031049,20.505409,15844400,Yahoo Finance
2011-11-22,20.446965,20.725738,20.375024,20.422235,13469600,Yahoo Finance
2011-11-23,20.314323,20.629065,20.053536,20.073771,21064400,Yahoo Finance
2011-11-25,20.017559,20.321059,19.959106,20.013062,6933600,Yahoo Finance
2011-11-28,20.608837,21.076454,20.487437,21.013506,14792400,Yahoo Finance
2011-11-29,21.013507,21.020252,20.804429,20.885363,14513600,Yahoo Finance
2011-11-30,21.323748,21.813846,21.276537,21.800358,21504000,Yahoo Finance
2011-12-01,21.564295,22.090364,21.526077,21.977957,19042400,Yahoo Finance
2011-12-02,22.119587,22.166798,21.762132,21.852057,12928000,Yahoo Finance
2011-12-05,22.094866,22.097115,21.402434,21.595776,16731600,Yahoo Finance
2011-12-06,21.591277,21.645232,21.375454,21.440651,14135200,Yahoo Finance
2011-12-07,21.418169,21.908267,21.368711,21.822838,16055200,Yahoo Finance
2011-12-08,21.793614,22.002693,21.490112,21.537325,14238000,Yahoo Finance
2011-12-09,21.723927,21.910524,21.472135,21.849825,11974000,Yahoo Finance
2011-12-12,21.726156,21.897017,21.544057,21.789104,13644400,Yahoo Finance
2011-12-13,21.906017,21.928498,21.476619,21.562050,13564000,Yahoo Finance
2011-12-14,21.517081,21.748641,21.368704,21.663212,19150800,Yahoo Finance
2011-12-15,21.879042,21.879042,21.485615,21.541819,21020000,Yahoo Finance
2011-12-16,21.732903,21.975704,21.674452,21.906012,17556800,Yahoo Finance
2011-12-19,21.921755,22.339912,21.921755,22.162308,23541200,Yahoo Finance
2011-12-20,22.375887,22.818774,22.337669,22.785051,27454400,Yahoo Finance
2011-12-21,22.731088,22.764810,22.369135,22.643410,15244000,Yahoo Finance
2011-12-22,22.618688,22.924437,22.504032,22.602951,13439200,Yahoo Finance
2011-12-23,22.690628,23.043589,22.596206,23.039093,7803200,Yahoo Finance
2011-12-27,23.041332,23.257154,22.910940,22.910940,8719200,Yahoo Finance
2011-12-28,22.861481,22.931173,22.616431,22.643410,9969600,Yahoo Finance
2011-12-29,22.706363,23.212198,22.665896,23.189716,8637600,Yahoo Finance
2011-12-30,23.194209,23.200953,22.816519,22.825512,8586800,Yahoo Finance
2012-01-03,23.245913,23.245913,22.897449,23.153738,16829200,Yahoo Finance
2012-01-04,22.861488,23.034595,22.481549,22.740088,16522000,Yahoo Finance
2012-01-05,22.641161,22.978384,22.405105,22.910940,12096400,Yahoo Finance
2012-01-06,22.922180,22.980633,22.531002,22.641161,13089200,Yahoo Finance
2012-01-09,22.708602,22.746820,22.207263,22.459057,18002400,Yahoo Finance
2012-01-10,22.677137,22.695121,22.357898,22.436584,18711600,Yahoo Finance
2012-01-11,22.252227,22.369130,22.106096,22.281452,19016000,Yahoo Finance
2012-01-12,22.342159,22.859235,22.342159,22.782797,16708800,Yahoo Finance
2012-01-13,22.643417,22.883970,22.544498,22.647913,16623200,Yahoo Finance
2012-01-17,22.773805,23.142502,22.749075,23.050327,17018800,Yahoo Finance
2012-01-18,22.967145,23.353826,22.955903,23.331345,11752400,Yahoo Finance
2012-01-19,23.416776,23.425768,22.987378,23.014357,14567600,Yahoo Finance
2012-01-20,23.018852,23.048077,22.436581,22.611937,20032800,Yahoo Finance
2012-01-23,22.650149,22.681623,22.211760,22.391611,16166400,Yahoo Finance
2012-01-24,22.267969,22.767057,22.254479,22.708607,12140800,Yahoo Finance
2012-01-25,22.618688,22.699622,22.436588,22.607447,15088400,Yahoo Finance
2012-01-26,22.643409,22.964895,22.477046,22.674883,13939200,Yahoo Finance
2012-01-27,22.573718,22.825510,22.459062,22.717600,11362800,Yahoo Finance
2012-01-30,22.513021,22.598451,22.369140,22.454569,12476000,Yahoo Finance
2012-01-31,22.591703,22.656899,22.443325,22.625425,13240400,Yahoo Finance
2012-02-01,22.746825,23.088544,22.616431,23.045830,15376800,Yahoo Finance
2012-02-02,23.331348,24.082233,23.288633,23.843927,33740400,Yahoo Finance
2012-02-03,24.008045,24.239605,23.963081,24.062000,16533200,Yahoo Finance
2012-02-06,24.041766,24.340770,24.010292,24.136189,13349600,Yahoo Finance
2012-02-07,24.158665,24.178899,23.843923,24.050755,13045600,Yahoo Finance
2012-02-08,24.228364,24.423954,24.059752,24.358757,22742000,Yahoo Finance
2012-02-09,25.417636,25.831297,25.190573,25.273754,39601200,Yahoo Finance
2012-02-10,25.132119,25.628961,25.044441,25.606480,21888800,Yahoo Finance
2012-02-13,25.685163,25.891993,25.260262,25.338947,22078400,Yahoo Finance
2012-02-14,25.204058,25.909979,25.199561,25.907730,17960800,Yahoo Finance
2012-02-15,26.178026,26.387505,25.822138,25.925751,21701200,Yahoo Finance
2012-02-16,26.006849,26.067666,25.587892,25.632942,15971600,Yahoo Finance
2012-02-17,25.770338,25.959544,25.632938,25.905485,15512800,Yahoo Finance
2012-02-21,25.961791,26.128473,25.644195,25.723030,10819600,Yahoo Finance
2012-02-22,25.630678,26.297404,25.520308,26.209558,14381200,Yahoo Finance
2012-02-23,26.209561,26.308670,26.051890,26.236591,10890800,Yahoo Finance
2012-02-24,26.238845,26.527159,26.105951,26.475353,11094000,Yahoo Finance
2012-02-27,26.369491,26.421298,26.196052,26.322189,15812800,Yahoo Finance
2012-02-28,26.389758,26.797452,26.364981,26.792946,11937200,Yahoo Finance
2012-02-29,26.808720,26.885304,26.130732,26.211821,15217600,Yahoo Finance
2012-03-01,26.455080,26.576713,26.252360,26.394264,11174000,Yahoo Finance
2012-03-02,26.243354,26.346967,26.038380,26.164518,12213600,Yahoo Finance
2012-03-05,26.164519,26.315433,26.105954,26.182537,10153600,Yahoo Finance
2012-03-06,25.952784,26.015852,25.574371,25.867189,13302000,Yahoo Finance
2012-03-07,26.065404,26.150997,25.894217,26.047384,10694000,Yahoo Finance
2012-03-08,26.281638,26.619506,26.137481,26.572205,9520400,Yahoo Finance
2012-03-09,26.594735,26.666813,26.355975,26.392014,8457600,Yahoo Finance
2012-03-12,26.358230,26.477611,26.144247,26.247860,7709200,Yahoo Finance
2012-03-13,26.333445,26.446068,26.056392,26.414532,12785600,Yahoo Finance
2012-03-14,26.423544,26.554187,26.234339,26.297407,14996000,Yahoo Finance
2012-03-15,26.268129,26.459587,26.196050,26.353722,13293200,Yahoo Finance
2012-03-16,26.450581,26.466348,26.189295,26.281647,16006400,Yahoo Finance
2012-03-19,26.227585,26.966390,26.162264,26.768173,15918400,Yahoo Finance
2012-03-20,26.612751,26.714111,26.128473,26.245600,10588000,Yahoo Finance
2012-03-21,26.373990,26.500128,26.259116,26.297407,8427200,Yahoo Finance
2012-03-22,26.162263,26.466344,26.128476,26.416790,9368000,Yahoo Finance
2012-03-23,26.468597,26.804212,26.331197,26.754658,10151200,Yahoo Finance
2012-03-26,26.885298,27.187126,26.410030,27.042969,16363600,Yahoo Finance
2012-03-27,27.024949,27.092522,26.928094,26.986656,10662000,Yahoo Finance
2012-03-28,26.957375,27.097027,26.693838,26.883043,8992000,Yahoo Finance
2012-03-29,26.700598,26.844755,26.477605,26.804211,8691200,Yahoo Finance
2012-03-30,26.824483,26.849260,26.488868,26.578966,12002000,Yahoo Finance
2012-04-02,26.578972,27.006939,26.376250,26.799713,11777600,Yahoo Finance
2012-04-03,26.768168,27.162348,26.662304,27.110542,15691600,Yahoo Finance
2012-04-04,26.914587,26.957384,26.624020,26.799713,10308800,Yahoo Finance
2012-04-05,26.651043,27.288488,26.594732,27.256954,13395600,Yahoo Finance
2012-04-09,26.952872,27.108290,26.738888,26.916832,13295600,Yahoo Finance
2012-04-10,26.912324,26.977644,26.261364,26.295151,10679200,Yahoo Finance
2012-04-11,26.583465,26.792943,26.346958,26.439308,14171200,Yahoo Finance
2012-04-12,26.459583,27.290739,26.396514,27.259203,17164000,Yahoo Finance
2012-04-13,27.119558,27.858363,27.099285,27.741236,21497200,Yahoo Finance
2012-04-16,27.714208,27.716461,27.038471,27.216415,18308400,Yahoo Finance
2012-04-17,27.396607,27.592571,27.311015,27.497969,10328800,Yahoo Finance
2012-04-18,27.392108,27.588072,27.326786,27.430399,8480000,Yahoo Finance
2012-04-19,27.315515,27.538509,27.144330,27.297497,8522400,Yahoo Finance
2012-04-20,27.439402,27.513734,27.160099,27.256954,7841200,Yahoo Finance
2012-04-23,27.085766,27.211903,26.236592,26.601488,17347200,Yahoo Finance
2012-04-24,26.657800,26.858268,26.464089,26.788443,9430800,Yahoo Finance
2012-04-25,26.970892,27.570046,26.930348,27.432646,12150800,Yahoo Finance
2012-04-26,27.455177,27.817823,27.369585,27.747997,11107600,Yahoo Finance
2012-04-27,27.871873,27.977739,27.673658,27.822319,9787200,Yahoo Finance
2012-04-30,27.955212,27.964222,27.549770,27.700686,9375200,Yahoo Finance
2012-05-01,27.811060,28.234521,27.714205,27.725466,17178000,Yahoo Finance
2012-05-02,27.392099,27.747987,27.180367,27.522741,25366800,Yahoo Finance
2012-05-03,27.482195,27.594818,25.988817,26.220821,47838000,Yahoo Finance
2012-05-04,26.178030,26.779435,25.973056,26.531666,23403600,Yahoo Finance
2012-05-07,26.344718,26.824491,26.344718,26.693850,13476800,Yahoo Finance
2012-05-08,26.601500,26.822241,26.162272,26.610510,14596800,Yahoo Finance
2012-05-09,26.423543,26.799704,26.256862,26.448320,17672800,Yahoo Finance
2012-05-10,26.646541,26.914582,26.497878,26.617258,13468000,Yahoo Finance
2012-05-11,26.434809,26.797454,26.412284,26.560946,8139600,Yahoo Finance
2012-05-14,26.315425,26.660050,26.090179,26.290648,16246400,Yahoo Finance
2012-05-15,26.229833,26.556440,26.229833,26.265873,12589200,Yahoo Finance
2012-05-16,26.358399,26.674337,26.245563,26.523138,17339600,Yahoo Finance
2012-05-17,26.403536,26.687882,25.954451,25.954451,17814800,Yahoo Finance
2012-05-18,25.918336,26.008605,25.388010,25.419603,25934800,Yahoo Finance
2012-05-21,25.561781,26.250079,25.424123,26.227512,13272000,Yahoo Finance
2012-05-22,26.270388,26.911294,26.270388,26.717216,18594400,Yahoo Finance
2012-05-23,26.543449,26.958683,26.491544,26.893238,16558000,Yahoo Finance
2012-05-24,27.017360,27.306219,26.802971,27.028643,12749600,Yahoo Finance
2012-05-25,26.942888,27.170817,26.843592,26.938375,11780000,Yahoo Finance
2012-05-29,27.114401,27.294937,26.854879,27.143738,18006400,Yahoo Finance
2012-05-30,26.789430,27.021871,26.507341,26.514111,18346400,Yahoo Finance
2012-05-31,26.572792,26.710452,25.889008,25.997330,21004000,Yahoo Finance
2012-06-01,25.645275,25.927364,25.261635,25.331593,18650400,Yahoo Finance
2012-06-04,25.281946,25.825814,25.279689,25.762627,16646400,Yahoo Finance
2012-06-05,25.672359,25.846125,25.532442,25.683641,11374800,Yahoo Finance
2012-06-06,25.945422,26.290699,25.913829,26.254591,12384000,Yahoo Finance
2012-06-07,26.590833,26.629196,26.301974,26.360647,9158000,Yahoo Finance
2012-06-08,26.265880,26.313270,26.053748,26.308758,10376800,Yahoo Finance
2012-06-11,26.464465,26.613408,26.227511,26.256847,10942800,Yahoo Finance
2012-06-12,26.270390,26.439644,26.114677,26.439644,10398800,Yahoo Finance
2012-06-13,26.132727,26.396762,25.873205,25.929623,14891200,Yahoo Finance
2012-06-14,26.010872,26.405796,25.785200,26.288446,13152800,Yahoo Finance
2012-06-15,26.487036,26.742043,26.387740,26.719477,12551600,Yahoo Finance
2012-06-18,26.631463,27.188871,26.507343,27.103115,10931600,Yahoo Finance
2012-06-19,27.274622,27.441618,27.193380,27.385201,10270400,Yahoo Finance
2012-06-20,27.328782,27.665031,27.312985,27.665031,12702800,Yahoo Finance
2012-06-21,27.662778,27.728223,26.924832,26.963198,13061200,Yahoo Finance
2012-06-22,27.136968,28.197622,26.929351,28.197622,37216000,Yahoo Finance
2012-06-25,27.725968,27.823006,27.340070,27.367149,16164000,Yahoo Finance
2012-06-26,27.477731,27.965180,27.457419,27.793671,13128800,Yahoo Finance
2012-06-27,27.838803,28.010314,27.651496,27.856857,13768400,Yahoo Finance
2012-06-28,27.757563,27.850089,26.983510,27.423569,11514800,Yahoo Finance
2012-06-29,27.816243,27.992266,27.425831,27.899740,15931200,Yahoo Finance
2012-07-02,28.041909,28.615114,27.983234,28.574493,17042400,Yahoo Finance
2012-07-03,28.545146,28.660239,28.357841,28.511295,6364400,Yahoo Finance
2012-07-05,28.375901,28.766313,28.360104,28.662504,11298000,Yahoo Finance
2012-07-06,28.452625,28.599311,28.159251,28.272087,9631200,Yahoo Finance
2012-07-09,27.791410,27.994514,27.315243,27.904245,17684000,Yahoo Finance
2012-07-10,28.057695,28.152476,27.489002,27.595068,18204000,Yahoo Finance
2012-07-11,27.511580,27.588307,26.985766,27.247543,11644000,Yahoo Finance
2012-07-12,26.879698,27.854598,26.877441,27.676317,15067600,Yahoo Finance
2012-07-13,27.644731,28.127668,27.565747,28.003548,12112800,Yahoo Finance
2012-07-16,28.931051,29.562931,28.405239,28.694098,30607600,Yahoo Finance
2012-07-17,28.915257,28.940081,28.443603,28.937822,10766800,Yahoo Finance
2012-07-18,28.773084,29.066457,28.750517,28.845299,11903600,Yahoo Finance
2012-07-19,28.953619,29.028091,28.283375,28.296915,13832400,Yahoo Finance
2012-07-20,28.120888,28.475192,27.904244,28.378153,11816800,Yahoo Finance
2012-07-23,27.994521,28.222447,27.813983,28.089302,11391200,Yahoo Finance
2012-07-24,28.096063,28.154738,27.369402,27.678572,13504000,Yahoo Finance
2012-07-25,27.843313,28.003539,27.428079,27.577021,15305200,Yahoo Finance
2012-07-26,28.202132,28.928794,28.028364,28.608339,21036000,Yahoo Finance
2012-07-27,28.644455,29.224430,28.366879,29.143188,13937600,Yahoo Finance
2012-07-30,29.077739,29.867589,29.046146,29.526823,12652800,Yahoo Finance
2012-07-31,29.434296,29.490713,28.998752,29.127386,8961600,Yahoo Finance
2012-08-01,28.998757,29.204119,28.660250,28.764059,11612000,Yahoo Finance
2012-08-02,28.615115,29.177034,28.477456,29.172523,11112400,Yahoo Finance
2012-08-03,29.418498,29.684788,29.079991,29.558413,12934400,Yahoo Finance
2012-08-06,29.562940,29.919501,29.477184,29.569710,9227600,Yahoo Finance
2012-08-07,29.524569,29.659969,29.188317,29.427528,13179200,Yahoo Finance
2012-08-08,29.513289,29.680287,29.427533,29.596786,7962800,Yahoo Finance
2012-08-09,29.535852,29.556162,28.829500,29.001009,14203600,Yahoo Finance
2012-08-10,28.928790,29.177027,28.885912,29.131893,5984800,Yahoo Finance
2012-08-13,29.030349,29.111590,28.750517,28.958136,6454000,Yahoo Finance
2012-08-14,29.138669,29.377880,29.007780,29.312437,8732400,Yahoo Finance
2012-08-15,29.201665,29.454848,29.068294,29.174540,7735600,Yahoo Finance
2012-08-16,29.093158,29.375725,29.093158,29.314690,9121200,Yahoo Finance
2012-08-17,29.384775,29.396075,29.000481,29.090904,9582400,Yahoo Finance
2012-08-20,29.072818,29.097684,28.934925,28.971094,8674400,Yahoo Finance
2012-08-21,29.095427,29.217494,28.708872,28.826420,7605200,Yahoo Finance
2012-08-22,28.679489,29.047957,28.600369,28.957537,8866000,Yahoo Finance
2012-08-23,28.919101,29.047951,28.652357,28.742779,7000000,Yahoo Finance
2012-08-24,28.616186,28.713389,28.439864,28.632011,10650800,Yahoo Finance
2012-08-27,28.774428,28.966573,28.717914,28.858068,8820400,Yahoo Finance
2012-08-28,28.903278,28.989180,28.758604,28.799294,7862800,Yahoo Finance
2012-08-29,28.833196,28.946223,28.645571,28.939442,8583600,Yahoo Finance
2012-08-30,28.731472,28.731472,28.523503,28.641050,8573600,Yahoo Finance
2012-08-31,28.824160,29.018565,28.541593,28.991440,13784000,Yahoo Finance
2012-09-04,29.016307,29.194889,28.849028,29.052477,10200800,Yahoo Finance
2012-09-05,29.129335,29.160983,28.697571,28.846767,12698800,Yahoo Finance
2012-09-06,28.975605,29.273998,28.889707,29.273998,15698400,Yahoo Finance
2012-09-07,29.276257,29.377984,29.086372,29.321470,10789200,Yahoo Finance
2012-09-10,29.029862,29.359902,29.029862,29.088634,11633600,Yahoo Finance
2012-09-11,29.133855,29.938607,29.118029,29.723856,15890400,Yahoo Finance
2012-09-12,29.760015,30.173695,29.744193,30.169176,14656000,Yahoo Finance
2012-09-13,30.053886,30.890285,29.970247,30.512775,15745200,Yahoo Finance
2012-09-14,30.573815,30.585119,30.234734,30.347761,13289600,Yahoo Finance
2012-09-17,30.395236,30.483397,30.205348,30.261862,10649200,Yahoo Finance
2012-09-18,30.085541,30.257344,29.958951,30.214394,13192400,Yahoo Finance
2012-09-19,30.261866,30.634857,30.230218,30.469835,11976800,Yahoo Finance
2012-09-20,30.356794,30.481124,30.171431,30.429132,12779600,Yahoo Finance
2012-09-21,30.585118,30.732052,30.494695,30.517302,29225600,Yahoo Finance
2012-09-24,30.316116,30.510523,30.180482,30.232477,10530000,Yahoo Finance
2012-09-25,30.255082,30.607726,30.205350,30.417841,15398400,Yahoo Finance
2012-09-26,30.322894,30.417837,29.925040,29.956688,10637200,Yahoo Finance
2012-09-27,29.999646,30.345509,29.956695,30.270910,8432800,Yahoo Finance
2012-09-28,30.286732,30.431407,30.119455,30.354549,9431600,Yahoo Finance
2012-10-01,30.487923,31.172867,30.487923,30.908384,14700800,Yahoo Finance
2012-10-02,30.876724,30.992014,30.625804,30.743353,10041600,Yahoo Finance
2012-10-03,30.890305,31.331113,30.741111,31.313028,11717600,Yahoo Finance
2012-10-04,31.376313,31.606889,31.240679,31.572979,8475600,Yahoo Finance
2012-10-05,31.814847,32.006991,31.534539,31.706339,11280800,Yahoo Finance
2012-10-08,31.421519,31.534546,31.322054,31.355965,6803600,Yahoo Finance
2012-10-09,31.459947,31.507420,30.906115,30.910637,9978000,Yahoo Finance
2012-10-10,30.885767,31.190938,30.815691,31.064348,8050400,Yahoo Finance
2012-10-11,31.240678,31.609147,31.238418,31.432825,14057600,Yahoo Finance
2012-10-12,31.505156,31.645312,31.292665,31.448643,8116000,Yahoo Finance
2012-10-15,31.502886,31.701814,31.331086,31.622694,9694400,Yahoo Finance
2012-10-16,31.692773,32.047679,31.652085,31.909786,8324400,Yahoo Finance
2012-10-17,31.909802,32.273749,31.828422,32.226276,10126000,Yahoo Finance
2012-10-18,32.181053,32.348334,31.903007,32.072548,11241600,Yahoo Finance
2012-10-19,32.169762,32.181066,31.593324,31.640797,10134400,Yahoo Finance
2012-10-22,31.604620,31.658874,31.202244,31.421516,9782800,Yahoo Finance
2012-10-23,31.184150,31.190931,30.727520,30.888020,11923200,Yahoo Finance
2012-10-24,31.082436,31.279101,30.842819,30.854122,11478000,Yahoo Finance
2012-10-25,31.157033,31.353699,30.860903,31.093739,15875600,Yahoo Finance
2012-10-26,31.157036,31.396653,30.940023,31.265541,12148800,Yahoo Finance
2012-10-31,31.105042,31.640789,31.059828,31.367262,14271200,Yahoo Finance
2012-11-01,31.832945,32.633175,31.715395,32.524670,21310000,Yahoo Finance
2012-11-02,32.565353,33.096582,32.416157,32.416157,18498000,Yahoo Finance
2012-11-05,32.269212,32.526914,31.923350,31.986645,13864000,Yahoo Finance
2012-11-06,32.208190,32.741677,32.077078,32.520145,9089200,Yahoo Finance
2012-11-07,32.221754,32.459112,31.993441,32.226276,10431600,Yahoo Finance
2012-11-08,32.133580,32.382240,32.072547,32.113235,10133200,Yahoo Finance
2012-11-09,31.855546,32.508842,31.710872,32.309914,11799600,Yahoo Finance
2012-11-12,32.104203,32.502057,32.104203,32.379990,8943600,Yahoo Finance
2012-11-13,32.235303,32.730359,32.201393,32.201393,10149200,Yahoo Finance
2012-11-14,32.310161,32.452903,31.641750,31.709724,13608000,Yahoo Finance
2012-11-15,31.721060,31.829817,31.387988,31.721060,13717600,Yahoo Finance
2012-11-16,31.725589,32.525412,31.725589,32.335087,16632400,Yahoo Finance
2012-11-19,32.627382,33.003504,32.550346,33.001236,15120400,Yahoo Finance
2012-11-20,32.976314,33.393222,32.890216,33.157578,9566400,Yahoo Finance
2012-11-21,33.130381,33.284453,33.021624,33.230076,6565200,Yahoo Finance
2012-11-23,33.375082,33.560875,33.171159,33.560875,4454400,Yahoo Finance
2012-11-26,33.445334,33.445334,33.175705,33.363766,8623600,Yahoo Finance
2012-11-27,33.334303,33.497440,33.155307,33.257267,9981600,Yahoo Finance
2012-11-28,33.087315,33.386400,33.055594,33.372803,10358400,Yahoo Finance
2012-11-29,33.517822,33.608456,33.361485,33.574467,12572800,Yahoo Finance
2012-11-30,33.606205,33.970994,33.535963,33.921150,14048000,Yahoo Finance
2012-12-03,33.986843,34.149980,33.633381,33.678696,11736800,Yahoo Finance
2012-12-04,33.755737,33.816914,33.352426,33.440792,9100800,Yahoo Finance
2012-12-05,33.649239,33.649239,33.103187,33.547279,11971200,Yahoo Finance
2012-12-06,33.635646,33.737606,33.320702,33.640179,9124000,Yahoo Finance
2012-12-07,33.787470,33.823723,33.486119,33.658321,7557200,Yahoo Finance
2012-12-10,33.703626,33.821448,33.594869,33.683235,9288800,Yahoo Finance
2012-12-11,33.624317,34.061616,33.624317,33.737606,14492800,Yahoo Finance
2012-12-12,33.916615,33.941539,33.495178,33.506508,18319600,Yahoo Finance
2012-12-13,33.558616,33.782931,33.282189,33.352428,13042800,Yahoo Finance
2012-12-14,33.279929,33.463457,33.137183,33.266335,9579200,Yahoo Finance
2012-12-17,33.300319,33.789730,33.284456,33.789730,13903200,Yahoo Finance
2012-12-18,33.762546,34.338059,33.692307,34.149998,11869600,Yahoo Finance
2012-12-19,34.168121,34.177183,33.794264,33.796532,8640400,Yahoo Finance
2012-12-20,33.959684,34.555584,33.832800,34.544258,10863200,Yahoo Finance
2012-12-21,34.206623,34.435467,33.977780,34.161308,13930400,Yahoo Finance
2012-12-24,34.038962,34.353907,34.038962,34.254211,3272000,Yahoo Finance
2012-12-26,34.276862,34.279126,33.805577,33.932461,7614400,Yahoo Finance
2012-12-27,33.916612,34.134126,33.511034,33.850903,11976800,Yahoo Finance
2012-12-28,33.637926,33.970994,33.590343,33.680973,6973600,Yahoo Finance
2012-12-31,33.612977,34.351623,33.612977,34.344826,12868000,Yahoo Finance
2013-01-02,34.929422,35.332732,34.877306,35.205849,15826400,Yahoo Finance
2013-01-03,35.597832,35.817614,35.078968,35.233040,14937200,Yahoo Finance
2013-01-04,35.255693,35.615953,35.069897,35.520790,10376000,Yahoo Finance
2013-01-07,35.559306,35.973946,35.527585,35.774555,10242400,Yahoo Finance
2013-01-08,35.720165,36.107616,35.575155,36.107616,11800400,Yahoo Finance
2013-01-09,36.569837,36.830405,36.186922,36.658203,17552800,Yahoo Finance
2013-01-10,36.712588,36.880258,36.087231,36.368187,16313600,Yahoo Finance
2013-01-11,36.202789,36.535860,36.139347,36.515469,9578000,Yahoo Finance
2013-01-14,36.542663,36.662750,36.150683,36.399918,8877600,Yahoo Finance
2013-01-15,36.211860,36.399918,36.046455,36.354603,6696000,Yahoo Finance
2013-01-16,36.277544,36.429352,36.096280,36.297935,5464400,Yahoo Finance
2013-01-17,36.479208,36.499600,36.164264,36.225441,7833600,Yahoo Finance
2013-01-18,35.917294,35.919558,35.459603,35.860649,13812400,Yahoo Finance
2013-01-22,35.953551,36.180130,35.749632,36.037388,6918000,Yahoo Finance
2013-01-23,35.865186,36.243576,35.817606,36.037388,7108800,Yahoo Finance
2013-01-24,36.094041,36.291164,36.003407,36.152950,6794000,Yahoo Finance
2013-01-25,36.234527,36.284375,36.032872,36.216400,6701600,Yahoo Finance
2013-01-28,36.316067,36.384041,35.414284,35.425613,13532000,Yahoo Finance
2013-01-29,35.287413,35.593292,35.146931,35.495865,11664000,Yahoo Finance
2013-01-30,35.570634,36.046448,35.063096,35.122005,18708000,Yahoo Finance
2013-01-31,36.026057,36.139347,35.425624,35.779087,16685600,Yahoo Finance
2013-02-01,36.026056,36.134813,35.652202,35.926361,12738400,Yahoo Finance
2013-02-04,35.747366,35.890108,35.473204,35.493595,10532000,Yahoo Finance
2013-02-05,35.713378,36.162007,35.527585,36.146145,11105200,Yahoo Finance
2013-02-06,36.075903,36.452025,35.939954,36.438431,15056800,Yahoo Finance
2013-02-07,36.021518,36.205046,35.563831,35.586487,20182800,Yahoo Finance
2013-02-08,35.663540,36.012473,35.595569,35.754173,12914000,Yahoo Finance
2013-02-11,35.704309,35.837990,35.332720,35.421085,11032400,Yahoo Finance
2013-02-12,35.536642,35.731500,35.441479,35.527580,9805600,Yahoo Finance
2013-02-13,35.523040,35.736474,34.998539,35.141586,13917600,Yahoo Finance
2013-02-14,35.103000,35.568464,35.034882,35.416336,12760000,Yahoo Finance
2013-02-15,35.500342,35.893149,35.361837,35.872715,17884400,Yahoo Finance
2013-02-19,35.877244,36.054348,35.570719,35.786423,13210000,Yahoo Finance
2013-02-20,35.675173,35.786432,35.236955,35.289177,15688800,Yahoo Finance
2013-02-21,35.221063,35.940833,35.146134,35.747837,14220800,Yahoo Finance
2013-02-22,35.943105,36.233737,35.577543,36.199677,11738000,Yahoo Finance
2013-02-25,36.147455,36.408572,35.395897,35.395897,11183200,Yahoo Finance
2013-02-26,35.423135,36.008942,35.423135,35.836380,11354000,Yahoo Finance
2013-02-27,35.750087,36.351790,35.716030,36.299564,8318000,Yahoo Finance
2013-02-28,36.406302,36.406302,35.945376,36.020306,11228000,Yahoo Finance
2013-03-01,35.859074,36.070239,35.568442,35.893135,13212000,Yahoo Finance
2013-03-04,35.820477,36.224638,35.772797,36.215557,6570000,Yahoo Finance
2013-03-05,36.349525,36.733252,36.297303,36.394936,10267600,Yahoo Finance
2013-03-06,36.524364,36.715091,36.374506,36.569775,7516000,Yahoo Finance
2013-03-07,36.526641,36.733264,36.249631,36.444901,8687200,Yahoo Finance
2013-03-08,36.633352,36.646975,36.304120,36.481224,9571600,Yahoo Finance
2013-03-11,36.640164,36.692390,36.422192,36.597023,6742000,Yahoo Finance
2013-03-12,36.483503,36.549351,36.108860,36.283695,8340800,Yahoo Finance
2013-03-13,36.215565,36.419915,36.067980,36.186047,11021600,Yahoo Finance
2013-03-14,36.192864,36.572052,36.170161,36.478958,14853600,Yahoo Finance
2013-03-15,36.335902,36.474407,35.995317,35.999859,17599600,Yahoo Finance
2013-03-18,35.711492,36.142899,35.511681,35.890869,15162800,Yahoo Finance
2013-03-19,35.874974,36.181502,35.348200,35.420860,17652400,Yahoo Finance
2013-03-20,35.647929,36.322288,35.584353,36.176971,16070400,Yahoo Finance
2013-03-21,35.977160,36.267793,35.829575,35.829575,14883200,Yahoo Finance
2013-03-22,35.922657,36.365417,35.811398,36.349522,18790400,Yahoo Finance
2013-03-25,36.499374,37.300884,36.442610,37.237309,19336800,Yahoo Finance
2013-03-26,37.441681,38.095606,37.359940,38.022949,17264800,Yahoo Finance
2013-03-27,37.829947,38.424835,37.580183,38.295414,13371200,Yahoo Finance
2013-03-28,38.315844,38.817641,38.175070,38.563335,12456400,Yahoo Finance
2013-04-01,38.542894,38.824446,37.895781,37.997959,13235200,Yahoo Finance
2013-04-02,38.240910,38.349897,37.988877,38.134193,9582000,Yahoo Finance
2013-04-03,38.240914,38.265890,37.300899,37.407616,16624800,Yahoo Finance
2013-04-04,37.559743,37.811776,37.466649,37.800423,8903600,Yahoo Finance
2013-04-05,37.285002,37.559739,37.144225,37.500706,7962400,Yahoo Finance
2013-04-08,37.609693,37.775443,37.346306,37.757278,6125600,Yahoo Finance
2013-04-09,37.879894,37.891248,37.239592,37.407616,6004400,Yahoo Finance
2013-04-10,37.457573,37.986616,37.457573,37.916229,8996400,Yahoo Finance
2013-04-11,37.918506,38.122856,37.741402,38.059280,6590000,Yahoo Finance
2013-04-12,37.671004,37.879896,37.487089,37.634674,7076800,Yahoo Finance
2013-04-15,37.378101,37.437138,36.622002,36.622002,10774000,Yahoo Finance
2013-04-16,36.930785,37.418960,36.896728,37.398525,10092000,Yahoo Finance
2013-04-17,37.178284,37.244129,36.769581,36.835426,9543600,Yahoo Finance
2013-04-18,36.917160,37.098806,36.617447,36.649235,21010800,Yahoo Finance
2013-04-19,36.801369,37.262294,36.726440,37.228237,7620400,Yahoo Finance
2013-04-22,37.139696,37.316800,36.894474,37.130611,5403600,Yahoo Finance
2013-04-23,37.298630,37.618777,37.130607,37.614239,6324000,Yahoo Finance
2013-04-24,37.614247,38.047926,37.600624,37.932125,7447200,Yahoo Finance
2013-04-25,38.125119,38.708653,38.018402,38.318115,9322800,Yahoo Finance
2013-04-26,38.318131,38.508861,37.950299,37.970734,6127200,Yahoo Finance
2013-04-29,38.084245,38.259080,37.954825,38.122845,10694400,Yahoo Finance
2013-04-30,38.279511,38.576955,38.154629,38.249996,12161600,Yahoo Finance
2013-05-01,37.916222,38.204581,37.146499,37.695976,12252400,Yahoo Finance
2013-05-02,38.599658,40.793028,38.599658,39.825764,30677200,Yahoo Finance
2013-05-03,40.179985,41.060964,40.059642,40.765789,15026400,Yahoo Finance
2013-05-06,40.720381,41.045074,40.445644,40.618206,13084000,Yahoo Finance
2013-05-07,40.754430,40.838440,40.239010,40.822544,11876400,Yahoo Finance
2013-05-08,40.747620,40.756701,40.347998,40.702206,14449200,Yahoo Finance
2013-05-09,40.695391,40.842980,40.468335,40.547806,11501200,Yahoo Finance
2013-05-10,40.570534,40.647736,40.313962,40.586430,13837600,Yahoo Finance
2013-05-13,40.547813,40.970139,40.445638,40.627281,12480000,Yahoo Finance
2013-05-14,40.638628,41.208542,40.561429,40.942886,16074800,Yahoo Finance
2013-05-15,40.945169,41.352344,40.872375,41.345520,13624400,Yahoo Finance
2013-05-16,41.340968,41.340968,40.895119,40.899670,9913600,Yahoo Finance
2013-05-17,41.145331,41.986980,41.063440,41.984707,13248800,Yahoo Finance
2013-05-20,41.834602,42.059798,41.127160,41.311413,21192000,Yahoo Finance
2013-05-21,41.295472,41.557068,41.033879,41.297749,13422800,Yahoo Finance
2013-05-22,41.418303,41.950590,40.967908,40.977005,19563200,Yahoo Finance
2013-05-23,40.576658,40.833701,40.287767,40.512966,16906000,Yahoo Finance
2013-05-24,40.462934,41.195398,40.240008,41.047539,12306400,Yahoo Finance
2013-05-28,41.500195,41.522941,40.870094,40.951984,9937200,Yahoo Finance
2013-05-29,40.767720,40.990643,40.506128,40.522049,7490400,Yahoo Finance
2013-05-30,40.567567,41.397846,40.567567,41.179470,9628000,Yahoo Finance
2013-05-31,41.074810,41.263610,40.512952,40.522049,12514400,Yahoo Finance
2013-06-03,40.660830,41.099852,40.378762,40.988392,15232400,Yahoo Finance
2013-06-04,40.808686,41.343250,40.649456,40.990665,13528400,Yahoo Finance
2013-06-05,40.915585,40.988378,40.230892,40.312782,12176800,Yahoo Finance
2013-06-06,40.192223,40.813224,40.126254,40.797302,14664800,Yahoo Finance
2013-06-07,41.093019,41.172636,40.842800,40.931515,13899200,Yahoo Finance
2013-06-10,41.067999,41.659430,40.861001,41.475178,13779200,Yahoo Finance
2013-06-11,41.070283,41.388744,40.845083,40.867832,7856400,Yahoo Finance
2013-06-12,41.090744,41.090744,40.651723,40.751808,9994800,Yahoo Finance
2013-06-13,40.751814,41.572992,40.651728,41.456982,9760400,Yahoo Finance
2013-06-14,41.411488,41.509299,40.970189,41.156715,7427200,Yahoo Finance
2013-06-17,41.472909,41.791370,41.286379,41.479733,14779200,Yahoo Finance
2013-06-18,41.336415,42.134844,41.336415,41.857327,7579200,Yahoo Finance
2013-06-19,41.911917,42.112094,41.520663,41.543411,12220800,Yahoo Finance
2013-06-20,41.293201,41.509300,40.594860,40.594860,15534000,Yahoo Finance
2013-06-21,40.945165,41.286375,40.672198,40.831429,17923200,Yahoo Finance
2013-06-24,40.515243,40.826880,39.962481,40.551640,15527600,Yahoo Finance
2013-06-25,40.899679,41.259087,40.603963,41.052086,12721600,Yahoo Finance
2013-06-26,41.375084,41.659425,41.054346,41.547962,10392800,Yahoo Finance
2013-06-27,41.727685,42.082543,41.513860,41.914211,11102400,Yahoo Finance
2013-06-28,41.914189,42.018828,41.450145,41.570705,12656400,Yahoo Finance
2013-07-01,41.832310,42.642117,41.770895,42.132576,11616000,Yahoo Finance
2013-07-02,42.100727,42.546572,41.914197,42.137123,8749200,Yahoo Finance
2013-07-03,41.896000,42.637565,41.839132,42.546574,4533200,Yahoo Finance
2013-07-05,42.962842,43.415514,42.651205,43.399590,8495600,Yahoo Finance
2013-07-08,43.583864,43.850008,42.778607,42.787708,19588000,Yahoo Finance
2013-07-09,42.981071,43.113006,42.446511,42.582993,23330400,Yahoo Finance
2013-07-10,42.617086,42.721722,42.266776,42.469227,15523200,Yahoo Finance
2013-07-11,43.069761,43.233542,42.655761,43.210796,14235200,Yahoo Finance
2013-07-12,43.197145,43.385948,43.026540,43.383675,7782800,Yahoo Finance
2013-07-15,43.561098,43.636164,43.174394,43.276756,14529200,Yahoo Finance
2013-07-16,43.263106,43.385940,42.924170,43.078854,7515200,Yahoo Finance
2013-07-17,42.865045,43.208528,42.796802,43.138012,11118000,Yahoo Finance
2013-07-18,43.267674,43.538364,43.208529,43.449650,5938400,Yahoo Finance
2013-07-19,43.465576,43.672577,43.083419,43.201706,9048400,Yahoo Finance
2013-07-22,43.267675,43.517893,43.049299,43.497421,7930400,Yahoo Finance
2013-07-23,43.385943,43.554274,42.887776,42.896877,11710800,Yahoo Finance
2013-07-24,43.172123,43.185774,42.232661,42.480606,13993600,Yahoo Finance
2013-07-25,43.447380,44.584746,43.447380,44.268559,21923200,Yahoo Finance
2013-07-26,44.129783,44.266268,43.636166,43.947803,8709200,Yahoo Finance
2013-07-29,43.870465,44.013775,43.504234,43.668015,5776400,Yahoo Finance
2013-07-30,43.834077,43.947814,43.481493,43.547462,13911200,Yahoo Finance
2013-07-31,44.072924,44.334517,38.895636,40.265022,90073600,Yahoo Finance
2013-08-01,41.345506,41.345506,39.416535,40.756351,74287200,Yahoo Finance
2013-08-02,41.313673,41.875532,41.136245,41.855061,21698400,Yahoo Finance
2013-08-05,41.855052,42.114371,41.582085,41.977886,11479600,Yahoo Finance
2013-08-06,41.902847,41.925593,41.138537,41.602581,19986800,Yahoo Finance
2013-08-07,41.265895,41.400104,40.922409,41.261345,15556400,Yahoo Finance
2013-08-08,41.493375,41.527495,40.929239,41.122593,9626800,Yahoo Finance
2013-08-09,41.127139,41.252250,40.845071,40.901939,10028400,Yahoo Finance
2013-08-12,40.808674,40.940608,40.581200,40.890564,13622400,Yahoo Finance
2013-08-13,41.058896,41.090742,40.644893,40.770004,11407200,Yahoo Finance
2013-08-14,40.909033,41.360263,40.644680,40.644680,15338800,Yahoo Finance
2013-08-15,40.439562,40.448680,39.527991,39.637379,17288400,Yahoo Finance
2013-08-16,39.589526,39.819697,39.279592,39.455070,12612400,Yahoo Finance
2013-08-19,39.272760,40.311951,39.245414,39.876675,11982000,Yahoo Finance
2013-08-20,39.792330,39.942740,39.402632,39.475559,14135200,Yahoo Finance
2013-08-21,39.484687,41.362525,39.316049,40.653778,30930800,Yahoo Finance
2013-08-22,40.938661,41.346588,40.341583,40.774578,10586400,Yahoo Finance
2013-08-23,41.111848,41.155148,40.478306,40.815590,9807200,Yahoo Finance
2013-08-26,40.897636,40.897636,39.874397,39.881233,13789200,Yahoo Finance
2013-08-27,39.420873,39.899449,39.327440,39.692066,12762400,Yahoo Finance
2013-08-28,39.509771,40.061271,39.509771,39.929096,15672000,Yahoo Finance
2013-08-29,39.906299,40.400825,39.833371,39.965549,9404800,Yahoo Finance
2013-08-30,39.974677,39.995186,39.610047,39.749062,9886400,Yahoo Finance
2013-09-03,40.115957,40.656061,39.938201,40.341572,12550400,Yahoo Finance
2013-09-04,40.314226,40.537563,39.938204,40.152424,9753200,Yahoo Finance
2013-09-05,40.138732,40.268629,39.933626,40.156963,7406800,Yahoo Finance
2013-09-06,40.182054,40.539844,39.892629,40.261814,6697200,Yahoo Finance
2013-09-09,40.400810,40.713022,40.400810,40.690235,10801600,Yahoo Finance
2013-09-10,41.569922,42.080400,41.323797,42.066727,19507200,Yahoo Finance
2013-09-11,42.160163,42.508839,41.683868,42.458702,11006000,Yahoo Finance
2013-09-12,42.486040,42.800533,42.173828,42.173828,14212000,Yahoo Finance
2013-09-13,42.271825,43.140096,42.205735,43.071728,16403600,Yahoo Finance
2013-09-16,43.518388,43.545734,43.044371,43.158318,11380800,Yahoo Finance
2013-09-17,43.144650,43.732611,42.971450,43.664246,10400800,Yahoo Finance
2013-09-18,43.395328,44.211184,43.338355,44.131420,10474800,Yahoo Finance
2013-09-19,44.331979,45.122767,44.213473,44.373001,14966400,Yahoo Finance
2013-09-20,44.507455,45.311916,44.181567,45.311916,57707200,Yahoo Finance
2013-09-23,45.113652,45.774539,44.666980,44.721676,19551600,Yahoo Finance
2013-09-24,44.721682,44.849302,43.896708,44.060791,15296400,Yahoo Finance
2013-09-25,44.044827,44.211187,43.454582,43.655128,10594800,Yahoo Finance
2013-09-26,43.857955,44.325136,43.677921,44.110916,9326400,Yahoo Finance
2013-09-27,43.753128,44.145104,43.712106,43.994694,7258400,Yahoo Finance
2013-09-30,43.481947,43.746304,43.356606,43.550316,9561600,Yahoo Finance
2013-10-01,43.593601,44.122314,43.315575,44.033436,9384800,Yahoo Finance
2013-10-02,43.732630,43.983313,43.527527,43.714401,8712400,Yahoo Finance
2013-10-03,43.753115,43.780461,42.784571,42.991951,19646000,Yahoo Finance
2013-10-04,42.989690,43.561700,42.846116,43.409012,9365600,Yahoo Finance
2013-10-07,42.832438,42.832438,42.460975,42.463253,11785200,Yahoo Finance
2013-10-08,42.442731,42.930422,41.592689,41.597248,16039600,Yahoo Finance
2013-10-09,41.795532,42.091793,41.045766,41.898087,13448000,Yahoo Finance
2013-10-10,42.374372,43.099069,42.285494,43.078560,10865600,Yahoo Finance
2013-10-11,43.026150,43.800983,42.729888,43.800983,11915200,Yahoo Finance
2013-10-14,43.383932,44.163325,43.304172,44.083565,8922400,Yahoo Finance
2013-10-15,43.990127,44.306897,43.611824,43.611824,10567600,Yahoo Finance
2013-10-16,43.851127,44.623684,43.718949,44.582664,10382800,Yahoo Finance
2013-10-17,44.591777,45.293687,44.546199,45.186577,12605200,Yahoo Finance
2013-10-18,45.286842,45.804159,44.883471,45.681095,14387200,Yahoo Finance
2013-10-21,45.817839,45.961410,45.409909,45.587666,11526000,Yahoo Finance
2013-10-22,45.589948,46.189303,45.466884,45.573994,12202800,Yahoo Finance
2013-10-23,45.277741,45.375736,44.935901,45.325600,7476400,Yahoo Finance
2013-10-24,45.548919,46.348824,45.489668,46.241714,8885600,Yahoo Finance
2013-10-25,46.430871,46.467331,45.924948,46.275902,11014400,Yahoo Finance
2013-10-28,46.392133,46.604071,46.136891,46.280464,6854400,Yahoo Finance
2013-10-29,46.371603,46.774974,46.371603,46.544804,8599600,Yahoo Finance
2013-10-30,46.686107,46.695222,45.952293,46.449100,11946400,Yahoo Finance
2013-10-31,44.906272,45.327872,44.270449,44.819672,24035200,Yahoo Finance
2013-11-01,45.339260,45.799605,45.241268,45.387119,13233600,Yahoo Finance
2013-11-04,45.505621,45.578548,44.710277,44.762691,11089200,Yahoo Finance
2013-11-05,44.525683,45.115924,44.439082,44.979187,11058000,Yahoo Finance
2013-11-06,45.291411,45.621855,44.983754,45.355221,8878800,Yahoo Finance
2013-11-07,45.571717,45.660596,44.689774,44.689774,10832400,Yahoo Finance
2013-11-08,44.614571,45.227603,44.614571,45.188858,11462400,Yahoo Finance
2013-11-11,45.268612,45.510178,45.172898,45.412186,8385200,Yahoo Finance
2013-11-12,45.307360,45.391679,44.860692,45.184299,9016400,Yahoo Finance
2013-11-13,44.905698,45.620445,44.871446,45.620445,8181600,Yahoo Finance
2013-11-14,45.654707,45.723213,45.389819,45.704945,10909600,Yahoo Finance
2013-11-15,45.615886,46.250709,45.611322,46.127399,12391600,Yahoo Finance
2013-11-18,46.127390,46.289522,45.503986,45.647846,16380800,Yahoo Finance
2013-11-19,45.750604,45.762019,44.944517,45.074677,14462800,Yahoo Finance
2013-11-20,45.163732,45.716347,45.138613,45.241371,10197200,Yahoo Finance
2013-11-21,45.506274,46.127395,45.088387,46.038338,12776400,Yahoo Finance
2013-11-22,46.058889,46.205035,45.634151,46.154797,8150800,Yahoo Finance
2013-11-25,46.246139,46.275823,45.969830,46.111408,6742000,Yahoo Finance
2013-11-26,46.278103,46.492756,46.040614,46.474487,11246000,Yahoo Finance
2013-11-27,46.469908,46.773618,46.362582,46.581802,5939600,Yahoo Finance
2013-11-29,46.700569,46.828449,46.460800,46.460800,4139200,Yahoo Finance
2013-12-02,46.606944,47.152709,46.606944,46.842148,8762000,Yahoo Finance
2013-12-03,45.654704,46.264411,45.654704,46.070309,17032800,Yahoo Finance
2013-12-04,46.077154,46.431103,45.917308,46.296375,11739200,Yahoo Finance
2013-12-05,46.170793,46.342058,46.017796,46.061184,13260000,Yahoo Finance
2013-12-06,46.515605,46.547574,45.899051,46.097717,9106800,Yahoo Finance
2013-12-09,46.077152,46.287236,45.981244,46.033764,12667200,Yahoo Finance
2013-12-10,45.878497,46.056612,45.540531,45.540531,15647200,Yahoo Finance
2013-12-11,45.899019,47.476941,45.899019,46.963146,40328000,Yahoo Finance
2013-12-12,46.805595,46.960874,46.241562,46.456215,11469200,Yahoo Finance
2013-12-13,46.700563,47.497518,46.565835,47.351372,17674400,Yahoo Finance
2013-12-16,47.506635,48.084373,47.335370,47.440414,14779600,Yahoo Finance
2013-12-17,47.639084,48.824239,47.460969,48.696362,20647200,Yahoo Finance
2013-12-18,48.662120,49.205598,47.954222,49.175915,16142000,Yahoo Finance
2013-12-19,49.080008,49.751368,48.990951,49.342617,13394800,Yahoo Finance
2013-12-20,49.488751,49.826713,49.301499,49.317486,23263600,Yahoo Finance
2013-12-23,49.550409,49.970579,49.449933,49.787895,7994800,Yahoo Finance
2013-12-24,49.888391,50.144146,49.557279,49.947762,5207600,Yahoo Finance
2013-12-26,50.007111,50.294835,50.007111,50.283417,4898800,Yahoo Finance
2013-12-27,50.466098,50.557438,50.043643,50.162388,5242000,Yahoo Finance
2013-12-30,50.372501,50.607705,50.169266,50.445576,5940000,Yahoo Finance
2013-12-31,50.584848,50.858871,50.472954,50.849735,6448400,Yahoo Finance
2014-01-02,50.589415,50.701309,50.123575,50.468388,10654000,Yahoo Finance
2014-01-03,50.637371,50.806354,50.290273,50.502644,7809600,Yahoo Finance
2014-01-06,50.507196,50.765237,50.144115,50.198921,8577600,Yahoo Finance
2014-01-07,50.409022,50.719583,50.342801,50.582569,8178000,Yahoo Finance
2014-01-08,50.562018,50.922817,50.383903,50.744701,8487200,Yahoo Finance
2014-01-09,51.048415,51.269919,50.616827,50.673916,8386400,Yahoo Finance
2014-01-10,50.657940,50.863461,50.240053,50.495811,6429600,Yahoo Finance
2014-01-13,50.699037,51.194564,49.920351,49.986572,13554400,Yahoo Finance
2014-01-14,49.950032,50.842892,49.856407,50.842892,10851600,Yahoo Finance
2014-01-15,50.888553,51.356674,50.655631,51.096352,11288000,Yahoo Finance
2014-01-16,50.966214,51.096374,50.532340,50.641953,13514000,Yahoo Finance
2014-01-17,50.705890,53.037377,50.703604,53.019108,38344400,Yahoo Finance
2014-01-21,53.523753,53.777225,52.708533,52.962002,19752400,Yahoo Finance
2014-01-22,53.069328,53.393593,52.904914,53.204060,7254400,Yahoo Finance
2014-01-23,52.900364,53.053360,51.986950,52.121677,13662400,Yahoo Finance
2014-01-24,51.699212,51.827093,50.523193,50.523193,16043200,Yahoo Finance
2014-01-27,50.710442,50.710442,49.123383,49.374573,19470800,Yahoo Finance
2014-01-28,49.694267,50.776664,49.644029,50.456970,17852400,Yahoo Finance
2014-01-29,50.032255,50.406755,49.438534,49.580112,16800000,Yahoo Finance
2014-01-30,51.550786,51.607874,49.395129,50.438705,20040400,Yahoo Finance
2014-01-31,49.354022,49.986558,49.121101,49.194172,24457200,Yahoo Finance
2014-02-03,49.440806,49.744516,48.426919,48.746613,21662400,Yahoo Finance
2014-02-04,48.904176,49.296944,48.269353,48.990948,14913600,Yahoo Finance
2014-02-05,48.694090,49.493327,48.666685,49.235287,13520800,Yahoo Finance
2014-02-06,49.342611,50.011684,49.274104,50.011684,12721600,Yahoo Finance
2014-02-07,50.281141,50.694460,49.886091,50.644222,12537200,Yahoo Finance
2014-02-10,50.669350,50.724156,50.235480,50.363358,10316800,Yahoo Finance
2014-02-11,50.495790,50.897691,50.249168,50.769814,9809600,Yahoo Finance
2014-02-12,51.115267,51.449262,50.989446,51.282265,14650800,Yahoo Finance
2014-02-13,50.980285,51.414938,50.891067,51.254803,13158800,Yahoo Finance
2014-02-14,51.305131,51.755798,51.131267,51.700893,12682000,Yahoo Finance
2014-02-18,51.810696,52.268226,51.613958,51.714615,13427200,Yahoo Finance
2014-02-19,51.671156,52.110384,51.170160,51.215916,9322000,Yahoo Finance
2014-02-20,51.279962,51.465261,50.920799,51.119827,8810000,Yahoo Finance
2014-02-21,51.181592,51.396632,51.010019,51.096951,9136000,Yahoo Finance
2014-02-24,51.181591,52.028021,51.122113,51.744354,10817200,Yahoo Finance
2014-02-25,51.744371,52.256802,51.584236,51.954834,11339600,Yahoo Finance
2014-02-26,51.982271,52.135543,51.531603,51.726055,10413600,Yahoo Finance
2014-02-27,51.744358,52.112670,51.609387,51.764946,8097600,Yahoo Finance
2014-02-28,51.808409,52.156133,50.488434,51.687164,14004000,Yahoo Finance
2014-03-03,51.069477,51.252486,50.234483,50.657700,16422800,Yahoo Finance
2014-03-04,51.506444,51.694033,50.918520,51.586514,14884800,Yahoo Finance
2014-03-05,51.613959,51.655139,50.854461,50.971130,11328400,Yahoo Finance
2014-03-06,51.188472,51.716922,51.087818,51.211349,9120400,Yahoo Finance
2014-03-07,51.460700,51.639136,51.138140,51.600246,8971200,Yahoo Finance
2014-03-10,51.588800,51.785538,51.408077,51.586514,7350400,Yahoo Finance
2014-03-11,51.689445,52.247632,51.387477,51.970825,11062800,Yahoo Finance
2014-03-12,51.728331,52.085204,51.538456,51.723759,9394800,Yahoo Finance
2014-03-13,51.851880,52.041755,50.426671,50.506741,11996400,Yahoo Finance
2014-03-14,50.470143,50.767538,49.998887,50.504459,13692000,Yahoo Finance
2014-03-17,50.783543,51.215909,50.643997,51.193031,8800000,Yahoo Finance
2014-03-18,51.380629,51.877049,51.071795,51.794693,8304800,Yahoo Finance
2014-03-19,51.840447,51.950253,50.785840,51.202194,7888800,Yahoo Finance
2014-03-20,51.270808,51.270808,50.536475,50.744652,11890000,Yahoo Finance
2014-03-21,51.007731,53.226751,50.259668,51.099236,38092400,Yahoo Finance
2014-03-24,51.561340,51.753501,50.122409,50.499870,18228400,Yahoo Finance
2014-03-25,50.829294,51.023742,49.962273,49.962273,11675200,Yahoo Finance
2014-03-26,50.316858,50.371763,49.340031,49.340031,10657200,Yahoo Finance
2014-03-27,49.159304,49.452123,48.738378,49.360619,10489600,Yahoo Finance
2014-03-28,49.065532,49.491035,48.159624,48.518784,14950000,Yahoo Finance
2014-03-31,48.678904,49.381214,48.422688,49.381214,11639200,Yahoo Finance
2014-04-01,49.660322,49.907389,49.081547,49.115860,9090400,Yahoo Finance
2014-04-02,49.134152,49.527628,48.811592,49.106701,9344800,Yahoo Finance
2014-04-03,49.365196,49.477292,48.813875,49.186760,14210400,Yahoo Finance
2014-04-04,49.314871,49.346898,47.068397,47.514488,24449200,Yahoo Finance
2014-04-07,47.304041,47.455027,45.986356,46.533104,40124000,Yahoo Finance
2014-04-08,46.398116,47.107285,46.210527,46.345497,21745600,Yahoo Finance
2014-04-09,46.800748,47.532795,46.352367,47.477890,19142800,Yahoo Finance
2014-04-10,47.642593,47.827896,45.787309,46.107582,20403600,Yahoo Finance
2014-04-11,45.576846,45.752996,44.572568,44.982059,29939600,Yahoo Finance
2014-04-14,45.707251,46.199094,45.297760,45.984055,20925600,Yahoo Finance
2014-04-15,46.631466,46.883109,45.563134,46.679508,19214000,Yahoo Finance
2014-04-16,47.354348,47.939986,47.006625,47.894234,15832800,Yahoo Finance
2014-04-17,48.118434,48.392951,47.571686,47.571686,13364000,Yahoo Finance
2014-04-21,47.807320,47.926279,47.672349,47.841637,10012400,Yahoo Finance
2014-04-22,47.889675,48.173345,47.704376,48.033798,9840000,Yahoo Finance
2014-04-23,48.109281,48.109281,47.583121,47.770710,8819600,Yahoo Finance
2014-04-24,47.994889,48.155024,47.489317,47.903381,13547200,Yahoo Finance
2014-04-25,45.753009,46.622316,45.423586,45.508228,38239200,Yahoo Finance
2014-04-28,45.638611,46.194508,45.526514,46.077839,24263200,Yahoo Finance
2014-04-29,46.185371,46.679505,46.162493,46.363808,12760000,Yahoo Finance
2014-04-30,46.269994,46.585691,46.187639,46.350063,12145600,Yahoo Finance
2014-05-01,46.690943,47.425277,46.521655,47.146183,14273200,Yahoo Finance
2014-05-02,47.066113,47.377233,46.668060,46.764141,10908800,Yahoo Finance
2014-05-05,46.610871,47.555672,46.439297,47.384098,13792800,Yahoo Finance
2014-05-06,47.285712,47.358919,46.942565,46.979168,10873200,Yahoo Finance
2014-05-07,47.356627,47.811871,46.768703,47.743240,14732000,Yahoo Finance
2014-05-08,47.795873,48.521061,47.722670,48.246540,14613600,Yahoo Finance
2014-05-09,48.081829,48.239677,47.617436,48.225952,11795600,Yahoo Finance
2014-05-12,48.287717,48.607987,48.276278,48.429550,8732800,Yahoo Finance
2014-05-13,48.495894,48.656029,48.360920,48.511906,7137600,Yahoo Finance
2014-05-14,48.406470,48.562326,48.099346,48.099346,6838000,Yahoo Finance
2014-05-15,47.902246,48.060393,47.310916,47.546989,12685200,Yahoo Finance
2014-05-16,47.579069,48.152062,47.579069,48.087887,12279600,Yahoo Finance
2014-05-19,47.989335,48.356049,47.867861,48.213947,7039600,Yahoo Finance
2014-05-20,48.204781,48.204781,47.535521,47.654705,8740000,Yahoo Finance
2014-05-21,47.867865,48.285002,47.808272,48.154362,9096400,Yahoo Finance
2014-05-22,48.161238,48.195616,47.833483,47.987045,16870000,Yahoo Finance
2014-05-23,48.129150,48.651720,48.064975,48.605881,11117600,Yahoo Finance
2014-05-27,48.816747,49.167419,48.777784,49.162834,9676800,Yahoo Finance
2014-05-28,49.162825,49.162825,48.821320,49.002388,7223200,Yahoo Finance
2014-05-29,49.048217,49.206363,48.933618,49.201778,5260400,Yahoo Finance
2014-05-30,49.479130,49.495172,48.894676,49.238472,6136400,Yahoo Finance
2014-06-02,49.362222,49.435567,48.782354,48.938210,6364000,Yahoo Finance
2014-06-03,48.825912,48.871751,48.314803,48.433987,9011600,Yahoo Finance
2014-06-04,48.397310,48.459190,48.005381,48.459190,12589600,Yahoo Finance
2014-06-05,48.617338,48.704434,48.273542,48.640259,6597600,Yahoo Finance
2014-06-06,48.711312,48.910712,48.500450,48.819035,10002400,Yahoo Finance
2014-06-09,48.931345,49.045944,48.505038,48.722775,5516400,Yahoo Finance
2014-06-10,48.819029,49.227000,48.761730,49.105526,6835600,Yahoo Finance
2014-06-11,48.816740,49.027601,48.617336,48.745686,6758000,Yahoo Finance
2014-06-12,48.679226,48.858000,48.413356,48.537125,6218000,Yahoo Finance
2014-06-13,48.560032,48.605874,48.326253,48.427097,7085200,Yahoo Finance
2014-06-16,48.333133,48.358345,48.124563,48.186447,7899200,Yahoo Finance
2014-06-17,48.163531,48.571502,48.108522,48.317093,5722400,Yahoo Finance
2014-06-18,48.234587,48.417946,47.909127,48.417946,10326000,Yahoo Finance
2014-06-19,48.468352,48.626499,47.677622,48.204777,15331200,Yahoo Finance
2014-06-20,48.479820,48.617336,47.925162,48.014549,18358800,Yahoo Finance
2014-06-23,47.902249,48.087898,47.714305,48.009972,14765200,Yahoo Finance
2014-06-24,47.964127,48.266665,47.530944,47.624912,13089600,Yahoo Finance
2014-06-25,47.514913,48.243762,47.514913,47.916008,8244800,Yahoo Finance
2014-06-26,48.092471,48.099346,47.572192,47.893070,8580400,Yahoo Finance
2014-06-27,47.695960,48.108513,47.640952,47.966412,12961200,Yahoo Finance
2014-06-30,47.824308,48.530236,47.787635,48.294163,9961600,Yahoo Finance
2014-07-01,48.578371,49.357644,48.550869,49.105526,10993600,Yahoo Finance
2014-07-02,49.249927,49.389737,49.105531,49.240757,5768800,Yahoo Finance
2014-07-03,49.348472,49.735816,49.300343,49.623508,5571600,Yahoo Finance
2014-07-07,49.605173,49.861877,49.424109,49.676228,6612400,Yahoo Finance
2014-07-08,49.683096,49.710598,48.853399,49.337006,12149200,Yahoo Finance
2014-07-09,49.392018,49.570792,49.165112,49.543289,5177200,Yahoo Finance
2014-07-10,49.002398,49.710617,48.745695,49.401199,8536800,Yahoo Finance
2014-07-11,49.495167,49.744991,49.133034,49.735825,5696800,Yahoo Finance
2014-07-14,50.136908,50.964310,49.884789,50.659477,13716400,Yahoo Finance
2014-07-15,50.806171,51.512099,50.629688,50.831383,10900800,Yahoo Finance
2014-07-16,51.097250,51.147674,50.670943,51.035366,8853200,Yahoo Finance
2014-07-17,50.868048,50.881799,49.926047,49.937508,9806000,Yahoo Finance
2014-07-18,50.235467,50.856594,50.175877,50.469250,11068000,Yahoo Finance
2014-07-21,50.315695,50.453215,50.081913,50.244644,6168400,Yahoo Finance
2014-07-22,50.634270,51.017029,50.563219,50.712196,7699200,Yahoo Finance
2014-07-23,50.764910,51.005564,50.579257,50.698441,8189200,Yahoo Finance
2014-07-24,51.200403,51.305835,50.842855,51.051426,11947600,Yahoo Finance
2014-07-25,49.071151,49.667062,48.438564,49.224712,27530400,Yahoo Finance
2014-07-28,49.144487,49.268255,48.846530,49.098648,10401600,Yahoo Finance
2014-07-29,49.139908,49.440160,48.894669,48.933632,10577200,Yahoo Finance
2014-07-30,48.931344,49.229298,48.922174,49.061985,10422800,Yahoo Finance
2014-07-31,48.880907,48.901534,48.362919,48.362919,13874000,Yahoo Finance
2014-08-01,48.101633,48.832773,48.081006,48.546276,14100000,Yahoo Finance
2014-08-04,48.784646,48.857987,48.479813,48.626499,8079600,Yahoo Finance
2014-08-05,48.475227,48.679212,47.941196,48.255196,11151200,Yahoo Finance
2014-08-06,48.126850,48.447728,48.087887,48.289581,7528400,Yahoo Finance
2014-08-07,48.401882,48.463766,47.810556,47.911400,9568000,Yahoo Finance
2014-08-08,47.874734,48.257493,47.721172,48.236866,9256800,Yahoo Finance
2014-08-11,48.369803,48.411060,48.138315,48.264374,9018400,Yahoo Finance
2014-08-12,48.152074,48.406483,48.005388,48.200207,6442000,Yahoo Finance
2014-08-13,48.441328,48.705410,48.328810,48.551552,6451200,Yahoo Finance
2014-08-14,48.703093,48.817910,48.523979,48.801838,7136800,Yahoo Finance
2014-08-15,48.886796,48.985540,48.207078,48.266785,8999600,Yahoo Finance
2014-08-18,48.565315,49.240436,48.514795,49.215179,8352400,Yahoo Finance
2014-08-19,49.313922,49.529778,49.171550,49.371330,8212400,Yahoo Finance
2014-08-20,49.274890,49.702010,49.240443,49.646896,7296800,Yahoo Finance
2014-08-21,49.715793,49.823722,49.534384,49.543568,5544000,Yahoo Finance
2014-08-22,49.646899,49.819125,49.440230,49.621639,7145600,Yahoo Finance
2014-08-25,49.876531,49.904089,49.566527,49.605564,4962400,Yahoo Finance
2014-08-26,49.713487,50.060233,49.642297,49.768597,6944000,Yahoo Finance
2014-08-27,49.858164,49.952314,49.437933,49.860462,8035600,Yahoo Finance
2014-08-28,49.371332,49.541263,49.088883,49.279480,11083600,Yahoo Finance
2014-08-29,49.270290,49.371329,48.705392,48.801838,14646000,Yahoo Finance
2014-09-02,49.006222,49.364451,48.845479,49.309338,8066400,Yahoo Finance
2014-09-03,49.387407,49.637707,49.212883,49.348366,7788400,Yahoo Finance
2014-09-04,49.472367,49.628516,49.141693,49.201397,9492400,Yahoo Finance
2014-09-05,49.224381,49.226676,48.935044,49.189938,8202800,Yahoo Finance
2014-09-08,49.143987,49.651480,49.026875,49.548145,10266400,Yahoo Finance
2014-09-09,49.437930,49.479266,49.141704,49.206001,7328800,Yahoo Finance
2014-09-10,49.157776,50.209497,49.150884,49.803047,12646800,Yahoo Finance
2014-09-11,49.761700,49.773182,49.245023,49.359840,8861200,Yahoo Finance
2014-09-12,49.343767,49.543547,48.854645,49.150871,8710800,Yahoo Finance
2014-09-15,49.107249,49.511403,49.107249,49.288658,7036800,Yahoo Finance
2014-09-16,49.350669,50.009718,49.061328,49.899494,9211600,Yahoo Finance
2014-09-17,49.830593,49.943115,49.072800,49.493031,12321200,Yahoo Finance
2014-09-18,49.584884,49.757110,49.405770,49.702000,9215200,Yahoo Finance
2014-09-19,49.989056,50.094686,49.483862,49.658382,20475200,Yahoo Finance
2014-09-22,49.826019,49.826019,49.084301,49.114155,9074000,Yahoo Finance
2014-09-23,49.118722,49.118722,48.788052,48.788052,7959600,Yahoo Finance
2014-09-24,48.861547,49.371335,48.739841,49.235851,8336000,Yahoo Finance
2014-09-25,49.150886,49.203704,48.319612,48.386208,11729600,Yahoo Finance
2014-09-26,48.556133,48.732953,48.351759,48.668655,7178800,Yahoo Finance
2014-09-29,48.271385,48.558427,48.021081,48.436718,8788800,Yahoo Finance
2014-09-30,48.491826,49.146285,48.457383,48.997021,11456000,Yahoo Finance
2014-10-01,48.877616,49.098063,48.165749,48.225452,11686000,Yahoo Finance
2014-10-02,47.993541,48.223176,47.717981,48.158878,11411600,Yahoo Finance
2014-10-03,48.459691,48.751327,48.264501,48.680141,9960800,Yahoo Finance
2014-10-06,48.817909,48.946504,48.604351,48.634201,8937200,Yahoo Finance
2014-10-07,48.409168,48.473465,47.729453,47.775379,8949600,Yahoo Finance
2014-10-08,47.770782,48.806431,47.695003,48.765099,14038800,Yahoo Finance
2014-10-09,48.730646,48.730646,47.667439,47.697292,10996800,Yahoo Finance
2014-10-10,47.738632,48.124420,47.070396,47.070396,11744400,Yahoo Finance
2014-10-13,46.960172,47.706483,46.781058,46.909653,12188800,Yahoo Finance
2014-10-14,46.939516,47.281668,46.487136,46.551434,14018000,Yahoo Finance
2014-10-15,46.124303,46.379197,45.226433,45.984226,19668000,Yahoo Finance
2014-10-16,45.258584,46.663947,44.822281,46.615723,15625600,Yahoo Finance
2014-10-17,47.038254,47.435523,46.746621,47.304630,12731600,Yahoo Finance
2014-10-20,47.196705,47.809828,47.107148,47.729458,7628000,Yahoo Finance
2014-10-21,48.172642,48.999326,47.740928,48.983250,12986000,Yahoo Finance
2014-10-22,48.978661,49.130220,48.399985,48.434429,11042000,Yahoo Finance
2014-10-23,49.111850,49.578007,48.838585,49.206001,9729600,Yahoo Finance
2014-10-24,49.056729,49.176136,48.650276,49.022282,10896000,Yahoo Finance
2014-10-27,48.925833,49.309322,48.730646,49.006207,6658800,Yahoo Finance
2014-10-28,49.281763,49.798440,49.155464,49.763996,10497600,Yahoo Finance
2014-10-29,49.672146,50.152080,49.084283,49.293251,16095200,Yahoo Finance
2014-10-30,52.478283,54.946850,52.361171,54.342911,50857600,Yahoo Finance
2014-10-31,54.489878,55.686273,54.489878,55.440563,24956000,Yahoo Finance
2014-11-03,55.337218,55.847006,54.882544,55.465813,12716000,Yahoo Finance
2014-11-04,55.031818,55.803389,54.905522,55.794205,16644400,Yahoo Finance
2014-11-05,56.067464,57.945869,56.030722,57.300598,21939600,Yahoo Finance
2014-11-06,57.296003,57.615195,56.843624,57.429192,13212000,Yahoo Finance
2014-11-07,57.436076,57.966530,57.188070,57.966530,9507600,Yahoo Finance
2014-11-10,57.863191,57.959637,57.070954,57.456741,13145200,Yahoo Finance
2014-11-11,57.220231,57.380978,56.986007,57.346531,8467600,Yahoo Finance
2014-11-12,57.254501,58.016053,57.137160,57.967735,10897200,Yahoo Finance
2014-11-13,58.071267,58.071267,57.424753,57.730755,12473200,Yahoo Finance
2014-11-14,57.781362,57.785965,57.226877,57.252186,8532800,Yahoo Finance
2014-11-17,57.192363,57.848079,57.095732,57.473057,9876800,Yahoo Finance
2014-11-18,57.470767,57.917115,57.305115,57.456963,7647200,Yahoo Finance
2014-11-19,57.571985,57.710033,56.872555,57.486858,6642800,Yahoo Finance
2014-11-20,56.950801,57.953934,56.946198,57.903316,6704000,Yahoo Finance
2014-11-21,58.701675,59.028383,58.167900,58.490005,11886800,Yahoo Finance
2014-11-24,58.669458,58.726977,58.347352,58.582027,10724800,Yahoo Finance
2014-11-25,58.752287,59.359688,58.628047,59.189434,12966400,Yahoo Finance
2014-11-26,59.240051,59.578264,58.807507,59.189434,7977200,Yahoo Finance
2014-11-28,59.493127,59.704800,59.336676,59.403400,5186800,Yahoo Finance
2014-12-01,58.961643,59.969379,58.961643,59.394188,10925600,Yahoo Finance
2014-12-02,59.628880,59.877360,59.412608,59.822144,8535200,Yahoo Finance
2014-12-03,59.737022,60.252390,59.518446,60.187969,9382000,Yahoo Finance
2014-12-04,60.298411,60.337527,59.831356,60.082146,7362400,Yahoo Finance
2014-12-05,60.197163,60.622798,60.049911,60.590591,7838000,Yahoo Finance
2014-12-08,60.625118,61.115182,60.399640,60.533089,12342000,Yahoo Finance
2014-12-09,59.704801,60.908102,59.704801,60.772358,10454000,Yahoo Finance
2014-12-10,60.689548,60.933429,60.049936,60.215591,8528000,Yahoo Finance
2014-12-11,60.498588,61.103683,60.397354,60.537697,13383600,Yahoo Finance
2014-12-12,59.941781,60.843683,59.078995,59.078995,15325600,Yahoo Finance
2014-12-15,59.398805,59.555255,58.230014,59.060593,12825200,Yahoo Finance
2014-12-16,58.190907,59.463233,58.059766,58.303646,12050400,Yahoo Finance
2014-12-17,58.466997,59.718613,58.370365,59.608173,9714400,Yahoo Finance
2014-12-18,60.243199,60.843702,60.082149,60.776978,10318000,Yahoo Finance
2014-12-19,60.592901,60.873595,60.137355,60.204079,15563600,Yahoo Finance
2014-12-22,60.376628,60.811469,60.286895,60.788460,5680000,Yahoo Finance
2014-12-23,60.972529,61.296938,60.753954,61.030048,5537600,Yahoo Finance
2014-12-24,61.082928,61.855988,61.057623,61.575294,5236800,Yahoo Finance
2014-12-26,61.575332,61.964162,61.342953,61.342953,4768800,Yahoo Finance
2014-12-29,61.310737,61.591431,60.981723,61.069153,5262400,Yahoo Finance
2014-12-30,60.993226,61.057647,60.528468,60.866680,4781600,Yahoo Finance
2014-12-31,61.080646,61.487879,60.321390,60.325996,5904800,Yahoo Finance
2015-01-02,60.597528,61.372884,60.392757,60.974850,8389600,Yahoo Finance
2015-01-05,60.622808,60.625111,59.559856,59.628883,12751200,Yahoo Finance
2015-01-06,59.771517,59.999290,58.637239,59.244640,11070000,Yahoo Finance
2015-01-07,59.460928,60.082137,59.233154,60.038422,9346800,Yahoo Finance
2015-01-08,60.556105,60.997848,60.424960,60.843700,10443200,Yahoo Finance
2015-01-09,60.650420,60.848289,59.766927,59.941788,10523600,Yahoo Finance
2015-01-12,60.059119,60.279990,59.621975,59.824436,6425600,Yahoo Finance
2015-01-13,60.284590,61.156582,59.615068,59.999298,10284000,Yahoo Finance
2015-01-14,59.046792,59.497740,58.466995,58.798306,12225200,Yahoo Finance
2015-01-15,59.062894,59.237754,58.062064,58.239223,10569200,Yahoo Finance
2015-01-16,57.956237,58.692484,57.864208,58.657970,11137200,Yahoo Finance
2015-01-20,58.950162,59.748527,58.499210,59.092808,14933200,Yahoo Finance
2015-01-21,58.936358,59.734723,58.554430,59.194042,9784000,Yahoo Finance
2015-01-22,58.772992,59.589764,58.294433,59.267658,11566000,Yahoo Finance
2015-01-23,59.479324,59.969387,59.401099,59.426411,6166800,Yahoo Finance
2015-01-26,59.115809,59.196337,58.393369,59.021477,8552400,Yahoo Finance
2015-01-27,58.391064,58.391064,57.192368,57.746853,11027600,Yahoo Finance
2015-01-28,58.101177,58.211613,56.667802,56.681606,11430800,Yahoo Finance
2015-01-29,56.950786,57.242984,56.407805,57.058922,15668400,Yahoo Finance
2015-01-30,59.911879,60.652725,58.648762,58.648762,22151600,Yahoo Finance
2015-02-02,58.970851,58.970851,57.450047,58.747677,13665200,Yahoo Finance
2015-02-03,59.062895,59.923385,58.609648,59.771534,15075600,Yahoo Finance
2015-02-04,59.725518,61.368267,59.612783,60.944927,22170800,Yahoo Finance
2015-02-05,61.487915,62.534760,61.177310,62.534760,16565600,Yahoo Finance
2015-02-06,62.523255,62.684311,61.209521,61.527027,11242000,Yahoo Finance
2015-02-09,61.524705,61.738674,61.034642,61.076054,7834400,Yahoo Finance
2015-02-10,61.372851,61.630535,60.655014,60.866680,9396800,Yahoo Finance
2015-02-11,61.076455,61.380703,60.908192,61.309250,8795600,Yahoo Finance
2015-02-12,61.684969,62.443298,61.555893,62.443298,11641600,Yahoo Finance
2015-02-13,62.867392,62.867392,61.952329,62.148251,8476000,Yahoo Finance
2015-02-17,62.574642,62.692189,62.203542,62.434036,6810400,Yahoo Finance
2015-02-18,62.434047,62.464012,61.807102,62.030682,6429200,Yahoo Finance
2015-02-19,62.249650,62.249650,61.772524,62.026070,5654800,Yahoo Finance
2015-02-20,62.012262,62.925018,61.555880,62.925018,9034800,Yahoo Finance
2015-02-23,62.915767,62.998748,62.291129,62.927296,6654800,Yahoo Finance
2015-02-24,63.111691,63.111691,62.503190,62.802830,9045200,Yahoo Finance
2015-02-25,62.523930,63.208499,62.523930,62.927296,6842800,Yahoo Finance
2015-02-26,62.971101,63.270741,62.699112,63.097870,13459600,Yahoo Finance
2015-02-27,63.033334,63.199291,62.535465,62.535465,7965200,Yahoo Finance
2015-03-02,63.780163,64.144348,63.256942,64.144348,11653600,Yahoo Finance
2015-03-03,64.227301,64.227301,63.040256,63.455143,8807200,Yahoo Finance
2015-03-04,63.420561,63.420561,62.752128,63.097870,8021200,Yahoo Finance
2015-03-05,63.386004,63.418276,63.097885,63.185474,6756000,Yahoo Finance
2015-03-06,63.017217,63.266155,62.060666,62.081409,11590800,Yahoo Finance
2015-03-09,62.353390,62.742926,62.021477,62.560841,8902000,Yahoo Finance
2015-03-10,62.150556,62.201258,61.127159,61.127159,11125600,Yahoo Finance
2015-03-11,61.226255,61.629620,60.631575,61.023418,12105200,Yahoo Finance
2015-03-12,61.403740,62.233522,61.380689,62.136711,9530800,Yahoo Finance
2015-03-13,61.966158,61.966158,60.965813,61.087975,12578800,Yahoo Finance
2015-03-16,61.516663,62.245019,61.456732,62.007610,9849600,Yahoo Finance
2015-03-17,61.786361,61.855507,60.882827,60.965801,14290800,Yahoo Finance
2015-03-18,60.871298,61.767925,59.700389,61.696472,50658000,Yahoo Finance
2015-03-19,61.615791,61.947703,60.620053,61.597347,15407500,Yahoo Finance
2015-03-20,62.003039,62.417926,61.569708,62.150558,15372000,Yahoo Finance
2015-03-23,62.722175,62.888131,61.837076,61.846298,8128000,Yahoo Finance
2015-03-24,61.864731,62.408702,61.625015,61.864731,6534800,Yahoo Finance
2015-03-25,61.864729,62.168983,60.601624,60.601624,13054300,Yahoo Finance
2015-03-26,60.159076,61.127156,59.947018,60.472546,9487200,Yahoo Finance
2015-03-27,60.408005,60.675380,60.066878,60.426449,6521100,Yahoo Finance
2015-03-30,60.868984,61.145581,60.389559,60.537079,11237100,Yahoo Finance
2015-03-31,60.361934,61.044196,60.288174,60.306618,7400500,Yahoo Finance
2015-04-01,60.343474,60.408013,59.421496,60.094543,7633000,Yahoo Finance
2015-04-02,59.919365,60.500216,59.753408,60.195961,5083000,Yahoo Finance
2015-04-06,59.679664,60.518660,59.384631,60.112988,8351200,Yahoo Finance
2015-04-07,60.278913,61.025720,60.214375,60.666149,6660800,Yahoo Finance
2015-04-08,60.749158,61.625035,60.666183,61.311565,6604200,Yahoo Finance
2015-04-09,61.376069,61.606563,60.629269,61.256214,5408500,Yahoo Finance
2015-04-10,61.486711,61.486711,60.786006,61.164013,4628500,Yahoo Finance
2015-04-13,61.053389,61.588138,60.398786,60.490982,5059800,Yahoo Finance
2015-04-14,60.408011,60.795247,59.817945,60.417233,5621800,Yahoo Finance
2015-04-15,60.481786,60.767604,60.205197,60.555546,5347100,Yahoo Finance
2015-04-16,60.417238,60.859791,60.251281,60.527878,4121300,Yahoo Finance
2015-04-17,60.020791,60.389584,59.329307,59.486042,11212900,Yahoo Finance
2015-04-20,59.928571,60.122185,59.541341,59.670418,5948900,Yahoo Finance
2015-04-21,59.956238,60.693823,59.919358,60.251270,9619700,Yahoo Finance
2015-04-22,60.684594,64.520026,60.656935,62.703728,20912400,Yahoo Finance
2015-04-23,62.878913,62.897356,62.251967,62.436367,7193400,Yahoo Finance
2015-04-24,62.814364,62.860466,62.058342,62.215084,6219900,Yahoo Finance
2015-04-27,63.054083,63.256920,61.707996,61.864731,7122400,Yahoo Finance
2015-04-28,62.058320,62.233498,61.228546,61.560452,6297500,Yahoo Finance
2015-04-29,61.643449,63.118613,61.569689,62.085995,9812400,Yahoo Finance
2015-04-30,61.938504,62.233537,60.315820,60.896671,11780600,Yahoo Finance
2015-05-01,60.131409,61.459060,60.066871,60.638493,10142800,Yahoo Finance
2015-05-04,60.896660,60.979635,60.361911,60.463329,7426400,Yahoo Finance
2015-05-05,60.638497,61.210126,60.481762,60.813675,8099800,Yahoo Finance
2015-05-06,60.988855,61.449844,60.140637,60.546303,7084600,Yahoo Finance
2015-05-07,60.463322,61.569692,60.426442,61.385300,6660300,Yahoo Finance
2015-05-08,61.901624,64.686002,61.781769,64.049835,18359000,Yahoo Finance
2015-05-11,63.893112,64.261898,63.422901,63.634953,10998500,Yahoo Finance
2015-05-12,63.201624,63.616511,62.666874,63.330700,7438200,Yahoo Finance
2015-05-13,63.496929,63.616994,62.979720,63.404572,5129800,Yahoo Finance
2015-05-14,63.690862,64.679104,63.589266,64.651398,6491100,Yahoo Finance
2015-05-15,64.743752,65.288674,64.014114,64.254250,7121000,Yahoo Finance
2015-05-18,64.411262,64.873058,63.847871,64.651398,5553800,Yahoo Finance
2015-05-19,64.780726,65.168633,64.651424,64.799202,4351000,Yahoo Finance
2015-05-20,64.882308,64.946960,64.171146,64.448219,4870100,Yahoo Finance
2015-05-21,64.235796,64.531345,63.986423,64.069550,6483800,Yahoo Finance
2015-05-22,64.004889,64.512860,64.004889,64.300438,4511700,Yahoo Finance
2015-05-26,64.014141,64.189626,63.090549,63.302979,6228100,Yahoo Finance
2015-05-27,63.589253,64.411249,63.265998,64.180351,7064800,Yahoo Finance
2015-05-28,64.171144,64.448217,63.543101,64.245026,3893900,Yahoo Finance
2015-05-29,64.032606,64.281973,63.284492,63.432270,6678100,Yahoo Finance
2015-06-01,63.847883,64.143432,63.201372,63.829414,6309400,Yahoo Finance
2015-06-02,63.478452,64.152670,62.813465,63.764763,4457400,Yahoo Finance
2015-06-03,63.967970,64.189630,63.626239,63.681652,4906400,Yahoo Finance
2015-06-04,63.386079,63.866351,62.831926,62.998173,6460000,Yahoo Finance
2015-06-05,63.072092,63.450761,62.804249,63.145981,4413100,Yahoo Finance
2015-06-08,62.979712,63.072070,62.453265,62.508678,4864300,Yahoo Finance
2015-06-09,62.499463,62.887370,62.370161,62.758068,4439700,Yahoo Finance
2015-06-10,63.007439,64.346645,62.905843,64.309700,6807800,Yahoo Finance
2015-06-11,64.374337,64.669886,64.115733,64.318924,5238700,Yahoo Finance
2015-06-12,64.124989,64.411300,63.746313,64.032631,4900700,Yahoo Finance
2015-06-15,63.469240,63.718607,62.961262,63.330700,5995100,Yahoo Finance
2015-06-16,63.219856,63.884843,63.072085,63.737072,5937400,Yahoo Finance
2015-06-17,63.829427,64.106507,63.275273,63.496933,7818300,Yahoo Finance
2015-06-18,63.635460,64.503631,63.616984,64.189613,7596800,Yahoo Finance
2015-06-19,63.977195,64.032615,63.247563,63.441517,8728800,Yahoo Finance
2015-06-22,64.023354,64.134187,63.635447,63.810925,5511700,Yahoo Finance
2015-06-23,63.820174,64.272732,63.810936,64.115723,3888700,Yahoo Finance
2015-06-24,63.829424,64.097266,63.506168,63.598526,4670600,Yahoo Finance
2015-06-25,64.078821,64.078821,63.275300,63.376896,4705100,Yahoo Finance
2015-06-26,63.450751,63.921784,63.182915,63.496933,7025600,Yahoo Finance
2015-06-29,62.795006,63.256802,61.594341,61.622047,9706700,Yahoo Finance
2015-06-30,62.194646,62.323956,61.658969,62.019169,6811000,Yahoo Finance
2015-07-01,62.748818,63.081312,62.370142,62.665691,6260800,Yahoo Finance
2015-07-02,62.942778,63.099787,62.453276,63.025898,5053000,Yahoo Finance
2015-07-06,62.388630,62.915077,62.213145,62.915077,5270600,Yahoo Finance
2015-07-07,62.905829,62.988949,61.446553,62.591805,6500700,Yahoo Finance
2015-07-08,61.889880,62.176191,61.557386,61.631275,5973500,Yahoo Finance
2015-07-09,62.480980,62.748823,61.899113,61.926826,4837800,Yahoo Finance
2015-07-10,62.785744,63.302953,62.721093,63.192120,5110200,Yahoo Finance
2015-07-13,63.774025,64.281996,63.570833,64.208107,6832300,Yahoo Finance
2015-07-14,64.623702,64.928489,64.161907,64.743767,5635400,Yahoo Finance
2015-07-15,64.771487,64.910027,64.365111,64.669891,4506200,Yahoo Finance
2015-07-16,65.048554,65.196325,64.623703,65.177856,6512500,Yahoo Finance
2015-07-17,65.020837,65.538046,64.910004,65.464157,6287600,Yahoo Finance
2015-07-20,65.842836,67.422176,65.787422,67.145096,10198500,Yahoo Finance
2015-07-21,67.274427,67.311372,66.276953,66.517082,10919600,Yahoo Finance
2015-07-22,66.443195,66.637148,66.147646,66.470901,6303200,Yahoo Finance
2015-07-23,66.683314,66.729496,65.759722,66.267700,10755700,Yahoo Finance
2015-07-24,70.913371,71.042673,68.715225,69.084663,21196100,Yahoo Finance
2015-07-27,68.604383,69.001528,67.957872,68.216476,10293800,Yahoo Finance
2015-07-28,68.622868,69.435626,68.207247,69.029243,10054300,Yahoo Finance
2015-07-29,69.223175,70.590093,68.964570,70.202187,13746900,Yahoo Finance
2015-07-30,70.091372,70.894899,69.491036,70.543930,6507000,Yahoo Finance
2015-07-31,70.608592,70.664012,69.564936,69.583405,8526300,Yahoo Finance
2015-08-03,69.814275,70.229896,69.278598,69.980522,5810800,Yahoo Finance
2015-08-04,69.758866,70.266844,69.297070,69.518730,6957900,Yahoo Finance
2015-08-05,70.239128,70.349954,69.195465,69.250885,6976400,Yahoo Finance
2015-08-06,69.546488,69.657315,67.930202,67.957909,7767800,Yahoo Finance
2015-08-07,68.050239,68.632099,67.717745,68.539742,6484600,Yahoo Finance
2015-08-10,69.167788,69.435631,68.207252,68.696754,6183500,Yahoo Finance
2015-08-11,68.170290,68.595141,67.625375,67.754677,6476000,Yahoo Finance
2015-08-12,67.412385,68.300485,66.968332,68.032204,7625100,Yahoo Finance
2015-08-13,67.930483,68.855589,67.884225,68.393036,5992000,Yahoo Finance
2015-08-14,68.318986,68.827797,67.948943,68.661278,3861500,Yahoo Finance
2015-08-17,68.457747,68.864796,67.995195,68.837044,3473500,Yahoo Finance
2015-08-18,68.698276,69.133077,68.467000,68.892548,6325500,Yahoo Finance
2015-08-19,68.642757,69.345838,68.152452,68.827782,5886900,Yahoo Finance
2015-08-20,68.050709,68.948062,67.356880,68.411499,12082300,Yahoo Finance
2015-08-21,67.070108,68.106228,65.645446,65.858223,15752200,Yahoo Finance
2015-08-24,59.354718,64.165259,55.506279,63.240154,20950600,Yahoo Finance
2015-08-25,66.320782,66.422544,61.611993,61.954285,14485000,Yahoo Finance
2015-08-26,64.174552,65.673218,62.814646,65.395691,12220000,Yahoo Finance
2015-08-27,66.552068,67.060871,65.497449,66.977615,9122200,Yahoo Finance
2015-08-28,66.700073,67.227383,66.237521,67.033112,6411400,Yahoo Finance
2015-08-31,66.524298,66.681565,65.515930,65.959984,8313300,Yahoo Finance
2015-09-01,64.211528,65.118127,63.369680,63.795227,11491500,Yahoo Finance
2015-09-02,64.701825,64.711071,63.554691,64.405792,9218000,Yahoo Finance
2015-09-03,65.173624,65.756444,64.748076,65.127373,9035200,Yahoo Finance
2015-09-04,64.100539,64.674107,63.499219,63.980278,9469400,Yahoo Finance
2015-09-08,65.451182,65.691711,64.341059,65.247658,7984900,Yahoo Finance
2015-09-09,65.451202,66.034015,64.230063,64.387329,9022200,Yahoo Finance
2015-09-10,64.294771,65.358643,64.257766,64.970100,7244200,Yahoo Finance
2015-09-11,64.627815,65.506662,64.257772,65.460411,6452100,Yahoo Finance
2015-09-14,65.423448,65.497458,64.396581,64.766624,7059300,Yahoo Finance
2015-09-15,65.201389,65.451164,64.304036,65.229141,6962600,Yahoo Finance
2015-09-16,65.173630,65.784202,64.803594,65.673187,8207600,Yahoo Finance
2015-09-17,65.960001,66.903606,65.219915,65.645462,7663300,Yahoo Finance
2015-09-18,64.590824,65.506676,64.489062,64.563072,14508100,Yahoo Finance
2015-09-21,65.330892,65.978462,64.960848,65.478905,12756500,Yahoo Finance
2015-09-22,64.757348,65.118139,64.119024,64.988625,11394000,Yahoo Finance
2015-09-23,64.905358,65.821210,64.664829,65.636185,10655800,Yahoo Finance
2015-09-24,65.081125,65.340153,64.424301,64.979362,8406700,Yahoo Finance
2015-09-25,65.858244,66.108019,64.951637,65.395691,7756600,Yahoo Finance
2015-09-28,64.933110,65.016366,62.009776,62.167042,15261200,Yahoo Finance
2015-09-29,62.463061,63.554685,62.167028,63.397419,11326700,Yahoo Finance
2015-09-30,64.128271,64.442810,63.147662,64.442810,9309200,Yahoo Finance
2015-10-01,64.840594,65.469666,63.813734,64.748085,8679900,Yahoo Finance
2015-10-02,63.647247,65.432701,63.240199,65.377190,7460400,Yahoo Finance
2015-10-05,65.737950,66.922083,65.608436,66.820328,7286800,Yahoo Finance
2015-10-06,66.811056,67.107089,66.450265,66.681541,5782500,Yahoo Finance
2015-10-07,67.236618,67.745429,67.023841,67.736176,6208900,Yahoo Finance
2015-10-08,67.532646,68.392994,67.375380,68.365242,5713100,Yahoo Finance
2015-10-09,68.494744,68.540995,67.902677,68.439240,5947800,Yahoo Finance
2015-10-12,68.217238,69.780668,68.152481,69.373619,5586300,Yahoo Finance
2015-10-13,68.883339,69.614173,68.596558,69.382896,7439400,Yahoo Finance
2015-10-14,69.234851,69.623400,68.198738,68.642784,7568300,Yahoo Finance
2015-10-15,69.345873,69.762175,68.994336,69.697411,6856200,Yahoo Finance
2015-10-16,69.688127,70.807503,69.188570,70.307945,9117400,Yahoo Finance
2015-10-19,70.243222,71.538371,70.243222,71.223831,9952600,Yahoo Finance
2015-10-20,70.900024,71.131301,70.243201,70.566986,8148800,Yahoo Finance
2015-10-21,71.177592,71.177592,69.669666,69.808434,7277900,Yahoo Finance
2015-10-22,70.206213,71.094313,69.974937,70.696518,9093400,Yahoo Finance
2015-10-23,71.658642,71.815908,69.336626,71.297852,11971300,Yahoo Finance
2015-10-26,72.232213,72.444983,71.316354,72.324722,8019400,Yahoo Finance
2015-10-27,72.185963,72.324730,71.288610,71.714157,9527400,Yahoo Finance
2015-10-28,71.991642,72.981504,71.640105,72.963005,10850200,Yahoo Finance
2015-10-29,72.704008,72.815023,72.093442,72.630005,7648600,Yahoo Finance
2015-10-30,72.824265,72.907521,71.751140,71.769646,11186500,Yahoo Finance
2015-11-02,69.558628,70.502232,68.948055,69.586380,29966000,Yahoo Finance
2015-11-03,69.503107,72.694722,69.207074,72.065651,18899900,Yahoo Finance
2015-11-04,72.500463,72.926010,72.065662,72.481956,8640800,Yahoo Finance
2015-11-05,72.546723,73.740109,72.546723,73.323814,9392600,Yahoo Finance
2015-11-06,73.610606,73.610606,72.454225,72.852020,8221600,Yahoo Finance
2015-11-09,72.528236,72.528236,71.501369,72.195198,10157300,Yahoo Finance
2015-11-10,71.963491,73.705811,71.926420,73.659477,8440300,Yahoo Finance
2015-11-11,74.002387,74.373095,73.372185,73.381454,8024400,Yahoo Finance
2015-11-12,73.084897,73.353661,72.417624,72.575172,8939800,Yahoo Finance
2015-11-13,72.306396,73.186829,72.074704,72.389809,9913200,Yahoo Finance
2015-11-16,72.093266,73.131248,71.898646,73.121979,7805000,Yahoo Finance
2015-11-17,73.159036,73.474133,72.723454,73.057091,6942600,Yahoo Finance
2015-11-18,73.177567,74.604790,72.973677,74.567719,7212400,Yahoo Finance
2015-11-19,74.697484,75.077462,74.002408,74.280441,6082200,Yahoo Finance
2015-11-20,74.688199,75.068177,74.122877,74.317497,6764300,Yahoo Finance
2015-11-23,74.688207,74.864295,73.733637,74.243362,5910600,Yahoo Finance
2015-11-24,73.427782,74.326741,73.409243,73.946770,6040800,Yahoo Finance
2015-11-25,73.937510,74.224805,73.733620,73.733620,4268700,Yahoo Finance
2015-11-27,73.807798,74.280452,73.779996,73.993149,3139500,Yahoo Finance
2015-11-30,74.197009,74.261883,73.177566,73.223907,8874600,Yahoo Finance
2015-12-01,73.705815,74.076523,73.001470,74.057991,6702100,Yahoo Finance
2015-12-02,73.983818,74.280383,73.186797,73.251671,7310000,Yahoo Finance
2015-12-03,73.548297,73.928268,72.362035,72.556656,8689600,Yahoo Finance
2015-12-04,72.825391,74.512108,72.704907,74.512108,9944600,Yahoo Finance
2015-12-07,74.261877,74.595514,73.279506,73.724358,15262400,Yahoo Finance
2015-12-08,73.196097,73.835562,72.621499,73.279503,11344000,Yahoo Finance
2015-12-09,73.057092,73.909717,71.731814,72.176659,15361500,Yahoo Finance
2015-12-10,72.204466,73.316584,71.944965,72.399086,8717100,Yahoo Finance
2015-12-11,71.490832,71.490832,69.989466,70.536263,15625800,Yahoo Finance
2015-12-14,70.619691,71.666943,70.045100,71.240631,10361000,Yahoo Finance
2015-12-15,72.630781,73.631684,72.482494,72.862473,11355300,Yahoo Finance
2015-12-16,73.631672,74.122865,72.426879,74.011650,10497500,Yahoo Finance
2015-12-17,74.122876,74.400902,72.871734,72.927345,7555300,Yahoo Finance
2015-12-18,72.324953,72.463969,70.693840,70.730911,16271200,Yahoo Finance
2015-12-21,71.268430,71.694742,70.805046,71.518654,8442100,Yahoo Finance
2015-12-22,71.759606,71.815209,71.045998,71.713264,5699100,Yahoo Finance
2015-12-23,72.362048,72.899575,71.880124,72.806892,6335900,Yahoo Finance
2015-12-24,72.612214,72.945851,72.454666,72.528809,2188800,Yahoo Finance
2015-12-28,72.324923,72.890252,72.121034,72.779037,3680900,Yahoo Finance
2015-12-29,73.214628,73.576067,73.121953,73.409248,4627100,Yahoo Finance
2015-12-30,73.279517,73.390732,72.528838,72.612244,4230400,Yahoo Finance
2015-12-31,72.510261,73.029255,71.870796,71.870796,6538300,Yahoo Finance
2016-01-04,70.489940,70.786506,69.516839,70.156303,13476800,Yahoo Finance
2016-01-05,70.666023,70.906984,70.008019,70.684555,8972700,Yahoo Finance
2016-01-06,69.507565,70.295316,69.368549,69.757790,16092000,Yahoo Finance
2016-01-07,68.358390,69.590986,67.978412,68.386192,12470800,Yahoo Finance
2016-01-08,68.636387,69.053436,67.422324,67.542801,9977600,Yahoo Finance
2016-01-11,67.755966,68.654931,67.338923,68.506645,13069500,Yahoo Finance
2016-01-12,69.062712,69.507563,68.599328,69.285141,10236900,Yahoo Finance
2016-01-13,69.757788,69.869003,67.644759,67.746704,12659600,Yahoo Finance
2016-01-14,67.793031,69.062698,67.338917,68.395432,10426200,Yahoo Finance
2016-01-15,66.671647,67.607677,65.485386,66.569702,18470500,Yahoo Finance
2016-01-19,67.598403,67.672539,65.485375,66.161911,16009600,Yahoo Finance
2016-01-20,64.836648,66.180465,63.984024,65.503922,16586000,Yahoo Finance
2016-01-21,65.541007,67.033104,64.966409,66.319489,11931200,Yahoo Finance
2016-01-22,67.348182,67.820836,66.847727,67.375984,8652600,Yahoo Finance
2016-01-25,67.431604,67.570621,66.338018,66.486298,9126200,Yahoo Finance
2016-01-26,66.894076,66.977482,66.310215,66.616043,7500200,Yahoo Finance
2016-01-27,66.708735,67.172119,65.411259,65.717094,9020500,Yahoo Finance
2016-01-28,66.189741,66.588251,64.252800,64.252800,15295600,Yahoo Finance
2016-01-29,65.272238,69.044182,63.724538,69.034912,40427800,Yahoo Finance
2016-02-01,68.654950,69.303684,67.885731,68.932976,12623500,Yahoo Finance
2016-02-02,68.117402,68.775406,67.774496,68.024727,9572700,Yahoo Finance
2016-02-03,68.358384,69.164668,67.125782,68.932976,9941900,Yahoo Finance
2016-02-04,68.673489,69.164675,67.431624,68.284248,14735700,Yahoo Finance
2016-02-05,68.173016,68.219358,65.383451,66.300949,12939400,Yahoo Finance
2016-02-08,64.827387,64.910800,61.444691,62.807034,30542600,Yahoo Finance
2016-02-09,61.528066,64.391780,61.277842,63.325996,14882800,Yahoo Finance
2016-02-10,64.076711,65.828302,64.011838,65.012749,11369500,Yahoo Finance
2016-02-11,62.825574,64.011835,62.491937,63.455776,13962100,Yahoo Finance
2016-02-12,64.354742,65.309311,64.058176,65.262970,8710200,Yahoo Finance
2016-02-16,66.180453,66.495550,65.244416,65.893150,8780700,Yahoo Finance
2016-02-17,66.608190,66.970342,66.208893,66.886765,8494100,Yahoo Finance
2016-02-18,66.756764,67.091059,65.948883,66.153175,6938100,Yahoo Finance
2016-02-19,65.958187,66.598921,65.280316,66.422485,7750900,Yahoo Finance
2016-02-22,67.118927,67.963953,66.951780,67.843231,7481500,Yahoo Finance
2016-02-23,67.741072,67.898939,66.849621,66.998199,6177000,Yahoo Finance
2016-02-24,66.162464,67.035346,65.354583,66.719620,7728600,Yahoo Finance
2016-02-25,66.821780,68.103240,66.803211,68.038239,6840900,Yahoo Finance
2016-02-26,68.474674,68.632540,67.499652,67.536797,6714100,Yahoo Finance
2016-02-29,67.657518,68.623259,67.221077,67.221077,7786100,Yahoo Finance
2016-03-01,67.778240,69.310425,67.694669,69.310425,8705300,Yahoo Finance
2016-03-02,69.180399,69.273257,68.400381,68.994682,5739100,Yahoo Finance
2016-03-03,69.161830,69.180398,68.121800,68.632530,6588300,Yahoo Finance
2016-03-04,68.920396,68.948252,68.353952,68.623245,9475300,Yahoo Finance
2016-03-07,68.149646,68.205359,66.255309,66.803185,16671900,Yahoo Finance
2016-03-08,66.394616,66.413184,65.475307,65.577454,12394400,Yahoo Finance
2016-03-09,65.930314,66.004603,64.908860,65.633163,9291600,Yahoo Finance
2016-03-10,66.060315,66.301752,64.611708,65.206009,10135100,Yahoo Finance
2016-03-11,66.069567,66.868160,65.633126,66.515289,9466400,Yahoo Finance
2016-03-14,66.487453,66.598887,65.883865,66.385307,7916500,Yahoo Finance
2016-03-15,66.097482,66.775360,65.614615,66.775360,6442800,Yahoo Finance
2016-03-16,66.561773,67.629660,66.403914,67.202507,7561800,Yahoo Finance
2016-03-17,67.118925,68.409673,67.016779,67.917519,7411700,Yahoo Finance
2016-03-18,68.251805,68.808961,67.908221,68.511810,15026200,Yahoo Finance
2016-03-21,68.326105,68.660400,67.926808,68.502533,7397400,Yahoo Finance
2016-03-22,68.010380,68.391107,67.722517,67.750374,6796800,Yahoo Finance
2016-03-23,67.741072,68.873960,67.573924,68.632530,7287100,Yahoo Finance
2016-03-24,68.391090,68.864676,68.168229,68.846100,6303900,Yahoo Finance
2016-03-28,68.846111,68.966826,68.456102,68.790398,7283300,Yahoo Finance
2016-03-29,68.734668,70.192563,68.641809,69.997559,10541500,Yahoo Finance
2016-03-30,70.480453,71.501907,70.424732,71.297615,9691900,Yahoo Finance
2016-03-31,71.149008,71.427582,70.526843,71.019005,7490800,Yahoo Finance
2016-04-01,70.805421,72.662613,70.387556,72.049736,10183400,Yahoo Finance
2016-04-04,72.402609,72.718328,71.994024,72.272606,6905800,Yahoo Finance
2016-04-05,71.631889,71.938328,71.111878,71.474030,6012000,Yahoo Finance
2016-04-06,71.576192,72.690505,71.501903,72.625504,6220400,Yahoo Finance
2016-04-07,72.161204,72.411929,71.678337,72.040489,7542100,Yahoo Finance
2016-04-08,72.504769,73.006211,72.254044,72.458336,5327500,Yahoo Finance
2016-04-11,72.764763,73.154772,72.216888,72.263321,5957200,Yahoo Finance
2016-04-12,72.170488,72.941224,72.105487,72.913361,5962900,Yahoo Finance
2016-04-13,73.386941,74.222679,73.275514,74.018387,9187300,Yahoo Finance
2016-04-14,74.064802,74.909820,73.646929,74.594101,11470300,Yahoo Finance
2016-04-15,74.519806,74.928390,74.194799,74.361946,7186700,Yahoo Finance
2016-04-18,74.473380,75.726990,74.129804,75.634125,7761200,Yahoo Finance
2016-04-19,75.680586,75.894166,74.631275,74.984138,8324700,Yahoo Finance
2016-04-20,75.104843,75.810578,74.798412,75.355568,8521300,Yahoo Finance
2016-04-21,75.680588,75.838448,74.919140,75.021286,9536900,Yahoo Finance
2016-04-22,72.430508,73.693399,71.761917,73.461250,18216000,Yahoo Finance
2016-04-25,73.071216,73.210500,72.263335,72.560486,11184600,Yahoo Finance
2016-04-26,72.848318,73.080467,72.532599,72.922607,6071800,Yahoo Finance
2016-04-27,72.811223,73.359092,72.588355,73.136230,6319400,Yahoo Finance
2016-04-28,72.755497,73.609803,72.059050,72.133339,8322600,Yahoo Finance
2016-04-29,71.984745,72.439762,71.371875,71.724739,8092700,Yahoo Finance
2016-05-02,72.254062,72.866939,71.650480,72.857651,7636800,Yahoo Finance
2016-05-03,71.901168,72.764762,71.436870,71.678307,7666300,Yahoo Finance
2016-05-04,71.093301,71.854749,70.898297,71.566887,8854000,Yahoo Finance
2016-05-05,71.631897,72.151909,71.511182,71.836189,6002300,Yahoo Finance
2016-05-06,71.715492,72.244791,71.297619,72.170502,6172600,Yahoo Finance
2016-05-09,72.142619,72.764776,72.040472,72.634773,9242300,Yahoo Finance
2016-05-10,72.820481,73.665507,72.811200,73.544785,6802600,Yahoo Finance
2016-05-11,73.619216,73.795964,71.898273,71.907578,8432500,Yahoo Finance
2016-05-12,72.372703,72.735496,71.693624,72.456421,7512800,Yahoo Finance
2016-05-13,72.289000,72.819236,71.470390,71.470390,7562700,Yahoo Finance
2016-05-16,71.647118,72.614569,71.591305,72.372711,8597900,Yahoo Finance
2016-05-17,72.158745,72.484328,71.181990,71.433159,7169900,Yahoo Finance
2016-05-18,71.358737,72.447116,71.070365,72.028511,6288500,Yahoo Finance
2016-05-19,71.507564,71.861052,70.902906,71.516861,5552200,Yahoo Finance
2016-05-20,71.944774,72.595946,71.795939,72.251755,6302100,Yahoo Finance
2016-05-23,72.335488,72.549439,71.758736,71.823853,5934300,Yahoo Finance
2016-05-24,72.242468,73.954107,72.242468,73.842476,7582300,Yahoo Finance
2016-05-25,73.954108,74.112247,73.442473,73.544800,5846700,Yahoo Finance
2016-05-26,73.861104,73.861104,73.368077,73.489006,4284000,Yahoo Finance
2016-05-27,73.340155,74.102959,73.340155,74.102959,4374600,Yahoo Finance
2016-05-31,74.289001,74.298306,73.265738,73.433182,8639600,Yahoo Finance
2016-06-01,73.200608,73.786657,73.088976,73.693634,4507000,Yahoo Finance
2016-06-02,73.740132,74.372696,73.423854,74.372696,5627500,Yahoo Finance
2016-06-03,74.000618,74.605268,73.637825,74.363411,7628000,Yahoo Finance
2016-06-06,74.689002,75.256449,74.577371,74.921562,7620100,Yahoo Finance
2016-06-07,75.070386,75.349461,74.921551,74.977364,5515700,Yahoo Finance
2016-06-08,74.977377,76.009944,74.856448,75.954132,8860900,Yahoo Finance
2016-06-09,75.563441,75.851813,75.330881,75.591347,6670900,Yahoo Finance
2016-06-10,75.116899,75.116899,74.270377,74.586662,7859900,Yahoo Finance
2016-06-13,73.488982,74.586666,72.912231,72.930840,10424600,Yahoo Finance
2016-06-14,72.670376,73.256425,72.521534,73.088982,7891700,Yahoo Finance
2016-06-15,73.088986,73.340148,72.605264,72.716888,7424000,Yahoo Finance
2016-06-16,72.456406,73.042455,71.758726,72.884315,9650800,Yahoo Finance
2016-06-17,72.856415,72.865720,71.470359,71.619194,14602200,Yahoo Finance
2016-06-20,72.837808,72.912221,71.926169,71.944771,9957500,Yahoo Finance
2016-06-21,72.382020,72.568073,71.768065,71.935509,9201000,Yahoo Finance
2016-06-22,72.168039,72.335483,71.191284,71.191284,9626700,Yahoo Finance
2016-06-23,72.335476,72.781987,71.507563,72.772690,13566200,Yahoo Finance
2016-06-24,69.581977,70.735473,69.256387,69.814537,18375000,Yahoo Finance
2016-06-27,69.005245,69.377342,68.140121,68.223839,16318400,Yahoo Finance
2016-06-28,69.805223,70.233133,69.293589,69.916855,14815200,Yahoo Finance
2016-06-29,70.679680,71.405267,70.428511,71.386658,12178100,Yahoo Finance
2016-06-30,71.619180,71.758717,68.651719,68.995903,24877300,Yahoo Finance
2016-07-01,69.302919,70.642467,68.930821,69.284317,13821400,Yahoo Finance
2016-07-05,69.070337,69.740112,68.679638,69.461037,11081000,Yahoo Finance
2016-07-06,68.949458,69.535507,68.679687,68.893639,11263800,Yahoo Finance
2016-07-07,69.135462,70.037796,69.088947,69.312210,8806700,Yahoo Finance
2016-07-08,70.047094,71.209895,69.572670,71.088959,10975000,Yahoo Finance
2016-07-11,71.451739,71.805235,71.061040,71.181969,8185900,Yahoo Finance
2016-07-12,71.330832,72.158746,71.209904,72.075027,10245500,Yahoo Finance
2016-07-13,72.261066,72.354088,71.814547,72.056412,6559200,Yahoo Finance
2016-07-14,72.614552,73.061070,72.270367,72.688972,6607400,Yahoo Finance
2016-07-15,73.163405,73.256427,72.605262,72.837822,8153400,Yahoo Finance
2016-07-18,72.884340,73.209923,72.772716,72.847130,4864200,Yahoo Finance
2016-07-19,72.326144,73.386617,72.214512,73.228477,9395500,Yahoo Finance
2016-07-20,73.256413,74.186653,73.256413,73.823860,7922100,Yahoo Finance
2016-07-21,73.898305,74.168076,72.930855,73.293648,9018000,Yahoo Finance
2016-07-22,74.400627,74.493649,72.865729,74.335510,12532400,Yahoo Finance
2016-07-25,74.577374,74.577374,73.237832,73.433182,7979900,Yahoo Finance
2016-07-26,73.470380,73.544794,72.502929,73.014557,9673200,Yahoo Finance
2016-07-27,72.986634,73.293615,72.121510,73.051750,10194400,Yahoo Finance
2016-07-28,73.200598,74.419210,73.070365,73.665718,8709700,Yahoo Finance
2016-07-29,73.712244,73.814571,72.558748,72.605263,7777700,Yahoo Finance
2016-08-01,72.847114,73.051768,72.307580,72.800606,8908800,Yahoo Finance
2016-08-02,72.623841,72.995939,72.326165,72.819191,7910000,Yahoo Finance
2016-08-03,72.819197,73.219200,72.754080,73.219200,7272700,Yahoo Finance
2016-08-04,73.330851,74.093648,73.256430,73.935509,5954400,Yahoo Finance
2016-08-05,74.168067,74.642484,74.102950,74.549461,6662500,Yahoo Finance
2016-08-08,74.633169,74.735489,74.233166,74.372696,5119700,Yahoo Finance
2016-08-09,74.382006,74.865735,74.372702,74.475029,4455700,Yahoo Finance
2016-08-10,74.391330,74.623890,73.963420,74.121559,5945500,Yahoo Finance
2016-08-11,74.419237,74.679703,74.270395,74.530869,6577700,Yahoo Finance
2016-08-12,74.233189,74.493655,74.093651,74.437836,4420400,Yahoo Finance
2016-08-15,74.540139,75.488987,74.437812,75.265732,6290300,Yahoo Finance
2016-08-16,74.809921,75.265744,74.623876,75.172714,6182600,Yahoo Finance
2016-08-17,75.209985,75.349764,74.921112,75.331123,4655400,Yahoo Finance
2016-08-18,74.557711,75.098181,74.464527,74.799988,7453900,Yahoo Finance
2016-08-19,74.557684,74.986336,74.306079,74.986336,8480900,Yahoo Finance
2016-08-22,74.865219,75.554797,74.511117,75.536156,7954500,Yahoo Finance
2016-08-23,75.825018,76.188441,75.293861,75.293861,10007800,Yahoo Finance
2016-08-24,75.293890,75.461624,74.725458,74.818642,5028000,Yahoo Finance
2016-08-25,74.818611,75.032933,74.548372,74.846565,5773700,Yahoo Finance
2016-08-26,75.126140,75.610701,74.706801,75.079544,7932200,Yahoo Finance
2016-08-29,75.051579,75.470911,75.051579,75.359093,4766700,Yahoo Finance
2016-08-30,75.480220,75.657275,75.219302,75.638634,4128700,Yahoo Finance
2016-08-31,75.433658,75.666622,75.210015,75.387070,7386100,Yahoo Finance
2016-09-01,75.610688,75.992752,75.452275,75.759789,6240600,Yahoo Finance
2016-09-02,76.011389,76.551866,75.946159,76.412086,6408900,Yahoo Finance
2016-09-06,76.412078,76.905960,76.235024,76.905960,8140400,Yahoo Finance
2016-09-07,76.859377,77.586222,76.747552,77.567581,9304700,Yahoo Finance
2016-09-08,77.362567,77.930999,76.961870,77.315979,7961100,Yahoo Finance
2016-09-09,76.784819,77.166876,75.787735,75.787735,11563000,Yahoo Finance
2016-09-12,75.797051,77.465072,75.647958,77.315979,9882700,Yahoo Finance
2016-09-13,76.794146,76.822101,76.057980,76.309578,8834300,Yahoo Finance
2016-09-14,75.908882,76.617093,75.899561,75.936836,10999500,Yahoo Finance
2016-09-15,75.871612,76.533228,75.657289,76.421410,10580300,Yahoo Finance
2016-09-16,76.169781,76.654350,75.871588,76.477295,11702000,Yahoo Finance
2016-09-19,76.812794,77.381226,76.626426,76.887344,8361700,Yahoo Finance
2016-09-20,77.315997,77.558281,76.710290,76.859390,6473300,Yahoo Finance
2016-09-21,77.269399,77.576912,76.663691,77.548958,7536200,Yahoo Finance
2016-09-22,77.735345,78.080134,77.530336,77.679436,6599400,Yahoo Finance
2016-09-23,77.651442,77.763260,76.896635,76.915276,8283700,Yahoo Finance
2016-09-26,76.551842,76.654347,76.123190,76.235008,8486800,Yahoo Finance
2016-09-27,76.216376,76.766167,75.946138,76.561165,7969500,Yahoo Finance
2016-09-28,76.766181,77.353254,76.356170,77.315979,7974300,Yahoo Finance
2016-09-29,77.083019,77.399846,76.216393,76.337532,5885400,Yahoo Finance
2016-09-30,76.561174,77.381203,76.113881,77.064369,9776800,Yahoo Finance
2016-10-03,76.803460,77.446442,76.691642,77.213478,8155400,Yahoo Finance
2016-10-04,77.604839,77.837803,76.952544,77.092323,5772000,Yahoo Finance
2016-10-05,77.306652,77.763258,77.250743,77.670074,6163400,Yahoo Finance
2016-10-06,77.455793,77.791261,77.232142,77.679436,7687100,Yahoo Finance
2016-10-07,77.800556,77.996245,77.008481,77.232124,8238100,Yahoo Finance
2016-10-10,77.465071,77.847134,77.288023,77.455757,7371500,Yahoo Finance
2016-10-11,77.045758,77.148262,76.011398,76.449371,6227400,Yahoo Finance
2016-10-12,76.262979,76.915281,76.244345,76.645042,3923600,Yahoo Finance
2016-10-13,76.085945,76.533232,75.582743,76.290955,6810900,Yahoo Finance
2016-10-14,76.449387,77.521022,76.449387,76.831444,6698100,Yahoo Finance
2016-10-17,76.952578,77.055082,76.449375,76.551880,8473700,Yahoo Finance
2016-10-18,75.946164,76.756880,75.806384,76.020714,11680400,Yahoo Finance
2016-10-19,76.085938,77.222801,76.085938,77.166885,8440900,Yahoo Finance
2016-10-20,77.390529,77.437117,76.570492,76.878006,6945200,Yahoo Finance
2016-10-21,76.430707,76.915275,76.020695,76.738220,8043200,Yahoo Finance
2016-10-24,77.595557,77.893750,77.073720,77.502373,16267000,Yahoo Finance
2016-10-25,77.502362,77.502362,76.132534,76.440048,15085900,Yahoo Finance
2016-10-26,76.057977,76.654363,75.862288,76.179115,8748400,Yahoo Finance
2016-10-27,76.374807,76.663680,76.048659,76.337532,7039200,Yahoo Finance
2016-10-28,76.896648,77.679410,76.514591,76.617096,10919600,Yahoo Finance
2016-10-31,76.822115,77.250767,76.747565,76.887344,10024000,Yahoo Finance
2016-11-01,77.008464,77.055060,75.787737,76.057976,10881500,Yahoo Finance
2016-11-02,75.377748,75.834355,75.032959,75.088875,9170900,Yahoo Finance
2016-11-03,75.247267,75.601370,75.051579,75.154083,7563100,Yahoo Finance
2016-11-04,75.154081,75.703872,74.855888,74.883842,7588100,Yahoo Finance
2016-11-07,76.076628,76.905978,75.899573,76.887344,7277900,Yahoo Finance
2016-11-08,76.775517,77.493050,76.551874,77.232124,7152000,Yahoo Finance
2016-11-09,76.235029,77.623497,75.685238,77.567581,12158500,Yahoo Finance
2016-11-10,77.623507,78.238528,75.871616,76.290955,17171600,Yahoo Finance
2016-11-11,76.030047,76.999177,75.964817,76.300285,7368000,Yahoo Finance
2016-11-14,76.430747,76.617123,72.032397,73.038795,21773500,Yahoo Finance
2016-11-15,72.899008,74.119736,72.498310,73.215836,18523400,Yahoo Finance
2016-11-16,73.575330,74.882673,73.547317,74.779953,9997700,Yahoo Finance
2016-11-17,75.004091,75.825846,74.873357,75.704453,8081800,Yahoo Finance
2016-11-18,75.779169,76.106003,75.200201,75.471008,7920800,Yahoo Finance
2016-11-21,75.853877,76.367472,75.545717,76.283432,8942100,Yahoo Finance
2016-11-22,76.283418,76.283418,74.014245,74.639900,18133900,Yahoo Finance
2016-11-23,74.686563,74.695896,73.724728,74.303696,12802600,Yahoo Finance
2016-11-25,74.695911,75.050766,74.462457,74.826645,6495700,Yahoo Finance
2016-11-28,74.387783,74.714618,73.818155,73.846169,11793100,Yahoo Finance
2016-11-29,73.883509,74.313063,73.724754,73.911522,8575200,Yahoo Finance
2016-11-30,74.191662,74.191662,72.165283,72.202637,15353900,Yahoo Finance
2016-12-01,72.436079,72.482772,70.269627,70.437714,21053000,Yahoo Finance
2016-12-02,70.409721,71.203463,70.194940,70.708542,13629600,Yahoo Finance
2016-12-05,71.558281,72.464083,71.483581,72.193275,12119200,Yahoo Finance
2016-12-06,72.781600,72.809613,71.633003,72.006531,13896600,Yahoo Finance
2016-12-07,72.155958,74.229031,72.137285,74.060944,13919800,Yahoo Finance
2016-12-08,74.406441,74.583868,73.743433,74.032913,13320100,Yahoo Finance
2016-12-09,73.911531,74.639907,73.612711,73.902191,10728300,Yahoo Finance
2016-12-12,73.762110,73.799464,72.762928,73.304543,11942300,Yahoo Finance
2016-12-13,73.594019,74.238354,73.071084,73.958206,12995100,Yahoo Finance
2016-12-14,74.032934,74.686610,73.883527,73.892860,20146200,Yahoo Finance
2016-12-15,74.116941,75.069430,73.892820,74.238335,14070900,Yahoo Finance
2016-12-16,73.976889,74.201003,72.996380,73.164467,19141700,Yahoo Finance
2016-12-19,72.874981,73.397915,72.856300,72.931007,8699100,Yahoo Finance
2016-12-20,73.220461,73.379208,72.548113,73.173767,6917400,Yahoo Finance
2016-12-21,73.285862,73.351229,72.818954,72.968361,9343600,Yahoo Finance
2016-12-22,72.856308,72.893662,72.081247,72.744255,12074000,Yahoo Finance
2016-12-23,72.912355,73.285883,72.744268,72.977722,6192900,Yahoo Finance
2016-12-27,73.089760,73.631375,73.052414,73.164467,3776000,Yahoo Finance
2016-12-28,73.211155,73.444609,72.809614,73.117775,7587100,Yahoo Finance
2016-12-29,73.295197,73.622031,73.117777,73.145790,6241100,Yahoo Finance
2016-12-30,73.239176,73.341896,72.781608,72.856308,7127300,Yahoo Finance
2017-01-03,73.547313,74.621202,73.295179,74.238335,13785200,Yahoo Finance
2017-01-04,74.182329,74.948057,74.107622,74.845337,8033100,Yahoo Finance
2017-01-05,75.022745,76.133988,74.910691,75.723106,7805100,Yahoo Finance
2017-01-06,75.919236,77.030472,75.583062,76.769005,8898300,Yahoo Finance
2017-01-09,76.834361,76.993108,76.246059,76.339439,7305300,Yahoo Finance
2017-01-10,76.292731,76.479498,75.760456,75.928543,6017500,Yahoo Finance
2017-01-11,75.872530,76.386131,75.555036,76.386131,7499200,Yahoo Finance
2017-01-12,75.685783,76.077984,75.181522,75.984604,6884000,Yahoo Finance
2017-01-13,75.657740,76.432808,75.442966,75.797813,7291200,Yahoo Finance
2017-01-17,75.414989,76.096671,75.414989,75.881897,6326500,Yahoo Finance
2017-01-18,75.891220,76.414162,75.620419,76.190041,8512300,Yahoo Finance
2017-01-19,76.376812,76.432839,76.021965,76.320786,6479400,Yahoo Finance
2017-01-20,76.656931,76.834358,76.208704,76.423477,9048500,Yahoo Finance
2017-01-23,76.292746,76.853041,76.105985,76.712967,7414200,Yahoo Finance
2017-01-24,76.946428,77.964284,76.432826,77.721497,8397500,Yahoo Finance
2017-01-25,78.244425,78.692652,77.926924,78.347145,9360900,Yahoo Finance
2017-01-26,78.365830,78.365830,77.581428,77.730835,8428200,Yahoo Finance
2017-01-27,77.805524,78.253759,77.431997,78.225739,5445900,Yahoo Finance
2017-01-30,77.945596,78.197723,77.189208,78.160370,8792800,Yahoo Finance
2017-01-31,76.694316,77.768206,76.666303,77.235931,7479400,Yahoo Finance
2017-02-01,77.413342,77.590762,76.619600,76.983788,7534400,Yahoo Finance
2017-02-02,76.703629,77.226563,76.171354,76.853043,11142300,Yahoo Finance
2017-02-03,80.065350,81.073872,79.477048,80.382851,28079600,Yahoo Finance
2017-02-06,80.373536,80.401549,79.850601,80.149422,9665300,Yahoo Finance
2017-02-07,80.270825,80.635012,80.000017,80.102737,8600300,Yahoo Finance
2017-02-08,80.121397,80.158743,79.449049,79.458382,7587700,Yahoo Finance
2017-02-09,79.719854,80.093375,79.262279,79.915955,6554700,Yahoo Finance
2017-02-10,80.121395,80.438889,79.589120,80.214775,10432000,Yahoo Finance
2017-02-13,80.494949,80.961858,80.308189,80.719070,6046300,Yahoo Finance
2017-02-14,80.793745,81.213966,80.550958,81.101906,5952000,Yahoo Finance
2017-02-15,81.415320,81.901833,81.115931,81.901833,8049700,Yahoo Finance
2017-02-16,81.911195,82.032819,81.200142,81.780212,8680600,Yahoo Finance
2017-02-17,81.649216,82.032812,81.377900,81.826981,5887200,Yahoo Finance
2017-02-21,81.873758,82.369621,81.555652,82.257347,9301300,Yahoo Finance
2017-02-22,81.967346,82.472567,81.873788,82.145111,8389900,Yahoo Finance
2017-02-23,82.547416,82.790665,82.210602,82.500633,6040500,Yahoo Finance
2017-02-24,81.733428,82.734512,81.677295,82.734512,5151300,Yahoo Finance
2017-02-27,82.631604,82.687737,82.248014,82.332214,6131600,Yahoo Finance
2017-02-28,82.481924,82.687749,82.107685,82.276093,8521900,Yahoo Finance
2017-03-01,83.024540,83.398779,82.725150,83.258438,11131400,Yahoo Finance
2017-03-02,83.267794,83.389418,82.425759,82.828064,10544200,Yahoo Finance
2017-03-03,82.622247,83.183609,82.500622,83.071335,5700600,Yahoo Finance
2017-03-06,82.828073,83.520410,82.584817,83.211670,7347600,Yahoo Finance
2017-03-07,83.258460,83.548499,83.127478,83.323952,5688400,Yahoo Finance
2017-03-08,83.426843,83.548475,83.146170,83.230370,5866800,Yahoo Finance
2017-03-09,83.286513,83.735601,82.996481,83.370720,5953900,Yahoo Finance
2017-03-10,83.735601,84.072415,83.361362,83.950790,12246700,Yahoo Finance
2017-03-13,84.016266,84.493413,83.838501,84.306297,8944100,Yahoo Finance
2017-03-14,84.137910,84.231468,83.492348,83.782387,6009400,Yahoo Finance
2017-03-15,83.969491,84.296947,83.651393,84.128540,6350700,Yahoo Finance
2017-03-16,84.493429,84.512145,83.707534,84.240822,9174400,Yahoo Finance
2017-03-17,84.437298,84.792821,84.362449,84.427940,8613400,Yahoo Finance
2017-03-20,84.474720,86.121366,83.239737,83.436211,9438000,Yahoo Finance
2017-03-21,83.726243,83.932074,82.332210,82.388344,11092100,Yahoo Finance
2017-03-22,82.191872,83.305230,82.191872,82.818718,7828600,Yahoo Finance
2017-03-23,82.771937,83.632681,82.725155,83.136818,7710700,Yahoo Finance
2017-03-24,83.323925,83.838504,83.239725,83.445557,7597600,Yahoo Finance
2017-03-27,82.622260,83.258463,82.397719,83.221039,5230000,Yahoo Finance
2017-03-28,83.380074,83.660747,82.790645,83.380074,7045500,Yahoo Finance
2017-03-29,83.258446,83.632684,82.856140,83.436211,4738000,Yahoo Finance
2017-03-30,83.342644,83.361353,82.893556,83.277153,6227100,Yahoo Finance
2017-03-31,83.249072,83.595237,83.146156,83.146156,6429800,Yahoo Finance
2017-04-03,83.398767,83.698157,82.706430,83.604599,9125800,Yahoo Finance
2017-04-04,83.277156,83.576545,82.949699,83.061966,4859900,Yahoo Finance
2017-04-05,83.389426,84.390510,83.221019,83.295868,7251600,Yahoo Finance
2017-04-06,83.267813,83.511069,83.061981,83.352013,8473900,Yahoo Finance
2017-04-07,83.239733,83.492340,82.818712,83.024544,5439500,Yahoo Finance
2017-04-10,82.912278,83.501699,82.818713,83.136818,5999400,Yahoo Finance
2017-04-11,82.893551,83.127449,82.453821,83.127449,7058500,Yahoo Finance
2017-04-12,82.987108,83.464262,82.856125,82.968399,5912500,Yahoo Finance
2017-04-13,82.771918,83.997542,82.734493,83.146156,7242700,Yahoo Finance
2017-04-17,83.352014,84.109850,83.033916,84.025642,6122800,Yahoo Finance
2017-04-18,83.866583,84.128548,83.492345,83.950790,6823500,Yahoo Finance
2017-04-19,84.287596,84.783466,83.829157,83.969498,7301300,Yahoo Finance
2017-04-20,84.334376,85.606784,84.109836,85.279327,12178300,Yahoo Finance
2017-04-21,86.794984,86.823058,85.157696,85.279327,19442600,Yahoo Finance
2017-04-24,86.214915,86.542372,85.148340,85.934235,11705400,Yahoo Finance
2017-04-25,86.065247,86.402061,85.681657,86.177521,7769200,Yahoo Finance
2017-04-26,86.093282,86.523661,85.840675,85.906166,11295200,Yahoo Finance
2017-04-27,86.027804,86.074587,85.400958,85.700348,5856800,Yahoo Finance
2017-04-28,85.503875,85.653573,85.120285,85.344826,6888500,Yahoo Finance
2017-05-01,85.410322,85.765845,85.269982,85.382256,9042100,Yahoo Finance
2017-05-02,85.719059,86.776277,85.634852,86.579803,11627700,Yahoo Finance
2017-05-03,86.448804,86.589145,86.055857,86.486229,4909000,Yahoo Finance
2017-05-04,86.729490,86.869830,86.308476,86.654648,5257000,Yahoo Finance
2017-05-05,86.916626,86.991475,85.850050,86.158791,8844500,Yahoo Finance
2017-05-08,86.121365,86.224280,85.625494,85.999733,5223600,Yahoo Finance
2017-05-09,85.981004,86.205545,85.915513,86.074562,3969500,Yahoo Finance
2017-05-10,85.793915,86.458193,85.775207,86.308495,6747600,Yahoo Finance
2017-05-11,86.186860,86.364618,85.719063,86.168144,7052200,Yahoo Finance
2017-05-12,86.252340,86.804336,86.055866,86.757561,5898800,Yahoo Finance
2017-05-15,86.757583,87.403138,86.748225,87.225380,7040100,Yahoo Finance
2017-05-16,87.337636,87.683808,86.982113,87.150520,5497400,Yahoo Finance
2017-05-17,86.677196,86.939626,85.955507,86.002373,8240200,Yahoo Finance
2017-05-18,85.627468,86.677194,85.627468,85.955505,8239800,Yahoo Finance
2017-05-19,86.208566,86.986481,85.955504,86.677193,9361300,Yahoo Finance
2017-05-22,86.724052,87.726913,86.630328,87.455109,9186200,Yahoo Finance
2017-05-23,87.689433,88.167434,87.605083,87.970612,7616100,Yahoo Finance
2017-05-24,88.120561,89.029698,88.120561,88.860992,6825300,Yahoo Finance
2017-05-25,89.123419,89.395224,88.935972,89.076561,7262400,Yahoo Finance
2017-05-26,89.039077,89.151550,88.467352,88.729782,4133900,Yahoo Finance
2017-05-30,88.720409,88.926599,88.420481,88.776642,6292700,Yahoo Finance
2017-05-31,89.114064,89.535826,88.532965,89.254654,9866000,Yahoo Finance
2017-06-01,89.413986,89.460845,88.673555,89.413986,8911900,Yahoo Finance
2017-06-02,89.423370,90.154427,89.423370,90.116936,8570200,Yahoo Finance
2017-06-05,90.276257,90.529313,90.079435,90.491829,14510500,Yahoo Finance
2017-06-06,90.229388,90.538684,89.563939,89.779510,7030300,Yahoo Finance
2017-06-07,90.004436,90.182516,89.751381,90.060669,6720300,Yahoo Finance
2017-06-08,89.854479,90.088793,89.310871,90.060669,7720300,Yahoo Finance
2017-06-09,90.060660,90.210623,87.829999,88.626663,16887100,Yahoo Finance
2017-06-12,87.811274,88.139312,86.977119,87.633194,15610000,Yahoo Finance
2017-06-13,88.101832,89.357748,88.073715,89.114067,8700100,Yahoo Finance
2017-06-14,89.338982,89.976314,88.992195,89.338982,6347000,Yahoo Finance
2017-06-15,88.514194,88.598543,87.661290,88.261131,12793900,Yahoo Finance
2017-06-16,88.392346,88.514194,87.858112,88.261131,14705100,Yahoo Finance
2017-06-19,88.804794,88.898518,88.336167,88.842285,5984300,Yahoo Finance
2017-06-20,88.842255,89.001586,88.411119,88.457977,5626700,Yahoo Finance
2017-06-21,88.673533,88.823490,88.167415,88.607925,5611400,Yahoo Finance
2017-06-22,88.561065,88.579814,87.979972,88.054947,5846500,Yahoo Finance
2017-06-23,88.251812,89.648318,87.998749,89.582710,11637300,Yahoo Finance
2017-06-26,89.788894,90.229397,89.132812,89.245285,6970800,Yahoo Finance
2017-06-27,89.179656,89.357730,88.692281,88.945343,6283600,Yahoo Finance
2017-06-28,89.179659,90.351226,88.720407,90.191895,5571300,Yahoo Finance
2017-06-29,89.779508,89.779508,88.111198,88.495468,8872500,Yahoo Finance
2017-06-30,88.457981,88.682927,87.895630,87.895630,9036600,Yahoo Finance
2017-07-03,88.457962,88.486085,87.492592,87.492592,6197700,Yahoo Finance
2017-07-05,87.867495,88.476711,87.839379,88.111183,9339600,Yahoo Finance
2017-07-06,87.586343,88.073719,87.342662,87.398895,8215700,Yahoo Finance
2017-07-07,87.633211,88.486115,87.633211,88.026855,6175800,Yahoo Finance
2017-07-10,88.242430,89.385881,88.242430,89.123444,8851800,Yahoo Finance
2017-07-11,89.114067,89.629553,88.973478,89.423363,5554100,Yahoo Finance
2017-07-12,89.957587,90.398090,89.629543,90.145035,5974800,Yahoo Finance
2017-07-13,90.369944,90.585516,89.760728,89.920067,6721700,Yahoo Finance
2017-07-14,90.107561,91.260386,90.088819,90.847992,6195800,Yahoo Finance
2017-07-17,91.016710,91.185416,90.529334,90.754280,5914900,Yahoo Finance
2017-07-18,90.772986,91.616515,90.548047,91.457184,7435000,Yahoo Finance
2017-07-19,91.513411,92.160118,91.429062,92.085136,6390400,Yahoo Finance
2017-07-20,92.891187,92.919304,91.785228,91.953934,8572900,Yahoo Finance
2017-07-21,93.350426,94.184581,92.872425,93.350426,17400200,Yahoo Finance
2017-07-24,93.303588,94.118994,92.919311,94.072136,9186000,Yahoo Finance
2017-07-25,94.334571,94.522019,93.537907,93.715981,6774900,Yahoo Finance
2017-07-26,93.734721,94.653226,93.594132,94.522011,7205400,Yahoo Finance
2017-07-27,94.634467,94.831290,92.366316,93.322311,10543900,Yahoo Finance
2017-07-28,92.900556,93.341059,92.328831,92.928673,6558800,Yahoo Finance
2017-07-31,93.256725,93.725352,92.919313,93.312958,7576600,Yahoo Finance
2017-08-01,94.062747,94.728196,93.687845,94.540749,6018100,Yahoo Finance
2017-08-02,94.690713,94.925026,93.950282,94.925026,5955600,Yahoo Finance
2017-08-03,94.606380,94.756337,94.034655,94.278336,5697500,Yahoo Finance
2017-08-04,94.625109,94.981263,94.297072,94.559502,4618000,Yahoo Finance
2017-08-07,94.587607,95.168707,94.278312,95.121841,7047100,Yahoo Finance
2017-08-08,95.131223,95.337420,94.596989,94.925026,6283700,Yahoo Finance
2017-08-09,94.437691,94.943809,94.287727,94.634514,6902100,Yahoo Finance
2017-08-10,94.231449,94.550111,93.191097,93.247330,8560800,Yahoo Finance
2017-08-11,93.303574,94.006514,93.284825,93.809685,5268200,Yahoo Finance
2017-08-14,94.643865,95.702959,94.428293,95.478020,5657600,Yahoo Finance
2017-08-15,95.937268,96.330912,95.571739,96.190323,5386000,Yahoo Finance
2017-08-16,96.467261,97.565612,96.354607,96.992966,13408300,Yahoo Finance
2017-08-17,97.002373,97.190123,95.904022,95.904022,7381600,Yahoo Finance
2017-08-18,95.828921,96.777067,95.697495,96.232590,5670900,Yahoo Finance
2017-08-21,96.335830,97.021123,96.063588,96.899086,5395000,Yahoo Finance
2017-08-22,97.105604,97.819058,96.823972,97.697021,5481000,Yahoo Finance
2017-08-23,97.415401,97.603157,96.683167,96.861534,5057200,Yahoo Finance
2017-08-24,96.992961,97.161938,96.354602,96.899086,4082300,Yahoo Finance
2017-08-25,97.302773,97.518684,96.842781,97.021141,4467400,Yahoo Finance
2017-08-28,97.302760,97.471738,96.936644,97.424797,3919900,Yahoo Finance
2017-08-29,96.617481,97.697060,96.354629,97.415428,7135300,Yahoo Finance
2017-08-30,97.349677,97.631309,97.180699,97.377846,8712700,Yahoo Finance
2017-08-31,97.687666,97.809709,96.720741,97.180733,13766000,Yahoo Finance
2017-09-01,97.668864,97.706415,97.105607,97.537437,4466800,Yahoo Finance
2017-09-05,97.068082,97.124406,95.997893,96.701965,6337500,Yahoo Finance
2017-09-06,97.011732,97.396629,96.786431,96.861534,6372200,Yahoo Finance
2017-09-07,97.359066,98.983129,97.265191,98.157013,6508600,Yahoo Finance
2017-09-08,97.941114,98.354164,97.687644,98.034988,5787200,Yahoo Finance
2017-09-11,99.020697,99.649666,98.710903,99.649666,6956000,Yahoo Finance
2017-09-12,100.109662,100.109662,99.283553,99.705994,5212400,Yahoo Finance
2017-09-13,99.752942,99.752942,98.795400,99.349274,6215700,Yahoo Finance
2017-09-14,99.039485,100.297424,99.039485,99.583969,8154000,Yahoo Finance
2017-09-15,99.264773,99.640280,98.523150,98.851723,12622900,Yahoo Finance
2017-09-18,98.898638,99.058226,98.213345,98.410484,7330300,Yahoo Finance
2017-09-19,98.692112,99.443125,98.410487,98.954971,9754400,Yahoo Finance
2017-09-20,99.039474,99.292937,98.063160,98.541931,8198600,Yahoo Finance
2017-09-21,98.570077,99.142723,98.241512,98.861092,4777600,Yahoo Finance
2017-09-22,98.767222,99.208441,98.626406,99.095787,4959400,Yahoo Finance
2017-09-25,99.039485,99.180300,96.457887,96.711349,9395300,Yahoo Finance
2017-09-26,96.795834,97.650104,96.579915,96.636246,6263600,Yahoo Finance
2017-09-27,96.758268,97.743972,96.598680,97.528053,8337400,Yahoo Finance
2017-09-28,97.396622,98.551303,97.387232,98.175797,5947800,Yahoo Finance
2017-09-29,98.335403,98.973762,98.279080,98.795395,7676300,Yahoo Finance
2017-10-02,99.077029,99.499470,98.663971,98.983154,4885600,Yahoo Finance
2017-10-03,99.180278,99.414968,98.842323,99.123947,4411100,Yahoo Finance
2017-10-04,99.236598,99.264760,98.476203,98.861092,4146800,Yahoo Finance
2017-10-05,99.133339,99.743536,98.710898,99.734146,4396100,Yahoo Finance
2017-10-06,99.781072,100.410041,99.386794,100.194130,4587000,Yahoo Finance
2017-10-09,100.072127,101.057831,100.015804,100.457024,4787000,Yahoo Finance
2017-10-10,100.992087,101.010859,100.278625,100.738617,4015600,Yahoo Finance
2017-10-11,101.104749,101.940247,101.010874,101.799438,6473100,Yahoo Finance
2017-10-12,101.855764,102.052903,101.292508,101.489647,6496100,Yahoo Finance
2017-10-13,101.855761,102.569222,101.761886,102.005966,5154600,Yahoo Finance
2017-10-16,102.127999,102.372079,100.597818,101.668007,5552200,Yahoo Finance
2017-10-17,101.621034,101.780622,100.729213,100.954514,5979400,Yahoo Finance
2017-10-18,101.029654,101.386381,100.879448,101.198631,4817300,Yahoo Finance
2017-10-19,100.701076,101.179847,100.353738,100.466385,10840200,Yahoo Finance
2017-10-20,101.104737,101.104737,100.419444,100.963928,7848900,Yahoo Finance
2017-10-23,101.433321,101.602298,100.541492,100.945160,6316700,Yahoo Finance
2017-10-24,100.973309,101.987175,100.616582,101.771263,10511200,Yahoo Finance
2017-10-25,102.710061,103.836573,101.386401,102.785156,13261300,Yahoo Finance
2017-10-26,103.620626,103.958581,102.954105,103.076149,7380100,Yahoo Finance
2017-10-27,103.329586,103.385909,102.034096,102.991631,7862700,Yahoo Finance
2017-10-30,102.954123,103.489218,102.250051,103.301468,5148600,Yahoo Finance
2017-10-31,103.808373,103.911638,102.005951,103.245117,8002500,Yahoo Finance
2017-11-01,103.733277,104.578165,103.658174,104.268372,6167300,Yahoo Finance
2017-11-02,104.221428,104.550001,103.451643,104.183884,5506600,Yahoo Finance
2017-11-03,104.146333,104.596935,103.742664,104.540611,3757600,Yahoo Finance
2017-11-06,104.540617,105.282241,104.390412,105.066322,4094700,Yahoo Finance
2017-11-07,105.376135,105.582664,104.728386,105.225929,3697900,Yahoo Finance
2017-11-08,105.150804,105.995692,104.972437,105.582634,4417800,Yahoo Finance
2017-11-09,104.953667,105.347945,104.136940,105.272842,4334700,Yahoo Finance
2017-11-10,104.869198,105.122668,104.465529,105.028786,4198900,Yahoo Finance
2017-11-13,104.718987,105.010001,104.521840,104.578171,7185600,Yahoo Finance
2017-11-14,104.277747,105.178958,104.024277,105.122635,5679600,Yahoo Finance
2017-11-15,104.521844,105.019394,103.395332,103.498596,6895100,Yahoo Finance
2017-11-16,104.152178,104.801074,103.982901,104.406090,5655100,Yahoo Finance
2017-11-17,104.095738,104.302633,103.164711,103.277565,8812400,Yahoo Finance
2017-11-20,103.399834,104.086348,103.155328,103.399834,6873200,Yahoo Finance
2017-11-21,103.870060,104.848104,103.729002,104.810486,6456500,Yahoo Finance
2017-11-22,104.857492,105.007964,104.105149,104.218002,4067600,Yahoo Finance
2017-11-24,104.678830,105.478198,104.518959,105.299515,3045600,Yahoo Finance
2017-11-27,105.327722,105.835553,105.243087,105.685081,6620500,Yahoo Finance
2017-11-28,105.891964,106.851202,105.854346,106.606689,6671300,Yahoo Finance
2017-11-29,106.851212,106.851212,100.531548,103.315208,14505400,Yahoo Finance
2017-11-30,103.917066,105.882553,103.475065,105.882553,18533300,Yahoo Finance
2017-12-01,105.685074,105.741505,103.221163,104.133377,13101800,Yahoo Finance
2017-12-04,104.697607,104.810454,100.597350,101.029945,18909100,Yahoo Finance
2017-12-05,102.402995,102.732143,100.249419,102.111465,12081500,Yahoo Finance
2017-12-06,102.026814,103.606730,101.810520,103.202347,7532100,Yahoo Finance
2017-12-07,103.230559,104.772865,102.929623,104.763458,7384900,Yahoo Finance
2017-12-08,105.449944,105.901351,105.158414,105.891945,7594900,Yahoo Finance
2017-12-11,105.797927,106.597288,105.478186,105.675674,7538600,Yahoo Finance
2017-12-12,105.675676,106.954656,105.327716,106.700737,8754400,Yahoo Finance
2017-12-13,106.973452,107.556518,106.446815,106.559662,8088900,Yahoo Finance
2017-12-14,106.785375,107.293198,106.192902,106.192902,9815600,Yahoo Finance
2017-12-15,107.180341,107.396635,105.694467,107.039276,16388000,Yahoo Finance
2017-12-18,107.857486,107.913909,106.503270,106.785400,8961800,Yahoo Finance
2017-12-19,106.531459,106.531459,105.402950,105.459373,7899400,Yahoo Finance
2017-12-20,106.004821,106.362180,105.318307,105.440567,6201900,Yahoo Finance
2017-12-21,105.891948,106.362161,105.628630,105.713272,8866400,Yahoo Finance
2017-12-22,105.694470,106.371578,105.562811,105.976601,6190100,Yahoo Finance
2017-12-26,105.393583,106.681970,105.393583,106.258774,3948900,Yahoo Finance
2017-12-27,105.976633,107.274418,105.939015,107.227394,7073100,Yahoo Finance
2017-12-28,107.490687,108.073747,107.199151,107.537704,6937100,Yahoo Finance
2017-12-29,107.913908,108.045567,107.227394,107.227394,5249000,Yahoo Finance
2018-01-02,107.744595,108.224214,107.161528,107.688171,6080900,Yahoo Finance
2018-01-03,108.101989,108.891951,107.829272,108.760292,6946100,Yahoo Finance
2018-01-04,109.324513,110.368386,109.117618,109.164642,7805300,Yahoo Finance
2018-01-05,110.020423,111.910681,109.484381,111.779022,8590500,Yahoo Finance
2018-01-08,111.543969,113.302569,111.036138,112.230476,6660700,Yahoo Finance
2018-01-09,112.822920,112.822920,111.590964,112.014153,6562400,Yahoo Finance
2018-01-10,111.619198,111.957752,110.462470,111.891922,7490300,Yahoo Finance
2018-01-11,111.722624,112.832327,111.609770,112.700661,5982100,Yahoo Finance
2018-01-12,112.963979,113.180273,112.578401,112.935760,5585800,Yahoo Finance
2018-01-16,113.960848,114.675574,112.766510,113.217911,8803800,Yahoo Finance
2018-01-17,113.979642,114.882458,113.537648,114.713181,7991500,Yahoo Finance
2018-01-18,115.221001,115.860491,114.760194,115.775856,8661000,Yahoo Finance
2018-01-19,115.719429,116.283683,114.656743,115.390274,8250700,Yahoo Finance
2018-01-22,115.550136,116.923157,115.108134,116.923157,9355000,Yahoo Finance
2018-01-23,117.177089,118.032880,116.810324,117.224113,5683300,Yahoo Finance
2018-01-24,117.600271,117.976436,116.340097,117.130058,6425200,Yahoo Finance
2018-01-25,117.553245,117.995246,117.205284,117.760139,7166400,Yahoo Finance
2018-01-26,118.277387,118.851048,117.327562,118.794624,5604900,Yahoo Finance
2018-01-29,119.189589,119.321249,117.261720,117.402779,6257900,Yahoo Finance
2018-01-30,116.443563,116.885565,115.521943,116.189651,8154400,Yahoo Finance
2018-01-31,116.405928,117.064231,115.710015,116.829124,7338200,Yahoo Finance
2018-02-01,117.308756,118.738208,116.706884,118.230377,11169700,Yahoo Finance
2018-02-02,116.349512,116.349512,113.509421,113.706917,13937700,Yahoo Finance
2018-02-05,111.628558,113.913793,108.158391,109.343323,16623900,Yahoo Finance
2018-02-06,108.337085,113.133264,106.503257,112.822922,19053300,Yahoo Finance
2018-02-07,112.935786,115.164599,112.108213,112.522003,9294000,Yahoo Finance
2018-02-08,112.409126,112.681850,106.775976,107.076912,12673400,Yahoo Finance
2018-02-09,107.725815,110.227344,104.406104,109.390366,17695500,Yahoo Finance
2018-02-12,110.772795,111.760238,109.917004,111.412285,11526300,Yahoo Finance
2018-02-13,110.829203,111.722612,110.152095,111.299416,7803900,Yahoo Finance
2018-02-14,110.612917,113.744530,110.500063,113.631683,9206400,Yahoo Finance
2018-02-15,114.649120,115.223779,113.019354,115.195518,6921300,Yahoo Finance
2018-02-16,114.583150,115.864357,114.526629,114.790405,6371400,Yahoo Finance
2018-02-20,114.319366,115.920878,114.008484,114.941132,6182800,Yahoo Finance
2018-02-21,114.978820,115.713628,113.433837,113.452675,7676100,Yahoo Finance
2018-02-22,113.678793,114.347657,112.689631,113.405594,4994000,Yahoo Finance
2018-02-23,114.526632,115.836099,114.196911,115.807838,5036900,Yahoo Finance
2018-02-26,116.420180,117.381081,116.175241,117.371658,6270500,Yahoo Finance
2018-02-27,117.475298,118.040541,116.203513,116.222359,7287200,Yahoo Finance
2018-02-28,116.486140,117.739086,115.760747,115.817276,6780900,Yahoo Finance
2018-03-01,116.118733,116.815858,112.689623,113.424431,8819600,Yahoo Finance
2018-03-02,112.190321,113.970827,111.031587,113.772987,7581900,Yahoo Finance
2018-03-05,113.471521,115.223760,112.520043,114.818672,5810200,Yahoo Finance
2018-03-06,115.713637,116.099879,113.678777,114.046181,7464400,Yahoo Finance
2018-03-07,113.075850,115.157809,112.764968,114.790405,7254100,Yahoo Finance
2018-03-08,114.894031,115.704206,114.149800,115.138969,6948900,Yahoo Finance
2018-03-09,116.109293,117.560072,115.751312,117.296295,6397700,Yahoo Finance
2018-03-12,117.522408,117.739086,116.325991,117.041954,8636000,Yahoo Finance
2018-03-13,117.051356,117.757904,115.779573,116.062187,9479500,Yahoo Finance
2018-03-14,116.853546,116.853546,114.837531,115.478134,7855000,Yahoo Finance
2018-03-15,115.996257,117.211519,115.591169,116.260040,5861900,Yahoo Finance
2018-03-16,116.674521,117.805001,116.184652,117.315125,9447100,Yahoo Finance
2018-03-19,116.759319,117.107878,115.195490,116.071609,17387800,Yahoo Finance
2018-03-20,116.231771,117.918065,116.156411,117.673134,7779700,Yahoo Finance
2018-03-21,117.663706,118.172421,115.939728,116.081039,7359500,Yahoo Finance
2018-03-22,115.120144,115.572338,112.764986,113.038185,10501500,Yahoo Finance
2018-03-23,112.943983,113.358493,109.995327,110.221420,10024300,Yahoo Finance
2018-03-26,112.190327,113.744733,110.975071,113.650528,8735400,Yahoo Finance
2018-03-27,114.479524,114.554891,109.976463,110.598228,9008600,Yahoo Finance
2018-03-28,110.155454,111.229405,109.307595,110.211975,9420400,Yahoo Finance
2018-03-29,110.862001,113.603401,110.259081,112.689606,12918100,Yahoo Finance
2018-04-02,112.359882,112.887442,109.995308,111.530869,9877100,Yahoo Finance
2018-04-03,112.001900,113.038169,110.683010,112.293938,7084800,Yahoo Finance
2018-04-04,110.127228,113.160674,109.948234,112.868629,8425700,Yahoo Finance
2018-04-05,113.989669,114.941155,113.396171,114.168663,6816000,Yahoo Finance
2018-04-06,113.217164,113.575146,110.334453,110.880844,8383800,Yahoo Finance
2018-04-09,111.756996,113.678807,111.756996,111.907730,7024800,Yahoo Finance
2018-04-10,113.575142,114.140386,112.708446,113.725876,8947200,Yahoo Finance
2018-04-11,113.038203,114.611454,112.689644,112.840370,5874900,Yahoo Finance
2018-04-12,113.424430,114.912892,113.415007,114.055611,5666000,Yahoo Finance
2018-04-13,114.677368,115.374493,113.659938,113.754143,9174300,Yahoo Finance
2018-04-16,115.035350,115.751320,114.470113,114.818672,6903200,Yahoo Finance
2018-04-17,115.788998,117.060782,115.421587,116.627434,5979600,Yahoo Finance
2018-04-18,116.872356,117.635432,116.231753,117.268028,5171000,Yahoo Finance
2018-04-19,117.107873,117.494123,116.015084,116.778152,7294100,Yahoo Finance
2018-04-20,116.872399,117.588370,116.165852,117.004288,7479400,Yahoo Finance
2018-04-23,117.098457,117.729638,116.721631,117.249184,8004300,Yahoo Finance
2018-04-24,117.635452,117.795601,113.565739,114.244019,9434400,Yahoo Finance
2018-04-25,114.121556,114.319388,112.454107,114.187500,8001200,Yahoo Finance
2018-04-26,117.889787,120.197839,116.608581,119.717392,14345800,Yahoo Finance
2018-04-27,119.114499,119.698574,118.125330,118.709412,6842700,Yahoo Finance
2018-04-30,119.397103,120.489900,119.321744,119.528992,8449200,Yahoo Finance
2018-05-01,119.510155,120.179019,118.238371,120.122498,6407300,Yahoo Finance
2018-05-02,120.471063,120.678326,118.699987,119.057968,8515300,Yahoo Finance
2018-05-03,118.521001,120.075407,118.059392,119.811630,6778600,Yahoo Finance
2018-05-04,119.010878,120.923265,118.765939,120.734856,5798400,Yahoo Finance
2018-05-07,120.960943,122.016064,120.819639,121.771118,5737300,Yahoo Finance
2018-05-08,121.658045,122.439960,120.876131,122.374008,5044700,Yahoo Finance
2018-05-09,122.477661,123.410308,122.081996,123.259575,6119400,Yahoo Finance
2018-05-10,123.683501,124.116856,123.146532,123.410309,6585800,Yahoo Finance
2018-05-11,123.410279,124.437124,122.684886,124.182777,5437100,Yahoo Finance
2018-05-14,124.757459,124.823410,123.099432,123.608154,5017000,Yahoo Finance
2018-05-15,122.995794,123.787124,122.374029,123.504517,5532300,Yahoo Finance
2018-05-16,123.495081,123.787118,122.976943,123.306671,5124200,Yahoo Finance
2018-05-17,123.212279,123.419867,122.297008,122.598946,4911700,Yahoo Finance
2018-05-18,122.306439,122.985816,121.787483,122.598946,6082700,Yahoo Finance
2018-05-21,123.561419,124.089820,122.655593,123.287788,5591800,Yahoo Finance
2018-05-22,123.608623,124.344612,123.136834,123.334991,6645500,Yahoo Finance
2018-05-23,122.721640,124.467263,122.476315,124.438957,6569100,Yahoo Finance
2018-05-24,124.382352,124.750346,123.136823,124.448395,6035200,Yahoo Finance
2018-05-25,124.438947,124.646535,123.542537,123.872795,7509600,Yahoo Finance
2018-05-29,123.033037,123.655801,121.778077,122.372536,10401900,Yahoo Finance
2018-05-30,122.853752,123.702980,122.542370,123.268929,10631300,Yahoo Finance
2018-05-31,123.278356,124.155891,122.646161,123.344414,11086000,Yahoo Finance
2018-06-01,124.401219,125.033414,123.004729,123.467087,8323400,Yahoo Finance
2018-06-04,124.495567,126.033602,124.014333,125.561813,7178000,Yahoo Finance
2018-06-05,125.854341,126.080790,125.212701,126.024178,6198200,Yahoo Finance
2018-06-06,126.439313,128.618974,126.071319,128.590668,8065800,Yahoo Finance
2018-06-07,128.666156,128.873744,125.542918,126.288338,8309200,Yahoo Finance
2018-06-08,125.910928,127.307418,125.712770,127.137581,5261000,Yahoo Finance
2018-06-11,127.288571,127.562217,126.260075,126.354439,7988700,Yahoo Finance
2018-06-12,126.477046,127.505556,126.005257,127.250786,5743300,Yahoo Finance
2018-06-13,127.552792,128.109514,126.731884,126.816803,4881600,Yahoo Finance
2018-06-14,127.345175,128.043413,127.147017,127.382912,6464100,Yahoo Finance
2018-06-15,127.477287,128.071731,126.439347,127.477287,10044500,Yahoo Finance
2018-06-18,126.788465,128.619007,126.552571,128.515213,8713300,Yahoo Finance
2018-06-19,126.967716,127.609356,126.033584,127.486687,6557600,Yahoo Finance
2018-06-20,127.873589,128.977573,127.854713,127.854713,7192000,Yahoo Finance
2018-06-21,127.637613,128.439645,126.684592,126.939362,8689800,Yahoo Finance
2018-06-22,127.949075,128.184970,126.684671,127.694305,6031900,Yahoo Finance
2018-06-25,127.298004,127.298004,122.221554,123.542557,10086200,Yahoo Finance
2018-06-26,124.655968,126.241170,124.184179,125.071144,7733900,Yahoo Finance
2018-06-27,125.505228,126.118562,123.618073,123.627518,7282100,Yahoo Finance
2018-06-28,123.608613,125.608992,123.278355,125.250443,6576500,Yahoo Finance
2018-06-29,125.759970,126.618629,124.976799,124.976799,7259000,Yahoo Finance
2018-07-02,124.514477,125.542973,123.750167,125.024002,7554400,Yahoo Finance
2018-07-03,125.505212,125.882651,124.004927,124.033234,3621600,Yahoo Finance
2018-07-05,124.674893,125.807183,124.391817,125.769432,4729300,Yahoo Finance
2018-07-06,126.043050,126.703551,125.023985,126.524269,4839800,Yahoo Finance
2018-07-09,127.326297,128.298180,127.184752,127.873573,8960700,Yahoo Finance
2018-07-10,127.920737,129.581428,127.703704,128.977539,6561900,Yahoo Finance
2018-07-11,128.920952,130.977943,128.892646,130.355179,10648700,Yahoo Finance
2018-07-12,131.166686,132.053651,130.836443,132.006470,11816100,Yahoo Finance
2018-07-13,131.902647,132.129110,129.779598,131.553528,7865700,Yahoo Finance
2018-07-16,131.553577,131.676247,130.364675,130.647751,4969900,Yahoo Finance
2018-07-17,130.383479,132.015878,129.666366,131.761108,5412600,Yahoo Finance
2018-07-18,132.015895,133.204797,131.506355,132.950027,7008600,Yahoo Finance
2018-07-19,132.997175,133.034927,132.034723,132.223450,7937000,Yahoo Finance
2018-07-20,132.100842,133.487902,132.025354,133.034988,7153600,Yahoo Finance
2018-07-23,132.723624,133.016131,131.761171,132.129166,7723600,Yahoo Finance
2018-07-24,133.035006,133.487920,131.638501,132.129166,8336700,Yahoo Finance
2018-07-25,132.421627,134.714528,132.006451,134.591858,8376000,Yahoo Finance
2018-07-26,133.619904,134.733317,131.657262,134.459686,10520800,Yahoo Finance
2018-07-27,135.006979,135.063591,131.355341,132.770706,7014900,Yahoo Finance
2018-07-30,132.223469,132.497100,127.675420,128.779404,12812400,Yahoo Finance
2018-07-31,129.392744,130.232527,127.977379,129.024750,7683300,Yahoo Finance
2018-08-01,129.968335,130.911912,129.656953,130.449554,7087700,Yahoo Finance
2018-08-02,129.694682,131.336511,129.270075,131.081741,12300000,Yahoo Finance
2018-08-03,131.430875,131.968721,130.157055,131.930984,4617500,Yahoo Finance
2018-08-06,131.770583,132.346166,131.204445,131.827209,5143000,Yahoo Finance
2018-08-07,132.081945,132.751891,131.978151,132.365021,10034500,Yahoo Finance
2018-08-08,132.081930,133.034953,131.940400,132.742432,5389500,Yahoo Finance
2018-08-09,132.789622,133.270855,132.006451,132.110245,5679300,Yahoo Finance
2018-08-10,131.987538,132.799015,131.393080,131.845993,6523500,Yahoo Finance
2018-08-13,132.600887,133.270833,131.940386,132.298950,4817500,Yahoo Finance
2018-08-14,132.383849,133.034919,131.987548,132.817886,5888700,Yahoo Finance
2018-08-15,132.431091,132.751903,131.006280,132.025345,5288400,Yahoo Finance
2018-08-16,133.310485,133.707381,132.696229,132.913574,5931700,Yahoo Finance
2018-08-17,133.036478,133.915332,132.838037,133.556229,7699600,Yahoo Finance
2018-08-20,133.754641,133.811353,132.960849,133.187653,4662200,Yahoo Finance
2018-08-21,133.244376,133.679080,132.110384,132.337173,6854300,Yahoo Finance
2018-08-22,132.157625,133.745211,132.157625,133.376663,4191700,Yahoo Finance
2018-08-23,133.253788,134.614584,133.026998,134.283844,4426800,Yahoo Finance
2018-08-24,134.491774,136.438463,134.491774,136.268356,5714000,Yahoo Finance
2018-08-27,137.014861,137.591309,136.750263,137.402298,7194900,Yahoo Finance
2018-08-28,137.619689,138.129980,136.901483,137.213333,4925700,Yahoo Finance
2018-08-29,137.458962,139.197749,137.421154,138.942596,5192900,Yahoo Finance
2018-08-30,138.744226,139.585272,138.309522,138.668625,7804600,Yahoo Finance
2018-08-31,138.668681,139.519172,138.441877,138.810425,5786600,Yahoo Finance
2018-09-04,138.848208,139.727062,138.602515,139.670364,7638100,Yahoo Finance
2018-09-05,138.914326,139.689230,134.709100,134.822495,11363400,Yahoo Finance
2018-09-06,135.408368,136.740815,134.699622,136.551819,9589200,Yahoo Finance
2018-09-07,136.069903,136.495149,134.898104,135.323349,13626200,Yahoo Finance
2018-09-10,136.202175,136.495121,135.332781,136.154922,5362700,Yahoo Finance
2018-09-11,135.569102,137.515791,135.370646,137.487442,9895900,Yahoo Finance
2018-09-12,137.827613,138.725356,137.090517,138.508011,6964100,Yahoo Finance
2018-09-13,139.056081,139.925490,138.999384,139.509689,5803400,Yahoo Finance
2018-09-14,139.774317,140.209007,139.245122,139.708160,4928300,Yahoo Finance
2018-09-17,139.698671,139.764813,137.808680,138.139420,7708600,Yahoo Finance
2018-09-18,138.158338,139.944379,137.922089,139.509689,5692100,Yahoo Finance
2018-09-19,140.123930,140.634236,139.150586,139.311234,7432300,Yahoo Finance
2018-09-20,139.849838,141.267331,139.103284,141.031082,7172700,Yahoo Finance
2018-09-21,141.702080,141.995026,141.135091,141.796585,15628100,Yahoo Finance
2018-09-24,140.955532,141.418571,139.169491,140.908279,6706700,Yahoo Finance
2018-09-25,141.475286,141.711535,140.898838,141.352432,4230700,Yahoo Finance
2018-09-26,141.749321,142.146218,140.842119,141.059479,5852400,Yahoo Finance
2018-09-27,141.654794,142.354096,141.333500,141.768204,5868500,Yahoo Finance
2018-09-28,141.569753,142.098948,141.324059,141.834351,6035900,Yahoo Finance
2018-10-01,142.590355,143.223500,142.325757,142.495850,9802100,Yahoo Finance
2018-10-02,142.543143,142.543143,140.965002,141.437500,8047500,Yahoo Finance
2018-10-03,142.420251,142.420251,140.983854,141.153946,7521100,Yahoo Finance
2018-10-04,140.974402,141.068908,138.063829,138.687515,9208900,Yahoo Finance
2018-10-05,138.574125,139.301776,136.457331,137.364532,7085700,Yahoo Finance
2018-10-08,137.033753,137.033753,132.469425,134.085373,11637300,Yahoo Finance
2018-10-09,133.679017,135.408345,133.357708,134.482254,10798000,Yahoo Finance
2018-10-10,134.728049,134.841444,127.772880,128.065826,15450100,Yahoo Finance
2018-10-11,126.714428,129.691172,124.985085,126.374229,15657200,Yahoo Finance
2018-10-12,130.862969,133.225458,129.870721,132.356064,12993300,Yahoo Finance
2018-10-15,132.204853,132.356056,129.672272,129.681717,7953000,Yahoo Finance
2018-10-16,131.080344,134.321672,131.051981,133.943680,11059500,Yahoo Finance
2018-10-17,134.510613,135.002014,132.989170,134.614563,9170600,Yahoo Finance
2018-10-18,134.624035,134.624035,130.362097,131.628387,10222600,Yahoo Finance
2018-10-19,132.204832,134.368880,131.713445,132.374939,8696900,Yahoo Finance
2018-10-22,133.216010,133.754650,131.836310,132.904160,6099500,Yahoo Finance
2018-10-23,129.360422,132.337152,128.131926,131.467758,10736100,Yahoo Finance
2018-10-24,132.015854,132.469447,126.629383,126.875076,13849600,Yahoo Finance
2018-10-25,127.999608,133.149829,125.211875,132.790741,14985900,Yahoo Finance
2018-10-26,130.390410,132.176450,128.576021,130.163620,12034900,Yahoo Finance
2018-10-29,131.930805,133.726291,124.994543,126.941231,12768200,Yahoo Finance
2018-10-30,125.760024,127.442115,122.650980,125.457619,15107600,Yahoo Finance
2018-10-31,127.564966,131.467788,127.564966,130.267654,13205300,Yahoo Finance
2018-11-01,131.354381,133.121518,129.927443,133.083725,16024000,Yahoo Finance
2018-11-02,133.348322,133.669617,130.267642,132.091476,17063100,Yahoo Finance
2018-11-05,132.110367,132.497818,130.475529,132.110367,6280000,Yahoo Finance
2018-11-06,132.110377,133.159323,132.034776,133.045914,4732700,Yahoo Finance
2018-11-07,134.510646,136.929832,134.491756,136.816437,20502100,Yahoo Finance
2018-11-08,136.646377,137.459074,135.748620,137.241714,5927400,Yahoo Finance
2018-11-09,136.268367,136.618025,134.529578,136.013214,8339800,Yahoo Finance
2018-11-12,135.531271,135.739171,131.515040,132.034790,11335100,Yahoo Finance
2018-11-13,132.630142,134.094874,131.363837,132.034790,6287000,Yahoo Finance
2018-11-14,134.208251,134.756350,130.796817,131.817413,6613900,Yahoo Finance
2018-11-15,131.448238,134.345115,130.577269,134.278839,8565000,Yahoo Finance
2018-11-16,132.934502,134.278803,132.461156,132.707291,8628000,Yahoo Finance
2018-11-19,132.981875,133.076550,127.093448,127.576256,16253000,Yahoo Finance
2018-11-20,123.363492,127.358535,122.634535,126.260368,12720200,Yahoo Finance
2018-11-21,127.197580,128.541881,126.506499,127.254379,7416300,Yahoo Finance
2018-11-23,125.521915,127.093427,125.427254,125.786987,3676000,Yahoo Finance
2018-11-26,127.424780,129.242427,127.093432,128.693344,9144600,Yahoo Finance
2018-11-27,128.068512,129.043603,126.970345,128.664932,7877900,Yahoo Finance
2018-11-28,129.763068,133.994767,129.573718,133.843307,11265100,Yahoo Finance
2018-11-29,133.190128,133.199590,131.315681,131.684891,8751500,Yahoo Finance
2018-11-30,131.599711,134.676462,131.239978,134.155792,11362800,Yahoo Finance
2018-12-03,137.270370,137.951990,136.181680,137.270370,11285600,Yahoo Finance
2018-12-04,135.500042,136.655008,131.116853,131.249390,13988900,Yahoo Finance
2018-12-06,127.841301,133.587729,126.364463,133.530930,16391900,Yahoo Finance
2018-12-07,133.313230,134.553395,128.740704,129.800995,14007700,Yahoo Finance
2018-12-10,128.986795,130.899117,127.670893,130.529907,15744300,Yahoo Finance
2018-12-11,132.480104,132.584240,128.674397,129.516953,12466300,Yahoo Finance
2018-12-12,131.874231,133.370007,130.406856,130.454193,10387200,Yahoo Finance
2018-12-13,130.927518,131.713274,128.892122,130.208023,8780900,Yahoo Finance
2018-12-14,128.456670,129.431762,127.377442,127.888649,9351200,Yahoo Finance
2018-12-17,127.055573,127.263832,123.723212,124.395355,11796200,Yahoo Finance
2018-12-18,125.237879,127.017665,124.774010,125.588165,12761900,Yahoo Finance
2018-12-19,125.843776,128.627053,122.615567,124.262802,13819000,Yahoo Finance
2018-12-20,123.221473,124.972845,120.371927,121.896095,18091700,Yahoo Finance
2018-12-21,120.400318,123.382400,116.395807,117.635979,25448600,Yahoo Finance
2018-12-24,115.572186,118.535330,115.117770,115.240845,8617700,Yahoo Finance
2018-12-26,116.462063,123.297188,116.443132,123.287712,13499500,Yahoo Finance
2018-12-27,121.167103,124.972801,119.775464,124.972801,10883000,Yahoo Finance
2018-12-28,125.985805,126.497013,122.748120,123.959885,7381300,Yahoo Finance
2018-12-31,124.660421,125.379917,123.287720,124.906570,7976000,Yahoo Finance
2019-01-02,123.069928,126.610561,122.691258,125.834267,8788000,Yahoo Finance
2019-01-03,124.215504,124.281765,121.063010,121.299690,9428300,Yahoo Finance
2019-01-04,123.486502,127.415268,123.193030,126.525375,11065800,Yahoo Finance
2019-01-07,127.282771,129.857775,126.894623,128.806946,12928000,Yahoo Finance
2019-01-08,130.615120,130.823394,128.712274,129.507492,9243000,Yahoo Finance
2019-01-09,130.927571,132.044661,130.283813,131.031708,9987600,Yahoo Finance
2019-01-10,129.516999,131.419860,129.090990,131.277847,12514900,Yahoo Finance
2019-01-11,130.406830,131.211524,130.084958,130.700302,5860100,Yahoo Finance
2019-01-14,129.687337,130.766565,129.365450,129.791473,8666700,Yahoo Finance
2019-01-15,129.658974,130.378455,128.040124,130.018707,7594900,Yahoo Finance
2019-01-16,131.022199,131.467145,129.763111,130.018707,7258000,Yahoo Finance
2019-01-17,129.668427,130.558319,129.308679,129.961899,5864900,Yahoo Finance
2019-01-18,130.936978,131.211527,129.356004,131.116852,10263500,Yahoo Finance
2019-01-22,130.548829,132.082480,129.677874,130.690842,8102300,Yahoo Finance
2019-01-23,131.372486,131.571284,128.892143,129.706299,5465800,Yahoo Finance
2019-01-24,129.800937,130.946441,129.242392,130.359482,4924800,Yahoo Finance
2019-01-25,131.590258,132.442275,130.359554,131.277847,9756300,Yahoo Finance
2019-01-28,130.179623,130.179623,127.623557,128.740662,9857200,Yahoo Finance
2019-01-29,129.308681,129.403356,126.960888,127.803444,7457700,Yahoo Finance
2019-01-30,128.844793,130.548828,128.286234,130.264832,8078100,Yahoo Finance
2019-01-31,127.225952,128.494516,126.194061,127.812897,20095700,Yahoo Finance
2019-02-01,128.172645,132.868244,128.049570,132.678894,13248300,Yahoo Finance
2019-02-04,132.338090,133.975878,131.760607,133.956940,11882700,Yahoo Finance
2019-02-05,134.430276,135.329631,134.269341,134.932022,8455700,Yahoo Finance
2019-02-06,134.392364,134.827835,133.530872,133.947418,6146900,Yahoo Finance
2019-02-07,132.461188,133.540416,131.789044,132.697861,10675300,Yahoo Finance
2019-02-08,131.296710,132.915545,131.135774,132.896622,5950700,Yahoo Finance
2019-02-11,133.729736,134.704828,132.962918,133.294266,7600100,Yahoo Finance
2019-02-12,134.231472,135.187640,133.720265,134.420822,6090000,Yahoo Finance
2019-02-13,135.272815,136.986325,135.253877,135.840836,6885600,Yahoo Finance
2019-02-14,135.594290,136.068462,135.044248,135.764999,6314000,Yahoo Finance
2019-02-15,137.083202,137.424606,136.390914,137.424606,6536000,Yahoo Finance
2019-02-19,136.959896,137.396140,136.580564,136.978867,8406700,Yahoo Finance
2019-02-20,136.893545,137.358225,136.106417,137.253906,5283100,Yahoo Finance
2019-02-21,136.893526,137.538393,135.783950,136.561600,8573400,Yahoo Finance
2019-02-22,136.959865,138.723786,136.959865,138.334961,9680800,Yahoo Finance
2019-02-25,139.321296,139.596310,138.278112,138.515198,9731200,Yahoo Finance
2019-02-26,137.699630,139.785985,137.528934,139.444580,7332500,Yahoo Finance
2019-02-27,138.932471,139.871337,138.382429,139.615280,9731200,Yahoo Finance
2019-02-28,139.653249,141.132679,139.624800,140.468826,6250200,Yahoo Finance
2019-03-01,141.739545,142.185254,140.715332,141.749023,7016800,Yahoo Finance
2019-03-04,142.318070,142.431867,139.359225,140.317062,6979700,Yahoo Finance
2019-03-05,140.354961,141.578319,140.193744,140.307541,9678600,Yahoo Finance
2019-03-06,140.354947,140.848090,139.804905,140.174759,8186400,Yahoo Finance
2019-03-07,139.653219,140.174811,138.496237,139.245438,8761700,Yahoo Finance
2019-03-08,137.927200,139.861816,137.035754,139.738541,5168100,Yahoo Finance
2019-03-11,140.459295,143.171561,140.373947,142.887054,9361500,Yahoo Finance
2019-03-12,143.200001,145.229457,143.076711,143.892288,9465100,Yahoo Finance
2019-03-13,144.432869,146.082979,144.186290,144.594086,8308900,Yahoo Finance
2019-03-14,144.679441,146.699420,144.432877,146.234726,9364900,Yahoo Finance
2019-03-15,145.779547,148.719422,145.438143,147.429672,20162000,Yahoo Finance
2019-03-18,147.865908,148.330602,146.443391,146.955505,9689400,Yahoo Finance
2019-03-19,147.894287,147.894287,146.177786,146.604538,9236100,Yahoo Finance
2019-03-20,146.367473,146.870094,144.821681,145.807953,6391400,Yahoo Finance
2019-03-21,145.400155,148.586578,145.390662,147.752045,7027100,Yahoo Finance
2019-03-22,146.983890,147.638235,144.954434,145.163071,8119800,Yahoo Finance
2019-03-25,144.489718,146.101900,143.712069,145.125107,7568000,Yahoo Finance
2019-03-26,145.826927,147.562399,145.826927,147.277893,15594400,Yahoo Finance
2019-03-27,147.439154,147.809008,145.438146,146.253723,12253800,Yahoo Finance
2019-03-28,146.926984,147.069245,145.675177,146.680420,16902200,Yahoo Finance
2019-03-29,147.685673,148.216743,146.926994,148.121918,12164400,Yahoo Finance
2019-04-01,149.392715,149.582381,148.463341,149.136658,6420100,Yahoo Finance
2019-04-02,149.515949,149.980628,148.652952,149.629745,6215100,Yahoo Finance
2019-04-03,150.359990,150.891061,149.696152,150.274643,8209300,Yahoo Finance
2019-04-04,150.341035,150.492774,148.444346,149.497009,5100200,Yahoo Finance
2019-04-05,149.838427,150.435888,149.108197,149.506500,4178300,Yahoo Finance
2019-04-08,149.411652,149.696159,148.245193,149.601318,5604700,Yahoo Finance
2019-04-09,148.472845,149.828985,148.387497,149.354813,6364100,Yahoo Finance
2019-04-10,149.828943,150.578129,149.383220,150.369492,3918600,Yahoo Finance
2019-04-11,150.891119,151.071307,149.307385,149.705688,5771400,Yahoo Finance
2019-04-12,150.511754,151.393707,149.705655,151.393707,6745100,Yahoo Finance
2019-04-15,151.573975,152.190393,150.967035,152.152466,8142800,Yahoo Finance
2019-04-16,152.721404,152.778317,151.308380,151.953247,6021400,Yahoo Finance
2019-04-17,152.560247,152.749928,152.029176,152.152466,4609100,Yahoo Finance
2019-04-18,152.617071,152.778302,150.786773,151.886856,7859400,Yahoo Finance
2019-04-22,150.976476,152.190356,150.853201,152.114487,4602600,Yahoo Finance
2019-04-23,152.683476,153.518024,151.611842,153.309387,6522900,Yahoo Finance
2019-04-24,153.394758,153.660293,152.351573,153.148193,7376500,Yahoo Finance
2019-04-25,152.228281,153.252495,150.360041,152.702454,8862500,Yahoo Finance
2019-04-26,152.930075,154.608649,152.114498,154.513809,7525400,Yahoo Finance
2019-04-29,154.779314,156.002672,154.674996,155.670746,10003600,Yahoo Finance
2019-04-30,156.457872,157.140681,155.452629,155.936279,6432700,Yahoo Finance
2019-05-01,156.988944,157.178625,154.343069,154.380997,5248100,Yahoo Finance
2019-05-02,153.726644,154.656018,152.142896,152.797256,6054900,Yahoo Finance
2019-05-03,153.916348,154.333622,152.854192,153.669769,4317500,Yahoo Finance
2019-05-06,150.037570,154.248206,150.028077,153.897324,10442400,Yahoo Finance
2019-05-07,152.636046,153.423174,150.483300,151.934280,6413600,Yahoo Finance
2019-05-08,151.516974,153.347272,151.279888,152.455826,5445900,Yahoo Finance
2019-05-09,150.653992,151.592858,149.051288,151.554916,6813700,Yahoo Finance
2019-05-10,150.654004,153.062793,149.146140,152.408447,5192500,Yahoo Finance
2019-05-13,149.070251,150.521216,148.340021,149.203018,9730000,Yahoo Finance
2019-05-14,149.933273,153.176609,149.781534,151.934280,9756700,Yahoo Finance
2019-05-15,151.090255,154.731894,150.881618,154.380997,7547000,Yahoo Finance
2019-05-16,155.245367,157.287453,154.684986,156.594086,9745500,Yahoo Finance
2019-05-17,155.093380,156.907508,155.007901,155.853226,4582500,Yahoo Finance
2019-05-20,155.150356,156.470582,154.181553,155.264328,4747400,Yahoo Finance
2019-05-21,156.318610,156.584554,154.998384,155.634750,9095700,Yahoo Finance
2019-05-22,155.387763,157.315861,155.245284,155.995636,5416400,Yahoo Finance
2019-05-23,155.292824,156.005176,152.747358,153.402710,6138000,Yahoo Finance
2019-05-24,154.580431,155.207304,153.602135,154.475952,4105600,Yahoo Finance
2019-05-28,155.197813,157.448856,155.131334,155.492264,10202300,Yahoo Finance
2019-05-29,155.102857,155.292815,153.374208,154.561462,6456000,Yahoo Finance
2019-05-30,154.627936,155.292795,153.811104,154.589935,4750600,Yahoo Finance
2019-05-31,152.832804,153.991565,152.500368,153.231720,5079000,Yahoo Finance
2019-06-03,153.431188,154.656442,148.881637,150.638779,8034600,Yahoo Finance
2019-06-04,152.243897,154.219489,150.686221,154.181503,6684800,Yahoo Finance
2019-06-05,155.292809,157.097429,154.523471,157.087936,7769300,Yahoo Finance
2019-06-06,157.553318,158.997009,156.660501,158.541107,13738500,Yahoo Finance
2019-06-07,159.566924,162.995713,159.376966,161.514023,10528800,Yahoo Finance
2019-06-10,163.214181,163.385153,161.950941,162.245392,7565900,Yahoo Finance
2019-06-11,163.318648,163.537098,159.965844,161.760971,6082900,Yahoo Finance
2019-06-12,161.827477,163.005223,161.181603,162.976730,6772000,Yahoo Finance
2019-06-13,163.499158,163.556144,160.250832,160.849213,6901400,Yahoo Finance
2019-06-14,161.248049,162.074373,160.364725,161.143570,4999900,Yahoo Finance
2019-06-17,161.210095,161.865461,160.545235,161.048630,6410200,Yahoo Finance
2019-06-18,162.083879,162.102879,159.139499,160.782654,6969300,Yahoo Finance
2019-06-19,160.887155,162.606297,160.716198,162.121902,6323900,Yahoo Finance
2019-06-20,163.850546,165.208772,163.128700,165.018814,11474100,Yahoo Finance
2019-06-21,164.572407,166.035097,164.467928,164.733871,11728200,Yahoo Finance
2019-06-24,165.835659,165.959123,164.050024,165.123306,5554900,Yahoo Finance
2019-06-25,166.035039,166.158518,162.026869,162.682236,9899900,Yahoo Finance
2019-06-26,162.786749,163.736552,162.245369,162.473312,7129900,Yahoo Finance
2019-06-27,163.480120,163.746064,161.770486,162.634796,5873400,Yahoo Finance
2019-06-28,163.328165,164.838348,161.960446,164.838348,8442700,Yahoo Finance
2019-07-01,166.528997,166.728447,164.069010,165.208771,6103200,Yahoo Finance
2019-07-02,165.360715,166.519476,164.600870,166.481476,5238100,Yahoo Finance
2019-07-03,167.165329,168.105640,166.899386,167.991653,4066600,Yahoo Finance
2019-07-05,167.032391,168.143659,165.750151,167.792236,5840400,Yahoo Finance
2019-07-08,167.450243,167.744680,166.595412,167.345764,6720300,Yahoo Finance
2019-07-09,166.623937,168.960459,166.500473,168.808487,4894300,Yahoo Finance
2019-07-10,169.615867,171.211530,169.615867,170.309219,5110600,Yahoo Finance
2019-07-11,171.078532,171.857377,170.451673,171.667419,6986600,Yahoo Finance
2019-07-12,172.246849,172.246849,169.938819,171.278046,7196700,Yahoo Finance
2019-07-15,171.496413,171.980822,170.907540,171.505920,4490400,Yahoo Finance
2019-07-16,171.316008,171.800417,169.758332,170.309219,6800200,Yahoo Finance
2019-07-17,170.546619,171.163999,170.024224,170.157196,3994200,Yahoo Finance
2019-07-18,169.663336,171.553435,169.615843,171.467957,4736300,Yahoo Finance
2019-07-19,172.712186,172.712186,170.147720,170.242706,5327100,Yahoo Finance
2019-07-22,170.622596,171.895329,170.147695,171.505920,4862100,Yahoo Finance
2019-07-23,171.809904,172.170834,170.071763,171.819397,7193000,Yahoo Finance
2019-07-24,171.714918,174.222398,170.252227,174.127426,8169300,Yahoo Finance
2019-07-25,174.640250,174.754237,172.199264,172.474701,6085800,Yahoo Finance
2019-07-26,173.253553,174.592778,173.063595,174.469299,5056300,Yahoo Finance
2019-07-29,174.659272,174.830244,173.557497,174.013412,4621800,Yahoo Finance
2019-07-30,173.377066,174.174912,172.170827,172.417770,5236600,Yahoo Finance
2019-07-31,172.664720,172.911678,167.222351,169.064972,7981200,Yahoo Finance
2019-08-01,170.195224,173.244084,169.226421,170.176224,8417300,Yahoo Finance
2019-08-02,169.064956,169.321407,165.921110,168.514069,8264600,Yahoo Finance
2019-08-05,163.375617,164.790829,158.598109,160.383743,16858300,Yahoo Finance
2019-08-06,163.166670,164.268445,161.590008,163.822037,10281300,Yahoo Finance
2019-08-07,162.891201,166.908863,161.789426,166.519455,8292800,Yahoo Finance
2019-08-08,168.552106,170.917107,167.706781,170.869614,7602800,Yahoo Finance
2019-08-09,170.651144,171.059567,168.922510,170.062271,5373700,Yahoo Finance
2019-08-12,168.533040,169.682293,166.785406,167.488251,7394400,Yahoo Finance
2019-08-13,165.636148,169.938754,165.465190,169.644318,6667700,Yahoo Finance
2019-08-14,167.393296,168.352592,164.467901,164.800323,7293500,Yahoo Finance
2019-08-15,165.751538,168.376787,165.047678,167.663406,6698000,Yahoo Finance
2019-08-16,169.308929,170.022309,168.547987,169.527695,8312200,Yahoo Finance
2019-08-19,171.610719,171.610719,169.423017,170.963928,5285000,Yahoo Finance
2019-08-20,170.669099,171.810519,169.775008,170.488388,3793600,Yahoo Finance
2019-08-21,171.867538,172.818712,171.439513,172.105331,3695900,Yahoo Finance
2019-08-22,173.066012,173.427463,169.889097,171.296829,6659900,Yahoo Finance
2019-08-23,170.783226,171.686838,165.732496,166.674149,7051900,Yahoo Finance
2019-08-26,167.796567,168.995041,166.788325,168.918945,7754400,Yahoo Finance
2019-08-27,169.613312,170.440828,168.300687,169.670380,4022100,Yahoo Finance
2019-08-28,168.348233,170.250580,167.435100,169.946198,4401900,Yahoo Finance
2019-08-29,171.591689,172.533356,170.554913,172.324097,4679200,Yahoo Finance
2019-08-30,173.104098,173.284808,170.897368,171.991226,4061200,Yahoo Finance
2019-09-03,171.705858,172.400211,170.355193,170.450302,4644000,Yahoo Finance
2019-09-04,172.067305,173.303834,171.258817,172.894836,4154800,Yahoo Finance
2019-09-05,174.759123,176.613909,174.426221,175.710297,6386800,Yahoo Finance
2019-09-06,175.719816,177.593630,175.539091,176.670990,7990900,Yahoo Finance
2019-09-09,177.793375,177.917032,170.745175,172.685577,7290500,Yahoo Finance
2019-09-10,170.650045,170.925879,165.323467,167.739456,15255200,Yahoo Finance
2019-09-11,168.738209,169.242330,165.932250,166.436371,9113600,Yahoo Finance
2019-09-12,168.215040,170.650042,168.053328,169.289856,7748800,Yahoo Finance
2019-09-13,169.927188,170.041339,167.425611,168.614578,6103200,Yahoo Finance
2019-09-16,167.568222,168.547930,166.940444,167.511154,4253600,Yahoo Finance
2019-09-17,168.196045,169.556217,166.493436,167.834595,5924700,Yahoo Finance
2019-09-18,168.443316,168.528919,164.391322,166.731201,9542500,Yahoo Finance
2019-09-19,167.596772,168.747698,167.035583,167.368500,6964500,Yahoo Finance
2019-09-20,168.738165,168.956945,165.456619,165.561249,12820400,Yahoo Finance
2019-09-23,164.457913,166.693177,164.353284,166.369781,8803500,Yahoo Finance
2019-09-24,167.511218,168.547994,164.933531,165.960800,10039900,Yahoo Finance
2019-09-25,165.313962,167.092652,163.972804,166.721695,7797300,Yahoo Finance
2019-09-26,167.073654,167.834596,166.084440,167.073654,10419000,Yahoo Finance
2019-09-27,168.072377,168.196035,163.944287,165.504211,9212600,Yahoo Finance
2019-09-30,165.665912,166.883414,163.611374,163.611374,16464000,Yahoo Finance
2019-10-01,164.572065,166.284180,164.381833,165.780045,8146200,Yahoo Finance
2019-10-02,164.210622,164.495977,160.358366,161.537827,10596200,Yahoo Finance
2019-10-03,161.613901,164.686188,160.396400,164.429367,7242800,Yahoo Finance
2019-10-04,166.150999,167.901169,165.922726,167.387527,6027600,Yahoo Finance
2019-10-07,166.131988,167.111695,165.313978,166.360260,5248300,Yahoo Finance
2019-10-08,165.095186,166.112934,163.487700,164.001328,5336500,Yahoo Finance
2019-10-09,165.608840,167.397051,165.161787,166.341248,6277300,Yahoo Finance
2019-10-10,165.399580,167.311434,165.114225,166.341248,4762400,Yahoo Finance
2019-10-11,168.234100,170.450337,168.215087,168.414825,8754400,Yahoo Finance
2019-10-14,168.719162,169.698869,168.462341,168.700134,7240900,Yahoo Finance
2019-10-15,169.432555,170.669069,168.880872,170.022278,4400200,Yahoo Finance
2019-10-16,169.232788,169.556184,167.663358,169.185226,6509000,Yahoo Finance
2019-10-17,170.155412,170.440767,168.833282,169.251801,4887900,Yahoo Finance
2019-10-18,169.213765,169.499120,166.027342,167.130707,6311900,Yahoo Finance
2019-10-21,167.406524,168.100876,166.084393,167.815521,4898200,Yahoo Finance
2019-10-22,168.357675,169.109095,162.441376,162.517471,10094700,Yahoo Finance
2019-10-23,162.641189,163.763567,161.870726,162.955078,7122300,Yahoo Finance
2019-10-24,164.952510,168.234056,164.933483,167.558731,7872600,Yahoo Finance
2019-10-25,166.388850,170.402805,165.028678,169.166290,10130100,Yahoo Finance
2019-10-28,170.193541,171.382508,169.641873,171.059113,10086500,Yahoo Finance
2019-10-29,171.021015,171.211247,168.709656,168.956970,7572800,Yahoo Finance
2019-10-30,169.109174,170.659592,167.777537,170.497894,5374800,Yahoo Finance
2019-10-31,170.497880,170.925905,169.318419,170.126923,6830800,Yahoo Finance
2019-11-01,171.334898,172.466797,170.792722,172.095825,7000200,Yahoo Finance
2019-11-04,173.189687,173.494055,170.079345,170.212509,7154800,Yahoo Finance
2019-11-05,170.326680,170.792746,166.626600,167.758499,7447500,Yahoo Finance
2019-11-06,167.758529,169.489673,167.539763,168.139008,6992500,Yahoo Finance
2019-11-07,168.690626,171.829487,168.215039,169.717880,7227200,Yahoo Finance
2019-11-08,169.670348,170.688096,169.118666,170.231537,3894100,Yahoo Finance
2019-11-11,169.784468,171.553651,169.499113,170.773682,3617300,Yahoo Finance
2019-11-12,171.154160,172.219470,170.145918,170.963928,6118700,Yahoo Finance
2019-11-13,170.640503,172.048250,169.213743,170.650024,6138300,Yahoo Finance
2019-11-14,170.545252,171.278886,169.649648,171.259827,9811000,Yahoo Finance
2019-11-15,171.526599,172.145892,170.621473,171.278885,7808800,Yahoo Finance
2019-11-18,171.088281,171.802856,170.526138,171.174026,7173700,Yahoo Finance
2019-11-19,171.869617,174.337280,171.688589,174.137207,8549900,Yahoo Finance
2019-11-20,173.698867,174.565888,171.831453,173.079575,6040500,Yahoo Finance
2019-11-21,172.612775,173.222545,170.850165,171.393234,5112200,Yahoo Finance
2019-11-22,171.621872,171.945809,169.925948,170.993042,6865600,Yahoo Finance
2019-11-25,171.879127,172.784267,171.602831,172.422211,5457800,Yahoo Finance
2019-11-26,172.889069,174.280101,172.650878,173.927582,7079000,Yahoo Finance
2019-11-27,174.356320,175.823574,173.651267,175.661606,11452700,Yahoo Finance
2019-11-29,175.242346,176.118904,174.699277,175.794952,3139100,Yahoo Finance
2019-12-02,175.537735,175.661585,171.374135,173.203445,6883200,Yahoo Finance
2019-12-03,171.402770,173.536973,171.174115,173.308304,4543300,Yahoo Finance
2019-12-04,174.032384,174.032384,171.945823,172.069687,10650400,Yahoo Finance
2019-12-05,172.688936,173.432093,171.564679,173.298706,4638600,Yahoo Finance
2019-12-06,174.108621,174.623108,172.774738,173.565536,14526700,Yahoo Finance
2019-12-09,173.308249,174.604012,172.736598,174.280075,10233100,Yahoo Finance
2019-12-10,173.927586,174.499238,173.308279,173.651276,8625700,Yahoo Finance
2019-12-11,174.423031,174.432553,172.631825,173.413086,7138800,Yahoo Finance
2019-12-12,173.079614,174.670732,172.288815,174.013321,11192100,Yahoo Finance
2019-12-13,173.879945,176.757304,173.441665,176.395248,8558100,Yahoo Finance
2019-12-16,177.529029,177.995890,176.995482,177.443283,8249900,Yahoo Finance
2019-12-17,177.691016,177.957790,175.404382,176.757309,10208700,Yahoo Finance
2019-12-18,176.757290,177.633834,176.166565,176.166565,8968500,Yahoo Finance
2019-12-19,175.785488,177.767245,175.785488,177.729126,5854200,Yahoo Finance
2019-12-20,178.739077,179.282147,177.500477,179.120178,11259500,Yahoo Finance
2019-12-23,179.263044,179.510773,178.167368,178.243591,5831700,Yahoo Finance
2019-12-24,178.262663,179.139207,178.081635,178.710464,2420900,Yahoo Finance
2019-12-26,179.015354,180.244417,178.834326,180.225372,5237000,Yahoo Finance
2019-12-27,180.777978,180.920887,179.567960,180.444504,5448600,Yahoo Finance
2019-12-30,180.368282,180.530250,178.281720,178.958191,4833600,Yahoo Finance
2019-12-31,178.224551,179.120154,177.729108,179.024872,5273000,Yahoo Finance
2020-01-02,180.072913,182.111833,179.806139,182.092773,8733000,Yahoo Finance
2020-01-03,179.510797,181.940356,179.043936,180.644592,4899700,Yahoo Finance
2020-01-06,179.120142,180.272996,178.319822,180.253937,10109500,Yahoo Finance
2020-01-07,180.635026,181.120947,179.691797,179.777542,4392300,Yahoo Finance
2020-01-08,180.539810,183.407633,179.882398,182.855026,5712000,Yahoo Finance
2020-01-09,183.883970,184.760514,183.426646,184.122162,6748000,Yahoo Finance
2020-01-10,184.360348,185.379816,183.988770,184.617599,6586400,Yahoo Finance
2020-01-13,185.255966,186.361179,185.103520,186.103928,11290500,Yahoo Finance
2020-01-14,187.447374,187.647447,185.922941,186.789963,6236500,Yahoo Finance
2020-01-15,187.695028,190.696237,187.047154,190.362778,10831100,Yahoo Finance
2020-01-16,191.506168,191.982551,190.343791,191.458527,9983700,Yahoo Finance
2020-01-17,192.230235,195.079013,190.534311,195.031372,12518900,Yahoo Finance
2020-01-21,194.488261,198.547042,194.173847,197.498993,14861700,Yahoo Finance
2020-01-22,197.708622,200.204881,197.499012,198.080200,8065000,Yahoo Finance
2020-01-23,198.080204,198.556588,195.603020,196.765396,8520800,Yahoo Finance
2020-01-24,197.622847,198.165931,194.564475,195.317154,7812900,Yahoo Finance
2020-01-27,190.553350,193.726065,189.695866,192.163528,7198900,Yahoo Finance
2020-01-28,192.830474,194.211983,192.249286,193.268753,7215700,Yahoo Finance
2020-01-29,194.650245,196.193723,192.944784,195.183792,7041700,Yahoo Finance
2020-01-30,194.364425,198.651876,193.716551,198.375580,8571900,Yahoo Finance
2020-01-31,191.972983,194.345363,188.895535,189.572006,16699600,Yahoo Finance
2020-02-03,190.496201,192.706613,190.410456,191.325104,10885900,Yahoo Finance
2020-02-04,193.888042,195.240969,192.678024,193.945206,10205900,Yahoo Finance
2020-02-05,195.793566,195.888849,190.505708,193.230621,8672400,Yahoo Finance
2020-02-06,193.459336,194.964709,192.916251,193.449799,7001200,Yahoo Finance
2020-02-07,192.439844,194.202468,191.591882,193.163956,5691100,Yahoo Finance
2020-02-10,192.430281,196.393793,192.325476,196.260406,6239500,Yahoo Finance
2020-02-11,197.699129,197.861098,194.021449,194.307281,10231900,Yahoo Finance
2020-02-12,195.317214,198.318424,195.317214,197.641968,7355800,Yahoo Finance
2020-02-13,197.145751,198.910928,196.601895,197.889984,9495300,Yahoo Finance
2020-02-14,198.739198,201.115029,198.472038,200.647491,6548800,Yahoo Finance
2020-02-18,200.370789,201.802009,199.760136,201.515762,7651500,Yahoo Finance
2020-02-19,202.775253,204.349589,202.011933,203.529022,5927500,Yahoo Finance
2020-02-20,202.403130,203.891597,198.729660,201.754303,8531900,Yahoo Finance
2020-02-21,200.275368,200.580702,197.909088,199.235352,9231500,Yahoo Finance
2020-02-24,188.816079,194.426465,185.113985,189.674805,13316800,Yahoo Finance
2020-02-25,189.674830,190.724397,179.112433,179.761246,18539000,Yahoo Finance
2020-02-26,181.287856,184.636905,178.454039,178.625793,14214700,Yahoo Finance
2020-02-27,173.769201,177.795702,171.746415,171.755951,17536600,Yahoo Finance
2020-02-28,165.821140,173.969560,165.048283,173.425690,22659000,Yahoo Finance
2020-03-02,177.776616,183.615989,174.704262,183.511032,17434500,Yahoo Finance
2020-03-03,184.341114,185.142594,176.040042,177.213638,15226400,Yahoo Finance
2020-03-04,181.631330,185.571960,177.633454,185.381119,10789100,Yahoo Finance
2020-03-05,182.470999,183.119812,177.127772,178.387253,10106900,Yahoo Finance
2020-03-06,175.124026,177.461696,171.727267,175.906433,15183200,Yahoo Finance
2020-03-09,163.359399,171.336063,160.592366,163.283066,20486400,Yahoo Finance
2020-03-10,171.240689,174.236709,163.998720,174.227173,16119400,Yahoo Finance
2020-03-11,169.504155,170.534635,162.395765,165.019669,14598200,Yahoo Finance
2020-03-12,151.232238,164.113218,149.791482,152.739792,27467700,Yahoo Finance
2020-03-13,160.983611,168.235130,154.772122,167.767593,19948900,Yahoo Finance
2020-03-16,144.209738,157.729995,141.194631,145.039841,23692000,Yahoo Finance
2020-03-17,148.608319,156.193781,142.406367,150.650192,22298000,Yahoo Finance
2020-03-18,141.652574,143.770765,133.389663,141.671646,22787500,Yahoo Finance
2020-03-19,140.183226,150.039563,134.983129,145.268829,19362800,Yahoo Finance
2020-03-20,147.720988,151.003240,138.990537,140.097351,18692100,Yahoo Finance
2020-03-23,134.849577,136.776958,127.788882,129.515900,30344100,Yahoo Finance
2020-03-24,138.198578,148.131246,136.996358,147.444260,24488300,Yahoo Finance
2020-03-25,152.014669,160.468396,146.537862,154.361862,20619600,Yahoo Finance
2020-03-26,154.648077,161.756466,154.371366,161.136276,17062900,Yahoo Finance
2020-03-27,153.693945,159.437912,150.898288,154.151932,14950700,Yahoo Finance
2020-03-30,153.655775,158.264305,153.321833,157.978073,15714500,Yahoo Finance
2020-03-31,158.798602,160.477909,153.178679,153.732086,20613100,Yahoo Finance
2020-04-01,149.152234,150.821991,144.476906,146.089417,12595200,Yahoo Finance
2020-04-02,145.535973,151.089113,144.352826,150.173126,14051100,Yahoo Finance
2020-04-03,148.427021,150.487981,143.694463,144.887146,11994700,Yahoo Finance
2020-04-06,152.682520,162.901421,150.993677,161.670578,16479100,Yahoo Finance
2020-04-07,169.609112,170.601433,160.392066,160.859589,15379000,Yahoo Finance
2020-04-08,163.168593,167.929789,160.229820,166.918396,11146500,Yahoo Finance
2020-04-09,168.187470,169.065283,164.924289,165.725769,12231800,Yahoo Finance
2020-04-13,164.361290,164.418551,158.531454,161.241241,14043700,Yahoo Finance
2020-04-14,165.153240,167.385939,162.996873,166.613083,9980500,Yahoo Finance
2020-04-15,160.964495,161.594235,157.386446,158.350143,12118700,Yahoo Finance
2020-04-16,159.447423,160.296612,152.472614,154.972473,20308200,Yahoo Finance
2020-04-17,161.870963,163.149531,157.386477,161.766006,15375800,Yahoo Finance
2020-04-20,159.657338,159.752744,155.716708,156.689941,10505200,Yahoo Finance
2020-04-21,154.571756,155.115626,151.852432,153.169159,10562100,Yahoo Finance
2020-04-22,157.109828,160.010428,155.449607,158.951324,14502500,Yahoo Finance
2020-04-23,160.182166,162.596156,158.588743,158.750946,11411300,Yahoo Finance
2020-04-24,160.716467,161.012250,156.489589,159.647827,8391400,Yahoo Finance
2020-04-27,160.916835,164.447189,160.821429,163.884232,9903300,Yahoo Finance
2020-04-28,166.975663,166.985200,162.567511,163.397614,8614400,Yahoo Finance
2020-04-29,168.740813,173.893198,168.025203,173.454285,12862800,Yahoo Finance
2020-04-30,173.444803,173.492513,169.513723,170.525116,11331600,Yahoo Finance
2020-05-01,166.450907,171.402932,166.279168,167.519562,10109600,Yahoo Finance
2020-05-04,165.019640,168.826690,163.846044,168.072906,9386200,Yahoo Finance
2020-05-05,170.878078,172.795922,170.086135,170.257889,13513000,Yahoo Finance
2020-05-06,171.479221,172.232991,169.723595,170.582321,8540500,Yahoo Finance
2020-05-07,173.416167,176.498056,173.378007,174.341690,9262200,Yahoo Finance
2020-05-08,176.545720,177.232706,175.200370,176.602966,6470100,Yahoo Finance
2020-05-11,175.438956,176.154566,173.110836,175.143173,8683100,Yahoo Finance
2020-05-12,175.143164,175.553455,171.145287,171.240707,8219700,Yahoo Finance
2020-05-13,170.600349,173.075724,167.293468,169.252747,13377100,Yahoo Finance
2020-05-14,168.153636,173.037490,166.127463,172.894119,9695100,Yahoo Finance
2020-05-15,172.014850,175.990750,170.953974,175.369522,10785900,Yahoo Finance
2020-05-18,179.679919,184.296166,179.173376,182.910339,11802200,Yahoo Finance
2020-05-19,182.680945,185.892246,180.855470,180.979721,7446800,Yahoo Finance
2020-05-20,184.458592,186.360528,183.894707,185.280533,9545600,Yahoo Finance
2020-05-21,184.936570,185.051255,181.610583,182.184021,11338100,Yahoo Finance
2020-05-22,182.547179,182.900800,180.855508,182.413376,5807600,Yahoo Finance
2020-05-26,187.134799,187.584000,184.229327,184.668976,9662200,Yahoo Finance
2020-05-27,185.710671,185.710671,180.176918,184.286621,7650300,Yahoo Finance
2020-05-28,184.974766,189.514552,184.181511,185.662903,8352200,Yahoo Finance
2020-05-29,185.892277,188.033150,184.726268,186.599533,10211900,Yahoo Finance
2020-06-01,186.092985,187.211204,184.955647,185.748917,6011300,Yahoo Finance
2020-06-02,187.268511,188.778589,186.293648,187.669922,8462100,Yahoo Finance
2020-06-03,189.237360,189.371163,186.914908,188.157364,8879400,Yahoo Finance
2020-06-04,187.306781,187.765549,184.573352,185.070343,7829800,Yahoo Finance
2020-06-05,187.517016,190.929030,186.828879,190.776108,8561200,Yahoo Finance
2020-06-08,190.747406,191.110594,188.405836,190.766525,7628100,Yahoo Finance
2020-06-09,189.581410,192.744920,189.466725,190.269547,6892300,Yahoo Finance
2020-06-10,191.053287,193.232383,190.145333,191.607620,8405300,Yahoo Finance
2020-06-11,186.503966,187.669976,180.396760,180.521011,11974600,Yahoo Finance
2020-06-12,185.615148,186.370180,179.536612,183.751434,11706300,Yahoo Finance
2020-06-15,178.724176,183.961651,177.969145,183.273514,6752700,Yahoo Finance
2020-06-16,188.147806,189.600542,183.311743,184.343948,11057200,Yahoo Finance
2020-06-17,185.089431,186.723745,184.515979,184.993851,5968900,Yahoo Finance
2020-06-18,184.076331,185.653303,183.608011,185.328354,5803200,Yahoo Finance
2020-06-19,188.176505,188.377217,182.900792,183.694061,11483300,Yahoo Finance
2020-06-22,183.493333,187.669930,182.824300,186.331894,6674500,Yahoo Finance
2020-06-23,187.564813,191.292210,187.153850,189.208694,9866800,Yahoo Finance
2020-06-24,188.300752,188.740386,182.250889,182.939026,9453100,Yahoo Finance
2020-06-25,182.642760,185.643797,181.495855,185.395294,9936600,Yahoo Finance
2020-06-26,184.554225,185.538640,180.712129,180.893723,11836000,Yahoo Finance
2020-06-29,181.505394,182.977234,179.010901,182.910339,8020400,Yahoo Finance
2020-06-30,183.015496,185.175473,181.744354,184.621140,9040100,Yahoo Finance
2020-07-01,185.271041,186.704658,184.133703,185.204132,6394100,Yahoo Finance
2020-07-02,187.325880,189.160907,186.370136,187.010483,6299300,Yahoo Finance
2020-07-06,189.935038,190.365120,187.020015,189.007965,7292200,Yahoo Finance
2020-07-07,188.100007,190.097509,185.232775,185.605515,7660100,Yahoo Finance
2020-07-08,186.446594,186.867124,184.573329,186.437042,8368000,Yahoo Finance
2020-07-09,186.370133,186.838453,181.543622,183.703613,8548200,Yahoo Finance
2020-07-10,183.168401,184.286635,181.056214,184.028580,7674200,Yahoo Finance
2020-07-13,185.041663,186.551741,180.348955,180.654800,8564100,Yahoo Finance
2020-07-14,181.113530,184.907836,178.896197,184.774033,8003900,Yahoo Finance
2020-07-15,186.589958,189.017556,185.892268,187.851547,7681100,Yahoo Finance
2020-07-16,186.685506,187.048694,183.999868,184.936493,5064000,Yahoo Finance
2020-07-17,186.207658,186.914914,184.573329,186.456146,6395000,Yahoo Finance
2020-07-20,186.121647,190.651866,185.098994,189.686569,6985300,Yahoo Finance
2020-07-21,191.148861,191.311336,187.020039,187.784637,7218700,Yahoo Finance
2020-07-22,187.784650,190.193130,187.564833,190.059326,6823400,Yahoo Finance
2020-07-23,189.657877,192.056790,187.736822,188.692566,6106700,Yahoo Finance
2020-07-24,187.010465,188.740359,185.443045,186.513474,7160300,Yahoo Finance
2020-07-27,186.523080,189.055797,185.605559,188.195633,5604700,Yahoo Finance
2020-07-28,188.941081,190.546724,188.004456,188.033127,6897300,Yahoo Finance
2020-07-29,184.544646,190.087965,184.506423,189.791687,9471300,Yahoo Finance
2020-07-30,186.561273,187.861086,183.617579,185.471725,10499400,Yahoo Finance
2020-07-31,185.815774,186.073829,181.056172,181.973679,14180800,Yahoo Finance
2020-08-03,183.311716,184.783555,181.792086,182.250839,11405200,Yahoo Finance
2020-08-04,182.671392,184.401287,181.667858,183.780045,8204000,Yahoo Finance
2020-08-05,184.993894,189.409429,184.554260,187.421494,8876800,Yahoo Finance
2020-08-06,187.306762,190.116653,186.169424,189.973297,7480300,Yahoo Finance
2020-08-07,188.845483,189.218223,186.656835,187.669922,5654000,Yahoo Finance
2020-08-10,187.669924,189.533622,186.685509,188.080887,5525400,Yahoo Finance
2020-08-11,189.065353,193.910969,187.650841,189.017563,11549600,Yahoo Finance
2020-08-12,190.193068,191.368629,189.466708,189.944580,5432500,Yahoo Finance
2020-08-13,188.690652,191.380350,188.594927,189.121384,7014800,Yahoo Finance
2020-08-14,188.575835,189.590468,187.388930,188.221680,5014400,Yahoo Finance
2020-08-17,188.853409,191.878130,188.288671,190.892212,6256200,Yahoo Finance
2020-08-18,191.418678,191.533551,188.393972,190.490204,6519900,Yahoo Finance
2020-08-19,190.404064,194.156243,190.384916,192.385452,9467600,Yahoo Finance
2020-08-20,191.342087,195.687734,191.054942,195.410141,8849200,Yahoo Finance
2020-08-21,195.745208,196.357808,194.634865,195.391052,9998300,Yahoo Finance
2020-08-24,196.233337,197.611691,195.907896,197.573410,6159600,Yahoo Finance
2020-08-25,198.320010,199.286765,196.740639,199.191055,5828300,Yahoo Finance
2020-08-26,199.191043,201.775450,198.425289,201.258560,7035200,Yahoo Finance
2020-08-27,202.167938,203.096398,200.100405,201.995636,8619600,Yahoo Finance
2020-08-28,202.924103,206.906013,202.177496,206.475281,7349800,Yahoo Finance
2020-08-31,206.312514,206.714547,202.502906,202.914505,9326900,Yahoo Finance
2020-09-01,203.125083,204.733154,202.081736,204.216278,5642900,Yahoo Finance
2020-09-02,204.962925,208.045075,204.618336,207.212311,9863800,Yahoo Finance
2020-09-03,205.728642,205.728642,198.224283,200.014236,11310200,Yahoo Finance
2020-09-04,199.564336,201.488280,191.581369,195.898300,13243600,Yahoo Finance
2020-09-08,192.184468,193.591537,190.681688,191.552719,14186900,Yahoo Finance
2020-09-09,195.601629,197.458564,193.304366,195.324036,7532600,Yahoo Finance
2020-09-10,196.089771,198.138155,191.868563,192.911896,7243000,Yahoo Finance
2020-09-11,192.950209,193.744678,190.394515,192.088730,7439000,Yahoo Finance
2020-09-14,194.644412,197.573408,194.443396,196.204620,11730500,Yahoo Finance
2020-09-15,197.898870,199.296372,196.003639,196.597092,6328600,Yahoo Finance
2020-09-16,197.889234,198.855990,196.175858,196.348160,6135000,Yahoo Finance
2020-09-17,194.165797,196.778919,193.352181,196.482193,7474900,Yahoo Finance
2020-09-18,196.673658,196.912955,193.084198,193.936096,9084100,Yahoo Finance
2020-09-21,191.351686,192.634316,186.364724,188.996994,9656000,Yahoo Finance
2020-09-22,189.609588,192.117434,188.374821,191.973846,7543100,Yahoo Finance
2020-09-23,192.203572,192.481150,186.240288,187.006027,6310600,Yahoo Finance
2020-09-24,186.795488,189.207609,184.861976,187.149658,9865300,Yahoo Finance
2020-09-25,186.671030,189.657455,185.225665,188.805557,5496100,Yahoo Finance
2020-09-28,192.040867,193.084200,191.275113,191.744141,5565300,Yahoo Finance
2020-09-29,191.993005,193.715948,190.834799,190.901810,5513500,Yahoo Finance
2020-09-30,192.251465,193.869103,190.375368,191.409134,9157600,Yahoo Finance
2020-10-01,193.553229,196.415216,193.007625,194.644424,7234600,Yahoo Finance
2020-10-02,191.437840,194.146687,190.863520,192.835342,6019700,Yahoo Finance
2020-10-05,194.031809,194.931555,192.442872,194.826263,6090500,Yahoo Finance
2020-10-06,195.371908,196.319530,191.160281,191.868591,5841100,Yahoo Finance
2020-10-07,193.352198,194.108371,191.428253,193.802078,6713400,Yahoo Finance
2020-10-08,195.266574,195.553734,193.572346,194.290237,3955600,Yahoo Finance
2020-10-09,195.266585,198.214729,194.960278,197.793564,5562900,Yahoo Finance
2020-10-12,198.080687,199.066591,196.922482,197.563797,6622700,Yahoo Finance
2020-10-13,194.673146,196.424804,194.338124,195.572906,5621700,Yahoo Finance
2020-10-14,195.946210,196.195074,192.519471,193.543655,5320000,Yahoo Finance
2020-10-15,192.404537,195.936567,189.140534,191.007050,8885500,Yahoo Finance
2020-10-16,191.428261,193.974373,190.873089,191.686691,6385900,Yahoo Finance
2020-10-19,192.251482,192.462064,188.087702,188.537582,7449600,Yahoo Finance
2020-10-20,189.092695,191.112364,188.288659,189.236267,7427000,Yahoo Finance
2020-10-21,189.360693,191.839809,189.360693,189.934998,6067200,Yahoo Finance
2020-10-22,190.806082,191.217681,187.379343,189.513885,4908200,Yahoo Finance
2020-10-23,191.198550,191.322989,187.628238,189.533035,5877200,Yahoo Finance
2020-10-26,187.609046,188.011064,182.555089,184.804489,12608700,Yahoo Finance
2020-10-27,184.737493,185.407523,181.119320,181.923355,8690400,Yahoo Finance
2020-10-28,176.103628,176.792806,171.662272,173.126770,17809500,Yahoo Finance
2020-10-29,175.165627,178.994384,171.662311,176.955566,16820900,Yahoo Finance
2020-10-30,174.840189,176.333402,171.557023,173.930862,10252900,Yahoo Finance
2020-11-02,176.610997,178.917827,176.017545,176.831161,8057100,Yahoo Finance
2020-11-03,178.831658,181.416066,177.233153,180.277008,6467900,Yahoo Finance
2020-11-04,184.632174,188.451363,183.330396,185.665939,8102700,Yahoo Finance
2020-11-05,189.868041,192.385453,188.843841,189.178864,7132100,Yahoo Finance
2020-11-06,188.901265,191.131503,187.063449,189.973312,6180500,Yahoo Finance
2020-11-09,205.498957,208.332229,203.192127,203.574997,17916900,Yahoo Finance
2020-11-10,202.866695,204.895931,201.536202,204.178040,7943600,Yahoo Finance
2020-11-11,203.086853,205.106523,202.608258,203.594162,5337200,Yahoo Finance
2020-11-12,202.683437,203.747518,198.570915,199.644577,7302500,Yahoo Finance
2020-11-13,201.226308,202.539628,198.724280,201.772720,6377500,Yahoo Finance
2020-11-16,205.693499,206.191976,203.066844,203.900848,12083200,Yahoo Finance
2020-11-17,201.849422,203.316126,200.833275,201.993225,7268800,Yahoo Finance
2020-11-18,201.044158,202.414994,199.078961,199.232346,6977900,Yahoo Finance
2020-11-19,198.666774,200.095125,197.027508,198.983124,5657200,Yahoo Finance
2020-11-20,198.561338,199.500792,195.378674,195.445786,9653500,Yahoo Finance
2020-11-23,196.231835,200.353953,196.231835,199.548706,6101900,Yahoo Finance
2020-11-24,202.127440,204.974577,200.737413,201.005829,10110800,Yahoo Finance
2020-11-25,200.996270,203.181949,200.229362,202.165802,6772900,Yahoo Finance
2020-11-27,203.229856,203.258614,200.171820,202.271225,3512900,Yahoo Finance
2020-11-30,200.871644,201.830275,198.053279,201.648148,7725500,Yahoo Finance
2020-12-01,203.354486,204.830772,202.309567,202.462952,8047900,Yahoo Finance
2020-12-02,202.271238,202.654685,199.855483,201.485153,9728900,Yahoo Finance
2020-12-03,201.101681,202.376662,199.021452,199.443253,9203300,Yahoo Finance
2020-12-04,201.063335,203.920052,199.884208,203.881699,5720100,Yahoo Finance
2020-12-07,203.201104,205.626440,203.038138,203.852966,10624500,Yahoo Finance
2020-12-08,201.264655,204.313110,201.207139,203.968002,8646200,Yahoo Finance
2020-12-09,204.408941,204.667775,200.306000,200.909943,6251100,Yahoo Finance
2020-12-10,199.884216,200.641543,198.676346,199.021454,10492000,Yahoo Finance
2020-12-11,196.864560,198.331265,196.040136,197.708160,9227600,Yahoo Finance
2020-12-14,199.251515,202.558790,198.407915,198.676331,11967700,Yahoo Finance
2020-12-15,199.912964,200.775741,197.631432,199.740417,9796100,Yahoo Finance
2020-12-16,199.855494,200.478614,198.570932,199.654190,7504400,Yahoo Finance
2020-12-17,200.353947,203.018941,200.210158,202.443756,6517200,Yahoo Finance
2020-12-18,202.290408,203.210686,201.187974,202.568405,13298200,Yahoo Finance
2020-12-21,199.654148,201.120852,196.318100,200.363525,7576700,Yahoo Finance
2020-12-22,199.769174,199.778755,197.094599,197.324661,7396200,Yahoo Finance
2020-12-23,198.753027,198.753027,196.624865,196.807007,6523100,Yahoo Finance
2020-12-24,198.091597,200.181421,198.053259,200.066376,3367900,Yahoo Finance
2020-12-28,201.168807,204.629467,200.306030,203.833801,5816200,Yahoo Finance
2020-12-29,205.731877,206.335820,204.706135,205.501801,6093400,Yahoo Finance
2020-12-30,207.064396,211.272788,206.728869,209.326767,8875100,Yahoo Finance
2020-12-31,209.365062,210.726331,207.256076,209.681412,5922200,Yahoo Finance
2021-01-04,211.138585,211.138585,205.377215,208.751587,10318300,Yahoo Finance
2021-01-05,207.361541,209.422607,204.801997,205.636002,6869700,Yahoo Finance
2021-01-06,204.955396,207.227348,203.296968,203.824203,7206200,Yahoo Finance
2021-01-07,203.421523,206.316593,203.421523,204.964920,10967900,Yahoo Finance
2021-01-08,205.310093,207.179421,203.948838,206.537140,6513000,Yahoo Finance
2021-01-11,205.108766,205.971528,203.689981,204.083023,7353100,Yahoo Finance
2021-01-12,203.555775,203.987156,198.887245,200.219742,9331600,Yahoo Finance
2021-01-13,200.746984,202.271204,199.999253,200.689468,6688500,Yahoo Finance
2021-01-14,201.859056,202.472580,193.384742,193.509369,12887500,Yahoo Finance
2021-01-15,193.202523,194.851370,192.138442,193.250458,8755000,Yahoo Finance
2021-01-19,194.650093,195.723756,191.793376,193.317596,9772000,Yahoo Finance
2021-01-20,194.630908,198.618818,193.864000,197.487625,12675700,Yahoo Finance
2021-01-21,197.525983,198.599646,196.279760,196.653625,6513500,Yahoo Finance
2021-01-22,195.551225,196.835787,193.451820,193.662720,7316200,Yahoo Finance
2021-01-25,192.052217,193.298441,187.652103,192.665741,19282400,Yahoo Finance
2021-01-26,193.413449,195.071892,192.656137,193.653107,9605300,Yahoo Finance
2021-01-27,189.463902,191.438680,185.936145,186.904358,13772400,Yahoo Finance
2021-01-28,191.726275,193.643538,189.971978,190.019913,11041300,Yahoo Finance
2021-01-29,189.636492,194.650131,184.833739,185.255539,21503000,Yahoo Finance
2021-02-01,187.067335,190.968972,186.952304,190.154129,12970700,Yahoo Finance
2021-02-02,192.541101,195.896310,191.726258,194.228287,11305100,Yahoo Finance
2021-02-03,194.669296,195.091081,192.665745,193.030029,13458600,Yahoo Finance
2021-02-04,194.832243,201.005817,194.698036,200.593613,14534800,Yahoo Finance
2021-02-05,201.293404,201.437208,200.028019,200.133469,10284000,Yahoo Finance
2021-02-08,201.312582,201.935686,197.391783,198.331238,8637100,Yahoo Finance
2021-02-09,197.247963,199.040613,195.273185,197.976532,7619400,Yahoo Finance
2021-02-10,199.366607,199.366607,197.420587,197.899902,8467600,Yahoo Finance
2021-02-11,199.061604,203.151709,198.927188,202.258804,8411100,Yahoo Finance
2021-02-12,201.010623,202.710039,199.397614,201.586700,6911000,Yahoo Finance
2021-02-16,202.258796,202.633242,199.080802,199.608856,9652700,Yahoo Finance
2021-02-17,197.074182,199.973748,196.882161,199.234451,8373200,Yahoo Finance
2021-02-18,197.669422,201.337071,196.786113,201.001038,7328600,Yahoo Finance
2021-02-19,200.991445,201.173870,195.633975,196.565292,15011500,Yahoo Finance
2021-02-22,195.432341,202.249181,195.009886,200.012115,8337700,Yahoo Finance
2021-02-23,199.128831,205.379219,198.312738,203.651001,10571700,Yahoo Finance
2021-02-24,203.891008,211.735184,202.863673,210.679047,12039000,Yahoo Finance
2021-02-25,210.544643,211.658385,204.102248,205.225586,11404300,Yahoo Finance
2021-02-26,205.513602,206.627344,202.335608,203.919800,11730000,Yahoo Finance
2021-03-01,206.396905,209.114046,206.224076,207.990707,6982000,Yahoo Finance
2021-03-02,208.307569,209.238871,206.252913,207.165024,6155200,Yahoo Finance
2021-03-03,206.569747,208.528400,204.371080,206.281723,6484600,Yahoo Finance
2021-03-04,207.357044,208.365172,200.348167,203.065308,10658900,Yahoo Finance
2021-03-05,205.206373,207.481867,201.269891,206.819382,7582000,Yahoo Finance
2021-03-08,208.326748,217.111851,207.203410,211.485550,14750400,Yahoo Finance
2021-03-09,213.204145,216.026899,211.408727,211.571945,9228600,Yahoo Finance
2021-03-10,211.917607,215.249224,210.650242,214.269897,7822900,Yahoo Finance
2021-03-11,215.575638,219.128078,214.884351,217.131027,10053400,Yahoo Finance
2021-03-12,216.295769,217.505514,214.509945,215.412460,8172400,Yahoo Finance
2021-03-15,215.287582,218.033524,212.896894,214.365875,9306100,Yahoo Finance
2021-03-16,214.788367,216.583786,213.434595,215.738876,8949300,Yahoo Finance
2021-03-17,216.074927,217.217471,212.916125,214.125885,8675600,Yahoo Finance
2021-03-18,212.599297,213.645839,210.823085,211.860016,9321800,Yahoo Finance
2021-03-19,210.381438,211.389567,198.629581,198.648773,32209700,Yahoo Finance
2021-03-22,198.312755,203.823833,198.005509,199.704926,11371600,Yahoo Finance
2021-03-23,200.713009,201.586721,199.224820,199.848892,8820700,Yahoo Finance
2021-03-24,200.424984,202.719670,199.637679,199.772110,10101600,Yahoo Finance
2021-03-25,199.388063,200.492209,197.573437,199.676102,8390800,Yahoo Finance
2021-03-26,199.944913,205.177562,199.416844,205.014343,7399900,Yahoo Finance
2021-03-29,203.977417,206.704153,202.700456,205.955261,7792300,Yahoo Finance
2021-03-30,204.515044,205.609579,202.978861,203.449310,5498000,Yahoo Finance
2021-03-31,204.073377,205.571161,203.113257,203.286072,13180000,Yahoo Finance
2021-04-01,205.254363,209.056443,203.833390,208.211533,6138400,Yahoo Finance
2021-04-05,209.882156,211.715973,208.643593,210.304596,10440500,Yahoo Finance
2021-04-06,208.941238,210.650250,206.752167,209.930161,7828100,Yahoo Finance
2021-04-07,210.381410,212.224838,209.920556,210.525436,5614300,Yahoo Finance
2021-04-08,211.197509,213.933855,209.411685,211.898392,11042000,Yahoo Finance
2021-04-09,212.186427,213.722624,210.755844,213.645813,5724900,Yahoo Finance
2021-04-12,211.456737,213.060135,210.477411,212.637680,6315200,Yahoo Finance
2021-04-13,212.186421,212.781690,211.437529,212.205627,4764000,Yahoo Finance
2021-04-14,212.186406,214.202663,211.293502,213.127319,4972600,Yahoo Finance
2021-04-15,214.961159,218.552011,214.932357,217.255844,8698100,Yahoo Finance
2021-04-16,218.110362,218.715242,216.756590,217.380676,6829400,Yahoo Finance
2021-04-19,216.746987,218.504007,216.103708,216.785385,6541600,Yahoo Finance
2021-04-20,215.815668,216.391745,212.973722,214.375488,5799100,Yahoo Finance
2021-04-21,214.404332,218.782475,213.981877,218.379227,9490600,Yahoo Finance
2021-04-22,218.235179,221.720403,217.841526,218.494415,7303000,Yahoo Finance
2021-04-23,219.492903,222.574893,218.628802,220.827469,5345200,Yahoo Finance
2021-04-26,221.566805,223.659859,220.366655,221.153946,5650000,Yahoo Finance
2021-04-27,221.816403,221.941223,219.857765,220.741074,6642100,Yahoo Finance
2021-04-28,221.739624,226.847467,221.470792,224.139923,10111400,Yahoo Finance
2021-04-29,225.848910,228.028386,223.851860,227.413910,7411400,Yahoo Finance
2021-04-30,225.935364,226.521023,223.026188,224.245544,10260200,Yahoo Finance
2021-05-03,224.715964,226.338568,222.162042,223.333389,8174400,Yahoo Finance
2021-05-04,222.363736,223.122225,221.048362,222.776581,5884500,Yahoo Finance
2021-05-05,224.523985,224.523985,219.540962,220.069031,6523200,Yahoo Finance
2021-05-06,220.472305,222.344536,219.540988,222.094910,6124100,Yahoo Finance
2021-05-07,223.074204,223.919114,221.509218,222.862976,4528700,Yahoo Finance
2021-05-10,222.363731,222.747773,216.180557,216.958252,9627400,Yahoo Finance
2021-05-11,214.817194,217.390308,213.184979,216.487793,7633300,Yahoo Finance
2021-05-12,214.711551,216.026910,211.523947,211.831192,7721300,Yahoo Finance
2021-05-13,212.984964,216.244495,212.388830,215.129150,6650100,Yahoo Finance
2021-05-14,217.129148,218.754095,216.263777,218.206039,4777200,Yahoo Finance
2021-05-17,217.475308,218.417603,216.648420,217.725311,5534200,Yahoo Finance
2021-05-18,219.600210,220.359800,216.754122,216.888748,6900000,Yahoo Finance
2021-05-19,214.186915,216.196491,213.254245,215.946487,9311900,Yahoo Finance
2021-05-20,216.763797,218.840671,216.571497,217.725311,7478600,Yahoo Finance
2021-05-21,218.148385,220.484858,217.831083,218.042618,5603900,Yahoo Finance
2021-05-24,219.177222,221.254097,218.869545,220.494507,4040100,Yahoo Finance
2021-05-25,221.052101,221.330948,219.629064,220.205978,4689100,Yahoo Finance
2021-05-26,219.273304,220.523275,217.667577,218.331024,4295600,Yahoo Finance
2021-05-27,218.994477,219.629080,217.657973,218.129120,5969600,Yahoo Finance
2021-05-28,218.831018,220.600200,218.407949,218.552185,5779700,Yahoo Finance
2021-06-01,220.609796,221.225164,217.571408,217.907944,5091500,Yahoo Finance
2021-06-02,220.398312,224.138602,219.975243,220.821381,9081100,Yahoo Finance
2021-06-03,220.186802,221.523306,219.004143,219.331055,6382400,Yahoo Finance
2021-06-04,220.523293,221.821328,219.927144,221.282883,5085700,Yahoo Finance
2021-06-07,223.888596,225.648154,221.225198,222.417480,5421300,Yahoo Finance
2021-06-08,223.215482,223.888553,221.302078,223.119339,4170600,Yahoo Finance
2021-06-09,223.552060,225.811624,223.186679,223.369370,4659000,Yahoo Finance
2021-06-10,224.128995,225.244341,223.196325,224.946274,4452500,Yahoo Finance
2021-06-11,225.369319,226.378912,224.715496,225.917389,5378300,Yahoo Finance
2021-06-14,225.667347,226.167338,222.657818,225.071213,5805800,Yahoo Finance
2021-06-15,225.417413,225.763559,223.667450,224.013596,7093800,Yahoo Finance
2021-06-16,224.628933,225.167379,219.225228,220.763657,8905400,Yahoo Finance
2021-06-17,220.388676,224.359719,220.388676,223.215515,6876700,Yahoo Finance
2021-06-18,221.580935,223.244350,220.398276,221.542480,8840000,Yahoo Finance
2021-06-21,222.542477,225.965465,221.532884,225.302032,7298400,Yahoo Finance
2021-06-22,225.282778,227.003882,224.263576,226.850037,8858400,Yahoo Finance
2021-06-23,226.388518,226.840430,224.936636,225.648148,6814700,Yahoo Finance
2021-06-24,227.878878,229.080771,226.350074,227.148132,4611500,Yahoo Finance
2021-06-25,227.301933,229.301884,227.225025,228.186539,7825200,Yahoo Finance
2021-06-28,228.840396,229.196151,222.936699,225.080872,9301700,Yahoo Finance
2021-06-29,225.542368,227.417318,225.138519,226.869247,11897700,Yahoo Finance
2021-06-30,226.061590,227.301937,224.821243,224.821243,7797100,Yahoo Finance
2021-07-01,225.186616,227.157723,225.042395,226.100052,5329600,Yahoo Finance
2021-07-02,226.753894,229.590358,226.744284,229.446136,4383700,Yahoo Finance
2021-07-06,230.282627,231.349908,228.080766,230.378784,8048700,Yahoo Finance
2021-07-07,231.013386,231.763365,229.128826,230.763397,4366100,Yahoo Finance
2021-07-08,227.850052,227.946209,225.523189,227.503906,6388000,Yahoo Finance
2021-07-09,229.571145,230.234593,228.282720,229.292313,5615900,Yahoo Finance
2021-07-12,228.436530,229.330731,228.138463,228.715363,7010700,Yahoo Finance
2021-07-13,229.080751,233.147951,229.080751,233.022964,8079200,Yahoo Finance
2021-07-14,233.859535,237.311368,233.474935,236.522934,8693400,Yahoo Finance
2021-07-15,235.869018,239.224708,235.869018,238.984329,10135100,Yahoo Finance
2021-07-16,240.368949,240.820862,237.994008,238.570908,8674500,Yahoo Finance
2021-07-19,234.599830,235.042119,229.705712,231.157608,11474600,Yahoo Finance
2021-07-20,231.378765,234.811378,230.292249,233.359482,7072300,Yahoo Finance
2021-07-21,233.926777,237.397844,232.974887,234.282547,11241400,Yahoo Finance
2021-07-22,234.397934,235.907518,233.792175,234.744080,10293600,Yahoo Finance
2021-07-23,237.263233,240.388154,237.263233,239.436264,6766000,Yahoo Finance
2021-07-26,239.618959,240.724694,238.167063,240.618927,4879000,Yahoo Finance
2021-07-27,239.599726,242.945791,238.667056,241.272751,7038300,Yahoo Finance
2021-07-28,240.426604,241.820797,236.445936,237.436295,9036500,Yahoo Finance
2021-07-29,238.561291,240.743932,237.590167,238.378601,7495300,Yahoo Finance
2021-07-30,237.695950,238.897843,236.532511,236.907501,5804700,Yahoo Finance
2021-08-02,236.763284,238.292088,229.196156,230.551895,9989500,Yahoo Finance
2021-08-03,231.369177,232.099923,225.023177,227.965408,9839000,Yahoo Finance
2021-08-04,227.878855,228.407691,226.003906,227.561554,8171800,Yahoo Finance
2021-08-05,227.503935,231.003847,227.330855,230.965393,5337500,Yahoo Finance
2021-08-06,230.763383,233.263326,230.628772,232.109497,4509700,Yahoo Finance
2021-08-09,232.446047,232.859491,228.888448,230.763397,5226900,Yahoo Finance
2021-08-10,231.253767,232.051825,226.494274,228.907684,7185700,Yahoo Finance
2021-08-11,228.917327,229.186550,225.552027,226.013550,7375700,Yahoo Finance
2021-08-12,225.195141,225.406964,222.431838,223.173203,9867000,Yahoo Finance
2021-08-13,223.375406,224.598197,222.797705,224.001236,5445400,Yahoo Finance
2021-08-16,223.577626,226.726054,221.642338,226.610519,7575900,Yahoo Finance
2021-08-17,226.263885,226.908976,224.550057,225.811356,6850500,Yahoo Finance
2021-08-18,225.223997,225.638019,222.865079,223.019135,4996500,Yahoo Finance
2021-08-19,220.525450,223.789426,220.390655,222.961411,5761300,Yahoo Finance
2021-08-20,223.250252,223.529479,221.738624,222.759216,5522200,Yahoo Finance
2021-08-23,224.049382,225.926888,223.375407,225.435852,6342000,Yahoo Finance
2021-08-24,226.302353,227.409610,225.252877,225.532104,5081800,Yahoo Finance
2021-08-25,226.263863,226.263863,223.452415,223.943451,5277100,Yahoo Finance
2021-08-26,223.500573,223.981986,221.594169,221.950424,5889100,Yahoo Finance
2021-08-27,222.431818,224.386351,221.671178,224.039734,6369000,Yahoo Finance
2021-08-30,224.039764,224.983329,221.372735,222.634033,6448000,Yahoo Finance
2021-08-31,222.325886,223.221306,220.159530,220.583176,9405100,Yahoo Finance
2021-09-01,220.583221,222.200760,220.265487,221.565292,8177600,Yahoo Finance
2021-09-02,221.863772,221.979321,213.708657,215.846115,19708800,Yahoo Finance
2021-09-03,215.672810,218.850136,215.046980,216.741547,11532000,Yahoo Finance
2021-09-07,218.310943,219.524097,217.463652,217.858414,9662600,Yahoo Finance
2021-09-08,218.927140,221.661560,218.599769,220.573563,10652600,Yahoo Finance
2021-09-09,220.785384,221.449736,218.657549,219.033051,5853000,Yahoo Finance
2021-09-10,221.305339,221.488263,216.462330,216.548981,6715400,Yahoo Finance
2021-09-13,217.145925,218.753841,215.104741,216.279388,6808100,Yahoo Finance
2021-09-14,216.635612,217.415498,214.016727,214.738846,6575700,Yahoo Finance
2021-09-15,214.247815,216.481561,213.130935,215.489853,6535800,Yahoo Finance
2021-09-16,215.537995,216.828177,214.469259,215.990524,5928500,Yahoo Finance
2021-09-17,214.180429,215.383960,211.147536,213.506454,13787400,Yahoo Finance
2021-09-20,208.894549,212.302943,208.268703,211.869675,8822600,Yahoo Finance
2021-09-21,212.543624,213.910834,210.839420,211.985184,7033600,Yahoo Finance
2021-09-22,213.169449,215.769088,212.880613,214.469269,6005900,Yahoo Finance
2021-09-23,216.635622,220.198072,216.019415,219.822571,7952700,Yahoo Finance
2021-09-24,220.419504,223.327239,220.121030,222.980621,6461200,Yahoo Finance
2021-09-27,223.105790,224.655939,220.265459,221.064606,6881100,Yahoo Finance
2021-09-28,220.361753,220.361753,215.672800,217.174805,6951400,Yahoo Finance
2021-09-29,218.368692,220.506165,217.685080,218.253143,6432700,Yahoo Finance
2021-09-30,219.119715,220.284725,214.353735,214.469269,7128500,Yahoo Finance
2021-10-01,215.836507,222.951784,215.162532,221.892685,7925400,Yahoo Finance
2021-10-04,221.449764,221.767498,212.601399,216.375671,10283400,Yahoo Finance
2021-10-05,217.097770,218.927146,215.595765,215.942383,5814000,Yahoo Finance
2021-10-06,213.785664,218.195404,213.025038,218.089493,5420900,Yahoo Finance
2021-10-07,220.400277,222.566633,219.995892,221.979309,6561900,Yahoo Finance
2021-10-08,222.412575,224.078258,221.623051,221.709717,3735200,Yahoo Finance
2021-10-11,221.459383,221.757872,216.510463,216.741547,5620200,Yahoo Finance
2021-10-12,217.174808,217.810276,214.632950,215.720947,5448200,Yahoo Finance
2021-10-13,214.835154,217.463663,210.502442,214.190063,9076000,Yahoo Finance
2021-10-14,215.788322,217.261443,214.767730,216.808914,5590500,Yahoo Finance
2021-10-15,218.773070,222.499197,218.301280,222.402924,6355100,Yahoo Finance
2021-10-18,221.623048,224.107138,219.658891,222.075577,5580200,Yahoo Finance
2021-10-19,223.327271,224.954447,222.104479,224.838913,4409700,Yahoo Finance
2021-10-20,224.781158,225.108515,222.711075,222.816986,5401800,Yahoo Finance
2021-10-21,222.123708,222.248880,217.887284,221.680817,5982200,Yahoo Finance
2021-10-22,221.728975,224.164936,220.207725,222.634033,3788000,Yahoo Finance
2021-10-25,224.771494,226.129081,223.654613,225.185516,4938700,Yahoo Finance
2021-10-26,226.774160,228.151007,222.730298,223.202087,7814500,Yahoo Finance
2021-10-27,216.394903,216.394903,207.642828,207.758362,22958100,Yahoo Finance
2021-10-28,211.099355,211.811851,201.240023,202.039169,23199400,Yahoo Finance
2021-10-29,201.432646,205.726838,200.787541,203.897476,14329800,Yahoo Finance
2021-11-01,205.553522,207.248089,203.589351,204.561813,13210300,Yahoo Finance
2021-11-02,205.235764,205.418703,200.094283,201.365204,14688700,Yahoo Finance
2021-11-03,201.894749,202.337640,199.044781,200.363861,11486700,Yahoo Finance
2021-11-04,201.384494,204.465531,200.142441,201.018616,11368200,Yahoo Finance
2021-11-05,204.070745,209.539599,203.502682,208.615280,14273600,Yahoo Finance
2021-11-08,210.252075,213.371633,210.040252,212.293274,13500100,Yahoo Finance
2021-11-09,211.523014,212.216250,205.004685,205.457214,11535000,Yahoo Finance
2021-11-10,205.973246,209.252608,205.761051,207.911926,10063600,Yahoo Finance
2021-11-11,208.789586,209.088585,202.703469,202.954239,13546900,Yahoo Finance
2021-11-12,203.995970,206.002173,203.928446,204.565033,7660500,Yahoo Finance
2021-11-15,206.040737,208.722101,204.294958,204.767578,9596900,Yahoo Finance
2021-11-16,204.632570,207.998736,204.150310,207.545410,8719600,Yahoo Finance
2021-11-17,198.642876,199.954624,192.383152,197.784454,38379600,Yahoo Finance
2021-11-18,199.173371,200.494759,194.128936,196.115845,18292200,Yahoo Finance
2021-11-19,194.871647,196.279853,192.759360,193.733521,18032600,Yahoo Finance
2021-11-22,192.904000,194.543681,187.695598,188.640823,21185800,Yahoo Finance
2021-11-23,189.981496,191.862307,187.483393,191.447571,14742700,Yahoo Finance
2021-11-24,191.138888,196.713811,190.627694,196.038651,12026800,Yahoo Finance
2021-11-26,186.461001,192.122729,185.718317,190.637360,10987600,Yahoo Finance
2021-11-29,193.868503,194.109633,188.428611,189.325607,14633500,Yahoo Finance
2021-11-30,188.341799,190.647001,185.727944,186.895020,16023000,Yahoo Finance
2021-12-01,189.074844,189.827168,183.355248,183.413116,13204900,Yahoo Finance
2021-12-02,185.187845,192.363876,185.043173,191.254669,13976300,Yahoo Finance
2021-12-03,191.235410,191.428311,187.155480,189.354599,10660500,Yahoo Finance
2021-12-06,191.717615,196.974245,190.724161,195.488876,10722100,Yahoo Finance
2021-12-07,198.691140,200.562311,198.585042,200.012527,11897200,Yahoo Finance
2021-12-08,200.292184,202.047602,198.411373,201.574997,11749200,Yahoo Finance
2021-12-09,201.121725,204.671151,199.819617,203.889893,10176800,Yahoo Finance
2021-12-10,204.381787,206.648415,203.378693,205.828568,8882700,Yahoo Finance
2021-12-13,204.912261,205.751404,202.529896,203.533005,8844300,Yahoo Finance
2021-12-14,203.253313,205.799645,201.054208,202.529922,9832300,Yahoo Finance
2021-12-15,201.970480,204.950858,200.485126,204.777237,10892500,Yahoo Finance
2021-12-16,207.651502,208.596742,204.102075,206.764145,8548400,Yahoo Finance
2021-12-17,205.249875,205.645332,200.417620,204.362518,11578400,Yahoo Finance
2021-12-20,201.671466,202.327347,199.520591,201.333893,9434400,Yahoo Finance
2021-12-21,203.137547,208.490636,202.896417,207.738312,6993700,Yahoo Finance
2021-12-22,206.262599,211.172002,206.262599,210.226776,6003400,Yahoo Finance
2021-12-23,210.689775,210.766938,208.934341,208.934341,4798200,Yahoo Finance
2021-12-27,209.956661,210.381053,207.256018,209.908447,4818400,Yahoo Finance
2021-12-28,208.345985,211.934001,207.931248,210.313614,4279800,Yahoo Finance
2021-12-29,210.033849,211.171990,209.619113,210.429306,3223100,Yahoo Finance
2021-12-30,210.236411,211.374538,209.445498,210.139954,3812800,Yahoo Finance
2021-12-31,209.117546,210.246033,207.844388,209.021103,4723300,Yahoo Finance
2022-01-03,209.802377,214.181291,209.310463,213.573639,7694500,Yahoo Finance
2022-01-04,214.123453,218.743498,213.940192,214.567139,10629300,Yahoo Finance
2022-01-05,214.740714,217.277406,212.117218,212.194382,9594600,Yahoo Finance
2022-01-06,210.072466,214.036644,209.831336,211.953278,7877500,Yahoo Finance
2022-01-07,209.599826,212.387288,207.989079,209.262253,10702100,Yahoo Finance
2022-01-10,206.387990,206.600186,199.173385,204.449310,11978600,Yahoo Finance
2022-01-11,203.918773,207.323527,201.333867,206.773758,8803100,Yahoo Finance
2022-01-12,206.870240,209.860258,206.224013,208.056610,6923300,Yahoo Finance
2022-01-13,209.156133,212.657330,207.043832,207.371765,8867700,Yahoo Finance
2022-01-14,206.571207,210.506449,206.127536,207.053467,8838100,Yahoo Finance
2022-01-18,208.220577,209.214031,206.725568,208.056610,9099300,Yahoo Finance
2022-01-19,205.442754,210.487190,204.584332,207.063141,9399800,Yahoo Finance
2022-01-20,207.101741,211.808603,206.349416,206.744873,8532700,Yahoo Finance
2022-01-21,207.815485,207.950518,198.517513,198.623596,16200200,Yahoo Finance
2022-01-24,195.006648,195.527497,188.708334,194.688370,16054000,Yahoo Finance
2022-01-25,192.537521,198.093167,190.000843,194.833084,12125500,Yahoo Finance
2022-01-26,197.032091,203.378633,196.443733,198.565674,10817600,Yahoo Finance
2022-01-27,202.066933,203.475138,198.546441,198.835785,12009800,Yahoo Finance
2022-01-28,212.811671,220.026275,208.432757,219.910538,26425300,Yahoo Finance
2022-01-31,217.547480,218.348033,214.171660,218.145477,12380600,Yahoo Finance
2022-02-01,218.849589,226.286045,218.386624,224.115875,12247200,Yahoo Finance
2022-02-02,223.093489,227.482058,221.849250,227.067307,10590500,Yahoo Finance
2022-02-03,224.771731,225.205777,222.370086,223.324951,9968000,Yahoo Finance
2022-02-04,220.392795,222.051771,216.968747,220.286697,10848100,Yahoo Finance
2022-02-07,219.910566,221.762442,217.991165,219.100372,5984500,Yahoo Finance
2022-02-08,218.232306,220.392836,216.775886,219.852707,7542000,Yahoo Finance
2022-02-09,221.964960,224.877800,221.955306,222.678696,7772800,Yahoo Finance
2022-02-10,220.297308,222.152198,217.244463,217.940048,6794600,Yahoo Finance
2022-02-11,219.543773,221.331044,215.959576,217.070587,7535200,Yahoo Finance
2022-02-14,215.718061,219.553437,215.254343,217.698547,8280800,Yahoo Finance
2022-02-15,219.563100,221.514589,217.283129,220.094452,9461700,Yahoo Finance
2022-02-16,219.785256,222.084553,217.949693,221.060501,9561300,Yahoo Finance
2022-02-17,220.654742,221.050842,216.568189,216.993271,8131200,Yahoo Finance
2022-02-18,216.983677,218.085019,214.317261,215.138443,8121200,Yahoo Finance
2022-02-22,213.525051,216.732459,212.462347,213.814880,9928800,Yahoo Finance
2022-02-23,215.283323,216.674494,208.114942,208.626968,8669900,Yahoo Finance
2022-02-24,196.473539,210.472175,194.618649,209.931168,13463400,Yahoo Finance
2022-02-25,209.921499,213.196540,206.984594,211.834366,8463600,Yahoo Finance
2022-02-28,208.675257,211.235388,206.008857,208.791183,8409400,Yahoo Finance
2022-03-01,207.206798,207.854076,200.250959,201.883652,9317800,Yahoo Finance
2022-03-02,199.883825,203.400389,199.197910,201.410248,8865700,Yahoo Finance
2022-03-03,203.410122,204.327904,199.555420,200.202698,8610000,Yahoo Finance
2022-03-04,198.048257,199.371794,190.184292,193.497971,10912300,Yahoo Finance
2022-03-07,193.063270,193.391737,183.605263,184.233215,13412400,Yahoo Finance
2022-03-08,183.566560,189.759194,180.339827,185.208923,11070900,Yahoo Finance
2022-03-09,189.836532,193.700889,188.619265,192.985977,8457600,Yahoo Finance
2022-03-10,190.222946,193.159865,189.643301,191.256668,7061600,Yahoo Finance
2022-03-11,193.942407,194.029352,189.797891,190.039413,5432100,Yahoo Finance
2022-03-14,191.691433,197.497624,191.440255,193.536667,7994700,Yahoo Finance
2022-03-15,195.236934,199.410445,194.570330,199.149597,8277700,Yahoo Finance
2022-03-16,202.878690,206.424235,199.980423,204.685272,9232300,Yahoo Finance
2022-03-17,202.811078,206.298660,201.642118,206.211716,6668500,Yahoo Finance
2022-03-18,204.521070,211.824702,203.158881,211.679794,14620800,Yahoo Finance
2022-03-21,209.003718,210.665392,207.274425,209.679977,6101500,Yahoo Finance
2022-03-22,210.452852,212.124197,209.815230,211.061493,6259900,Yahoo Finance
2022-03-23,207.999025,209.921533,206.936321,207.400040,6008000,Yahoo Finance
2022-03-24,207.699507,210.278964,206.743074,209.940826,5487000,Yahoo Finance
2022-03-25,211.013187,211.505887,208.375768,211.022842,5051400,Yahoo Finance
2022-03-28,211.090497,213.486394,210.134063,213.283524,4316800,Yahoo Finance
2022-03-29,217.215491,221.050866,216.191439,220.384262,8032500,Yahoo Finance
2022-03-30,218.181575,218.490731,215.177037,216.355667,7084000,Yahoo Finance
2022-03-31,216.317018,218.258852,212.964688,214.249588,10759500,Yahoo Finance
2022-04-01,215.515188,218.944808,214.694007,218.683960,6559600,Yahoo Finance
2022-04-04,218.104314,221.466315,217.331454,220.017181,8521200,Yahoo Finance
2022-04-05,219.137992,221.224748,217.669532,218.423080,4658000,Yahoo Finance
2022-04-06,215.225336,215.312280,211.206401,211.583176,7430000,Yahoo Finance
2022-04-07,210.906901,211.264349,206.433903,208.820145,6995100,Yahoo Finance
2022-04-08,207.525613,211.969629,205.854283,209.622025,5438600,Yahoo Finance
2022-04-11,207.950665,209.931151,206.173065,207.467621,6942700,Yahoo Finance
2022-04-12,209.158292,209.631681,203.554972,204.231232,7446600,Yahoo Finance
2022-04-13,203.294122,206.598160,200.144677,206.037827,8052900,Yahoo Finance
2022-04-14,207.003935,208.626957,205.322934,205.574112,8191600,Yahoo Finance
2022-04-18,204.492105,208.511039,204.347197,205.941238,4744400,Yahoo Finance
2022-04-19,205.873599,209.167952,205.235977,208.385422,5028800,Yahoo Finance
2022-04-20,211.245064,213.331820,210.018126,210.404556,7178300,Yahoo Finance
2022-04-21,212.066262,216.326720,208.047342,209.110031,8850300,Yahoo Finance
2022-04-22,208.907110,209.216250,200.898223,201.110764,6201100,Yahoo Finance
2022-04-25,199.352517,203.390763,198.367102,202.830429,6839400,Yahoo Finance
2022-04-26,199.961127,201.487550,194.280533,194.280533,8155300,Yahoo Finance
2022-04-27,209.998826,214.278610,205.825328,206.849380,15955800,Yahoo Finance
2022-04-28,212.926069,217.302452,211.834398,213.177261,10799100,Yahoo Finance
2022-04-29,211.206361,213.698872,205.148994,205.902542,7965000,Yahoo Finance
2022-05-02,204.588693,204.946142,199.941807,204.356827,8803700,Yahoo Finance
2022-05-03,206.366286,206.366286,199.275196,201.487534,6616900,Yahoo Finance
2022-05-04,202.250789,207.515972,198.367106,207.245468,7191100,Yahoo Finance
2022-05-05,205.071773,207.303437,196.183755,198.280167,7749600,Yahoo Finance
2022-05-06,196.840686,198.743883,193.430392,195.942230,8825300,Yahoo Finance
2022-05-09,193.266147,193.942407,185.566415,186.455215,10314100,Yahoo Finance
2022-05-10,190.039428,191.044154,184.494070,187.015564,11016500,Yahoo Finance
2022-05-11,186.928608,191.594821,184.909471,190.049072,9427300,Yahoo Finance
2022-05-12,188.292254,189.773193,183.859114,187.750214,9308600,Yahoo Finance
2022-05-13,190.683063,194.109544,190.199096,192.841553,6684500,Yahoo Finance
2022-05-16,190.992824,193.528807,189.598996,191.467102,5161300,Yahoo Finance
2022-05-17,196.345484,198.232953,193.732050,197.458603,7265600,Yahoo Finance
2022-05-18,196.316435,198.871781,192.744755,193.577179,8748200,Yahoo Finance
2022-05-19,190.053916,193.993401,187.111388,191.041199,9012400,Yahoo Finance
2022-05-20,193.267442,195.193636,187.798619,192.647964,6966600,Yahoo Finance
2022-05-23,194.438670,201.291647,194.332197,200.904465,12187400,Yahoo Finance
2022-05-24,197.371508,198.107133,192.647983,196.132553,7458500,Yahoo Finance
2022-05-25,194.157940,198.378134,194.041792,197.303726,5457200,Yahoo Finance
2022-05-26,198.532990,203.014530,198.107097,201.862686,9212300,Yahoo Finance
2022-05-27,203.266193,206.392616,202.917736,206.053848,4897200,Yahoo Finance
2022-05-31,203.633997,207.476697,202.404716,205.366592,9586400,Yahoo Finance
2022-06-01,205.250456,207.244398,202.124032,203.198425,5246100,Yahoo Finance
2022-06-02,205.095606,208.347866,204.311581,208.154282,5337200,Yahoo Finance
2022-06-03,206.121606,207.341212,204.495483,205.831223,4352500,Yahoo Finance
2022-06-06,208.541448,210.603153,205.289188,206.111938,3965100,Yahoo Finance
2022-06-07,204.350265,208.076817,203.963097,207.621887,4493300,Yahoo Finance
2022-06-08,206.905649,208.657623,206.005477,206.653992,3646300,Yahoo Finance
2022-06-09,205.773156,206.857253,199.413835,199.500946,5138600,Yahoo Finance
2022-06-10,195.183974,196.897222,192.793174,193.112595,5162500,Yahoo Finance
2022-06-13,186.801680,189.608684,184.952922,186.095078,7119200,Yahoo Finance
2022-06-14,186.540316,188.108365,185.601419,187.314667,6441200,Yahoo Finance
2022-06-15,189.695775,192.454393,186.066021,189.870010,6490000,Yahoo Finance
2022-06-16,185.272332,185.717574,181.516742,182.988007,9887200,Yahoo Finance
2022-06-17,180.935921,185.175477,179.948639,183.917160,15089300,Yahoo Finance
2022-06-21,189.434419,190.421701,187.517898,188.156738,6241600,Yahoo Finance
2022-06-22,185.117458,190.092641,184.904511,187.605057,5138500,Yahoo Finance
2022-06-23,189.850628,191.128308,187.246882,190.334595,4752800,Yahoo Finance
2022-06-24,191.389653,199.046017,191.176707,198.920181,7754800,Yahoo Finance
2022-06-27,199.152478,200.449506,196.113165,197.032700,6121200,Yahoo Finance
2022-06-28,197.458625,200.159156,191.167052,191.767166,4354200,Yahoo Finance
2022-06-29,190.992831,194.206365,190.992831,193.102921,4324600,Yahoo Finance
2022-06-30,189.105289,192.473711,186.666106,190.576553,7045200,Yahoo Finance
2022-07-01,190.479804,193.393296,188.466514,192.793167,4131800,Yahoo Finance
2022-07-05,189.937763,194.138610,187.914784,194.109558,4110200,Yahoo Finance
2022-07-06,193.586878,196.016388,192.299523,194.670959,4111200,Yahoo Finance
2022-07-07,196.045386,196.906847,193.625550,196.297058,4650700,Yahoo Finance
2022-07-08,195.832501,197.555424,194.032143,197.042419,3621800,Yahoo Finance
2022-07-11,195.522727,200.110741,195.522727,198.484604,5353600,Yahoo Finance
2022-07-12,196.732655,201.446491,196.258362,198.252319,6779500,Yahoo Finance
2022-07-13,194.003058,198.978255,193.102887,197.603775,7597300,Yahoo Finance
2022-07-14,193.586848,199.471890,191.631616,199.307343,5605500,Yahoo Finance
2022-07-15,202.656417,204.921395,200.536639,203.304932,7245700,Yahoo Finance
2022-07-18,204.718105,206.082896,200.013944,200.565674,4648900,Yahoo Finance
2022-07-19,201.543273,207.244405,201.233527,206.808838,4927100,Yahoo Finance
2022-07-20,205.202087,207.263792,204.437425,206.528152,4460300,Yahoo Finance
2022-07-21,206.315192,209.944946,205.908662,209.257721,4801300,Yahoo Finance
2022-07-22,210.941892,211.077417,205.318196,206.847534,5071500,Yahoo Finance
2022-07-25,207.699395,207.912342,204.834302,207.399338,4357200,Yahoo Finance
2022-07-26,206.992752,208.251055,204.960084,205.676361,6141000,Yahoo Finance
2022-07-27,204.011529,209.896572,194.748390,203.721146,17432200,Yahoo Finance
2022-07-28,203.885697,205.899002,201.252914,204.572937,7477100,Yahoo Finance
2022-07-29,205.202105,207.292847,203.101689,205.308578,6059700,Yahoo Finance
2022-08-01,201.765934,207.128299,200.904472,204.582626,8028400,Yahoo Finance
2022-08-02,201.136730,202.143375,197.390814,199.646103,9939400,Yahoo Finance
2022-08-03,201.320659,203.585621,200.246251,201.794937,9520100,Yahoo Finance
2022-08-04,203.779180,207.989699,201.862674,206.624908,6789700,Yahoo Finance
2022-08-05,203.953453,209.025419,203.750180,208.947983,5553700,Yahoo Finance
2022-08-08,208.328510,209.683627,205.250486,206.479767,4063400,Yahoo Finance
2022-08-09,205.202064,206.605565,203.024212,203.517853,4596800,Yahoo Finance
2022-08-10,207.941330,207.951004,204.534198,205.298874,5746400,Yahoo Finance
2022-08-11,206.816393,207.020026,204.198344,204.673477,6639600,Yahoo Finance
2022-08-12,206.535175,206.748499,203.723199,204.915863,6443700,Yahoo Finance
2022-08-15,203.985002,210.161674,203.985002,209.851379,5290600,Yahoo Finance
2022-08-16,208.038143,211.005266,205.691595,210.549530,6564400,Yahoo Finance
2022-08-17,208.474476,209.618654,206.292766,208.009048,4902500,Yahoo Finance
2022-08-18,207.378753,209.444110,205.982457,208.716873,4516400,Yahoo Finance
2022-08-19,207.611528,208.697530,205.943731,206.360687,4178800,Yahoo Finance
2022-08-22,203.568046,204.838284,201.880852,202.278412,5139500,Yahoo Finance
2022-08-23,201.686906,202.947452,200.261521,200.523331,3525500,Yahoo Finance
2022-08-24,200.358498,202.026295,199.437320,200.397278,4230800,Yahoo Finance
2022-08-25,201.095437,203.538956,200.232450,203.451691,4495000,Yahoo Finance
2022-08-26,203.403229,203.878347,196.547805,196.732040,5060200,Yahoo Finance
2022-08-29,195.141803,197.769558,194.530920,196.189026,4476200,Yahoo Finance
2022-08-30,197.730785,198.205918,194.133396,195.267883,3918200,Yahoo Finance
2022-08-31,194.899429,197.003566,192.611057,192.678940,6559000,Yahoo Finance
2022-09-01,192.688563,194.346654,190.691089,194.055771,5608300,Yahoo Finance
2022-09-02,196.295685,196.334464,190.875352,191.757721,4508100,Yahoo Finance
2022-09-06,191.893478,193.968525,190.439004,192.611023,4547800,Yahoo Finance
2022-09-07,192.678899,195.035139,191.234117,194.336990,4098300,Yahoo Finance
2022-09-08,191.408630,195.006033,190.981997,194.618179,4377600,Yahoo Finance
2022-09-09,195.936903,200.135469,195.238755,198.971893,4885600,Yahoo Finance
2022-09-12,200.232477,200.901537,198.729518,200.358536,3812300,Yahoo Finance
2022-09-13,195.917525,197.294425,192.834035,193.609756,5217900,Yahoo Finance
2022-09-14,193.929740,194.783036,192.048619,193.357651,4632800,Yahoo Finance
2022-09-15,192.077692,194.230313,188.625745,189.440247,6099300,Yahoo Finance
2022-09-16,184.446571,187.937312,182.507273,187.433090,9398200,Yahoo Finance
2022-09-19,185.774997,188.102163,184.921717,187.268265,8133600,Yahoo Finance
2022-09-20,185.299842,187.171257,184.514414,186.240402,5292500,Yahoo Finance
2022-09-21,186.686432,187.229433,181.324277,181.343674,6705900,Yahoo Finance
2022-09-22,180.694032,181.527930,179.055323,180.151016,6604700,Yahoo Finance
2022-09-23,177.901484,178.977795,176.699114,178.376617,10755800,Yahoo Finance
2022-09-26,177.484493,178.900186,174.439796,175.108856,9914600,Yahoo Finance
2022-09-27,176.970590,179.239579,171.647228,172.471420,9799600,Yahoo Finance
2022-09-28,171.879930,174.633743,169.523690,173.741653,9751000,Yahoo Finance
2022-09-29,173.402292,176.708797,173.305321,174.594955,9105200,Yahoo Finance
2022-09-30,174.594944,177.368140,172.209617,172.258087,9472300,Yahoo Finance
2022-10-03,173.896802,177.794794,172.742918,176.136688,8842300,Yahoo Finance
2022-10-04,179.433555,180.558351,177.513654,180.015335,7081400,Yahoo Finance
2022-10-05,177.775343,183.089027,176.825092,181.973923,6119900,Yahoo Finance
2022-10-06,180.984918,182.342435,179.627415,179.957092,5163000,Yahoo Finance
2022-10-07,177.882032,179.006828,176.408162,178.250504,5610300,Yahoo Finance
2022-10-10,178.541400,179.171666,175.409425,176.650574,4743800,Yahoo Finance
2022-10-11,174.895545,176.127003,172.781717,173.702881,6294500,Yahoo Finance
2022-10-12,173.654393,175.108866,172.810803,172.830200,4884300,Yahoo Finance
2022-10-13,169.688533,179.743786,169.300679,179.055344,8426400,Yahoo Finance
2022-10-14,181.120658,181.450349,176.543930,177.077225,6449400,Yahoo Finance
2022-10-17,180.354663,182.846667,177.300275,179.627426,13952100,Yahoo Finance
2022-10-18,183.738743,184.417494,180.102560,181.489151,5209200,Yahoo Finance
2022-10-19,179.860153,181.944892,179.152298,180.752228,4927000,Yahoo Finance
2022-10-20,180.800700,185.183502,180.771597,181.537628,5706700,Yahoo Finance
2022-10-21,180.160739,185.154424,179.433502,184.592026,7582500,Yahoo Finance
2022-10-24,185.600474,187.268271,183.360587,184.921722,7299200,Yahoo Finance
2022-10-25,185.076870,189.304539,184.931428,188.480347,11907200,Yahoo Finance
2022-10-26,190.613547,200.106402,190.535974,197.158676,15450000,Yahoo Finance
2022-10-27,197.148993,200.057939,195.471490,198.089539,7946700,Yahoo Finance
2022-10-28,198.778010,205.100124,197.139301,202.986282,8455600,Yahoo Finance
2022-10-31,202.578998,203.257749,199.941552,200.872421,8674100,Yahoo Finance
2022-11-01,202.569329,203.597155,199.097985,200.649414,5919500,Yahoo Finance
2022-11-02,199.514914,200.717284,194.492141,194.850906,6985600,Yahoo Finance
2022-11-03,192.261955,192.814662,188.286389,188.839096,8236200,Yahoo Finance
2022-11-04,191.020816,195.335750,189.411196,191.001419,9680100,Yahoo Finance
2022-11-07,192.300760,194.356410,191.185655,194.026733,7821300,Yahoo Finance
2022-11-08,195.539348,197.924675,193.677624,195.655701,6943700,Yahoo Finance
2022-11-09,195.043478,195.655727,187.881198,188.464279,7320200,Yahoo Finance
2022-11-10,197.366100,199.960847,194.382633,199.776215,8048900,Yahoo Finance
2022-11-11,200.194121,200.611995,196.452623,199.222305,9601000,Yahoo Finance
2022-11-14,197.764559,203.274754,197.482739,201.029861,5796100,Yahoo Finance
2022-11-15,204.071655,207.706238,201.661541,204.071655,7316100,Yahoo Finance
2022-11-16,202.701362,204.946254,202.351507,204.217392,6125300,Yahoo Finance
2022-11-17,202.098856,205.325277,201.476894,205.043457,5385600,Yahoo Finance
2022-11-18,207.162040,208.133857,203.828718,204.858841,8028500,Yahoo Finance
2022-11-21,204.372905,204.615859,200.087193,200.505081,10450900,Yahoo Finance
2022-11-22,201.690679,204.547820,199.562414,204.402054,5273100,Yahoo Finance
2022-11-23,204.081351,206.831592,204.003604,205.762589,3807300,Yahoo Finance
2022-11-25,205.743177,207.968630,205.432189,207.764542,1993500,Yahoo Finance
2022-11-28,206.277663,208.425383,204.713039,205.305847,10229400,Yahoo Finance
2022-11-29,203.449666,204.227107,201.506035,203.167831,8986900,Yahoo Finance
2022-11-30,202.351521,210.884064,202.147433,210.884064,13918100,Yahoo Finance
2022-12-01,210.884064,212.487554,209.231980,210.884064,11261500,Yahoo Finance
2022-12-02,209.649854,212.322348,208.201858,211.525467,5132800,Yahoo Finance
2022-12-05,209.572133,210.796630,207.045420,207.657654,9006300,Yahoo Finance
2022-12-06,206.024987,206.151328,201.787869,203.187286,5986000,Yahoo Finance
2022-12-07,202.915182,203.128983,199.348619,201.953079,7923800,Yahoo Finance
2022-12-08,203.605144,204.372887,201.894753,203.206711,4896500,Yahoo Finance
2022-12-09,202.050280,204.586721,201.671273,202.818008,4928400,Yahoo Finance
2022-12-12,204.081390,208.765551,203.566329,208.542023,5941700,Yahoo Finance
2022-12-13,213.352495,213.780096,206.627529,207.035690,14585000,Yahoo Finance
2022-12-14,206.851030,210.184352,205.665414,207.307785,7001700,Yahoo Finance
2022-12-15,203.692634,205.850066,200.990987,202.050262,10831800,Yahoo Finance
2022-12-16,201.642101,202.526443,199.513822,201.059006,12472900,Yahoo Finance
2022-12-19,200.806317,201.622639,198.201843,199.047333,4893600,Yahoo Finance
2022-12-20,198.133875,200.709182,197.813174,199.572159,5024900,Yahoo Finance
2022-12-21,200.748036,202.098859,199.785933,200.981262,4086900,Yahoo Finance
2022-12-22,199.951165,200.825793,196.433195,199.280609,5690300,Yahoo Finance
2022-12-23,198.376801,200.427333,197.783992,200.028885,3246000,Yahoo Finance
2022-12-27,200.116354,201.049304,198.833565,200.475922,2904900,Yahoo Finance
2022-12-28,200.854942,202.652808,199.027938,199.212585,3139200,Yahoo Finance
2022-12-29,200.145512,202.652800,199.708198,202.196045,3675500,Yahoo Finance
2022-12-30,200.495365,202.176603,199.902557,201.904495,4159400,Yahoo Finance
2023-01-03,203.381654,206.345695,200.349592,201.544922,4202800,Yahoo Finance
2023-01-04,203.712033,207.191135,203.712033,206.617767,6606200,Yahoo Finance
2023-01-05,207.774252,208.124106,204.528390,205.160065,5246000,Yahoo Finance
2023-01-06,207.968620,211.991938,207.084264,211.612930,6829700,Yahoo Finance
2023-01-09,212.895735,215.947236,212.196026,212.438980,6294500,Yahoo Finance
2023-01-10,212.817990,216.122159,212.030807,214.858795,10857000,Yahoo Finance
2023-01-11,215.053149,215.918064,213.507965,215.840332,5408200,Yahoo Finance
2023-01-12,215.840340,217.502137,214.392329,217.317490,4264400,Yahoo Finance
2023-01-13,215.655687,217.453538,213.935569,216.773270,4283200,Yahoo Finance
2023-01-17,216.112475,218.075533,216.102747,216.714996,6101100,Yahoo Finance
2023-01-18,217.764535,218.648891,213.255309,213.274750,6558000,Yahoo Finance
2023-01-19,211.953090,215.276699,211.369994,214.197983,4853100,Yahoo Finance
2023-01-20,214.907397,218.104666,214.197976,217.988052,5211000,Yahoo Finance
2023-01-23,218.269885,219.824782,216.860740,217.861710,5501500,Yahoo Finance
2023-01-24,215.762589,223.517676,210.524501,217.579880,5274900,Yahoo Finance
2023-01-25,215.373906,218.629497,214.936592,218.561462,4729600,Yahoo Finance
2023-01-26,219.630437,220.680000,217.366103,218.376801,7043400,Yahoo Finance
2023-01-27,221.574050,226.277635,220.845188,224.917099,11382600,Yahoo Finance
2023-01-30,223.712040,223.925841,221.506013,222.643051,5677400,Yahoo Finance
2023-01-31,222.361220,224.295139,222.011366,223.721771,11294200,Yahoo Finance
2023-02-01,222.905426,226.102709,221.379683,224.392303,5792700,Yahoo Finance
2023-02-02,227.366103,227.696517,221.933640,223.090103,7190000,Yahoo Finance
2023-02-03,222.244610,224.353449,221.224200,223.644028,5243600,Yahoo Finance
2023-02-06,222.254316,223.770346,221.612914,222.973465,3402400,Yahoo Finance
2023-02-07,221.593495,225.587660,221.525461,224.800491,4042600,Yahoo Finance
2023-02-08,223.848090,225.325254,223.507963,223.712036,4978600,Yahoo Finance
2023-02-09,226.302119,226.370272,223.108321,223.322540,5238400,Yahoo Finance
2023-02-10,222.942805,223.867836,220.216388,221.229050,4509700,Yahoo Finance
2023-02-13,220.917505,223.789975,220.323536,222.864944,4946700,Yahoo Finance
2023-02-14,222.660402,225.338130,221.199823,223.361481,4829400,Yahoo Finance
2023-02-15,221.608806,223.049921,220.839574,222.903854,4407300,Yahoo Finance
2023-02-16,220.128794,222.358605,219.739297,219.895096,3865900,Yahoo Finance
2023-02-17,218.288424,218.862930,215.912561,217.684723,4520200,Yahoo Finance
2023-02-21,214.374088,216.594168,214.208558,214.821991,7276100,Yahoo Finance
2023-02-22,214.617512,215.922293,213.682735,214.237762,4621800,Yahoo Finance
2023-02-23,215.737326,216.253397,213.176439,215.318634,5533800,Yahoo Finance
2023-02-24,212.738234,214.451990,211.745051,213.780121,4414400,Yahoo Finance
2023-02-27,214.929070,215.620417,213.575601,214.559067,4255300,Yahoo Finance
2023-02-28,214.218287,215.941775,213.731427,214.159866,5385400,Yahoo Finance
2023-03-01,213.692481,214.481191,210.742097,212.621384,4792700,Yahoo Finance
2023-03-02,212.163713,213.828780,211.384735,213.302963,5539300,Yahoo Finance
2023-03-03,214.413020,218.132636,214.120902,217.889206,6055400,Yahoo Finance
2023-03-06,218.045013,221.443299,217.811329,220.790909,5737600,Yahoo Finance
2023-03-07,220.790910,221.404359,217.217361,217.304993,4386800,Yahoo Finance
2023-03-08,216.126772,217.071266,215.367257,216.350723,4194900,Yahoo Finance
2023-03-09,215.581482,218.473430,213.887219,214.228012,5066700,Yahoo Finance
2023-03-10,213.273796,213.361427,209.817089,210.459747,6638900,Yahoo Finance
2023-03-13,208.989402,212.124779,206.915374,208.833603,6810800,Yahoo Finance
2023-03-14,212.270870,214.091721,210.362373,212.913528,7985600,Yahoo Finance
2023-03-15,208.775203,211.209502,208.054646,210.683685,8372200,Yahoo Finance
2023-03-16,209.515226,211.861894,203.273681,211.735306,13674600,Yahoo Finance
2023-03-17,209.223103,212.913508,209.223103,211.676880,18801200,Yahoo Finance
2023-03-20,211.297114,214.753821,211.141315,212.416885,9817400,Yahoo Finance
2023-03-21,215.523081,216.662331,212.932983,216.117050,8971400,Yahoo Finance
2023-03-22,216.652574,218.989494,214.140376,214.257217,6700600,Yahoo Finance
2023-03-23,214.646713,219.330301,214.471436,216.740204,6427700,Yahoo Finance
2023-03-24,214.870670,215.513329,212.514271,215.230942,4791500,Yahoo Finance
2023-03-27,216.740228,218.191076,215.571768,215.980728,7210900,Yahoo Finance
2023-03-28,216.964148,217.460739,212.903725,214.539581,6418400,Yahoo Finance
2023-03-29,216.448113,217.675009,215.114122,217.431580,4483000,Yahoo Finance
2023-03-30,218.035251,218.346848,215.396479,216.516251,5383900,Yahoo Finance
2023-03-31,217.723686,219.904809,217.421821,219.534805,9509000,Yahoo Finance
2023-04-03,219.310824,223.137549,218.229995,222.981750,6421500,Yahoo Finance
2023-04-04,222.981737,224.004145,220.868767,221.676956,5254700,Yahoo Finance
2023-04-05,220.820099,222.465688,220.596148,222.173569,4813600,Yahoo Finance
2023-04-06,220.216419,220.771431,218.775303,220.050888,4285200,Yahoo Finance
2023-04-10,219.632147,220.527968,218.424745,220.479279,4952200,Yahoo Finance
2023-04-11,221.034353,223.118112,220.255374,222.446243,4513300,Yahoo Finance
2023-04-12,223.887294,225.503671,221.355632,221.823013,4373000,Yahoo Finance
2023-04-13,223.429674,226.720835,222.787015,226.574783,7615500,Yahoo Finance
2023-04-14,226.866897,228.814336,226.136608,227.869827,9781300,Yahoo Finance
2023-04-17,227.869857,227.899067,224.870799,227.344040,4865000,Yahoo Finance
2023-04-18,227.606913,228.171672,225.601054,227.460861,4796200,Yahoo Finance
2023-04-19,227.850359,227.908779,225.756868,226.457947,3833900,Yahoo Finance
2023-04-20,226.350827,228.502738,225.416049,228.434586,4925700,Yahoo Finance
2023-04-21,228.824032,229.379060,227.246612,227.899002,6771500,Yahoo Finance
2023-04-24,228.074282,228.970103,225.425765,226.642914,9124100,Yahoo Finance
2023-04-25,226.896094,228.843533,223.400430,223.556229,6076500,Yahoo Finance
2023-04-26,225.143409,226.652677,220.761672,222.154083,8400400,Yahoo Finance
2023-04-27,222.660409,223.595186,220.654550,222.991470,7128200,Yahoo Finance
2023-04-28,222.640992,227.431705,222.066501,226.613770,11627900,Yahoo Finance
2023-05-01,226.750045,228.424844,225.425786,226.399506,4571100,Yahoo Finance
2023-05-02,225.854234,226.263194,220.265093,221.014847,5244000,Yahoo Finance
2023-05-03,221.014857,222.660446,219.982717,220.041138,4093300,Yahoo Finance
2023-05-04,218.931106,220.119045,217.606847,219.671143,5648700,Yahoo Finance
2023-05-05,222.339123,226.234001,221.316714,225.688721,6237500,Yahoo Finance
2023-05-08,225.172605,227.314785,225.172605,226.126846,2938400,Yahoo Finance
2023-05-09,225.007060,227.937950,224.753898,227.129761,4352100,Yahoo Finance
2023-05-10,228.142446,228.639038,222.884353,225.192078,5245000,Yahoo Finance
2023-05-11,225.123801,225.875031,222.704273,225.377457,3818000,Yahoo Finance
2023-05-12,226.343327,227.055524,224.216488,225.738449,3432700,Yahoo Finance
2023-05-15,225.553079,227.153092,224.928685,227.133575,2843200,Yahoo Finance
2023-05-16,226.889685,227.416527,224.031132,224.850647,4289700,Yahoo Finance
2023-05-17,227.055514,228.187234,224.928674,226.977463,4990100,Yahoo Finance
2023-05-18,226.733574,228.440905,225.494550,227.904327,6621900,Yahoo Finance
2023-05-19,228.294562,228.626269,226.284792,227.621384,5399400,Yahoo Finance
2023-05-22,227.621387,228.167731,225.543317,225.640884,3987800,Yahoo Finance
2023-05-23,223.679882,223.894519,218.206666,219.104233,8537200,Yahoo Finance
2023-05-24,217.123743,217.660336,214.665182,216.831055,6730800,Yahoo Finance
2023-05-25,217.026170,219.211559,215.113967,217.933502,6827600,Yahoo Finance
2023-05-26,218.362770,220.694496,217.894463,219.523743,5067300,Yahoo Finance
2023-05-30,219.523774,219.972565,214.392029,216.235947,6916000,Yahoo Finance
2023-05-31,214.596890,216.128602,210.870023,215.640793,20460600,Yahoo Finance
2023-06-01,217.299364,221.182334,217.006676,220.977448,7003600,Yahoo Finance
2023-06-02,223.231110,224.655519,221.875002,223.211594,5897100,Yahoo Finance
2023-06-05,222.353048,222.762806,219.816436,221.240845,4858900,Yahoo Finance
2023-06-06,221.162793,223.660372,220.645717,222.655487,6020100,Yahoo Finance
2023-06-07,221.465250,222.001843,215.631059,219.777435,8517200,Yahoo Finance
2023-06-08,219.601842,219.650625,216.987193,217.611588,6248200,Yahoo Finance
2023-06-09,218.187167,219.689612,217.328618,218.109116,6385000,Yahoo Finance
2023-06-12,218.938405,220.928659,218.177424,220.655487,8621100,Yahoo Finance
2023-06-13,220.118876,221.611570,217.201788,217.953003,6868700,Yahoo Finance
2023-06-14,218.284738,219.972553,217.153018,217.992050,9160700,Yahoo Finance
2023-06-15,216.606679,221.572570,215.972518,220.655487,12534000,Yahoo Finance
2023-06-16,220.928648,224.196974,220.567674,223.328674,13628900,Yahoo Finance
2023-06-20,221.465227,223.972572,220.665213,220.948151,12312300,Yahoo Finance
2023-06-21,220.606714,223.055525,219.494511,221.709167,7032100,Yahoo Finance
2023-06-22,220.840862,223.348192,220.001830,222.821365,6275500,Yahoo Finance
2023-06-23,221.679873,224.372572,220.870108,223.953064,5424400,Yahoo Finance
2023-06-26,223.845758,224.489669,220.684750,220.782318,5165400,Yahoo Finance
2023-06-27,221.933522,223.035975,220.996937,221.796936,4628500,Yahoo Finance
2023-06-28,221.953065,222.499408,220.509154,222.401855,5324500,Yahoo Finance
2023-06-29,223.211601,228.977506,223.026246,228.606781,7118900,Yahoo Finance
2023-06-30,230.509223,232.470210,230.197018,231.689713,6879400,Yahoo Finance
2023-07-03,231.221450,232.587309,229.670221,232.167801,3087400,Yahoo Finance
2023-07-05,228.694542,234.148241,228.284784,233.611649,7601200,Yahoo Finance
2023-07-06,232.460476,233.758049,230.918997,233.055603,6441800,Yahoo Finance
2023-07-07,230.957971,232.626284,230.372609,230.684799,5729500,Yahoo Finance
2023-07-10,231.231210,233.270263,230.733651,232.353180,4858900,Yahoo Finance
2023-07-11,232.987265,234.831182,232.314086,234.684845,3856500,Yahoo Finance
2023-07-12,235.660471,238.001948,235.348266,236.304382,6116000,Yahoo Finance
2023-07-13,237.845841,238.314148,237.221446,237.377548,5819600,Yahoo Finance
2023-07-14,238.762913,238.772679,236.060463,237.231201,4941200,Yahoo Finance
2023-07-17,237.182452,239.387343,237.075133,238.041000,4328100,Yahoo Finance
2023-07-18,237.172682,237.250718,231.884820,234.899490,7674000,Yahoo Finance
2023-07-19,235.367792,236.675117,234.265340,235.533646,4835500,Yahoo Finance
2023-07-20,235.279987,235.719012,233.240949,233.777527,4695000,Yahoo Finance
2023-07-21,233.894592,234.489720,232.909209,233.416534,5427400,Yahoo Finance
2023-07-24,233.836087,235.397082,232.382426,234.870255,6010000,Yahoo Finance
2023-07-25,234.167813,234.928794,232.743404,232.870239,4997500,Yahoo Finance
2023-07-26,225.777468,233.026316,222.128652,231.318985,7551400,Yahoo Finance
2023-07-27,231.631183,232.840955,227.279936,228.723846,8160100,Yahoo Finance
2023-07-28,228.860436,230.128742,228.011653,230.001907,6794800,Yahoo Finance
2023-07-31,230.245779,232.606772,230.245779,231.933594,4799600,Yahoo Finance
2023-08-01,231.358009,234.860473,231.221423,233.933640,4627300,Yahoo Finance
2023-08-02,232.811679,232.967767,231.016531,231.767761,4868200,Yahoo Finance
2023-08-03,230.245792,233.221429,229.514079,232.938492,5033800,Yahoo Finance
2023-08-04,232.197021,236.011690,232.040918,233.162888,5169700,Yahoo Finance
2023-08-07,233.387287,236.275107,233.377536,235.621445,5649800,Yahoo Finance
2023-08-08,234.558035,235.475118,231.601914,233.455582,5080600,Yahoo Finance
2023-08-09,234.636071,236.070230,233.650702,233.914108,4055000,Yahoo Finance
2023-08-10,235.194569,238.449487,234.676521,234.744949,4778000,Yahoo Finance
2023-08-11,234.588563,235.292330,233.044187,234.627655,3607100,Yahoo Finance
2023-08-14,235.292348,237.843500,234.842713,237.423187,4351100,Yahoo Finance
2023-08-15,236.553248,237.198370,233.953236,234.422409,3770100,Yahoo Finance
2023-08-16,231.196814,235.634456,230.698318,233.894577,3218600,Yahoo Finance
2023-08-17,234.588557,234.959994,231.157705,232.017853,4177600,Yahoo Finance
2023-08-18,230.268222,233.659983,229.994537,232.799820,4344800,Yahoo Finance
2023-08-21,233.982547,235.106611,232.399064,234.060745,3573600,Yahoo Finance
2023-08-22,234.588566,235.986316,233.288553,235.145721,3848400,Yahoo Finance
2023-08-23,235.878817,237.071295,235.292339,236.836716,4947700,Yahoo Finance
2023-08-24,236.787843,238.068303,233.963006,234.070526,4570700,Yahoo Finance
2023-08-25,235.937476,237.921703,234.793859,237.100647,3541500,Yahoo Finance
2023-08-28,237.530681,239.700626,237.129937,238.332199,3741500,Yahoo Finance
2023-08-29,238.009612,240.287078,237.911861,239.808121,3975600,Yahoo Finance
2023-08-30,240.863804,242.632990,240.502151,240.678085,4573300,Yahoo Finance
2023-08-31,240.052521,242.427738,239.915678,240.140488,5532600,Yahoo Finance
2023-09-01,241.890117,243.258544,241.205904,242.515686,4112900,Yahoo Finance
2023-09-05,242.750261,243.082592,239.671278,239.808121,4459600,Yahoo Finance
2023-09-06,239.886360,241.098406,238.703651,240.609680,4520300,Yahoo Finance
2023-09-07,239.964545,241.821698,239.583339,241.567566,4007900,Yahoo Finance
2023-09-08,242.202899,242.545013,240.883347,241.714172,3309100,Yahoo Finance
2023-09-11,241.753318,242.760093,240.717221,241.645798,2995800,Yahoo Finance
2023-09-12,241.372070,242.173573,240.463031,241.723953,3499600,Yahoo Finance
2023-09-13,241.577360,244.421750,241.049542,242.242035,5657000,Yahoo Finance
2023-09-14,239.475816,240.003634,233.366739,236.054733,12000000,Yahoo Finance
2023-09-15,236.445687,238.596094,234.617856,235.634415,13077900,Yahoo Finance
2023-09-18,235.507355,239.700618,235.341190,239.143478,4771600,Yahoo Finance
2023-09-19,239.475847,239.593137,236.015672,238.068314,4709000,Yahoo Finance
2023-09-20,238.136711,239.016412,236.220898,236.406616,5756600,Yahoo Finance
2023-09-21,235.341199,235.350968,230.942664,231.274994,6881500,Yahoo Finance
2023-09-22,231.411854,232.428398,229.584023,229.779510,5935500,Yahoo Finance
2023-09-25,230.072740,230.160707,226.974218,228.098282,5921600,Yahoo Finance
2023-09-26,226.700529,227.423850,224.423078,224.471939,6193200,Yahoo Finance
2023-09-27,225.068191,225.478719,222.780956,224.325333,6006700,Yahoo Finance
2023-09-28,225.468962,227.296794,224.491510,226.436646,4203900,Yahoo Finance
2023-09-29,227.590014,227.775732,224.471939,224.823822,6045200,Yahoo Finance
2023-10-02,224.071193,226.153156,223.611789,226.055420,5175200,Yahoo Finance
2023-10-03,225.273484,226.524622,222.644135,223.650909,5585700,Yahoo Finance
2023-10-04,224.305773,226.475719,223.719311,226.006546,5430900,Yahoo Finance
2023-10-05,225.214805,228.909574,225.029087,228.215576,6126200,Yahoo Finance
2023-10-06,227.912541,231.255426,227.502013,229.740372,6401300,Yahoo Finance
2023-10-09,227.550925,229.867482,226.475721,229.153946,5372200,Yahoo Finance
2023-10-10,229.603563,232.848712,228.997547,231.265244,4644000,Yahoo Finance
2023-10-11,232.193828,233.132174,229.593801,230.365982,4760900,Yahoo Finance
2023-10-12,231.372763,232.369754,229.593793,231.441177,4472800,Yahoo Finance
2023-10-13,231.059958,233.268995,230.903562,232.311096,4966800,Yahoo Finance
2023-10-16,233.611101,235.282551,232.956210,234.656982,6227300,Yahoo Finance
2023-10-17,234.226913,236.035191,232.917115,235.761505,4527600,Yahoo Finance
2023-10-18,234.549462,235.399841,231.646428,232.115601,9528300,Yahoo Finance
2023-10-19,232.115595,232.555446,228.147142,228.538116,5927400,Yahoo Finance
2023-10-20,228.850918,230.453939,227.394508,228.117828,5748300,Yahoo Finance
2023-10-23,226.143390,229.173498,226.065192,226.309555,5071700,Yahoo Finance
2023-10-24,227.638881,231.196807,227.638881,229.359192,6844100,Yahoo Finance
2023-10-25,227.013296,233.102820,226.074935,231.509583,10365300,Yahoo Finance
2023-10-26,229.281028,230.297572,225.165946,226.065201,6414500,Yahoo Finance
2023-10-27,225.957663,226.172704,222.888463,224.100510,5540900,Yahoo Finance
2023-10-30,226.954714,228.117885,224.843413,227.824646,5170300,Yahoo Finance
2023-10-31,228.303541,230.405057,227.736617,229.799042,4828400,Yahoo Finance
2023-11-01,230.815621,233.650227,230.365986,233.200607,4996200,Yahoo Finance
2023-11-02,234.500617,237.765305,233.806619,237.765305,6286700,Yahoo Finance
2023-11-03,239.593124,239.788626,236.797609,238.107407,5029800,Yahoo Finance
2023-11-06,238.498404,239.260816,237.139745,237.999908,5254100,Yahoo Finance
2023-11-07,237.921687,239.544261,237.892364,239.251022,4219700,Yahoo Finance
2023-11-08,238.506567,239.740773,237.830686,238.917969,5117500,Yahoo Finance
2023-11-09,239.329390,239.476314,236.038157,236.694443,4866600,Yahoo Finance
2023-11-10,238.986518,240.250125,237.017662,240.230530,4094400,Yahoo Finance
2023-11-13,239.985647,240.651722,239.113863,239.662399,4088500,Yahoo Finance
2023-11-14,241.131711,242.855684,240.553790,241.885956,14092000,Yahoo Finance
2023-11-15,241.758617,243.159357,240.318701,243.032013,13258900,Yahoo Finance
2023-11-16,243.502170,244.344569,242.209193,243.482590,7051600,Yahoo Finance
2023-11-17,244.344582,245.118422,243.570758,244.452332,7238200,Yahoo Finance
2023-11-20,244.501310,245.794286,240.573387,244.853943,8604200,Yahoo Finance
2023-11-21,244.912733,248.154986,244.912733,247.067703,7213700,Yahoo Finance
2023-11-22,247.821941,249.330416,247.488903,248.527206,5701400,Yahoo Finance
2023-11-24,248.987557,249.487114,248.311677,249.095306,1640900,Yahoo Finance
2023-11-27,249.095312,249.761388,247.351744,248.938583,5478900,Yahoo Finance
2023-11-28,248.654547,248.948395,246.460387,247.763168,5234900,Yahoo Finance
2023-11-29,248.723126,250.829132,248.331319,249.026779,4955100,Yahoo Finance
2023-11-30,249.046346,251.514760,247.988449,251.426605,6874700,Yahoo Finance
2023-12-01,250.554814,251.651901,248.703497,251.201324,3939400,Yahoo Finance
2023-12-04,250.672368,252.122088,249.144298,249.232452,5247500,Yahoo Finance
2023-12-05,248.987585,249.604695,246.979538,249.398987,4199100,Yahoo Finance
2023-12-06,250.564630,251.573534,248.341086,249.085526,3874000,Yahoo Finance
2023-12-07,249.673255,250.897686,248.311704,250.584229,3589300,Yahoo Finance
2023-12-08,249.780984,250.799707,248.674107,250.505844,3732300,Yahoo Finance
2023-12-11,249.780987,252.357164,249.780987,251.269867,6479300,Yahoo Finance
2023-12-12,252.033971,254.404455,251.152397,254.247726,5946600,Yahoo Finance
2023-12-13,253.846045,257.107908,253.395469,257.009949,4859900,Yahoo Finance
2023-12-14,257.803388,257.862157,251.152348,253.434677,8168700,Yahoo Finance
2023-12-15,249.301061,253.082061,249.242292,252.749023,13374000,Yahoo Finance
2023-12-18,253.405294,254.277063,252.670644,253.082031,6041100,Yahoo Finance
2023-12-19,253.317123,255.011727,251.936008,254.668884,8731200,Yahoo Finance
2023-12-20,255.168426,255.481884,251.818409,251.847794,7240900,Yahoo Finance
2023-12-21,252.239652,254.668876,251.779270,254.228104,6246700,Yahoo Finance
2023-12-22,254.678683,255.863910,252.935114,253.140808,5111500,Yahoo Finance
2023-12-26,253.238770,254.423997,253.238770,253.855881,2085100,Yahoo Finance
2023-12-27,253.944012,254.453359,253.023248,253.630554,4034700,Yahoo Finance
2023-12-28,253.248532,255.628791,253.248532,255.070450,3020500,Yahoo Finance
2023-12-29,255.236983,256.108752,254.355409,255.021484,4074900,Yahoo Finance
2024-01-02,254.296638,254.766824,252.396371,253.571793,5471000,Yahoo Finance
2024-01-03,253.258339,253.561992,251.602925,252.700027,4148300,Yahoo Finance
2024-01-04,252.788217,255.697432,252.719642,254.296677,3843000,Yahoo Finance
2024-01-05,255.442734,256.108809,253.454282,254.375046,3748400,Yahoo Finance
2024-01-08,255.599367,257.244975,254.629639,257.166626,4659000,Yahoo Finance
2024-01-09,256.637725,258.224564,255.795340,257.940491,7055800,Yahoo Finance
2024-01-10,259.546968,259.938775,257.480136,259.145355,4355800,Yahoo Finance
2024-01-11,260.026916,260.741986,257.029546,258.626190,5599000,Yahoo Finance
2024-01-12,259.703710,260.115098,258.312760,258.763367,4656100,Yahoo Finance
2024-01-16,258.126633,260.222849,256.980596,259.811432,6196400,Yahoo Finance
2024-01-17,259.008213,261.633355,258.978829,261.172974,5118700,Yahoo Finance
2024-01-18,262.397381,263.278955,260.967271,262.652069,6694300,Yahoo Finance
2024-01-19,262.691259,265.600474,261.584381,265.355591,7226500,Yahoo Finance
2024-01-22,266.668168,266.775933,264.826641,265.649475,5984300,Yahoo Finance
2024-01-23,265.992203,266.305661,264.385785,265.708160,5883000,Yahoo Finance
2024-01-24,266.991394,267.275437,265.531869,266.090210,5021700,Yahoo Finance
2024-01-25,266.384082,267.197082,265.257595,267.030548,6894900,Yahoo Finance
2024-01-26,260.497049,265.326141,260.164012,262.456116,8586500,Yahoo Finance
2024-01-29,261.506032,269.440258,261.251343,268.059113,6574500,Yahoo Finance
2024-01-30,268.970058,272.937186,268.578251,271.477661,6549000,Yahoo Finance
2024-01-31,271.448251,274.259507,267.588887,267.667267,6139300,Yahoo Finance
2024-02-01,267.794634,271.516849,267.765219,271.379700,7065000,Yahoo Finance
2024-02-02,271.928242,272.800041,270.037750,271.507050,4848700,Yahoo Finance
2024-02-05,271.722516,272.310242,269.498986,269.939758,4899100,Yahoo Finance
2024-02-06,269.175735,271.213181,268.421505,271.095642,4400000,Yahoo Finance
2024-02-07,273.662040,273.818769,271.389515,273.671844,4785900,Yahoo Finance
2024-02-08,274.329296,274.447054,270.148694,270.639374,5833400,Yahoo Finance
2024-02-09,269.873976,272.013333,268.980935,271.277313,4618300,Yahoo Finance
2024-02-12,271.277323,271.512870,269.128142,269.942688,3676200,Yahoo Finance
2024-02-13,268.647225,272.818003,267.675688,270.668823,5493800,Yahoo Finance
2024-02-14,271.316552,272.464756,269.589349,272.386230,4218400,Yahoo Finance
2024-02-15,272.474518,275.879837,272.386199,275.742462,4834800,Yahoo Finance
2024-02-16,275.722780,275.879801,272.690383,273.367523,6630700,Yahoo Finance
2024-02-20,269.451973,271.679649,268.244890,270.021149,6157200,Yahoo Finance
2024-02-21,269.510834,271.807212,268.431332,271.601135,4770100,Yahoo Finance
2024-02-22,273.976054,278.765096,273.779800,278.460876,5100200,Yahoo Finance
2024-02-23,279.412747,280.619831,278.215487,278.313629,5107700,Yahoo Finance
2024-02-26,277.764068,280.031007,277.391147,278.853363,3856900,Yahoo Finance
2024-02-27,278.873053,278.873053,276.292072,277.891693,4145200,Yahoo Finance
2024-02-28,276.841618,280.796497,276.821971,280.305817,4358800,Yahoo Finance
2024-02-29,280.178195,280.335217,276.920074,277.371521,6633700,Yahoo Finance
2024-03-01,277.921129,279.599246,276.851421,277.881866,3955700,Yahoo Finance
2024-03-04,277.538372,277.724833,272.945615,275.300873,5920300,Yahoo Finance
2024-03-05,275.045727,275.752308,272.504009,274.172333,6227900,Yahoo Finance
2024-03-06,274.780751,276.743470,274.103610,275.202728,4535200,Yahoo Finance
2024-03-07,275.644370,275.928973,271.012350,273.073212,5668500,Yahoo Finance
2024-03-08,273.799415,276.419659,273.632571,274.820038,3928800,Yahoo Finance
2024-03-11,274.241027,275.536399,272.808220,275.330322,4614000,Yahoo Finance
2024-03-12,276.066291,279.177214,275.065315,278.627655,7988700,Yahoo Finance
2024-03-13,279.353857,280.767018,278.529519,279.824921,5783800,Yahoo Finance
2024-03-14,283.573683,283.652209,279.245883,281.071228,5484500,Yahoo Finance
2024-03-15,278.264603,280.305848,277.371592,277.764130,9845000,Yahoo Finance
2024-03-18,278.578636,280.894661,277.970197,279.736633,4095600,Yahoo Finance
2024-03-19,281.316603,282.690501,279.932882,281.993744,6595200,Yahoo Finance
2024-03-20,282.278372,284.466786,281.375508,283.887787,6105000,Yahoo Finance
2024-03-21,284.564921,285.536457,282.533498,284.957458,5057600,Yahoo Finance
2024-03-22,284.594367,285.075224,277.616913,277.980011,8744100,Yahoo Finance
2024-03-25,277.734636,278.215492,274.819996,275.968170,8519200,Yahoo Finance
2024-03-26,278.833767,278.833767,273.220387,275.369568,8752400,Yahoo Finance
2024-03-27,275.026114,276.007474,271.817078,273.819031,5190700,Yahoo Finance
2024-03-28,273.298900,274.584479,271.954442,273.877899,5844400,Yahoo Finance
2024-04-01,275.134019,275.654169,271.630587,273.092804,5084000,Yahoo Finance
2024-04-02,272.818047,274.123242,271.817070,273.249847,6912300,Yahoo Finance
2024-04-03,275.251830,275.251830,271.404886,271.797424,4536600,Yahoo Finance
2024-04-04,273.171292,273.877873,268.460777,268.892578,4018600,Yahoo Finance
2024-04-05,270.953498,272.778814,269.903436,271.974121,4392100,Yahoo Finance
2024-04-08,271.100626,272.798389,270.021125,272.582489,5542400,Yahoo Finance
2024-04-09,272.454961,272.818060,268.225302,271.561920,7313900,Yahoo Finance
2024-04-10,270.286159,271.660057,269.010373,269.363678,5276000,Yahoo Finance
2024-04-11,268.892613,271.326396,267.106531,270.541290,8102300,Yahoo Finance
2024-04-12,270.413679,271.836663,268.951462,270.816040,9038400,Yahoo Finance
2024-04-15,272.710101,272.729718,265.300816,266.223297,10267500,Yahoo Finance
2024-04-16,265.497124,269.020202,265.134025,266.292023,8237100,Yahoo Finance
2024-04-17,268.205610,268.892574,266.439174,267.606995,5940900,Yahoo Finance
2024-04-18,267.489228,268.058404,264.829722,266.311584,8231800,Yahoo Finance
2024-04-19,266.409721,266.929840,263.289004,264.751221,7905400,Yahoo Finance
2024-04-22,265.899441,268.657060,264.339053,267.253693,6463700,Yahoo Finance
2024-04-23,268.902407,269.766008,267.626621,269.000519,6438000,Yahoo Finance
2024-04-24,277.302839,277.724816,269.373435,269.893555,8807200,Yahoo Finance
2024-04-25,267.881825,271.071245,265.448042,270.031006,8064600,Yahoo Finance
2024-04-26,269.883780,271.610953,268.725752,269.402893,6840600,Yahoo Finance
2024-04-29,267.243921,269.353839,266.036838,266.772858,4128600,Yahoo Finance
2024-04-30,265.487313,267.008409,263.573649,263.603088,6376400,Yahoo Finance
2024-05-01,263.151643,265.860206,261.738483,262.337128,6119900,Yahoo Finance
2024-05-02,264.329291,264.447049,261.679607,262.621704,5061700,Yahoo Finance
2024-05-03,263.985763,264.427387,261.532364,263.485260,3862000,Yahoo Finance
2024-05-06,264.623676,267.695338,264.545181,267.587402,3958700,Yahoo Finance
2024-05-07,268.617816,272.700276,267.744391,271.306732,6377100,Yahoo Finance
2024-05-08,272.621747,273.357767,269.795456,272.023132,9029700,Yahoo Finance
2024-05-09,271.640436,273.593362,271.247898,273.348022,8948800,Yahoo Finance
2024-05-10,274.339137,275.791561,274.034918,275.506958,8986400,Yahoo Finance
2024-05-13,276.213552,276.890692,273.897557,274.182159,10528400,Yahoo Finance
2024-05-14,274.231221,274.770957,269.157577,272.562897,18526100,Yahoo Finance
2024-05-15,271.983826,276.478470,271.905330,276.252747,21288400,Yahoo Finance
2024-05-16,277.000048,277.629295,274.561790,275.132019,10341500,Yahoo Finance
2024-05-17,275.338427,276.183974,273.421252,275.387604,6177800,Yahoo Finance
2024-05-20,274.522404,275.554727,273.499892,273.853851,5460900,Yahoo Finance
2024-05-21,273.322964,273.745722,270.255459,271.307465,6578200,Yahoo Finance
2024-05-22,270.894518,273.401605,270.491412,270.943665,4202500,Yahoo Finance
2024-05-23,270.609320,272.772319,268.436510,269.616333,6115900,Yahoo Finance
2024-05-24,270.383219,270.609330,268.751143,269.871948,4339700,Yahoo Finance
2024-05-28,269.616404,269.842515,265.683699,266.421082,6212100,Yahoo Finance
2024-05-29,264.474359,266.578371,263.746819,264.336700,5469700,Yahoo Finance
2024-05-30,264.179393,267.069932,263.795940,266.735626,4901900,Yahoo Finance
2024-05-31,266.873300,268.171100,264.484190,267.876129,8910000,Yahoo Finance
2024-06-03,268.495514,268.534850,263.550140,265.831116,4838800,Yahoo Finance
2024-06-04,265.093723,268.397179,264.779099,267.836792,4188500,Yahoo Finance
2024-06-05,268.928124,270.304564,267.443518,269.881805,5368700,Yahoo Finance
2024-06-06,270.176785,272.487255,269.468897,272.379120,4862400,Yahoo Finance
2024-06-07,273.037788,275.613705,272.202083,273.981659,4515600,Yahoo Finance
2024-06-10,273.460540,273.873457,268.780614,270.412689,5213800,Yahoo Finance
2024-06-11,269.921163,270.235757,267.640187,270.048981,6244600,Yahoo Finance
2024-06-12,272.113623,272.929676,265.359209,265.772156,7536600,Yahoo Finance
2024-06-13,265.772114,267.286183,264.788938,266.627472,7361200,Yahoo Finance
2024-06-14,265.555869,266.981456,264.739816,266.106445,8537300,Yahoo Finance
2024-06-17,264.474374,267.256749,264.474374,266.607880,9258200,Yahoo Finance
2024-06-18,266.735596,269.291859,266.735596,269.016571,6707500,Yahoo Finance
2024-06-20,268.593877,273.362287,268.505395,272.162811,10164400,Yahoo Finance
2024-06-21,272.506927,272.870697,269.960475,270.589722,14594700,Yahoo Finance
2024-06-24,270.687996,275.672705,270.638819,271.651489,24149600,Yahoo Finance
2024-06-25,272.192283,273.254100,268.928131,268.928131,18325800,Yahoo Finance
2024-06-26,268.318615,269.842526,267.178127,268.997009,12172000,Yahoo Finance
2024-06-27,263.992631,266.037624,262.016437,262.104919,10529100,Yahoo Finance
2024-06-28,262.704695,264.081135,256.854784,258.054260,13957300,Yahoo Finance
2024-07-01,259.352044,261.298714,256.903915,258.811279,7955800,Yahoo Finance
2024-07-02,258.811217,263.717285,257.985353,263.717285,8697800,Yahoo Finance
2024-07-03,264.543148,265.211701,263.638613,264.464478,5017800,Yahoo Finance
2024-07-05,264.474327,265.998238,263.727104,265.811432,7986400,Yahoo Finance
2024-07-08,265.703294,266.873275,261.495302,261.918060,8561100,Yahoo Finance
2024-07-09,262.508026,263.048761,259.479857,260.974274,6431300,Yahoo Finance
2024-07-10,254.760559,259.047222,254.160836,258.575287,9635500,Yahoo Finance
2024-07-11,257.719926,259.194690,256.372980,258.132843,8803600,Yahoo Finance
2024-07-12,259.892755,262.901271,259.224203,261.269196,6627800,Yahoo Finance
2024-07-15,261.200396,264.710312,260.787449,263.933624,6845200,Yahoo Finance
2024-07-16,264.002424,265.663994,262.871778,264.720154,7869900,Yahoo Finance
2024-07-17,263.923752,268.318550,263.727105,268.112091,5324700,Yahoo Finance
2024-07-18,267.708982,269.016593,264.041725,264.621796,5550800,Yahoo Finance
2024-07-19,265.772148,266.391553,259.863250,260.993896,6839900,Yahoo Finance
2024-07-22,262.734119,263.884418,260.561278,263.206024,5313600,Yahoo Finance
2024-07-23,263.029067,263.196220,259.420798,260.335175,8109200,Yahoo Finance
2024-07-24,251.761888,252.872882,248.871348,249.893845,13065900,Yahoo Finance
2024-07-25,251.093319,253.875709,248.448573,249.471085,8573300,Yahoo Finance
2024-07-26,251.289947,256.805580,251.289947,255.094833,7062200,Yahoo Finance
2024-07-29,255.940419,258.290194,254.229672,257.198883,6068100,Yahoo Finance
2024-07-30,258.801432,259.853408,256.618780,258.673615,5941800,Yahoo Finance
2024-07-31,260.089415,261.878773,259.804286,261.200409,7642500,Yahoo Finance
2024-08-01,261.849289,262.508030,259.735466,261.456024,7269700,Yahoo Finance
2024-08-02,259.391298,263.451819,258.457299,262.095032,7017900,Yahoo Finance
2024-08-05,257.051393,258.496663,250.228134,252.125671,9631300,Yahoo Finance
2024-08-06,252.184625,256.107487,251.466910,253.915024,21586800,Yahoo Finance
2024-08-07,255.291472,257.621594,251.997826,252.204285,12908600,Yahoo Finance
2024-08-08,253.787207,256.068182,253.580748,255.458588,8223700,Yahoo Finance
2024-08-09,255.320683,257.635756,255.163056,255.901917,7228100,Yahoo Finance
2024-08-12,256.630955,257.714623,255.389659,256.030029,26769400,Yahoo Finance
2024-08-13,256.266418,257.793385,255.419176,256.266418,12005700,Yahoo Finance
2024-08-14,256.995435,257.616083,254.897066,257.261444,8552300,Yahoo Finance
2024-08-15,258.936166,263.418605,258.936166,262.837341,7397800,Yahoo Finance
2024-08-16,262.886595,264.452976,261.448288,263.408722,5111100,Yahoo Finance
2024-08-19,263.448201,264.324967,261.290725,262.512299,6555900,Yahoo Finance
2024-08-20,263.034368,264.058929,261.832487,264.058929,6803600,Yahoo Finance
2024-08-21,264.571252,265.270699,263.418647,264.216614,6639700,Yahoo Finance
2024-08-22,264.945566,265.497246,262.610771,263.960419,4425200,Yahoo Finance
2024-08-23,264.709161,265.211565,261.369496,263.467865,3697400,Yahoo Finance
2024-08-26,263.743728,266.354363,263.694482,264.226440,4612200,Yahoo Finance
2024-08-27,264.531882,266.925814,263.911264,266.699219,6594100,Yahoo Finance
2024-08-28,267.132637,267.940465,263.694481,265.191895,5455100,Yahoo Finance
2024-08-29,266.955277,271.890846,266.433151,270.245667,5565100,Yahoo Finance
2024-08-30,270.915581,272.876015,270.186581,272.265228,6296100,Yahoo Finance
2024-09-03,272.265232,277.900277,272.265232,274.403015,7278300,Yahoo Finance
2024-09-04,274.570444,277.466780,274.560613,276.324005,6107500,Yahoo Finance
2024-09-05,276.826468,277.319041,273.289791,274.481812,6447400,Yahoo Finance
2024-09-06,273.644461,276.117191,273.309514,275.220703,7187700,Yahoo Finance
2024-09-09,277.900303,282.707828,277.466835,281.368011,10933900,Yahoo Finance
2024-09-10,281.683254,282.146274,279.358320,281.102020,5314400,Yahoo Finance
2024-09-11,280.786747,280.934543,274.166554,279.742493,6281800,Yahoo Finance
2024-09-12,279.781914,281.752209,277.289492,281.131561,4160800,Yahoo Finance
2024-09-13,282.234972,284.451554,281.308930,283.082214,4987600,Yahoo Finance
2024-09-16,283.771718,286.579395,283.466325,286.165649,4458900,Yahoo Finance
2024-09-17,286.579444,288.717227,285.771615,287.229645,5135700,Yahoo Finance
2024-09-18,287.505455,287.682774,283.850566,284.195374,5890000,Yahoo Finance
2024-09-19,286.766598,287.150820,278.668684,281.003479,10382100,Yahoo Finance
2024-09-20,281.259665,282.737387,279.043083,280.540497,27810900,Yahoo Finance
2024-09-23,280.668498,284.589396,280.392658,284.343109,6505600,Yahoo Finance
2024-09-24,276.018632,276.826460,268.659579,268.728546,13690200,Yahoo Finance
2024-09-25,270.117606,270.176713,264.246135,265.625336,11671300,Yahoo Finance
2024-09-26,266.482427,269.181721,265.989853,267.654755,9552500,Yahoo Finance
2024-09-27,269.102882,273.851300,268.728521,271.083038,6509600,Yahoo Finance
2024-09-30,270.915609,271.595363,269.142355,270.866364,5969900,Yahoo Finance
2024-10-01,272.856342,274.915297,270.285091,273.476990,5781600,Yahoo Finance
2024-10-02,272.462258,273.516373,271.280069,272.885864,4741600,Yahoo Finance
2024-10-03,272.560774,273.565614,271.743085,272.747925,3036700,Yahoo Finance
2024-10-04,273.230691,274.304498,271.014109,273.802063,4259300,Yahoo Finance
2024-10-07,273.476982,273.496674,269.181723,269.723572,4339300,Yahoo Finance
2024-10-08,270.629903,271.999273,269.940318,270.876190,4370900,Yahoo Finance
2024-10-09,270.915597,273.368605,270.344225,272.816925,4115800,Yahoo Finance
2024-10-10,272.669184,273.545980,271.260430,273.348938,4063900,Yahoo Finance
2024-10-11,271.940156,274.659143,271.280094,273.713409,4746300,Yahoo Finance
2024-10-14,274.934958,277.190954,273.861151,276.511200,3996600,Yahoo Finance
2024-10-15,276.826439,278.442096,274.688656,275.141846,5807000,Yahoo Finance
2024-10-16,274.481796,283.328432,274.215817,283.249603,9442700,Yahoo Finance
2024-10-17,284.284081,286.609015,283.338317,286.077057,8815800,Yahoo Finance
2024-10-18,285.614004,286.717364,283.801306,286.303589,5350900,Yahoo Finance
2024-10-21,285.298756,286.126276,282.077304,282.589600,6313100,Yahoo Finance
2024-10-22,280.816329,282.274358,279.318916,280.560211,5736500,Yahoo Finance
2024-10-23,281.791668,281.811360,279.318937,279.545532,5249300,Yahoo Finance
2024-10-24,278.195860,279.407572,277.545659,279.013519,4679900,Yahoo Finance
2024-10-25,279.781929,280.855736,276.609752,277.545654,4464600,Yahoo Finance
2024-10-28,277.850994,280.412384,277.348559,279.969055,4306200,Yahoo Finance
2024-10-29,280.047877,281.456661,277.171263,277.693390,7534800,Yahoo Finance
2024-10-30,287.998048,291.386958,284.047596,285.850433,9606800,Yahoo Finance
2024-10-31,287.751703,291.938580,285.318388,285.544983,7950200,Yahoo Finance
2024-11-01,284.205202,288.323141,282.924522,286.421783,5470700,Yahoo Finance
2024-11-04,287.219788,288.796030,286.441543,287.515350,4281600,Yahoo Finance
2024-11-05,287.377379,290.401790,287.249306,288.933929,3753700,Yahoo Finance
2024-11-06,301.770435,304.410623,298.322418,302.834381,10320500,Yahoo Finance
2024-11-07,302.932850,303.060924,299.898609,301.258087,6237300,Yahoo Finance
2024-11-08,302.331999,306.528708,301.149809,303.297424,6240600,Yahoo Finance
2024-11-11,305.484404,307.799507,304.706129,306.302094,4674100,Yahoo Finance
2024-11-12,305.028854,306.519235,304.110902,305.828339,4616400,Yahoo Finance
2024-11-13,305.472984,306.914056,303.844407,305.463135,4046400,Yahoo Finance
2024-11-14,305.285475,307.249666,303.834553,304.249115,4415800,Yahoo Finance
2024-11-15,303.568044,306.687032,302.679731,305.621063,5106300,Yahoo Finance
2024-11-18,305.463160,308.355123,304.693285,308.108368,4585600,Yahoo Finance
2024-11-19,305.976374,308.177441,304.505723,307.802368,4885500,Yahoo Finance
2024-11-20,307.812191,308.236632,302.245411,303.400238,6349900,Yahoo Finance
2024-11-21,303.311396,306.884435,302.669838,305.877655,5757100,Yahoo Finance
2024-11-22,303.972759,307.545769,303.903660,305.897461,5919200,Yahoo Finance
2024-11-25,307.812215,309.588870,305.838174,309.124969,14189300,Yahoo Finance
2024-11-26,310.121880,310.417974,307.496402,307.772766,7071500,Yahoo Finance
2024-11-27,306.736343,312.263664,305.472958,310.615356,5204300,Yahoo Finance
2024-11-29,310.210723,312.145275,309.628385,310.990448,3853300,Yahoo Finance
2024-12-02,312.786794,313.300064,309.638196,312.540039,5597500,Yahoo Finance
2024-12-03,312.984175,313.201321,308.710360,308.947266,5009900,Yahoo Finance
2024-12-04,308.364966,308.789378,304.791926,305.877655,5981800,Yahoo Finance
2024-12-05,305.956641,307.052219,304.821543,305.068298,5200100,Yahoo Finance
2024-12-06,304.861028,308.503136,304.791930,306.973267,4302700,Yahoo Finance
2024-12-09,307.782613,308.947320,303.647024,304.298431,5785300,Yahoo Finance
2024-12-10,303.370608,308.917688,302.659982,308.325470,4539500,Yahoo Finance
2024-12-11,308.976898,311.454299,307.170633,309.717163,4321800,Yahoo Finance
2024-12-12,310.733828,311.454334,309.361855,310.151489,3218500,Yahoo Finance
2024-12-13,311.730695,312.836183,310.260044,310.654846,4682200,Yahoo Finance
2024-12-16,310.654880,313.438286,310.023203,311.789978,6562500,Yahoo Finance
2024-12-17,311.720848,314.701640,311.049682,314.168640,8843900,Yahoo Finance
2024-12-18,314.366036,317.445536,305.542071,305.759216,10479200,Yahoo Finance
2024-12-19,307.782660,312.757252,307.190471,310.793091,8317100,Yahoo Finance
2024-12-20,309.500054,315.846589,308.226789,313.586304,24387000,Yahoo Finance
2024-12-23,311.553032,313.842927,309.282896,313.102661,7984600,Yahoo Finance
2024-12-24,314.040367,317.366622,313.161904,316.488159,2684100,Yahoo Finance
2024-12-26,315.619503,317.277720,315.313529,316.744720,2856000,Yahoo Finance
2024-12-27,315.126024,317.327091,313.438228,314.523956,3489200,Yahoo Finance
2024-12-30,310.595610,312.994063,309.164448,311.217438,3478500,Yahoo Finance
2024-12-31,312.016967,313.536987,311.099045,311.938019,3963800,Yahoo Finance
2025-01-02,313.655379,315.530712,308.355083,310.319244,5369500,Yahoo Finance
2025-01-03,310.102126,311.819563,307.960309,310.822662,4271300,Yahoo Finance
2025-01-06,310.921360,311.296433,308.019518,308.976929,6567300,Yahoo Finance
2025-01-07,308.828861,311.098996,307.279232,307.624695,4958600,Yahoo Finance
2025-01-08,306.963364,309.963914,306.183609,308.542603,5161600,Yahoo Finance
2025-01-10,307.160786,307.802344,302.018388,303.716064,6660100,Yahoo Finance
2025-01-13,301.041278,302.936371,299.896331,302.936371,9568400,Yahoo Finance
2025-01-14,304.742603,306.134305,303.528557,305.078186,5107600,Yahoo Finance
2025-01-15,309.608546,313.072997,309.065697,312.174805,5222000,Yahoo Finance
2025-01-16,311.651763,315.037236,311.651763,313.132294,4606700,Yahoo Finance
2025-01-17,313.379048,316.428938,312.599293,315.471527,5805800,Yahoo Finance
2025-01-21,316.152558,320.367125,315.846584,319.429474,5653000,Yahoo Finance
2025-01-22,320.554607,321.512018,318.195644,319.360321,5026500,Yahoo Finance
2025-01-23,319.557789,324.246136,319.370252,323.950012,5297100,Yahoo Finance
2025-01-24,323.762487,326.792648,323.555221,325.914215,4327500,Yahoo Finance
2025-01-27,325.716794,331.135527,323.792092,330.197876,6636500,Yahoo Finance
2025-01-28,330.326208,333.445167,328.569313,330.138672,5999600,Yahoo Finance
2025-01-29,330.158384,332.734493,330.158384,331.520477,5087300,Yahoo Finance
2025-01-30,335.103381,339.969385,334.599991,338.597412,8081300,Yahoo Finance
2025-01-31,341.973016,346.690973,337.274789,337.363617,8624100,Yahoo Finance
2025-02-03,335.586985,341.509108,334.836839,341.331451,8004500,Yahoo Finance
2025-02-04,340.127256,341.518958,338.093996,340.670105,5532600,Yahoo Finance
2025-02-05,341.509096,344.943939,340.768831,344.904449,4939100,Yahoo Finance
2025-02-06,345.239983,346.098686,342.101266,342.969849,4294500,Yahoo Finance
2025-02-07,343.483139,346.197446,342.703384,343.502869,4261200,Yahoo Finance
2025-02-10,344.174073,347.332521,343.187053,346.671234,6067000,Yahoo Finance
2025-02-11,344.357683,348.134453,342.330899,346.750305,5154800,Yahoo Finance
2025-02-12,345.207982,347.847745,343.556871,347.511597,6760100,Yahoo Finance
2025-02-13,349.123167,352.049655,346.760234,351.604767,4279200,Yahoo Finance
2025-02-14,350.418337,351.407018,349.222040,349.805359,5720300,Yahoo Finance
2025-02-18,349.686692,352.702158,348.411284,352.692291,5822000,Yahoo Finance
2025-02-19,351.990326,353.107541,350.171156,351.209290,4152300,Yahoo Finance
2025-02-20,351.209258,352.099065,345.109081,346.522888,5697000,Yahoo Finance
2025-02-21,346.522890,349.320875,343.546980,344.585083,6924100,Yahoo Finance
2025-02-24,344.812530,346.829418,343.428351,345.900055,5055900,Yahoo Finance
2025-02-25,347.392946,348.599138,342.083732,348.104797,6191900,Yahoo Finance
2025-02-26,346.038472,347.847746,345.039895,346.661346,5960600,Yahoo Finance
2025-02-27,347.916938,356.231751,347.699427,351.713470,7298100,Yahoo Finance
2025-02-28,350.695133,359.879991,349.706452,358.604584,15857300,Yahoo Finance
2025-03-03,358.891338,362.391278,355.470509,357.724701,9099600,Yahoo Finance
2025-03-04,356.033977,356.192170,346.433891,348.243195,8955800,Yahoo Finance
2025-03-05,346.859074,350.101948,344.990482,348.688141,8244200,Yahoo Finance
2025-03-06,342.044202,344.921268,336.537269,340.264587,8611100,Yahoo Finance
2025-03-07,337.011824,342.469365,335.301425,341.411469,6358700,Yahoo Finance
2025-03-10,336.092321,341.104942,333.818366,337.614899,8204300,Yahoo Finance
2025-03-11,334.579698,335.766098,325.849624,328.380676,9776100,Yahoo Finance
2025-03-12,332.167301,332.355153,325.384931,329.072723,6295400,Yahoo Finance
2025-03-13,327.243623,332.394674,323.990883,324.831238,7915300,Yahoo Finance
2025-03-14,323.506420,329.003486,322.685828,328.044464,7810600,Yahoo Finance
2025-03-17,326.294477,332.305646,326.027544,330.763306,6149400,Yahoo Finance
2025-03-18,331.494969,331.999176,328.538791,330.980835,7778300,Yahoo Finance
2025-03-19,332.987904,337.170037,330.713948,336.023163,5614900,Yahoo Finance
2025-03-20,335.162947,338.366265,333.838118,335.657288,5432700,Yahoo Finance
2025-03-21,333.551446,335.588127,331.722379,331.860809,17279700,Yahoo Finance
2025-03-24,334.816926,341.312570,333.828245,339.977844,5675100,Yahoo Finance
2025-03-25,340.660072,341.619095,336.814117,340.719391,3931200,Yahoo Finance
2025-03-26,342.073874,343.448155,339.117726,340.284363,6187100,Yahoo Finance
2025-03-27,340.106396,346.868974,339.434100,345.900055,7254800,Yahoo Finance
2025-03-28,345.237658,347.640146,337.743436,338.969421,5687600,Yahoo Finance
2025-03-31,335.508991,347.877373,330.703984,346.493225,9950800,Yahoo Finance
2025-04-01,346.473513,346.483409,338.692595,342.429810,7473300,Yahoo Finance
2025-04-02,339.552700,344.258832,339.167100,342.409973,5682500,Yahoo Finance
2025-04-03,330.120703,340.838005,327.253533,335.548584,8792900,Yahoo Finance
2025-04-04,326.264834,330.862196,308.587207,309.585785,13201700,Yahoo Finance
2025-04-07,298.650989,318.533357,295.615730,308.784973,12163400,Yahoo Finance
2025-04-08,318.592640,322.586921,300.489889,304.780762,9569300,Yahoo Finance
2025-04-09,302.180577,330.249224,302.180577,328.667328,11361800,Yahoo Finance
2025-04-10,324.307259,326.423052,309.724209,320.935852,8709800,Yahoo Finance
2025-04-11,320.757870,333.165839,318.889278,329.626343,6804500,Yahoo Finance
2025-04-14,332.602289,335.766051,329.369312,331.386200,5011800,Yahoo Finance
2025-04-15,332.908767,335.548560,331.208234,332.009064,4386200,Yahoo Finance
2025-04-16,331.208247,333.403120,325.137729,327.579773,5850600,Yahoo Finance
2025-04-17,327.322738,330.535953,324.722502,325.879242,5655900,Yahoo Finance
2025-04-21,325.276156,325.424452,313.065936,316.476898,6362300,Yahoo Finance
2025-04-22,320.194321,328.795861,318.740989,327.648987,5435500,Yahoo Finance
2025-04-23,333.422899,337.387521,329.428648,330.585388,8906000,Yahoo Finance
2025-04-24,329.507759,332.958248,327.500737,331.910248,8055200,Yahoo Finance
2025-04-25,330.970980,332.562742,328.410299,331.376343,4452800,Yahoo Finance
2025-04-28,332.968102,335.499123,331.228013,333.689850,5422900,Yahoo Finance
2025-04-29,334.668612,338.395930,332.651694,337.654419,5519500,Yahoo Finance
2025-04-30,330.654603,342.597861,329.468173,341.589417,9526700,Yahoo Finance
2025-05-01,341.668461,341.806890,336.270269,338.573914,5849900,Yahoo Finance
2025-05-02,343.289915,346.127426,342.202360,343.665619,6113700,Yahoo Finance
2025-05-05,343.072457,347.076604,342.202412,344.693909,3865300,Yahoo Finance
2025-05-06,342.479192,345.692406,341.846452,343.764496,3438500,Yahoo Finance
2025-05-07,344.753220,347.175472,343.280064,345.890198,5454000,Yahoo Finance
2025-05-08,348.015816,351.308111,346.977712,347.294067,4156400,Yahoo Finance
2025-05-09,347.847697,349.795400,346.700854,348.549683,3086600,Yahoo Finance
2025-05-12,355.075036,357.793909,347.155688,351.822266,7985400,Yahoo Finance
2025-05-13,352.079730,355.397319,351.148824,352.693756,5406200,Yahoo Finance
2025-05-14,353.218640,354.941793,351.772746,353.010651,6207600,Yahoo Finance
2025-05-15,353.436506,360.210314,353.228516,358.794128,5826100,Yahoo Finance
2025-05-16,359.437868,362.646506,357.397805,361.586853,5838100,Yahoo Finance
2025-05-19,359.507123,365.577809,358.813915,364.339905,5081500,Yahoo Finance
2025-05-20,364.221098,364.686551,361.161003,363.290192,5281400,Yahoo Finance
2025-05-21,360.200390,362.448413,354.614952,354.832825,6125500,Yahoo Finance
2025-05-22,354.298053,356.516367,353.109653,354.506012,4936600,Yahoo Finance
2025-05-23,350.326856,352.555083,348.811663,350.118896,5345900,Yahoo Finance
2025-05-27,351.970809,356.516389,351.049815,355.823151,6316000,Yahoo Finance
2025-05-28,355.862783,357.417598,354.575375,356.249023,3299000,Yahoo Finance
2025-05-29,356.862977,359.526949,355.248745,358.893127,4590400,Yahoo Finance
2025-05-30,357.853351,363.488293,357.853351,361.656189,8726900,Yahoo Finance
2025-06-02,359.259570,361.923542,356.476764,361.784912,3845700,Yahoo Finance
2025-06-03,361.052059,363.329821,358.001877,362.319672,5221300,Yahoo Finance
2025-06-04,363.161470,366.082936,362.765346,364.438995,4202300,Yahoo Finance
2025-06-05,366.419611,367.409934,362.388988,363.220856,6881900,Yahoo Finance
2025-06-06,365.439199,367.409933,363.993305,366.637482,5008500,Yahoo Finance
2025-06-09,366.211655,366.211655,358.546532,363.111938,4999900,Yahoo Finance
2025-06-10,363.448676,367.845714,363.131765,367.112885,4109300,Yahoo Finance
2025-06-11,366.419603,371.876294,365.805608,369.697571,5562700,Yahoo Finance
2025-06-12,368.628077,370.549306,365.973987,367.806091,4874000,Yahoo Finance
2025-06-13,358.011781,359.497266,341.661534,349.435577,14181700,Yahoo Finance
2025-06-16,353.040367,356.734284,350.901265,352.040161,7234700,Yahoo Finance
2025-06-17,350.069376,356.120268,349.901038,354.377289,5559600,Yahoo Finance
2025-06-18,354.387224,355.011132,334.768920,337.086273,15008600,Yahoo Finance
2025-06-20,335.670090,336.709917,331.679088,335.293762,19332100,Yahoo Finance
2025-06-23,334.234124,340.968311,332.382224,340.423645,7553300,Yahoo Finance
2025-06-24,348.118435,351.129026,344.553295,348.227386,10172000,Yahoo Finance
2025-06-25,347.058817,347.890685,341.919037,341.919037,6836300,Yahoo Finance
2025-06-26,340.453352,343.553069,338.720286,342.681580,8829500,Yahoo Finance
2025-06-27,343.236161,348.603726,342.315167,345.236603,6601900,Yahoo Finance
2025-06-30,345.969463,352.168867,345.682261,351.614288,7080100,Yahoo Finance
2025-07-01,350.396215,353.545436,348.019445,352.030243,6653400,Yahoo Finance
2025-07-02,351.168656,352.911604,346.613162,350.792328,5131400,Yahoo Finance
2025-07-03,351.158721,355.526050,350.188193,355.387390,3702800,Yahoo Finance
2025-07-07,355.446840,356.179669,351.059685,353.188904,5138000,Yahoo Finance
2025-07-08,353.228534,354.813058,349.831732,351.119141,6966800,Yahoo Finance
2025-07-09,351.634154,354.298126,350.326920,354.298126,7297100,Yahoo Finance
2025-07-10,353.377068,354.159432,350.029801,352.436279,6121300,Yahoo Finance
2025-07-11,349.098900,350.386308,341.057479,344.563202,7580200,Yahoo Finance
2025-07-14,344.028416,348.564083,341.671442,347.108307,5598900,Yahoo Finance
2025-07-15,344.751380,346.821152,343.404554,343.662018,4891700,Yahoo Finance
2025-07-16,343.929431,347.276729,342.453828,346.514160,5544200,Yahoo Finance
2025-07-17,346.613182,347.969920,345.107902,346.425018,4747100,Yahoo Finance
2025-07-18,346.118021,346.118021,343.800668,345.672363,4927600,Yahoo Finance
2025-07-21,345.682255,350.227835,345.028638,347.544067,5216300,Yahoo Finance
2025-07-22,347.702544,351.049842,346.811259,348.455170,4614200,Yahoo Finance
2025-07-23,349.584141,352.337239,347.811454,351.851990,4385600,Yahoo Finance
2025-07-24,351.386520,353.723668,350.435787,350.544739,5887200,Yahoo Finance
2025-07-25,350.574431,354.189105,349.594020,353.585022,3915400,Yahoo Finance
2025-07-28,352.931441,354.852671,351.297413,352.030243,3921000,Yahoo Finance
2025-07-29,352.842334,354.852689,347.415350,347.890717,7402300,Yahoo Finance
2025-07-30,348.296738,353.169112,343.869991,347.514374,12129700,Yahoo Finance
2025-07-31,345.553494,349.405866,341.750656,342.126984,8641700,Yahoo Finance
2025-08-01,340.770290,342.820267,334.828349,336.066254,8658700,Yahoo Finance
2025-08-04,338.393484,341.047543,336.709922,338.839111,7335300,Yahoo Finance
2025-08-05,338.839122,339.146120,332.302982,334.164795,7295600,Yahoo Finance
2025-08-06,335.026386,338.126103,332.184162,336.452454,5944100,Yahoo Finance
2025-08-07,338.126081,338.839115,325.519285,328.876465,8797100,Yahoo Finance
2025-08-08,330.451079,334.115288,329.510290,333.521088,6073900,Yahoo Finance
2025-08-11,333.471582,334.590622,331.273063,332.649597,5715800,Yahoo Finance
2025-08-12,332.540508,335.963117,332.153588,334.068268,5682800,Yahoo Finance
2025-08-13,334.306339,340.754767,334.107914,339.832123,5693400,Yahoo Finance
2025-08-14,340.219054,343.334125,338.959141,342.748810,6224000,Yahoo Finance
2025-08-15,343.502815,345.596059,340.139697,341.736938,4946600,Yahoo Finance
2025-08-18,341.111939,342.986958,338.244884,340.020660,3999600,Yahoo Finance
2025-08-19,339.842084,343.592092,339.177417,339.732971,4457200,Yahoo Finance
2025-08-20,340.675439,344.683394,340.129815,341.201233,5834400,Yahoo Finance
2025-08-21,340.169494,341.786536,337.024632,340.963135,6073600,Yahoo Finance
2025-08-22,342.480961,348.413526,342.480961,347.262726,4973200,Yahoo Finance
2025-08-25,346.836139,347.937348,344.742895,346.052429,8019800,Yahoo Finance
2025-08-26,345.923473,350.596095,344.693321,348.393707,5876200,Yahoo Finance
2025-08-27,347.927381,350.625801,347.064288,347.570251,5531100,Yahoo Finance
2025-08-28,347.818317,348.254828,345.834185,347.084167,4987100,Yahoo Finance
2025-08-29,347.679418,349.832215,346.231011,348.988953,3671900,Yahoo Finance
2025-09-02,346.538501,347.391693,343.334117,347.292480,4940300,Yahoo Finance
2025-09-03,346.568322,348.106042,344.504838,348.086182,4176400,Yahoo Finance
2025-09-04,347.947284,349.832203,346.379803,348.205200,4324000,Yahoo Finance
2025-09-05,348.592118,349.822270,337.500829,340.496857,5448300,Yahoo Finance
2025-09-08,339.623828,341.647651,338.294463,339.584137,4711600,Yahoo Finance
2025-09-09,338.979003,343.572273,338.582182,341.260742,4646200,Yahoo Finance
2025-09-10,339.891683,339.891683,333.770653,335.437317,6557900,Yahoo Finance
2025-09-11,336.042466,340.804370,335.189274,340.764679,5157600,Yahoo Finance
2025-09-12,338.512714,340.467085,336.478991,336.736908,3518300,Yahoo Finance
2025-09-15,337.907545,339.990889,335.705187,336.359924,4367500,Yahoo Finance
2025-09-16,333.572215,337.838117,330.824204,337.332153,5527700,Yahoo Finance
2025-09-17,337.242875,343.453217,336.826194,343.453217,5763500,Yahoo Finance
2025-09-18,341.994876,342.530570,335.496826,335.496826,7526600,Yahoo Finance
2025-09-19,337.748827,339.971045,335.566270,338.899597,13674300,Yahoo Finance
2025-09-22,336.320249,342.123810,335.973020,341.627777,5621800,Yahoo Finance
2025-09-23,341.855947,342.520644,334.951178,336.012695,10142700,Yahoo Finance
2025-09-24,336.439331,337.203211,335.238940,335.992889,5207400,Yahoo Finance
2025-09-25,335.665492,337.500820,331.855963,332.272614,5398700,Yahoo Finance
2025-09-26,334.554394,336.806373,333.562328,334.693268,9619200,Yahoo Finance
2025-09-29,334.703209,337.937354,332.887711,337.461151,7217800,Yahoo Finance
2025-09-30,337.123858,342.867898,335.824254,338.671478,8164400,Yahoo Finance
2025-10-01,337.609927,346.588111,337.609927,345.070251,8381000,Yahoo Finance
2025-10-02,343.473047,344.425422,340.834148,343.205200,5198000,Yahoo Finance
2025-10-03,343.363914,350.357997,343.254802,347.064331,5199700,Yahoo Finance
2025-10-06,347.232978,348.334156,341.617881,346.508759,4735600,Yahoo Finance
2025-10-07,347.282580,351.627833,347.282580,349.623871,5044600,Yahoo Finance
2025-10-08,350.973078,352.183400,348.314349,348.572266,3927500,Yahoo Finance
2025-10-09,348.681374,350.070260,342.838092,344.286530,4434800,Yahoo Finance
2025-10-10,344.871895,347.619907,340.526642,340.923462,6296200,Yahoo Finance
2025-10-13,340.992883,344.901625,338.026616,340.576202,4030700,Yahoo Finance
2025-10-14,338.294455,347.232978,337.520645,345.615906,5731000,Yahoo Finance
2025-10-15,345.615895,347.302388,341.270641,342.947235,3778200,Yahoo Finance
2025-10-16,342.262762,342.947289,331.518700,332.738922,6241500,Yahoo Finance
2025-10-17,335.090092,340.725050,334.326212,339.177429,6267100,Yahoo Finance
2025-10-20,339.187334,342.223053,336.250827,341.677429,4665000,Yahoo Finance
2025-10-21,340.397624,346.875813,340.278581,344.455170,4121800,Yahoo Finance
2025-10-22,345.060377,345.407606,341.766711,342.619873,5074400,Yahoo Finance
2025-10-23,343.453235,344.395679,341.727020,343.215118,7217200,Yahoo Finance
2025-10-24,345.437372,346.310365,342.580217,344.623871,3576700,Yahoo Finance
2025-10-27,346.230994,346.746858,342.272661,345.060364,5400300,Yahoo Finance
2025-10-28,345.814307,347.113942,343.750824,344.147644,7445400,Yahoo Finance
2025-10-29,343.254787,348.195286,336.310326,338.572235,8361700,Yahoo Finance
2025-10-30,339.504778,346.945272,339.078197,342.292480,6411800,Yahoo Finance
2025-10-31,339.365894,340.278608,335.486943,338.036530,7301600,Yahoo Finance
2025-11-03,338.294466,338.502791,332.163506,334.226990,5538000,Yahoo Finance
2025-11-04,333.810337,337.619867,331.598020,337.600006,5920200,Yahoo Finance
2025-11-05,337.431384,339.395655,333.691276,337.342102,4984600,Yahoo Finance
2025-11-06,335.903571,335.963093,331.062285,334.286499,8507900,Yahoo Finance
2025-11-07,334.058362,335.605982,332.193273,333.353973,5318400,Yahoo Finance
2025-11-10,333.978944,335.992836,331.667444,332.193237,5295800,Yahoo Finance
2025-11-11,332.838109,336.399622,330.556369,336.230988,4453300,Yahoo Finance
2025-11-12,336.230964,342.205100,335.386032,336.857208,6389600,Yahoo Finance
2025-11-13,337.016236,339.421774,333.596768,334.073883,4961700,Yahoo Finance
2025-11-14,333.885066,334.073904,327.065998,328.050079,6422300,Yahoo Finance
2025-11-17,329.183283,331.370133,322.990460,323.805573,6494800,Yahoo Finance
2025-11-18,322.563038,323.060053,316.101837,319.262848,9170400,Yahoo Finance
2025-11-19,319.600847,322.632659,317.960701,322.185333,7066700,Yahoo Finance
2025-11-20,322.185289,326.439740,321.211158,321.837372,6510300,Yahoo Finance
2025-11-21,323.437791,329.103749,322.354301,326.022278,8930000,Yahoo Finance
2025-11-24,327.274742,328.755868,324.054091,327.334381,9337100,Yahoo Finance
2025-11-25,326.936774,334.054039,326.936774,332.533173,5854300,Yahoo Finance
2025-11-26,332.533150,333.706099,331.071923,331.797577,4309900,Yahoo Finance
2025-11-28,331.439745,333.020250,330.018288,332.443726,4586200,Yahoo Finance
2025-12-01,330.952675,331.310511,328.169400,328.417908,7082300,Yahoo Finance
2025-12-02,329.471559,330.813477,325.256848,327.652466,8201900,Yahoo Finance
2025-12-03,327.642517,330.366182,327.384090,327.642517,6296700,Yahoo Finance
2025-12-04,329.302595,330.396035,322.344378,325.147552,6277500,Yahoo Finance
2025-12-05,324.879107,332.115651,324.451681,329.262787,5266600,Yahoo Finance
2025-12-08,327.910931,329.362208,322.771778,324.889069,6059400,Yahoo Finance
2025-12-09,324.660415,326.270771,323.129630,324.551086,4325400,Yahoo Finance
2025-12-10,324.690277,326.797618,323.358249,323.785706,5467500,Yahoo Finance
2025-12-11,330.614674,345.246809,328.089827,343.566895,12953600,Yahoo Finance
2025-12-12,345.922752,347.751765,343.904871,345.753754,6942300,Yahoo Finance
2025-12-15,345.753758,346.370083,341.777634,344.819397,7004600,Yahoo Finance
2025-12-16,343.934720,345.545046,341.668331,343.050018,7269300,Yahoo Finance
2025-12-17,343.487366,345.714016,341.628534,342.354187,7263500,Yahoo Finance
2025-12-18,343.109659,345.455557,342.215007,343.944641,6805000,Yahoo Finance
2025-12-19,343.984403,347.821378,343.984403,347.165314,18623900,Yahoo Finance
2025-12-22,347.910821,351.330290,347.503265,349.988342,5043500,Yahoo Finance
2025-12-23,349.898862,354.252722,349.898862,351.270630,3703200,Yahoo Finance
2025-12-24,351.270668,353.865074,350.902881,353.020172,2023600,Yahoo Finance
2025-12-26,352.980391,354.600666,351.598673,352.880981,2017000,Yahoo Finance
2025-12-29,353.368069,354.421739,351.688154,352.493317,3989900,Yahoo Finance
2025-12-30,351.886953,352.751755,350.554955,351.509216,3366500,Yahoo Finance
2025-12-31,351.539030,353.079797,348.596707,348.616577,3503200,Yahoo Finance
2026-01-02,347.781614,347.960533,341.429772,344.411865,5403800,Yahoo Finance
2026-01-05,342.443665,355.405837,341.996339,351.688141,7592200,Yahoo Finance
2026-01-06,351.568875,356.479391,349.898910,355.425720,6775400,Yahoo Finance
2026-01-07,355.018146,356.141406,352.393920,353.755737,6333900,Yahoo Finance
2026-01-08,352.880988,354.222936,347.413818,350.127533,6357600,Yahoo Finance
2026-01-09,350.057938,352.582786,347.075846,347.682190,4902900,Yahoo Finance
2026-01-12,340.733922,344.441668,335.306521,341.151428,13281300,Yahoo Finance
2026-01-13,334.988440,335.505325,321.897038,325.922882,20383500,Yahoo Finance
2026-01-14,326.698204,327.930793,322.006377,327.205170,9388400,Yahoo Finance
2026-01-15,327.364196,329.710124,324.421873,325.793640,8587700,Yahoo Finance
2026-01-16,324.829416,327.284674,323.457648,326.340332,8341600,Yahoo Finance
2026-01-20,320.306616,326.360261,319.640601,323.875183,8279900,Yahoo Finance
2026-01-21,324.481508,326.708158,321.071990,323.338379,8974600,Yahoo Finance
2026-01-22,324.511335,326.429838,322.066028,324.411926,6938700,Yahoo Finance
2026-01-23,323.914905,325.843327,322.682316,324.233002,5667900,Yahoo Finance
2026-01-26,326.042140,330.018264,323.089867,326.529205,7540200,Yahoo Finance
2026-01-27,326.519293,326.966589,322.970595,323.318512,6365800,Yahoo Finance
2026-01-28,324.779752,326.429847,322.940788,325.028259,8106000,Yahoo Finance
2026-01-29,328.030214,331.370144,321.578963,329.819458,10214200,Yahoo Finance
2026-01-30,330.236994,331.012337,319.680389,319.908997,11199100,Yahoo Finance
2026-02-02,322.891061,332.692222,322.175358,331.847290,8502400,Yahoo Finance
2026-02-03,329.670379,333.785682,326.906974,326.966614,9081200,Yahoo Finance
2026-02-04,325.157425,329.332367,322.483510,327.980499,8472300,Yahoo Finance
2026-02-05,331.012300,335.574898,326.857258,327.165405,8339000,Yahoo Finance
2026-02-06,329.799587,333.129597,325.147530,329.600769,7798800,Yahoo Finance
2026-02-09,328.785700,330.833402,321.688304,323.636597,8513400,Yahoo Finance
2026-02-10,323.437358,328.587109,323.277982,326.883820,5801800,Yahoo Finance
2026-02-11,325.638701,329.742548,325.140661,327.949585,8264300,Yahoo Finance
2026-02-12,327.601017,330.937863,322.730167,322.909454,9392600,Yahoo Finance
2026-02-13,322.560785,325.200423,311.593958,312.848999,11653900,Yahoo Finance
2026-02-17,313.177755,320.120439,313.177755,318.247803,8591700,Yahoo Finance
2026-02-18,318.247795,321.016898,315.478692,319.044647,7091900,Yahoo Finance
2026-02-19,316.245634,318.945035,314.492553,317.679993,5967600,Yahoo Finance
2026-02-20,316.863212,321.086615,316.574371,319.692108,6831100,Yahoo Finance
2026-02-23,317.789615,319.263795,303.515761,305.318665,13048000,Yahoo Finance
2026-02-24,304.302640,308.057853,301.892111,306.015900,9120200,Yahoo Finance
2026-02-25,307.340705,312.709595,307.041893,311.763306,7624200,Yahoo Finance
2026-02-26,313.247501,318.168142,312.709609,315.458801,8725500,Yahoo Finance
2026-02-27,313.227523,318.974928,310.727381,318.885284,12412900,Yahoo Finance
2026-03-02,314.263471,321.335650,313.367004,319.253845,6674900,Yahoo Finance
2026-03-03,314.572256,320.777850,313.117987,319.572571,5474300,Yahoo Finance
2026-03-04,320.180189,324.493205,318.546602,319.213989,5257900,Yahoo Finance
2026-03-05,318.078441,321.534842,313.536316,318.546600,8267200,Yahoo Finance
2026-03-06,314.811317,316.444904,311.076014,316.116180,6439700,Yahoo Finance
2026-03-09,312.231456,315.159936,308.934431,314.731628,8381500,Yahoo Finance
2026-03-10,314.193712,315.887062,310.229331,313.197632,5271300,Yahoo Finance
2026-03-11,312.022279,313.845093,307.181342,307.749084,6376700,Yahoo Finance
2026-03-12,306.932324,309.731308,304.820607,305.298737,7514900,Yahoo Finance
2026-03-13,306.384467,309.133659,305.219069,305.936249,4814100,Yahoo Finance
2026-03-16,306.643440,309.910584,306.175281,308.894562,6401200,Yahoo Finance
2026-03-17,310.099844,311.464470,306.175284,307.251038,6872200,Yahoo Finance
2026-03-18,306.205185,306.733107,297.330102,297.848053,7191700,Yahoo Finance
2026-03-19,296.871902,301.284532,295.865850,298.535339,6826400,Yahoo Finance
2026-03-20,298.674814,301.732789,297.838110,300.437866,14398100,Yahoo Finance
2026-03-23,304.003857,306.643465,301.663061,303.246826,7824500,Yahoo Finance
2026-03-24,300.816377,304.840551,299.441780,302.569489,5375900,Yahoo Finance
2026-03-25,304.282739,307.280921,300.985714,303.714966,6280900,Yahoo Finance
2026-03-26,302.967924,306.663375,301.812467,304.332550,7652700,Yahoo Finance
2026-03-27,303.127284,303.396215,293.166477,294.361755,9974400,Yahoo Finance
2026-03-30,297.559205,299.501544,294.730339,298.366028,9330300,Yahoo Finance
2026-03-31,300.417944,302.151115,295.427570,301.055420,10246900,Yahoo Finance
2026-04-01,303.854434,303.854434,292.738199,297.340088,7707600,Yahoo Finance
2026-04-02,296.632821,301.284531,294.690482,299.621063,4376000,Yahoo Finance
2026-04-06,299.561298,303.226899,298.286316,302.141144,5501000,Yahoo Finance
2026-04-07,301.254673,303.784727,299.939839,301.364227,4413900,Yahoo Finance
2026-04-08,306.523925,309.860771,306.494043,307.749084,6879300,Yahoo Finance
2026-04-09,306.792885,308.366679,302.400165,307.081757,4811500,Yahoo Finance
2026-04-10,307.500071,307.788943,302.320470,303.167114,5190000,Yahoo Finance
2026-04-13,302.738807,308.536004,301.155042,308.177429,6787200,Yahoo Finance
2026-04-14,307.261030,310.896719,306.284860,310.149658,5571000,Yahoo Finance
2026-04-15,311.773246,315.488638,310.299036,314.671844,4831400,Yahoo Finance
2026-04-16,315.110152,316.753679,313.337130,313.865051,5695800,Yahoo Finance
2026-04-17,315.359159,318.188025,313.944711,315.777496,8082300,Yahoo Finance
2026-04-20,315.159945,316.305432,311.125830,312.709595,5506800,Yahoo Finance
2026-04-21,312.779306,315.648023,307.609645,308.725250,6806900,Yahoo Finance
2026-04-22,309.791075,310.139679,306.852625,310.069977,5666600,Yahoo Finance
2026-04-23,309.283080,310.976429,303.814606,307.669434,7275000,Yahoo Finance
2026-04-24,305.896391,308.765109,303.306575,308.207306,5616900,Yahoo Finance
2026-04-27,306.304804,309.601829,304.860475,308.436401,6261500,Yahoo Finance
2026-04-28,310.976396,312.729478,307.529935,308.087738,8839900,Yahoo Finance
2026-04-29,335.081550,340.639697,332.481794,333.547577,16658600,Yahoo Finance
2026-04-30,330.818335,331.196850,326.794160,328.547272,11241100,Yahoo Finance
2026-05-01,331.575383,334.533744,326.644771,326.744385,6726100,Yahoo Finance
2026-05-04,326.714487,328.497480,324.124671,325.569000,6712400,Yahoo Finance
2026-05-05,323.835768,324.303927,318.397176,320.767853,5893200,Yahoo Finance
2026-05-06,322.481118,323.307852,316.753654,317.550507,7808400,Yahoo Finance
2026-05-07,318.287642,322.421371,318.287642,320.020813,7186100,Yahoo Finance
2026-05-08,319.731948,319.811651,314.920891,317.540588,5950200,Yahoo Finance
2026-05-11,317.849344,323.905501,316.763620,322.590668,9586200,Yahoo Finance
2026-05-12,323.718616,328.300101,323.598843,325.814728,6235200,Yahoo Finance
2026-05-13,323.189592,324.816574,319.206970,319.716034,7950400,Yahoo Finance
2026-05-14,320.774075,322.730432,319.656156,321.921936,5277400,Yahoo Finance
2026-05-15,323.399211,328.399930,323.239504,325.145966,6054500,Yahoo Finance
2026-05-18,323.828395,332.811707,323.169616,332.023193,5305800,Yahoo Finance
2026-05-19,332.711889,334.548504,328.879014,329.298248,12858100,Yahoo Finance
2026-05-20,329.477908,331.045004,326.213983,330.136688,9422500,Yahoo Finance
2026-05-21,329.228387,331.903410,326.633202,330.506012,7034500,Yahoo Finance
2026-05-22,329.907115,332.811723,328.210286,328.270172,7462100,Yahoo Finance
2026-05-26,325.854651,327.890877,323.908285,325.874634,8705100,Yahoo Finance
2026-05-27,325.225804,330.845370,325.056137,327.002502,5917400,Yahoo Finance
2026-05-28,325.405475,326.473467,320.304934,324.347443,8105400,Yahoo Finance
2026-05-29,324.896431,331.055004,324.746715,325.754822,14104500,Yahoo Finance
2026-06-01,326.653173,327.252036,318.089066,322.171478,10079300,Yahoo Finance
2026-06-02,321.911976,322.900131,312.808893,316.731598,10125300,Yahoo Finance
2026-06-03,317.060974,317.060974,308.427020,311.820709,8992800,Yahoo Finance
2026-06-04,316.202575,324.157797,316.112746,319.586273,6981700,Yahoo Finance
2026-06-05,321.802157,325.375536,320.374816,322.970001,7176300,Yahoo Finance
2026-06-08,320.754117,323.319359,317.839519,319.077240,5582000,Yahoo Finance
2026-06-09,318.069100,324.886422,316.412175,324.447235,6340400,Yahoo Finance
2026-06-10,326.014331,326.293811,319.586271,322.361115,5793100,Yahoo Finance
2026-06-11,321.402916,323.109737,317.370399,318.458374,5958900,Yahoo Finance
2026-06-12,321.163369,325.325620,319.206982,321.792206,5543200,Yahoo Finance
2026-06-15,322.760375,325.834680,322.151520,323.219543,6803000,Yahoo Finance
2026-06-16,325.086074,332.671987,323.778505,332.502289,9248400,Yahoo Finance
2026-06-17,332.881605,336.195456,329.358152,329.767395,6895200,Yahoo Finance
2026-06-18,330.386216,331.713737,326.393633,326.633179,14716700,Yahoo Finance
2026-06-22,327.721157,332.382511,325.255736,325.994385,15132400,Yahoo Finance
2026-06-23,328.210277,330.665706,327.481619,327.870911,11113400,Yahoo Finance
2026-06-24,328.389931,334.179164,326.613233,331.613953,8197200,Yahoo Finance
2026-06-25,331.943330,339.309650,329.457957,329.907104,7050200,Yahoo Finance
2026-06-26,331.623915,339.090056,330.825410,335.606537,16717400,Yahoo Finance
2026-06-29,337.642742,345.168769,337.642742,341.016479,11710900,Yahoo Finance
2026-06-30,341.126276,343.651583,338.451222,342.453796,7957900,Yahoo Finance
2026-07-01,343.921086,352.704757,340.347738,350.428986,13025900,Yahoo Finance
2026-07-02,351.856340,361.458496,351.856340,361.458496,9814800,Yahoo Finance
2026-07-06,362.326893,364.343136,348.203137,356.587555,11623800,Yahoo Finance
2026-07-07,347.744003,355.419716,346.276728,351.546936,7332500,Yahoo Finance
2026-07-08,349.650412,350.948019,345.048975,346.885559,10215200,Yahoo Finance
2026-07-09,344.659705,347.853783,343.781362,347.554352,6606300,Yahoo Finance
2026-07-10,349.979832,350.518839,344.689642,348.322906,4702800,Yahoo Finance
2026-07-13,351.077783,358.823373,350.399021,357.086609,9964600,Yahoo Finance
2026-07-14,355.110296,359.272577,353.024175,355.359833,6632400,Yahoo Finance
2026-07-15,353.343575,359.761645,348.472619,354.481476,8850000,Yahoo Finance
2026-07-16,357.376081,364.462921,356.447782,364.462921,9073200,Yahoo Finance
2026-07-17,362.895831,363.953863,356.338006,357.895111,7400400,Yahoo Finance
2026-07-20,356.437831,362.326884,355.769060,359.901398,7616800,Yahoo Finance
2026-07-21,356.328031,358.454086,354.032308,355.160217,6027300,Yahoo Finance
2026-07-22,355.908832,356.867043,351.616787,352.764679,4622200,Yahoo Finance
2026-07-23,351.397176,351.397176,347.853771,350.948029,4183300,Yahoo Finance
2026-07-24,352.814573,355.180173,350.399047,355.080353,4482800,Yahoo Finance
2026-07-27,358.683662,362.985667,357.585695,361.857758,6631100,Yahoo Finance
2026-07-28,364.383056,370.471750,362.057390,365.910217,11061900,Yahoo Finance
2026-07-29,356.338005,373.276538,354.820834,368.046265,11289900,Yahoo Finance
2026-07-30,364.323186,366.319478,360.081067,365.590820,8391400,Yahoo Finance
2026-07-31,363.085480,366.199690,359.432263,365.451080,7828400,Yahoo Finance
2026-08-03,367.816682,371.280249,363.674384,364.991943,5521300,Yahoo Finance
2026-08-04,361.089196,370.421834,359.422279,368.904663,7497500,Yahoo Finance
2026-08-05,371.609636,371.709456,366.039996,367.856628,6065300,Yahoo Finance
2026-08-06,368.884725,370.411887,364.572729,369.783051,5022300,Yahoo Finance
2026-08-07,367.826685,369.563449,360.849626,361.827820,5112500,Yahoo Finance
2026-08-10,361.328756,363.494746,358.204555,360.650024,7552200,Yahoo Finance
2026-08-11,360.980011,364.549988,359.970001,362.820007,4440900,Yahoo Finance
2026-08-12,361.000000,363.350006,358.309998,359.420013,3794200,Yahoo Finance
2026-08-13,363.700012,365.450012,358.709991,365.450012,8142600,Yahoo Finance
2026-08-14,365.890015,366.799988,362.760010,364.149994,8106900,Yahoo Finance
2026-08-17,362.839996,363.559998,358.519989,358.839996,15543400,Yahoo Finance
2026-08-18,359.619995,365.910004,358.049988,364.250000,6820300,Yahoo Finance
2026-08-19,364.089996,370.640015,362.899994,365.540009,5866400,Yahoo Finance
2026-08-20,365.100006,368.929993,363.630005,365.730011,6151500,Yahoo Finance
2026-08-21,367.869995,371.799988,366.660004,371.040009,6667100,Yahoo Finance
2026-08-24,373.260010,383.429993,372.209991,382.410004,8477500,Yahoo Finance
2026-08-25,381.209991,384.200012,380.269989,384.140015,6777600,Yahoo Finance
2026-08-26,384.140015,385.570007,381.079987,383.899994,6075100,Yahoo Finance
2026-08-27,381.140015,381.769989,378.500000,379.660004,6641500,Yahoo Finance
2026-08-28,380.299988,383.679993,379.029999,381.600006,4643000,Yahoo Finance
2026-08-31,381.350006,382.480011,378.799988,379.369995,6744800,Yahoo Finance
2026-09-01,379.649994,380.750000,372.220001,372.670013,5857400,Yahoo Finance
2026-09-02,374.010010,380.170013,374.010010,378.399994,5599900,Yahoo Finance
2026-09-03,380.170013,382.209991,376.859985,378.750000,3869500,Yahoo Finance
2026-09-04,374.890015,377.500000,373.640015,375.070007,4645100,Yahoo Finance
2026-09-08,371.600006,373.500000,367.440002,368.640015,4929000,Yahoo Finance
2026-09-09,368.450012,369.480011,365.880005,367.390015,4479800,Yahoo Finance
2026-09-10,366.399994,368.000000,365.519989,367.209991,3800200,Yahoo Finance
2026-09-11,368.920013,371.809998,367.980011,370.450012,3492700,Yahoo Finance
2026-09-14,375.070007,377.170013,371.670013,375.279999,6198200,Yahoo Finance
2026-09-15,374.820007,376.369995,372.820007,375.619995,5014000,Yahoo Finance
2026-09-16,374.959991,376.470001,368.119995,370.929993,7202300,Yahoo Finance
2026-09-17,371.380005,372.480011,368.390015,369.929993,4710000,Yahoo Finance
2026-09-18,368.559998,370.799988,366.929993,368.290009,19583000,Yahoo Finance
2026-09-21,369.540009,370.899994,366.089996,369.950012,7108400,Yahoo Finance
2026-09-22,371.760010,372.000000,359.799988,362.040009,8773500,Yahoo Finance
2026-09-23,361.239990,366.329987,360.000000,361.519989,5125600,Yahoo Finance
2026-09-24,362.269989,368.209991,362.000000,367.980011,4415500,Yahoo Finance
2026-09-25,366.019989,368.329987,363.790009,367.380005,4576700,Yahoo Finance
2026-09-28,366.700012,370.500000,366.059998,367.739990,6381000,Yahoo Finance
2026-09-29,366.929993,368.260010,365.000000,365.880005,5471000,Yahoo Finance
2026-09-30,364.500000,364.600006,359.329987,359.329987,7414100,Yahoo Finance
