date,open,high,low,close,volume,source
2009-07-16,7.070000,7.950000,7.070000,7.090000,2401900,SSI iBoard
2009-07-17,6.820000,6.890000,6.730000,6.730000,1002480,SSI iBoard
2009-07-20,6.400000,6.400000,6.400000,6.400000,156560,SSI iBoard
2009-07-21,6.080000,6.270000,6.080000,6.170000,2133390,SSI iBoard
2009-07-22,6.270000,6.340000,6.190000,6.260000,949090,SSI iBoard
2009-07-23,6.220000,6.560000,6.220000,6.560000,758310,SSI iBoard
2009-07-24,6.870000,6.870000,6.870000,6.870000,640060,SSI iBoard
2009-07-27,7.210000,7.210000,6.980000,7.210000,3264870,SSI iBoard
2009-07-28,7.210000,7.390000,7.020000,7.030000,2008120,SSI iBoard
2009-07-30,6.680000,6.800000,6.540000,6.700000,830120,SSI iBoard
2009-07-31,6.800000,7.020000,6.790000,7.020000,1807290,SSI iBoard
2009-08-03,7.070000,7.210000,6.980000,7.070000,1203870,SSI iBoard
2009-08-05,7.050000,7.120000,7.000000,7.070000,1130020,SSI iBoard
2009-08-06,7.070000,7.120000,6.980000,6.980000,1483460,SSI iBoard
2009-08-07,6.980000,7.030000,6.930000,6.960000,668260,SSI iBoard
2009-08-10,7.020000,7.070000,6.980000,7.050000,730910,SSI iBoard
2009-08-11,7.020000,7.050000,6.950000,6.960000,557710,SSI iBoard
2009-08-12,7.030000,7.050000,6.930000,6.930000,1001200,SSI iBoard
2009-08-13,7.030000,7.030000,6.930000,6.960000,1161040,SSI iBoard
2009-08-14,6.980000,7.050000,6.960000,7.020000,878140,SSI iBoard
2009-08-17,7.070000,7.100000,6.980000,6.980000,1534900,SSI iBoard
2009-08-18,6.890000,6.980000,6.870000,6.910000,778860,SSI iBoard
2009-08-19,6.910000,6.960000,6.890000,6.910000,713790,SSI iBoard
2009-08-20,6.890000,6.910000,6.860000,6.860000,867530,SSI iBoard
2009-08-21,6.980000,7.070000,6.890000,6.910000,1127700,SSI iBoard
2009-08-24,6.890000,6.950000,6.890000,6.910000,684140,SSI iBoard
2009-08-25,6.890000,6.890000,6.840000,6.860000,715430,SSI iBoard
2009-08-26,6.820000,6.860000,6.820000,6.820000,635150,SSI iBoard
2009-08-27,6.800000,6.820000,6.770000,6.790000,609730,SSI iBoard
2009-08-28,6.800000,6.820000,6.790000,6.820000,928800,SSI iBoard
2009-08-31,6.950000,6.960000,6.800000,6.870000,763090,SSI iBoard
2009-09-01,6.820000,6.860000,6.800000,6.840000,628060,SSI iBoard
2009-09-03,6.750000,6.860000,6.750000,6.770000,659050,SSI iBoard
2009-09-04,6.750000,6.820000,6.630000,6.630000,683440,SSI iBoard
2009-09-07,6.400000,6.570000,6.360000,6.500000,737000,SSI iBoard
2009-09-08,6.540000,6.630000,6.540000,6.630000,477720,SSI iBoard
2009-09-09,6.680000,6.680000,6.590000,6.590000,324240,SSI iBoard
2009-09-10,6.540000,6.570000,6.490000,6.500000,373890,SSI iBoard
2009-09-11,6.500000,6.540000,6.470000,6.470000,570170,SSI iBoard
2009-09-14,6.470000,6.490000,6.430000,6.430000,598780,SSI iBoard
2009-09-15,6.400000,6.540000,6.400000,6.450000,776350,SSI iBoard
2009-09-16,6.770000,6.770000,6.640000,6.770000,1260580,SSI iBoard
2009-09-17,6.890000,6.890000,6.680000,6.720000,1075010,SSI iBoard
2009-09-18,6.540000,6.720000,6.540000,6.720000,876100,SSI iBoard
2009-09-21,6.720000,6.720000,6.680000,6.700000,852040,SSI iBoard
2009-09-22,6.630000,6.660000,6.540000,6.610000,702320,SSI iBoard
2009-09-23,6.720000,6.720000,6.610000,6.610000,885880,SSI iBoard
2009-09-24,6.560000,6.590000,6.540000,6.540000,444170,SSI iBoard
2009-09-25,6.500000,6.720000,6.500000,6.660000,608020,SSI iBoard
2009-09-28,6.720000,6.720000,6.590000,6.590000,469480,SSI iBoard
2009-09-29,6.560000,6.590000,6.520000,6.540000,484260,SSI iBoard
2009-09-30,6.490000,6.540000,6.490000,6.500000,449040,SSI iBoard
2009-10-01,6.470000,6.540000,6.430000,6.430000,434790,SSI iBoard
2009-10-02,6.290000,6.360000,6.240000,6.270000,592860,SSI iBoard
2009-10-05,6.270000,6.360000,6.240000,6.260000,364210,SSI iBoard
2009-10-06,6.270000,6.330000,6.240000,6.240000,309510,SSI iBoard
2009-10-07,6.240000,6.330000,6.240000,6.260000,245860,SSI iBoard
2009-10-08,6.270000,6.270000,6.240000,6.260000,333010,SSI iBoard
2009-10-09,6.270000,6.290000,6.260000,6.270000,488560,SSI iBoard
2009-10-12,6.290000,6.330000,6.270000,6.330000,448330,SSI iBoard
2009-10-13,6.330000,6.340000,6.290000,6.290000,336930,SSI iBoard
2009-10-14,6.270000,6.570000,6.260000,6.570000,929480,SSI iBoard
2009-10-15,6.770000,6.790000,6.540000,6.630000,1060150,SSI iBoard
2009-10-16,6.470000,6.570000,6.470000,6.490000,347270,SSI iBoard
2009-10-19,6.500000,6.500000,6.450000,6.490000,454800,SSI iBoard
2009-10-20,6.500000,6.500000,6.450000,6.490000,433970,SSI iBoard
2009-10-21,6.400000,6.430000,6.380000,6.400000,384800,SSI iBoard
2009-10-22,6.400000,6.470000,6.400000,6.470000,448640,SSI iBoard
2009-10-23,6.540000,6.790000,6.490000,6.540000,2529720,SSI iBoard
2009-10-26,6.540000,6.610000,6.450000,6.450000,322910,SSI iBoard
2009-10-27,6.360000,6.450000,6.290000,6.330000,470240,SSI iBoard
2009-10-28,6.360000,6.450000,6.290000,6.310000,428140,SSI iBoard
2009-10-29,6.190000,6.260000,6.110000,6.130000,815460,SSI iBoard
2009-10-30,6.240000,6.240000,6.100000,6.150000,523470,SSI iBoard
2009-11-02,5.870000,6.080000,5.850000,5.870000,641990,SSI iBoard
2009-11-03,5.830000,5.870000,5.580000,5.580000,606340,SSI iBoard
2009-11-04,5.500000,5.830000,5.500000,5.640000,466720,SSI iBoard
2009-11-05,5.740000,5.900000,5.730000,5.900000,261170,SSI iBoard
2009-11-06,5.920000,5.970000,5.830000,5.830000,296090,SSI iBoard
2009-11-09,5.710000,5.800000,5.570000,5.570000,291820,SSI iBoard
2009-11-10,5.570000,5.580000,5.390000,5.390000,242450,SSI iBoard
2009-11-11,5.390000,5.480000,5.390000,5.480000,255010,SSI iBoard
2009-11-12,5.480000,5.660000,5.480000,5.620000,221650,SSI iBoard
2009-11-13,5.620000,5.660000,5.600000,5.640000,244650,SSI iBoard
2009-11-16,5.640000,5.640000,5.550000,5.550000,121650,SSI iBoard
2009-11-17,5.550000,5.550000,5.440000,5.440000,151170,SSI iBoard
2009-11-18,5.440000,5.480000,5.430000,5.440000,187600,SSI iBoard
2009-11-19,5.410000,5.460000,5.410000,5.430000,234250,SSI iBoard
2009-11-20,5.430000,5.460000,5.390000,5.390000,129660,SSI iBoard
2009-11-23,5.320000,5.340000,5.200000,5.200000,201440,SSI iBoard
2009-11-24,5.120000,5.180000,4.950000,4.950000,260020,SSI iBoard
2009-11-25,4.700000,4.810000,4.700000,4.700000,239410,SSI iBoard
2009-11-26,4.490000,4.590000,4.470000,4.470000,505360,SSI iBoard
2009-11-27,4.290000,4.680000,4.290000,4.680000,257220,SSI iBoard
2009-11-30,4.900000,4.910000,4.860000,4.910000,367620,SSI iBoard
2009-12-01,5.140000,5.140000,5.140000,5.140000,54280,SSI iBoard
2009-12-02,5.300000,5.300000,5.070000,5.070000,722530,SSI iBoard
2009-12-03,5.050000,5.160000,5.050000,5.120000,308130,SSI iBoard
2009-12-04,5.120000,5.160000,5.070000,5.110000,353490,SSI iBoard
2009-12-07,5.120000,5.160000,5.110000,5.160000,199070,SSI iBoard
2009-12-08,5.160000,5.160000,5.090000,5.140000,302510,SSI iBoard
2009-12-09,4.900000,4.980000,4.900000,4.900000,341100,SSI iBoard
2009-12-10,5.040000,5.040000,4.880000,4.900000,116540,SSI iBoard
2009-12-11,4.790000,4.950000,4.680000,4.700000,305170,SSI iBoard
2009-12-14,4.910000,4.930000,4.880000,4.930000,291760,SSI iBoard
2009-12-15,4.980000,5.160000,4.930000,5.160000,526060,SSI iBoard
2009-12-16,5.160000,5.210000,5.120000,5.120000,1193260,SSI iBoard
2009-12-17,5.120000,5.210000,5.040000,5.210000,358600,SSI iBoard
2009-12-18,5.230000,5.460000,5.230000,5.460000,936240,SSI iBoard
2009-12-21,5.550000,5.570000,5.440000,5.550000,272050,SSI iBoard
2009-12-22,5.480000,5.530000,5.370000,5.390000,297960,SSI iBoard
2009-12-23,5.320000,5.390000,5.210000,5.210000,253280,SSI iBoard
2009-12-24,5.280000,5.280000,5.120000,5.120000,664560,SSI iBoard
2009-12-25,5.300000,5.320000,5.120000,5.200000,379320,SSI iBoard
2009-12-28,5.140000,5.200000,5.140000,5.180000,185620,SSI iBoard
2009-12-29,5.120000,5.210000,5.120000,5.210000,226520,SSI iBoard
2009-12-30,5.180000,5.300000,5.180000,5.230000,154710,SSI iBoard
2009-12-31,5.230000,5.250000,5.210000,5.210000,227140,SSI iBoard
2010-01-04,5.300000,5.460000,5.210000,5.460000,273690,SSI iBoard
2010-01-05,5.660000,5.660000,5.510000,5.570000,412620,SSI iBoard
2010-01-06,5.300000,5.430000,5.300000,5.320000,395370,SSI iBoard
2010-01-07,5.250000,5.280000,5.230000,5.230000,175450,SSI iBoard
2010-01-08,5.300000,5.300000,5.180000,5.180000,258380,SSI iBoard
2010-01-11,5.210000,5.230000,5.160000,5.230000,237870,SSI iBoard
2010-01-12,5.270000,5.270000,5.140000,5.140000,247870,SSI iBoard
2010-01-13,5.140000,5.210000,5.040000,5.140000,190590,SSI iBoard
2010-01-14,5.210000,5.210000,5.140000,5.140000,77050,SSI iBoard
2010-01-15,5.120000,5.180000,5.120000,5.120000,199230,SSI iBoard
2010-01-18,5.120000,5.120000,5.050000,5.050000,143420,SSI iBoard
2010-01-19,5.120000,5.120000,5.090000,5.110000,101580,SSI iBoard
2010-01-20,4.950000,5.120000,4.950000,4.950000,96630,SSI iBoard
2010-01-21,5.050000,5.050000,4.950000,4.950000,191590,SSI iBoard
2010-01-22,4.950000,4.970000,4.910000,4.950000,135450,SSI iBoard
2010-01-25,4.950000,5.020000,4.950000,5.020000,130190,SSI iBoard
2010-01-26,5.110000,5.120000,5.040000,5.120000,120710,SSI iBoard
2010-01-27,4.980000,5.040000,4.970000,4.970000,47270,SSI iBoard
2010-01-28,4.970000,5.050000,4.950000,5.040000,154950,SSI iBoard
2010-01-29,5.040000,5.040000,4.950000,4.950000,101600,SSI iBoard
2010-02-01,4.950000,5.040000,4.930000,4.930000,38590,SSI iBoard
2010-02-02,4.900000,4.950000,4.900000,4.930000,52450,SSI iBoard
2010-02-03,4.930000,4.950000,4.910000,4.910000,93970,SSI iBoard
2010-02-04,4.950000,4.950000,4.910000,4.950000,88290,SSI iBoard
2010-02-05,4.910000,4.950000,4.900000,4.900000,99030,SSI iBoard
2010-02-08,4.860000,4.860000,4.810000,4.860000,116890,SSI iBoard
2010-02-09,4.860000,4.860000,4.820000,4.820000,51270,SSI iBoard
2010-02-10,4.910000,4.910000,4.900000,4.910000,46160,SSI iBoard
2010-02-11,4.980000,5.120000,4.910000,5.120000,148930,SSI iBoard
2010-02-12,5.160000,5.160000,5.090000,5.120000,103980,SSI iBoard
2010-02-22,5.280000,5.280000,5.120000,5.280000,265740,SSI iBoard
2010-02-23,5.280000,5.300000,5.210000,5.300000,523330,SSI iBoard
2010-02-24,5.320000,5.480000,5.270000,5.480000,717780,SSI iBoard
2010-02-25,5.480000,5.530000,5.350000,5.530000,729340,SSI iBoard
2010-02-26,5.480000,5.730000,5.440000,5.730000,1249980,SSI iBoard
2010-03-01,5.990000,6.010000,5.800000,5.990000,1230530,SSI iBoard
2010-03-02,5.880000,5.920000,5.730000,5.730000,553510,SSI iBoard
2010-03-03,5.730000,5.730000,5.480000,5.620000,407930,SSI iBoard
2010-03-04,5.620000,5.810000,5.620000,5.730000,336880,SSI iBoard
2010-03-05,5.660000,5.730000,5.570000,5.570000,291420,SSI iBoard
2010-03-08,5.570000,5.570000,5.480000,5.550000,627100,SSI iBoard
2010-03-09,5.480000,5.660000,5.480000,5.660000,304670,SSI iBoard
2010-03-10,5.690000,5.710000,5.640000,5.660000,306080,SSI iBoard
2010-03-11,5.570000,5.660000,5.510000,5.530000,116510,SSI iBoard
2010-03-12,5.530000,5.570000,5.510000,5.550000,166190,SSI iBoard
2010-03-15,5.480000,5.600000,5.480000,5.480000,248500,SSI iBoard
2010-03-16,5.300000,5.460000,5.270000,5.270000,364920,SSI iBoard
2010-03-17,5.020000,5.270000,5.020000,5.020000,883980,SSI iBoard
2010-03-18,5.040000,5.110000,5.040000,5.110000,1031040,SSI iBoard
2010-03-19,4.880000,5.140000,4.880000,4.880000,2030350,SSI iBoard
2010-03-22,5.110000,5.110000,5.110000,5.110000,194560,SSI iBoard
2010-03-23,5.160000,5.270000,5.140000,5.160000,297510,SSI iBoard
2010-03-24,5.160000,5.180000,5.090000,5.120000,292750,SSI iBoard
2010-03-25,5.020000,5.020000,4.930000,4.980000,386700,SSI iBoard
2010-03-26,4.980000,5.110000,4.970000,5.110000,372210,SSI iBoard
2010-03-29,5.040000,5.110000,5.020000,5.110000,161680,SSI iBoard
2010-03-30,5.090000,5.090000,5.000000,5.000000,69320,SSI iBoard
2010-03-31,4.970000,5.040000,4.950000,4.950000,138370,SSI iBoard
2010-04-01,4.970000,5.000000,4.950000,5.000000,87970,SSI iBoard
2010-04-02,5.070000,5.070000,4.980000,4.980000,146450,SSI iBoard
2010-04-05,5.090000,5.090000,4.980000,4.980000,222300,SSI iBoard
2010-04-06,4.980000,5.050000,4.980000,5.040000,241450,SSI iBoard
2010-04-07,5.050000,5.050000,5.020000,5.020000,80420,SSI iBoard
2010-04-08,4.980000,5.020000,4.970000,4.980000,120420,SSI iBoard
2010-04-09,4.980000,5.000000,4.980000,4.980000,146760,SSI iBoard
2010-04-12,5.000000,5.120000,4.980000,5.120000,341420,SSI iBoard
2010-04-13,5.110000,5.110000,5.040000,5.040000,245110,SSI iBoard
2010-04-14,5.000000,5.040000,4.980000,5.000000,90650,SSI iBoard
2010-04-15,5.020000,5.040000,5.020000,5.020000,114260,SSI iBoard
2010-04-16,5.040000,5.040000,4.980000,4.980000,75220,SSI iBoard
2010-04-19,4.950000,4.980000,4.930000,4.950000,138640,SSI iBoard
2010-04-20,4.910000,4.980000,4.910000,4.930000,154100,SSI iBoard
2010-04-21,4.930000,4.950000,4.930000,4.950000,138730,SSI iBoard
2010-04-22,4.970000,5.090000,4.970000,5.020000,194350,SSI iBoard
2010-04-26,5.000000,5.070000,5.000000,5.000000,158330,SSI iBoard
2010-04-27,5.020000,5.040000,4.980000,5.000000,156700,SSI iBoard
2010-04-28,5.000000,5.020000,4.980000,5.000000,79400,SSI iBoard
2010-04-29,4.950000,5.000000,4.950000,5.000000,207600,SSI iBoard
2010-05-04,5.050000,5.180000,5.000000,5.160000,579990,SSI iBoard
2010-05-05,5.120000,5.120000,5.050000,5.070000,151250,SSI iBoard
2010-05-06,5.040000,5.070000,5.020000,5.040000,98780,SSI iBoard
2010-05-07,4.950000,4.980000,4.930000,4.970000,226080,SSI iBoard
2010-05-10,4.930000,4.930000,4.880000,4.900000,314450,SSI iBoard
2010-05-11,4.980000,4.980000,4.900000,4.910000,124700,SSI iBoard
2010-05-12,4.910000,4.910000,4.860000,4.860000,219260,SSI iBoard
2010-05-13,4.860000,4.910000,4.860000,4.910000,169180,SSI iBoard
2010-05-14,4.860000,4.930000,4.860000,4.860000,115190,SSI iBoard
2010-05-17,4.860000,4.860000,4.770000,4.770000,246590,SSI iBoard
2010-05-18,4.770000,4.770000,4.720000,4.750000,186380,SSI iBoard
2010-05-19,4.610000,4.740000,4.590000,4.610000,196010,SSI iBoard
2010-05-20,4.590000,4.740000,4.590000,4.740000,195960,SSI iBoard
2010-05-21,4.590000,4.680000,4.580000,4.580000,336410,SSI iBoard
2010-05-24,4.590000,4.680000,4.590000,4.650000,112220,SSI iBoard
2010-05-25,4.650000,4.680000,4.630000,4.650000,96940,SSI iBoard
2010-05-26,4.650000,4.680000,4.650000,4.650000,231810,SSI iBoard
2010-05-27,4.650000,4.750000,4.650000,4.750000,152920,SSI iBoard
2010-05-28,4.770000,4.820000,4.770000,4.770000,76160,SSI iBoard
2010-05-31,4.770000,4.770000,4.750000,4.770000,143180,SSI iBoard
2010-06-01,4.750000,4.770000,4.700000,4.750000,279280,SSI iBoard
2010-06-02,4.750000,4.750000,4.700000,4.700000,72770,SSI iBoard
2010-06-03,4.680000,4.720000,4.680000,4.680000,110530,SSI iBoard
2010-06-04,4.680000,4.740000,4.670000,4.680000,57430,SSI iBoard
2010-06-07,4.520000,4.630000,4.520000,4.590000,134870,SSI iBoard
2010-06-08,4.540000,4.650000,4.540000,4.590000,181780,SSI iBoard
2010-06-09,4.590000,4.590000,4.580000,4.590000,106340,SSI iBoard
2010-06-10,4.580000,4.610000,4.580000,4.590000,121660,SSI iBoard
2010-06-11,4.680000,4.680000,4.610000,4.630000,61810,SSI iBoard
2010-06-14,4.580000,4.650000,4.580000,4.590000,42350,SSI iBoard
2010-06-15,4.590000,4.610000,4.590000,4.610000,121890,SSI iBoard
2010-06-16,4.610000,4.680000,4.610000,4.680000,248340,SSI iBoard
2010-06-17,4.680000,4.720000,4.670000,4.720000,158790,SSI iBoard
2010-06-18,4.740000,4.840000,4.720000,4.840000,453850,SSI iBoard
2010-06-21,4.790000,4.790000,4.750000,4.770000,72800,SSI iBoard
2010-06-22,4.680000,4.750000,4.680000,4.740000,53050,SSI iBoard
2010-06-23,4.670000,4.740000,4.670000,4.740000,66660,SSI iBoard
2010-06-24,4.740000,4.790000,4.740000,4.750000,120120,SSI iBoard
2010-06-25,4.740000,4.740000,4.680000,4.680000,85840,SSI iBoard
2010-06-28,4.650000,4.740000,4.650000,4.740000,71220,SSI iBoard
2010-06-29,4.680000,4.750000,4.680000,4.750000,64010,SSI iBoard
2010-06-30,4.630000,4.680000,4.630000,4.670000,117230,SSI iBoard
2010-07-01,4.680000,4.680000,4.580000,4.580000,101880,SSI iBoard
2010-07-02,4.590000,4.590000,4.540000,4.560000,279720,SSI iBoard
2010-07-05,4.590000,4.590000,4.540000,4.540000,57680,SSI iBoard
2010-07-06,4.540000,4.580000,4.540000,4.540000,48010,SSI iBoard
2010-07-07,4.560000,4.560000,4.510000,4.510000,54420,SSI iBoard
2010-07-08,4.510000,4.540000,4.510000,4.520000,51830,SSI iBoard
2010-07-09,4.520000,4.540000,4.510000,4.520000,40390,SSI iBoard
2010-07-12,4.510000,4.590000,4.510000,4.540000,62350,SSI iBoard
2010-07-13,4.630000,4.630000,4.540000,4.630000,101260,SSI iBoard
2010-07-14,4.580000,4.630000,4.580000,4.580000,39630,SSI iBoard
2010-07-15,4.540000,4.560000,4.520000,4.540000,61030,SSI iBoard
2010-07-16,4.490000,4.580000,4.490000,4.510000,20260,SSI iBoard
2010-07-19,4.490000,4.560000,4.490000,4.520000,81620,SSI iBoard
2010-07-20,4.510000,4.580000,4.510000,4.520000,48980,SSI iBoard
2010-07-21,4.510000,4.540000,4.510000,4.520000,96840,SSI iBoard
2010-07-22,4.490000,4.520000,4.470000,4.470000,48490,SSI iBoard
2010-07-23,4.470000,4.490000,4.450000,4.470000,54320,SSI iBoard
2010-07-26,4.420000,4.450000,4.420000,4.440000,78480,SSI iBoard
2010-07-27,4.520000,4.520000,4.420000,4.450000,154660,SSI iBoard
2010-07-28,4.450000,4.470000,4.450000,4.450000,171370,SSI iBoard
2010-07-29,4.440000,4.450000,4.400000,4.400000,61200,SSI iBoard
2010-07-30,4.400000,4.440000,4.380000,4.420000,78150,SSI iBoard
2010-08-02,4.380000,4.420000,4.380000,4.380000,21560,SSI iBoard
2010-08-03,4.380000,4.380000,4.350000,4.350000,57630,SSI iBoard
2010-08-04,4.350000,4.370000,4.310000,4.310000,76150,SSI iBoard
2010-08-05,4.350000,4.350000,4.240000,4.240000,68090,SSI iBoard
2010-08-06,4.240000,4.290000,4.240000,4.280000,119770,SSI iBoard
2010-08-09,4.330000,4.330000,4.240000,4.240000,73630,SSI iBoard
2010-08-10,4.150000,4.210000,4.080000,4.080000,78680,SSI iBoard
2010-08-11,4.060000,4.140000,4.060000,4.100000,115100,SSI iBoard
2010-08-12,4.060000,4.100000,3.980000,3.980000,179110,SSI iBoard
2010-08-13,3.820000,4.030000,3.820000,3.980000,119450,SSI iBoard
2010-08-16,4.080000,4.120000,4.060000,4.100000,45260,SSI iBoard
2010-08-17,4.100000,4.100000,4.010000,4.100000,74390,SSI iBoard
2010-08-18,4.100000,4.100000,4.060000,4.060000,49890,SSI iBoard
2010-08-19,4.050000,4.080000,4.050000,4.080000,96700,SSI iBoard
2010-08-20,4.010000,4.080000,4.010000,4.080000,33870,SSI iBoard
2010-08-23,3.980000,4.060000,3.980000,3.980000,132630,SSI iBoard
2010-08-24,3.830000,3.890000,3.820000,3.820000,160760,SSI iBoard
2010-08-25,3.710000,3.760000,3.640000,3.660000,359790,SSI iBoard
2010-08-26,3.660000,3.750000,3.660000,3.690000,293440,SSI iBoard
2010-08-27,3.800000,3.870000,3.710000,3.800000,344830,SSI iBoard
2010-08-30,3.980000,3.980000,3.910000,3.920000,597690,SSI iBoard
2010-08-31,3.910000,4.050000,3.910000,3.910000,751120,SSI iBoard
2010-09-01,3.990000,4.100000,3.920000,4.100000,445820,SSI iBoard
2010-09-06,4.290000,4.290000,4.250000,4.290000,161540,SSI iBoard
2010-09-07,4.320000,4.340000,4.290000,4.290000,188960,SSI iBoard
2010-09-08,4.320000,4.320000,4.230000,4.230000,107540,SSI iBoard
2010-09-09,4.250000,4.290000,4.230000,4.250000,128460,SSI iBoard
2010-09-10,4.250000,4.270000,4.210000,4.210000,161890,SSI iBoard
2010-09-13,4.210000,4.250000,4.150000,4.210000,132550,SSI iBoard
2010-09-14,4.080000,4.210000,4.080000,4.120000,211480,SSI iBoard
2010-09-15,4.100000,4.120000,4.080000,4.080000,311830,SSI iBoard
2010-09-16,3.980000,4.060000,3.980000,4.020000,329770,SSI iBoard
2010-09-17,3.930000,4.040000,3.930000,4.000000,467510,SSI iBoard
2010-09-20,4.000000,4.020000,3.980000,3.980000,382100,SSI iBoard
2010-09-21,3.980000,3.980000,3.930000,3.950000,306690,SSI iBoard
2010-09-22,3.950000,3.950000,3.930000,3.950000,187210,SSI iBoard
2010-09-23,3.950000,3.950000,3.910000,3.930000,184030,SSI iBoard
2010-09-24,3.910000,4.000000,3.910000,4.000000,169800,SSI iBoard
2010-09-27,4.000000,4.000000,3.950000,4.000000,156810,SSI iBoard
2010-09-28,3.980000,4.040000,3.980000,4.040000,210230,SSI iBoard
2010-09-29,4.040000,4.060000,4.020000,4.040000,154060,SSI iBoard
2010-09-30,4.040000,4.060000,4.020000,4.020000,303920,SSI iBoard
2010-10-01,4.040000,4.040000,3.980000,3.980000,154730,SSI iBoard
2010-10-04,4.000000,4.000000,3.910000,3.930000,236510,SSI iBoard
2010-10-05,3.870000,3.980000,3.870000,3.980000,158300,SSI iBoard
2010-10-06,4.020000,4.040000,3.950000,3.980000,134930,SSI iBoard
2010-10-07,3.950000,4.020000,3.950000,3.980000,105870,SSI iBoard
2010-10-08,3.980000,4.000000,3.950000,3.980000,156610,SSI iBoard
2010-10-11,3.980000,4.000000,3.980000,4.000000,115140,SSI iBoard
2010-10-12,4.000000,4.000000,3.980000,3.980000,124740,SSI iBoard
2010-10-13,4.000000,4.000000,3.980000,4.000000,153730,SSI iBoard
2010-10-14,4.000000,4.040000,3.980000,4.040000,109250,SSI iBoard
2010-10-15,4.020000,4.040000,4.000000,4.040000,67650,SSI iBoard
2010-10-18,4.040000,4.060000,4.040000,4.040000,147110,SSI iBoard
2010-10-19,4.040000,4.060000,4.000000,4.020000,225100,SSI iBoard
2010-10-20,4.040000,4.040000,4.000000,4.040000,173760,SSI iBoard
2010-10-21,4.020000,4.060000,4.000000,4.040000,172580,SSI iBoard
2010-10-22,4.020000,4.080000,4.020000,4.060000,221670,SSI iBoard
2010-10-25,4.080000,4.080000,4.020000,4.060000,65250,SSI iBoard
2010-10-26,4.060000,4.080000,4.020000,4.060000,107620,SSI iBoard
2010-10-27,4.020000,4.060000,4.020000,4.060000,59420,SSI iBoard
2010-10-28,4.060000,4.060000,4.020000,4.040000,58460,SSI iBoard
2010-10-29,4.040000,4.080000,4.020000,4.080000,165450,SSI iBoard
2010-11-01,4.150000,4.150000,4.060000,4.080000,43270,SSI iBoard
2010-11-02,4.000000,4.060000,4.000000,4.060000,44300,SSI iBoard
2010-11-03,4.000000,4.060000,4.000000,4.060000,89570,SSI iBoard
2010-11-04,4.080000,4.100000,4.060000,4.100000,206550,SSI iBoard
2010-11-05,4.080000,4.150000,4.080000,4.120000,120520,SSI iBoard
2010-11-08,4.170000,4.170000,4.100000,4.100000,61960,SSI iBoard
2010-11-09,4.040000,4.060000,4.040000,4.060000,83610,SSI iBoard
2010-11-10,4.040000,4.060000,4.040000,4.040000,51260,SSI iBoard
2010-11-11,4.060000,4.060000,4.000000,4.060000,288780,SSI iBoard
2010-11-12,4.060000,4.060000,4.000000,4.040000,257340,SSI iBoard
2010-11-15,4.000000,4.040000,4.000000,4.020000,437790,SSI iBoard
2010-11-16,3.870000,4.000000,3.870000,3.890000,379580,SSI iBoard
2010-11-17,3.870000,3.930000,3.830000,3.930000,219710,SSI iBoard
2010-11-18,3.890000,3.950000,3.890000,3.910000,82200,SSI iBoard
2010-11-19,3.910000,3.910000,3.890000,3.910000,77110,SSI iBoard
2010-11-22,3.930000,3.930000,3.870000,3.870000,82940,SSI iBoard
2010-11-23,3.850000,3.950000,3.850000,3.910000,254720,SSI iBoard
2010-11-24,3.870000,3.910000,3.850000,3.890000,369250,SSI iBoard
2010-11-25,3.870000,3.930000,3.870000,3.910000,160540,SSI iBoard
2010-11-26,3.930000,3.930000,3.910000,3.910000,47730,SSI iBoard
2010-11-29,3.890000,3.910000,3.890000,3.910000,66290,SSI iBoard
2010-11-30,3.910000,4.000000,3.910000,3.950000,206730,SSI iBoard
2010-12-01,4.000000,4.000000,3.930000,3.930000,103770,SSI iBoard
2010-12-02,3.930000,3.950000,3.910000,3.950000,112870,SSI iBoard
2010-12-03,4.000000,4.150000,3.980000,4.100000,324140,SSI iBoard
2010-12-06,4.120000,4.120000,4.040000,4.060000,210310,SSI iBoard
2010-12-07,4.020000,4.020000,3.950000,3.950000,137460,SSI iBoard
2010-12-08,3.930000,3.980000,3.910000,3.910000,131030,SSI iBoard
2010-12-09,3.870000,3.930000,3.870000,3.890000,301470,SSI iBoard
2010-12-10,3.890000,3.930000,3.890000,3.910000,577590,SSI iBoard
2010-12-13,4.100000,4.100000,4.100000,4.100000,845980,SSI iBoard
2010-12-14,4.290000,4.290000,4.270000,4.290000,1134050,SSI iBoard
2010-12-15,4.510000,4.510000,4.510000,4.510000,467900,SSI iBoard
2010-12-16,4.720000,4.720000,4.590000,4.720000,2682740,SSI iBoard
2010-12-17,4.890000,4.950000,4.680000,4.950000,1922380,SSI iBoard
2010-12-20,4.950000,5.190000,4.950000,5.120000,1548680,SSI iBoard
2010-12-21,5.000000,5.230000,4.980000,5.150000,914760,SSI iBoard
2010-12-22,5.100000,5.170000,5.000000,5.000000,994800,SSI iBoard
2010-12-23,5.000000,5.000000,4.850000,4.870000,672410,SSI iBoard
2010-12-24,4.870000,5.040000,4.830000,4.850000,643250,SSI iBoard
2010-12-27,4.850000,4.980000,4.850000,4.980000,348570,SSI iBoard
2010-12-28,4.980000,5.060000,4.950000,4.980000,489870,SSI iBoard
2010-12-29,4.980000,5.000000,4.890000,4.890000,389720,SSI iBoard
2010-12-30,4.870000,4.980000,4.870000,4.890000,338780,SSI iBoard
2010-12-31,4.950000,4.950000,4.890000,4.890000,344420,SSI iBoard
2011-01-04,4.890000,4.950000,4.890000,4.930000,127030,SSI iBoard
2011-01-05,5.000000,5.000000,4.910000,4.910000,158660,SSI iBoard
2011-01-06,4.910000,4.950000,4.910000,4.950000,151820,SSI iBoard
2011-01-07,4.980000,5.000000,4.910000,4.930000,393290,SSI iBoard
2011-01-10,4.910000,4.980000,4.890000,4.910000,256630,SSI iBoard
2011-01-11,4.830000,4.910000,4.830000,4.830000,396810,SSI iBoard
2011-01-12,4.890000,4.890000,4.830000,4.830000,240270,SSI iBoard
2011-01-13,4.890000,4.950000,4.870000,4.930000,185580,SSI iBoard
2011-01-14,5.120000,5.120000,4.880000,5.030000,281980,SSI iBoard
2011-01-17,5.080000,5.120000,4.990000,4.990000,232860,SSI iBoard
2011-01-18,4.920000,4.990000,4.920000,4.940000,117920,SSI iBoard
2011-01-19,4.940000,5.010000,4.920000,4.920000,195290,SSI iBoard
2011-01-20,4.920000,4.970000,4.900000,4.970000,192900,SSI iBoard
2011-01-21,4.970000,5.210000,4.970000,5.190000,1409540,SSI iBoard
2011-01-24,5.370000,5.390000,5.170000,5.280000,1478260,SSI iBoard
2011-01-25,5.300000,5.300000,5.100000,5.100000,233110,SSI iBoard
2011-01-26,5.150000,5.300000,5.120000,5.300000,469470,SSI iBoard
2011-01-27,5.210000,5.370000,5.170000,5.280000,865340,SSI iBoard
2011-01-28,5.370000,5.510000,5.350000,5.490000,1690480,SSI iBoard
2011-02-08,5.640000,5.760000,5.550000,5.760000,1210110,SSI iBoard
2011-02-09,6.030000,6.030000,5.870000,6.030000,1881260,SSI iBoard
2011-02-10,5.890000,6.090000,5.820000,5.980000,943810,SSI iBoard
2011-02-11,5.980000,5.980000,5.760000,5.850000,1230720,SSI iBoard
2011-02-14,5.850000,5.850000,5.620000,5.620000,870260,SSI iBoard
2011-02-15,5.530000,5.820000,5.530000,5.820000,462530,SSI iBoard
2011-02-16,5.730000,5.850000,5.640000,5.640000,325170,SSI iBoard
2011-02-17,5.640000,5.730000,5.550000,5.730000,557970,SSI iBoard
2011-02-18,5.730000,5.760000,5.620000,5.620000,546530,SSI iBoard
2011-02-21,5.460000,5.460000,5.350000,5.350000,1108370,SSI iBoard
2011-02-22,5.170000,5.330000,5.170000,5.330000,277300,SSI iBoard
2011-02-23,5.420000,5.490000,5.330000,5.490000,550520,SSI iBoard
2011-02-24,5.490000,5.550000,5.260000,5.510000,561740,SSI iBoard
2011-02-28,5.760000,5.980000,5.710000,5.980000,2280700,SSI iBoard
2011-03-01,5.870000,5.870000,5.730000,5.760000,424300,SSI iBoard
2011-03-02,5.710000,5.710000,5.510000,5.600000,514310,SSI iBoard
2011-03-04,5.510000,5.690000,5.510000,5.670000,452360,SSI iBoard
2011-03-07,5.690000,5.890000,5.690000,5.850000,621490,SSI iBoard
2011-03-08,5.870000,5.870000,5.690000,5.690000,670440,SSI iBoard
2011-03-09,5.690000,5.850000,5.530000,5.820000,641370,SSI iBoard
2011-03-10,5.820000,6.000000,5.820000,5.980000,2153520,SSI iBoard
2011-03-11,5.980000,6.210000,5.980000,6.070000,2201140,SSI iBoard
2011-03-14,6.070000,6.140000,6.000000,6.120000,2142030,SSI iBoard
2011-03-15,6.070000,6.210000,6.070000,6.210000,2368090,SSI iBoard
2011-03-16,6.300000,6.500000,6.300000,6.500000,2671060,SSI iBoard
2011-03-17,6.790000,6.820000,6.680000,6.820000,4292470,SSI iBoard
2011-03-18,7.110000,7.160000,6.860000,7.160000,4538720,SSI iBoard
2011-03-21,7.200000,7.450000,6.950000,7.130000,1614780,SSI iBoard
2011-03-22,6.950000,7.180000,6.930000,6.970000,1969620,SSI iBoard
2011-03-23,6.880000,6.930000,6.640000,6.640000,1419370,SSI iBoard
2011-03-24,6.570000,6.590000,6.320000,6.370000,1083040,SSI iBoard
2011-03-25,6.370000,6.590000,6.320000,6.430000,366950,SSI iBoard
2011-03-28,6.340000,6.660000,6.340000,6.640000,834290,SSI iBoard
2011-03-29,6.660000,6.770000,6.500000,6.500000,561180,SSI iBoard
2011-03-30,6.340000,6.550000,6.320000,6.460000,377870,SSI iBoard
2011-03-31,6.550000,6.550000,6.370000,6.370000,433170,SSI iBoard
2011-04-01,6.340000,6.460000,6.340000,6.340000,650460,SSI iBoard
2011-04-04,6.320000,6.390000,6.300000,6.320000,578490,SSI iBoard
2011-04-05,6.320000,6.570000,6.300000,6.570000,503670,SSI iBoard
2011-04-06,6.570000,6.790000,6.570000,6.770000,883900,SSI iBoard
2011-04-07,6.550000,6.770000,6.550000,6.550000,330950,SSI iBoard
2011-04-08,6.550000,6.660000,6.480000,6.610000,466940,SSI iBoard
2011-04-13,6.520000,6.640000,6.500000,6.520000,236160,SSI iBoard
2011-04-14,6.520000,6.520000,6.390000,6.390000,284360,SSI iBoard
2011-04-15,6.460000,6.460000,6.390000,6.390000,232830,SSI iBoard
2011-04-19,6.390000,6.500000,6.370000,6.480000,230600,SSI iBoard
2011-04-20,6.500000,6.550000,6.480000,6.550000,306290,SSI iBoard
2011-04-21,6.550000,6.550000,6.430000,6.430000,150940,SSI iBoard
2011-04-22,6.520000,6.520000,6.180000,6.210000,410710,SSI iBoard
2011-04-25,6.320000,6.430000,6.300000,6.340000,201340,SSI iBoard
2011-04-26,6.340000,6.410000,6.320000,6.370000,206000,SSI iBoard
2011-04-27,6.320000,6.430000,6.320000,6.430000,303910,SSI iBoard
2011-04-28,6.430000,6.430000,6.320000,6.320000,126260,SSI iBoard
2011-04-29,6.390000,6.430000,6.320000,6.430000,281890,SSI iBoard
2011-05-04,6.430000,6.430000,6.370000,6.410000,183930,SSI iBoard
2011-05-05,6.410000,6.410000,6.370000,6.390000,271880,SSI iBoard
2011-05-06,6.320000,6.390000,6.320000,6.390000,316840,SSI iBoard
2011-05-09,6.390000,6.410000,6.340000,6.410000,206700,SSI iBoard
2011-05-10,6.430000,6.430000,6.410000,6.430000,202490,SSI iBoard
2011-05-11,6.390000,6.550000,6.340000,6.550000,259640,SSI iBoard
2011-05-12,6.480000,6.550000,6.480000,6.500000,241180,SSI iBoard
2011-05-13,6.500000,6.520000,6.430000,6.500000,251090,SSI iBoard
2011-05-16,6.520000,6.820000,6.520000,6.660000,937120,SSI iBoard
2011-05-17,6.680000,6.820000,6.640000,6.730000,595190,SSI iBoard
2011-05-18,6.680000,6.700000,6.550000,6.700000,375770,SSI iBoard
2011-05-19,6.680000,6.680000,6.430000,6.500000,404730,SSI iBoard
2011-05-20,6.390000,6.410000,6.340000,6.340000,438320,SSI iBoard
2011-05-23,6.210000,6.280000,6.030000,6.030000,827840,SSI iBoard
2011-05-24,5.760000,5.780000,5.730000,5.760000,654260,SSI iBoard
2011-05-25,5.490000,5.530000,5.490000,5.490000,877240,SSI iBoard
2011-05-26,5.210000,5.760000,5.210000,5.760000,412960,SSI iBoard
2011-05-27,5.850000,6.030000,5.800000,6.030000,195610,SSI iBoard
2011-05-30,6.090000,6.090000,5.910000,5.910000,186080,SSI iBoard
2011-05-31,5.800000,6.070000,5.640000,6.070000,234950,SSI iBoard
2011-06-01,6.070000,6.370000,6.050000,6.370000,334960,SSI iBoard
2011-06-02,6.550000,6.680000,6.480000,6.680000,1318300,SSI iBoard
2011-06-03,6.770000,6.770000,6.370000,6.370000,311510,SSI iBoard
2011-06-06,6.120000,6.370000,6.120000,6.230000,150390,SSI iBoard
2011-06-07,6.230000,6.520000,6.230000,6.480000,180530,SSI iBoard
2011-06-08,6.550000,6.550000,6.300000,6.300000,182890,SSI iBoard
2011-06-09,6.210000,6.370000,6.210000,6.320000,68670,SSI iBoard
2011-06-10,6.460000,6.460000,6.230000,6.250000,189140,SSI iBoard
2011-06-13,6.210000,6.250000,6.000000,6.090000,347020,SSI iBoard
2011-06-14,6.090000,6.390000,6.090000,6.140000,299740,SSI iBoard
2011-06-15,6.140000,6.320000,6.070000,6.320000,513450,SSI iBoard
2011-06-16,6.320000,6.550000,6.320000,6.550000,548420,SSI iBoard
2011-06-17,6.550000,6.550000,6.230000,6.230000,1001360,SSI iBoard
2011-06-20,6.050000,6.320000,6.050000,6.210000,122070,SSI iBoard
2011-06-21,6.210000,6.320000,6.210000,6.300000,88990,SSI iBoard
2011-06-22,6.300000,6.340000,6.280000,6.340000,256640,SSI iBoard
2011-06-23,6.340000,6.340000,6.090000,6.160000,241270,SSI iBoard
2011-06-24,6.160000,6.280000,6.160000,6.280000,128780,SSI iBoard
2011-06-27,6.160000,6.320000,6.160000,6.320000,241990,SSI iBoard
2011-06-28,6.160000,6.280000,6.160000,6.160000,70740,SSI iBoard
2011-06-29,6.250000,6.250000,6.160000,6.180000,146740,SSI iBoard
2011-06-30,6.180000,6.180000,6.140000,6.140000,98560,SSI iBoard
2011-07-01,6.090000,6.160000,6.050000,6.090000,202260,SSI iBoard
2011-07-04,6.000000,6.140000,6.000000,6.030000,79150,SSI iBoard
2011-07-05,6.030000,6.180000,6.030000,6.050000,50280,SSI iBoard
2011-07-06,6.050000,6.120000,6.050000,6.050000,32150,SSI iBoard
2011-07-07,6.050000,6.070000,5.980000,6.050000,18490,SSI iBoard
2011-07-08,6.030000,6.070000,6.030000,6.050000,175800,SSI iBoard
2011-07-11,5.980000,6.070000,5.980000,6.050000,53530,SSI iBoard
2011-07-12,6.050000,6.050000,5.980000,5.980000,22300,SSI iBoard
2011-07-13,6.000000,6.030000,5.960000,5.980000,175250,SSI iBoard
2011-07-14,5.980000,6.140000,5.960000,6.050000,65260,SSI iBoard
2011-07-15,6.140000,6.140000,5.820000,5.820000,303000,SSI iBoard
2011-07-18,5.710000,5.780000,5.710000,5.730000,207310,SSI iBoard
2011-07-19,5.690000,5.800000,5.690000,5.760000,168150,SSI iBoard
2011-07-20,5.760000,6.030000,5.760000,6.030000,149110,SSI iBoard
2011-07-21,5.980000,6.070000,5.960000,5.980000,70000,SSI iBoard
2011-07-22,5.980000,5.980000,5.820000,5.820000,169350,SSI iBoard
2011-07-25,5.710000,5.820000,5.710000,5.780000,71120,SSI iBoard
2011-07-26,5.910000,5.910000,5.800000,5.800000,90630,SSI iBoard
2011-07-27,5.870000,6.050000,5.850000,6.050000,223290,SSI iBoard
2011-07-28,6.070000,6.120000,6.000000,6.000000,100870,SSI iBoard
2011-07-29,5.960000,6.030000,5.850000,6.030000,170800,SSI iBoard
2011-08-01,6.030000,6.030000,5.870000,5.890000,186680,SSI iBoard
2011-08-02,5.870000,5.940000,5.850000,5.850000,210920,SSI iBoard
2011-08-03,5.820000,5.820000,5.780000,5.820000,31520,SSI iBoard
2011-08-04,5.820000,6.070000,5.820000,5.820000,111900,SSI iBoard
2011-08-05,5.820000,5.960000,5.820000,5.850000,46180,SSI iBoard
2011-08-08,5.800000,5.820000,5.760000,5.760000,243770,SSI iBoard
2011-08-09,5.640000,5.710000,5.530000,5.640000,205700,SSI iBoard
2011-08-10,5.780000,5.820000,5.640000,5.640000,334640,SSI iBoard
2011-08-11,5.490000,5.640000,5.490000,5.600000,104320,SSI iBoard
2011-08-12,5.730000,5.730000,5.640000,5.710000,65680,SSI iBoard
2011-08-15,5.780000,5.780000,5.710000,5.710000,30970,SSI iBoard
2011-08-16,5.710000,5.760000,5.710000,5.730000,44990,SSI iBoard
2011-08-17,5.780000,5.820000,5.730000,5.820000,89490,SSI iBoard
2011-08-18,5.910000,6.070000,5.910000,6.070000,261970,SSI iBoard
2011-08-19,5.890000,6.070000,5.870000,5.870000,224210,SSI iBoard
2011-08-22,5.870000,5.940000,5.870000,5.890000,193700,SSI iBoard
2011-08-23,5.850000,5.890000,5.800000,5.820000,107040,SSI iBoard
2011-08-24,5.820000,5.870000,5.620000,5.620000,251820,SSI iBoard
2011-08-25,5.690000,5.760000,5.690000,5.730000,113980,SSI iBoard
2011-08-26,5.730000,5.800000,5.690000,5.730000,146750,SSI iBoard
2011-08-29,5.730000,5.850000,5.710000,5.850000,224570,SSI iBoard
2011-08-30,5.890000,5.960000,5.850000,5.850000,263200,SSI iBoard
2011-08-31,5.850000,6.000000,5.850000,6.000000,719980,SSI iBoard
2011-09-01,6.070000,6.300000,6.050000,6.300000,1683540,SSI iBoard
2011-09-05,6.320000,6.390000,6.120000,6.160000,284410,SSI iBoard
2011-09-06,5.980000,6.090000,5.980000,6.050000,129750,SSI iBoard
2011-09-07,6.250000,6.250000,6.050000,6.070000,353810,SSI iBoard
2011-09-08,6.120000,6.320000,6.050000,6.070000,689710,SSI iBoard
2011-09-09,6.070000,6.120000,6.070000,6.090000,263080,SSI iBoard
2011-09-12,6.000000,6.090000,5.960000,5.960000,210630,SSI iBoard
2011-09-13,5.960000,6.030000,5.910000,5.940000,441860,SSI iBoard
2011-09-14,5.870000,5.910000,5.780000,5.800000,656080,SSI iBoard
2011-09-15,5.800000,5.800000,5.710000,5.760000,705990,SSI iBoard
2011-09-16,5.870000,5.940000,5.710000,5.710000,743610,SSI iBoard
2011-09-19,5.850000,5.980000,5.730000,5.980000,180020,SSI iBoard
2011-09-20,5.820000,5.980000,5.760000,5.820000,297570,SSI iBoard
2011-09-21,5.820000,5.870000,5.780000,5.820000,204020,SSI iBoard
2011-09-22,5.870000,5.870000,5.760000,5.850000,492740,SSI iBoard
2011-09-23,5.780000,5.800000,5.730000,5.760000,544950,SSI iBoard
2011-09-26,5.760000,5.780000,5.730000,5.730000,358950,SSI iBoard
2011-09-27,5.730000,5.850000,5.710000,5.780000,123450,SSI iBoard
2011-09-28,5.890000,5.910000,5.730000,5.730000,345530,SSI iBoard
2011-09-29,5.730000,5.730000,5.670000,5.690000,177580,SSI iBoard
2011-09-30,5.690000,5.760000,5.690000,5.690000,250870,SSI iBoard
2011-10-03,5.670000,5.690000,5.620000,5.620000,317030,SSI iBoard
2011-10-04,5.530000,5.600000,5.460000,5.490000,258450,SSI iBoard
2011-10-05,5.490000,5.550000,5.330000,5.330000,524710,SSI iBoard
2011-10-06,5.440000,5.510000,5.330000,5.370000,586330,SSI iBoard
2011-10-07,5.420000,5.440000,5.330000,5.370000,521840,SSI iBoard
2011-10-10,5.460000,5.460000,5.370000,5.460000,262370,SSI iBoard
2011-10-11,5.440000,5.460000,5.390000,5.420000,235600,SSI iBoard
2011-10-12,5.370000,5.370000,5.260000,5.260000,314470,SSI iBoard
2011-10-13,5.260000,5.280000,5.240000,5.280000,278030,SSI iBoard
2011-10-14,5.300000,5.300000,5.210000,5.210000,266040,SSI iBoard
2011-10-17,5.210000,5.210000,5.100000,5.100000,392620,SSI iBoard
2011-10-18,4.990000,5.120000,4.970000,5.080000,256850,SSI iBoard
2011-10-19,5.120000,5.120000,5.030000,5.030000,291970,SSI iBoard
2011-10-20,5.060000,5.080000,5.030000,5.060000,203940,SSI iBoard
2011-10-21,5.060000,5.300000,5.060000,5.300000,477940,SSI iBoard
2011-10-24,5.300000,5.330000,5.190000,5.240000,194970,SSI iBoard
2011-10-25,5.210000,5.300000,5.190000,5.210000,266000,SSI iBoard
2011-10-26,5.260000,5.420000,5.260000,5.420000,277110,SSI iBoard
2011-10-27,5.490000,5.670000,5.490000,5.670000,388140,SSI iBoard
2011-10-28,5.710000,5.710000,5.530000,5.580000,120320,SSI iBoard
2011-10-31,5.580000,5.690000,5.460000,5.460000,128220,SSI iBoard
2011-11-01,5.460000,5.510000,5.390000,5.440000,126750,SSI iBoard
2011-11-02,5.390000,5.530000,5.350000,5.440000,244880,SSI iBoard
2011-11-03,5.420000,5.440000,5.370000,5.390000,112610,SSI iBoard
2011-11-04,5.390000,5.420000,5.350000,5.350000,35370,SSI iBoard
2011-11-07,5.330000,5.420000,5.210000,5.210000,111440,SSI iBoard
2011-11-08,5.170000,5.210000,5.120000,5.170000,281740,SSI iBoard
2011-11-09,5.170000,5.170000,5.120000,5.170000,311260,SSI iBoard
2011-11-10,5.100000,5.150000,5.080000,5.120000,91590,SSI iBoard
2011-11-11,5.150000,5.190000,5.120000,5.120000,210610,SSI iBoard
2011-11-14,5.120000,5.120000,4.990000,5.010000,236000,SSI iBoard
2011-11-15,5.010000,5.170000,5.010000,5.030000,99550,SSI iBoard
2011-11-16,5.120000,5.190000,5.010000,5.060000,191030,SSI iBoard
2011-11-17,5.100000,5.170000,5.080000,5.100000,477870,SSI iBoard
2011-11-18,5.120000,5.120000,5.010000,5.080000,234340,SSI iBoard
2011-11-21,4.990000,5.060000,4.990000,5.030000,289180,SSI iBoard
2011-11-22,5.030000,5.100000,5.030000,5.030000,483510,SSI iBoard
2011-11-23,5.260000,5.280000,5.190000,5.280000,333130,SSI iBoard
2011-11-24,5.280000,5.300000,5.120000,5.120000,114180,SSI iBoard
2011-11-28,5.100000,5.170000,5.060000,5.060000,349390,SSI iBoard
2011-11-29,5.250000,5.270000,5.150000,5.170000,122550,SSI iBoard
2011-11-30,5.050000,5.070000,4.920000,4.920000,331300,SSI iBoard
2011-12-01,4.800000,4.850000,4.700000,4.750000,234470,SSI iBoard
2011-12-02,4.850000,4.850000,4.720000,4.770000,204510,SSI iBoard
2011-12-05,4.770000,4.950000,4.770000,4.920000,207660,SSI iBoard
2011-12-06,5.020000,5.070000,4.950000,5.020000,337210,SSI iBoard
2011-12-07,4.970000,4.970000,4.870000,4.870000,164040,SSI iBoard
2011-12-08,4.800000,4.820000,4.700000,4.720000,604470,SSI iBoard
2011-12-09,4.720000,4.770000,4.700000,4.700000,244220,SSI iBoard
2011-12-12,4.680000,4.700000,4.480000,4.500000,291080,SSI iBoard
2011-12-13,4.300000,4.480000,4.280000,4.300000,765880,SSI iBoard
2011-12-14,4.300000,4.330000,4.100000,4.180000,754590,SSI iBoard
2011-12-15,4.180000,4.180000,3.980000,4.000000,639760,SSI iBoard
2011-12-16,4.130000,4.200000,4.080000,4.150000,794370,SSI iBoard
2011-12-19,4.280000,4.350000,4.180000,4.350000,678020,SSI iBoard
2011-12-20,4.450000,4.450000,4.300000,4.300000,300270,SSI iBoard
2011-12-21,4.330000,4.330000,4.230000,4.250000,470090,SSI iBoard
2011-12-22,4.080000,4.250000,4.080000,4.080000,1029030,SSI iBoard
2011-12-23,4.080000,4.180000,4.050000,4.130000,381970,SSI iBoard
2011-12-26,4.230000,4.230000,4.100000,4.150000,200830,SSI iBoard
2011-12-27,4.130000,4.150000,4.100000,4.130000,532960,SSI iBoard
2011-12-28,4.200000,4.330000,4.180000,4.330000,399920,SSI iBoard
2011-12-29,4.280000,4.400000,4.250000,4.280000,162450,SSI iBoard
2011-12-30,4.330000,4.480000,4.330000,4.400000,504850,SSI iBoard
2012-01-03,4.480000,4.480000,4.230000,4.230000,147320,SSI iBoard
2012-01-04,4.250000,4.430000,4.230000,4.430000,294380,SSI iBoard
2012-01-05,4.350000,4.430000,4.350000,4.400000,194610,SSI iBoard
2012-01-06,4.450000,4.530000,4.400000,4.480000,330690,SSI iBoard
2012-01-09,4.480000,4.550000,4.380000,4.500000,109050,SSI iBoard
2012-01-10,4.500000,4.700000,4.500000,4.650000,287390,SSI iBoard
2012-01-11,4.770000,4.770000,4.650000,4.650000,114740,SSI iBoard
2012-01-12,4.680000,4.870000,4.650000,4.870000,743880,SSI iBoard
2012-01-13,5.050000,5.100000,5.000000,5.100000,534240,SSI iBoard
2012-01-16,5.300000,5.300000,5.100000,5.120000,233990,SSI iBoard
2012-01-17,5.220000,5.370000,5.220000,5.370000,546790,SSI iBoard
2012-01-18,5.500000,5.520000,5.400000,5.470000,135260,SSI iBoard
2012-01-19,5.470000,5.740000,5.470000,5.740000,329010,SSI iBoard
2012-01-20,5.940000,5.940000,5.470000,5.720000,391390,SSI iBoard
2012-01-30,5.820000,5.890000,5.670000,5.890000,206400,SSI iBoard
2012-01-31,5.940000,5.940000,5.690000,5.720000,276260,SSI iBoard
2012-02-01,5.650000,5.790000,5.500000,5.790000,314370,SSI iBoard
2012-02-02,5.920000,6.070000,5.870000,6.070000,585640,SSI iBoard
2012-02-03,6.340000,6.340000,6.070000,6.070000,541300,SSI iBoard
2012-02-06,5.820000,6.070000,5.770000,5.770000,241780,SSI iBoard
2012-02-07,5.890000,6.040000,5.720000,6.040000,275360,SSI iBoard
2012-02-08,6.040000,6.190000,5.970000,6.190000,587450,SSI iBoard
2012-02-09,6.270000,6.270000,6.090000,6.170000,192800,SSI iBoard
2012-02-10,5.920000,6.090000,5.920000,5.970000,401230,SSI iBoard
2012-02-13,5.970000,5.970000,5.670000,5.670000,517940,SSI iBoard
2012-02-14,5.670000,5.840000,5.620000,5.840000,451040,SSI iBoard
2012-02-15,5.790000,5.790000,5.690000,5.690000,219740,SSI iBoard
2012-02-16,5.720000,5.770000,5.650000,5.720000,316300,SSI iBoard
2012-02-17,5.720000,5.820000,5.720000,5.820000,207090,SSI iBoard
2012-02-20,6.020000,6.090000,5.970000,6.090000,1076470,SSI iBoard
2012-02-21,6.220000,6.220000,6.020000,6.120000,481440,SSI iBoard
2012-02-22,6.120000,6.270000,6.120000,6.220000,739030,SSI iBoard
2012-02-23,6.220000,6.290000,6.140000,6.270000,691220,SSI iBoard
2012-02-24,6.320000,6.320000,6.140000,6.140000,518480,SSI iBoard
2012-02-27,6.170000,6.320000,6.140000,6.270000,700700,SSI iBoard
2012-02-28,6.290000,6.420000,6.170000,6.240000,834560,SSI iBoard
2012-02-29,6.240000,6.240000,6.020000,6.020000,1392490,SSI iBoard
2012-03-01,6.090000,6.290000,6.020000,6.290000,788430,SSI iBoard
2012-03-02,6.320000,6.520000,6.290000,6.520000,1049070,SSI iBoard
2012-03-05,6.590000,6.840000,6.590000,6.840000,2629030,SSI iBoard
2012-03-06,7.160000,7.160000,6.540000,6.760000,1084870,SSI iBoard
2012-03-07,6.710000,6.760000,6.520000,6.760000,938930,SSI iBoard
2012-03-08,6.590000,6.660000,6.440000,6.440000,1374000,SSI iBoard
2012-03-09,6.290000,6.590000,6.220000,6.340000,755350,SSI iBoard
2012-03-12,6.340000,6.340000,6.040000,6.040000,864880,SSI iBoard
2012-03-13,6.090000,6.220000,6.070000,6.140000,447270,SSI iBoard
2012-03-14,6.290000,6.290000,5.970000,6.220000,703670,SSI iBoard
2012-03-15,6.090000,6.420000,6.090000,6.420000,686250,SSI iBoard
2012-03-16,6.420000,6.470000,6.120000,6.120000,2023710,SSI iBoard
2012-03-19,6.040000,6.320000,6.040000,6.240000,436650,SSI iBoard
2012-03-20,6.240000,6.390000,6.240000,6.370000,539210,SSI iBoard
2012-03-21,6.420000,6.540000,6.390000,6.390000,727310,SSI iBoard
2012-03-22,6.340000,6.490000,6.340000,6.390000,635250,SSI iBoard
2012-03-23,6.470000,6.540000,6.420000,6.470000,1275730,SSI iBoard
2012-03-26,6.790000,6.790000,6.760000,6.790000,3953870,SSI iBoard
2012-03-27,7.040000,7.040000,6.710000,6.790000,1253900,SSI iBoard
2012-03-28,6.790000,6.940000,6.740000,6.860000,640640,SSI iBoard
2012-03-29,6.960000,6.960000,6.660000,6.760000,869890,SSI iBoard
2012-03-30,7.090000,7.090000,6.960000,7.090000,1888480,SSI iBoard
2012-04-03,7.190000,7.320000,7.090000,7.320000,644120,SSI iBoard
2012-04-04,7.410000,7.410000,7.150000,7.150000,442910,SSI iBoard
2012-04-05,7.090000,7.190000,6.990000,7.090000,736690,SSI iBoard
2012-04-06,7.090000,7.190000,7.060000,7.060000,850080,SSI iBoard
2012-04-09,7.190000,7.190000,7.090000,7.120000,394750,SSI iBoard
2012-04-10,7.120000,7.120000,7.060000,7.090000,578750,SSI iBoard
2012-04-11,7.120000,7.190000,7.060000,7.120000,730470,SSI iBoard
2012-04-12,7.150000,7.410000,7.120000,7.380000,1786450,SSI iBoard
2012-04-13,7.350000,7.380000,7.220000,7.220000,962420,SSI iBoard
2012-04-16,7.250000,7.410000,7.190000,7.350000,827910,SSI iBoard
2012-04-17,7.380000,7.480000,7.280000,7.350000,1823830,SSI iBoard
2012-04-18,7.350000,7.410000,7.280000,7.280000,974900,SSI iBoard
2012-04-19,7.350000,7.350000,7.190000,7.220000,707910,SSI iBoard
2012-04-20,7.350000,7.350000,7.220000,7.280000,437840,SSI iBoard
2012-04-23,7.320000,7.320000,7.220000,7.220000,289090,SSI iBoard
2012-04-24,7.220000,7.220000,7.120000,7.150000,612460,SSI iBoard
2012-04-25,7.220000,7.250000,7.190000,7.190000,440310,SSI iBoard
2012-04-26,7.190000,7.220000,7.090000,7.090000,534860,SSI iBoard
2012-04-27,7.030000,7.150000,7.030000,7.120000,701600,SSI iBoard
2012-05-02,7.120000,7.120000,7.030000,7.090000,538310,SSI iBoard
2012-05-03,7.090000,7.090000,6.990000,6.990000,290160,SSI iBoard
2012-05-04,7.030000,7.150000,6.990000,7.060000,708910,SSI iBoard
2012-05-07,7.090000,7.150000,7.060000,7.120000,575380,SSI iBoard
2012-05-08,7.090000,7.440000,7.090000,7.250000,1055940,SSI iBoard
2012-05-09,7.320000,7.320000,7.220000,7.220000,280840,SSI iBoard
2012-05-10,7.220000,7.410000,7.150000,7.250000,812360,SSI iBoard
2012-05-11,7.280000,7.410000,7.220000,7.250000,1286970,SSI iBoard
2012-05-14,7.350000,7.610000,7.320000,7.510000,2665900,SSI iBoard
2012-05-15,7.510000,7.540000,7.150000,7.150000,878750,SSI iBoard
2012-05-16,7.150000,7.250000,7.090000,7.150000,585780,SSI iBoard
2012-05-17,7.190000,7.250000,7.030000,7.090000,795510,SSI iBoard
2012-05-18,6.960000,6.990000,6.740000,6.930000,1973860,SSI iBoard
2012-05-21,7.030000,7.120000,6.900000,7.090000,754880,SSI iBoard
2012-05-22,7.090000,7.090000,6.860000,6.900000,315560,SSI iBoard
2012-05-23,6.770000,6.990000,6.700000,6.700000,823090,SSI iBoard
2012-05-24,6.570000,6.700000,6.480000,6.510000,439160,SSI iBoard
2012-05-25,6.510000,6.830000,6.510000,6.830000,661680,SSI iBoard
2012-05-28,6.960000,6.960000,6.740000,6.740000,193680,SSI iBoard
2012-05-29,6.610000,6.700000,6.570000,6.610000,617310,SSI iBoard
2012-05-30,6.640000,6.770000,6.610000,6.670000,319040,SSI iBoard
2012-05-31,6.640000,6.740000,6.540000,6.570000,289030,SSI iBoard
2012-06-01,6.770000,6.770000,6.570000,6.610000,251160,SSI iBoard
2012-06-04,6.570000,6.570000,6.380000,6.410000,876750,SSI iBoard
2012-06-05,6.450000,6.510000,6.410000,6.410000,452550,SSI iBoard
2012-06-06,6.450000,6.570000,6.450000,6.570000,178690,SSI iBoard
2012-06-07,6.670000,6.770000,6.610000,6.610000,548180,SSI iBoard
2012-06-08,6.740000,6.770000,6.610000,6.610000,449680,SSI iBoard
2012-06-11,6.640000,6.930000,6.610000,6.930000,1645920,SSI iBoard
2012-06-12,6.960000,7.090000,6.860000,6.960000,395170,SSI iBoard
2012-06-13,6.990000,7.030000,6.860000,7.030000,546000,SSI iBoard
2012-06-14,7.030000,7.030000,6.930000,6.930000,459940,SSI iBoard
2012-06-15,6.930000,6.990000,6.860000,6.860000,860980,SSI iBoard
2012-06-18,6.900000,6.930000,6.770000,6.830000,487750,SSI iBoard
2012-06-19,6.800000,6.860000,6.700000,6.700000,221170,SSI iBoard
2012-06-20,6.700000,6.770000,6.700000,6.700000,275890,SSI iBoard
2012-06-21,6.700000,6.770000,6.700000,6.770000,221100,SSI iBoard
2012-06-22,6.770000,6.800000,6.740000,6.740000,331940,SSI iBoard
2012-06-25,6.770000,6.770000,6.610000,6.610000,215760,SSI iBoard
2012-06-26,6.540000,6.610000,6.510000,6.510000,456890,SSI iBoard
2012-06-27,6.510000,6.610000,6.480000,6.480000,379230,SSI iBoard
2012-06-28,6.480000,6.510000,6.450000,6.480000,165970,SSI iBoard
2012-06-29,6.480000,6.540000,6.480000,6.480000,200100,SSI iBoard
2012-07-02,6.480000,6.510000,6.450000,6.450000,181190,SSI iBoard
2012-07-03,6.450000,6.480000,6.380000,6.410000,325610,SSI iBoard
2012-07-04,6.410000,6.480000,6.410000,6.410000,77410,SSI iBoard
2012-07-05,6.410000,6.450000,6.380000,6.410000,84710,SSI iBoard
2012-07-06,6.410000,6.480000,6.410000,6.450000,123690,SSI iBoard
2012-07-09,6.450000,6.480000,6.410000,6.450000,270750,SSI iBoard
2012-07-10,6.380000,6.450000,6.380000,6.380000,563870,SSI iBoard
2012-07-11,6.380000,6.480000,6.380000,6.480000,779730,SSI iBoard
2012-07-12,6.480000,6.540000,6.450000,6.540000,288260,SSI iBoard
2012-07-13,6.540000,6.700000,6.540000,6.640000,238200,SSI iBoard
2012-07-16,6.670000,6.830000,6.610000,6.830000,478410,SSI iBoard
2012-07-17,6.700000,6.860000,6.670000,6.830000,488080,SSI iBoard
2012-07-18,6.770000,6.960000,6.770000,6.930000,451600,SSI iBoard
2012-07-19,6.960000,6.990000,6.860000,6.990000,485870,SSI iBoard
2012-07-20,6.990000,7.030000,6.700000,6.700000,382370,SSI iBoard
2012-07-23,6.670000,6.740000,6.640000,6.700000,192080,SSI iBoard
2012-07-24,6.700000,6.700000,6.610000,6.610000,105640,SSI iBoard
2012-07-25,6.540000,6.670000,6.540000,6.610000,92390,SSI iBoard
2012-07-26,6.610000,6.700000,6.610000,6.640000,129260,SSI iBoard
2012-07-27,6.640000,6.700000,6.640000,6.640000,231050,SSI iBoard
2012-07-30,6.610000,6.640000,6.610000,6.640000,87680,SSI iBoard
2012-07-31,6.640000,6.740000,6.640000,6.700000,182030,SSI iBoard
2012-08-01,6.700000,6.700000,6.640000,6.640000,178350,SSI iBoard
2012-08-02,6.670000,6.740000,6.670000,6.700000,128670,SSI iBoard
2012-08-03,6.670000,6.740000,6.670000,6.670000,65970,SSI iBoard
2012-08-06,6.640000,6.670000,6.640000,6.670000,132500,SSI iBoard
2012-08-07,6.670000,6.770000,6.670000,6.670000,247070,SSI iBoard
2012-08-08,6.700000,6.740000,6.700000,6.700000,44380,SSI iBoard
2012-08-09,6.700000,6.860000,6.700000,6.860000,347470,SSI iBoard
2012-08-10,6.740000,6.830000,6.740000,6.830000,292450,SSI iBoard
2012-08-13,6.800000,6.860000,6.800000,6.830000,200830,SSI iBoard
2012-08-14,6.830000,6.860000,6.800000,6.800000,291990,SSI iBoard
2012-08-15,6.800000,6.830000,6.770000,6.830000,685800,SSI iBoard
2012-08-16,6.830000,6.900000,6.830000,6.860000,398610,SSI iBoard
2012-08-17,6.900000,6.930000,6.900000,6.930000,431320,SSI iBoard
2012-08-20,6.900000,6.990000,6.900000,6.990000,368780,SSI iBoard
2012-08-21,6.960000,6.960000,6.670000,6.670000,634940,SSI iBoard
2012-08-22,6.510000,6.770000,6.510000,6.670000,631740,SSI iBoard
2012-08-23,6.540000,6.570000,6.350000,6.350000,605850,SSI iBoard
2012-08-24,6.060000,6.640000,6.060000,6.610000,525270,SSI iBoard
2012-08-27,6.610000,6.610000,6.280000,6.280000,593040,SSI iBoard
2012-08-28,6.090000,6.280000,6.090000,6.120000,247370,SSI iBoard
2012-08-29,6.220000,6.350000,6.160000,6.160000,276880,SSI iBoard
2012-08-30,6.120000,6.280000,6.120000,6.220000,165570,SSI iBoard
2012-08-31,6.220000,6.280000,6.160000,6.160000,430290,SSI iBoard
2012-09-04,6.190000,6.320000,6.190000,6.250000,48830,SSI iBoard
2012-09-05,6.350000,6.350000,6.190000,6.280000,322860,SSI iBoard
2012-09-06,6.220000,6.280000,6.220000,6.280000,124450,SSI iBoard
2012-09-07,6.320000,6.320000,6.250000,6.280000,158750,SSI iBoard
2012-09-10,6.280000,6.280000,5.990000,5.990000,941750,SSI iBoard
2012-09-11,5.900000,6.120000,5.900000,6.060000,138760,SSI iBoard
2012-09-12,6.120000,6.160000,6.060000,6.060000,223650,SSI iBoard
2012-09-13,6.060000,6.120000,5.990000,6.060000,221120,SSI iBoard
2012-09-14,6.190000,6.350000,6.190000,6.350000,750200,SSI iBoard
2012-09-17,6.350000,6.540000,6.320000,6.380000,383360,SSI iBoard
2012-09-18,6.350000,6.450000,6.160000,6.160000,142980,SSI iBoard
2012-09-19,6.030000,6.120000,5.960000,5.990000,488920,SSI iBoard
2012-09-20,5.900000,5.960000,5.740000,5.770000,429580,SSI iBoard
2012-09-21,5.800000,5.960000,5.800000,5.900000,866180,SSI iBoard
2012-09-24,5.830000,5.830000,5.700000,5.770000,137930,SSI iBoard
2012-09-25,5.770000,5.830000,5.770000,5.770000,119970,SSI iBoard
2012-09-26,5.830000,5.830000,5.770000,5.830000,334470,SSI iBoard
2012-09-27,5.830000,5.830000,5.740000,5.740000,237630,SSI iBoard
2012-09-28,5.740000,5.740000,5.610000,5.670000,259830,SSI iBoard
2012-10-01,5.670000,5.670000,5.480000,5.510000,112820,SSI iBoard
2012-10-02,5.510000,5.580000,5.410000,5.410000,134500,SSI iBoard
2012-10-03,5.410000,5.450000,5.380000,5.450000,451160,SSI iBoard
2012-10-04,5.450000,5.450000,5.410000,5.410000,427630,SSI iBoard
2012-10-05,5.410000,5.450000,5.380000,5.410000,658440,SSI iBoard
2012-10-08,5.480000,5.510000,5.450000,5.510000,570680,SSI iBoard
2012-10-09,5.510000,5.510000,5.450000,5.480000,430120,SSI iBoard
2012-10-10,5.450000,5.510000,5.450000,5.480000,163970,SSI iBoard
2012-10-11,5.540000,5.580000,5.480000,5.480000,424720,SSI iBoard
2012-10-12,5.480000,5.480000,5.450000,5.480000,107720,SSI iBoard
2012-10-15,5.480000,5.480000,5.410000,5.450000,222130,SSI iBoard
2012-10-16,5.450000,5.640000,5.450000,5.640000,841970,SSI iBoard
2012-10-17,5.640000,5.640000,5.450000,5.450000,235120,SSI iBoard
2012-10-18,5.540000,5.540000,5.450000,5.540000,352120,SSI iBoard
2012-10-19,5.580000,5.580000,5.380000,5.410000,300960,SSI iBoard
2012-10-22,5.410000,5.580000,5.410000,5.580000,737460,SSI iBoard
2012-10-23,5.640000,5.640000,5.580000,5.580000,260140,SSI iBoard
2012-10-24,5.610000,5.640000,5.540000,5.580000,190790,SSI iBoard
2012-10-25,5.540000,5.540000,5.480000,5.540000,83370,SSI iBoard
2012-10-26,5.540000,5.540000,5.510000,5.510000,155100,SSI iBoard
2012-10-29,5.510000,5.540000,5.480000,5.510000,71810,SSI iBoard
2012-10-30,5.510000,5.510000,5.480000,5.480000,76040,SSI iBoard
2012-10-31,5.480000,5.510000,5.450000,5.510000,131060,SSI iBoard
2012-11-01,5.540000,5.540000,5.480000,5.510000,167150,SSI iBoard
2012-11-02,5.250000,5.450000,5.250000,5.410000,479030,SSI iBoard
2012-11-05,5.410000,5.540000,5.380000,5.510000,291310,SSI iBoard
2012-11-06,5.480000,5.510000,5.410000,5.450000,61920,SSI iBoard
2012-11-07,5.450000,5.700000,5.450000,5.700000,847790,SSI iBoard
2012-11-08,5.700000,5.930000,5.640000,5.930000,605310,SSI iBoard
2012-11-09,5.830000,6.120000,5.740000,6.120000,703630,SSI iBoard
2012-11-12,6.120000,6.190000,6.060000,6.120000,518430,SSI iBoard
2012-11-13,6.120000,6.120000,5.900000,5.900000,142040,SSI iBoard
2012-11-14,5.900000,6.120000,5.870000,6.120000,743050,SSI iBoard
2012-11-15,6.190000,6.250000,6.060000,6.190000,568110,SSI iBoard
2012-11-16,5.990000,6.120000,5.990000,6.090000,57540,SSI iBoard
2012-11-19,6.090000,6.090000,5.960000,5.960000,107960,SSI iBoard
2012-11-20,5.870000,6.060000,5.870000,5.990000,40960,SSI iBoard
2012-11-21,5.990000,6.160000,5.990000,6.090000,356010,SSI iBoard
2012-11-22,6.030000,6.090000,6.030000,6.090000,57350,SSI iBoard
2012-11-23,6.060000,6.120000,6.030000,6.060000,262050,SSI iBoard
2012-11-26,6.060000,6.060000,5.870000,5.900000,68210,SSI iBoard
2012-11-27,5.900000,5.900000,5.870000,5.900000,118230,SSI iBoard
2012-11-28,5.900000,5.930000,5.870000,5.900000,59850,SSI iBoard
2012-11-29,5.900000,5.960000,5.870000,5.930000,68770,SSI iBoard
2012-11-30,5.930000,5.960000,5.930000,5.930000,146080,SSI iBoard
2012-12-03,5.870000,6.190000,5.870000,6.190000,217180,SSI iBoard
2012-12-04,6.120000,6.120000,6.030000,6.090000,129250,SSI iBoard
2012-12-05,6.120000,6.220000,6.090000,6.120000,243500,SSI iBoard
2012-12-06,6.190000,6.190000,6.120000,6.160000,256780,SSI iBoard
2012-12-07,6.190000,6.350000,6.190000,6.250000,639750,SSI iBoard
2012-12-10,6.350000,6.350000,6.250000,6.280000,303170,SSI iBoard
2012-12-11,6.250000,6.380000,6.220000,6.380000,568110,SSI iBoard
2012-12-12,6.380000,6.450000,6.350000,6.410000,311000,SSI iBoard
2012-12-13,6.450000,6.540000,6.380000,6.540000,536730,SSI iBoard
2012-12-14,6.640000,6.740000,6.570000,6.570000,210880,SSI iBoard
2012-12-17,6.250000,6.250000,6.250000,6.250000,316550,SSI iBoard
2012-12-18,5.960000,5.960000,5.960000,5.960000,133350,SSI iBoard
2012-12-19,5.670000,5.960000,5.670000,5.700000,7534040,SSI iBoard
2012-12-20,5.800000,5.960000,5.800000,5.960000,2640050,SSI iBoard
2012-12-21,6.250000,6.250000,5.960000,6.250000,6004380,SSI iBoard
2012-12-24,6.090000,6.220000,6.060000,6.090000,2016560,SSI iBoard
2012-12-25,6.120000,6.380000,6.120000,6.320000,2648700,SSI iBoard
2012-12-26,6.280000,6.610000,6.280000,6.540000,3165690,SSI iBoard
2012-12-27,6.670000,6.740000,6.540000,6.540000,2588200,SSI iBoard
2012-12-28,6.640000,6.700000,6.480000,6.670000,1621810,SSI iBoard
2013-01-02,6.700000,6.800000,6.570000,6.800000,885890,SSI iBoard
2013-01-03,6.770000,6.770000,6.610000,6.740000,935770,SSI iBoard
2013-01-04,6.700000,6.860000,6.640000,6.770000,627400,SSI iBoard
2013-01-07,6.930000,6.930000,6.740000,6.800000,1796680,SSI iBoard
2013-01-08,6.770000,6.860000,6.740000,6.860000,756690,SSI iBoard
2013-01-09,7.090000,7.090000,6.830000,7.090000,1476400,SSI iBoard
2013-01-10,6.930000,7.350000,6.930000,7.350000,1530930,SSI iBoard
2013-01-11,7.410000,7.480000,7.190000,7.190000,870080,SSI iBoard
2013-01-14,7.060000,7.150000,6.990000,7.120000,384230,SSI iBoard
2013-01-15,7.150000,7.220000,6.990000,7.220000,473080,SSI iBoard
2013-01-16,7.250000,7.410000,7.220000,7.250000,323980,SSI iBoard
2013-01-17,7.320000,7.320000,7.120000,7.150000,205190,SSI iBoard
2013-01-18,7.150000,7.150000,7.030000,7.060000,400750,SSI iBoard
2013-01-21,7.060000,7.060000,6.900000,6.900000,257050,SSI iBoard
2013-01-22,6.860000,6.930000,6.770000,6.770000,290790,SSI iBoard
2013-01-23,6.860000,6.930000,6.700000,6.740000,307960,SSI iBoard
2013-01-24,6.770000,6.900000,6.700000,6.830000,187140,SSI iBoard
2013-01-25,6.930000,7.280000,6.930000,7.280000,1073500,SSI iBoard
2013-01-28,7.480000,7.510000,7.350000,7.380000,796030,SSI iBoard
2013-01-29,7.190000,7.570000,7.190000,7.570000,954260,SSI iBoard
2013-01-30,7.570000,7.610000,7.510000,7.540000,1153000,SSI iBoard
2013-01-31,7.510000,7.510000,7.380000,7.410000,974180,SSI iBoard
2013-02-01,7.380000,7.540000,7.280000,7.540000,677210,SSI iBoard
2013-02-04,7.570000,7.570000,7.410000,7.410000,252500,SSI iBoard
2013-02-05,7.410000,7.410000,7.280000,7.350000,228640,SSI iBoard
2013-02-06,7.480000,7.540000,7.480000,7.540000,788620,SSI iBoard
2013-02-07,7.510000,7.570000,7.510000,7.540000,261460,SSI iBoard
2013-02-08,7.570000,7.640000,7.570000,7.640000,423540,SSI iBoard
2013-02-18,7.640000,7.700000,7.570000,7.570000,285890,SSI iBoard
2013-02-19,7.510000,7.540000,7.350000,7.480000,1032760,SSI iBoard
2013-02-20,7.480000,7.480000,7.320000,7.480000,796150,SSI iBoard
2013-02-21,7.380000,7.510000,7.320000,7.320000,250660,SSI iBoard
2013-02-22,7.320000,7.380000,7.220000,7.220000,552820,SSI iBoard
2013-02-25,7.250000,7.280000,6.990000,7.090000,609200,SSI iBoard
2013-02-26,7.090000,7.090000,6.610000,6.610000,1472580,SSI iBoard
2013-02-27,6.700000,6.900000,6.640000,6.800000,790150,SSI iBoard
2013-02-28,6.800000,6.830000,6.450000,6.450000,2846940,SSI iBoard
2013-03-01,6.510000,6.670000,6.510000,6.540000,1126250,SSI iBoard
2013-03-04,6.450000,6.450000,6.190000,6.190000,1034400,SSI iBoard
2013-03-05,6.190000,6.190000,5.930000,5.990000,1249550,SSI iBoard
2013-03-06,6.090000,6.120000,6.030000,6.060000,898730,SSI iBoard
2013-03-07,6.030000,6.280000,5.990000,6.090000,1253400,SSI iBoard
2013-03-08,6.120000,6.280000,6.120000,6.250000,1051530,SSI iBoard
2013-03-11,6.320000,6.510000,6.280000,6.380000,972860,SSI iBoard
2013-03-12,6.380000,6.380000,6.220000,6.320000,788400,SSI iBoard
2013-03-13,6.320000,6.450000,6.250000,6.280000,1442410,SSI iBoard
2013-03-14,6.280000,6.280000,6.060000,6.120000,5217320,SSI iBoard
2013-03-15,6.190000,6.320000,6.120000,6.120000,17309950,SSI iBoard
2013-03-18,6.280000,6.450000,6.280000,6.410000,1244790,SSI iBoard
2013-03-19,6.320000,6.320000,6.250000,6.250000,1304850,SSI iBoard
2013-03-20,6.220000,6.280000,6.160000,6.250000,3396540,SSI iBoard
2013-03-21,6.280000,6.320000,6.190000,6.190000,2565290,SSI iBoard
2013-03-22,6.220000,6.250000,6.060000,6.120000,2934160,SSI iBoard
2013-03-25,6.090000,6.160000,6.060000,6.120000,1560180,SSI iBoard
2013-03-26,6.190000,6.250000,6.160000,6.160000,1531810,SSI iBoard
2013-03-27,6.160000,6.160000,6.090000,6.120000,887760,SSI iBoard
2013-03-28,6.090000,6.120000,6.030000,6.060000,2356650,SSI iBoard
2013-03-29,5.990000,6.090000,5.930000,6.060000,1574920,SSI iBoard
2013-04-01,6.060000,6.160000,5.990000,6.160000,1465880,SSI iBoard
2013-04-02,6.220000,6.570000,6.190000,6.450000,7467840,SSI iBoard
2013-04-03,6.480000,6.610000,6.320000,6.380000,2332800,SSI iBoard
2013-04-04,6.380000,6.540000,6.350000,6.450000,2442380,SSI iBoard
2013-04-05,6.450000,6.450000,6.350000,6.410000,1293510,SSI iBoard
2013-04-08,6.450000,6.510000,6.380000,6.410000,1314000,SSI iBoard
2013-04-09,6.410000,6.410000,6.350000,6.350000,1196470,SSI iBoard
2013-04-10,6.350000,6.450000,6.250000,6.250000,1537340,SSI iBoard
2013-04-11,6.280000,6.280000,6.190000,6.220000,1246210,SSI iBoard
2013-04-12,6.220000,6.350000,6.120000,6.190000,1074450,SSI iBoard
2013-04-15,6.220000,6.220000,5.990000,5.990000,2221500,SSI iBoard
2013-04-16,5.960000,6.030000,5.870000,5.990000,1465120,SSI iBoard
2013-04-17,6.030000,6.060000,5.990000,6.030000,1117050,SSI iBoard
2013-04-18,5.960000,5.990000,5.900000,5.930000,1372850,SSI iBoard
2013-04-22,5.930000,5.960000,5.830000,5.830000,1511270,SSI iBoard
2013-04-23,5.870000,5.960000,5.870000,5.900000,607130,SSI iBoard
2013-04-24,5.900000,5.960000,5.870000,5.870000,680410,SSI iBoard
2013-04-25,5.930000,5.930000,5.870000,5.900000,386680,SSI iBoard
2013-04-26,5.930000,5.960000,5.900000,5.930000,404400,SSI iBoard
2013-05-02,5.900000,5.960000,5.900000,5.900000,371770,SSI iBoard
2013-05-03,5.930000,6.030000,5.930000,6.030000,1120000,SSI iBoard
2013-05-06,6.090000,6.160000,6.060000,6.120000,671320,SSI iBoard
2013-05-07,6.120000,6.160000,6.030000,6.060000,679310,SSI iBoard
2013-05-08,6.060000,6.060000,5.930000,5.930000,449640,SSI iBoard
2013-05-09,5.990000,6.030000,5.960000,5.960000,473710,SSI iBoard
2013-05-10,5.990000,5.990000,5.960000,5.960000,520240,SSI iBoard
2013-05-13,6.030000,6.030000,5.960000,5.960000,249070,SSI iBoard
2013-05-14,5.960000,5.990000,5.900000,5.990000,436380,SSI iBoard
2013-05-15,5.990000,6.030000,5.960000,6.030000,357570,SSI iBoard
2013-05-16,5.990000,6.120000,5.990000,6.030000,884210,SSI iBoard
2013-05-17,6.060000,6.090000,6.030000,6.060000,408850,SSI iBoard
2013-05-20,6.060000,6.090000,6.030000,6.060000,510370,SSI iBoard
2013-05-21,6.090000,6.160000,6.060000,6.090000,1104670,SSI iBoard
2013-05-22,6.160000,6.190000,6.060000,6.060000,900730,SSI iBoard
2013-05-23,6.060000,6.060000,5.960000,5.960000,708390,SSI iBoard
2013-05-24,5.960000,6.030000,5.930000,5.990000,557530,SSI iBoard
2013-05-27,6.030000,6.060000,5.960000,5.990000,913120,SSI iBoard
2013-05-28,6.030000,6.060000,5.960000,5.990000,708060,SSI iBoard
2013-05-29,6.030000,6.060000,5.960000,5.990000,1172200,SSI iBoard
2013-05-30,5.960000,5.990000,5.960000,5.990000,436920,SSI iBoard
2013-05-31,6.060000,6.190000,6.060000,6.060000,2503790,SSI iBoard
2013-06-03,6.090000,6.160000,6.030000,6.060000,1071360,SSI iBoard
2013-06-04,6.060000,6.090000,5.990000,5.990000,949760,SSI iBoard
2013-06-05,5.990000,5.990000,5.900000,5.960000,1121260,SSI iBoard
2013-06-06,6.060000,6.350000,6.030000,6.350000,4857410,SSI iBoard
2013-06-07,6.570000,6.770000,6.480000,6.740000,4224740,SSI iBoard
2013-06-10,6.770000,6.770000,6.450000,6.450000,1680130,SSI iBoard
2013-06-11,6.410000,6.410000,6.280000,6.280000,1852170,SSI iBoard
2013-06-12,6.220000,6.380000,6.220000,6.280000,920610,SSI iBoard
2013-06-13,6.280000,6.320000,6.190000,6.220000,883280,SSI iBoard
2013-06-14,6.280000,6.320000,6.190000,6.220000,1194500,SSI iBoard
2013-06-17,6.220000,6.220000,6.090000,6.090000,1217160,SSI iBoard
2013-06-18,6.060000,6.120000,6.030000,6.090000,616920,SSI iBoard
2013-06-19,6.120000,6.380000,6.120000,6.320000,1449960,SSI iBoard
2013-06-20,6.280000,6.350000,6.220000,6.250000,1246830,SSI iBoard
2013-06-21,6.220000,6.280000,6.190000,6.280000,831160,SSI iBoard
2013-06-24,6.320000,6.450000,6.250000,6.320000,1769760,SSI iBoard
2013-06-25,6.320000,6.320000,6.060000,6.160000,2185700,SSI iBoard
2013-06-26,6.160000,6.410000,6.160000,6.320000,2026210,SSI iBoard
2013-06-27,6.410000,6.570000,6.350000,6.480000,3602320,SSI iBoard
2013-06-28,6.480000,6.570000,6.410000,6.450000,3422360,SSI iBoard
2013-07-01,6.450000,6.450000,6.280000,6.280000,265280,SSI iBoard
2013-07-02,6.280000,6.350000,6.280000,6.280000,385640,SSI iBoard
2013-07-03,6.350000,6.380000,6.320000,6.320000,169360,SSI iBoard
2013-07-04,6.380000,6.380000,6.280000,6.280000,264250,SSI iBoard
2013-07-05,6.320000,6.350000,6.280000,6.280000,290270,SSI iBoard
2013-07-08,6.320000,6.350000,6.280000,6.320000,197290,SSI iBoard
2013-07-09,6.350000,6.380000,6.280000,6.350000,203500,SSI iBoard
2013-07-10,6.350000,6.380000,6.320000,6.320000,123670,SSI iBoard
2013-07-11,6.320000,6.320000,6.280000,6.280000,95050,SSI iBoard
2013-07-12,6.320000,6.380000,6.320000,6.380000,165520,SSI iBoard
2013-07-15,6.480000,6.570000,6.450000,6.450000,578440,SSI iBoard
2013-07-16,6.510000,6.510000,6.410000,6.410000,345610,SSI iBoard
2013-07-17,6.450000,6.450000,6.380000,6.450000,218120,SSI iBoard
2013-07-18,6.450000,6.450000,6.350000,6.350000,345750,SSI iBoard
2013-07-19,6.480000,6.480000,6.350000,6.380000,327670,SSI iBoard
2013-07-22,6.410000,6.450000,6.320000,6.320000,169320,SSI iBoard
2013-07-23,6.320000,6.410000,6.320000,6.410000,394020,SSI iBoard
2013-07-24,6.410000,6.410000,6.280000,6.280000,498330,SSI iBoard
2013-07-25,6.320000,6.350000,6.280000,6.280000,241440,SSI iBoard
2013-07-26,6.320000,6.320000,6.220000,6.280000,279050,SSI iBoard
2013-07-29,6.280000,6.280000,6.190000,6.190000,323740,SSI iBoard
2013-07-30,6.190000,6.250000,6.190000,6.220000,202530,SSI iBoard
2013-07-31,6.220000,6.220000,6.190000,6.190000,158790,SSI iBoard
2013-08-01,6.160000,6.250000,6.160000,6.220000,50980,SSI iBoard
2013-08-02,6.220000,6.280000,6.220000,6.220000,60970,SSI iBoard
2013-08-05,6.220000,6.220000,6.190000,6.190000,135220,SSI iBoard
2013-08-06,6.190000,6.190000,6.160000,6.190000,207710,SSI iBoard
2013-08-07,6.190000,6.190000,6.160000,6.160000,135890,SSI iBoard
2013-08-08,6.190000,6.190000,6.160000,6.160000,219910,SSI iBoard
2013-08-09,6.190000,6.190000,6.120000,6.160000,114210,SSI iBoard
2013-08-12,6.190000,6.190000,6.120000,6.120000,217870,SSI iBoard
2013-08-13,6.120000,6.160000,6.120000,6.120000,596500,SSI iBoard
2013-08-14,6.120000,6.160000,6.120000,6.160000,389760,SSI iBoard
2013-08-15,6.250000,6.320000,6.220000,6.250000,577360,SSI iBoard
2013-08-16,6.280000,6.280000,6.220000,6.250000,358260,SSI iBoard
2013-08-19,6.280000,6.320000,6.250000,6.280000,265510,SSI iBoard
2013-08-20,6.280000,6.280000,6.220000,6.220000,396750,SSI iBoard
2013-08-21,6.220000,6.220000,6.190000,6.190000,276770,SSI iBoard
2013-08-22,6.190000,6.220000,6.120000,6.120000,382960,SSI iBoard
2013-08-23,6.190000,6.190000,6.090000,6.120000,691490,SSI iBoard
2013-08-26,6.160000,6.160000,6.060000,6.090000,428470,SSI iBoard
2013-08-27,6.120000,6.220000,6.090000,6.190000,396000,SSI iBoard
2013-08-28,6.190000,6.190000,6.030000,6.090000,636480,SSI iBoard
2013-08-29,6.320000,6.380000,6.220000,6.250000,1829100,SSI iBoard
2013-08-30,6.280000,6.280000,6.190000,6.280000,864080,SSI iBoard
2013-09-03,6.320000,6.350000,6.220000,6.220000,692370,SSI iBoard
2013-09-04,6.190000,6.280000,6.190000,6.250000,515960,SSI iBoard
2013-09-05,6.250000,6.320000,6.250000,6.280000,585110,SSI iBoard
2013-09-06,6.380000,6.380000,6.200000,6.200000,1151800,SSI iBoard
2013-09-09,6.240000,6.270000,6.130000,6.130000,435470,SSI iBoard
2013-09-10,6.160000,6.240000,6.130000,6.160000,364320,SSI iBoard
2013-09-11,6.200000,6.240000,6.130000,6.130000,389180,SSI iBoard
2013-09-12,6.130000,6.160000,6.090000,6.090000,456860,SSI iBoard
2013-09-13,6.090000,6.130000,6.050000,6.050000,475590,SSI iBoard
2013-09-16,6.090000,6.090000,5.980000,5.980000,353770,SSI iBoard
2013-09-17,5.980000,5.980000,5.900000,5.940000,450970,SSI iBoard
2013-09-18,5.900000,5.940000,5.790000,5.830000,702540,SSI iBoard
2013-09-19,5.870000,5.980000,5.870000,5.940000,286620,SSI iBoard
2013-09-20,5.980000,6.010000,5.940000,5.940000,306090,SSI iBoard
2013-09-23,5.940000,5.980000,5.900000,5.980000,278410,SSI iBoard
2013-09-24,5.980000,6.050000,5.940000,5.980000,380100,SSI iBoard
2013-09-25,6.010000,6.090000,5.980000,6.090000,422120,SSI iBoard
2013-09-26,6.090000,6.090000,6.010000,6.090000,147890,SSI iBoard
2013-09-27,6.090000,6.090000,6.010000,6.010000,230060,SSI iBoard
2013-09-30,6.050000,6.270000,6.050000,6.160000,814480,SSI iBoard
2013-10-01,6.200000,6.380000,6.200000,6.310000,1603090,SSI iBoard
2013-10-02,6.310000,6.350000,6.270000,6.310000,479020,SSI iBoard
2013-10-03,6.310000,6.310000,6.240000,6.310000,589400,SSI iBoard
2013-10-04,6.270000,6.310000,6.240000,6.270000,501140,SSI iBoard
2013-10-07,6.310000,6.530000,6.270000,6.530000,1211440,SSI iBoard
2013-10-08,6.530000,6.640000,6.500000,6.570000,1218540,SSI iBoard
2013-10-09,6.530000,6.570000,6.460000,6.460000,584850,SSI iBoard
2013-10-10,6.420000,6.500000,6.420000,6.460000,573940,SSI iBoard
2013-10-11,6.460000,6.500000,6.420000,6.420000,524950,SSI iBoard
2013-10-14,6.420000,6.460000,6.380000,6.420000,313530,SSI iBoard
2013-10-15,6.420000,6.460000,6.380000,6.420000,546740,SSI iBoard
2013-10-16,6.380000,6.610000,6.380000,6.530000,1610260,SSI iBoard
2013-10-17,6.610000,6.640000,6.530000,6.570000,1146020,SSI iBoard
2013-10-18,6.570000,6.570000,6.530000,6.570000,261130,SSI iBoard
2013-10-21,6.570000,6.610000,6.530000,6.570000,930340,SSI iBoard
2013-10-22,6.570000,6.570000,6.460000,6.460000,270550,SSI iBoard
2013-10-23,6.460000,6.500000,6.460000,6.460000,267190,SSI iBoard
2013-10-24,6.460000,6.570000,6.420000,6.500000,665300,SSI iBoard
2013-10-25,6.460000,6.530000,6.420000,6.500000,395240,SSI iBoard
2013-10-28,6.500000,6.500000,6.420000,6.420000,231680,SSI iBoard
2013-10-29,6.420000,6.460000,6.420000,6.460000,287200,SSI iBoard
2013-10-30,6.460000,6.610000,6.460000,6.570000,1079510,SSI iBoard
2013-10-31,6.570000,6.570000,6.460000,6.460000,209580,SSI iBoard
2013-11-01,6.530000,6.530000,6.460000,6.500000,244880,SSI iBoard
2013-11-04,6.500000,6.500000,6.420000,6.460000,432580,SSI iBoard
2013-11-05,6.460000,6.460000,6.380000,6.420000,277730,SSI iBoard
2013-11-06,6.420000,6.460000,6.380000,6.420000,412070,SSI iBoard
2013-11-07,6.420000,6.460000,6.380000,6.420000,322950,SSI iBoard
2013-11-08,6.420000,6.420000,6.350000,6.420000,368550,SSI iBoard
2013-11-11,6.350000,6.420000,6.350000,6.420000,698170,SSI iBoard
2013-11-12,6.380000,6.420000,6.350000,6.380000,495820,SSI iBoard
2013-11-13,6.380000,6.380000,6.350000,6.350000,328310,SSI iBoard
2013-11-14,6.350000,6.380000,6.310000,6.350000,240560,SSI iBoard
2013-11-15,6.350000,6.420000,6.350000,6.380000,428120,SSI iBoard
2013-11-18,6.350000,6.420000,6.350000,6.380000,373520,SSI iBoard
2013-11-19,6.420000,6.420000,6.380000,6.380000,313400,SSI iBoard
2013-11-20,6.380000,6.380000,6.310000,6.350000,385430,SSI iBoard
2013-11-21,6.350000,6.420000,6.350000,6.350000,987420,SSI iBoard
2013-11-22,6.380000,6.380000,6.350000,6.350000,302800,SSI iBoard
2013-11-25,6.380000,6.380000,6.350000,6.350000,225870,SSI iBoard
2013-11-26,6.380000,6.380000,6.310000,6.380000,1100920,SSI iBoard
2013-11-27,6.380000,6.420000,6.350000,6.380000,579030,SSI iBoard
2013-11-28,6.380000,6.460000,6.350000,6.380000,471800,SSI iBoard
2013-11-29,6.420000,6.420000,6.380000,6.380000,373380,SSI iBoard
2013-12-02,6.380000,6.420000,6.380000,6.420000,251300,SSI iBoard
2013-12-03,6.420000,6.420000,6.310000,6.350000,909460,SSI iBoard
2013-12-04,6.350000,6.380000,6.350000,6.380000,776500,SSI iBoard
2013-12-05,6.380000,6.380000,6.310000,6.350000,575030,SSI iBoard
2013-12-06,6.350000,6.380000,6.310000,6.380000,1092140,SSI iBoard
2013-12-09,6.380000,6.380000,6.350000,6.350000,272670,SSI iBoard
2013-12-10,6.350000,6.350000,6.310000,6.350000,332260,SSI iBoard
2013-12-11,6.350000,6.350000,6.270000,6.270000,596550,SSI iBoard
2013-12-12,6.240000,6.270000,6.240000,6.270000,466380,SSI iBoard
2013-12-13,6.310000,6.310000,6.240000,6.270000,332290,SSI iBoard
2013-12-16,6.270000,6.310000,6.240000,6.270000,191020,SSI iBoard
2013-12-17,6.270000,6.270000,6.160000,6.240000,894590,SSI iBoard
2013-12-18,6.200000,6.240000,6.160000,6.200000,358020,SSI iBoard
2013-12-19,6.200000,6.270000,6.160000,6.200000,572270,SSI iBoard
2013-12-20,6.200000,6.240000,6.160000,6.200000,260420,SSI iBoard
2013-12-23,6.200000,6.240000,6.200000,6.200000,173680,SSI iBoard
2013-12-24,6.200000,6.200000,6.130000,6.160000,768970,SSI iBoard
2013-12-25,6.130000,6.160000,6.090000,6.130000,212740,SSI iBoard
2013-12-26,6.130000,6.160000,6.090000,6.130000,267420,SSI iBoard
2013-12-27,6.130000,6.130000,6.050000,6.050000,334940,SSI iBoard
2013-12-30,6.050000,6.050000,5.940000,5.940000,695450,SSI iBoard
2013-12-31,5.900000,6.050000,5.900000,6.010000,375050,SSI iBoard
2014-01-02,6.130000,6.130000,6.050000,6.090000,156420,SSI iBoard
2014-01-03,6.090000,6.090000,5.980000,6.050000,405640,SSI iBoard
2014-01-06,6.090000,6.090000,6.010000,6.010000,323570,SSI iBoard
2014-01-07,6.160000,6.270000,6.130000,6.130000,1544480,SSI iBoard
2014-01-08,6.160000,6.160000,6.050000,6.090000,861290,SSI iBoard
2014-01-09,6.050000,6.090000,6.050000,6.050000,639000,SSI iBoard
2014-01-10,6.010000,6.090000,6.010000,6.010000,1561860,SSI iBoard
2014-01-13,6.010000,6.050000,5.980000,6.010000,945410,SSI iBoard
2014-01-14,6.010000,6.050000,5.980000,6.010000,555810,SSI iBoard
2014-01-15,6.010000,6.010000,5.980000,6.010000,777170,SSI iBoard
2014-01-16,5.980000,6.010000,5.940000,5.940000,862350,SSI iBoard
2014-01-17,6.010000,6.160000,5.940000,6.050000,2208550,SSI iBoard
2014-01-20,6.050000,6.130000,6.050000,6.050000,680960,SSI iBoard
2014-01-21,6.130000,6.130000,6.050000,6.130000,439370,SSI iBoard
2014-01-22,6.130000,6.200000,6.050000,6.200000,1524570,SSI iBoard
2014-01-23,6.200000,6.460000,6.160000,6.350000,1869230,SSI iBoard
2014-01-24,6.420000,6.420000,6.240000,6.270000,979250,SSI iBoard
2014-01-27,6.270000,6.350000,6.240000,6.270000,421920,SSI iBoard
2014-02-06,6.240000,6.270000,6.160000,6.240000,740790,SSI iBoard
2014-02-07,6.200000,6.270000,6.160000,6.200000,573240,SSI iBoard
2014-02-10,6.160000,6.240000,6.130000,6.160000,1136920,SSI iBoard
2014-02-11,6.200000,6.270000,6.130000,6.160000,1443630,SSI iBoard
2014-02-12,6.200000,6.240000,6.160000,6.200000,882890,SSI iBoard
2014-02-13,6.240000,6.270000,6.200000,6.270000,1328140,SSI iBoard
2014-02-14,6.270000,6.350000,6.240000,6.270000,1317080,SSI iBoard
2014-02-17,6.270000,6.270000,6.200000,6.240000,814840,SSI iBoard
2014-02-18,6.240000,6.270000,6.160000,6.240000,1753240,SSI iBoard
2014-02-19,6.240000,6.270000,6.160000,6.200000,1594050,SSI iBoard
2014-02-20,6.200000,6.460000,6.200000,6.270000,2711220,SSI iBoard
2014-02-21,6.270000,6.270000,6.160000,6.240000,526060,SSI iBoard
2014-02-24,6.270000,6.310000,6.200000,6.240000,531630,SSI iBoard
2014-02-25,6.240000,6.270000,6.160000,6.200000,1149450,SSI iBoard
2014-02-26,6.270000,6.380000,6.240000,6.310000,2460830,SSI iBoard
2014-02-27,6.350000,6.610000,6.310000,6.420000,5154590,SSI iBoard
2014-02-28,6.420000,6.530000,6.420000,6.530000,2137060,SSI iBoard
2014-03-03,6.500000,6.500000,6.310000,6.350000,1523820,SSI iBoard
2014-03-04,6.310000,6.350000,6.200000,6.270000,1303770,SSI iBoard
2014-03-05,6.310000,6.350000,6.240000,6.270000,709390,SSI iBoard
2014-03-06,6.270000,6.310000,6.240000,6.270000,1282230,SSI iBoard
2014-03-07,6.270000,6.350000,6.240000,6.310000,1247120,SSI iBoard
2014-03-10,6.350000,6.350000,6.310000,6.310000,1135680,SSI iBoard
2014-03-11,6.350000,6.350000,6.270000,6.310000,1241880,SSI iBoard
2014-03-12,6.310000,6.310000,6.240000,6.240000,1042030,SSI iBoard
2014-03-13,6.240000,6.270000,6.200000,6.240000,806990,SSI iBoard
2014-03-14,6.240000,6.310000,6.240000,6.240000,919120,SSI iBoard
2014-03-17,6.270000,6.310000,6.240000,6.270000,1207050,SSI iBoard
2014-03-18,6.270000,6.310000,6.240000,6.240000,1222190,SSI iBoard
2014-03-19,6.270000,6.420000,6.270000,6.380000,1601500,SSI iBoard
2014-03-20,6.420000,6.460000,6.310000,6.350000,1122840,SSI iBoard
2014-03-21,6.380000,6.460000,6.380000,6.420000,1469890,SSI iBoard
2014-03-24,6.460000,6.570000,6.460000,6.570000,2435290,SSI iBoard
2014-03-25,6.570000,6.610000,6.500000,6.530000,2245650,SSI iBoard
2014-03-26,6.500000,6.530000,6.350000,6.350000,1870400,SSI iBoard
2014-03-27,6.350000,6.350000,6.240000,6.310000,1340050,SSI iBoard
2014-03-28,6.350000,6.380000,6.270000,6.350000,796870,SSI iBoard
2014-03-31,6.350000,6.350000,6.240000,6.270000,717040,SSI iBoard
2014-04-01,6.270000,6.270000,6.160000,6.160000,767310,SSI iBoard
2014-04-02,6.200000,6.240000,6.130000,6.160000,1336010,SSI iBoard
2014-04-03,6.240000,6.270000,6.160000,6.240000,387770,SSI iBoard
2014-04-04,6.270000,6.270000,6.200000,6.240000,308550,SSI iBoard
2014-04-07,6.240000,6.240000,6.160000,6.200000,2084000,SSI iBoard
2014-04-08,6.200000,6.240000,6.200000,6.200000,830580,SSI iBoard
2014-04-10,6.200000,6.240000,6.160000,6.240000,516120,SSI iBoard
2014-04-11,6.200000,6.200000,6.160000,6.160000,651650,SSI iBoard
2014-04-14,6.200000,6.200000,6.130000,6.130000,483100,SSI iBoard
2014-04-15,6.130000,6.160000,6.010000,6.010000,915260,SSI iBoard
2014-04-16,6.010000,6.010000,5.870000,5.940000,1513510,SSI iBoard
2014-04-17,5.940000,6.050000,5.940000,5.980000,547020,SSI iBoard
2014-04-18,6.010000,6.010000,5.870000,5.870000,581360,SSI iBoard
2014-04-21,5.900000,5.900000,5.790000,5.790000,768040,SSI iBoard
2014-04-22,5.790000,5.940000,5.790000,5.940000,587700,SSI iBoard
2014-04-23,5.940000,6.010000,5.900000,5.940000,405570,SSI iBoard
2014-04-24,5.900000,5.940000,5.870000,5.900000,152630,SSI iBoard
2014-04-25,5.900000,5.940000,5.870000,5.870000,304020,SSI iBoard
2014-04-28,5.900000,5.900000,5.830000,5.870000,146390,SSI iBoard
2014-04-29,5.830000,5.900000,5.830000,5.870000,412680,SSI iBoard
2014-05-05,5.830000,5.900000,5.750000,5.750000,452070,SSI iBoard
2014-05-06,5.790000,5.790000,5.640000,5.750000,777820,SSI iBoard
2014-05-07,5.750000,5.830000,5.680000,5.830000,252730,SSI iBoard
2014-05-08,5.720000,5.720000,5.460000,5.530000,1202350,SSI iBoard
2014-05-09,5.530000,5.750000,5.530000,5.750000,707540,SSI iBoard
2014-05-12,5.720000,5.720000,5.490000,5.530000,877670,SSI iBoard
2014-05-13,5.490000,5.570000,5.490000,5.530000,648740,SSI iBoard
2014-05-14,5.530000,5.790000,5.530000,5.790000,657380,SSI iBoard
2014-05-15,5.680000,5.830000,5.640000,5.640000,580130,SSI iBoard
2014-05-16,5.610000,5.720000,5.570000,5.720000,356220,SSI iBoard
2014-05-19,5.720000,5.750000,5.680000,5.680000,588870,SSI iBoard
2014-05-20,5.680000,5.720000,5.640000,5.680000,464210,SSI iBoard
2014-05-21,5.840000,5.960000,5.800000,5.960000,575560,SSI iBoard
2014-05-22,5.880000,5.960000,5.800000,5.800000,482210,SSI iBoard
2014-05-23,5.840000,5.880000,5.800000,5.840000,151990,SSI iBoard
2014-05-26,5.840000,5.840000,5.760000,5.800000,260610,SSI iBoard
2014-05-27,5.840000,5.920000,5.800000,5.880000,523080,SSI iBoard
2014-05-28,5.920000,5.960000,5.880000,5.880000,323250,SSI iBoard
2014-05-29,5.880000,5.920000,5.880000,5.880000,309790,SSI iBoard
2014-05-30,5.880000,5.920000,5.840000,5.920000,233090,SSI iBoard
2014-06-02,5.960000,5.960000,5.840000,5.880000,208430,SSI iBoard
2014-06-03,5.880000,5.880000,5.800000,5.800000,127840,SSI iBoard
2014-06-04,5.840000,5.840000,5.760000,5.760000,221210,SSI iBoard
2014-06-05,5.760000,5.800000,5.720000,5.800000,149210,SSI iBoard
2014-06-06,5.760000,5.800000,5.760000,5.800000,123700,SSI iBoard
2014-06-09,5.800000,5.880000,5.760000,5.840000,307390,SSI iBoard
2014-06-10,5.760000,5.840000,5.760000,5.760000,267910,SSI iBoard
2014-06-11,5.760000,5.800000,5.760000,5.800000,105820,SSI iBoard
2014-06-12,5.800000,5.840000,5.800000,5.800000,472840,SSI iBoard
2014-06-13,5.800000,5.880000,5.760000,5.840000,268700,SSI iBoard
2014-06-16,5.880000,5.880000,5.800000,5.800000,189300,SSI iBoard
2014-06-17,5.800000,5.840000,5.800000,5.840000,145730,SSI iBoard
2014-06-18,5.840000,5.880000,5.840000,5.880000,384560,SSI iBoard
2014-06-19,5.840000,5.880000,5.800000,5.840000,238390,SSI iBoard
2014-06-20,5.840000,5.840000,5.800000,5.840000,203700,SSI iBoard
2014-06-23,5.800000,5.840000,5.800000,5.840000,108700,SSI iBoard
2014-06-24,5.840000,5.880000,5.800000,5.880000,348350,SSI iBoard
2014-06-25,5.840000,5.880000,5.840000,5.840000,206200,SSI iBoard
2014-06-26,5.800000,5.880000,5.800000,5.800000,400430,SSI iBoard
2014-06-27,5.800000,5.840000,5.760000,5.800000,152870,SSI iBoard
2014-06-30,5.800000,5.840000,5.760000,5.760000,324720,SSI iBoard
2014-07-01,5.760000,5.800000,5.720000,5.800000,253680,SSI iBoard
2014-07-02,5.800000,5.800000,5.720000,5.760000,306790,SSI iBoard
2014-07-03,5.760000,5.840000,5.760000,5.840000,445310,SSI iBoard
2014-07-04,5.840000,5.880000,5.800000,5.840000,476310,SSI iBoard
2014-07-07,5.840000,5.880000,5.800000,5.840000,334300,SSI iBoard
2014-07-08,5.840000,5.880000,5.800000,5.840000,450930,SSI iBoard
2014-07-09,5.840000,5.880000,5.800000,5.880000,351780,SSI iBoard
2014-07-10,5.880000,5.880000,5.800000,5.800000,464290,SSI iBoard
2014-07-11,5.840000,5.840000,5.760000,5.800000,255060,SSI iBoard
2014-07-14,5.840000,5.840000,5.800000,5.840000,99620,SSI iBoard
2014-07-15,5.840000,5.880000,5.800000,5.840000,420890,SSI iBoard
2014-07-16,5.880000,5.920000,5.840000,5.840000,460700,SSI iBoard
2014-07-17,5.800000,5.880000,5.800000,5.800000,213390,SSI iBoard
2014-07-18,5.800000,5.920000,5.800000,5.880000,542890,SSI iBoard
2014-07-21,5.880000,5.920000,5.800000,5.840000,348410,SSI iBoard
2014-07-22,5.840000,5.840000,5.800000,5.800000,208540,SSI iBoard
2014-07-23,5.840000,5.840000,5.800000,5.800000,94260,SSI iBoard
2014-07-24,5.800000,5.920000,5.800000,5.880000,548350,SSI iBoard
2014-07-25,5.840000,5.880000,5.800000,5.800000,289720,SSI iBoard
2014-07-28,5.800000,5.840000,5.760000,5.800000,303680,SSI iBoard
2014-07-29,5.800000,5.800000,5.760000,5.800000,169860,SSI iBoard
2014-07-30,5.760000,5.840000,5.760000,5.760000,187060,SSI iBoard
2014-07-31,5.760000,5.840000,5.760000,5.840000,169480,SSI iBoard
2014-08-01,5.840000,5.840000,5.800000,5.840000,187800,SSI iBoard
2014-08-04,5.800000,5.840000,5.800000,5.800000,259070,SSI iBoard
2014-08-05,5.800000,5.840000,5.760000,5.840000,254720,SSI iBoard
2014-08-06,5.840000,5.840000,5.800000,5.800000,122680,SSI iBoard
2014-08-07,5.800000,5.840000,5.760000,5.800000,94090,SSI iBoard
2014-08-08,5.800000,5.840000,5.760000,5.800000,221280,SSI iBoard
2014-08-11,5.800000,5.840000,5.800000,5.800000,194320,SSI iBoard
2014-08-12,5.760000,5.840000,5.760000,5.800000,204510,SSI iBoard
2014-08-13,5.800000,5.840000,5.760000,5.800000,256380,SSI iBoard
2014-08-14,5.800000,5.840000,5.760000,5.800000,242900,SSI iBoard
2014-08-15,5.800000,5.840000,5.760000,5.800000,389270,SSI iBoard
2014-08-18,5.800000,5.800000,5.760000,5.760000,289510,SSI iBoard
2014-08-19,5.760000,5.840000,5.760000,5.760000,255530,SSI iBoard
2014-08-20,5.760000,5.800000,5.760000,5.760000,285330,SSI iBoard
2014-08-21,5.760000,5.800000,5.720000,5.760000,211340,SSI iBoard
2014-08-22,5.760000,5.800000,5.760000,5.760000,325950,SSI iBoard
2014-08-25,5.800000,5.840000,5.800000,5.800000,377990,SSI iBoard
2014-08-26,5.800000,5.840000,5.760000,5.840000,223200,SSI iBoard
2014-08-27,5.800000,5.840000,5.760000,5.760000,210550,SSI iBoard
2014-08-28,5.800000,5.840000,5.760000,5.800000,180230,SSI iBoard
2014-08-29,5.840000,6.080000,5.840000,5.880000,2808010,SSI iBoard
2014-09-03,6.000000,6.080000,6.000000,6.040000,1229060,SSI iBoard
2014-09-04,6.000000,6.040000,5.920000,5.920000,201170,SSI iBoard
2014-09-05,5.920000,5.960000,5.880000,5.920000,369190,SSI iBoard
2014-09-08,5.920000,5.960000,5.880000,5.880000,385630,SSI iBoard
2014-09-09,5.880000,5.920000,5.760000,5.800000,651620,SSI iBoard
2014-09-10,5.800000,5.840000,5.760000,5.800000,299570,SSI iBoard
2014-09-11,5.800000,5.800000,5.760000,5.800000,225600,SSI iBoard
2014-09-12,5.800000,5.880000,5.800000,5.800000,304830,SSI iBoard
2014-09-15,5.800000,5.840000,5.760000,5.800000,223240,SSI iBoard
2014-09-16,5.760000,5.800000,5.720000,5.800000,428090,SSI iBoard
2014-09-17,5.800000,5.840000,5.760000,5.800000,492400,SSI iBoard
2014-09-18,5.760000,5.800000,5.760000,5.760000,340060,SSI iBoard
2014-09-19,5.760000,5.800000,5.760000,5.760000,515740,SSI iBoard
2014-09-22,5.760000,5.840000,5.760000,5.760000,353380,SSI iBoard
2014-09-23,5.760000,5.840000,5.760000,5.800000,456610,SSI iBoard
2014-09-24,5.800000,5.840000,5.800000,5.800000,514550,SSI iBoard
2014-09-25,5.760000,5.840000,5.760000,5.800000,557480,SSI iBoard
2014-09-26,5.840000,5.840000,5.760000,5.800000,383720,SSI iBoard
2014-09-29,5.800000,5.800000,5.760000,5.760000,236700,SSI iBoard
2014-09-30,5.760000,5.800000,5.720000,5.720000,275270,SSI iBoard
2014-10-01,5.800000,5.800000,5.720000,5.720000,253820,SSI iBoard
2014-10-02,5.760000,5.840000,5.720000,5.840000,485150,SSI iBoard
2014-10-03,5.800000,5.840000,5.760000,5.800000,125140,SSI iBoard
2014-10-06,5.800000,5.800000,5.760000,5.800000,181140,SSI iBoard
2014-10-07,5.800000,5.840000,5.760000,5.800000,287600,SSI iBoard
2014-10-08,5.800000,5.840000,5.760000,5.800000,361860,SSI iBoard
2014-10-09,5.760000,5.840000,5.760000,5.760000,139960,SSI iBoard
2014-10-10,5.800000,5.840000,5.760000,5.800000,213050,SSI iBoard
2014-10-13,5.800000,5.800000,5.720000,5.760000,165280,SSI iBoard
2014-10-14,5.800000,5.800000,5.680000,5.680000,374970,SSI iBoard
2014-10-15,5.720000,5.760000,5.680000,5.760000,488280,SSI iBoard
2014-10-16,5.720000,5.760000,5.680000,5.680000,337090,SSI iBoard
2014-10-17,5.680000,5.720000,5.680000,5.680000,224080,SSI iBoard
2014-10-20,5.720000,5.720000,5.680000,5.680000,193160,SSI iBoard
2014-10-21,5.680000,5.720000,5.680000,5.680000,261580,SSI iBoard
2014-10-22,5.680000,5.720000,5.680000,5.680000,234770,SSI iBoard
2014-10-23,5.680000,5.720000,5.640000,5.680000,83760,SSI iBoard
2014-10-24,5.680000,5.680000,5.600000,5.640000,436910,SSI iBoard
2014-10-27,5.640000,5.680000,5.560000,5.600000,236630,SSI iBoard
2014-10-28,5.600000,5.640000,5.560000,5.560000,514620,SSI iBoard
2014-10-29,5.640000,5.640000,5.560000,5.560000,560130,SSI iBoard
2014-10-30,5.560000,5.640000,5.560000,5.560000,540780,SSI iBoard
2014-10-31,5.560000,5.840000,5.520000,5.840000,1091960,SSI iBoard
2014-11-03,5.840000,5.840000,5.800000,5.800000,507890,SSI iBoard
2014-11-04,5.800000,5.840000,5.760000,5.800000,237890,SSI iBoard
2014-11-05,5.760000,5.840000,5.760000,5.800000,191740,SSI iBoard
2014-11-06,5.800000,5.840000,5.760000,5.800000,103530,SSI iBoard
2014-11-07,5.840000,5.840000,5.760000,5.800000,75820,SSI iBoard
2014-11-10,5.800000,5.840000,5.720000,5.720000,325200,SSI iBoard
2014-11-11,5.720000,5.760000,5.680000,5.680000,119340,SSI iBoard
2014-11-12,5.720000,5.760000,5.680000,5.720000,47750,SSI iBoard
2014-11-13,5.720000,5.760000,5.720000,5.720000,37910,SSI iBoard
2014-11-14,5.720000,5.720000,5.680000,5.680000,143790,SSI iBoard
2014-11-17,5.680000,5.720000,5.640000,5.680000,105000,SSI iBoard
2014-11-18,5.720000,5.760000,5.640000,5.640000,198890,SSI iBoard
2014-11-19,5.640000,5.680000,5.600000,5.600000,71930,SSI iBoard
2014-11-20,5.600000,5.680000,5.600000,5.640000,131480,SSI iBoard
2014-11-21,5.680000,5.720000,5.600000,5.680000,89270,SSI iBoard
2014-11-24,5.640000,5.640000,5.600000,5.600000,75010,SSI iBoard
2014-11-25,5.600000,5.680000,5.600000,5.600000,163850,SSI iBoard
2014-11-26,5.600000,5.640000,5.600000,5.600000,87890,SSI iBoard
2014-11-27,5.640000,5.640000,5.560000,5.600000,155020,SSI iBoard
2014-11-28,5.600000,5.640000,5.560000,5.560000,222420,SSI iBoard
2014-12-01,5.600000,5.640000,5.560000,5.560000,229340,SSI iBoard
2014-12-02,5.600000,5.600000,5.560000,5.560000,228410,SSI iBoard
2014-12-03,5.560000,5.640000,5.520000,5.560000,519090,SSI iBoard
2014-12-04,5.560000,5.760000,5.560000,5.760000,490330,SSI iBoard
2014-12-05,5.800000,5.880000,5.760000,5.760000,512610,SSI iBoard
2014-12-08,5.720000,5.720000,5.640000,5.720000,209000,SSI iBoard
2014-12-09,5.680000,5.720000,5.640000,5.640000,322960,SSI iBoard
2014-12-10,5.640000,5.680000,5.600000,5.640000,410030,SSI iBoard
2014-12-11,5.640000,5.680000,5.640000,5.640000,188440,SSI iBoard
2014-12-12,5.680000,5.680000,5.640000,5.680000,73430,SSI iBoard
2014-12-15,5.680000,5.680000,5.640000,5.640000,30400,SSI iBoard
2014-12-16,5.640000,5.640000,5.560000,5.560000,192150,SSI iBoard
2014-12-17,5.600000,5.600000,5.440000,5.480000,584830,SSI iBoard
2014-12-18,5.480000,5.560000,5.480000,5.520000,59140,SSI iBoard
2014-12-19,5.520000,5.560000,5.480000,5.520000,165770,SSI iBoard
2014-12-22,5.480000,5.640000,5.480000,5.600000,112650,SSI iBoard
2014-12-23,5.640000,5.640000,5.520000,5.560000,39840,SSI iBoard
2014-12-24,5.640000,5.640000,5.480000,5.480000,252400,SSI iBoard
2014-12-25,5.440000,5.480000,5.440000,5.480000,215550,SSI iBoard
2014-12-26,5.480000,5.520000,5.400000,5.440000,215910,SSI iBoard
2014-12-29,5.480000,5.480000,5.400000,5.440000,151140,SSI iBoard
2014-12-30,5.440000,5.440000,5.400000,5.440000,140600,SSI iBoard
2014-12-31,5.440000,5.520000,5.440000,5.480000,94340,SSI iBoard
2015-01-05,5.480000,5.560000,5.480000,5.520000,60490,SSI iBoard
2015-01-06,5.520000,5.680000,5.480000,5.560000,125010,SSI iBoard
2015-01-07,5.560000,5.760000,5.560000,5.720000,467590,SSI iBoard
2015-01-08,5.680000,5.720000,5.600000,5.600000,303670,SSI iBoard
2015-01-09,5.680000,5.840000,5.640000,5.760000,867510,SSI iBoard
2015-01-12,5.800000,6.000000,5.760000,5.840000,2085400,SSI iBoard
2015-01-13,5.920000,6.240000,5.880000,6.160000,1432010,SSI iBoard
2015-01-14,6.240000,6.320000,6.000000,6.120000,1305200,SSI iBoard
2015-01-15,6.120000,6.280000,6.040000,6.040000,711250,SSI iBoard
2015-01-16,6.040000,6.160000,5.960000,6.080000,1185270,SSI iBoard
2015-01-19,6.280000,6.320000,6.160000,6.240000,1796540,SSI iBoard
2015-01-20,6.200000,6.240000,6.120000,6.120000,414530,SSI iBoard
2015-01-21,6.120000,6.120000,6.000000,6.000000,809640,SSI iBoard
2015-01-22,6.000000,6.390000,5.920000,6.390000,2685500,SSI iBoard
2015-01-23,6.630000,6.750000,6.510000,6.590000,1957260,SSI iBoard
2015-01-26,6.670000,6.870000,6.630000,6.790000,2945000,SSI iBoard
2015-01-27,6.790000,7.070000,6.670000,6.950000,4379550,SSI iBoard
2015-01-28,6.950000,7.430000,6.950000,7.430000,5743830,SSI iBoard
2015-01-29,7.550000,7.750000,7.350000,7.470000,4276430,SSI iBoard
2015-01-30,7.350000,7.430000,7.070000,7.150000,3180240,SSI iBoard
2015-02-02,7.070000,7.350000,6.990000,7.150000,2519910,SSI iBoard
2015-02-03,7.190000,7.230000,6.670000,6.670000,3433500,SSI iBoard
2015-02-04,6.470000,6.550000,6.240000,6.430000,3613050,SSI iBoard
2015-02-05,6.550000,6.790000,6.470000,6.790000,3311850,SSI iBoard
2015-02-06,6.790000,7.110000,6.790000,7.030000,3178500,SSI iBoard
2015-02-09,6.990000,7.230000,6.950000,7.070000,3786930,SSI iBoard
2015-02-10,7.150000,7.350000,7.070000,7.310000,2715190,SSI iBoard
2015-02-11,7.190000,7.390000,7.190000,7.310000,2654890,SSI iBoard
2015-02-12,7.310000,7.390000,7.070000,7.110000,2652870,SSI iBoard
2015-02-13,7.110000,7.190000,7.030000,7.070000,2026230,SSI iBoard
2015-02-24,7.190000,7.430000,7.150000,7.390000,1821450,SSI iBoard
2015-02-25,7.470000,7.750000,7.470000,7.470000,5562180,SSI iBoard
2015-02-26,7.510000,7.710000,7.510000,7.710000,4149580,SSI iBoard
2015-02-27,7.750000,7.790000,7.550000,7.710000,4198410,SSI iBoard
2015-03-02,7.630000,7.670000,7.470000,7.590000,3074520,SSI iBoard
2015-03-03,7.550000,7.750000,7.550000,7.630000,3722080,SSI iBoard
2015-03-04,7.630000,7.710000,7.510000,7.630000,2945900,SSI iBoard
2015-03-05,7.670000,7.710000,7.470000,7.470000,2596370,SSI iBoard
2015-03-06,7.430000,7.750000,7.350000,7.590000,3719690,SSI iBoard
2015-03-09,7.630000,7.630000,7.430000,7.430000,1474230,SSI iBoard
2015-03-10,7.390000,7.550000,7.390000,7.470000,1198040,SSI iBoard
2015-03-11,7.470000,7.670000,7.390000,7.470000,2729100,SSI iBoard
2015-03-12,7.550000,7.590000,7.470000,7.510000,1449350,SSI iBoard
2015-03-13,7.590000,7.670000,7.550000,7.590000,2384000,SSI iBoard
2015-03-16,7.550000,7.590000,7.470000,7.470000,1271600,SSI iBoard
2015-03-17,7.470000,7.550000,7.430000,7.430000,1352350,SSI iBoard
2015-03-18,7.390000,7.390000,7.190000,7.230000,3107150,SSI iBoard
2015-03-19,7.270000,7.310000,7.150000,7.150000,1435880,SSI iBoard
2015-03-20,7.150000,7.230000,7.110000,7.190000,1861370,SSI iBoard
2015-03-23,7.230000,7.270000,6.990000,6.990000,2208570,SSI iBoard
2015-03-24,6.990000,7.030000,6.790000,6.950000,2480420,SSI iBoard
2015-03-25,6.990000,7.150000,6.950000,7.070000,1890350,SSI iBoard
2015-03-26,6.990000,7.230000,6.990000,7.030000,2959950,SSI iBoard
2015-03-27,7.150000,7.150000,6.950000,6.990000,1610890,SSI iBoard
2015-03-30,6.950000,7.030000,6.750000,6.830000,1767530,SSI iBoard
2015-03-31,6.790000,6.950000,6.790000,6.870000,1826250,SSI iBoard
2015-04-01,6.870000,6.950000,6.710000,6.750000,1875640,SSI iBoard
2015-04-02,6.750000,6.950000,6.710000,6.950000,1971180,SSI iBoard
2015-04-03,6.950000,7.030000,6.910000,6.910000,1682620,SSI iBoard
2015-04-06,6.910000,6.950000,6.830000,6.830000,1371940,SSI iBoard
2015-04-07,6.790000,6.950000,6.750000,6.870000,4400850,SSI iBoard
2015-04-08,6.950000,6.990000,6.830000,6.870000,3135460,SSI iBoard
2015-04-09,6.910000,7.070000,6.830000,7.070000,3777930,SSI iBoard
2015-04-10,7.070000,7.310000,7.070000,7.150000,3715810,SSI iBoard
2015-04-13,7.190000,7.230000,7.070000,7.190000,2438300,SSI iBoard
2015-04-14,7.270000,7.350000,7.110000,7.110000,4305010,SSI iBoard
2015-04-15,7.070000,7.230000,7.030000,7.190000,2260390,SSI iBoard
2015-04-16,7.190000,7.310000,7.150000,7.310000,3375990,SSI iBoard
2015-04-17,7.270000,7.350000,7.230000,7.230000,2598370,SSI iBoard
2015-04-20,7.190000,7.230000,7.110000,7.190000,1836360,SSI iBoard
2015-04-21,7.230000,7.310000,7.150000,7.150000,2514940,SSI iBoard
2015-04-22,7.070000,7.150000,6.910000,6.990000,3611600,SSI iBoard
2015-04-23,6.950000,7.070000,6.910000,7.030000,1926830,SSI iBoard
2015-04-24,6.990000,7.110000,6.990000,7.030000,1127530,SSI iBoard
2015-04-27,7.030000,7.230000,7.030000,7.150000,2147400,SSI iBoard
2015-05-04,7.070000,7.150000,6.750000,6.750000,2061730,SSI iBoard
2015-05-05,6.750000,7.070000,6.710000,7.030000,2319480,SSI iBoard
2015-05-06,7.030000,7.110000,6.950000,6.990000,1862860,SSI iBoard
2015-05-07,6.990000,7.150000,6.910000,7.110000,812500,SSI iBoard
2015-05-08,7.110000,7.230000,7.030000,7.230000,1917700,SSI iBoard
2015-05-11,7.230000,7.230000,7.110000,7.110000,531620,SSI iBoard
2015-05-12,7.110000,7.110000,6.910000,7.030000,1294400,SSI iBoard
2015-05-13,6.950000,7.030000,6.830000,6.950000,974300,SSI iBoard
2015-05-14,6.910000,7.110000,6.910000,7.110000,884200,SSI iBoard
2015-05-15,7.110000,7.110000,6.910000,6.910000,310460,SSI iBoard
2015-05-18,6.950000,6.950000,6.710000,6.710000,1826210,SSI iBoard
2015-05-19,6.750000,6.870000,6.750000,6.870000,553960,SSI iBoard
2015-05-20,6.870000,7.150000,6.830000,6.990000,1165710,SSI iBoard
2015-05-21,6.950000,7.150000,6.950000,7.070000,1532780,SSI iBoard
2015-05-22,7.150000,7.230000,7.030000,7.190000,1733660,SSI iBoard
2015-05-25,7.190000,7.310000,7.190000,7.310000,1249000,SSI iBoard
2015-05-26,7.270000,7.510000,7.270000,7.470000,2748290,SSI iBoard
2015-05-27,7.390000,7.590000,7.390000,7.510000,2088700,SSI iBoard
2015-05-28,7.510000,8.020000,7.430000,7.820000,2942590,SSI iBoard
2015-05-29,7.820000,7.940000,7.710000,7.750000,2915260,SSI iBoard
2015-06-01,7.710000,8.020000,7.710000,7.820000,2563900,SSI iBoard
2015-06-02,7.820000,7.940000,7.590000,7.590000,3005220,SSI iBoard
2015-06-03,7.550000,7.710000,7.470000,7.470000,2400730,SSI iBoard
2015-06-04,7.510000,7.590000,7.350000,7.430000,3134610,SSI iBoard
2015-06-05,7.430000,7.860000,7.430000,7.790000,1983710,SSI iBoard
2015-06-08,7.860000,8.100000,7.860000,7.900000,3490520,SSI iBoard
2015-06-09,7.860000,8.020000,7.710000,7.790000,2453280,SSI iBoard
2015-06-10,7.790000,7.820000,7.550000,7.710000,2395630,SSI iBoard
2015-06-11,7.750000,7.820000,7.630000,7.670000,1632620,SSI iBoard
2015-06-12,7.790000,7.860000,7.710000,7.790000,1950860,SSI iBoard
2015-06-15,7.820000,8.260000,7.820000,8.260000,4816390,SSI iBoard
2015-06-16,8.340000,8.460000,8.180000,8.180000,2937050,SSI iBoard
2015-06-17,8.100000,8.300000,8.060000,8.260000,1595450,SSI iBoard
2015-06-18,8.220000,8.300000,8.100000,8.220000,1667290,SSI iBoard
2015-06-19,8.300000,8.420000,8.220000,8.260000,2629920,SSI iBoard
2015-06-22,8.300000,8.460000,8.300000,8.420000,2318820,SSI iBoard
2015-06-23,8.630000,8.670000,8.500000,8.590000,3156940,SSI iBoard
2015-06-24,8.590000,8.590000,8.420000,8.460000,3586680,SSI iBoard
2015-06-25,8.420000,8.460000,8.300000,8.300000,3857340,SSI iBoard
2015-06-26,8.300000,8.340000,8.000000,8.000000,3404590,SSI iBoard
2015-06-29,7.840000,8.090000,7.840000,8.090000,2102880,SSI iBoard
2015-06-30,8.000000,8.170000,7.960000,8.000000,1842780,SSI iBoard
2015-07-01,7.920000,8.000000,7.710000,7.840000,3646570,SSI iBoard
2015-07-02,7.750000,8.340000,7.750000,8.250000,4173150,SSI iBoard
2015-07-03,8.340000,8.710000,8.340000,8.380000,4068250,SSI iBoard
2015-07-06,8.420000,8.550000,8.340000,8.460000,3852320,SSI iBoard
2015-07-07,8.460000,8.960000,8.300000,8.670000,5002440,SSI iBoard
2015-07-08,8.750000,9.050000,8.500000,8.840000,5140610,SSI iBoard
2015-07-09,8.710000,8.880000,8.590000,8.750000,2720190,SSI iBoard
2015-07-10,8.880000,9.300000,8.840000,9.300000,5603650,SSI iBoard
2015-07-13,9.300000,9.710000,9.210000,9.590000,3761920,SSI iBoard
2015-07-14,9.590000,9.670000,9.250000,9.460000,3737550,SSI iBoard
2015-07-15,9.460000,9.590000,9.170000,9.170000,8953790,SSI iBoard
2015-07-16,9.000000,9.130000,8.880000,9.000000,5208580,SSI iBoard
2015-07-17,9.050000,9.250000,9.000000,9.090000,2211460,SSI iBoard
2015-07-20,8.960000,9.300000,8.880000,9.250000,3056220,SSI iBoard
2015-07-21,9.250000,9.460000,9.170000,9.250000,4134150,SSI iBoard
2015-07-22,9.250000,9.590000,9.170000,9.590000,3956220,SSI iBoard
2015-07-23,9.630000,9.800000,9.500000,9.500000,5116250,SSI iBoard
2015-07-24,9.460000,9.550000,9.380000,9.460000,2210800,SSI iBoard
2015-07-27,9.420000,9.710000,9.420000,9.590000,2852930,SSI iBoard
2015-07-28,9.590000,9.750000,9.590000,9.590000,4370370,SSI iBoard
2015-07-29,9.590000,9.670000,9.380000,9.380000,3538220,SSI iBoard
2015-07-30,9.420000,9.550000,9.300000,9.500000,2077440,SSI iBoard
2015-07-31,9.630000,9.630000,9.380000,9.380000,2175520,SSI iBoard
2015-08-03,9.300000,9.380000,9.090000,9.210000,3681980,SSI iBoard
2015-08-04,9.210000,9.300000,9.090000,9.090000,1873320,SSI iBoard
2015-08-05,9.130000,9.300000,9.130000,9.210000,1402730,SSI iBoard
2015-08-06,9.300000,9.300000,8.960000,9.000000,1634990,SSI iBoard
2015-08-07,9.000000,9.050000,8.880000,8.960000,1793590,SSI iBoard
2015-08-10,8.960000,9.170000,8.960000,9.130000,1107160,SSI iBoard
2015-08-11,9.170000,9.420000,9.090000,9.170000,2263780,SSI iBoard
2015-08-12,9.130000,9.170000,8.960000,9.050000,1848380,SSI iBoard
2015-08-13,9.050000,9.050000,8.710000,8.800000,2008760,SSI iBoard
2015-08-14,8.750000,8.840000,8.550000,8.630000,1259280,SSI iBoard
2015-08-17,8.590000,8.670000,8.050000,8.050000,3234770,SSI iBoard
2015-08-18,8.000000,8.340000,8.000000,8.340000,2154410,SSI iBoard
2015-08-19,8.250000,8.500000,8.130000,8.250000,1156260,SSI iBoard
2015-08-20,8.210000,8.300000,8.050000,8.050000,1576460,SSI iBoard
2015-08-21,7.880000,7.920000,7.500000,7.840000,4507110,SSI iBoard
2015-08-24,7.800000,7.800000,7.300000,7.300000,4033750,SSI iBoard
2015-08-25,7.170000,7.500000,7.170000,7.460000,2225480,SSI iBoard
2015-08-26,7.460000,7.800000,7.420000,7.800000,2015290,SSI iBoard
2015-08-27,7.800000,8.340000,7.800000,8.090000,3333470,SSI iBoard
2015-08-28,8.300000,8.340000,8.130000,8.300000,2698450,SSI iBoard
2015-08-31,8.340000,8.340000,8.050000,8.050000,2893780,SSI iBoard
2015-09-01,8.130000,8.130000,7.920000,7.960000,1983550,SSI iBoard
2015-09-03,7.920000,8.050000,7.880000,8.000000,2262090,SSI iBoard
2015-09-04,8.000000,8.130000,8.000000,8.050000,1022830,SSI iBoard
2015-09-07,8.090000,8.210000,8.050000,8.090000,1195190,SSI iBoard
2015-09-08,8.090000,8.550000,8.050000,8.500000,5622950,SSI iBoard
2015-09-09,8.750000,8.800000,8.550000,8.550000,2742100,SSI iBoard
2015-09-10,8.380000,8.590000,8.380000,8.460000,1936800,SSI iBoard
2015-09-11,8.460000,8.500000,8.250000,8.300000,1932700,SSI iBoard
2015-09-14,8.460000,8.670000,8.340000,8.340000,2589220,SSI iBoard
2015-09-15,8.340000,8.500000,8.300000,8.300000,2118080,SSI iBoard
2015-09-16,8.300000,8.340000,8.130000,8.210000,1387360,SSI iBoard
2015-09-17,8.210000,8.250000,8.050000,8.050000,1488950,SSI iBoard
2015-09-18,8.300000,8.380000,8.210000,8.340000,2477510,SSI iBoard
2015-09-21,8.340000,8.460000,8.340000,8.420000,2274340,SSI iBoard
2015-09-22,8.420000,8.500000,8.300000,8.340000,1240520,SSI iBoard
2015-09-23,8.300000,8.420000,8.250000,8.420000,1477530,SSI iBoard
2015-09-24,8.460000,8.630000,8.460000,8.500000,4264220,SSI iBoard
2015-09-25,8.550000,8.550000,8.380000,8.460000,1390470,SSI iBoard
2015-09-28,8.420000,8.460000,8.340000,8.340000,1428010,SSI iBoard
2015-09-29,8.090000,8.250000,8.090000,8.210000,2922080,SSI iBoard
2015-09-30,8.250000,8.300000,8.170000,8.170000,780510,SSI iBoard
2015-10-01,8.210000,8.210000,8.130000,8.170000,626890,SSI iBoard
2015-10-02,8.210000,8.210000,8.090000,8.170000,675770,SSI iBoard
2015-10-05,8.210000,8.380000,8.170000,8.340000,1129910,SSI iBoard
2015-10-06,8.460000,8.500000,8.380000,8.460000,3176750,SSI iBoard
2015-10-07,8.460000,8.500000,8.340000,8.340000,1649740,SSI iBoard
2015-10-08,8.340000,8.500000,8.300000,8.460000,3609910,SSI iBoard
2015-10-09,8.550000,8.630000,8.500000,8.500000,3440530,SSI iBoard
2015-10-12,8.460000,8.590000,8.460000,8.500000,2117090,SSI iBoard
2015-10-13,8.460000,8.500000,8.420000,8.500000,945280,SSI iBoard
2015-10-14,8.500000,8.500000,8.420000,8.420000,1604230,SSI iBoard
2015-10-15,8.460000,8.670000,8.420000,8.630000,4435440,SSI iBoard
2015-10-16,8.670000,8.920000,8.670000,8.800000,5436700,SSI iBoard
2015-10-19,8.750000,8.920000,8.710000,8.840000,1986760,SSI iBoard
2015-10-20,8.840000,8.840000,8.590000,8.710000,2264460,SSI iBoard
2015-10-21,8.670000,8.750000,8.590000,8.670000,2161940,SSI iBoard
2015-10-22,8.630000,8.710000,8.590000,8.670000,793320,SSI iBoard
2015-10-23,8.750000,8.880000,8.670000,8.800000,2182270,SSI iBoard
2015-10-26,8.880000,8.880000,8.710000,8.710000,1456540,SSI iBoard
2015-10-27,8.710000,8.750000,8.630000,8.710000,1027720,SSI iBoard
2015-10-28,8.710000,8.710000,8.630000,8.630000,1329310,SSI iBoard
2015-10-29,8.670000,8.750000,8.590000,8.710000,1719090,SSI iBoard
2015-10-30,8.710000,8.800000,8.670000,8.670000,1748110,SSI iBoard
2015-11-02,8.670000,8.750000,8.630000,8.710000,1353930,SSI iBoard
2015-11-03,8.710000,8.750000,8.630000,8.750000,1116870,SSI iBoard
2015-11-04,8.750000,8.840000,8.670000,8.710000,1402290,SSI iBoard
2015-11-05,8.630000,8.710000,8.630000,8.710000,1007490,SSI iBoard
2015-11-06,8.670000,8.710000,8.550000,8.670000,1208400,SSI iBoard
2015-11-09,8.670000,8.710000,8.590000,8.630000,716880,SSI iBoard
2015-11-10,8.550000,8.590000,8.460000,8.460000,1068830,SSI iBoard
2015-11-11,8.420000,8.550000,8.420000,8.460000,1086670,SSI iBoard
2015-11-12,8.420000,8.590000,8.380000,8.590000,1434490,SSI iBoard
2015-11-13,8.500000,8.590000,8.420000,8.590000,887880,SSI iBoard
2015-11-16,8.550000,8.550000,8.380000,8.460000,429910,SSI iBoard
2015-11-17,8.420000,8.460000,8.380000,8.380000,930680,SSI iBoard
2015-11-18,8.380000,8.420000,8.340000,8.340000,506460,SSI iBoard
2015-11-19,8.420000,8.420000,8.300000,8.300000,554600,SSI iBoard
2015-11-20,8.300000,8.340000,8.250000,8.300000,781130,SSI iBoard
2015-11-23,8.380000,8.380000,8.210000,8.210000,537990,SSI iBoard
2015-11-24,8.170000,8.210000,8.090000,8.170000,970280,SSI iBoard
2015-11-25,8.170000,8.170000,8.050000,8.170000,682440,SSI iBoard
2015-11-26,8.130000,8.130000,8.050000,8.130000,588680,SSI iBoard
2015-11-27,8.050000,8.130000,7.960000,7.960000,644630,SSI iBoard
2015-11-30,7.920000,7.920000,7.500000,7.670000,871270,SSI iBoard
2015-12-01,7.670000,7.750000,7.590000,7.630000,576900,SSI iBoard
2015-12-02,7.670000,7.800000,7.670000,7.750000,809600,SSI iBoard
2015-12-03,7.750000,7.800000,7.710000,7.750000,202200,SSI iBoard
2015-12-04,7.750000,7.750000,7.630000,7.670000,849460,SSI iBoard
2015-12-07,7.710000,7.710000,7.550000,7.590000,286410,SSI iBoard
2015-12-08,7.550000,7.840000,7.460000,7.800000,1018460,SSI iBoard
2015-12-09,7.840000,7.840000,7.670000,7.670000,281150,SSI iBoard
2015-12-10,7.710000,7.710000,7.500000,7.550000,647590,SSI iBoard
2015-12-11,7.550000,7.630000,7.500000,7.500000,497990,SSI iBoard
2015-12-14,7.460000,7.590000,7.380000,7.380000,382340,SSI iBoard
2015-12-15,7.420000,7.590000,7.380000,7.590000,610350,SSI iBoard
2015-12-16,7.630000,7.800000,7.590000,7.710000,655480,SSI iBoard
2015-12-17,7.800000,7.960000,7.750000,7.840000,744030,SSI iBoard
2015-12-18,7.800000,7.840000,7.710000,7.710000,535760,SSI iBoard
2015-12-21,7.710000,7.710000,7.630000,7.710000,440600,SSI iBoard
2015-12-22,7.670000,7.800000,7.630000,7.630000,426610,SSI iBoard
2015-12-23,7.630000,7.670000,7.550000,7.550000,556450,SSI iBoard
2015-12-24,7.630000,7.630000,7.550000,7.550000,194940,SSI iBoard
2015-12-25,7.590000,7.630000,7.500000,7.550000,286400,SSI iBoard
2015-12-28,7.550000,7.670000,7.500000,7.550000,395650,SSI iBoard
2015-12-29,7.550000,7.710000,7.460000,7.710000,604950,SSI iBoard
2015-12-30,7.750000,7.800000,7.670000,7.750000,638890,SSI iBoard
2015-12-31,7.800000,7.800000,7.670000,7.750000,407840,SSI iBoard
2016-01-04,7.710000,7.750000,7.550000,7.630000,404050,SSI iBoard
2016-01-05,7.550000,7.630000,7.500000,7.550000,319920,SSI iBoard
2016-01-06,7.550000,7.670000,7.550000,7.630000,544940,SSI iBoard
2016-01-07,7.550000,7.670000,7.420000,7.550000,1592360,SSI iBoard
2016-01-08,7.500000,7.500000,7.380000,7.380000,992590,SSI iBoard
2016-01-11,7.380000,7.460000,7.340000,7.380000,667790,SSI iBoard
2016-01-12,7.380000,7.460000,7.340000,7.420000,591100,SSI iBoard
2016-01-13,7.460000,7.500000,7.380000,7.380000,458080,SSI iBoard
2016-01-14,7.380000,7.380000,7.210000,7.380000,853540,SSI iBoard
2016-01-15,7.380000,7.420000,7.250000,7.340000,648830,SSI iBoard
2016-01-18,7.170000,7.170000,6.840000,7.000000,1397320,SSI iBoard
2016-01-19,6.960000,7.250000,6.960000,7.250000,1027250,SSI iBoard
2016-01-20,7.210000,7.210000,7.050000,7.050000,608350,SSI iBoard
2016-01-21,7.000000,7.090000,6.800000,6.840000,1144260,SSI iBoard
2016-01-22,6.840000,6.880000,6.590000,6.710000,874560,SSI iBoard
2016-01-25,6.880000,7.170000,6.880000,7.170000,879160,SSI iBoard
2016-01-26,7.090000,7.250000,7.000000,7.250000,974540,SSI iBoard
2016-01-27,7.250000,7.420000,7.250000,7.300000,390160,SSI iBoard
2016-01-28,7.300000,7.340000,7.170000,7.170000,168290,SSI iBoard
2016-01-29,7.170000,7.210000,7.090000,7.170000,220720,SSI iBoard
2016-02-01,7.340000,7.340000,7.130000,7.130000,325280,SSI iBoard
2016-02-02,7.130000,7.250000,7.090000,7.130000,163090,SSI iBoard
2016-02-03,7.050000,7.130000,6.960000,7.090000,182840,SSI iBoard
2016-02-04,7.170000,7.170000,7.090000,7.170000,242050,SSI iBoard
2016-02-05,7.170000,7.210000,7.170000,7.170000,223150,SSI iBoard
2016-02-15,7.050000,7.210000,7.050000,7.170000,153830,SSI iBoard
2016-02-16,7.170000,7.210000,7.130000,7.130000,168880,SSI iBoard
2016-02-17,7.130000,7.170000,7.090000,7.130000,264310,SSI iBoard
2016-02-18,7.130000,7.250000,7.090000,7.250000,462570,SSI iBoard
2016-02-19,7.210000,7.250000,7.170000,7.170000,464980,SSI iBoard
2016-02-22,7.210000,7.250000,7.090000,7.170000,798720,SSI iBoard
2016-02-23,7.210000,7.250000,7.130000,7.130000,547820,SSI iBoard
2016-02-24,7.090000,7.590000,7.090000,7.590000,3102090,SSI iBoard
2016-02-25,7.670000,7.710000,7.500000,7.670000,1745900,SSI iBoard
2016-02-26,7.630000,7.670000,7.590000,7.630000,391080,SSI iBoard
2016-02-29,7.590000,7.590000,7.420000,7.420000,927670,SSI iBoard
2016-03-01,7.420000,7.500000,7.340000,7.340000,795250,SSI iBoard
2016-03-02,7.380000,7.500000,7.380000,7.460000,600340,SSI iBoard
2016-03-03,7.500000,7.550000,7.420000,7.500000,908900,SSI iBoard
2016-03-04,7.500000,7.550000,7.420000,7.420000,988840,SSI iBoard
2016-03-07,7.500000,7.500000,7.380000,7.420000,738230,SSI iBoard
2016-03-08,7.380000,7.460000,7.300000,7.380000,1265670,SSI iBoard
2016-03-09,7.380000,7.420000,7.250000,7.250000,848880,SSI iBoard
2016-03-10,7.300000,7.340000,7.250000,7.300000,337750,SSI iBoard
2016-03-11,7.340000,7.380000,7.250000,7.250000,599880,SSI iBoard
2016-03-14,7.340000,7.340000,7.210000,7.250000,556200,SSI iBoard
2016-03-15,7.250000,7.250000,7.130000,7.210000,749470,SSI iBoard
2016-03-16,7.210000,7.300000,7.170000,7.210000,661310,SSI iBoard
2016-03-17,7.250000,7.340000,7.210000,7.250000,948590,SSI iBoard
2016-03-18,7.250000,7.300000,7.210000,7.210000,210600,SSI iBoard
2016-03-21,7.250000,7.380000,7.210000,7.210000,633320,SSI iBoard
2016-03-22,7.170000,7.250000,7.130000,7.130000,478150,SSI iBoard
2016-03-23,7.130000,7.210000,7.130000,7.170000,206120,SSI iBoard
2016-03-24,7.210000,7.210000,7.050000,7.050000,549240,SSI iBoard
2016-03-25,7.050000,7.090000,6.920000,7.050000,653890,SSI iBoard
2016-03-28,7.130000,7.130000,7.000000,7.050000,260810,SSI iBoard
2016-03-29,7.050000,7.050000,6.920000,6.920000,531710,SSI iBoard
2016-03-30,6.960000,6.960000,6.880000,6.960000,693910,SSI iBoard
2016-03-31,6.960000,6.960000,6.800000,6.840000,573010,SSI iBoard
2016-04-01,6.840000,6.880000,6.750000,6.800000,499970,SSI iBoard
2016-04-04,6.800000,6.880000,6.750000,6.880000,341700,SSI iBoard
2016-04-05,6.840000,6.920000,6.800000,6.840000,316480,SSI iBoard
2016-04-06,6.840000,6.960000,6.800000,6.960000,1125710,SSI iBoard
2016-04-07,7.000000,7.000000,6.880000,6.960000,1000690,SSI iBoard
2016-04-08,7.000000,7.000000,6.920000,6.960000,485640,SSI iBoard
2016-04-11,7.000000,7.000000,6.840000,6.880000,1579920,SSI iBoard
2016-04-12,6.880000,6.920000,6.710000,6.750000,1469180,SSI iBoard
2016-04-13,6.750000,6.800000,6.670000,6.750000,889370,SSI iBoard
2016-04-14,6.750000,6.840000,6.710000,6.710000,479910,SSI iBoard
2016-04-15,6.710000,6.800000,6.710000,6.750000,1575310,SSI iBoard
2016-04-19,6.800000,6.800000,6.630000,6.670000,593650,SSI iBoard
2016-04-20,6.670000,6.710000,6.590000,6.670000,809560,SSI iBoard
2016-04-21,6.710000,6.710000,6.630000,6.670000,436360,SSI iBoard
2016-04-22,6.670000,7.130000,6.630000,7.000000,2636290,SSI iBoard
2016-04-25,7.090000,7.250000,7.090000,7.130000,2999940,SSI iBoard
2016-04-26,7.130000,7.170000,7.000000,7.050000,644470,SSI iBoard
2016-04-27,7.090000,7.090000,6.880000,6.880000,1759290,SSI iBoard
2016-04-28,6.840000,6.880000,6.710000,6.750000,1137280,SSI iBoard
2016-04-29,6.710000,7.050000,6.710000,6.920000,1345320,SSI iBoard
2016-05-04,6.920000,6.960000,6.800000,6.840000,775300,SSI iBoard
2016-05-05,6.920000,7.050000,6.840000,6.960000,1517550,SSI iBoard
2016-05-06,6.960000,7.250000,6.960000,7.210000,3576280,SSI iBoard
2016-05-09,7.300000,7.420000,7.170000,7.210000,2398820,SSI iBoard
2016-05-10,7.130000,7.340000,7.090000,7.250000,1709950,SSI iBoard
2016-05-11,7.300000,7.500000,7.210000,7.500000,3463790,SSI iBoard
2016-05-12,7.590000,7.590000,7.340000,7.380000,1282940,SSI iBoard
2016-05-13,7.380000,7.550000,7.300000,7.380000,1600710,SSI iBoard
2016-05-16,7.380000,7.380000,7.250000,7.300000,894230,SSI iBoard
2016-05-17,7.380000,7.500000,7.340000,7.500000,1847570,SSI iBoard
2016-05-18,7.460000,7.590000,7.420000,7.460000,1645270,SSI iBoard
2016-05-19,7.460000,7.500000,7.380000,7.380000,555110,SSI iBoard
2016-05-20,7.380000,7.420000,7.250000,7.300000,774760,SSI iBoard
2016-05-23,7.340000,7.340000,7.130000,7.130000,938770,SSI iBoard
2016-05-24,7.130000,7.210000,7.090000,7.210000,1147300,SSI iBoard
2016-05-25,7.210000,7.300000,7.210000,7.210000,1056090,SSI iBoard
2016-05-26,7.170000,7.210000,7.050000,7.130000,1542950,SSI iBoard
2016-05-27,7.130000,7.300000,7.090000,7.250000,928400,SSI iBoard
2016-05-30,7.250000,7.380000,7.210000,7.340000,614250,SSI iBoard
2016-05-31,7.340000,7.460000,7.340000,7.420000,1127520,SSI iBoard
2016-06-01,7.420000,7.500000,7.380000,7.420000,1117640,SSI iBoard
2016-06-02,7.420000,7.460000,7.380000,7.460000,386210,SSI iBoard
2016-06-03,7.460000,7.460000,7.380000,7.420000,580270,SSI iBoard
2016-06-06,7.380000,7.420000,7.250000,7.340000,802850,SSI iBoard
2016-06-07,7.340000,7.340000,7.250000,7.250000,537710,SSI iBoard
2016-06-08,7.300000,7.380000,7.300000,7.340000,493650,SSI iBoard
2016-06-09,7.340000,7.460000,7.300000,7.420000,890310,SSI iBoard
2016-06-10,7.340000,7.460000,7.340000,7.420000,1063080,SSI iBoard
2016-06-13,7.420000,7.420000,7.300000,7.340000,584150,SSI iBoard
2016-06-14,7.300000,7.300000,7.170000,7.250000,976830,SSI iBoard
2016-06-15,7.250000,7.300000,7.170000,7.250000,497500,SSI iBoard
2016-06-16,7.210000,7.300000,7.170000,7.170000,428580,SSI iBoard
2016-06-17,7.210000,7.210000,7.050000,7.050000,632060,SSI iBoard
2016-06-20,7.090000,7.130000,7.050000,7.090000,429240,SSI iBoard
2016-06-21,7.130000,7.170000,7.050000,7.090000,281970,SSI iBoard
2016-06-22,7.170000,7.170000,7.000000,7.050000,513610,SSI iBoard
2016-06-23,7.090000,7.170000,7.050000,7.170000,479790,SSI iBoard
2016-06-24,7.130000,7.170000,6.670000,6.960000,1093710,SSI iBoard
2016-06-27,6.840000,6.960000,6.840000,6.960000,334300,SSI iBoard
2016-06-28,6.920000,6.960000,6.880000,6.880000,182440,SSI iBoard
2016-06-29,6.960000,7.130000,6.960000,7.050000,513620,SSI iBoard
2016-06-30,7.090000,7.130000,7.000000,7.000000,398700,SSI iBoard
2016-07-01,7.000000,7.130000,7.000000,7.090000,269590,SSI iBoard
2016-07-04,7.130000,7.170000,7.050000,7.130000,470750,SSI iBoard
2016-07-05,7.130000,7.340000,7.130000,7.250000,797750,SSI iBoard
2016-07-06,7.250000,7.250000,7.130000,7.170000,299650,SSI iBoard
2016-07-07,7.170000,7.210000,7.090000,7.210000,337740,SSI iBoard
2016-07-08,7.250000,7.250000,7.130000,7.170000,260560,SSI iBoard
2016-07-11,7.170000,7.420000,7.170000,7.250000,1215260,SSI iBoard
2016-07-12,7.300000,7.380000,7.250000,7.380000,2088690,SSI iBoard
2016-07-13,7.420000,7.880000,7.380000,7.880000,5165290,SSI iBoard
2016-07-14,8.050000,8.420000,7.750000,7.750000,5103110,SSI iBoard
2016-07-15,7.920000,8.050000,7.800000,7.800000,1463810,SSI iBoard
2016-07-18,7.710000,7.920000,7.630000,7.800000,1084130,SSI iBoard
2016-07-19,7.920000,7.920000,7.420000,7.590000,1644370,SSI iBoard
2016-07-20,7.590000,7.590000,7.380000,7.420000,1757120,SSI iBoard
2016-07-21,7.380000,7.500000,7.340000,7.420000,785170,SSI iBoard
2016-07-22,7.420000,7.420000,7.250000,7.420000,1243490,SSI iBoard
2016-07-25,7.460000,7.460000,7.300000,7.300000,463360,SSI iBoard
2016-07-26,7.300000,7.340000,7.250000,7.340000,271180,SSI iBoard
2016-07-27,7.340000,7.590000,7.300000,7.500000,1495190,SSI iBoard
2016-07-28,7.500000,7.500000,7.420000,7.420000,292440,SSI iBoard
2016-07-29,7.460000,7.500000,7.380000,7.420000,435450,SSI iBoard
2016-08-01,7.420000,7.420000,7.340000,7.380000,609860,SSI iBoard
2016-08-02,7.380000,7.380000,7.130000,7.170000,1344970,SSI iBoard
2016-08-03,7.130000,7.210000,7.090000,7.130000,449320,SSI iBoard
2016-08-04,7.090000,7.300000,7.090000,7.210000,610370,SSI iBoard
2016-08-05,7.090000,7.250000,7.090000,7.130000,550230,SSI iBoard
2016-08-08,7.170000,7.170000,7.090000,7.170000,225100,SSI iBoard
2016-08-09,7.130000,7.210000,7.050000,7.050000,434340,SSI iBoard
2016-08-10,7.090000,7.250000,7.090000,7.250000,452530,SSI iBoard
2016-08-11,7.250000,7.420000,7.210000,7.340000,670610,SSI iBoard
2016-08-12,7.340000,7.380000,7.170000,7.300000,399590,SSI iBoard
2016-08-15,7.300000,7.300000,7.170000,7.300000,278040,SSI iBoard
2016-08-16,7.210000,7.300000,7.210000,7.210000,317960,SSI iBoard
2016-08-17,7.250000,7.250000,7.170000,7.210000,263760,SSI iBoard
2016-08-18,7.210000,7.250000,7.170000,7.210000,269640,SSI iBoard
2016-08-19,7.170000,7.210000,7.090000,7.130000,602920,SSI iBoard
2016-08-22,7.170000,7.170000,7.130000,7.170000,495890,SSI iBoard
2016-08-23,7.170000,7.170000,7.130000,7.130000,242430,SSI iBoard
2016-08-24,7.130000,7.210000,7.130000,7.210000,427180,SSI iBoard
2016-08-25,7.210000,7.210000,7.130000,7.130000,173020,SSI iBoard
2016-08-26,7.170000,7.340000,7.170000,7.250000,622140,SSI iBoard
2016-08-29,7.250000,7.300000,7.210000,7.210000,214620,SSI iBoard
2016-08-30,7.210000,7.300000,7.210000,7.250000,667880,SSI iBoard
2016-08-31,7.250000,7.300000,7.210000,7.250000,594530,SSI iBoard
2016-09-01,7.170000,7.250000,7.130000,7.170000,376080,SSI iBoard
2016-09-05,7.210000,7.210000,7.130000,7.130000,314130,SSI iBoard
2016-09-06,7.210000,7.210000,7.090000,7.130000,395250,SSI iBoard
2016-09-07,7.090000,7.210000,7.090000,7.170000,183110,SSI iBoard
2016-09-08,7.210000,7.210000,7.130000,7.170000,321780,SSI iBoard
2016-09-09,7.210000,7.250000,7.170000,7.250000,376440,SSI iBoard
2016-09-12,7.250000,7.250000,7.130000,7.190000,396750,SSI iBoard
2016-09-13,7.210000,7.210000,7.130000,7.150000,166890,SSI iBoard
2016-09-14,7.150000,7.150000,6.960000,7.000000,420360,SSI iBoard
2016-09-15,7.000000,7.130000,7.000000,7.070000,304460,SSI iBoard
2016-09-16,7.090000,7.090000,7.050000,7.070000,156080,SSI iBoard
2016-09-19,7.070000,7.150000,7.070000,7.130000,510530,SSI iBoard
2016-09-20,7.090000,7.130000,7.090000,7.110000,254580,SSI iBoard
2016-09-21,7.110000,7.130000,7.090000,7.090000,133310,SSI iBoard
2016-09-22,7.130000,7.130000,7.090000,7.090000,328080,SSI iBoard
2016-09-23,7.090000,7.130000,7.050000,7.050000,192340,SSI iBoard
2016-09-26,7.050000,7.090000,7.050000,7.050000,220590,SSI iBoard
2016-09-27,7.020000,7.170000,7.020000,7.150000,756460,SSI iBoard
2016-09-28,7.170000,7.340000,7.150000,7.250000,841370,SSI iBoard
2016-09-29,7.300000,7.300000,7.150000,7.150000,104510,SSI iBoard
2016-09-30,7.130000,7.150000,7.070000,7.070000,431170,SSI iBoard
2016-10-03,7.090000,7.170000,7.070000,7.070000,157380,SSI iBoard
2016-10-04,7.070000,7.250000,7.050000,7.210000,701650,SSI iBoard
2016-10-05,7.210000,7.440000,7.170000,7.340000,1470580,SSI iBoard
2016-10-06,7.380000,7.420000,7.320000,7.340000,846960,SSI iBoard
2016-10-07,7.340000,7.340000,7.210000,7.210000,294700,SSI iBoard
2016-10-10,7.210000,7.300000,7.130000,7.130000,556460,SSI iBoard
2016-10-11,7.130000,7.170000,7.090000,7.150000,477450,SSI iBoard
2016-10-12,7.190000,7.250000,7.130000,7.150000,305200,SSI iBoard
2016-10-13,7.190000,7.190000,7.110000,7.150000,324480,SSI iBoard
2016-10-14,7.170000,7.210000,7.110000,7.110000,640770,SSI iBoard
2016-10-17,7.110000,7.150000,7.090000,7.110000,371450,SSI iBoard
2016-10-18,7.110000,7.130000,7.070000,7.110000,323370,SSI iBoard
2016-10-19,7.130000,7.300000,7.110000,7.230000,1147690,SSI iBoard
2016-10-20,7.250000,7.270000,7.190000,7.210000,301740,SSI iBoard
2016-10-21,7.230000,7.230000,7.150000,7.150000,239110,SSI iBoard
2016-10-24,7.150000,7.270000,7.150000,7.210000,825040,SSI iBoard
2016-10-25,7.250000,7.250000,7.130000,7.170000,632230,SSI iBoard
2016-10-26,7.170000,7.170000,7.070000,7.070000,378010,SSI iBoard
2016-10-27,7.070000,7.090000,6.920000,6.920000,818220,SSI iBoard
2016-10-28,7.050000,7.090000,6.920000,7.090000,997730,SSI iBoard
2016-10-31,7.170000,7.170000,7.000000,7.020000,248850,SSI iBoard
2016-11-01,7.020000,7.070000,6.920000,6.980000,279000,SSI iBoard
2016-11-02,6.980000,7.020000,6.940000,6.960000,401560,SSI iBoard
2016-11-03,6.940000,6.960000,6.920000,6.920000,346580,SSI iBoard
2016-11-04,6.960000,6.960000,6.920000,6.920000,155210,SSI iBoard
2016-11-07,6.920000,6.980000,6.920000,6.960000,230230,SSI iBoard
2016-11-08,6.960000,7.000000,6.900000,6.900000,302960,SSI iBoard
2016-11-09,6.920000,6.960000,6.820000,6.860000,482840,SSI iBoard
2016-11-10,6.860000,6.940000,6.860000,6.920000,669330,SSI iBoard
2016-11-11,6.920000,6.940000,6.860000,6.860000,316350,SSI iBoard
2016-11-14,6.900000,6.900000,6.860000,6.880000,303890,SSI iBoard
2016-11-15,6.880000,6.900000,6.860000,6.880000,225170,SSI iBoard
2016-11-16,6.920000,6.920000,6.840000,6.840000,167420,SSI iBoard
2016-11-17,6.840000,6.880000,6.770000,6.770000,569800,SSI iBoard
2016-11-18,6.770000,6.820000,6.730000,6.770000,284580,SSI iBoard
2016-11-21,6.770000,6.900000,6.770000,6.900000,591420,SSI iBoard
2016-11-22,6.880000,6.980000,6.860000,6.980000,532560,SSI iBoard
2016-11-23,6.960000,7.000000,6.940000,6.980000,412630,SSI iBoard
2016-11-24,6.940000,6.980000,6.800000,6.840000,322620,SSI iBoard
2016-11-25,6.880000,6.880000,6.750000,6.770000,728280,SSI iBoard
2016-11-28,6.800000,6.800000,6.690000,6.710000,334410,SSI iBoard
2016-11-29,6.690000,6.770000,6.690000,6.690000,452340,SSI iBoard
2016-11-30,6.690000,6.750000,6.670000,6.710000,379010,SSI iBoard
2016-12-01,6.710000,6.770000,6.710000,6.750000,441510,SSI iBoard
2016-12-02,6.770000,6.820000,6.730000,6.730000,589230,SSI iBoard
2016-12-05,6.800000,6.800000,6.690000,6.690000,687550,SSI iBoard
2016-12-06,6.690000,6.750000,6.540000,6.540000,692140,SSI iBoard
2016-12-07,6.540000,6.590000,6.500000,6.520000,607910,SSI iBoard
2016-12-08,6.520000,6.670000,6.480000,6.480000,562000,SSI iBoard
2016-12-09,6.480000,6.540000,6.420000,6.420000,581760,SSI iBoard
2016-12-12,6.460000,6.460000,6.170000,6.250000,894390,SSI iBoard
2016-12-13,6.290000,6.290000,6.070000,6.090000,675590,SSI iBoard
2016-12-14,6.090000,6.190000,6.090000,6.110000,453960,SSI iBoard
2016-12-15,6.170000,6.420000,6.130000,6.190000,616860,SSI iBoard
2016-12-16,6.230000,6.250000,6.190000,6.250000,465860,SSI iBoard
2016-12-19,6.340000,6.500000,6.320000,6.380000,882180,SSI iBoard
2016-12-20,6.380000,6.500000,6.360000,6.360000,555100,SSI iBoard
2016-12-21,6.360000,6.420000,6.290000,6.340000,702700,SSI iBoard
2016-12-22,6.360000,6.380000,6.250000,6.290000,517150,SSI iBoard
2016-12-23,6.270000,6.340000,6.230000,6.340000,481330,SSI iBoard
2016-12-26,6.340000,6.380000,6.270000,6.320000,326280,SSI iBoard
2016-12-27,6.320000,6.360000,6.290000,6.340000,263280,SSI iBoard
2016-12-28,6.340000,6.360000,6.290000,6.340000,538430,SSI iBoard
2016-12-29,6.290000,6.380000,6.250000,6.250000,882870,SSI iBoard
2016-12-30,6.250000,6.360000,6.210000,6.270000,430500,SSI iBoard
2017-01-03,6.360000,6.710000,6.360000,6.710000,1008370,SSI iBoard
2017-01-04,6.840000,6.920000,6.710000,6.840000,1006570,SSI iBoard
2017-01-05,6.800000,6.880000,6.670000,6.880000,892010,SSI iBoard
2017-01-06,6.710000,7.130000,6.710000,6.940000,1151370,SSI iBoard
2017-01-09,7.090000,7.210000,7.000000,7.130000,1335810,SSI iBoard
2017-01-10,7.090000,7.090000,7.000000,7.050000,693510,SSI iBoard
2017-01-11,7.050000,7.380000,7.050000,7.380000,2008310,SSI iBoard
2017-01-12,7.380000,7.420000,7.250000,7.340000,739950,SSI iBoard
2017-01-13,7.340000,7.340000,7.190000,7.210000,623490,SSI iBoard
2017-01-16,7.390000,7.390000,7.170000,7.170000,815390,SSI iBoard
2017-01-17,7.300000,7.670000,7.280000,7.670000,3003990,SSI iBoard
2017-01-18,7.670000,7.930000,7.470000,7.520000,1624550,SSI iBoard
2017-01-19,7.430000,7.670000,7.430000,7.670000,1088370,SSI iBoard
2017-01-20,7.670000,7.910000,7.650000,7.780000,2339900,SSI iBoard
2017-01-23,7.780000,8.280000,7.760000,7.950000,2995710,SSI iBoard
2017-01-24,8.080000,8.150000,7.860000,8.060000,2109910,SSI iBoard
2017-01-25,8.040000,8.150000,7.860000,8.060000,2442780,SSI iBoard
2017-02-02,8.080000,8.250000,7.990000,8.120000,1314520,SSI iBoard
2017-02-03,8.120000,8.210000,7.910000,8.020000,2070490,SSI iBoard
2017-02-06,7.970000,8.060000,7.890000,7.950000,1384570,SSI iBoard
2017-02-07,7.910000,8.100000,7.860000,7.890000,3218470,SSI iBoard
2017-02-08,7.890000,7.930000,7.730000,7.760000,2904010,SSI iBoard
2017-02-09,7.800000,7.910000,7.800000,7.840000,1592330,SSI iBoard
2017-02-10,7.840000,8.120000,7.820000,8.060000,3566190,SSI iBoard
2017-02-13,8.060000,8.100000,7.970000,8.040000,1937220,SSI iBoard
2017-02-14,8.020000,8.170000,8.020000,8.100000,2680990,SSI iBoard
2017-02-15,8.100000,8.430000,8.100000,8.390000,4804180,SSI iBoard
2017-02-16,8.430000,8.540000,8.250000,8.390000,5808080,SSI iBoard
2017-02-17,8.340000,8.390000,8.190000,8.210000,2778190,SSI iBoard
2017-02-20,8.150000,8.250000,7.990000,8.040000,2694060,SSI iBoard
2017-02-21,8.120000,8.190000,7.950000,7.950000,2330830,SSI iBoard
2017-02-22,7.990000,7.990000,7.760000,7.820000,3853650,SSI iBoard
2017-02-23,7.860000,7.890000,7.600000,7.780000,2473690,SSI iBoard
2017-02-24,7.730000,7.990000,7.690000,7.840000,1407370,SSI iBoard
2017-02-27,7.780000,8.020000,7.760000,7.950000,1522540,SSI iBoard
2017-02-28,7.950000,8.040000,7.860000,7.930000,2586140,SSI iBoard
2017-03-01,7.910000,7.930000,7.710000,7.820000,1182670,SSI iBoard
2017-03-02,7.910000,7.910000,7.780000,7.800000,816410,SSI iBoard
2017-03-03,7.800000,7.970000,7.690000,7.950000,1754040,SSI iBoard
2017-03-06,8.020000,8.120000,7.950000,7.990000,1718240,SSI iBoard
2017-03-07,7.930000,8.040000,7.930000,7.950000,844680,SSI iBoard
2017-03-08,7.930000,8.190000,7.840000,7.970000,1972150,SSI iBoard
2017-03-09,7.970000,8.120000,7.970000,7.990000,1281380,SSI iBoard
2017-03-10,7.990000,8.100000,7.910000,7.910000,969700,SSI iBoard
2017-03-13,7.910000,7.930000,7.800000,7.800000,1059150,SSI iBoard
2017-03-14,7.780000,7.860000,7.730000,7.780000,1001120,SSI iBoard
2017-03-15,7.780000,7.860000,7.710000,7.730000,1048050,SSI iBoard
2017-03-16,7.780000,7.860000,7.730000,7.760000,886330,SSI iBoard
2017-03-17,7.820000,7.950000,7.820000,7.840000,696990,SSI iBoard
2017-03-20,7.910000,7.990000,7.820000,7.950000,1679060,SSI iBoard
2017-03-21,8.020000,8.120000,7.990000,8.040000,2470110,SSI iBoard
2017-03-22,8.120000,8.210000,7.970000,7.970000,2382120,SSI iBoard
2017-03-23,7.970000,8.060000,7.930000,8.040000,932740,SSI iBoard
2017-03-24,8.080000,8.190000,8.040000,8.120000,2471790,SSI iBoard
2017-03-27,8.250000,8.360000,8.120000,8.170000,1622690,SSI iBoard
2017-03-28,8.170000,8.210000,7.990000,8.040000,992200,SSI iBoard
2017-03-29,8.020000,8.040000,7.950000,7.970000,1098970,SSI iBoard
2017-03-30,7.990000,8.080000,7.970000,7.970000,992300,SSI iBoard
2017-03-31,8.020000,8.020000,7.820000,7.860000,1445170,SSI iBoard
2017-04-03,7.890000,7.910000,7.780000,7.820000,1573370,SSI iBoard
2017-04-04,7.860000,7.890000,7.800000,7.800000,775940,SSI iBoard
2017-04-05,7.840000,7.890000,7.780000,7.820000,798240,SSI iBoard
2017-04-07,7.800000,7.860000,7.760000,7.820000,681240,SSI iBoard
2017-04-10,7.820000,7.890000,7.780000,7.780000,447310,SSI iBoard
2017-04-11,7.780000,7.890000,7.710000,7.860000,1238960,SSI iBoard
2017-04-12,7.820000,7.950000,7.730000,7.730000,1144700,SSI iBoard
2017-04-13,7.780000,7.840000,7.710000,7.710000,954120,SSI iBoard
2017-04-14,7.650000,7.710000,7.560000,7.600000,1645800,SSI iBoard
2017-04-17,7.600000,7.730000,7.390000,7.390000,1623170,SSI iBoard
2017-04-18,7.390000,7.520000,7.360000,7.520000,1077960,SSI iBoard
2017-04-19,7.490000,7.560000,7.490000,7.520000,497490,SSI iBoard
2017-04-20,7.560000,7.620000,7.450000,7.560000,453700,SSI iBoard
2017-04-21,7.560000,7.560000,7.410000,7.430000,652400,SSI iBoard
2017-04-24,7.430000,7.470000,7.390000,7.390000,363620,SSI iBoard
2017-04-25,7.390000,7.520000,7.360000,7.430000,286970,SSI iBoard
2017-04-26,7.390000,7.520000,7.390000,7.470000,475310,SSI iBoard
2017-04-27,7.470000,7.560000,7.470000,7.520000,410720,SSI iBoard
2017-04-28,7.520000,7.670000,7.470000,7.540000,692930,SSI iBoard
2017-05-03,7.620000,7.650000,7.540000,7.600000,474500,SSI iBoard
2017-05-04,7.600000,7.820000,7.560000,7.730000,973500,SSI iBoard
2017-05-05,7.690000,7.760000,7.670000,7.710000,421560,SSI iBoard
2017-05-08,7.690000,7.780000,7.650000,7.710000,703620,SSI iBoard
2017-05-09,7.670000,7.820000,7.650000,7.800000,844220,SSI iBoard
2017-05-10,7.800000,8.040000,7.780000,7.950000,1931930,SSI iBoard
2017-05-11,7.990000,7.990000,7.860000,7.860000,641050,SSI iBoard
2017-05-12,7.820000,8.020000,7.820000,7.890000,703260,SSI iBoard
2017-05-15,7.890000,7.910000,7.760000,7.860000,1110290,SSI iBoard
2017-05-16,7.800000,7.910000,7.690000,7.730000,815770,SSI iBoard
2017-05-17,7.710000,7.840000,7.650000,7.710000,654830,SSI iBoard
2017-05-18,7.730000,7.930000,7.710000,7.800000,933490,SSI iBoard
2017-05-19,7.820000,7.990000,7.820000,7.910000,1091650,SSI iBoard
2017-05-22,8.040000,8.450000,7.950000,8.340000,5170640,SSI iBoard
2017-05-23,8.340000,8.450000,8.120000,8.120000,1965190,SSI iBoard
2017-05-24,8.170000,8.450000,8.040000,8.360000,2068710,SSI iBoard
2017-05-25,8.360000,8.430000,8.190000,8.210000,2220180,SSI iBoard
2017-05-26,8.210000,8.340000,8.170000,8.210000,1376370,SSI iBoard
2017-05-29,8.320000,8.650000,8.320000,8.490000,5590140,SSI iBoard
2017-05-30,8.490000,8.560000,8.210000,8.210000,2589230,SSI iBoard
2017-05-31,8.210000,8.320000,8.120000,8.170000,1058830,SSI iBoard
2017-06-01,8.170000,8.300000,8.100000,8.100000,1658360,SSI iBoard
2017-06-02,8.120000,8.150000,8.020000,8.120000,1569140,SSI iBoard
2017-06-05,8.250000,8.300000,8.150000,8.170000,968510,SSI iBoard
2017-06-06,8.190000,8.360000,8.120000,8.340000,1433850,SSI iBoard
2017-06-07,8.390000,8.710000,8.390000,8.650000,6095440,SSI iBoard
2017-06-08,8.600000,8.650000,8.430000,8.490000,1285490,SSI iBoard
2017-06-09,8.490000,8.620000,8.430000,8.430000,1210820,SSI iBoard
2017-06-12,8.470000,8.560000,8.390000,8.470000,1164340,SSI iBoard
2017-06-13,8.470000,8.650000,8.410000,8.600000,1257110,SSI iBoard
2017-06-14,8.690000,8.880000,8.690000,8.800000,3179340,SSI iBoard
2017-06-15,8.780000,9.080000,8.780000,8.880000,2805430,SSI iBoard
2017-06-16,8.800000,8.950000,8.800000,8.860000,982090,SSI iBoard
2017-06-19,8.930000,9.040000,8.860000,8.990000,1575050,SSI iBoard
2017-06-20,9.080000,9.100000,8.970000,9.080000,1962690,SSI iBoard
2017-06-21,9.080000,9.080000,8.650000,8.800000,2667760,SSI iBoard
2017-06-22,8.820000,8.880000,8.670000,8.670000,1834770,SSI iBoard
2017-06-23,8.650000,8.690000,8.540000,8.690000,1351710,SSI iBoard
2017-06-26,8.670000,8.930000,8.670000,8.800000,1228390,SSI iBoard
2017-06-27,8.820000,8.860000,8.690000,8.690000,1475230,SSI iBoard
2017-06-28,8.730000,8.780000,8.560000,8.750000,1301680,SSI iBoard
2017-06-29,8.690000,8.910000,8.690000,8.750000,1535240,SSI iBoard
2017-06-30,8.780000,8.800000,8.730000,8.800000,860890,SSI iBoard
2017-07-03,8.820000,8.970000,8.780000,8.970000,2640680,SSI iBoard
2017-07-04,8.990000,8.990000,8.800000,8.840000,708720,SSI iBoard
2017-07-05,8.910000,8.910000,8.800000,8.860000,1118490,SSI iBoard
2017-07-06,8.860000,8.910000,8.800000,8.800000,1606330,SSI iBoard
2017-07-07,8.840000,8.910000,8.650000,8.650000,1805000,SSI iBoard
2017-07-10,8.650000,8.730000,8.170000,8.520000,2645310,SSI iBoard
2017-07-11,8.470000,8.560000,8.340000,8.520000,1082800,SSI iBoard
2017-07-12,8.560000,8.560000,8.390000,8.470000,682010,SSI iBoard
2017-07-13,8.520000,8.560000,8.390000,8.560000,1014010,SSI iBoard
2017-07-14,8.560000,8.600000,8.390000,8.410000,904080,SSI iBoard
2017-07-17,8.410000,8.430000,8.080000,8.170000,2136590,SSI iBoard
2017-07-18,8.170000,8.250000,8.080000,8.080000,2311940,SSI iBoard
2017-07-19,8.190000,8.210000,8.120000,8.210000,1650820,SSI iBoard
2017-07-20,8.210000,8.250000,8.060000,8.250000,1705080,SSI iBoard
2017-07-21,8.250000,8.360000,8.080000,8.080000,1833150,SSI iBoard
2017-07-24,8.080000,8.150000,8.040000,8.080000,752680,SSI iBoard
2017-07-25,8.120000,8.300000,8.120000,8.300000,1131570,SSI iBoard
2017-07-26,8.360000,8.540000,8.300000,8.450000,2445580,SSI iBoard
2017-07-27,8.360000,8.470000,8.340000,8.390000,1928880,SSI iBoard
2017-07-28,8.390000,8.580000,8.360000,8.470000,2971010,SSI iBoard
2017-07-31,8.560000,8.860000,8.560000,8.860000,3214090,SSI iBoard
2017-08-01,8.860000,8.860000,8.690000,8.690000,2763120,SSI iBoard
2017-08-02,8.560000,8.930000,8.520000,8.750000,4382970,SSI iBoard
2017-08-03,8.800000,8.950000,8.730000,8.750000,5127760,SSI iBoard
2017-08-04,8.780000,8.820000,8.540000,8.670000,3531350,SSI iBoard
2017-08-07,8.710000,8.730000,8.580000,8.670000,2733760,SSI iBoard
2017-08-08,8.670000,8.750000,8.540000,8.540000,3342970,SSI iBoard
2017-08-09,8.470000,8.520000,8.120000,8.170000,4404510,SSI iBoard
2017-08-10,8.120000,8.250000,8.040000,8.060000,3819510,SSI iBoard
2017-08-11,8.100000,8.250000,8.040000,8.250000,2764010,SSI iBoard
2017-08-14,8.230000,8.410000,8.230000,8.360000,1354330,SSI iBoard
2017-08-15,8.360000,8.410000,8.250000,8.280000,1337270,SSI iBoard
2017-08-16,8.230000,8.280000,8.190000,8.210000,1198460,SSI iBoard
2017-08-17,8.190000,8.250000,8.060000,8.060000,1664970,SSI iBoard
2017-08-18,8.040000,8.150000,7.950000,8.080000,1447350,SSI iBoard
2017-08-21,8.060000,8.120000,8.040000,8.060000,982260,SSI iBoard
2017-08-22,8.060000,8.060000,7.930000,7.930000,1344850,SSI iBoard
2017-08-23,7.930000,7.990000,7.860000,7.930000,1722930,SSI iBoard
2017-08-24,7.950000,8.230000,7.930000,8.210000,2585570,SSI iBoard
2017-08-25,8.230000,8.280000,8.150000,8.190000,1455800,SSI iBoard
2017-08-28,8.190000,8.210000,8.100000,8.190000,1047150,SSI iBoard
2017-08-29,8.170000,8.210000,8.100000,8.120000,1485040,SSI iBoard
2017-08-30,8.080000,8.120000,8.060000,8.060000,624790,SSI iBoard
2017-08-31,8.100000,8.340000,8.080000,8.280000,2375340,SSI iBoard
2017-09-01,8.280000,8.410000,8.230000,8.280000,2074380,SSI iBoard
2017-09-05,8.250000,8.280000,8.170000,8.210000,855200,SSI iBoard
2017-09-06,8.210000,8.210000,8.100000,8.150000,1004380,SSI iBoard
2017-09-07,8.150000,8.280000,8.150000,8.210000,925180,SSI iBoard
2017-09-08,8.210000,8.250000,8.150000,8.150000,1102880,SSI iBoard
2017-09-11,8.150000,8.190000,8.040000,8.060000,1130490,SSI iBoard
2017-09-12,8.080000,8.150000,8.060000,8.100000,711660,SSI iBoard
2017-09-13,8.100000,8.150000,8.060000,8.080000,1068550,SSI iBoard
2017-09-14,8.080000,8.170000,8.080000,8.150000,1563930,SSI iBoard
2017-09-15,8.150000,8.150000,8.100000,8.120000,561770,SSI iBoard
2017-09-18,8.210000,8.410000,8.210000,8.320000,3083780,SSI iBoard
2017-09-19,8.280000,8.470000,8.280000,8.390000,2042660,SSI iBoard
2017-09-20,8.410000,8.520000,8.360000,8.470000,1592350,SSI iBoard
2017-09-21,8.430000,8.600000,8.430000,8.600000,2217490,SSI iBoard
2017-09-22,8.600000,8.670000,8.490000,8.490000,3031000,SSI iBoard
2017-09-25,8.490000,8.520000,8.410000,8.430000,1507280,SSI iBoard
2017-09-26,8.430000,8.540000,8.360000,8.450000,1487760,SSI iBoard
2017-09-27,8.610000,8.610000,8.470000,8.470000,1170000,SSI iBoard
2017-09-28,8.430000,8.520000,8.340000,8.340000,875410,SSI iBoard
2017-09-29,8.340000,8.410000,8.290000,8.340000,740690,SSI iBoard
2017-10-02,8.340000,8.470000,8.320000,8.320000,627190,SSI iBoard
2017-10-03,8.320000,8.380000,8.250000,8.290000,648210,SSI iBoard
2017-10-04,8.320000,8.470000,8.290000,8.470000,856890,SSI iBoard
2017-10-05,8.560000,8.680000,8.500000,8.520000,2000400,SSI iBoard
2017-10-06,8.450000,8.630000,8.450000,8.610000,1040800,SSI iBoard
2017-10-09,8.650000,8.720000,8.630000,8.650000,1696810,SSI iBoard
2017-10-10,8.610000,8.630000,8.540000,8.610000,1683150,SSI iBoard
2017-10-11,8.610000,8.650000,8.500000,8.520000,1764540,SSI iBoard
2017-10-12,8.520000,8.560000,8.500000,8.500000,617660,SSI iBoard
2017-10-13,8.500000,8.560000,8.430000,8.560000,601900,SSI iBoard
2017-10-16,8.560000,8.650000,8.560000,8.630000,1573280,SSI iBoard
2017-10-17,8.610000,8.770000,8.610000,8.740000,3031680,SSI iBoard
2017-10-18,8.830000,8.950000,8.740000,8.790000,3831330,SSI iBoard
2017-10-19,8.790000,8.830000,8.720000,8.790000,1161020,SSI iBoard
2017-10-20,8.770000,8.860000,8.700000,8.770000,1536340,SSI iBoard
2017-10-23,8.770000,8.860000,8.520000,8.540000,1928540,SSI iBoard
2017-10-24,8.470000,8.590000,8.470000,8.500000,932500,SSI iBoard
2017-10-25,8.540000,8.630000,8.500000,8.610000,1403530,SSI iBoard
2017-10-26,8.630000,8.630000,8.470000,8.470000,1340130,SSI iBoard
2017-10-27,8.450000,8.610000,8.450000,8.610000,757670,SSI iBoard
2017-10-30,8.680000,8.740000,8.540000,8.540000,2370310,SSI iBoard
2017-10-31,8.520000,8.560000,8.450000,8.450000,928260,SSI iBoard
2017-11-01,8.450000,8.540000,8.430000,8.470000,833680,SSI iBoard
2017-11-02,8.500000,8.610000,8.340000,8.340000,1511390,SSI iBoard
2017-11-03,8.340000,8.450000,8.290000,8.450000,1098240,SSI iBoard
2017-11-06,8.540000,8.740000,8.450000,8.740000,2844000,SSI iBoard
2017-11-07,8.700000,8.900000,8.700000,8.790000,3253350,SSI iBoard
2017-11-08,8.740000,9.010000,8.740000,8.970000,4277710,SSI iBoard
2017-11-09,8.970000,8.990000,8.810000,8.880000,1263570,SSI iBoard
2017-11-10,8.920000,9.280000,8.830000,9.190000,49561300,SSI iBoard
2017-11-13,9.280000,9.280000,9.130000,9.190000,3130510,SSI iBoard
2017-11-14,9.220000,9.460000,9.190000,9.420000,2725640,SSI iBoard
2017-11-15,9.370000,9.420000,9.310000,9.370000,2307390,SSI iBoard
2017-11-16,9.330000,9.460000,9.330000,9.460000,3825870,SSI iBoard
2017-11-17,9.510000,9.550000,9.260000,9.280000,3115450,SSI iBoard
2017-11-20,9.330000,9.440000,9.280000,9.370000,1631580,SSI iBoard
2017-11-21,9.460000,9.730000,9.420000,9.550000,5021360,SSI iBoard
2017-11-22,9.600000,10.210000,9.580000,10.210000,4538190,SSI iBoard
2017-11-23,10.410000,10.860000,10.280000,10.680000,4993910,SSI iBoard
2017-11-24,10.460000,10.820000,10.460000,10.550000,6220670,SSI iBoard
2017-11-27,10.480000,10.590000,10.430000,10.550000,3818950,SSI iBoard
2017-11-28,10.550000,10.550000,10.230000,10.410000,3515960,SSI iBoard
2017-11-29,10.410000,10.860000,10.390000,10.860000,6301250,SSI iBoard
2017-11-30,11.000000,11.270000,10.820000,10.950000,5558850,SSI iBoard
2017-12-01,10.950000,11.000000,10.790000,10.840000,2577080,SSI iBoard
2017-12-04,10.950000,11.000000,10.840000,10.930000,5980970,SSI iBoard
2017-12-05,10.930000,11.040000,10.570000,10.590000,4035460,SSI iBoard
2017-12-06,10.590000,10.660000,10.320000,10.590000,3331870,SSI iBoard
2017-12-07,10.590000,10.640000,10.320000,10.500000,1344350,SSI iBoard
2017-12-08,10.460000,10.520000,10.280000,10.370000,1735210,SSI iBoard
2017-12-11,10.190000,10.320000,9.640000,9.640000,2925210,SSI iBoard
2017-12-12,9.640000,9.870000,8.990000,9.640000,4351440,SSI iBoard
2017-12-13,9.730000,9.730000,9.400000,9.400000,1512990,SSI iBoard
2017-12-14,9.460000,9.960000,9.400000,9.920000,2318980,SSI iBoard
2017-12-15,9.780000,10.010000,9.780000,9.870000,2132900,SSI iBoard
2017-12-18,9.980000,10.210000,9.960000,10.140000,2289700,SSI iBoard
2017-12-19,10.230000,10.230000,9.920000,9.940000,2591650,SSI iBoard
2017-12-20,9.920000,10.190000,9.730000,10.120000,1899870,SSI iBoard
2017-12-21,10.190000,10.190000,9.960000,9.960000,1430880,SSI iBoard
2017-12-22,9.800000,10.100000,9.800000,10.050000,2121410,SSI iBoard
2017-12-25,10.070000,10.140000,9.920000,10.010000,923090,SSI iBoard
2017-12-26,10.100000,10.460000,10.010000,10.430000,3050860,SSI iBoard
2017-12-27,10.500000,10.680000,10.430000,10.500000,3245260,SSI iBoard
2017-12-28,10.590000,10.930000,10.460000,10.930000,2726960,SSI iBoard
2017-12-29,11.000000,11.020000,10.700000,10.910000,3806720,SSI iBoard
2018-01-02,10.910000,11.270000,10.750000,11.240000,3966440,SSI iBoard
2018-01-03,11.310000,11.380000,11.020000,11.180000,3941230,SSI iBoard
2018-01-04,11.180000,11.580000,11.110000,11.580000,4995490,SSI iBoard
2018-01-05,11.490000,11.540000,11.270000,11.310000,3071940,SSI iBoard
2018-01-08,11.310000,11.670000,11.240000,11.580000,5017740,SSI iBoard
2018-01-09,11.630000,11.650000,10.820000,11.580000,6561230,SSI iBoard
2018-01-10,11.540000,11.810000,11.360000,11.490000,9619750,SSI iBoard
2018-01-11,11.360000,11.670000,11.270000,11.560000,4187120,SSI iBoard
2018-01-12,11.580000,11.880000,11.470000,11.540000,5148990,SSI iBoard
2018-01-15,11.490000,11.880000,11.240000,11.760000,4812150,SSI iBoard
2018-01-16,11.760000,12.150000,11.760000,11.990000,7707220,SSI iBoard
2018-01-17,11.990000,12.080000,11.360000,11.360000,5012930,SSI iBoard
2018-01-18,11.270000,11.490000,10.910000,11.490000,4941490,SSI iBoard
2018-01-19,11.490000,11.610000,11.290000,11.400000,4243980,SSI iBoard
2018-01-22,11.540000,11.670000,11.450000,11.610000,2806440,SSI iBoard
2018-01-25,11.760000,12.390000,11.670000,12.060000,12632930,SSI iBoard
2018-01-26,12.350000,12.510000,12.100000,12.300000,8629440,SSI iBoard
2018-01-29,12.350000,12.960000,12.300000,12.750000,9535190,SSI iBoard
2018-01-30,12.390000,12.710000,12.300000,12.640000,6537380,SSI iBoard
2018-01-31,12.910000,13.120000,12.260000,12.260000,8587080,SSI iBoard
2018-02-01,12.480000,12.800000,12.210000,12.280000,7765160,SSI iBoard
2018-02-02,12.440000,12.730000,12.300000,12.620000,8967630,SSI iBoard
2018-02-05,12.390000,12.620000,11.740000,11.740000,7735310,SSI iBoard
2018-02-06,10.930000,11.490000,10.930000,10.970000,11384030,SSI iBoard
2018-02-07,11.490000,11.740000,11.310000,11.610000,5755430,SSI iBoard
2018-02-08,11.400000,11.610000,11.040000,11.040000,3171590,SSI iBoard
2018-02-09,10.410000,11.130000,10.390000,11.040000,4778760,SSI iBoard
2018-02-12,11.490000,11.810000,11.450000,11.810000,3613760,SSI iBoard
2018-02-13,12.170000,12.260000,11.990000,12.260000,4107030,SSI iBoard
2018-02-21,12.620000,13.030000,12.370000,12.550000,11195110,SSI iBoard
2018-02-22,12.390000,13.320000,12.390000,12.910000,18022260,SSI iBoard
2018-02-23,13.250000,13.700000,13.070000,13.700000,13718750,SSI iBoard
2018-02-26,14.060000,14.240000,13.700000,13.840000,15151800,SSI iBoard
2018-02-27,13.880000,14.470000,13.660000,14.470000,18420040,SSI iBoard
2018-02-28,14.200000,15.440000,14.200000,15.140000,18780330,SSI iBoard
2018-03-01,14.870000,15.570000,14.620000,14.740000,20611220,SSI iBoard
2018-03-02,14.380000,15.010000,14.330000,14.740000,16332340,SSI iBoard
2018-03-05,14.960000,14.960000,13.750000,13.750000,14397300,SSI iBoard
2018-03-06,14.110000,14.560000,13.840000,14.560000,8655290,SSI iBoard
2018-03-07,14.560000,14.760000,14.040000,14.200000,8743530,SSI iBoard
2018-03-08,14.060000,14.470000,14.060000,14.290000,4450530,SSI iBoard
2018-03-09,14.560000,14.850000,14.470000,14.600000,9019810,SSI iBoard
2018-03-12,14.960000,15.230000,14.870000,15.080000,9131840,SSI iBoard
2018-03-13,15.100000,16.090000,15.080000,16.090000,14039020,SSI iBoard
2018-03-14,16.220000,16.500000,15.910000,16.020000,8598930,SSI iBoard
2018-03-15,15.860000,16.680000,15.770000,16.500000,9348680,SSI iBoard
2018-03-16,16.680000,16.770000,16.290000,16.540000,7631290,SSI iBoard
2018-03-19,16.830000,16.830000,16.130000,16.360000,11655870,SSI iBoard
2018-03-20,16.160000,16.450000,16.130000,16.220000,9728470,SSI iBoard
2018-03-21,16.450000,16.540000,16.180000,16.320000,8752910,SSI iBoard
2018-03-22,16.410000,16.430000,16.000000,16.130000,9074600,SSI iBoard
2018-03-23,15.640000,15.950000,15.260000,15.750000,13238950,SSI iBoard
2018-03-26,15.680000,16.130000,15.590000,16.130000,7784740,SSI iBoard
2018-03-27,16.450000,16.540000,16.110000,16.130000,7589490,SSI iBoard
2018-03-28,15.950000,16.180000,15.820000,15.860000,4854050,SSI iBoard
2018-03-29,16.000000,16.000000,15.680000,15.770000,4348190,SSI iBoard
2018-03-30,15.770000,15.800000,15.350000,15.590000,5396860,SSI iBoard
2018-04-02,15.820000,16.360000,15.820000,16.320000,7508660,SSI iBoard
2018-04-03,16.320000,16.450000,16.180000,16.360000,5850150,SSI iBoard
2018-04-04,16.500000,16.540000,16.130000,16.180000,6987490,SSI iBoard
2018-04-05,16.320000,16.320000,16.000000,16.040000,4491490,SSI iBoard
2018-04-06,16.270000,16.410000,16.070000,16.090000,5822740,SSI iBoard
2018-04-09,16.180000,16.990000,16.040000,16.990000,12738930,SSI iBoard
2018-04-10,17.130000,17.240000,16.700000,16.810000,6795480,SSI iBoard
2018-04-11,16.900000,17.040000,16.090000,16.090000,9276770,SSI iBoard
2018-04-12,15.950000,16.250000,15.800000,16.090000,6157460,SSI iBoard
2018-04-13,16.220000,16.270000,15.390000,15.410000,8955730,SSI iBoard
2018-04-16,15.410000,15.730000,14.960000,15.320000,4681650,SSI iBoard
2018-04-17,15.370000,15.680000,15.170000,15.680000,3718370,SSI iBoard
2018-04-18,15.860000,15.890000,15.120000,15.120000,3917470,SSI iBoard
2018-04-19,15.100000,15.120000,14.150000,14.240000,9517160,SSI iBoard
2018-04-20,14.510000,15.100000,14.150000,15.100000,4349720,SSI iBoard
2018-04-23,15.100000,15.230000,14.060000,14.060000,5666300,SSI iBoard
2018-04-24,13.660000,14.290000,13.430000,13.680000,5706980,SSI iBoard
2018-04-26,13.680000,13.750000,12.730000,12.730000,8261420,SSI iBoard
2018-04-27,12.730000,13.320000,12.550000,13.210000,5541550,SSI iBoard
2018-05-02,13.390000,13.390000,12.280000,12.280000,5398180,SSI iBoard
2018-05-03,12.280000,13.070000,11.630000,13.070000,9431320,SSI iBoard
2018-05-04,13.160000,13.250000,12.750000,12.840000,4309260,SSI iBoard
2018-05-07,12.890000,13.720000,12.820000,13.720000,6311980,SSI iBoard
2018-05-08,13.540000,14.110000,13.520000,13.700000,8128930,SSI iBoard
2018-05-09,13.520000,13.840000,13.320000,13.520000,4247880,SSI iBoard
2018-05-10,13.430000,13.610000,12.620000,12.620000,7044560,SSI iBoard
2018-05-11,12.570000,13.500000,12.370000,13.250000,8676620,SSI iBoard
2018-05-14,13.450000,13.480000,13.120000,13.300000,3612060,SSI iBoard
2018-05-15,13.320000,13.610000,13.230000,13.450000,5313260,SSI iBoard
2018-05-16,13.390000,13.450000,12.980000,13.120000,6053700,SSI iBoard
2018-05-17,13.160000,13.320000,12.980000,13.160000,4363180,SSI iBoard
2018-05-18,13.300000,13.360000,12.690000,13.270000,5007410,SSI iBoard
2018-05-21,13.340000,13.390000,12.980000,12.980000,2892620,SSI iBoard
2018-05-22,12.710000,12.960000,12.170000,12.210000,6389160,SSI iBoard
2018-05-23,12.030000,12.620000,12.010000,12.620000,5200740,SSI iBoard
2018-05-24,12.620000,12.710000,12.210000,12.330000,2609650,SSI iBoard
2018-05-25,12.390000,12.480000,11.760000,11.790000,4572900,SSI iBoard
2018-05-28,11.490000,11.670000,10.970000,10.970000,7903690,SSI iBoard
2018-05-29,11.400000,11.740000,11.020000,11.740000,6822120,SSI iBoard
2018-05-30,11.720000,12.010000,11.520000,11.560000,4720830,SSI iBoard
2018-05-31,11.540000,12.280000,11.540000,12.210000,5455510,SSI iBoard
2018-06-01,12.080000,12.690000,12.030000,12.370000,7380970,SSI iBoard
2018-06-04,12.350000,12.660000,12.190000,12.600000,5865720,SSI iBoard
2018-06-05,12.600000,12.930000,12.530000,12.800000,7849780,SSI iBoard
2018-06-06,12.800000,13.180000,12.660000,13.050000,5455670,SSI iBoard
2018-06-07,13.120000,13.120000,12.750000,12.780000,5969420,SSI iBoard
2018-06-08,12.620000,12.960000,12.620000,12.870000,4767490,SSI iBoard
2018-06-11,12.710000,12.960000,12.640000,12.640000,4624690,SSI iBoard
2018-06-12,12.530000,12.570000,11.970000,12.350000,8799030,SSI iBoard
2018-06-13,12.350000,12.510000,12.190000,12.370000,2888490,SSI iBoard
2018-06-14,12.350000,12.460000,12.080000,12.080000,3232350,SSI iBoard
2018-06-15,11.940000,12.260000,11.850000,12.210000,2911510,SSI iBoard
2018-06-18,12.170000,12.300000,11.650000,11.650000,4602800,SSI iBoard
2018-06-19,11.490000,11.520000,10.840000,11.450000,8256400,SSI iBoard
2018-06-20,11.540000,11.830000,11.310000,11.790000,3539880,SSI iBoard
2018-06-21,11.760000,11.810000,11.400000,11.430000,2439860,SSI iBoard
2018-06-22,11.270000,11.670000,11.270000,11.670000,3017090,SSI iBoard
2018-06-25,11.900000,12.060000,11.810000,11.880000,3968730,SSI iBoard
2018-06-26,11.720000,11.830000,11.610000,11.720000,2269630,SSI iBoard
2018-06-27,11.740000,11.850000,11.270000,11.270000,2295230,SSI iBoard
2018-06-28,11.270000,11.380000,10.840000,10.950000,5529200,SSI iBoard
2018-06-29,11.090000,11.200000,10.860000,10.930000,3131100,SSI iBoard
2018-07-02,10.820000,10.910000,10.230000,10.410000,5922700,SSI iBoard
2018-07-03,10.410000,10.500000,9.690000,9.690000,12604080,SSI iBoard
2018-07-04,9.870000,9.870000,9.460000,9.870000,4173250,SSI iBoard
2018-07-05,9.780000,9.870000,9.220000,9.240000,5581570,SSI iBoard
2018-07-06,9.240000,9.870000,9.150000,9.870000,7482830,SSI iBoard
2018-07-09,10.160000,10.320000,9.920000,9.960000,5856660,SSI iBoard
2018-07-10,10.010000,10.230000,9.920000,10.070000,4742620,SSI iBoard
2018-07-11,9.690000,9.830000,9.400000,9.420000,6419960,SSI iBoard
2018-07-12,9.460000,10.070000,9.400000,9.830000,4607140,SSI iBoard
2018-07-13,10.100000,10.370000,10.030000,10.190000,5166290,SSI iBoard
2018-07-16,10.370000,10.460000,10.190000,10.280000,5097690,SSI iBoard
2018-07-17,10.190000,10.860000,10.070000,10.820000,9663380,SSI iBoard
2018-07-18,10.910000,11.220000,10.860000,11.220000,5547380,SSI iBoard
2018-07-19,11.040000,11.240000,10.950000,11.000000,6561280,SSI iBoard
2018-07-20,10.820000,11.150000,10.640000,11.130000,7175250,SSI iBoard
2018-07-23,11.040000,11.270000,10.640000,10.640000,4660480,SSI iBoard
2018-07-24,10.680000,10.770000,10.430000,10.610000,4694830,SSI iBoard
2018-07-25,10.770000,10.770000,10.280000,10.280000,4438080,SSI iBoard
2018-07-26,10.280000,10.410000,10.190000,10.370000,3833150,SSI iBoard
2018-07-27,10.500000,10.730000,10.340000,10.550000,3661800,SSI iBoard
2018-07-30,10.680000,10.770000,10.570000,10.750000,3005450,SSI iBoard
2018-07-31,10.730000,10.910000,10.570000,10.640000,5360140,SSI iBoard
2018-08-01,10.640000,10.700000,10.370000,10.460000,4143490,SSI iBoard
2018-08-02,10.370000,10.430000,10.190000,10.340000,4459080,SSI iBoard
2018-08-03,10.430000,10.520000,10.280000,10.300000,3338160,SSI iBoard
2018-08-06,10.280000,10.500000,10.190000,10.300000,3045600,SSI iBoard
2018-08-07,10.190000,10.590000,10.190000,10.390000,3590660,SSI iBoard
2018-08-08,10.430000,10.790000,10.410000,10.790000,5566440,SSI iBoard
2018-08-09,10.910000,11.060000,10.820000,10.840000,7031950,SSI iBoard
2018-08-10,10.770000,10.950000,10.730000,10.930000,4512160,SSI iBoard
2018-08-13,10.930000,11.610000,10.880000,11.610000,11399080,SSI iBoard
2018-08-14,11.630000,11.740000,11.400000,11.400000,5458820,SSI iBoard
2018-08-15,11.650000,11.850000,11.270000,11.360000,9774410,SSI iBoard
2018-08-16,11.180000,11.850000,11.040000,11.790000,11227630,SSI iBoard
2018-08-17,12.030000,12.100000,11.720000,11.720000,8647290,SSI iBoard
2018-08-20,11.700000,11.830000,11.580000,11.580000,5328040,SSI iBoard
2018-08-21,11.540000,11.940000,11.450000,11.940000,7109240,SSI iBoard
2018-08-22,11.970000,12.080000,11.740000,11.830000,6502340,SSI iBoard
2018-08-23,11.830000,11.920000,11.650000,11.760000,6138470,SSI iBoard
2018-08-24,11.740000,11.990000,11.520000,11.760000,8362470,SSI iBoard
2018-08-27,11.920000,12.350000,11.880000,12.260000,9437840,SSI iBoard
2018-08-28,12.300000,12.370000,12.210000,12.280000,6284270,SSI iBoard
2018-08-29,12.280000,12.300000,12.120000,12.170000,5534930,SSI iBoard
2018-08-30,12.170000,12.600000,12.120000,12.440000,7422130,SSI iBoard
2018-08-31,12.420000,12.480000,12.150000,12.240000,5595720,SSI iBoard
2018-09-04,12.150000,12.210000,11.670000,11.670000,8071290,SSI iBoard
2018-09-05,11.670000,11.850000,11.580000,11.740000,6678740,SSI iBoard
2018-09-06,11.760000,11.830000,11.580000,11.670000,3629360,SSI iBoard
2018-09-07,11.630000,11.970000,11.610000,11.940000,4308610,SSI iBoard
2018-09-10,11.920000,11.990000,11.760000,11.810000,2733190,SSI iBoard
2018-09-11,11.760000,12.210000,11.760000,12.150000,6257740,SSI iBoard
2018-09-12,12.240000,12.260000,11.940000,11.940000,4889210,SSI iBoard
2018-09-13,12.080000,12.210000,11.970000,12.010000,4491540,SSI iBoard
2018-09-14,12.120000,12.330000,12.080000,12.150000,6677120,SSI iBoard
2018-09-17,12.150000,12.150000,11.990000,11.990000,2912850,SSI iBoard
2018-09-18,11.940000,12.120000,11.830000,12.120000,3675180,SSI iBoard
2018-09-19,12.260000,12.300000,12.080000,12.080000,5157360,SSI iBoard
2018-09-20,12.120000,12.370000,12.030000,12.370000,5641050,SSI iBoard
2018-09-21,12.440000,12.750000,12.390000,12.660000,11683350,SSI iBoard
2018-09-24,12.660000,12.750000,12.530000,12.620000,4332530,SSI iBoard
2018-09-25,12.530000,12.710000,12.460000,12.530000,5786020,SSI iBoard
2018-09-26,12.510000,12.710000,12.460000,12.460000,5824170,SSI iBoard
2018-09-27,12.530000,12.600000,12.420000,12.440000,4772170,SSI iBoard
2018-09-28,12.480000,12.660000,12.420000,12.420000,6073370,SSI iBoard
2018-10-01,12.440000,12.530000,12.080000,12.190000,6461870,SSI iBoard
2018-10-02,12.190000,12.370000,12.010000,12.210000,7746060,SSI iBoard
2018-10-03,12.300000,12.480000,12.280000,12.390000,4127150,SSI iBoard
2018-10-04,12.550000,12.570000,12.420000,12.480000,3473930,SSI iBoard
2018-10-05,12.480000,12.530000,12.210000,12.210000,5198350,SSI iBoard
2018-10-08,12.120000,12.280000,12.080000,12.100000,4657990,SSI iBoard
2018-10-09,12.100000,12.170000,11.990000,12.030000,3336170,SSI iBoard
2018-10-10,12.080000,12.100000,11.880000,11.920000,3546520,SSI iBoard
2018-10-11,11.360000,11.580000,11.090000,11.090000,12082520,SSI iBoard
2018-10-12,10.910000,11.450000,10.860000,11.450000,5389190,SSI iBoard
2018-10-15,11.450000,11.490000,11.150000,11.150000,2884750,SSI iBoard
2018-10-16,11.180000,11.330000,11.130000,11.330000,2005520,SSI iBoard
2018-10-17,11.540000,11.580000,11.380000,11.400000,3206460,SSI iBoard
2018-10-18,11.270000,11.490000,11.200000,11.200000,3109490,SSI iBoard
2018-10-19,11.040000,11.220000,10.910000,11.130000,3112080,SSI iBoard
2018-10-22,11.220000,11.270000,11.020000,11.020000,2097350,SSI iBoard
2018-10-23,11.000000,11.000000,10.480000,10.660000,5920090,SSI iBoard
2018-10-24,10.660000,10.790000,10.460000,10.460000,3019740,SSI iBoard
2018-10-25,10.100000,10.430000,9.960000,10.370000,4766130,SSI iBoard
2018-10-26,10.550000,10.550000,10.140000,10.140000,1995490,SSI iBoard
2018-10-29,10.050000,10.250000,9.960000,9.960000,3684150,SSI iBoard
2018-10-30,9.960000,10.160000,9.920000,10.010000,2528950,SSI iBoard
2018-10-31,10.190000,10.550000,10.100000,10.550000,5805250,SSI iBoard
2018-11-01,10.590000,10.610000,10.280000,10.300000,2567210,SSI iBoard
2018-11-02,10.370000,10.730000,10.340000,10.590000,4558920,SSI iBoard
2018-11-05,10.460000,10.610000,10.430000,10.590000,2120240,SSI iBoard
2018-11-06,10.680000,10.730000,10.480000,10.480000,2694510,SSI iBoard
2018-11-07,10.480000,10.590000,10.300000,10.480000,2753710,SSI iBoard
2018-11-08,10.680000,10.700000,10.460000,10.460000,2690030,SSI iBoard
2018-11-09,10.320000,10.480000,10.160000,10.190000,3077020,SSI iBoard
2018-11-12,10.140000,10.210000,9.960000,10.120000,2365260,SSI iBoard
2018-11-13,9.920000,10.100000,9.920000,9.920000,3311180,SSI iBoard
2018-11-14,9.920000,10.070000,9.440000,9.550000,5671640,SSI iBoard
2018-11-15,9.550000,9.780000,9.460000,9.580000,3721830,SSI iBoard
2018-11-16,9.730000,9.980000,9.640000,9.890000,3063290,SSI iBoard
2018-11-19,9.980000,10.390000,9.890000,10.390000,5513170,SSI iBoard
2018-11-20,10.230000,10.570000,10.210000,10.460000,4890140,SSI iBoard
2018-11-21,10.280000,10.590000,10.250000,10.500000,3479650,SSI iBoard
2018-11-22,10.640000,10.640000,10.340000,10.340000,3322210,SSI iBoard
2018-11-23,10.300000,10.410000,10.120000,10.120000,3174400,SSI iBoard
2018-11-26,10.100000,10.210000,10.100000,10.140000,1762420,SSI iBoard
2018-11-27,10.230000,10.300000,9.980000,10.050000,2219900,SSI iBoard
2018-11-28,10.050000,10.250000,10.050000,10.250000,2457300,SSI iBoard
2018-11-29,10.340000,10.460000,10.230000,10.300000,4180120,SSI iBoard
2018-11-30,10.250000,10.480000,10.230000,10.370000,3545150,SSI iBoard
2018-12-03,10.640000,10.910000,10.590000,10.880000,6826140,SSI iBoard
2018-12-04,10.840000,10.950000,10.680000,10.770000,4049780,SSI iBoard
2018-12-05,10.590000,11.000000,10.590000,10.860000,5058040,SSI iBoard
2018-12-06,10.790000,10.880000,10.700000,10.790000,4251890,SSI iBoard
2018-12-07,10.840000,11.000000,10.790000,10.840000,4313800,SSI iBoard
2018-12-10,10.640000,10.700000,10.410000,10.410000,6683070,SSI iBoard
2018-12-11,10.410000,10.550000,10.390000,10.500000,3255860,SSI iBoard
2018-12-12,10.570000,10.590000,10.500000,10.590000,2314550,SSI iBoard
2018-12-13,10.610000,10.680000,10.430000,10.430000,4164600,SSI iBoard
2018-12-14,10.370000,10.460000,9.960000,10.070000,11320020,SSI iBoard
2018-12-17,9.920000,9.980000,9.730000,9.760000,5481050,SSI iBoard
2018-12-18,9.600000,9.850000,9.550000,9.670000,4927320,SSI iBoard
2018-12-19,9.620000,9.670000,8.990000,9.190000,11210140,SSI iBoard
2018-12-20,9.240000,9.420000,9.040000,9.100000,6187230,SSI iBoard
2018-12-21,9.060000,9.400000,9.040000,9.400000,3621750,SSI iBoard
2018-12-24,9.280000,9.460000,9.150000,9.170000,2764900,SSI iBoard
2018-12-25,8.920000,8.970000,8.630000,8.880000,4603010,SSI iBoard
2018-12-26,8.970000,9.010000,8.630000,8.700000,3119010,SSI iBoard
2018-12-27,9.010000,9.040000,8.720000,8.720000,3841050,SSI iBoard
2018-12-28,8.790000,8.880000,8.680000,8.700000,2310660,SSI iBoard
2019-01-02,8.680000,8.770000,8.560000,8.560000,2420340,SSI iBoard
2019-01-03,8.560000,8.650000,8.140000,8.160000,5513360,SSI iBoard
2019-01-04,8.140000,8.360000,7.980000,8.270000,3804290,SSI iBoard
2019-01-07,8.470000,8.470000,8.180000,8.180000,3982660,SSI iBoard
2019-01-08,8.230000,8.230000,8.020000,8.070000,5636280,SSI iBoard
2019-01-09,8.110000,8.430000,8.070000,8.270000,5954880,SSI iBoard
2019-01-10,8.290000,8.630000,8.250000,8.500000,7326460,SSI iBoard
2019-01-11,8.470000,8.680000,8.430000,8.470000,4025750,SSI iBoard
2019-01-14,8.380000,8.590000,8.360000,8.470000,4808180,SSI iBoard
2019-01-15,8.470000,8.610000,8.450000,8.520000,3074470,SSI iBoard
2019-01-16,8.560000,8.610000,8.380000,8.430000,3652310,SSI iBoard
2019-01-17,8.430000,8.520000,8.320000,8.320000,3172300,SSI iBoard
2019-01-18,8.380000,8.380000,8.200000,8.200000,3403750,SSI iBoard
2019-01-21,8.270000,8.770000,8.250000,8.770000,11448210,SSI iBoard
2019-01-22,8.880000,9.060000,8.770000,8.810000,9145450,SSI iBoard
2019-01-23,8.770000,9.040000,8.700000,8.990000,6937940,SSI iBoard
2019-01-24,9.010000,9.240000,8.970000,9.220000,8813040,SSI iBoard
2019-01-25,9.190000,9.280000,9.040000,9.100000,5976710,SSI iBoard
2019-01-28,9.100000,9.220000,9.060000,9.170000,4441160,SSI iBoard
2019-01-29,9.130000,9.370000,9.060000,9.350000,6598310,SSI iBoard
2019-01-30,9.350000,9.400000,9.220000,9.220000,2573630,SSI iBoard
2019-01-31,9.260000,9.310000,8.830000,8.880000,9039900,SSI iBoard
2019-02-01,8.790000,9.080000,8.790000,9.060000,3635060,SSI iBoard
2019-02-11,9.280000,9.420000,9.150000,9.330000,3647470,SSI iBoard
2019-02-12,9.330000,9.580000,9.280000,9.400000,7612990,SSI iBoard
2019-02-13,9.370000,9.580000,9.350000,9.400000,7588170,SSI iBoard
2019-02-14,9.420000,9.510000,9.370000,9.400000,5036130,SSI iBoard
2019-02-15,9.330000,9.510000,9.280000,9.370000,4246880,SSI iBoard
2019-02-18,9.420000,9.550000,9.370000,9.420000,6827190,SSI iBoard
2019-02-19,9.400000,9.490000,9.240000,9.240000,8892610,SSI iBoard
2019-02-20,9.240000,9.420000,9.220000,9.280000,5477410,SSI iBoard
2019-02-21,9.310000,9.310000,9.150000,9.190000,7146910,SSI iBoard
2019-02-22,9.190000,9.550000,9.100000,9.510000,13187550,SSI iBoard
2019-02-25,9.690000,9.730000,9.600000,9.600000,5931030,SSI iBoard
2019-02-26,9.550000,9.670000,9.460000,9.620000,6554030,SSI iBoard
2019-02-27,9.670000,9.670000,9.510000,9.530000,5029720,SSI iBoard
2019-02-28,9.530000,9.580000,9.310000,9.370000,8048820,SSI iBoard
2019-03-01,9.420000,9.440000,9.310000,9.370000,4475980,SSI iBoard
2019-03-04,9.420000,9.620000,9.400000,9.550000,6800970,SSI iBoard
2019-03-05,9.550000,9.780000,9.490000,9.580000,7944430,SSI iBoard
2019-03-06,9.600000,9.640000,9.510000,9.600000,3602700,SSI iBoard
2019-03-07,9.690000,9.780000,9.620000,9.690000,8034740,SSI iBoard
2019-03-08,9.600000,9.690000,9.530000,9.550000,5363050,SSI iBoard
2019-03-11,9.550000,9.600000,9.460000,9.510000,3180430,SSI iBoard
2019-03-12,9.600000,9.960000,9.460000,9.960000,9098570,SSI iBoard
2019-03-13,10.070000,10.250000,9.960000,10.160000,14616340,SSI iBoard
2019-03-14,10.140000,10.250000,10.070000,10.160000,4564370,SSI iBoard
2019-03-15,10.050000,10.320000,10.010000,10.230000,8573740,SSI iBoard
2019-03-18,10.320000,10.570000,10.300000,10.550000,10114160,SSI iBoard
2019-03-19,10.550000,10.550000,10.340000,10.410000,7499460,SSI iBoard
2019-03-20,10.320000,10.430000,10.160000,10.370000,9015900,SSI iBoard
2019-03-21,10.370000,10.410000,9.960000,9.960000,7177690,SSI iBoard
2019-03-22,10.070000,10.190000,9.940000,10.140000,6185060,SSI iBoard
2019-03-25,9.920000,10.010000,9.760000,9.980000,7191300,SSI iBoard
2019-03-26,10.120000,10.210000,10.010000,10.070000,2997150,SSI iBoard
2019-03-27,10.140000,10.280000,10.050000,10.140000,3367730,SSI iBoard
2019-03-28,10.050000,10.250000,10.050000,10.210000,2594400,SSI iBoard
2019-03-29,10.250000,10.280000,10.100000,10.120000,4161570,SSI iBoard
2019-04-01,10.160000,10.160000,9.980000,10.030000,2773610,SSI iBoard
2019-04-02,10.140000,10.160000,9.920000,9.920000,2530940,SSI iBoard
2019-04-03,9.850000,9.890000,9.730000,9.830000,5020300,SSI iBoard
2019-04-04,9.960000,10.050000,9.780000,9.920000,2028650,SSI iBoard
2019-04-05,9.960000,10.030000,9.870000,9.870000,2353340,SSI iBoard
2019-04-08,9.870000,10.050000,9.850000,10.050000,2617240,SSI iBoard
2019-04-09,10.100000,10.190000,9.980000,9.980000,3894020,SSI iBoard
2019-04-10,9.870000,9.980000,9.850000,9.870000,2240010,SSI iBoard
2019-04-11,9.870000,10.030000,9.850000,9.890000,2063740,SSI iBoard
2019-04-12,9.870000,9.940000,9.850000,9.850000,1535700,SSI iBoard
2019-04-16,9.730000,9.780000,9.600000,9.710000,3150240,SSI iBoard
2019-04-17,9.760000,9.850000,9.670000,9.670000,2156930,SSI iBoard
2019-04-18,9.620000,9.690000,9.420000,9.460000,3812000,SSI iBoard
2019-04-19,9.530000,9.580000,9.370000,9.370000,2009050,SSI iBoard
2019-04-22,9.370000,9.460000,9.220000,9.240000,2309880,SSI iBoard
2019-04-23,9.330000,9.550000,9.240000,9.400000,2447700,SSI iBoard
2019-04-24,9.510000,9.710000,9.460000,9.640000,2446780,SSI iBoard
2019-04-25,9.600000,9.640000,9.490000,9.490000,1295490,SSI iBoard
2019-04-26,9.490000,9.600000,9.460000,9.580000,1447680,SSI iBoard
2019-05-02,9.600000,9.600000,9.420000,9.460000,1919560,SSI iBoard
2019-05-03,9.420000,9.530000,9.400000,9.420000,1724730,SSI iBoard
2019-05-06,9.280000,9.330000,9.170000,9.220000,2472430,SSI iBoard
2019-05-07,9.240000,9.370000,9.130000,9.190000,1493980,SSI iBoard
2019-05-08,9.080000,9.220000,9.060000,9.220000,1787060,SSI iBoard
2019-05-09,9.190000,9.280000,9.040000,9.060000,1996910,SSI iBoard
2019-05-10,9.100000,9.240000,9.080000,9.150000,1696620,SSI iBoard
2019-05-13,9.190000,9.400000,9.150000,9.220000,1929660,SSI iBoard
2019-05-14,9.130000,9.310000,9.130000,9.260000,2101030,SSI iBoard
2019-05-15,9.310000,9.530000,9.310000,9.530000,3676840,SSI iBoard
2019-05-16,9.530000,9.620000,9.460000,9.510000,2446250,SSI iBoard
2019-05-17,9.510000,9.620000,9.460000,9.550000,2576280,SSI iBoard
2019-05-20,9.550000,9.690000,9.510000,9.620000,2854020,SSI iBoard
2019-05-21,9.620000,9.690000,9.550000,9.580000,2301740,SSI iBoard
2019-05-22,9.600000,9.780000,9.580000,9.710000,4998510,SSI iBoard
2019-05-23,9.690000,9.730000,9.600000,9.690000,1878120,SSI iBoard
2019-05-24,9.620000,9.690000,9.550000,9.550000,2200020,SSI iBoard
2019-05-27,9.530000,9.580000,9.460000,9.550000,1710820,SSI iBoard
2019-05-28,9.550000,9.550000,9.420000,9.460000,2024820,SSI iBoard
2019-05-29,9.420000,9.440000,9.310000,9.310000,2326330,SSI iBoard
2019-05-30,9.280000,9.400000,9.240000,9.310000,1569920,SSI iBoard
2019-05-31,9.350000,9.350000,9.150000,9.150000,2022410,SSI iBoard
2019-06-03,9.060000,9.170000,8.970000,8.970000,3077110,SSI iBoard
2019-06-04,9.010000,9.100000,8.970000,9.010000,2031330,SSI iBoard
2019-06-05,9.150000,9.260000,9.060000,9.060000,1915720,SSI iBoard
2019-06-06,9.060000,9.170000,8.990000,9.150000,1981740,SSI iBoard
2019-06-07,9.190000,9.220000,9.150000,9.220000,1389360,SSI iBoard
2019-06-10,9.330000,9.350000,9.220000,9.240000,2476670,SSI iBoard
2019-06-11,9.240000,9.260000,9.220000,9.240000,1143400,SSI iBoard
2019-06-12,9.220000,9.240000,9.130000,9.130000,1213370,SSI iBoard
2019-06-13,9.100000,9.170000,9.080000,9.080000,1334410,SSI iBoard
2019-06-14,9.130000,9.280000,9.080000,9.150000,2793720,SSI iBoard
2019-06-17,9.190000,9.280000,9.170000,9.220000,2429080,SSI iBoard
2019-06-18,9.240000,9.280000,9.130000,9.130000,1778110,SSI iBoard
2019-06-19,9.190000,9.240000,9.130000,9.130000,1428770,SSI iBoard
2019-06-20,9.190000,9.240000,9.130000,9.130000,1428770,SSI iBoard
2019-06-21,9.550000,9.640000,9.440000,9.640000,4663670,SSI iBoard
2019-06-24,9.620000,9.690000,9.530000,9.640000,3859260,SSI iBoard
2019-06-25,9.530000,9.640000,9.490000,9.490000,3629470,SSI iBoard
2019-06-26,9.440000,9.620000,9.420000,9.420000,3109850,SSI iBoard
2019-06-27,9.400000,9.420000,9.280000,9.310000,4239030,SSI iBoard
2019-06-28,9.330000,9.350000,8.790000,8.790000,4143360,SSI iBoard
2019-07-01,9.220000,9.400000,9.150000,9.400000,3636530,SSI iBoard
2019-07-02,9.460000,9.530000,9.350000,9.370000,2581680,SSI iBoard
2019-07-03,9.330000,9.530000,9.310000,9.490000,4071120,SSI iBoard
2019-07-04,9.530000,9.580000,9.440000,9.530000,2421940,SSI iBoard
2019-07-05,9.530000,9.670000,9.460000,9.530000,3183640,SSI iBoard
2019-07-08,9.530000,9.530000,9.350000,9.420000,3247610,SSI iBoard
2019-07-09,9.420000,9.510000,9.400000,9.440000,2437260,SSI iBoard
2019-07-10,9.460000,9.600000,9.460000,9.460000,2666090,SSI iBoard
2019-07-11,9.510000,9.760000,9.510000,9.710000,5419950,SSI iBoard
2019-07-12,9.730000,9.800000,9.620000,9.670000,3416020,SSI iBoard
2019-07-15,9.670000,9.730000,9.620000,9.690000,1998860,SSI iBoard
2019-07-16,9.690000,9.800000,9.690000,9.780000,5202320,SSI iBoard
2019-07-17,9.830000,9.920000,9.760000,9.870000,4406650,SSI iBoard
2019-07-18,9.780000,9.870000,9.760000,9.760000,2817020,SSI iBoard
2019-07-19,9.890000,9.980000,9.830000,9.850000,6736500,SSI iBoard
2019-07-22,9.850000,9.940000,9.710000,9.730000,3295120,SSI iBoard
2019-07-23,9.730000,9.800000,9.710000,9.760000,2923250,SSI iBoard
2019-07-24,9.800000,9.830000,9.580000,9.580000,3844740,SSI iBoard
2019-07-25,9.580000,9.670000,9.550000,9.580000,2757240,SSI iBoard
2019-07-26,9.620000,9.640000,9.550000,9.550000,2030860,SSI iBoard
2019-07-29,9.550000,9.580000,9.370000,9.420000,2591880,SSI iBoard
2019-07-30,9.510000,9.530000,9.330000,9.330000,2545270,SSI iBoard
2019-07-31,9.330000,9.400000,9.310000,9.350000,2200930,SSI iBoard
2019-08-01,9.370000,9.370000,9.150000,9.190000,2806750,SSI iBoard
2019-08-02,9.100000,9.330000,9.080000,9.170000,3314870,SSI iBoard
2019-08-05,9.220000,9.220000,9.130000,9.170000,2811330,SSI iBoard
2019-08-06,8.990000,9.150000,8.990000,9.100000,3546800,SSI iBoard
2019-08-07,9.100000,9.190000,9.040000,9.100000,1426570,SSI iBoard
2019-08-08,9.150000,9.220000,9.060000,9.220000,2257320,SSI iBoard
2019-08-09,9.220000,9.330000,9.170000,9.240000,2169710,SSI iBoard
2019-08-12,9.240000,9.260000,9.130000,9.170000,2294430,SSI iBoard
2019-08-13,9.100000,9.280000,9.080000,9.280000,2312360,SSI iBoard
2019-08-14,9.370000,9.400000,9.240000,9.240000,2708730,SSI iBoard
2019-08-15,9.060000,9.190000,9.060000,9.190000,2300810,SSI iBoard
2019-08-16,9.260000,9.370000,9.150000,9.240000,3255150,SSI iBoard
2019-08-19,9.280000,9.370000,9.240000,9.240000,1255700,SSI iBoard
2019-08-20,9.240000,9.310000,9.220000,9.280000,2188250,SSI iBoard
2019-08-21,9.280000,9.440000,9.240000,9.350000,4601730,SSI iBoard
2019-08-22,9.440000,9.440000,9.280000,9.280000,1977380,SSI iBoard
2019-08-23,9.280000,9.330000,9.240000,9.240000,1872130,SSI iBoard
2019-08-26,9.130000,9.190000,9.080000,9.150000,3443430,SSI iBoard
2019-08-27,9.220000,9.240000,9.100000,9.150000,1948770,SSI iBoard
2019-08-28,9.150000,9.170000,9.100000,9.130000,910800,SSI iBoard
2019-08-29,9.150000,9.150000,9.060000,9.100000,972120,SSI iBoard
2019-08-30,9.100000,9.170000,9.100000,9.100000,1443900,SSI iBoard
2019-09-03,9.100000,9.150000,9.010000,8.990000,1643850,SSI iBoard
2019-09-04,9.010000,9.080000,8.950000,9.010000,1681830,SSI iBoard
2019-09-05,9.080000,9.100000,8.990000,8.990000,1321560,SSI iBoard
2019-09-06,8.990000,9.080000,8.970000,8.970000,1224750,SSI iBoard
2019-09-09,8.970000,9.040000,8.970000,8.990000,1119280,SSI iBoard
2019-09-10,9.010000,9.040000,8.880000,8.900000,2170690,SSI iBoard
2019-09-11,8.920000,8.950000,8.880000,8.920000,1106570,SSI iBoard
2019-09-12,8.950000,9.100000,8.920000,9.080000,1076510,SSI iBoard
2019-09-13,9.080000,9.420000,9.040000,9.400000,6366050,SSI iBoard
2019-09-16,9.330000,9.530000,9.330000,9.350000,3335520,SSI iBoard
2019-09-17,9.310000,9.370000,9.280000,9.350000,1413640,SSI iBoard
2019-09-18,9.330000,9.510000,9.310000,9.370000,4935270,SSI iBoard
2019-09-19,9.400000,9.600000,9.400000,9.580000,4698360,SSI iBoard
2019-09-20,9.580000,9.600000,9.490000,9.510000,1829910,SSI iBoard
2019-09-23,9.510000,9.580000,9.460000,9.460000,2356580,SSI iBoard
2019-09-24,9.460000,9.510000,9.400000,9.350000,3494440,SSI iBoard
2019-09-25,9.330000,9.420000,9.310000,9.370000,1672570,SSI iBoard
2019-09-26,9.420000,9.530000,9.420000,9.530000,2309330,SSI iBoard
2019-09-27,9.530000,9.600000,9.530000,9.530000,2404330,SSI iBoard
2019-09-30,9.580000,9.670000,9.510000,9.530000,3543070,SSI iBoard
2019-10-01,9.600000,9.600000,9.490000,9.600000,2506360,SSI iBoard
2019-10-02,9.580000,9.640000,9.440000,9.460000,2310670,SSI iBoard
2019-10-03,9.400000,9.460000,9.350000,9.460000,2030560,SSI iBoard
2019-10-04,9.490000,9.490000,9.280000,9.280000,2187870,SSI iBoard
2019-10-07,9.310000,9.350000,9.260000,9.260000,1892500,SSI iBoard
2019-10-08,9.280000,9.370000,9.240000,9.350000,1145820,SSI iBoard
2019-10-09,9.370000,9.670000,9.370000,9.600000,6132090,SSI iBoard
2019-10-10,9.600000,9.640000,9.530000,9.530000,2285400,SSI iBoard
2019-10-11,9.530000,9.620000,9.530000,9.530000,1561780,SSI iBoard
2019-10-14,9.670000,9.890000,9.620000,9.780000,7099870,SSI iBoard
2019-10-15,9.780000,9.830000,9.730000,9.780000,2489320,SSI iBoard
2019-10-16,9.850000,9.960000,9.830000,9.870000,4123220,SSI iBoard
2019-10-17,9.850000,9.920000,9.830000,9.870000,3322020,SSI iBoard
2019-10-18,9.870000,9.890000,9.690000,9.730000,2938470,SSI iBoard
2019-10-21,9.690000,9.730000,9.580000,9.580000,3510490,SSI iBoard
2019-10-22,9.580000,9.730000,9.580000,9.730000,1925300,SSI iBoard
2019-10-23,9.730000,9.830000,9.620000,9.670000,1940210,SSI iBoard
2019-10-24,9.690000,9.730000,9.640000,9.690000,1579900,SSI iBoard
2019-10-25,9.690000,9.920000,9.640000,9.920000,4362760,SSI iBoard
2019-10-28,9.960000,10.070000,9.940000,9.920000,3023720,SSI iBoard
2019-10-29,9.960000,10.120000,9.920000,9.940000,3264130,SSI iBoard
2019-10-30,9.920000,10.070000,9.920000,9.980000,3029000,SSI iBoard
2019-10-31,10.050000,10.100000,9.920000,9.920000,2389060,SSI iBoard
2019-11-01,9.870000,10.050000,9.850000,10.050000,4250320,SSI iBoard
2019-11-04,10.100000,10.250000,10.070000,10.120000,5847460,SSI iBoard
2019-11-05,10.140000,10.160000,10.100000,10.100000,2659250,SSI iBoard
2019-11-06,10.100000,10.190000,10.070000,10.050000,3253010,SSI iBoard
2019-11-07,10.050000,10.100000,9.980000,10.030000,2959680,SSI iBoard
2019-11-08,10.100000,10.140000,10.030000,10.050000,2175750,SSI iBoard
2019-11-11,10.070000,10.160000,9.920000,9.890000,3877190,SSI iBoard
2019-11-12,9.890000,9.980000,9.870000,9.920000,2746490,SSI iBoard
2019-11-13,9.940000,10.120000,9.730000,9.850000,8802490,SSI iBoard
2019-11-14,9.830000,9.830000,9.730000,9.730000,2281670,SSI iBoard
2019-11-15,9.730000,9.870000,9.690000,9.780000,2515020,SSI iBoard
2019-11-18,9.760000,9.760000,9.640000,9.640000,5830220,SSI iBoard
2019-11-19,9.670000,9.730000,9.640000,9.690000,3701630,SSI iBoard
2019-11-20,9.690000,9.710000,9.600000,9.600000,2914790,SSI iBoard
2019-11-21,9.600000,9.690000,9.530000,9.600000,4749840,SSI iBoard
2019-11-22,9.640000,9.670000,9.370000,9.510000,4060050,SSI iBoard
2019-11-25,9.550000,9.550000,9.420000,9.530000,2228300,SSI iBoard
2019-11-26,9.580000,9.580000,9.490000,9.550000,2125800,SSI iBoard
2019-11-27,9.550000,9.600000,9.490000,9.490000,1670250,SSI iBoard
2019-11-28,9.490000,9.490000,9.220000,9.220000,3637750,SSI iBoard
2019-11-29,9.240000,9.260000,9.130000,9.220000,3157760,SSI iBoard
2019-12-02,9.190000,9.220000,8.920000,8.920000,3939590,SSI iBoard
2019-12-03,8.790000,9.010000,8.790000,8.830000,3746930,SSI iBoard
2019-12-04,8.880000,9.240000,8.810000,9.220000,3727730,SSI iBoard
2019-12-05,9.240000,9.240000,9.060000,9.060000,1382950,SSI iBoard
2019-12-06,9.040000,9.170000,9.040000,9.150000,1845310,SSI iBoard
2019-12-09,9.100000,9.170000,9.080000,9.080000,2198400,SSI iBoard
2019-12-10,9.100000,9.100000,8.990000,9.040000,2293020,SSI iBoard
2019-12-11,9.040000,9.080000,8.880000,8.950000,2570270,SSI iBoard
2019-12-12,8.970000,9.130000,8.970000,9.080000,1909480,SSI iBoard
2019-12-13,9.130000,9.330000,9.130000,9.280000,3962760,SSI iBoard
2019-12-16,9.280000,9.280000,9.150000,9.150000,1437460,SSI iBoard
2019-12-17,9.170000,9.260000,9.130000,9.130000,1689580,SSI iBoard
2019-12-18,9.100000,9.190000,9.080000,9.080000,1746820,SSI iBoard
2019-12-19,9.100000,9.150000,9.010000,9.080000,1339070,SSI iBoard
2019-12-20,9.080000,9.220000,9.060000,9.170000,1068060,SSI iBoard
2019-12-23,9.190000,9.370000,9.190000,9.260000,3308670,SSI iBoard
2019-12-24,9.310000,9.310000,9.190000,9.280000,1254620,SSI iBoard
2019-12-25,9.240000,9.370000,9.240000,9.280000,1381280,SSI iBoard
2019-12-26,9.280000,9.330000,9.220000,9.280000,2075490,SSI iBoard
2019-12-27,9.310000,9.310000,9.170000,9.310000,1589060,SSI iBoard
2019-12-30,9.330000,9.510000,9.310000,9.490000,4624920,SSI iBoard
2019-12-31,9.530000,9.550000,9.400000,9.420000,1742690,SSI iBoard
2020-01-02,9.420000,9.800000,9.400000,9.690000,4347610,SSI iBoard
2020-01-03,9.800000,9.850000,9.580000,9.600000,3626640,SSI iBoard
2020-01-06,9.550000,9.780000,9.510000,9.620000,3173480,SSI iBoard
2020-01-07,9.730000,9.850000,9.670000,9.780000,4163600,SSI iBoard
2020-01-08,9.710000,9.980000,9.600000,9.760000,9864300,SSI iBoard
2020-01-09,9.850000,10.190000,9.850000,10.120000,8592300,SSI iBoard
2020-01-10,10.140000,10.820000,10.140000,10.610000,14701830,SSI iBoard
2020-01-13,10.500000,10.820000,10.460000,10.460000,5317470,SSI iBoard
2020-01-14,10.480000,10.730000,10.460000,10.590000,7040780,SSI iBoard
2020-01-15,10.590000,10.680000,10.480000,10.640000,4364850,SSI iBoard
2020-01-16,10.680000,11.240000,10.660000,11.220000,8002680,SSI iBoard
2020-01-17,11.360000,11.450000,11.090000,11.240000,6412750,SSI iBoard
2020-01-20,11.220000,11.400000,11.150000,11.310000,4737420,SSI iBoard
2020-01-21,11.360000,11.630000,11.310000,11.400000,6063350,SSI iBoard
2020-01-22,11.400000,11.610000,11.290000,11.540000,4747210,SSI iBoard
2020-01-30,11.220000,11.430000,10.820000,10.970000,11319200,SSI iBoard
2020-01-31,11.090000,11.380000,11.000000,11.000000,11815850,SSI iBoard
2020-02-03,10.590000,11.360000,10.480000,11.330000,13869450,SSI iBoard
2020-02-04,11.450000,12.120000,11.430000,12.120000,14852770,SSI iBoard
2020-02-05,12.350000,12.530000,11.970000,11.970000,11732260,SSI iBoard
2020-02-06,12.030000,12.660000,11.880000,12.510000,10566600,SSI iBoard
2020-02-07,12.390000,12.460000,12.010000,12.120000,8960350,SSI iBoard
2020-02-10,11.830000,12.300000,11.810000,11.990000,6287560,SSI iBoard
2020-02-11,12.120000,12.510000,12.100000,12.510000,6762320,SSI iBoard
2020-02-12,12.820000,12.820000,12.260000,12.260000,10390830,SSI iBoard
2020-02-13,12.330000,12.440000,11.940000,12.280000,9485770,SSI iBoard
2020-02-14,12.330000,12.330000,12.030000,12.080000,6108570,SSI iBoard
2020-02-17,12.120000,12.190000,11.900000,11.970000,5818090,SSI iBoard
2020-02-18,12.030000,12.280000,11.990000,12.030000,7231540,SSI iBoard
2020-02-19,12.080000,12.260000,12.080000,12.170000,5895360,SSI iBoard
2020-02-20,12.330000,12.480000,12.010000,12.120000,9011120,SSI iBoard
2020-02-21,12.080000,12.120000,11.560000,11.650000,12049570,SSI iBoard
2020-02-24,11.310000,11.450000,10.970000,11.000000,12317180,SSI iBoard
2020-02-25,11.000000,11.760000,10.970000,11.760000,9764100,SSI iBoard
2020-02-26,11.520000,11.810000,11.450000,11.630000,6229210,SSI iBoard
2020-02-27,11.610000,11.810000,11.540000,11.810000,5524580,SSI iBoard
2020-02-28,11.490000,11.740000,11.270000,11.610000,7892390,SSI iBoard
2020-03-02,11.700000,11.740000,11.450000,11.490000,4873970,SSI iBoard
2020-03-03,11.810000,12.150000,11.700000,11.920000,9514110,SSI iBoard
2020-03-04,11.850000,11.920000,11.720000,11.920000,4587660,SSI iBoard
2020-03-05,12.080000,12.100000,11.790000,11.790000,5997630,SSI iBoard
2020-03-06,11.630000,11.740000,11.470000,11.610000,5353340,SSI iBoard
2020-03-09,10.860000,11.130000,10.820000,10.820000,10773760,SSI iBoard
2020-03-10,10.820000,11.290000,10.430000,11.040000,11071330,SSI iBoard
2020-03-11,11.180000,11.270000,10.300000,10.460000,8522410,SSI iBoard
2020-03-12,9.920000,10.100000,9.730000,9.830000,11314020,SSI iBoard
2020-03-13,9.240000,10.100000,9.150000,9.890000,10540670,SSI iBoard
2020-03-16,9.890000,9.940000,9.240000,9.240000,7506240,SSI iBoard
2020-03-17,9.010000,9.550000,8.740000,9.460000,7946050,SSI iBoard
2020-03-18,9.600000,9.710000,9.440000,9.440000,6424470,SSI iBoard
2020-03-19,9.240000,9.280000,8.950000,9.060000,4724410,SSI iBoard
2020-03-20,9.190000,9.240000,8.860000,8.920000,6426820,SSI iBoard
2020-03-23,8.470000,8.560000,8.320000,8.320000,6448830,SSI iBoard
2020-03-24,8.320000,8.430000,7.950000,8.250000,6361270,SSI iBoard
2020-03-25,8.560000,8.810000,8.470000,8.810000,7041040,SSI iBoard
2020-03-26,8.590000,8.830000,8.470000,8.470000,5121770,SSI iBoard
2020-03-27,8.590000,8.610000,8.430000,8.560000,6261510,SSI iBoard
2020-03-30,8.040000,8.110000,7.980000,7.980000,7331160,SSI iBoard
2020-03-31,8.110000,8.340000,7.480000,7.750000,6102570,SSI iBoard
2020-04-01,7.660000,8.270000,7.660000,8.250000,5514550,SSI iBoard
2020-04-03,8.380000,8.560000,8.340000,8.470000,4625590,SSI iBoard
2020-04-06,8.700000,9.060000,8.560000,9.060000,10557010,SSI iBoard
2020-04-07,9.100000,9.130000,8.830000,8.950000,7256090,SSI iBoard
2020-04-08,8.700000,9.010000,8.610000,8.880000,4637260,SSI iBoard
2020-04-09,9.010000,9.170000,8.920000,8.920000,7265280,SSI iBoard
2020-04-10,8.920000,9.060000,8.700000,8.770000,5700980,SSI iBoard
2020-04-13,8.740000,9.010000,8.680000,8.830000,4183300,SSI iBoard
2020-04-14,8.810000,8.900000,8.470000,8.650000,7389910,SSI iBoard
2020-04-15,8.650000,8.990000,8.650000,8.950000,6758040,SSI iBoard
2020-04-16,8.830000,8.970000,8.740000,8.920000,3710320,SSI iBoard
2020-04-17,9.240000,9.240000,9.010000,9.060000,8578720,SSI iBoard
2020-04-20,9.150000,9.220000,8.950000,8.950000,6291720,SSI iBoard
2020-04-21,8.860000,8.900000,8.450000,8.470000,9299890,SSI iBoard
2020-04-22,8.290000,8.880000,8.290000,8.680000,6363800,SSI iBoard
2020-04-23,8.790000,8.880000,8.650000,8.650000,2950110,SSI iBoard
2020-04-24,8.650000,8.700000,8.560000,8.650000,2871100,SSI iBoard
2020-04-27,8.740000,8.740000,8.500000,8.500000,3900150,SSI iBoard
2020-04-28,8.500000,8.700000,8.430000,8.590000,3942840,SSI iBoard
2020-04-29,8.700000,9.010000,8.610000,9.010000,9337270,SSI iBoard
2020-05-04,8.900000,9.220000,8.810000,9.040000,7526760,SSI iBoard
2020-05-05,9.040000,9.080000,8.860000,8.950000,2976380,SSI iBoard
2020-05-06,8.990000,9.150000,8.810000,9.100000,6890670,SSI iBoard
2020-05-07,9.100000,9.310000,9.060000,9.190000,7523830,SSI iBoard
2020-05-08,9.330000,9.760000,9.280000,9.420000,12666220,SSI iBoard
2020-05-11,9.670000,9.710000,9.420000,9.580000,7654090,SSI iBoard
2020-05-12,9.530000,9.830000,9.400000,9.760000,6576780,SSI iBoard
2020-05-13,9.640000,9.890000,9.530000,9.760000,6959000,SSI iBoard
2020-05-14,9.640000,9.800000,9.620000,9.620000,5828440,SSI iBoard
2020-05-15,9.710000,9.730000,9.400000,9.420000,7303040,SSI iBoard
2020-05-18,9.440000,9.620000,9.330000,9.620000,5204650,SSI iBoard
2020-05-19,9.920000,10.120000,9.830000,10.050000,11023040,SSI iBoard
2020-05-20,9.920000,10.050000,9.870000,10.050000,5342980,SSI iBoard
2020-05-21,10.070000,10.480000,10.050000,10.340000,10616250,SSI iBoard
2020-05-22,10.280000,10.640000,10.210000,10.280000,7637850,SSI iBoard
2020-05-25,10.320000,10.520000,10.230000,10.390000,6731270,SSI iBoard
2020-05-26,10.390000,10.500000,10.300000,10.430000,6282980,SSI iBoard
2020-05-27,10.500000,10.570000,10.100000,10.100000,8420990,SSI iBoard
2020-05-28,10.160000,10.340000,10.070000,10.160000,5936110,SSI iBoard
2020-05-29,10.120000,10.230000,10.120000,10.140000,3561630,SSI iBoard
2020-06-01,10.280000,10.590000,10.230000,10.590000,7120400,SSI iBoard
2020-06-02,10.730000,10.950000,10.550000,10.570000,9588410,SSI iBoard
2020-06-03,10.640000,10.840000,10.610000,10.820000,6901900,SSI iBoard
2020-06-04,10.910000,11.220000,10.860000,11.110000,8945730,SSI iBoard
2020-06-05,11.040000,11.130000,10.910000,11.020000,5424300,SSI iBoard
2020-06-08,11.200000,11.360000,11.090000,11.220000,7059480,SSI iBoard
2020-06-09,11.270000,11.270000,10.910000,10.860000,6702380,SSI iBoard
2020-06-10,10.910000,11.270000,10.860000,11.110000,8248360,SSI iBoard
2020-06-11,11.130000,11.180000,10.340000,10.340000,9257760,SSI iBoard
2020-06-12,9.960000,10.500000,9.960000,10.500000,7094300,SSI iBoard
2020-06-15,10.460000,10.590000,9.960000,10.050000,7929180,SSI iBoard
2020-06-16,10.370000,10.480000,10.230000,10.480000,4034460,SSI iBoard
2020-06-17,10.370000,10.480000,10.320000,10.370000,2469120,SSI iBoard
2020-06-18,10.230000,10.460000,10.230000,10.320000,1954210,SSI iBoard
2020-06-19,10.430000,10.550000,10.340000,10.520000,2865250,SSI iBoard
2020-06-22,10.500000,10.680000,10.480000,10.570000,2986770,SSI iBoard
2020-06-23,10.550000,10.610000,10.390000,10.480000,2896760,SSI iBoard
2020-06-24,10.550000,10.610000,10.230000,10.280000,3055390,SSI iBoard
2020-06-25,10.140000,10.300000,10.100000,10.230000,2550180,SSI iBoard
2020-06-26,10.370000,10.390000,10.100000,10.160000,2337220,SSI iBoard
2020-06-29,10.100000,10.160000,9.760000,9.870000,4603180,SSI iBoard
2020-06-30,10.030000,10.100000,9.640000,9.710000,2812450,SSI iBoard
2020-07-01,9.760000,10.050000,9.710000,10.050000,2104360,SSI iBoard
2020-07-02,10.100000,10.140000,9.960000,10.050000,1743240,SSI iBoard
2020-07-03,10.070000,10.120000,10.050000,10.050000,2149960,SSI iBoard
2020-07-06,10.190000,10.500000,10.120000,10.390000,4849180,SSI iBoard
2020-07-07,10.500000,10.680000,10.460000,10.570000,6656300,SSI iBoard
2020-07-08,10.570000,10.820000,10.500000,10.660000,5304630,SSI iBoard
2020-07-09,10.680000,10.910000,10.610000,10.860000,6047940,SSI iBoard
2020-07-10,10.820000,10.880000,10.610000,10.730000,4645000,SSI iBoard
2020-07-13,10.820000,11.090000,10.790000,10.790000,6127280,SSI iBoard
2020-07-14,10.790000,10.950000,10.730000,10.840000,4016980,SSI iBoard
2020-07-15,10.950000,10.970000,10.860000,10.860000,2637330,SSI iBoard
2020-07-16,10.820000,10.860000,10.680000,10.860000,3780830,SSI iBoard
2020-07-17,10.820000,10.950000,10.730000,10.860000,3452100,SSI iBoard
2020-07-20,10.860000,10.860000,10.700000,10.730000,2923970,SSI iBoard
2020-07-21,10.770000,10.790000,10.570000,10.750000,2745180,SSI iBoard
2020-07-22,10.790000,10.790000,10.520000,10.520000,2698500,SSI iBoard
2020-07-23,10.590000,10.590000,10.370000,10.520000,2989960,SSI iBoard
2020-07-24,10.390000,10.480000,9.830000,10.030000,8461420,SSI iBoard
2020-07-27,9.600000,9.870000,9.330000,9.330000,7535580,SSI iBoard
2020-07-28,9.530000,9.830000,9.460000,9.780000,4278520,SSI iBoard
2020-07-29,9.550000,9.600000,9.190000,9.400000,4708610,SSI iBoard
2020-07-30,9.490000,9.670000,9.460000,9.620000,2574820,SSI iBoard
2020-07-31,9.460000,9.690000,9.420000,9.550000,2928540,SSI iBoard
2020-08-03,9.550000,9.830000,9.530000,9.800000,2692490,SSI iBoard
2020-08-04,9.960000,10.050000,9.870000,9.940000,3115850,SSI iBoard
2020-08-05,9.960000,10.230000,9.920000,10.210000,4575550,SSI iBoard
2020-08-06,10.210000,10.280000,10.070000,10.100000,2859860,SSI iBoard
2020-08-07,10.190000,10.320000,10.120000,10.250000,3870640,SSI iBoard
2020-08-10,10.410000,10.550000,10.280000,10.280000,4070190,SSI iBoard
2020-08-11,10.480000,10.500000,10.280000,10.460000,3873130,SSI iBoard
2020-08-12,10.500000,10.730000,10.460000,10.550000,4361920,SSI iBoard
2020-08-13,10.730000,10.770000,10.680000,10.700000,5131270,SSI iBoard
2020-08-14,10.660000,10.750000,10.480000,10.590000,5238720,SSI iBoard
2020-08-17,10.480000,10.610000,10.430000,10.590000,2898140,SSI iBoard
2020-08-18,10.590000,10.610000,10.410000,10.460000,2681950,SSI iBoard
2020-08-19,10.460000,10.590000,10.430000,10.500000,2560050,SSI iBoard
2020-08-20,10.550000,10.610000,10.480000,10.500000,4210180,SSI iBoard
2020-08-21,10.590000,11.000000,10.590000,10.950000,9577820,SSI iBoard
2020-08-24,11.130000,11.180000,11.000000,11.000000,4407840,SSI iBoard
2020-08-25,11.060000,11.200000,11.000000,11.130000,5203350,SSI iBoard
2020-08-26,11.040000,11.310000,11.020000,11.130000,6796160,SSI iBoard
2020-08-27,11.090000,11.290000,11.090000,11.150000,3085280,SSI iBoard
2020-08-28,11.220000,11.450000,11.180000,11.310000,9589990,SSI iBoard
2020-08-31,11.580000,11.810000,11.360000,11.580000,7359810,SSI iBoard
2020-09-01,11.580000,11.790000,11.540000,11.790000,4773840,SSI iBoard
2020-09-03,11.880000,11.990000,11.650000,11.700000,8343610,SSI iBoard
2020-09-04,11.540000,11.900000,11.540000,11.720000,6578630,SSI iBoard
2020-09-07,11.760000,11.790000,11.270000,11.270000,8021370,SSI iBoard
2020-09-08,11.380000,11.520000,11.180000,11.520000,5505960,SSI iBoard
2020-09-09,11.310000,11.490000,11.290000,11.400000,3872280,SSI iBoard
2020-09-10,11.450000,11.560000,11.400000,11.400000,2655550,SSI iBoard
2020-09-11,11.330000,11.580000,11.330000,11.540000,3472470,SSI iBoard
2020-09-14,11.720000,11.720000,11.520000,11.540000,2823060,SSI iBoard
2020-09-15,11.560000,11.610000,11.450000,11.450000,3265100,SSI iBoard
2020-09-16,11.470000,11.470000,11.330000,11.360000,3970480,SSI iBoard
2020-09-17,11.400000,11.560000,11.380000,11.400000,3996280,SSI iBoard
2020-09-18,11.490000,11.650000,11.450000,11.630000,4213030,SSI iBoard
2020-09-21,11.720000,11.790000,11.540000,11.610000,5072680,SSI iBoard
2020-09-22,11.540000,11.650000,11.490000,11.630000,4239110,SSI iBoard
2020-09-23,11.700000,11.990000,11.670000,11.830000,6418220,SSI iBoard
2020-09-24,11.810000,11.850000,11.650000,11.720000,3582600,SSI iBoard
2020-09-25,11.760000,11.810000,11.580000,11.810000,4630970,SSI iBoard
2020-09-28,11.900000,12.370000,11.900000,12.240000,12014920,SSI iBoard
2020-09-29,12.350000,12.350000,11.990000,11.990000,5950290,SSI iBoard
2020-09-30,11.990000,12.060000,11.830000,11.970000,4764680,SSI iBoard
2020-10-01,12.100000,12.170000,11.970000,11.990000,5391110,SSI iBoard
2020-10-02,12.210000,12.350000,11.850000,12.150000,13241830,SSI iBoard
2020-10-05,12.390000,12.460000,12.280000,12.390000,5939210,SSI iBoard
2020-10-06,12.440000,12.460000,12.260000,12.280000,5909080,SSI iBoard
2020-10-07,12.210000,12.510000,12.170000,12.170000,8357770,SSI iBoard
2020-10-08,12.260000,12.350000,12.080000,12.240000,6514330,SSI iBoard
2020-10-09,12.260000,12.530000,12.260000,12.460000,10113630,SSI iBoard
2020-10-12,13.320000,13.320000,12.960000,13.120000,16827340,SSI iBoard
2020-10-13,13.070000,13.970000,12.960000,13.770000,10920290,SSI iBoard
2020-10-14,13.840000,13.900000,13.520000,13.520000,8338720,SSI iBoard
2020-10-15,13.610000,13.750000,13.520000,13.540000,10107170,SSI iBoard
2020-10-16,13.750000,14.170000,13.610000,14.040000,12956750,SSI iBoard
2020-10-19,14.470000,14.620000,14.380000,14.490000,9648680,SSI iBoard
2020-10-20,14.350000,14.560000,14.290000,14.470000,9963500,SSI iBoard
2020-10-21,14.510000,14.620000,13.990000,13.990000,9191450,SSI iBoard
2020-10-22,13.970000,14.420000,13.880000,14.420000,8715860,SSI iBoard
2020-10-23,14.510000,14.530000,14.240000,14.330000,6636530,SSI iBoard
2020-10-26,14.380000,14.380000,13.750000,13.750000,8904630,SSI iBoard
2020-10-27,13.750000,14.020000,13.630000,13.860000,11228060,SSI iBoard
2020-10-28,13.750000,13.950000,13.480000,13.480000,7936180,SSI iBoard
2020-10-29,13.390000,13.610000,13.120000,13.120000,11708930,SSI iBoard
2020-10-30,13.210000,13.300000,12.710000,13.070000,9099270,SSI iBoard
2020-11-02,13.210000,13.700000,13.160000,13.700000,5194990,SSI iBoard
2020-11-03,13.810000,13.840000,13.570000,13.610000,4957760,SSI iBoard
2020-11-04,13.660000,13.970000,13.570000,13.790000,7152600,SSI iBoard
2020-11-05,13.750000,13.930000,13.630000,13.630000,5810810,SSI iBoard
2020-11-06,13.660000,13.810000,13.610000,13.630000,5382100,SSI iBoard
2020-11-09,13.810000,14.020000,13.810000,13.950000,7890820,SSI iBoard
2020-11-10,14.060000,14.170000,13.790000,13.790000,8706210,SSI iBoard
2020-11-11,13.860000,13.930000,13.700000,13.750000,6063870,SSI iBoard
2020-11-12,13.790000,14.080000,13.790000,13.970000,5609690,SSI iBoard
2020-11-13,14.060000,14.420000,14.060000,14.400000,10712410,SSI iBoard
2020-11-16,14.620000,14.740000,14.330000,14.380000,15774840,SSI iBoard
2020-11-17,14.510000,14.720000,14.420000,14.650000,8707180,SSI iBoard
2020-11-18,14.650000,14.830000,14.580000,14.760000,7298690,SSI iBoard
2020-11-19,14.760000,15.010000,14.670000,15.010000,13599610,SSI iBoard
2020-11-20,15.030000,15.080000,14.850000,14.960000,7237750,SSI iBoard
2020-11-23,14.960000,14.960000,14.690000,14.830000,7136380,SSI iBoard
2020-11-24,14.940000,14.940000,14.650000,14.760000,8848310,SSI iBoard
2020-11-25,14.960000,15.100000,14.830000,14.870000,10715800,SSI iBoard
2020-11-26,14.870000,15.440000,14.850000,15.350000,11623080,SSI iBoard
2020-11-27,15.410000,15.550000,15.320000,15.350000,6224220,SSI iBoard
2020-11-30,15.350000,15.410000,15.100000,15.100000,11002280,SSI iBoard
2020-12-01,14.870000,15.320000,14.830000,15.280000,9713470,SSI iBoard
2020-12-02,15.280000,15.410000,15.140000,15.210000,8657370,SSI iBoard
2020-12-03,15.230000,15.350000,15.190000,15.230000,6256350,SSI iBoard
2020-12-04,15.320000,15.730000,15.280000,15.640000,18959210,SSI iBoard
2020-12-07,15.770000,15.820000,15.590000,15.640000,7312770,SSI iBoard
2020-12-08,15.640000,15.660000,15.460000,15.550000,8604990,SSI iBoard
2020-12-09,15.550000,15.730000,15.530000,15.550000,8148750,SSI iBoard
2020-12-10,15.550000,15.730000,15.320000,15.320000,10188750,SSI iBoard
2020-12-11,15.500000,15.680000,15.300000,15.660000,8093800,SSI iBoard
2020-12-14,15.910000,16.040000,15.730000,15.950000,10847590,SSI iBoard
2020-12-15,15.950000,15.950000,15.620000,15.770000,10988240,SSI iBoard
2020-12-16,15.820000,16.000000,15.820000,15.950000,7708110,SSI iBoard
2020-12-17,15.950000,16.050000,15.590000,15.590000,14327750,SSI iBoard
2020-12-18,15.680000,15.820000,15.590000,15.820000,5660480,SSI iBoard
2020-12-21,15.840000,16.210000,15.770000,15.930000,7880530,SSI iBoard
2020-12-22,16.050000,16.180000,15.890000,15.910000,6431410,SSI iBoard
2020-12-23,16.000000,16.000000,15.730000,15.770000,5748780,SSI iBoard
2020-12-24,15.770000,15.910000,14.720000,15.520000,8307780,SSI iBoard
2020-12-25,15.590000,15.860000,15.220000,15.860000,8006910,SSI iBoard
2020-12-28,16.000000,16.090000,15.630000,15.680000,6379650,SSI iBoard
2020-12-29,15.680000,15.790000,15.590000,15.610000,5009810,SSI iBoard
2020-12-30,15.700000,15.980000,15.610000,15.700000,5580940,SSI iBoard
2020-12-31,15.750000,15.890000,15.700000,15.790000,4513160,SSI iBoard
2021-01-04,16.000000,16.460000,15.950000,16.230000,14041500,SSI iBoard
2021-01-05,16.180000,16.430000,16.090000,16.180000,9215200,SSI iBoard
2021-01-06,16.460000,17.300000,16.320000,17.300000,15419900,SSI iBoard
2021-01-07,17.600000,18.130000,17.550000,17.760000,10679600,SSI iBoard
2021-01-08,18.060000,18.060000,17.600000,17.690000,8380100,SSI iBoard
2021-01-11,17.780000,18.100000,17.650000,17.690000,10911700,SSI iBoard
2021-01-12,17.690000,17.780000,17.420000,17.600000,9154200,SSI iBoard
2021-01-13,17.670000,18.030000,17.600000,17.670000,9063900,SSI iBoard
2021-01-14,17.830000,17.990000,17.600000,17.900000,8275700,SSI iBoard
2021-01-15,18.060000,18.330000,17.970000,18.060000,11321800,SSI iBoard
2021-01-18,18.100000,18.220000,17.650000,17.650000,7197000,SSI iBoard
2021-01-19,17.600000,17.650000,16.410000,16.410000,14466500,SSI iBoard
2021-01-20,16.460000,16.640000,15.450000,16.300000,11184000,SSI iBoard
2021-01-21,16.500000,16.910000,16.230000,16.910000,7568900,SSI iBoard
2021-01-22,16.890000,17.510000,16.780000,17.190000,11333200,SSI iBoard
2021-01-25,17.050000,17.170000,16.690000,16.820000,6580500,SSI iBoard
2021-01-26,16.690000,16.710000,15.770000,15.770000,8285900,SSI iBoard
2021-01-27,15.630000,16.070000,14.860000,14.900000,9544300,SSI iBoard
2021-01-28,14.060000,14.580000,13.870000,13.870000,13297400,SSI iBoard
2021-01-29,13.170000,14.810000,13.170000,13.940000,14819400,SSI iBoard
2021-02-01,14.540000,14.900000,14.400000,14.630000,12315100,SSI iBoard
2021-02-02,14.540000,15.540000,14.490000,15.500000,7767300,SSI iBoard
2021-02-03,15.770000,16.110000,15.540000,15.950000,10075600,SSI iBoard
2021-02-04,15.910000,16.020000,15.660000,15.860000,9413200,SSI iBoard
2021-02-05,15.980000,16.370000,15.890000,16.370000,8496700,SSI iBoard
2021-02-08,16.460000,16.500000,15.500000,15.570000,12845300,SSI iBoard
2021-02-09,15.750000,16.210000,15.540000,16.180000,8069900,SSI iBoard
2021-02-17,16.640000,16.820000,16.390000,16.820000,9896400,SSI iBoard
2021-02-18,16.780000,16.940000,16.590000,16.820000,10032300,SSI iBoard
2021-02-19,16.590000,17.140000,16.500000,16.910000,12154600,SSI iBoard
2021-02-22,16.910000,17.390000,16.820000,16.910000,11349900,SSI iBoard
2021-02-23,16.960000,17.190000,16.910000,16.940000,8347300,SSI iBoard
2021-02-24,17.120000,17.440000,16.940000,17.140000,14250600,SSI iBoard
2021-02-25,17.280000,17.330000,16.940000,17.050000,8490300,SSI iBoard
2021-02-26,16.800000,17.070000,16.690000,17.030000,8851000,SSI iBoard
2021-03-01,17.280000,17.460000,17.190000,17.420000,13954000,SSI iBoard
2021-03-02,17.600000,17.650000,17.370000,17.370000,7320600,SSI iBoard
2021-03-03,17.550000,17.740000,17.510000,17.650000,13074300,SSI iBoard
2021-03-04,17.830000,17.830000,17.140000,17.510000,10315800,SSI iBoard
2021-03-05,17.420000,17.580000,17.140000,17.370000,10156400,SSI iBoard
2021-03-08,17.550000,17.650000,17.170000,17.330000,7574900,SSI iBoard
2021-03-09,17.330000,17.330000,16.960000,17.010000,10113900,SSI iBoard
2021-03-10,17.030000,17.280000,16.940000,17.170000,7468500,SSI iBoard
2021-03-11,17.350000,17.580000,17.280000,17.460000,7639300,SSI iBoard
2021-03-12,17.530000,17.600000,17.350000,17.350000,6997500,SSI iBoard
2021-03-15,17.370000,17.460000,17.260000,17.370000,6762100,SSI iBoard
2021-03-16,17.440000,17.460000,17.210000,17.230000,7061600,SSI iBoard
2021-03-17,17.260000,18.100000,17.190000,18.080000,23685900,SSI iBoard
2021-03-18,18.830000,18.950000,18.380000,18.510000,16047000,SSI iBoard
2021-03-19,18.450000,18.700000,18.420000,18.490000,8287200,SSI iBoard
2021-03-22,18.720000,19.090000,18.510000,18.790000,20682100,SSI iBoard
2021-03-23,18.830000,18.860000,18.380000,18.510000,14649900,SSI iBoard
2021-03-24,18.290000,18.490000,17.780000,17.830000,18260600,SSI iBoard
2021-03-25,18.060000,18.350000,17.780000,18.010000,14674100,SSI iBoard
2021-03-26,17.970000,18.190000,17.280000,17.850000,16252400,SSI iBoard
2021-03-29,18.100000,18.310000,17.970000,18.290000,11589800,SSI iBoard
2021-03-30,18.420000,18.650000,18.220000,18.470000,11152600,SSI iBoard
2021-03-31,18.470000,18.670000,18.290000,18.350000,11841600,SSI iBoard
2021-04-01,18.420000,18.900000,18.420000,18.770000,18695800,SSI iBoard
2021-04-02,18.970000,18.990000,18.740000,18.880000,12198800,SSI iBoard
2021-04-05,19.200000,19.340000,18.970000,19.200000,16216000,SSI iBoard
2021-04-06,19.180000,19.910000,19.020000,19.660000,22526100,SSI iBoard
2021-04-07,19.660000,20.020000,19.570000,19.660000,12150700,SSI iBoard
2021-04-08,19.660000,19.790000,19.470000,19.470000,11652100,SSI iBoard
2021-04-09,19.430000,19.520000,19.340000,19.430000,14650600,SSI iBoard
2021-04-12,19.470000,19.790000,19.410000,19.750000,13503200,SSI iBoard
2021-04-13,19.890000,19.890000,19.200000,19.220000,15121500,SSI iBoard
2021-04-14,19.150000,19.660000,18.970000,19.540000,14310200,SSI iBoard
2021-04-15,19.610000,19.660000,19.200000,19.290000,13938300,SSI iBoard
2021-04-16,19.610000,19.750000,18.650000,19.200000,21441800,SSI iBoard
2021-04-19,19.290000,19.430000,18.880000,19.430000,16032000,SSI iBoard
2021-04-20,19.500000,19.730000,18.970000,19.200000,23241600,SSI iBoard
2021-04-22,19.090000,19.180000,17.900000,17.900000,21428500,SSI iBoard
2021-04-23,18.030000,18.930000,17.830000,18.880000,17558700,SSI iBoard
2021-04-26,18.880000,18.880000,18.130000,18.150000,12681700,SSI iBoard
2021-04-27,18.080000,18.330000,17.970000,18.130000,7161800,SSI iBoard
2021-04-28,18.100000,18.490000,18.080000,18.170000,7986500,SSI iBoard
2021-04-29,18.290000,18.670000,18.170000,18.650000,14195400,SSI iBoard
2021-05-04,18.310000,19.660000,18.310000,19.660000,25413700,SSI iBoard
2021-05-05,19.930000,20.300000,19.820000,19.820000,22165900,SSI iBoard
2021-05-06,19.660000,19.980000,19.520000,19.610000,19927200,SSI iBoard
2021-05-07,19.450000,20.070000,19.340000,20.020000,25587800,SSI iBoard
2021-05-10,19.450000,20.620000,20.340000,20.480000,25185800,SSI iBoard
2021-05-11,20.460000,20.530000,20.210000,20.210000,15717800,SSI iBoard
2021-05-12,20.070000,20.570000,20.050000,20.570000,19602800,SSI iBoard
2021-05-13,20.430000,21.550000,20.410000,21.260000,34020000,SSI iBoard
2021-05-14,21.490000,21.690000,21.330000,21.490000,17062600,SSI iBoard
2021-05-17,21.510000,21.760000,21.210000,21.370000,17025300,SSI iBoard
2021-05-18,21.330000,21.460000,21.120000,21.280000,17653600,SSI iBoard
2021-05-19,21.390000,22.060000,21.260000,21.940000,17470800,SSI iBoard
2021-05-20,22.240000,22.350000,21.970000,22.350000,14056500,SSI iBoard
2021-05-21,22.350000,22.540000,22.030000,22.060000,15853000,SSI iBoard
2021-05-24,22.310000,23.590000,22.220000,23.410000,30504900,SSI iBoard
2021-05-25,23.540000,23.770000,23.360000,23.360000,10875800,SSI iBoard
2021-05-26,23.410000,23.680000,23.220000,23.540000,13860100,SSI iBoard
2021-05-27,23.590000,23.630000,22.860000,22.950000,19716800,SSI iBoard
2021-05-28,23.130000,23.450000,22.900000,23.410000,16908700,SSI iBoard
2021-05-31,23.410000,24.270000,23.310000,24.270000,17663200,SSI iBoard
2021-06-01,24.460000,24.640000,24.000000,24.050000,10726300,SSI iBoard
2021-06-02,23.680000,24.180000,23.590000,23.770000,14835300,SSI iBoard
2021-06-03,24.230000,24.780000,23.770000,24.500000,17478700,SSI iBoard
2021-06-04,24.550000,25.100000,24.500000,24.690000,12980000,SSI iBoard
2021-06-07,24.550000,24.590000,23.310000,23.770000,17794800,SSI iBoard
2021-06-08,23.590000,24.000000,22.400000,22.400000,16100500,SSI iBoard
2021-06-09,22.630000,23.310000,22.170000,23.090000,14885700,SSI iBoard
2021-06-10,23.090000,23.270000,22.630000,22.630000,11556800,SSI iBoard
2021-06-11,22.860000,24.180000,22.670000,24.180000,17955900,SSI iBoard
2021-06-14,24.370000,24.690000,23.770000,24.000000,14106200,SSI iBoard
2021-06-15,24.000000,24.230000,23.680000,23.820000,16190500,SSI iBoard
2021-06-16,23.590000,23.590000,23.090000,23.090000,21380600,SSI iBoard
2021-06-17,22.630000,23.310000,22.580000,23.090000,17430700,SSI iBoard
2021-06-18,23.500000,24.000000,23.310000,23.410000,13217400,SSI iBoard
2021-06-21,23.180000,23.540000,22.860000,22.990000,11267800,SSI iBoard
2021-06-22,23.180000,23.950000,22.900000,23.730000,21910600,SSI iBoard
2021-06-23,23.860000,24.460000,23.730000,24.090000,16906300,SSI iBoard
2021-06-24,24.690000,25.010000,24.270000,24.410000,24594800,SSI iBoard
2021-06-25,24.320000,24.590000,23.950000,24.590000,14298400,SSI iBoard
2021-06-28,24.910000,25.050000,24.590000,24.870000,13909500,SSI iBoard
2021-06-29,24.870000,25.010000,24.460000,24.640000,18646000,SSI iBoard
2021-06-30,24.690000,24.910000,24.000000,24.090000,31366000,SSI iBoard
2021-07-01,24.090000,24.370000,23.730000,23.950000,29241200,SSI iBoard
2021-07-02,24.090000,24.320000,23.950000,24.090000,16549400,SSI iBoard
2021-07-05,24.090000,24.230000,23.540000,23.820000,19600400,SSI iBoard
2021-07-06,24.000000,24.320000,22.170000,22.170000,26003500,SSI iBoard
2021-07-07,22.890000,23.130000,22.180000,23.040000,26836900,SSI iBoard
2021-07-08,23.190000,23.600000,22.770000,22.770000,14109100,SSI iBoard
2021-07-09,22.540000,22.890000,21.830000,22.180000,18298100,SSI iBoard
2021-07-12,21.860000,21.890000,20.650000,20.650000,27996400,SSI iBoard
2021-07-13,20.950000,21.210000,19.940000,20.410000,11766000,SSI iBoard
2021-07-14,20.440000,20.860000,19.880000,19.880000,16349700,SSI iBoard
2021-07-15,19.940000,20.920000,19.820000,20.650000,15110200,SSI iBoard
2021-07-16,20.890000,20.890000,20.440000,20.440000,9668600,SSI iBoard
2021-07-19,19.770000,20.030000,19.030000,19.030000,20727100,SSI iBoard
2021-07-20,19.060000,19.650000,18.670000,19.620000,20034800,SSI iBoard
2021-07-21,19.740000,19.970000,19.290000,19.380000,9944500,SSI iBoard
2021-07-22,19.380000,20.030000,19.320000,19.770000,13304000,SSI iBoard
2021-07-23,19.560000,19.880000,19.180000,19.180000,16262300,SSI iBoard
2021-07-26,19.000000,19.180000,18.760000,18.970000,10150900,SSI iBoard
2021-07-27,19.180000,19.680000,19.120000,19.180000,15896500,SSI iBoard
2021-07-28,19.180000,19.530000,19.180000,19.410000,7149800,SSI iBoard
2021-07-29,19.650000,20.150000,19.590000,20.000000,17023000,SSI iBoard
2021-07-30,20.060000,20.470000,20.030000,20.300000,20779300,SSI iBoard
2021-08-02,19.940000,20.180000,19.850000,19.910000,25104900,SSI iBoard
2021-08-03,19.910000,20.120000,19.620000,20.120000,22282600,SSI iBoard
2021-08-04,20.240000,20.330000,20.000000,20.060000,15293800,SSI iBoard
2021-08-05,20.000000,20.180000,19.820000,20.180000,13354900,SSI iBoard
2021-08-06,20.270000,20.590000,20.120000,20.150000,18941900,SSI iBoard
2021-08-09,20.120000,20.410000,20.030000,20.380000,15498800,SSI iBoard
2021-08-10,20.620000,20.620000,20.330000,20.440000,12035700,SSI iBoard
2021-08-11,20.440000,20.710000,20.240000,20.240000,17304500,SSI iBoard
2021-08-12,20.360000,20.500000,20.240000,20.300000,13117700,SSI iBoard
2021-08-13,20.300000,20.410000,19.880000,20.240000,12211300,SSI iBoard
2021-08-16,20.240000,20.920000,20.120000,20.710000,21662500,SSI iBoard
2021-08-17,20.890000,20.950000,20.380000,20.410000,11928200,SSI iBoard
2021-08-18,20.470000,20.530000,20.240000,20.360000,11145200,SSI iBoard
2021-08-19,20.270000,20.360000,20.150000,20.240000,11372200,SSI iBoard
2021-08-20,20.240000,20.500000,18.880000,19.290000,23431900,SSI iBoard
2021-08-23,19.290000,19.740000,19.260000,19.290000,19696000,SSI iBoard
2021-08-24,19.410000,19.590000,19.260000,19.320000,11178500,SSI iBoard
2021-08-25,19.290000,19.350000,18.700000,18.970000,18206800,SSI iBoard
2021-08-26,19.060000,19.290000,18.350000,18.410000,21097200,SSI iBoard
2021-08-27,18.110000,18.410000,17.760000,18.380000,19888900,SSI iBoard
2021-08-30,18.530000,19.060000,18.470000,19.060000,13238800,SSI iBoard
2021-08-31,19.180000,19.200000,18.760000,18.760000,12240800,SSI iBoard
2021-09-01,18.760000,19.060000,18.640000,18.910000,15294300,SSI iBoard
2021-09-06,18.910000,19.060000,18.760000,18.910000,11552700,SSI iBoard
2021-09-07,18.970000,19.440000,18.970000,19.260000,10817600,SSI iBoard
2021-09-08,19.350000,19.500000,18.880000,18.970000,8356000,SSI iBoard
2021-09-09,18.970000,19.120000,18.940000,19.120000,7646900,SSI iBoard
2021-09-10,19.180000,19.290000,19.060000,19.060000,6653200,SSI iBoard
2021-09-13,19.030000,19.090000,18.760000,18.790000,8458400,SSI iBoard
2021-09-14,18.820000,18.910000,18.410000,18.410000,8996700,SSI iBoard
2021-09-15,18.290000,18.590000,18.290000,18.380000,7128400,SSI iBoard
2021-09-16,18.590000,18.910000,18.530000,18.670000,6372600,SSI iBoard
2021-09-17,18.730000,18.970000,18.700000,18.760000,6833300,SSI iBoard
2021-09-20,19.060000,19.060000,18.790000,18.790000,8741100,SSI iBoard
2021-09-21,18.590000,18.700000,18.470000,18.590000,8136200,SSI iBoard
2021-09-22,18.530000,18.610000,18.380000,18.500000,7714100,SSI iBoard
2021-09-23,18.590000,18.820000,18.530000,18.640000,8174400,SSI iBoard
2021-09-24,18.700000,18.820000,18.640000,18.700000,6347500,SSI iBoard
2021-09-27,18.760000,18.820000,18.290000,18.290000,7758400,SSI iBoard
2021-09-28,18.170000,18.320000,18.110000,18.260000,6725900,SSI iBoard
2021-09-29,18.260000,18.290000,17.910000,17.940000,10281500,SSI iBoard
2021-09-30,17.940000,18.200000,17.940000,17.940000,6717000,SSI iBoard
2021-10-01,17.940000,18.020000,17.520000,17.550000,12094000,SSI iBoard
2021-10-04,17.460000,17.520000,16.930000,16.930000,20181900,SSI iBoard
2021-10-05,17.110000,17.430000,17.110000,17.410000,8712300,SSI iBoard
2021-10-06,17.550000,17.580000,17.140000,17.290000,6885600,SSI iBoard
2021-10-07,17.350000,17.490000,17.260000,17.320000,7918400,SSI iBoard
2021-10-08,17.410000,17.490000,17.320000,17.380000,6603500,SSI iBoard
2021-10-11,17.460000,18.290000,17.460000,18.290000,16940800,SSI iBoard
2021-10-12,18.380000,18.590000,18.140000,18.170000,10815800,SSI iBoard
2021-10-13,18.170000,18.470000,18.110000,18.110000,7013200,SSI iBoard
2021-10-14,18.110000,18.230000,18.000000,18.050000,8529700,SSI iBoard
2021-10-15,18.110000,18.260000,18.000000,18.080000,8245800,SSI iBoard
2021-10-18,18.140000,18.200000,17.790000,17.820000,9758400,SSI iBoard
2021-10-19,17.940000,18.020000,17.820000,17.880000,6920900,SSI iBoard
2021-10-20,17.940000,17.940000,17.430000,17.700000,9264000,SSI iBoard
2021-10-21,17.730000,17.760000,17.550000,17.550000,7367500,SSI iBoard
2021-10-22,17.580000,17.640000,17.490000,17.490000,4273800,SSI iBoard
2021-10-25,17.490000,17.790000,17.320000,17.640000,8168800,SSI iBoard
2021-10-26,17.640000,17.880000,17.520000,17.640000,5963000,SSI iBoard
2021-10-27,17.820000,18.410000,17.670000,18.350000,19607500,SSI iBoard
2021-10-28,18.500000,18.530000,18.290000,18.470000,14396300,SSI iBoard
2021-10-29,18.590000,18.730000,18.440000,18.590000,13017400,SSI iBoard
2021-11-01,18.760000,19.120000,18.640000,19.000000,17976000,SSI iBoard
2021-11-02,19.000000,19.230000,18.910000,19.120000,11821700,SSI iBoard
2021-11-03,19.180000,19.620000,19.090000,19.470000,20780600,SSI iBoard
2021-11-04,19.590000,19.590000,19.200000,19.230000,11372800,SSI iBoard
2021-11-05,19.320000,19.350000,19.000000,19.290000,10491300,SSI iBoard
2021-11-08,19.290000,19.440000,18.880000,19.350000,11218800,SSI iBoard
2021-11-09,19.440000,19.680000,19.320000,19.440000,15592100,SSI iBoard
2021-11-10,19.470000,19.530000,19.180000,19.180000,8512900,SSI iBoard
2021-11-11,19.120000,19.180000,18.590000,18.850000,14020000,SSI iBoard
2021-11-12,18.730000,19.290000,18.640000,19.290000,10871900,SSI iBoard
2021-11-15,19.470000,19.560000,19.030000,19.180000,9553400,SSI iBoard
2021-11-16,19.060000,19.320000,19.000000,19.120000,8840900,SSI iBoard
2021-11-17,19.150000,19.180000,18.970000,19.030000,6723600,SSI iBoard
2021-11-18,19.030000,19.180000,18.820000,18.970000,9932800,SSI iBoard
2021-11-19,19.000000,19.590000,18.970000,19.350000,21682100,SSI iBoard
2021-11-22,19.500000,20.560000,19.470000,20.360000,27853200,SSI iBoard
2021-11-23,20.330000,20.330000,19.880000,20.120000,9854300,SSI iBoard
2021-11-24,20.180000,20.890000,20.090000,20.890000,25476800,SSI iBoard
2021-11-25,21.120000,21.120000,20.680000,20.740000,14250500,SSI iBoard
2021-11-26,20.770000,20.920000,20.120000,20.240000,15203800,SSI iBoard
2021-11-29,19.790000,20.470000,19.790000,20.210000,13763700,SSI iBoard
2021-11-30,20.650000,20.710000,19.650000,19.790000,11067800,SSI iBoard
2021-12-01,19.790000,20.060000,19.620000,20.060000,9082700,SSI iBoard
2021-12-02,20.300000,20.500000,19.940000,19.940000,7856200,SSI iBoard
2021-12-03,20.180000,20.180000,19.470000,19.470000,9828100,SSI iBoard
2021-12-06,19.470000,19.680000,18.640000,18.940000,12851200,SSI iBoard
2021-12-07,19.180000,19.410000,19.090000,19.290000,6319600,SSI iBoard
2021-12-08,19.440000,19.620000,19.290000,19.470000,6394700,SSI iBoard
2021-12-09,19.470000,19.910000,19.410000,19.910000,5943400,SSI iBoard
2021-12-10,19.940000,20.180000,19.770000,19.790000,5905600,SSI iBoard
2021-12-13,20.000000,20.120000,19.770000,19.770000,8116600,SSI iBoard
2021-12-14,19.950000,19.980000,19.550000,19.580000,7281800,SSI iBoard
2021-12-15,19.580000,19.770000,19.460000,19.490000,5399900,SSI iBoard
2021-12-16,19.610000,19.770000,19.460000,19.640000,6675900,SSI iBoard
2021-12-17,19.640000,20.070000,19.520000,19.920000,8037200,SSI iBoard
2021-12-20,19.890000,19.950000,19.580000,19.610000,4919500,SSI iBoard
2021-12-21,19.580000,19.770000,19.340000,19.340000,6860700,SSI iBoard
2021-12-22,19.490000,19.490000,19.070000,19.130000,9342300,SSI iBoard
2021-12-23,19.160000,19.460000,18.770000,19.460000,8936500,SSI iBoard
2021-12-24,19.310000,19.950000,19.250000,19.890000,6638300,SSI iBoard
2021-12-27,19.950000,20.220000,19.860000,20.190000,8106900,SSI iBoard
2021-12-28,20.250000,20.700000,20.190000,20.490000,13587500,SSI iBoard
2021-12-29,20.550000,20.820000,20.490000,20.640000,10226000,SSI iBoard
2021-12-30,20.610000,20.790000,20.430000,20.430000,6289300,SSI iBoard
2021-12-31,20.550000,21.100000,20.490000,20.490000,13259300,SSI iBoard
2022-01-04,20.820000,21.130000,20.670000,21.000000,12031300,SSI iBoard
2022-01-05,21.160000,21.280000,20.970000,21.000000,10443800,SSI iBoard
2022-01-06,20.850000,20.880000,20.460000,20.550000,11753800,SSI iBoard
2022-01-07,20.550000,20.820000,20.010000,20.070000,12412400,SSI iBoard
2022-01-10,20.130000,20.340000,19.980000,20.130000,8306400,SSI iBoard
2022-01-11,20.250000,20.370000,19.800000,19.950000,7061400,SSI iBoard
2022-01-12,19.950000,20.670000,19.490000,20.640000,12781800,SSI iBoard
2022-01-13,20.790000,21.880000,20.640000,21.250000,35122100,SSI iBoard
2022-01-14,21.160000,21.640000,20.910000,21.430000,9258500,SSI iBoard
2022-01-17,21.520000,22.210000,20.730000,21.160000,27495800,SSI iBoard
2022-01-18,20.970000,21.550000,20.670000,20.880000,15069400,SSI iBoard
2022-01-19,21.100000,21.250000,20.400000,20.430000,9741800,SSI iBoard
2022-01-20,20.250000,21.430000,20.010000,21.220000,13774600,SSI iBoard
2022-01-21,21.220000,22.060000,21.040000,21.490000,15424600,SSI iBoard
2022-01-24,21.460000,22.030000,21.370000,21.550000,17475400,SSI iBoard
2022-01-25,21.520000,22.360000,21.520000,22.360000,18851200,SSI iBoard
2022-01-26,22.670000,23.090000,22.400000,22.760000,21981300,SSI iBoard
2022-01-27,22.460000,22.760000,22.180000,22.300000,11740400,SSI iBoard
2022-01-28,22.240000,22.610000,22.180000,22.300000,8727700,SSI iBoard
2022-02-07,22.610000,22.610000,21.940000,21.940000,14883200,SSI iBoard
2022-02-08,21.880000,22.360000,21.790000,22.060000,9097100,SSI iBoard
2022-02-09,22.060000,22.430000,21.970000,21.970000,9201900,SSI iBoard
2022-02-10,22.000000,22.300000,21.820000,22.210000,8989600,SSI iBoard
2022-02-11,22.270000,22.550000,22.240000,22.240000,10407100,SSI iBoard
2022-02-14,21.970000,22.060000,20.910000,20.910000,15118300,SSI iBoard
2022-02-15,21.040000,21.280000,20.850000,21.130000,13310400,SSI iBoard
2022-02-16,21.340000,21.400000,20.880000,20.940000,7858400,SSI iBoard
2022-02-17,21.000000,21.250000,20.940000,21.100000,5945600,SSI iBoard
2022-02-18,20.940000,21.130000,20.880000,20.910000,8303800,SSI iBoard
2022-02-21,20.910000,21.070000,20.430000,20.790000,12018600,SSI iBoard
2022-02-22,20.550000,20.970000,20.400000,20.910000,9003800,SSI iBoard
2022-02-23,21.100000,21.250000,20.970000,21.070000,6729000,SSI iBoard
2022-02-24,20.910000,20.970000,20.010000,20.460000,16477000,SSI iBoard
2022-02-25,20.610000,20.730000,20.370000,20.460000,10212900,SSI iBoard
2022-02-28,20.460000,20.460000,20.040000,20.040000,12721000,SSI iBoard
2022-03-01,20.130000,20.310000,20.040000,20.130000,7737300,SSI iBoard
2022-03-02,20.070000,20.100000,19.280000,19.340000,20423400,SSI iBoard
2022-03-03,19.400000,19.710000,19.370000,19.710000,6542200,SSI iBoard
2022-03-04,19.740000,19.920000,19.580000,19.800000,5933800,SSI iBoard
2022-03-07,19.400000,19.640000,19.400000,19.430000,9901400,SSI iBoard
2022-03-08,19.340000,19.610000,19.310000,19.370000,7175000,SSI iBoard
2022-03-09,19.400000,19.550000,19.160000,19.340000,5732700,SSI iBoard
2022-03-10,19.640000,19.770000,19.400000,19.400000,3810500,SSI iBoard
2022-03-11,19.400000,19.580000,19.370000,19.490000,3733000,SSI iBoard
2022-03-14,19.520000,19.580000,19.220000,19.280000,4982400,SSI iBoard
2022-03-15,19.310000,19.490000,19.250000,19.310000,3683000,SSI iBoard
2022-03-16,19.490000,19.550000,19.340000,19.340000,4339000,SSI iBoard
2022-03-17,19.520000,19.920000,19.460000,19.770000,8350900,SSI iBoard
2022-03-18,19.890000,20.070000,19.830000,19.830000,4224200,SSI iBoard
2022-03-21,19.830000,19.920000,19.670000,19.860000,3447300,SSI iBoard
2022-03-22,19.830000,20.100000,19.830000,19.950000,6091300,SSI iBoard
2022-03-23,19.950000,20.220000,19.860000,19.860000,4020700,SSI iBoard
2022-03-24,19.830000,19.890000,19.670000,19.670000,4490100,SSI iBoard
2022-03-25,19.640000,19.770000,19.400000,19.460000,5555200,SSI iBoard
2022-03-28,19.460000,19.670000,19.220000,19.220000,6380700,SSI iBoard
2022-03-29,19.340000,19.400000,19.280000,19.340000,2982900,SSI iBoard
2022-03-30,19.280000,19.670000,19.250000,19.370000,5038200,SSI iBoard
2022-03-31,19.400000,19.710000,19.400000,19.610000,4793800,SSI iBoard
2022-04-01,19.640000,20.040000,19.610000,19.980000,8660000,SSI iBoard
2022-04-04,20.190000,20.190000,19.860000,19.860000,6673500,SSI iBoard
2022-04-05,19.640000,19.830000,19.550000,19.550000,6075100,SSI iBoard
2022-04-06,19.400000,19.740000,19.400000,19.710000,5774800,SSI iBoard
2022-04-07,19.770000,19.950000,19.550000,19.670000,6080300,SSI iBoard
2022-04-08,19.640000,19.670000,19.370000,19.370000,5331500,SSI iBoard
2022-04-12,19.430000,19.460000,18.740000,18.740000,5690000,SSI iBoard
2022-04-13,18.860000,19.130000,18.860000,19.040000,4187400,SSI iBoard
2022-04-14,19.040000,19.280000,18.830000,18.860000,2929200,SSI iBoard
2022-04-15,19.010000,19.010000,18.680000,18.740000,5073900,SSI iBoard
2022-04-18,18.680000,18.680000,17.650000,17.650000,8403800,SSI iBoard
2022-04-19,17.830000,18.070000,17.380000,17.380000,4637100,SSI iBoard
2022-04-20,17.380000,17.710000,17.260000,17.350000,4259300,SSI iBoard
2022-04-21,17.290000,17.830000,17.170000,17.530000,5307000,SSI iBoard
2022-04-22,17.800000,17.890000,17.470000,17.770000,3585200,SSI iBoard
2022-04-25,17.740000,17.740000,16.530000,16.530000,6285600,SSI iBoard
2022-04-26,16.320000,16.770000,15.410000,16.710000,5977600,SSI iBoard
2022-04-27,16.710000,17.110000,16.620000,17.110000,3380800,SSI iBoard
2022-04-28,17.110000,17.200000,16.890000,17.050000,2072300,SSI iBoard
2022-04-29,16.830000,17.140000,16.770000,16.770000,5947200,SSI iBoard
2022-05-04,16.770000,16.920000,16.260000,16.320000,4604700,SSI iBoard
2022-05-05,16.560000,16.860000,16.320000,16.860000,4604600,SSI iBoard
2022-05-06,16.500000,16.860000,16.320000,16.320000,2335600,SSI iBoard
2022-05-09,16.140000,16.200000,15.200000,15.200000,5432800,SSI iBoard
2022-05-10,14.510000,15.290000,14.510000,15.230000,6494400,SSI iBoard
2022-05-11,15.320000,16.260000,15.230000,16.140000,5667100,SSI iBoard
2022-05-12,15.750000,16.080000,15.020000,15.110000,6370800,SSI iBoard
2022-05-13,15.110000,15.200000,14.200000,14.450000,8034400,SSI iBoard
2022-05-16,15.110000,15.320000,14.810000,14.840000,5223400,SSI iBoard
2022-05-17,14.750000,15.870000,14.750000,15.870000,5909200,SSI iBoard
2022-05-18,16.050000,16.470000,15.900000,16.080000,6426500,SSI iBoard
2022-05-19,15.720000,15.960000,15.590000,15.780000,4270100,SSI iBoard
2022-05-20,15.780000,15.990000,15.630000,15.660000,5051800,SSI iBoard
2022-05-23,15.690000,15.840000,15.110000,15.110000,4208800,SSI iBoard
2022-05-24,15.110000,15.720000,15.110000,15.720000,4449100,SSI iBoard
2022-05-25,15.720000,16.320000,15.720000,16.260000,4502000,SSI iBoard
2022-05-26,16.470000,16.470000,16.050000,16.140000,3780600,SSI iBoard
2022-05-27,16.320000,16.470000,16.140000,16.320000,3929200,SSI iBoard
2022-05-30,16.350000,16.560000,16.320000,16.500000,2818400,SSI iBoard
2022-05-31,16.350000,16.890000,16.320000,16.860000,6057500,SSI iBoard
2022-06-01,16.650000,16.920000,16.620000,16.770000,4137200,SSI iBoard
2022-06-02,16.770000,16.920000,16.500000,16.770000,4391900,SSI iBoard
2022-06-03,16.560000,16.680000,16.230000,16.560000,2219500,SSI iBoard
2022-06-06,16.560000,16.770000,16.440000,16.440000,3756100,SSI iBoard
2022-06-07,16.440000,16.560000,16.020000,16.560000,2889500,SSI iBoard
2022-06-08,16.560000,16.990000,16.500000,16.740000,5333400,SSI iBoard
2022-06-09,16.860000,16.860000,16.620000,16.740000,2574700,SSI iBoard
2022-06-10,16.620000,16.680000,16.380000,16.380000,3096400,SSI iBoard
2022-06-13,16.020000,16.080000,15.260000,15.260000,6906600,SSI iBoard
2022-06-14,15.110000,15.560000,14.930000,15.260000,2866700,SSI iBoard
2022-06-15,15.110000,15.350000,14.540000,14.810000,3205400,SSI iBoard
2022-06-16,14.990000,15.230000,14.810000,14.930000,2216700,SSI iBoard
2022-06-17,14.510000,14.600000,13.930000,14.230000,3151800,SSI iBoard
2022-06-20,14.140000,14.420000,13.660000,13.660000,4733900,SSI iBoard
2022-06-21,13.600000,14.230000,13.600000,13.930000,4588400,SSI iBoard
2022-06-22,14.110000,14.510000,14.110000,14.270000,2772500,SSI iBoard
2022-06-23,14.200000,15.260000,14.200000,15.260000,4669100,SSI iBoard
2022-06-24,15.260000,15.410000,14.930000,14.960000,2945000,SSI iBoard
2022-06-27,14.960000,15.500000,14.930000,15.470000,3897800,SSI iBoard
2022-06-28,15.410000,16.530000,15.080000,16.140000,8843000,SSI iBoard
2022-06-29,16.050000,16.320000,16.050000,16.230000,3769100,SSI iBoard
2022-06-30,16.200000,16.290000,15.780000,15.810000,2996800,SSI iBoard
2022-07-01,15.840000,16.320000,15.440000,16.290000,3534400,SSI iBoard
2022-07-04,16.410000,16.410000,16.080000,16.080000,4009200,SSI iBoard
2022-07-05,16.050000,16.620000,16.050000,16.320000,4934900,SSI iBoard
2022-07-06,15.870000,16.260000,15.590000,15.630000,4211400,SSI iBoard
2022-07-07,15.660000,16.200000,15.590000,15.900000,3333500,SSI iBoard
2022-07-08,16.020000,16.110000,15.560000,15.660000,2655300,SSI iBoard
2022-07-11,15.630000,15.630000,15.380000,15.410000,2432300,SSI iBoard
2022-07-12,15.410000,15.720000,15.350000,15.530000,3615500,SSI iBoard
2022-07-13,15.560000,16.290000,15.560000,16.050000,3868900,SSI iBoard
2022-07-14,16.020000,16.440000,15.900000,16.320000,5262300,SSI iBoard
2022-07-15,16.440000,16.620000,16.320000,16.320000,7024300,SSI iBoard
2022-07-18,16.380000,16.440000,16.260000,16.260000,3476500,SSI iBoard
2022-07-19,16.170000,16.260000,15.900000,16.050000,2702900,SSI iBoard
2022-07-20,16.290000,16.530000,16.080000,16.350000,4316400,SSI iBoard
2022-07-21,16.350000,16.620000,16.350000,16.620000,4824700,SSI iBoard
2022-07-22,16.680000,16.710000,16.260000,16.260000,3253000,SSI iBoard
2022-07-25,16.170000,16.380000,16.080000,16.080000,2220100,SSI iBoard
2022-07-26,16.230000,16.260000,16.020000,16.050000,2166000,SSI iBoard
2022-07-27,15.960000,16.320000,15.870000,16.320000,1598200,SSI iBoard
2022-07-28,16.440000,17.050000,16.320000,16.680000,9197200,SSI iBoard
2022-07-29,16.770000,16.920000,16.440000,16.440000,5464700,SSI iBoard
2022-08-01,16.650000,17.350000,16.650000,17.350000,8637900,SSI iBoard
2022-08-02,17.290000,17.500000,17.140000,17.290000,4570600,SSI iBoard
2022-08-03,17.170000,17.680000,17.110000,17.590000,6140900,SSI iBoard
2022-08-04,17.650000,17.710000,17.380000,17.440000,5240900,SSI iBoard
2022-08-05,17.470000,17.590000,17.350000,17.530000,2954300,SSI iBoard
2022-08-08,17.560000,17.680000,17.440000,17.530000,3121700,SSI iBoard
2022-08-09,17.560000,17.590000,17.320000,17.410000,3507800,SSI iBoard
2022-08-10,17.290000,17.440000,17.140000,17.200000,3664500,SSI iBoard
2022-08-11,17.380000,17.530000,17.170000,17.230000,4325400,SSI iBoard
2022-08-12,17.260000,17.350000,17.170000,17.320000,1821500,SSI iBoard
2022-08-15,17.440000,17.800000,17.410000,17.800000,6225200,SSI iBoard
2022-08-16,17.800000,17.830000,17.590000,17.650000,3835600,SSI iBoard
2022-08-17,17.710000,17.800000,17.590000,17.590000,3662100,SSI iBoard
2022-08-18,17.590000,17.620000,17.380000,17.380000,3643900,SSI iBoard
2022-08-19,17.320000,17.560000,17.050000,17.080000,4899700,SSI iBoard
2022-08-22,17.080000,17.170000,16.830000,16.920000,5539300,SSI iBoard
2022-08-23,16.800000,17.020000,16.710000,16.920000,4282500,SSI iBoard
2022-08-24,17.140000,17.260000,17.020000,17.050000,3127900,SSI iBoard
2022-08-25,17.140000,17.350000,16.990000,17.350000,4170600,SSI iBoard
2022-08-26,17.470000,17.470000,17.140000,17.200000,3915700,SSI iBoard
2022-08-29,17.020000,17.050000,16.680000,16.860000,4119900,SSI iBoard
2022-08-30,16.860000,17.260000,16.860000,17.170000,3595400,SSI iBoard
2022-08-31,17.110000,17.230000,16.860000,17.080000,2075300,SSI iBoard
2022-09-05,17.080000,17.140000,16.860000,16.890000,1755800,SSI iBoard
2022-09-06,16.860000,17.320000,16.860000,17.080000,3020400,SSI iBoard
2022-09-07,17.080000,17.170000,16.530000,16.530000,4257500,SSI iBoard
2022-09-08,16.620000,16.680000,16.230000,16.230000,3659100,SSI iBoard
2022-09-09,16.290000,16.440000,15.930000,16.230000,1820400,SSI iBoard
2022-09-12,16.320000,16.470000,16.320000,16.350000,1603900,SSI iBoard
2022-09-13,16.380000,16.710000,16.350000,16.620000,2408900,SSI iBoard
2022-09-14,16.320000,16.440000,16.260000,16.320000,2113200,SSI iBoard
2022-09-15,16.320000,16.500000,16.260000,16.260000,1275100,SSI iBoard
2022-09-16,16.080000,16.260000,15.840000,15.840000,1983400,SSI iBoard
2022-09-19,15.690000,15.810000,15.260000,15.410000,2347600,SSI iBoard
2022-09-20,15.470000,15.720000,15.470000,15.720000,2001200,SSI iBoard
2022-09-21,15.660000,15.690000,15.410000,15.440000,1250900,SSI iBoard
2022-09-22,15.290000,15.470000,15.110000,15.350000,3206900,SSI iBoard
2022-09-23,15.350000,15.470000,15.110000,15.110000,1588100,SSI iBoard
2022-09-26,14.930000,14.930000,14.050000,14.200000,6442500,SSI iBoard
2022-09-27,14.200000,14.450000,14.080000,14.170000,2446800,SSI iBoard
2022-09-28,14.140000,14.360000,14.080000,14.080000,2714800,SSI iBoard
2022-09-29,14.230000,14.450000,13.660000,13.660000,3417400,SSI iBoard
2022-09-30,13.690000,14.050000,13.570000,14.020000,5377300,SSI iBoard
2022-10-03,13.720000,13.900000,13.060000,13.060000,5690400,SSI iBoard
2022-10-04,13.300000,13.720000,12.390000,12.540000,5635700,SSI iBoard
2022-10-05,12.870000,13.420000,12.870000,13.300000,4275300,SSI iBoard
2022-10-06,13.300000,13.450000,12.840000,12.940000,4256200,SSI iBoard
2022-10-07,12.870000,12.870000,12.060000,12.060000,8381600,SSI iBoard
2022-10-10,11.910000,12.660000,11.790000,12.510000,4923200,SSI iBoard
2022-10-11,12.510000,12.540000,11.790000,11.970000,5492200,SSI iBoard
2022-10-12,12.090000,12.780000,12.030000,12.780000,4719200,SSI iBoard
2022-10-13,12.870000,13.540000,12.780000,13.540000,6243400,SSI iBoard
2022-10-14,13.810000,13.870000,13.570000,13.720000,5662200,SSI iBoard
2022-10-17,13.660000,13.750000,13.240000,13.630000,4715300,SSI iBoard
2022-10-18,13.840000,14.140000,13.810000,13.900000,3895400,SSI iBoard
2022-10-19,13.900000,14.110000,13.630000,14.020000,4115800,SSI iBoard
2022-10-20,14.020000,14.330000,13.690000,14.050000,3878500,SSI iBoard
2022-10-21,14.050000,14.050000,13.090000,13.090000,6658600,SSI iBoard
2022-10-24,13.120000,13.300000,12.570000,12.690000,4945000,SSI iBoard
2022-10-25,12.810000,13.570000,12.660000,13.570000,8645300,SSI iBoard
2022-10-26,13.570000,14.020000,13.510000,13.540000,3449600,SSI iBoard
2022-10-27,13.750000,14.480000,13.600000,14.480000,8005600,SSI iBoard
2022-10-28,14.690000,15.050000,14.510000,14.540000,7631500,SSI iBoard
2022-10-31,14.690000,14.900000,14.110000,14.870000,10121500,SSI iBoard
2022-11-01,14.930000,15.380000,14.750000,14.780000,8831500,SSI iBoard
2022-11-02,14.540000,14.840000,14.420000,14.510000,5390300,SSI iBoard
2022-11-03,14.230000,14.570000,14.200000,14.270000,7489200,SSI iBoard
2022-11-04,14.140000,14.810000,13.300000,14.810000,13957000,SSI iBoard
2022-11-07,14.690000,14.810000,13.930000,14.110000,7033100,SSI iBoard
2022-11-08,13.900000,14.600000,13.900000,14.420000,6274600,SSI iBoard
2022-11-09,14.570000,15.020000,14.510000,14.780000,10208700,SSI iBoard
2022-11-10,14.570000,14.690000,13.750000,13.750000,9623300,SSI iBoard
2022-11-11,14.360000,14.690000,14.140000,14.270000,9790500,SSI iBoard
2022-11-14,14.020000,14.720000,13.750000,14.450000,9034900,SSI iBoard
2022-11-15,14.270000,14.450000,13.450000,14.140000,10692800,SSI iBoard
2022-11-16,13.480000,15.050000,13.450000,14.990000,13029200,SSI iBoard
2022-11-17,15.110000,15.590000,14.900000,15.110000,11677400,SSI iBoard
2022-11-18,14.840000,15.110000,14.200000,14.930000,11616200,SSI iBoard
2022-11-21,14.930000,14.990000,14.570000,14.570000,5680300,SSI iBoard
2022-11-22,14.450000,15.050000,14.200000,14.450000,7649900,SSI iBoard
2022-11-23,14.450000,14.960000,14.390000,14.750000,5920300,SSI iBoard
2022-11-24,14.660000,14.870000,14.390000,14.870000,4141700,SSI iBoard
2022-11-25,15.050000,15.590000,14.900000,15.590000,14164700,SSI iBoard
2022-11-28,15.780000,16.590000,15.780000,16.500000,11090400,SSI iBoard
2022-11-29,16.320000,16.560000,15.780000,16.560000,9674400,SSI iBoard
2022-11-30,16.350000,16.920000,16.110000,16.470000,6374800,SSI iBoard
2022-12-01,16.530000,16.740000,15.720000,15.810000,10765700,SSI iBoard
2022-12-02,15.900000,16.890000,15.750000,16.890000,8942500,SSI iBoard
2022-12-05,17.230000,17.290000,16.800000,17.290000,7687500,SSI iBoard
2022-12-06,16.990000,17.290000,16.230000,16.320000,7661900,SSI iBoard
2022-12-07,16.260000,16.800000,16.170000,16.530000,4099300,SSI iBoard
2022-12-08,16.680000,17.470000,16.560000,16.800000,5282700,SSI iBoard
2022-12-09,16.800000,16.950000,16.350000,16.950000,4989800,SSI iBoard
2022-12-12,16.920000,17.050000,16.590000,16.590000,3851100,SSI iBoard
2022-12-13,16.500000,17.050000,16.380000,17.020000,3912200,SSI iBoard
2022-12-14,17.170000,17.200000,16.830000,16.860000,2422900,SSI iBoard
2022-12-15,16.860000,17.080000,16.860000,17.080000,3529300,SSI iBoard
2022-12-16,16.770000,17.080000,16.770000,16.950000,3220100,SSI iBoard
2022-12-19,16.920000,17.230000,16.650000,16.650000,5166900,SSI iBoard
2022-12-20,16.650000,16.920000,16.080000,16.920000,6578800,SSI iBoard
2022-12-21,16.920000,16.920000,16.320000,16.620000,3061700,SSI iBoard
2022-12-22,16.620000,17.020000,16.620000,16.680000,3346000,SSI iBoard
2022-12-23,16.620000,16.890000,16.500000,16.710000,2821500,SSI iBoard
2022-12-26,16.710000,16.740000,15.720000,15.750000,2958900,SSI iBoard
2022-12-27,15.780000,16.170000,15.720000,16.080000,2592900,SSI iBoard
2022-12-28,16.080000,16.440000,15.900000,16.410000,1890200,SSI iBoard
2022-12-29,16.380000,16.620000,16.260000,16.320000,1718100,SSI iBoard
2022-12-30,16.320000,16.530000,16.170000,16.470000,1394100,SSI iBoard
2023-01-03,16.530000,16.920000,16.470000,16.920000,3477200,SSI iBoard
2023-01-04,16.920000,17.470000,16.860000,17.230000,5783700,SSI iBoard
2023-01-05,17.230000,17.380000,17.080000,17.230000,2113300,SSI iBoard
2023-01-06,17.230000,17.680000,16.950000,17.290000,6735200,SSI iBoard
2023-01-09,17.350000,17.590000,17.350000,17.590000,4251600,SSI iBoard
2023-01-10,17.650000,17.650000,17.260000,17.260000,3055300,SSI iBoard
2023-01-11,17.290000,17.620000,17.290000,17.590000,3425200,SSI iBoard
2023-01-12,17.590000,17.650000,17.380000,17.470000,2471500,SSI iBoard
2023-01-13,17.590000,17.650000,17.170000,17.590000,2974400,SSI iBoard
2023-01-16,17.590000,18.130000,17.470000,18.130000,5345500,SSI iBoard
2023-01-17,18.190000,18.530000,18.190000,18.500000,3475900,SSI iBoard
2023-01-18,18.500000,18.650000,18.380000,18.590000,3204700,SSI iBoard
2023-01-19,18.560000,18.800000,18.220000,18.800000,5008400,SSI iBoard
2023-01-27,18.800000,18.890000,18.250000,18.350000,3426200,SSI iBoard
2023-01-30,18.130000,18.220000,17.950000,17.980000,3739500,SSI iBoard
2023-01-31,17.950000,18.440000,17.830000,18.440000,3448000,SSI iBoard
2023-02-01,18.440000,18.530000,17.230000,17.530000,4346000,SSI iBoard
2023-02-02,17.530000,17.800000,17.350000,17.650000,3143700,SSI iBoard
2023-02-03,17.650000,17.770000,17.560000,17.560000,3617300,SSI iBoard
2023-02-06,17.410000,18.070000,17.260000,18.070000,2630000,SSI iBoard
2023-02-07,18.010000,18.250000,17.620000,17.650000,3254700,SSI iBoard
2023-02-08,17.680000,18.250000,17.650000,18.070000,3158400,SSI iBoard
2023-02-09,18.070000,18.250000,17.770000,17.770000,2699300,SSI iBoard
2023-02-10,17.770000,18.010000,17.590000,17.590000,2103300,SSI iBoard
2023-02-13,17.440000,17.710000,17.410000,17.620000,2133600,SSI iBoard
2023-02-14,17.710000,17.770000,17.350000,17.350000,1752200,SSI iBoard
2023-02-15,17.350000,17.740000,17.290000,17.470000,1473700,SSI iBoard
2023-02-16,17.560000,18.100000,17.500000,17.950000,2901100,SSI iBoard
2023-02-17,17.950000,18.070000,17.770000,17.920000,2237100,SSI iBoard
2023-02-20,18.040000,18.410000,17.950000,18.410000,4573900,SSI iBoard
2023-02-21,18.380000,18.440000,18.040000,18.040000,2955300,SSI iBoard
2023-02-22,17.890000,17.950000,17.470000,17.470000,3944800,SSI iBoard
2023-02-23,17.230000,17.530000,17.110000,17.530000,4083200,SSI iBoard
2023-02-24,17.470000,17.470000,17.080000,17.080000,2188200,SSI iBoard
2023-02-27,17.050000,17.050000,16.590000,16.650000,1748800,SSI iBoard
2023-02-28,16.800000,16.920000,16.560000,16.560000,1275600,SSI iBoard
2023-03-01,16.530000,17.080000,16.380000,17.080000,2168600,SSI iBoard
2023-03-02,17.110000,17.140000,16.770000,16.800000,1829900,SSI iBoard
2023-03-03,16.920000,16.920000,16.590000,16.800000,1748100,SSI iBoard
2023-03-06,16.830000,17.380000,16.830000,17.140000,3193600,SSI iBoard
2023-03-07,17.140000,17.530000,17.140000,17.530000,2882600,SSI iBoard
2023-03-08,17.230000,17.830000,17.200000,17.770000,3416500,SSI iBoard
2023-03-09,17.770000,17.950000,17.680000,17.770000,2363600,SSI iBoard
2023-03-10,17.680000,17.680000,17.350000,17.650000,1614000,SSI iBoard
2023-03-13,17.320000,17.770000,17.290000,17.710000,1859400,SSI iBoard
2023-03-14,17.680000,17.680000,17.140000,17.530000,2143800,SSI iBoard
2023-03-15,17.710000,17.890000,17.560000,17.830000,2796300,SSI iBoard
2023-03-16,17.530000,17.650000,17.230000,17.500000,2150600,SSI iBoard
2023-03-17,17.560000,17.710000,17.410000,17.530000,1136900,SSI iBoard
2023-03-20,17.500000,17.500000,16.920000,16.920000,1611400,SSI iBoard
2023-03-21,17.290000,17.290000,16.920000,17.110000,1056300,SSI iBoard
2023-03-22,17.200000,17.350000,17.050000,17.230000,1379500,SSI iBoard
2023-03-23,17.050000,17.350000,16.990000,17.350000,1606100,SSI iBoard
2023-03-24,17.350000,17.440000,17.110000,17.230000,2539100,SSI iBoard
2023-03-27,17.230000,17.470000,17.110000,17.380000,1392700,SSI iBoard
2023-03-28,17.380000,17.530000,17.380000,17.470000,1898500,SSI iBoard
2023-03-29,17.410000,17.560000,17.410000,17.530000,1729300,SSI iBoard
2023-03-30,17.590000,17.650000,17.410000,17.530000,1446300,SSI iBoard
2023-03-31,17.470000,17.650000,17.350000,17.650000,2331800,SSI iBoard
2023-04-03,17.830000,18.160000,17.770000,18.100000,3732300,SSI iBoard
2023-04-04,18.100000,18.100000,17.860000,17.920000,2220100,SSI iBoard
2023-04-05,17.920000,18.190000,17.740000,18.130000,3438900,SSI iBoard
2023-04-06,18.130000,18.130000,17.860000,17.860000,1930300,SSI iBoard
2023-04-07,17.830000,17.860000,17.710000,17.830000,1541600,SSI iBoard
2023-04-10,17.830000,17.950000,17.710000,17.740000,1849500,SSI iBoard
2023-04-11,17.800000,17.890000,17.650000,17.890000,1160200,SSI iBoard
2023-04-12,17.950000,17.950000,17.770000,17.830000,1372800,SSI iBoard
2023-04-13,17.770000,17.830000,17.590000,17.770000,1310900,SSI iBoard
2023-04-14,17.800000,17.830000,17.590000,17.590000,1512400,SSI iBoard
2023-04-17,17.590000,17.710000,17.410000,17.650000,1298300,SSI iBoard
2023-04-18,17.650000,17.710000,17.530000,17.590000,1177200,SSI iBoard
2023-04-19,17.560000,17.620000,17.320000,17.350000,1613300,SSI iBoard
2023-04-20,17.320000,17.380000,17.170000,17.380000,1328400,SSI iBoard
2023-04-21,17.230000,17.380000,17.230000,17.290000,935900,SSI iBoard
2023-04-24,17.260000,17.650000,17.050000,17.470000,2652900,SSI iBoard
2023-04-25,17.530000,17.530000,17.230000,17.230000,1280600,SSI iBoard
2023-04-26,17.230000,17.410000,16.890000,17.170000,3781400,SSI iBoard
2023-04-27,17.170000,17.350000,17.140000,17.140000,1978300,SSI iBoard
2023-04-28,17.230000,17.440000,17.230000,17.440000,4375900,SSI iBoard
2023-05-04,17.290000,17.290000,17.050000,17.080000,2094900,SSI iBoard
2023-05-05,17.080000,17.110000,16.800000,16.830000,3720400,SSI iBoard
2023-05-08,16.920000,16.950000,16.830000,16.860000,3291900,SSI iBoard
2023-05-09,16.950000,17.080000,16.920000,16.920000,2869400,SSI iBoard
2023-05-10,16.950000,17.080000,16.890000,17.080000,5544200,SSI iBoard
2023-05-11,17.170000,17.200000,17.080000,17.140000,2978300,SSI iBoard
2023-05-12,17.140000,17.170000,17.020000,17.170000,3865800,SSI iBoard
2023-05-15,17.230000,17.320000,16.990000,16.990000,6832500,SSI iBoard
2023-05-16,17.050000,17.080000,16.890000,16.890000,3037900,SSI iBoard
2023-05-17,16.920000,16.990000,16.620000,16.620000,5242300,SSI iBoard
2023-05-18,16.740000,16.860000,16.620000,16.770000,4644700,SSI iBoard
2023-05-19,16.860000,17.050000,16.710000,16.920000,2085300,SSI iBoard
2023-05-22,16.920000,17.050000,16.890000,16.890000,3067100,SSI iBoard
2023-05-23,16.990000,16.990000,16.740000,16.860000,4048500,SSI iBoard
2023-05-24,16.920000,16.920000,16.680000,16.770000,3821700,SSI iBoard
2023-05-25,16.710000,16.800000,16.650000,16.680000,3099700,SSI iBoard
2023-05-26,16.680000,16.800000,16.620000,16.800000,1781900,SSI iBoard
2023-05-29,16.800000,17.020000,16.800000,16.920000,2860900,SSI iBoard
2023-05-30,16.990000,17.020000,16.860000,16.950000,2948100,SSI iBoard
2023-05-31,16.950000,16.950000,16.800000,16.920000,2714900,SSI iBoard
2023-06-01,16.920000,16.990000,16.830000,16.890000,2395200,SSI iBoard
2023-06-02,16.950000,17.380000,16.920000,17.320000,8931900,SSI iBoard
2023-06-05,17.470000,17.560000,17.320000,17.380000,4445800,SSI iBoard
2023-06-06,17.440000,17.530000,17.290000,17.350000,5306600,SSI iBoard
2023-06-07,17.440000,17.650000,17.380000,17.470000,6346700,SSI iBoard
2023-06-08,17.470000,17.530000,17.260000,17.260000,5165700,SSI iBoard
2023-06-09,17.260000,17.320000,16.990000,17.140000,6111000,SSI iBoard
2023-06-12,17.170000,17.200000,16.830000,17.170000,5634400,SSI iBoard
2023-06-13,17.140000,17.200000,17.050000,17.110000,3213200,SSI iBoard
2023-06-14,17.200000,17.650000,17.200000,17.350000,8423300,SSI iBoard
2023-06-15,17.350000,17.740000,17.350000,17.530000,7183600,SSI iBoard
2023-06-16,17.560000,17.650000,17.230000,17.230000,7432700,SSI iBoard
2023-06-19,17.260000,17.440000,17.260000,17.290000,3404700,SSI iBoard
2023-06-20,17.320000,17.650000,17.260000,17.650000,2781600,SSI iBoard
2023-06-21,17.590000,17.710000,17.440000,17.620000,4570200,SSI iBoard
2023-06-22,17.710000,17.920000,17.650000,17.800000,5102500,SSI iBoard
2023-06-23,17.830000,17.860000,17.620000,17.680000,4983700,SSI iBoard
2023-06-26,17.560000,17.800000,17.470000,17.680000,6462100,SSI iBoard
2023-06-27,17.710000,17.740000,17.530000,17.740000,3656100,SSI iBoard
2023-06-28,17.770000,18.250000,17.740000,18.130000,8631900,SSI iBoard
2023-06-29,18.130000,18.190000,17.830000,18.070000,5201200,SSI iBoard
2023-06-30,17.950000,17.980000,17.740000,17.830000,5601900,SSI iBoard
2023-07-03,17.830000,17.890000,17.650000,17.680000,3179400,SSI iBoard
2023-07-04,17.620000,17.830000,17.560000,17.800000,5105500,SSI iBoard
2023-07-05,17.860000,17.950000,17.740000,17.860000,3596500,SSI iBoard
2023-07-06,17.860000,17.890000,17.440000,17.740000,6343400,SSI iBoard
2023-07-07,17.680000,17.890000,17.560000,17.890000,3913600,SSI iBoard
2023-07-10,17.980000,18.010000,17.830000,17.950000,6962300,SSI iBoard
2023-07-11,18.100000,18.500000,18.100000,18.310000,14508800,SSI iBoard
2023-07-12,18.310000,18.380000,18.010000,18.130000,6313800,SSI iBoard
2023-07-13,18.250000,18.250000,18.040000,18.130000,5302700,SSI iBoard
2023-07-14,18.130000,18.250000,17.770000,18.070000,7967000,SSI iBoard
2023-07-17,18.070000,18.100000,17.860000,17.950000,6581700,SSI iBoard
2023-07-18,17.950000,18.130000,17.950000,18.040000,4570900,SSI iBoard
2023-07-19,18.130000,18.160000,17.830000,18.070000,6740400,SSI iBoard
2023-07-20,18.070000,18.070000,17.860000,17.920000,4593800,SSI iBoard
2023-07-21,17.920000,18.010000,17.830000,17.950000,5537400,SSI iBoard
2023-07-24,18.070000,18.190000,17.980000,18.040000,5164400,SSI iBoard
2023-07-25,18.100000,18.310000,18.040000,18.070000,6091900,SSI iBoard
2023-07-26,18.100000,18.160000,17.950000,18.010000,5544100,SSI iBoard
2023-07-27,18.040000,18.070000,17.710000,17.740000,7921500,SSI iBoard
2023-07-28,17.770000,17.830000,17.710000,17.830000,5219800,SSI iBoard
2023-07-31,18.070000,18.130000,17.890000,18.130000,5765900,SSI iBoard
2023-08-01,18.250000,18.620000,18.190000,18.380000,14243700,SSI iBoard
2023-08-02,18.440000,18.830000,18.440000,18.770000,13339400,SSI iBoard
2023-08-03,18.710000,18.800000,18.560000,18.680000,8078000,SSI iBoard
2023-08-04,18.740000,18.740000,18.530000,18.740000,7557300,SSI iBoard
2023-08-07,19.010000,19.710000,18.890000,19.710000,13001900,SSI iBoard
2023-08-08,19.860000,19.860000,19.520000,19.710000,8764800,SSI iBoard
2023-08-09,19.640000,19.710000,19.370000,19.640000,8014100,SSI iBoard
2023-08-10,19.640000,19.740000,19.100000,19.130000,7995700,SSI iBoard
2023-08-11,19.190000,19.430000,18.920000,19.400000,6909000,SSI iBoard
2023-08-14,19.400000,19.580000,19.160000,19.520000,6370100,SSI iBoard
2023-08-15,19.520000,19.580000,19.370000,19.580000,5240600,SSI iBoard
2023-08-16,19.460000,19.770000,19.280000,19.550000,6372500,SSI iBoard
2023-08-17,19.580000,19.890000,19.490000,19.710000,9762600,SSI iBoard
2023-08-18,19.520000,19.610000,18.560000,18.560000,13696200,SSI iBoard
2023-08-21,18.680000,19.520000,18.500000,19.340000,9913500,SSI iBoard
2023-08-22,19.340000,19.370000,18.680000,19.070000,5795100,SSI iBoard
2023-08-23,19.130000,19.190000,18.770000,18.920000,4377400,SSI iBoard
2023-08-24,19.040000,19.280000,18.800000,19.190000,5036900,SSI iBoard
2023-08-25,19.190000,19.190000,18.770000,18.830000,8626800,SSI iBoard
2023-08-28,18.770000,18.920000,18.740000,18.830000,5411300,SSI iBoard
2023-08-29,18.980000,19.220000,18.890000,18.890000,3726400,SSI iBoard
2023-08-30,19.010000,19.400000,19.010000,19.400000,7395200,SSI iBoard
2023-08-31,19.430000,19.710000,19.430000,19.610000,5272800,SSI iBoard
2023-09-05,19.640000,19.950000,19.640000,19.740000,5968600,SSI iBoard
2023-09-06,19.770000,19.800000,19.490000,19.740000,4463900,SSI iBoard
2023-09-07,19.770000,20.130000,19.740000,19.740000,7773500,SSI iBoard
2023-09-08,19.770000,19.770000,19.520000,19.520000,3674400,SSI iBoard
2023-09-11,19.640000,19.800000,19.220000,19.280000,7492500,SSI iBoard
2023-09-12,19.340000,19.520000,19.190000,19.520000,3929100,SSI iBoard
2023-09-13,19.520000,19.800000,19.310000,19.670000,7999400,SSI iBoard
2023-09-14,19.800000,20.340000,19.800000,20.070000,14125200,SSI iBoard
2023-09-15,20.010000,20.250000,19.740000,19.800000,6484800,SSI iBoard
2023-09-18,19.800000,19.800000,19.220000,19.370000,8699100,SSI iBoard
2023-09-19,19.370000,19.490000,19.070000,19.400000,4883200,SSI iBoard
2023-09-20,19.400000,19.550000,19.190000,19.370000,6669400,SSI iBoard
2023-09-21,19.400000,19.430000,19.160000,19.160000,5997300,SSI iBoard
2023-09-22,19.040000,19.190000,18.740000,19.130000,8222000,SSI iBoard
2023-09-25,19.010000,19.160000,18.010000,18.010000,6721400,SSI iBoard
2023-09-26,18.070000,18.650000,17.980000,18.310000,5255800,SSI iBoard
2023-09-27,18.380000,18.740000,18.130000,18.740000,3648100,SSI iBoard
2023-09-28,18.560000,18.740000,17.440000,18.650000,7874400,SSI iBoard
2023-09-29,18.470000,18.770000,18.160000,18.160000,5350700,SSI iBoard
2023-10-02,18.190000,18.350000,16.890000,18.100000,5334700,SSI iBoard
2023-10-03,17.830000,17.830000,17.380000,17.590000,7705100,SSI iBoard
2023-10-04,17.350000,17.590000,17.290000,17.470000,3077200,SSI iBoard
2023-10-05,17.560000,17.620000,16.990000,16.990000,4884500,SSI iBoard
2023-10-06,17.230000,17.380000,16.830000,17.350000,3154500,SSI iBoard
2023-10-09,17.320000,17.650000,17.320000,17.620000,1901900,SSI iBoard
2023-10-10,17.740000,17.860000,17.650000,17.710000,2970400,SSI iBoard
2023-10-11,17.710000,17.830000,17.560000,17.830000,1759400,SSI iBoard
2023-10-12,17.950000,17.980000,17.740000,17.890000,2092400,SSI iBoard
2023-10-13,17.710000,17.890000,17.530000,17.710000,1457500,SSI iBoard
2023-10-16,17.680000,17.710000,17.410000,17.410000,2025200,SSI iBoard
2023-10-17,17.530000,17.620000,17.290000,17.290000,1650400,SSI iBoard
2023-10-18,17.290000,17.410000,16.950000,17.140000,2125400,SSI iBoard
2023-10-19,17.140000,17.290000,16.920000,17.290000,1810200,SSI iBoard
2023-10-20,17.200000,17.980000,16.860000,17.770000,3602000,SSI iBoard
2023-10-23,17.770000,17.770000,17.410000,17.710000,1587400,SSI iBoard
2023-10-24,17.710000,17.830000,17.560000,17.830000,2467900,SSI iBoard
2023-10-25,17.710000,17.830000,17.500000,17.530000,1749000,SSI iBoard
2023-10-26,17.140000,17.260000,16.650000,17.140000,5974000,SSI iBoard
2023-10-27,17.140000,17.200000,16.770000,17.050000,2901000,SSI iBoard
2023-10-30,16.710000,17.050000,16.710000,16.710000,1730500,SSI iBoard
2023-10-31,16.770000,16.920000,16.680000,16.740000,2833300,SSI iBoard
2023-11-01,16.800000,16.800000,16.500000,16.560000,3039100,SSI iBoard
2023-11-02,16.680000,17.230000,16.680000,17.080000,2371900,SSI iBoard
2023-11-03,17.170000,17.200000,16.920000,16.920000,3559600,SSI iBoard
2023-11-06,17.140000,17.350000,17.140000,17.260000,2337400,SSI iBoard
2023-11-07,17.170000,17.350000,17.110000,17.260000,2277600,SSI iBoard
2023-11-08,17.290000,17.680000,17.080000,17.680000,2934800,SSI iBoard
2023-11-09,17.740000,17.980000,17.650000,17.830000,4606900,SSI iBoard
2023-11-10,17.680000,17.770000,17.500000,17.770000,3477700,SSI iBoard
2023-11-13,17.710000,17.860000,17.650000,17.770000,3129500,SSI iBoard
2023-11-14,18.040000,18.190000,17.890000,18.010000,3732500,SSI iBoard
2023-11-15,18.190000,18.500000,18.190000,18.250000,5373200,SSI iBoard
2023-11-16,18.100000,18.310000,18.070000,18.280000,2244100,SSI iBoard
2023-11-17,18.250000,18.310000,17.800000,17.950000,4281100,SSI iBoard
2023-11-20,17.650000,17.980000,17.590000,17.860000,2168700,SSI iBoard
2023-11-21,18.040000,18.040000,17.770000,17.770000,1837700,SSI iBoard
2023-11-22,17.830000,17.950000,17.740000,17.890000,1850000,SSI iBoard
2023-11-23,17.980000,17.980000,17.650000,17.650000,1913600,SSI iBoard
2023-11-24,17.650000,17.890000,17.350000,17.890000,3088400,SSI iBoard
2023-11-27,17.920000,17.920000,17.590000,17.770000,1431700,SSI iBoard
2023-11-28,17.710000,17.710000,17.440000,17.710000,2068800,SSI iBoard
2023-11-29,17.710000,17.860000,17.650000,17.770000,2549800,SSI iBoard
2023-11-30,17.760000,18.030000,17.660000,17.760000,2651700,SSI iBoard
2023-12-01,17.870000,17.870000,17.560000,17.760000,1962600,SSI iBoard
2023-12-04,17.870000,17.970000,17.730000,17.930000,7638100,SSI iBoard
2023-12-05,17.970000,18.030000,17.900000,17.900000,2549300,SSI iBoard
2023-12-06,17.900000,18.030000,17.900000,18.000000,3205700,SSI iBoard
2023-12-07,18.070000,18.300000,17.930000,18.170000,5656600,SSI iBoard
2023-12-08,18.240000,18.300000,18.030000,18.170000,3718900,SSI iBoard
2023-12-11,18.200000,18.270000,18.030000,18.140000,2203100,SSI iBoard
2023-12-12,18.170000,18.240000,18.030000,18.240000,3346200,SSI iBoard
2023-12-13,18.340000,18.470000,18.030000,18.070000,3629800,SSI iBoard
2023-12-14,18.200000,18.200000,17.870000,18.070000,3873600,SSI iBoard
2023-12-15,17.900000,18.140000,17.800000,18.030000,3969300,SSI iBoard
2023-12-18,17.900000,18.030000,17.600000,17.600000,3836500,SSI iBoard
2023-12-19,17.630000,17.900000,17.530000,17.900000,2308300,SSI iBoard
2023-12-20,17.760000,17.970000,17.700000,17.930000,2388300,SSI iBoard
2023-12-21,17.830000,17.970000,17.730000,17.930000,2581300,SSI iBoard
2023-12-22,17.900000,17.970000,17.800000,17.870000,2169200,SSI iBoard
2023-12-25,17.930000,18.170000,17.900000,18.170000,4083500,SSI iBoard
2023-12-26,18.140000,18.200000,18.100000,18.100000,3247900,SSI iBoard
2023-12-27,18.100000,18.170000,18.070000,18.140000,3008900,SSI iBoard
2023-12-28,18.140000,18.300000,18.070000,18.300000,2983700,SSI iBoard
2023-12-29,18.370000,18.470000,18.300000,18.300000,4655000,SSI iBoard
2024-01-02,18.340000,18.410000,18.270000,18.370000,3300000,SSI iBoard
2024-01-03,18.370000,18.640000,18.270000,18.640000,3123600,SSI iBoard
2024-01-04,18.680000,19.930000,18.610000,19.320000,14693100,SSI iBoard
2024-01-05,19.420000,19.690000,19.390000,19.590000,8765200,SSI iBoard
2024-01-08,19.930000,20.130000,19.620000,19.960000,12113500,SSI iBoard
2024-01-09,19.990000,20.360000,19.790000,20.260000,14351600,SSI iBoard
2024-01-10,20.260000,21.040000,20.160000,20.940000,13924900,SSI iBoard
2024-01-11,21.010000,21.280000,20.530000,20.940000,9746100,SSI iBoard
2024-01-12,20.800000,21.510000,20.670000,21.280000,17184500,SSI iBoard
2024-01-15,21.310000,21.410000,20.940000,21.210000,6951700,SSI iBoard
2024-01-16,20.970000,21.210000,20.800000,21.210000,7442400,SSI iBoard
2024-01-17,20.970000,21.280000,20.940000,21.040000,6739800,SSI iBoard
2024-01-18,21.040000,21.340000,20.870000,21.280000,8842000,SSI iBoard
2024-01-19,21.410000,22.020000,21.240000,22.020000,14108300,SSI iBoard
2024-01-22,21.990000,22.050000,21.580000,22.050000,8679800,SSI iBoard
2024-01-23,22.050000,22.150000,21.550000,21.750000,9136000,SSI iBoard
2024-01-24,21.580000,21.880000,21.550000,21.610000,4997700,SSI iBoard
2024-01-25,21.610000,21.680000,21.340000,21.650000,5164700,SSI iBoard
2024-01-26,21.680000,21.780000,21.580000,21.680000,3676400,SSI iBoard
2024-01-29,21.680000,22.120000,21.610000,21.820000,5875800,SSI iBoard
2024-01-30,21.850000,21.920000,21.650000,21.750000,3741900,SSI iBoard
2024-01-31,21.920000,21.950000,21.140000,21.340000,11925100,SSI iBoard
2024-02-01,21.240000,21.680000,21.240000,21.650000,5126100,SSI iBoard
2024-02-02,21.610000,21.720000,21.310000,21.410000,4536600,SSI iBoard
2024-02-05,21.450000,22.900000,21.450000,22.900000,21679700,SSI iBoard
2024-02-06,22.970000,23.270000,22.860000,23.240000,8645600,SSI iBoard
2024-02-07,23.240000,24.520000,23.240000,23.980000,13534000,SSI iBoard
2024-02-15,24.050000,24.180000,23.640000,23.640000,8849700,SSI iBoard
2024-02-16,23.840000,23.840000,23.400000,23.810000,7504900,SSI iBoard
2024-02-19,23.710000,23.980000,23.300000,23.910000,10677500,SSI iBoard
2024-02-20,23.840000,24.050000,23.440000,23.780000,6832100,SSI iBoard
2024-02-21,23.810000,24.450000,23.670000,24.010000,10391600,SSI iBoard
2024-02-22,24.110000,24.150000,23.810000,24.110000,7056000,SSI iBoard
2024-02-23,24.180000,25.090000,23.640000,23.780000,25763100,SSI iBoard
2024-02-26,23.780000,24.210000,23.710000,24.080000,6391800,SSI iBoard
2024-02-27,24.110000,24.520000,23.940000,24.420000,9066000,SSI iBoard
2024-02-28,24.590000,24.620000,24.080000,24.280000,9809600,SSI iBoard
2024-02-29,24.450000,24.520000,23.780000,24.010000,12798100,SSI iBoard
2024-03-01,24.110000,24.110000,23.640000,24.050000,9179700,SSI iBoard
2024-03-04,24.050000,24.920000,23.740000,24.320000,17569600,SSI iBoard
2024-03-05,24.320000,24.620000,24.150000,24.620000,7378300,SSI iBoard
2024-03-06,24.590000,24.960000,24.080000,24.380000,11114900,SSI iBoard
2024-03-07,24.320000,24.350000,23.940000,24.180000,8882900,SSI iBoard
2024-03-08,24.180000,24.210000,23.300000,23.300000,20828300,SSI iBoard
2024-03-11,23.300000,23.470000,22.900000,23.070000,7842600,SSI iBoard
2024-03-12,22.970000,23.370000,22.930000,23.300000,6760600,SSI iBoard
2024-03-13,23.370000,23.740000,23.100000,23.740000,6141800,SSI iBoard
2024-03-14,23.780000,23.780000,23.100000,23.270000,7010100,SSI iBoard
2024-03-15,23.240000,23.910000,22.930000,23.470000,9586500,SSI iBoard
2024-03-18,23.470000,23.640000,21.850000,22.490000,11387200,SSI iBoard
2024-03-19,22.560000,22.830000,22.260000,22.490000,7149600,SSI iBoard
2024-03-20,22.420000,23.300000,22.290000,23.200000,9484900,SSI iBoard
2024-03-21,23.370000,23.570000,23.000000,23.570000,9087700,SSI iBoard
2024-03-22,23.710000,24.590000,23.640000,24.110000,15958000,SSI iBoard
2024-03-25,23.980000,24.110000,23.300000,23.440000,9577000,SSI iBoard
2024-03-26,23.470000,23.910000,23.400000,23.780000,3801300,SSI iBoard
2024-03-27,23.640000,23.980000,23.510000,23.980000,5066600,SSI iBoard
2024-03-28,24.250000,24.250000,23.840000,24.150000,7031500,SSI iBoard
2024-03-29,24.150000,24.150000,23.740000,24.010000,4490100,SSI iBoard
2024-04-01,23.910000,23.910000,23.470000,23.640000,7918200,SSI iBoard
2024-04-02,23.300000,23.780000,23.030000,23.640000,6979000,SSI iBoard
2024-04-03,23.570000,23.640000,22.900000,23.000000,9109200,SSI iBoard
2024-04-04,23.100000,23.170000,22.630000,22.660000,7104500,SSI iBoard
2024-04-05,22.420000,22.690000,22.360000,22.420000,9834200,SSI iBoard
2024-04-08,22.490000,23.130000,22.260000,22.630000,12007900,SSI iBoard
2024-04-09,22.900000,23.130000,22.660000,23.130000,5238500,SSI iBoard
2024-04-10,23.200000,23.200000,22.730000,22.730000,4301500,SSI iBoard
2024-04-11,22.490000,22.760000,22.460000,22.760000,4179700,SSI iBoard
2024-04-12,22.830000,24.350000,22.730000,24.250000,23775200,SSI iBoard
2024-04-15,24.180000,24.520000,22.560000,22.590000,29292700,SSI iBoard
2024-04-16,22.900000,23.000000,22.150000,23.000000,15414300,SSI iBoard
2024-04-17,23.130000,23.130000,22.050000,22.090000,19095700,SSI iBoard
2024-04-19,21.680000,22.120000,21.110000,21.340000,13040500,SSI iBoard
2024-04-22,21.650000,21.880000,21.410000,21.820000,7768100,SSI iBoard
2024-04-23,21.780000,21.950000,21.040000,21.280000,10689200,SSI iBoard
2024-04-24,21.610000,22.260000,21.410000,22.260000,9012800,SSI iBoard
2024-04-25,22.190000,22.290000,21.780000,22.290000,4863800,SSI iBoard
2024-04-26,21.990000,22.390000,21.720000,22.150000,8972900,SSI iBoard
2024-05-02,22.150000,22.150000,21.610000,21.850000,6361000,SSI iBoard
2024-05-03,21.920000,22.190000,21.720000,21.880000,6160500,SSI iBoard
2024-05-06,22.020000,22.460000,21.850000,22.420000,7627200,SSI iBoard
2024-05-07,22.420000,22.460000,22.150000,22.150000,4941700,SSI iBoard
2024-05-08,22.050000,22.290000,21.850000,22.020000,8398000,SSI iBoard
2024-05-09,22.150000,22.560000,21.920000,22.220000,7196700,SSI iBoard
2024-05-10,22.390000,22.390000,21.990000,22.190000,4656700,SSI iBoard
2024-05-13,22.190000,22.190000,21.780000,21.820000,7004000,SSI iBoard
2024-05-14,21.880000,22.090000,21.780000,21.820000,5643900,SSI iBoard
2024-05-15,21.920000,22.290000,21.780000,21.850000,7928800,SSI iBoard
2024-05-16,22.150000,22.760000,21.990000,22.420000,14193700,SSI iBoard
2024-05-17,22.530000,22.560000,22.220000,22.360000,5948500,SSI iBoard
2024-05-20,22.490000,22.900000,22.320000,22.530000,12148300,SSI iBoard
2024-05-21,22.590000,23.030000,22.530000,22.730000,6079100,SSI iBoard
2024-05-22,22.860000,22.900000,22.090000,22.290000,11642900,SSI iBoard
2024-05-23,22.260000,22.460000,22.020000,22.460000,5573500,SSI iBoard
2024-05-24,22.360000,22.900000,21.820000,21.950000,13921600,SSI iBoard
2024-05-27,22.090000,22.090000,21.680000,21.880000,8217500,SSI iBoard
2024-05-28,21.920000,21.950000,21.410000,21.750000,24685700,SSI iBoard
2024-05-29,21.750000,21.750000,21.380000,21.380000,15631900,SSI iBoard
2024-05-30,21.180000,21.680000,21.180000,21.480000,9617600,SSI iBoard
2024-05-31,21.480000,21.750000,21.480000,21.550000,6190100,SSI iBoard
2024-06-03,21.780000,22.150000,21.650000,22.020000,9928600,SSI iBoard
2024-06-04,22.090000,22.260000,21.920000,22.150000,8842900,SSI iBoard
2024-06-05,22.220000,22.260000,21.880000,21.880000,8383500,SSI iBoard
2024-06-06,21.950000,22.090000,21.850000,22.020000,7437100,SSI iBoard
2024-06-07,22.150000,22.220000,22.050000,22.150000,4307200,SSI iBoard
2024-06-10,22.260000,22.930000,22.220000,22.630000,13316000,SSI iBoard
2024-06-11,22.930000,22.930000,22.390000,22.420000,10714500,SSI iBoard
2024-06-12,22.460000,22.730000,22.190000,22.630000,7591300,SSI iBoard
2024-06-13,22.970000,23.070000,22.630000,22.900000,14006900,SSI iBoard
2024-06-14,22.900000,22.930000,22.150000,22.150000,10429800,SSI iBoard
2024-06-17,22.150000,22.260000,21.820000,22.120000,8417900,SSI iBoard
2024-06-18,22.120000,22.190000,21.850000,21.850000,7746400,SSI iBoard
2024-06-19,21.880000,21.990000,21.580000,21.950000,6704200,SSI iBoard
2024-06-20,21.820000,21.990000,21.610000,21.750000,7044100,SSI iBoard
2024-06-21,21.880000,21.920000,21.720000,21.750000,4903100,SSI iBoard
2024-06-24,21.750000,21.850000,21.310000,21.380000,8439100,SSI iBoard
2024-06-25,21.550000,21.550000,21.240000,21.340000,5413400,SSI iBoard
2024-06-26,21.340000,21.380000,20.970000,21.140000,6556300,SSI iBoard
2024-06-27,21.140000,21.210000,21.040000,21.140000,4084600,SSI iBoard
2024-06-28,21.140000,21.240000,20.940000,20.940000,4521600,SSI iBoard
2024-07-01,20.840000,21.610000,20.840000,21.610000,3924600,SSI iBoard
2024-07-02,21.610000,21.850000,21.550000,21.820000,5122200,SSI iBoard
2024-07-03,21.850000,21.950000,21.650000,21.850000,3316100,SSI iBoard
2024-07-04,21.880000,21.950000,21.650000,21.820000,2526600,SSI iBoard
2024-07-05,21.850000,22.190000,21.680000,22.090000,5590000,SSI iBoard
2024-07-08,22.120000,22.120000,21.820000,22.020000,3851700,SSI iBoard
2024-07-09,22.020000,22.150000,21.880000,22.090000,4731800,SSI iBoard
2024-07-10,22.090000,22.190000,21.880000,21.880000,5205400,SSI iBoard
2024-07-11,21.950000,22.020000,21.750000,21.750000,3867400,SSI iBoard
2024-07-12,21.750000,21.820000,21.550000,21.610000,3874000,SSI iBoard
2024-07-15,21.650000,21.750000,21.610000,21.680000,2451000,SSI iBoard
2024-07-16,21.720000,22.190000,21.680000,21.950000,6589100,SSI iBoard
2024-07-17,22.090000,22.830000,21.990000,22.290000,22598600,SSI iBoard
2024-07-18,22.490000,22.590000,22.120000,22.590000,8111000,SSI iBoard
2024-07-19,22.460000,22.830000,22.120000,22.560000,10147600,SSI iBoard
2024-07-22,22.420000,23.030000,22.390000,22.730000,15868100,SSI iBoard
2024-07-23,22.760000,22.760000,21.650000,21.880000,9825700,SSI iBoard
2024-07-24,21.850000,21.950000,21.410000,21.750000,10316300,SSI iBoard
2024-07-25,21.610000,21.610000,21.210000,21.310000,6106000,SSI iBoard
2024-07-26,21.310000,21.720000,21.310000,21.650000,3281100,SSI iBoard
2024-07-29,21.720000,21.850000,21.680000,21.680000,3120200,SSI iBoard
2024-07-30,21.610000,21.680000,21.480000,21.610000,4284300,SSI iBoard
2024-07-31,21.610000,21.820000,21.480000,21.610000,6542400,SSI iBoard
2024-08-01,21.610000,21.920000,21.140000,21.240000,8811100,SSI iBoard
2024-08-02,20.970000,21.310000,20.430000,21.310000,10408500,SSI iBoard
2024-08-05,20.870000,20.900000,20.260000,20.360000,10630500,SSI iBoard
2024-08-06,20.600000,20.670000,20.230000,20.630000,4871100,SSI iBoard
2024-08-07,20.700000,20.700000,20.300000,20.400000,3892500,SSI iBoard
2024-08-08,20.400000,20.570000,20.300000,20.400000,5155000,SSI iBoard
2024-08-09,20.500000,21.280000,20.500000,21.280000,7179900,SSI iBoard
2024-08-12,21.310000,21.450000,21.070000,21.410000,3052300,SSI iBoard
2024-08-13,21.510000,21.510000,21.180000,21.510000,3764400,SSI iBoard
2024-08-14,21.510000,21.610000,21.340000,21.480000,4668000,SSI iBoard
2024-08-15,21.480000,21.580000,21.240000,21.510000,4421800,SSI iBoard
2024-08-16,21.510000,21.950000,21.480000,21.950000,7856100,SSI iBoard
2024-08-19,21.950000,22.090000,21.850000,22.050000,5863100,SSI iBoard
2024-08-20,22.050000,22.530000,22.020000,22.420000,10766100,SSI iBoard
2024-08-21,22.460000,23.100000,22.290000,23.100000,27480100,SSI iBoard
2024-08-22,23.200000,23.640000,23.170000,23.370000,11485500,SSI iBoard
2024-08-23,23.240000,23.610000,23.070000,23.610000,9860800,SSI iBoard
2024-08-26,23.640000,23.640000,23.240000,23.370000,9584400,SSI iBoard
2024-08-27,23.370000,23.640000,23.130000,23.540000,11698100,SSI iBoard
2024-08-28,23.570000,23.610000,23.300000,23.570000,5938900,SSI iBoard
2024-08-29,23.610000,23.880000,23.300000,23.640000,12531200,SSI iBoard
2024-08-30,23.640000,23.710000,23.400000,23.670000,8124100,SSI iBoard
2024-09-04,23.370000,23.840000,23.270000,23.840000,10446800,SSI iBoard
2024-09-05,23.780000,23.980000,23.370000,23.640000,8504400,SSI iBoard
2024-09-06,23.510000,23.980000,23.370000,23.980000,9157300,SSI iBoard
2024-09-09,23.780000,23.940000,23.640000,23.940000,5375600,SSI iBoard
2024-09-10,23.910000,24.010000,23.510000,23.610000,7474100,SSI iBoard
2024-09-11,23.610000,23.710000,23.270000,23.610000,5494300,SSI iBoard
2024-09-12,23.810000,23.810000,23.440000,23.640000,4999600,SSI iBoard
2024-09-13,23.510000,23.640000,23.400000,23.570000,3439800,SSI iBoard
2024-09-16,23.610000,23.610000,23.300000,23.400000,5810800,SSI iBoard
2024-09-17,23.340000,23.610000,23.200000,23.610000,5230100,SSI iBoard
2024-09-18,23.610000,24.520000,23.510000,24.110000,17487600,SSI iBoard
2024-09-19,24.150000,24.450000,24.050000,24.320000,5835500,SSI iBoard
2024-09-20,24.350000,24.760000,24.280000,24.320000,13164300,SSI iBoard
2024-09-23,24.280000,24.520000,24.080000,24.250000,4440300,SSI iBoard
2024-09-24,24.250000,24.450000,24.080000,24.350000,5546400,SSI iBoard
2024-09-25,24.650000,24.720000,24.320000,24.320000,9797800,SSI iBoard
2024-09-26,24.320000,24.620000,23.940000,24.590000,22830200,SSI iBoard
2024-09-27,24.620000,25.360000,24.620000,24.990000,15617800,SSI iBoard
2024-09-30,24.920000,25.130000,24.760000,24.960000,4842500,SSI iBoard
2024-10-01,24.960000,25.060000,24.550000,24.650000,12315100,SSI iBoard
2024-10-02,24.420000,24.620000,24.280000,24.320000,11271900,SSI iBoard
2024-10-03,24.320000,24.820000,24.250000,24.450000,9111600,SSI iBoard
2024-10-04,24.420000,24.420000,24.050000,24.050000,8545600,SSI iBoard
2024-10-07,24.250000,24.280000,23.980000,24.180000,5298700,SSI iBoard
2024-10-08,24.180000,24.420000,24.010000,24.150000,6638700,SSI iBoard
2024-10-09,24.180000,24.720000,24.110000,24.380000,9143500,SSI iBoard
2024-10-10,24.620000,24.760000,24.350000,24.420000,6226000,SSI iBoard
2024-10-11,24.480000,24.520000,24.180000,24.480000,4217800,SSI iBoard
2024-10-14,24.590000,24.620000,24.350000,24.350000,4041500,SSI iBoard
2024-10-15,24.480000,24.860000,24.380000,24.420000,10587200,SSI iBoard
2024-10-16,24.380000,24.620000,24.250000,24.520000,3778300,SSI iBoard
2024-10-17,24.650000,24.690000,24.350000,24.690000,6200700,SSI iBoard
2024-10-18,24.860000,24.920000,24.480000,24.480000,7054400,SSI iBoard
2024-10-21,24.380000,24.550000,23.980000,23.980000,8242100,SSI iBoard
2024-10-22,23.980000,24.080000,23.510000,23.640000,9519000,SSI iBoard
2024-10-23,23.640000,23.740000,23.470000,23.670000,4488500,SSI iBoard
2024-10-24,23.640000,23.740000,23.000000,23.540000,6405900,SSI iBoard
2024-10-25,23.470000,23.510000,23.300000,23.370000,4448300,SSI iBoard
2024-10-28,23.400000,23.510000,23.340000,23.440000,2288100,SSI iBoard
2024-10-29,23.440000,23.610000,23.440000,23.610000,2890000,SSI iBoard
2024-10-30,23.570000,23.640000,23.300000,23.470000,2626400,SSI iBoard
2024-10-31,23.570000,24.150000,23.510000,24.110000,8400500,SSI iBoard
2024-11-01,24.010000,24.280000,23.980000,24.050000,7983200,SSI iBoard
2024-11-04,24.010000,24.280000,23.880000,24.110000,5247600,SSI iBoard
2024-11-05,23.980000,24.110000,23.670000,23.670000,4093100,SSI iBoard
2024-11-06,23.780000,24.250000,23.710000,24.250000,3543500,SSI iBoard
2024-11-07,24.250000,24.420000,24.050000,24.050000,3822400,SSI iBoard
2024-11-08,24.110000,24.320000,23.510000,23.640000,4916300,SSI iBoard
2024-11-11,23.640000,23.640000,22.860000,23.610000,16325500,SSI iBoard
2024-11-12,23.510000,23.540000,23.100000,23.300000,3342200,SSI iBoard
2024-11-13,23.270000,23.300000,22.930000,23.200000,4244200,SSI iBoard
2024-11-14,23.170000,23.170000,22.690000,22.690000,5270200,SSI iBoard
2024-11-15,22.690000,22.690000,22.150000,22.360000,8350400,SSI iBoard
2024-11-18,22.360000,22.730000,22.090000,22.490000,4072900,SSI iBoard
2024-11-19,22.630000,22.690000,22.290000,22.530000,5280700,SSI iBoard
2024-11-20,22.320000,22.970000,22.320000,22.970000,6494000,SSI iBoard
2024-11-21,22.970000,23.640000,22.690000,23.640000,7810800,SSI iBoard
2024-11-22,23.570000,23.780000,23.440000,23.640000,6181600,SSI iBoard
2024-11-25,23.610000,23.710000,23.440000,23.710000,3824500,SSI iBoard
2024-11-26,23.640000,23.880000,23.570000,23.840000,4538800,SSI iBoard
2024-11-27,23.710000,23.840000,23.610000,23.740000,2761100,SSI iBoard
2024-11-28,23.840000,23.910000,23.610000,23.910000,3289800,SSI iBoard
2024-11-29,23.980000,24.210000,23.810000,24.150000,5142400,SSI iBoard
2024-12-02,24.250000,24.320000,24.110000,24.210000,4468300,SSI iBoard
2024-12-03,24.280000,24.280000,23.940000,24.250000,5261300,SSI iBoard
2024-12-04,24.050000,24.110000,23.840000,23.840000,4137800,SSI iBoard
2024-12-05,23.840000,24.650000,23.670000,24.590000,10395100,SSI iBoard
2024-12-06,24.650000,24.760000,24.480000,24.480000,5625800,SSI iBoard
2024-12-09,24.420000,24.650000,24.350000,24.620000,4392500,SSI iBoard
2024-12-10,24.620000,24.650000,24.380000,24.550000,3293400,SSI iBoard
2024-12-11,24.520000,24.720000,24.450000,24.550000,4390000,SSI iBoard
2024-12-12,24.590000,24.860000,24.450000,24.520000,5010500,SSI iBoard
2024-12-13,24.420000,24.650000,24.380000,24.550000,4180300,SSI iBoard
2024-12-16,24.550000,24.790000,24.450000,24.480000,2866500,SSI iBoard
2024-12-17,24.480000,24.550000,24.350000,24.480000,3429900,SSI iBoard
2024-12-18,24.450000,24.590000,24.180000,24.480000,2933300,SSI iBoard
2024-12-19,24.210000,24.450000,24.050000,24.450000,6319500,SSI iBoard
2024-12-20,24.320000,24.420000,24.110000,24.420000,3418200,SSI iBoard
2024-12-23,24.450000,24.520000,24.380000,24.480000,3097200,SSI iBoard
2024-12-24,24.380000,24.450000,24.250000,24.450000,2831100,SSI iBoard
2024-12-25,24.450000,26.140000,24.450000,25.800000,25190700,SSI iBoard
2024-12-26,25.940000,25.940000,25.670000,25.800000,4847100,SSI iBoard
2024-12-27,25.900000,26.210000,25.670000,26.210000,9539300,SSI iBoard
2024-12-30,26.000000,26.270000,25.900000,26.270000,7210600,SSI iBoard
2024-12-31,26.070000,26.140000,25.530000,25.530000,5449700,SSI iBoard
2025-01-02,25.670000,25.870000,25.400000,25.730000,5742600,SSI iBoard
2025-01-03,25.530000,25.670000,25.130000,25.130000,10284500,SSI iBoard
2025-01-06,25.160000,25.430000,25.030000,25.130000,6045300,SSI iBoard
2025-01-07,25.330000,25.670000,25.090000,25.300000,6267400,SSI iBoard
2025-01-08,25.260000,25.600000,25.160000,25.530000,3664700,SSI iBoard
2025-01-09,25.530000,25.600000,25.160000,25.260000,4056700,SSI iBoard
2025-01-10,25.260000,25.800000,25.130000,25.330000,7501000,SSI iBoard
2025-01-13,25.130000,25.460000,24.450000,25.460000,9377500,SSI iBoard
2025-01-14,25.300000,25.600000,24.920000,24.960000,3716700,SSI iBoard
2025-01-15,24.990000,25.060000,24.720000,24.820000,4980700,SSI iBoard
2025-01-16,24.890000,25.130000,24.590000,24.860000,6641100,SSI iBoard
2025-01-17,24.860000,25.130000,24.720000,25.130000,3948300,SSI iBoard
2025-01-20,25.160000,25.460000,25.090000,25.190000,4400000,SSI iBoard
2025-01-21,25.300000,25.530000,25.030000,25.190000,5502600,SSI iBoard
2025-01-22,25.400000,25.400000,25.160000,25.190000,4497700,SSI iBoard
2025-01-23,25.260000,25.800000,25.190000,25.730000,7583800,SSI iBoard
2025-01-24,25.730000,25.770000,25.500000,25.670000,5047600,SSI iBoard
2025-02-03,25.840000,26.070000,25.530000,25.700000,8325900,SSI iBoard
2025-02-04,25.840000,26.850000,25.700000,26.610000,14538400,SSI iBoard
2025-02-05,26.780000,26.820000,26.410000,26.580000,6686000,SSI iBoard
2025-02-06,26.610000,26.920000,26.480000,26.680000,6527700,SSI iBoard
2025-02-07,26.680000,27.830000,26.510000,27.560000,14973700,SSI iBoard
2025-02-10,27.560000,27.760000,27.050000,27.220000,9535800,SSI iBoard
2025-02-11,27.250000,27.630000,27.120000,27.490000,7621400,SSI iBoard
2025-02-12,27.490000,27.560000,27.290000,27.360000,4835000,SSI iBoard
2025-02-13,27.220000,27.900000,27.220000,27.590000,6945200,SSI iBoard
2025-02-14,27.690000,27.930000,27.360000,27.390000,5515600,SSI iBoard
2025-02-17,27.360000,27.460000,27.120000,27.120000,5951900,SSI iBoard
2025-02-18,27.120000,27.690000,27.050000,27.220000,6539300,SSI iBoard
2025-02-19,27.390000,27.660000,27.320000,27.360000,6136000,SSI iBoard
2025-02-20,27.730000,27.730000,27.320000,27.590000,5265200,SSI iBoard
2025-02-21,27.590000,28.030000,27.360000,28.030000,7710600,SSI iBoard
2025-02-24,28.030000,28.330000,27.930000,28.300000,6764800,SSI iBoard
2025-02-25,28.330000,28.440000,27.960000,28.270000,5728900,SSI iBoard
2025-02-26,28.230000,28.230000,27.760000,27.930000,9430900,SSI iBoard
2025-02-27,27.860000,28.060000,27.590000,28.030000,6079700,SSI iBoard
2025-02-28,27.900000,28.100000,27.690000,28.030000,5529300,SSI iBoard
2025-03-03,27.830000,27.860000,27.590000,27.860000,7674500,SSI iBoard
2025-03-04,27.690000,28.230000,27.560000,28.100000,7443800,SSI iBoard
2025-03-05,28.100000,28.540000,27.790000,27.830000,7812100,SSI iBoard
2025-03-06,27.960000,28.200000,27.830000,28.130000,5639200,SSI iBoard
2025-03-07,28.170000,28.640000,28.130000,28.640000,10858900,SSI iBoard
2025-03-10,28.840000,28.840000,28.440000,28.670000,9163000,SSI iBoard
2025-03-11,28.370000,28.770000,28.230000,28.770000,6943500,SSI iBoard
2025-03-12,28.910000,29.250000,28.570000,28.810000,9350500,SSI iBoard
2025-03-13,28.840000,28.840000,28.470000,28.570000,7914900,SSI iBoard
2025-03-14,28.400000,28.570000,28.230000,28.570000,7787700,SSI iBoard
2025-03-17,28.570000,28.770000,28.500000,28.770000,3459900,SSI iBoard
2025-03-18,28.980000,28.980000,28.330000,28.370000,5406700,SSI iBoard
2025-03-19,28.300000,28.370000,27.960000,28.060000,8668600,SSI iBoard
2025-03-20,28.060000,28.230000,27.690000,28.100000,8810000,SSI iBoard
2025-03-21,28.100000,28.130000,27.730000,28.130000,7361100,SSI iBoard
2025-03-24,27.960000,28.230000,27.760000,28.230000,6851700,SSI iBoard
2025-03-25,28.330000,28.570000,28.170000,28.570000,5036300,SSI iBoard
2025-03-26,28.540000,28.670000,28.100000,28.200000,5469500,SSI iBoard
2025-03-27,27.960000,28.200000,27.860000,28.100000,3508800,SSI iBoard
2025-03-28,28.030000,28.060000,27.790000,27.930000,4092900,SSI iBoard
2025-03-31,27.830000,28.000000,27.630000,28.000000,4619700,SSI iBoard
2025-04-01,28.130000,28.270000,27.730000,28.270000,4737500,SSI iBoard
2025-04-02,28.330000,28.570000,28.170000,28.330000,5575900,SSI iBoard
2025-04-03,27.490000,27.490000,26.380000,26.380000,19835700,SSI iBoard
2025-04-04,24.550000,26.140000,24.550000,26.140000,17693000,SSI iBoard
2025-04-08,24.380000,25.800000,24.320000,24.320000,18688600,SSI iBoard
2025-04-09,22.830000,24.990000,22.830000,22.830000,17505900,SSI iBoard
2025-04-10,24.420000,24.420000,24.420000,24.420000,2907100,SSI iBoard
2025-04-11,24.990000,26.000000,24.690000,25.940000,20246200,SSI iBoard
2025-04-14,26.070000,26.070000,25.570000,25.870000,9750200,SSI iBoard
2025-04-15,25.530000,25.670000,25.130000,25.500000,10253700,SSI iBoard
2025-04-16,25.500000,25.730000,25.130000,25.130000,6581500,SSI iBoard
2025-04-17,24.990000,25.230000,24.760000,25.160000,8698900,SSI iBoard
2025-04-18,25.570000,25.700000,25.300000,25.300000,8510000,SSI iBoard
2025-04-21,25.360000,25.570000,24.790000,25.160000,10033700,SSI iBoard
2025-04-22,24.920000,25.090000,23.400000,25.060000,15064300,SSI iBoard
2025-04-23,25.260000,25.430000,24.990000,25.190000,6705500,SSI iBoard
2025-04-24,25.300000,25.300000,24.890000,25.260000,6793100,SSI iBoard
2025-04-25,25.130000,25.330000,25.030000,25.090000,6465300,SSI iBoard
2025-04-28,25.160000,25.160000,24.790000,24.890000,5105100,SSI iBoard
2025-04-29,24.820000,25.130000,24.790000,25.130000,4933700,SSI iBoard
2025-05-05,25.190000,25.330000,25.030000,25.230000,3621800,SSI iBoard
2025-05-06,25.230000,25.570000,25.130000,25.400000,7236200,SSI iBoard
2025-05-07,25.330000,25.360000,25.090000,25.300000,6127600,SSI iBoard
2025-05-08,25.260000,25.400000,25.130000,25.360000,7941300,SSI iBoard
2025-05-09,25.430000,25.530000,25.260000,25.300000,6244100,SSI iBoard
2025-05-12,25.330000,25.630000,25.300000,25.570000,8966900,SSI iBoard
2025-05-13,25.730000,26.610000,25.730000,26.610000,15748400,SSI iBoard
2025-05-14,26.650000,26.750000,26.410000,26.750000,9319800,SSI iBoard
2025-05-15,26.750000,27.120000,26.510000,26.850000,9780500,SSI iBoard
2025-05-16,26.880000,26.880000,26.340000,26.340000,6562600,SSI iBoard
2025-05-19,26.170000,26.480000,26.040000,26.410000,7238400,SSI iBoard
2025-05-20,26.140000,26.680000,26.140000,26.680000,6572100,SSI iBoard
2025-05-21,26.540000,27.290000,26.540000,26.650000,8638000,SSI iBoard
2025-05-22,26.580000,26.680000,26.110000,26.240000,7061000,SSI iBoard
2025-05-23,26.240000,26.340000,26.070000,26.210000,4339900,SSI iBoard
2025-05-26,26.170000,26.510000,25.670000,26.510000,7007300,SSI iBoard
2025-05-27,26.510000,26.750000,26.340000,26.750000,7752400,SSI iBoard
2025-05-28,26.820000,26.850000,26.410000,26.710000,5580900,SSI iBoard
2025-05-29,26.650000,26.680000,26.270000,26.270000,7448200,SSI iBoard
2025-05-30,26.440000,26.440000,25.800000,25.870000,7680600,SSI iBoard
2025-06-02,25.840000,26.110000,25.630000,25.940000,4412100,SSI iBoard
2025-06-03,26.110000,26.170000,25.940000,26.040000,4295200,SSI iBoard
2025-06-04,26.140000,26.270000,25.970000,26.000000,4155400,SSI iBoard
2025-06-05,26.000000,26.170000,25.670000,26.040000,4332000,SSI iBoard
2025-06-06,25.970000,25.970000,25.700000,25.800000,3467900,SSI iBoard
2025-06-09,25.800000,25.840000,25.600000,25.670000,3172600,SSI iBoard
2025-06-10,25.670000,25.800000,25.570000,25.570000,4647300,SSI iBoard
2025-06-11,25.670000,25.670000,25.360000,25.670000,5975400,SSI iBoard
2025-06-12,25.700000,26.040000,25.600000,26.000000,8242800,SSI iBoard
2025-06-13,25.940000,27.520000,25.770000,26.950000,23868500,SSI iBoard
2025-06-16,26.980000,27.220000,26.950000,27.220000,6086700,SSI iBoard
2025-06-17,27.320000,27.320000,26.880000,27.250000,7871100,SSI iBoard
2025-06-18,27.150000,27.290000,26.980000,27.120000,5524700,SSI iBoard
2025-06-19,27.150000,27.730000,27.050000,27.490000,10136000,SSI iBoard
2025-06-20,27.560000,28.230000,27.460000,27.900000,12449200,SSI iBoard
2025-06-23,27.660000,27.930000,27.390000,27.930000,4848400,SSI iBoard
2025-06-24,28.060000,28.230000,27.930000,28.060000,9812700,SSI iBoard
2025-06-25,28.170000,28.370000,28.030000,28.170000,8585000,SSI iBoard
2025-06-26,28.230000,28.300000,27.900000,28.300000,6038700,SSI iBoard
2025-06-27,28.370000,28.470000,28.060000,28.330000,5913500,SSI iBoard
2025-06-30,28.370000,28.370000,28.060000,28.300000,5913500,SSI iBoard
2025-07-01,28.170000,28.370000,28.060000,28.300000,4088100,SSI iBoard
2025-07-02,28.270000,28.440000,28.230000,28.300000,4277400,SSI iBoard
2025-07-03,28.270000,28.880000,28.230000,28.710000,10203700,SSI iBoard
2025-07-04,28.840000,28.910000,28.500000,28.840000,4477100,SSI iBoard
2025-07-07,29.040000,29.990000,29.010000,29.990000,11497400,SSI iBoard
2025-07-08,30.060000,30.120000,29.750000,29.990000,3982800,SSI iBoard
2025-07-09,29.990000,30.530000,29.920000,30.390000,7568100,SSI iBoard
2025-07-10,30.330000,30.390000,29.920000,30.390000,6547000,SSI iBoard
2025-07-11,30.360000,30.360000,30.090000,30.120000,5736700,SSI iBoard
2025-07-14,30.060000,30.090000,29.520000,29.920000,12064300,SSI iBoard
2025-07-15,29.920000,30.290000,29.790000,29.820000,7167000,SSI iBoard
2025-07-16,29.820000,30.360000,29.650000,30.360000,5688900,SSI iBoard
2025-07-17,30.330000,30.500000,30.120000,30.390000,7521100,SSI iBoard
2025-07-18,30.390000,30.770000,30.090000,30.430000,8291000,SSI iBoard
2025-07-21,30.800000,30.900000,30.190000,30.530000,6559900,SSI iBoard
2025-07-22,30.530000,30.800000,30.190000,30.800000,4817800,SSI iBoard
2025-07-23,30.870000,30.970000,30.260000,30.830000,6335800,SSI iBoard
2025-07-24,30.830000,31.040000,30.530000,30.870000,5070900,SSI iBoard
2025-07-25,30.940000,31.210000,30.700000,30.800000,5534900,SSI iBoard
2025-07-28,30.730000,31.070000,30.670000,30.800000,10570000,SSI iBoard
2025-07-29,30.940000,31.100000,29.580000,29.580000,14733900,SSI iBoard
2025-07-30,29.720000,31.640000,29.620000,31.210000,22468200,SSI iBoard
2025-07-31,32.080000,32.080000,30.430000,31.000000,19391700,SSI iBoard
2025-08-01,31.070000,31.070000,29.820000,29.920000,16224400,SSI iBoard
2025-08-04,29.720000,30.900000,29.450000,30.830000,9698200,SSI iBoard
2025-08-05,31.040000,32.930000,30.800000,31.410000,24076700,SSI iBoard
2025-08-06,31.880000,32.250000,31.440000,32.080000,9566100,SSI iBoard
2025-08-07,32.420000,32.420000,31.710000,32.320000,9156800,SSI iBoard
2025-08-08,32.390000,32.420000,31.610000,32.220000,12368000,SSI iBoard
2025-08-11,32.290000,32.320000,31.850000,32.080000,8862900,SSI iBoard
2025-08-12,32.080000,32.730000,31.750000,32.420000,14358400,SSI iBoard
2025-08-13,32.490000,33.500000,31.850000,33.500000,17697600,SSI iBoard
2025-08-14,33.910000,34.520000,33.500000,33.910000,18688000,SSI iBoard
2025-08-15,34.310000,34.380000,32.960000,33.100000,15808500,SSI iBoard
2025-08-18,33.130000,33.370000,32.560000,32.760000,12393300,SSI iBoard
2025-08-19,33.030000,33.640000,33.000000,33.500000,11749300,SSI iBoard
2025-08-20,33.540000,35.120000,33.160000,34.180000,15736000,SSI iBoard
2025-08-21,34.650000,35.600000,34.450000,34.990000,17837200,SSI iBoard
2025-08-22,34.790000,36.070000,33.700000,34.380000,24276800,SSI iBoard
2025-08-25,34.790000,34.850000,32.960000,33.160000,15712700,SSI iBoard
2025-08-26,32.790000,34.580000,32.760000,34.580000,9948500,SSI iBoard
2025-08-27,35.120000,35.930000,34.310000,34.520000,18567600,SSI iBoard
2025-08-28,34.580000,34.990000,34.040000,34.850000,8229700,SSI iBoard
2025-08-29,35.060000,35.060000,34.380000,34.650000,12260700,SSI iBoard
2025-09-03,34.520000,34.580000,34.040000,34.180000,10168900,SSI iBoard
2025-09-04,34.180000,34.990000,34.040000,34.450000,9019200,SSI iBoard
2025-09-05,34.580000,34.850000,33.970000,33.970000,11199800,SSI iBoard
2025-09-08,33.770000,33.840000,33.130000,33.430000,14767400,SSI iBoard
2025-09-09,33.430000,33.640000,33.000000,33.500000,7573900,SSI iBoard
2025-09-10,33.500000,34.720000,33.500000,34.110000,11991700,SSI iBoard
2025-09-11,33.910000,34.180000,33.000000,34.180000,6899500,SSI iBoard
2025-09-12,34.240000,34.720000,34.040000,34.040000,8089000,SSI iBoard
2025-09-15,34.180000,34.850000,33.740000,34.850000,12875800,SSI iBoard
2025-09-16,35.120000,35.870000,34.990000,35.460000,18522800,SSI iBoard
2025-09-17,35.460000,35.460000,34.720000,34.720000,7654000,SSI iBoard
2025-09-18,34.790000,34.850000,34.180000,34.580000,8197900,SSI iBoard
2025-09-19,34.520000,34.720000,33.970000,34.580000,8134800,SSI iBoard
2025-09-22,34.240000,34.380000,33.130000,33.300000,11674200,SSI iBoard
2025-09-23,33.430000,33.770000,33.370000,33.770000,4299500,SSI iBoard
2025-09-24,33.570000,34.110000,33.300000,34.110000,5150700,SSI iBoard
2025-09-25,34.110000,34.310000,33.840000,33.970000,4692600,SSI iBoard
2025-09-26,33.970000,34.850000,33.740000,34.240000,10287000,SSI iBoard
2025-09-29,34.240000,34.580000,34.040000,34.450000,4392900,SSI iBoard
2025-09-30,34.310000,34.450000,33.770000,34.310000,6496500,SSI iBoard
2025-10-01,34.450000,35.060000,34.040000,34.790000,7104100,SSI iBoard
2025-10-02,34.990000,35.390000,34.580000,34.790000,8398200,SSI iBoard
2025-10-03,34.650000,34.720000,33.970000,34.310000,7606900,SSI iBoard
2025-10-06,34.650000,35.600000,34.450000,35.390000,9569400,SSI iBoard
2025-10-07,35.660000,35.660000,34.850000,34.850000,6054100,SSI iBoard
2025-10-08,35.260000,36.070000,35.120000,35.730000,11976900,SSI iBoard
2025-10-09,35.730000,37.150000,35.530000,37.150000,21543800,SSI iBoard
2025-10-10,37.620000,38.160000,37.080000,37.280000,13398000,SSI iBoard
2025-10-13,36.950000,38.030000,36.880000,37.820000,10943600,SSI iBoard
2025-10-14,38.060000,38.060000,37.040000,37.040000,13689600,SSI iBoard
2025-10-15,37.110000,37.590000,36.840000,37.310000,8091900,SSI iBoard
2025-10-16,37.380000,37.450000,36.430000,36.630000,10973700,SSI iBoard
2025-10-17,36.560000,36.900000,35.540000,35.540000,17820200,SSI iBoard
2025-10-20,35.950000,36.360000,33.230000,33.300000,25108500,SSI iBoard
2025-10-21,33.360000,34.320000,33.300000,34.010000,13428900,SSI iBoard
2025-10-22,34.380000,34.380000,33.020000,34.380000,11664700,SSI iBoard
2025-10-23,34.040000,34.320000,33.770000,33.840000,8497000,SSI iBoard
2025-10-24,33.600000,33.980000,32.680000,33.910000,11649500,SSI iBoard
2025-10-27,33.910000,33.940000,33.090000,33.090000,5362100,SSI iBoard
2025-10-28,33.060000,33.360000,32.510000,33.360000,6253500,SSI iBoard
2025-10-29,33.500000,34.250000,33.400000,33.810000,6411600,SSI iBoard
2025-10-30,33.910000,33.940000,33.430000,33.500000,4840500,SSI iBoard
2025-10-31,33.940000,34.380000,33.360000,33.360000,8858400,SSI iBoard
2025-11-03,33.570000,33.770000,33.020000,33.020000,5620800,SSI iBoard
2025-11-04,32.850000,34.040000,32.580000,34.010000,7379300,SSI iBoard
2025-11-05,33.910000,35.130000,33.700000,34.930000,10623400,SSI iBoard
2025-11-06,34.860000,34.860000,34.110000,34.790000,7255500,SSI iBoard
2025-11-07,34.380000,34.860000,32.990000,33.360000,13056800,SSI iBoard
2025-11-10,33.160000,33.360000,32.440000,32.680000,7671700,SSI iBoard
2025-11-11,32.780000,33.020000,32.000000,33.020000,8811100,SSI iBoard
2025-11-12,33.020000,33.700000,32.750000,33.500000,6635000,SSI iBoard
2025-11-13,33.470000,33.470000,32.960000,33.260000,5628500,SSI iBoard
2025-11-14,33.020000,33.090000,32.720000,33.060000,6523600,SSI iBoard
2025-11-17,33.190000,33.330000,32.920000,33.260000,5014800,SSI iBoard
2025-11-18,33.300000,33.740000,33.260000,33.640000,5458400,SSI iBoard
2025-11-19,33.640000,33.640000,33.190000,33.600000,5019700,SSI iBoard
2025-11-20,33.570000,33.570000,33.130000,33.430000,4543200,SSI iBoard
2025-11-21,33.090000,33.500000,32.890000,33.430000,6520900,SSI iBoard
2025-11-24,33.430000,33.500000,33.190000,33.230000,3617800,SSI iBoard
2025-11-25,33.160000,33.330000,32.780000,32.780000,5568500,SSI iBoard
2025-11-26,32.890000,33.300000,32.610000,33.300000,7071200,SSI iBoard
2025-11-27,33.360000,33.770000,33.230000,33.260000,7632300,SSI iBoard
2025-11-28,33.130000,33.360000,32.820000,33.360000,4673400,SSI iBoard
2025-12-01,33.300000,33.330000,32.960000,32.960000,2739600,SSI iBoard
2025-12-02,33.330000,33.500000,32.960000,33.400000,8947700,SSI iBoard
2025-12-03,33.700000,35.680000,33.700000,35.410000,22667700,SSI iBoard
2025-12-04,35.540000,35.810000,35.200000,35.410000,7554000,SSI iBoard
2025-12-05,35.470000,35.540000,34.860000,35.070000,6459700,SSI iBoard
2025-12-08,35.000000,35.000000,34.450000,34.790000,6112900,SSI iBoard
2025-12-09,34.660000,34.660000,34.010000,34.110000,9538100,SSI iBoard
2025-12-10,34.320000,34.590000,34.110000,34.380000,3867500,SSI iBoard
2025-12-11,34.520000,34.520000,34.040000,34.110000,4553200,SSI iBoard
2025-12-12,34.250000,34.450000,33.700000,33.700000,8014400,SSI iBoard
2025-12-15,33.770000,33.870000,33.400000,33.840000,5440100,SSI iBoard
2025-12-16,34.040000,34.730000,33.400000,34.730000,15094400,SSI iBoard
2025-12-17,34.960000,35.010000,33.830000,34.170000,10665100,SSI iBoard
2025-12-18,34.170000,34.220000,33.430000,33.830000,5822900,SSI iBoard
2025-12-19,33.830000,34.070000,33.530000,33.930000,7234100,SSI iBoard
2025-12-22,33.980000,34.710000,33.780000,34.620000,11776100,SSI iBoard
2025-12-23,34.760000,35.010000,34.120000,34.470000,9893700,SSI iBoard
2025-12-24,34.470000,34.760000,34.170000,34.760000,9502300,SSI iBoard
2025-12-25,34.860000,35.900000,34.470000,34.470000,13969300,SSI iBoard
2025-12-26,34.370000,34.710000,33.730000,34.660000,10622300,SSI iBoard
2025-12-29,34.470000,34.810000,34.370000,34.760000,7192400,SSI iBoard
2025-12-30,34.810000,35.400000,34.660000,35.110000,8456300,SSI iBoard
2025-12-31,35.160000,35.260000,34.860000,35.210000,7920700,SSI iBoard
2026-01-05,35.260000,35.550000,34.020000,34.960000,10427300,SSI iBoard
2026-01-06,34.860000,35.650000,34.270000,35.650000,14857900,SSI iBoard
2026-01-07,35.850000,36.930000,35.800000,36.880000,22144400,SSI iBoard
2026-01-08,36.980000,38.900000,36.540000,37.620000,31939500,SSI iBoard
2026-01-09,38.410000,40.230000,38.110000,40.130000,38922900,SSI iBoard
2026-01-12,41.360000,42.840000,40.720000,40.870000,37246900,SSI iBoard
2026-01-13,40.870000,41.710000,39.390000,40.670000,32378300,SSI iBoard
2026-01-14,40.180000,42.590000,40.030000,40.820000,30568900,SSI iBoard
2026-01-15,39.880000,40.380000,39.000000,39.390000,28177000,SSI iBoard
2026-01-16,40.080000,40.920000,38.900000,39.000000,21678400,SSI iBoard
2026-01-19,39.050000,39.740000,38.950000,39.390000,13549500,SSI iBoard
2026-01-20,39.840000,39.980000,39.050000,39.050000,18904200,SSI iBoard
2026-01-21,38.950000,39.930000,38.410000,39.590000,20390200,SSI iBoard
2026-01-22,39.790000,40.670000,39.240000,39.290000,21656100,SSI iBoard
2026-01-23,39.390000,39.440000,38.260000,38.410000,17979800,SSI iBoard
2026-01-26,38.460000,38.550000,37.470000,37.620000,17221600,SSI iBoard
2026-01-27,37.620000,38.060000,37.520000,37.670000,12601700,SSI iBoard
2026-01-28,37.770000,39.050000,37.720000,37.820000,15308300,SSI iBoard
2026-01-29,37.910000,38.310000,37.520000,37.720000,10027200,SSI iBoard
2026-01-30,37.620000,38.410000,37.230000,38.160000,28474900,SSI iBoard
2026-02-02,38.210000,39.200000,38.110000,38.750000,23383000,SSI iBoard
2026-02-03,39.150000,39.690000,38.700000,39.100000,23670600,SSI iBoard
2026-02-04,39.290000,39.290000,38.550000,39.000000,18233300,SSI iBoard
2026-02-05,39.050000,39.100000,38.010000,38.010000,16072100,SSI iBoard
2026-02-06,37.620000,37.770000,36.830000,36.830000,24838700,SSI iBoard
2026-02-09,37.130000,37.270000,36.240000,36.540000,9918300,SSI iBoard
2026-02-10,36.930000,37.030000,36.090000,36.540000,12648100,SSI iBoard
2026-02-11,36.880000,37.670000,36.730000,37.320000,13723100,SSI iBoard
2026-02-12,37.720000,37.720000,37.180000,37.420000,8656700,SSI iBoard
2026-02-13,37.420000,38.010000,37.130000,38.010000,9259700,SSI iBoard
2026-02-23,38.360000,38.410000,37.960000,38.110000,8379600,SSI iBoard
2026-02-24,37.960000,38.110000,37.470000,37.620000,12133300,SSI iBoard
2026-02-25,37.770000,38.510000,37.620000,37.910000,10573600,SSI iBoard
2026-02-26,37.960000,38.160000,37.470000,37.910000,11489400,SSI iBoard
2026-02-27,37.870000,37.870000,37.470000,37.670000,8888400,SSI iBoard
2026-03-02,36.930000,37.270000,36.290000,36.290000,25730000,SSI iBoard
2026-03-03,36.240000,36.730000,35.350000,35.350000,21254700,SSI iBoard
2026-03-04,35.210000,36.140000,34.910000,35.850000,19451000,SSI iBoard
2026-03-05,36.440000,36.540000,35.650000,35.650000,8015700,SSI iBoard
2026-03-06,35.350000,35.750000,35.110000,35.110000,8532000,SSI iBoard
2026-03-09,32.700000,32.990000,32.700000,32.700000,17770800,SSI iBoard
2026-03-10,33.680000,34.620000,33.090000,34.520000,24975700,SSI iBoard
2026-03-11,34.470000,35.060000,34.170000,34.570000,12877000,SSI iBoard
2026-03-12,34.270000,34.370000,33.730000,33.780000,12913700,SSI iBoard
2026-03-13,33.780000,33.980000,33.430000,33.480000,8278900,SSI iBoard
2026-03-16,33.530000,33.980000,33.480000,33.630000,5159300,SSI iBoard
2026-03-17,33.930000,34.270000,33.880000,33.880000,7184200,SSI iBoard
2026-03-18,34.070000,35.210000,34.070000,34.470000,12546300,SSI iBoard
2026-03-19,33.980000,34.270000,33.780000,34.120000,7530900,SSI iBoard
2026-03-20,34.020000,34.070000,33.090000,33.090000,10708700,SSI iBoard
2026-03-23,32.700000,32.700000,31.510000,32.010000,13238000,SSI iBoard
2026-03-24,32.790000,33.430000,32.600000,33.040000,6410500,SSI iBoard
2026-03-25,33.240000,33.580000,33.190000,33.530000,6241100,SSI iBoard
2026-03-26,33.530000,33.580000,32.940000,33.290000,5738200,SSI iBoard
2026-03-27,33.190000,34.470000,33.090000,34.270000,12073500,SSI iBoard
2026-03-30,33.580000,34.220000,33.380000,33.530000,6061900,SSI iBoard
2026-03-31,33.880000,34.120000,33.580000,34.070000,7394400,SSI iBoard
2026-04-01,34.660000,34.760000,34.120000,34.220000,8257700,SSI iBoard
2026-04-02,33.930000,34.020000,33.580000,33.780000,6251200,SSI iBoard
2026-04-03,33.880000,33.980000,33.290000,33.290000,8626800,SSI iBoard
2026-04-06,33.240000,33.530000,33.040000,33.190000,6070500,SSI iBoard
2026-04-07,33.240000,33.340000,32.990000,33.190000,4955000,SSI iBoard
2026-04-08,34.270000,34.960000,33.780000,34.960000,13337900,SSI iBoard
2026-04-09,34.520000,34.760000,34.270000,34.470000,6309300,SSI iBoard
2026-04-10,34.710000,35.260000,34.470000,34.470000,8029500,SSI iBoard
2026-04-13,34.270000,34.470000,34.020000,34.270000,4304400,SSI iBoard
2026-04-14,34.570000,34.620000,34.270000,34.370000,5465100,SSI iBoard
2026-04-15,34.660000,34.760000,34.320000,34.520000,5586500,SSI iBoard
2026-04-16,34.620000,34.620000,33.980000,34.070000,5773800,SSI iBoard
2026-04-17,34.170000,34.370000,34.020000,34.320000,3775800,SSI iBoard
2026-04-20,34.420000,34.760000,34.370000,34.570000,6020100,SSI iBoard
2026-04-21,34.760000,34.910000,34.320000,34.320000,5807100,SSI iBoard
2026-04-22,34.370000,34.570000,34.270000,34.370000,3997500,SSI iBoard
2026-04-23,34.270000,36.240000,34.270000,34.960000,22296200,SSI iBoard
2026-04-24,35.060000,35.160000,34.470000,34.470000,4783100,SSI iBoard
2026-04-28,34.760000,34.810000,34.170000,34.270000,6945200,SSI iBoard
2026-04-29,34.470000,34.570000,34.220000,34.420000,6648700,SSI iBoard
2026-05-04,34.860000,35.160000,34.660000,34.810000,8318000,SSI iBoard
2026-05-05,34.760000,34.760000,34.320000,34.760000,5731700,SSI iBoard
2026-05-06,34.760000,35.010000,34.470000,35.010000,10173500,SSI iBoard
2026-05-07,35.110000,35.450000,34.960000,35.260000,10661200,SSI iBoard
2026-05-08,35.400000,36.140000,35.350000,35.650000,18248400,SSI iBoard
2026-05-11,35.750000,35.750000,35.060000,35.060000,7072000,SSI iBoard
2026-05-12,35.110000,35.110000,34.470000,34.710000,8809000,SSI iBoard
2026-05-13,34.710000,35.210000,34.470000,35.010000,9697200,SSI iBoard
2026-05-14,35.110000,35.650000,35.060000,35.400000,9116900,SSI iBoard
2026-05-15,35.700000,35.750000,34.860000,35.260000,10368400,SSI iBoard
2026-05-18,35.060000,36.140000,34.710000,35.750000,18917500,SSI iBoard
2026-05-19,35.990000,36.240000,34.960000,35.260000,15681600,SSI iBoard
2026-05-20,35.210000,35.350000,33.780000,34.660000,12361700,SSI iBoard
2026-05-21,34.860000,34.960000,34.320000,34.420000,9575600,SSI iBoard
2026-05-22,34.370000,34.420000,34.070000,34.270000,8751400,SSI iBoard
2026-05-25,34.620000,34.710000,34.270000,34.270000,4091100,SSI iBoard
2026-05-26,34.370000,34.760000,34.370000,34.710000,6372000,SSI iBoard
2026-05-27,34.760000,34.960000,34.660000,34.810000,7372900,SSI iBoard
2026-05-28,34.810000,34.960000,34.320000,34.320000,6013300,SSI iBoard
2026-05-29,34.370000,34.470000,34.170000,34.270000,8348100,SSI iBoard
2026-06-01,34.520000,34.520000,34.020000,34.020000,5790000,SSI iBoard
2026-06-02,34.020000,34.170000,33.290000,33.340000,16869000,SSI iBoard
2026-06-03,33.290000,33.580000,33.190000,33.430000,6502700,SSI iBoard
2026-06-04,33.480000,33.880000,33.380000,33.580000,4285800,SSI iBoard
2026-06-05,33.580000,33.830000,33.380000,33.380000,4082400,SSI iBoard
2026-06-08,32.840000,33.190000,32.740000,32.740000,10716000,SSI iBoard
2026-06-09,32.790000,32.940000,32.740000,32.890000,3609500,SSI iBoard
2026-06-10,33.090000,33.290000,32.940000,32.990000,3636500,SSI iBoard
2026-06-11,32.840000,32.940000,32.740000,32.840000,3911700,SSI iBoard
2026-06-12,33.040000,33.140000,32.890000,32.890000,4908900,SSI iBoard
2026-06-15,33.240000,33.430000,33.040000,33.190000,7018000,SSI iBoard
2026-06-16,33.340000,33.380000,33.140000,33.190000,4929500,SSI iBoard
2026-06-17,33.190000,33.930000,33.090000,33.780000,11477900,SSI iBoard
2026-06-18,33.830000,33.930000,33.340000,33.430000,4520800,SSI iBoard
2026-06-19,33.480000,33.530000,33.190000,33.240000,3725600,SSI iBoard
2026-06-22,33.380000,33.480000,33.290000,33.340000,3163900,SSI iBoard
2026-06-23,33.480000,33.980000,33.480000,33.480000,9422800,SSI iBoard
2026-06-24,33.380000,33.580000,33.040000,33.380000,7488700,SSI iBoard
2026-06-25,33.240000,33.290000,32.990000,32.990000,8587100,SSI iBoard
2026-06-26,32.990000,33.090000,32.890000,33.090000,4005400,SSI iBoard
2026-06-29,33.140000,33.530000,33.140000,33.380000,9088800,SSI iBoard
2026-06-30,33.380000,33.780000,33.380000,33.430000,6865000,SSI iBoard
2026-07-01,33.530000,34.120000,33.530000,33.880000,7093300,SSI iBoard
2026-07-02,33.930000,34.020000,33.530000,33.730000,5071200,SSI iBoard
2026-07-03,33.830000,33.930000,33.480000,33.630000,7209500,SSI iBoard
2026-07-06,33.880000,34.220000,33.140000,33.630000,10591800,SSI iBoard
2026-07-07,33.630000,33.730000,33.380000,33.730000,4770700,SSI iBoard
2026-07-08,33.730000,34.170000,33.730000,33.980000,8712700,SSI iBoard
2026-07-09,33.880000,33.980000,33.530000,33.530000,5374200,SSI iBoard
2026-07-10,33.680000,33.780000,33.190000,33.190000,5505900,SSI iBoard
2026-07-13,33.190000,33.190000,32.010000,32.100000,17292700,SSI iBoard
2026-07-14,32.060000,32.300000,31.610000,32.100000,11189700,SSI iBoard
2026-07-15,32.200000,32.250000,31.660000,31.660000,6516900,SSI iBoard
2026-07-16,31.610000,31.860000,30.970000,31.810000,10470800,SSI iBoard
2026-07-17,31.760000,31.860000,31.460000,31.510000,3654100,SSI iBoard
2026-07-20,31.420000,31.420000,30.040000,30.330000,11369200,SSI iBoard
2026-07-21,30.130000,30.680000,30.130000,30.430000,5591400,SSI iBoard
2026-07-22,30.680000,30.680000,29.250000,29.250000,15790100,SSI iBoard
2026-07-23,29.150000,29.850000,28.400000,29.050000,11433200,SSI iBoard
2026-07-24,29.050000,29.600000,28.650000,29.000000,7636700,SSI iBoard
2026-07-27,29.300000,29.600000,28.750000,28.750000,6451500,SSI iBoard
2026-07-28,28.400000,29.200000,28.400000,29.000000,4953400,SSI iBoard
2026-07-29,29.250000,29.500000,29.100000,29.350000,9178500,SSI iBoard
2026-07-30,29.450000,30.600000,29.350000,30.450000,11105400,SSI iBoard
2026-07-31,30.800000,32.000000,30.550000,30.800000,15291900,SSI iBoard
2026-08-03,31.200000,32.000000,31.050000,31.800000,11302600,SSI iBoard
2026-08-04,31.900000,32.000000,31.650000,31.850000,7570100,SSI iBoard
2026-08-05,32.100000,32.300000,31.750000,31.850000,9430500,SSI iBoard
2026-08-06,31.800000,31.850000,31.300000,31.350000,5720900,SSI iBoard
2026-08-07,31.450000,33.000000,31.350000,32.500000,14932900,SSI iBoard
2026-08-10,32.800000,32.950000,32.600000,32.800000,7077200,SSI iBoard
2026-08-11,32.500000,32.800000,32.300000,32.300000,7727200,SSI iBoard
2026-08-12,32.350000,32.450000,32.100000,32.200000,5077700,SSI iBoard
2026-08-13,32.350000,32.800000,32.150000,32.150000,8770500,SSI iBoard
2026-08-14,32.150000,32.150000,31.350000,31.450000,7919900,SSI iBoard
2026-08-17,31.450000,31.700000,31.200000,31.500000,4270400,SSI iBoard
2026-08-18,31.500000,31.900000,31.400000,31.550000,4286400,SSI iBoard
2026-08-19,31.550000,31.550000,30.900000,31.000000,5840700,SSI iBoard
2026-08-20,31.200000,31.400000,31.150000,31.400000,2809300,SSI iBoard
2026-08-21,31.400000,32.250000,31.200000,32.150000,6428200,SSI iBoard
2026-08-24,32.250000,32.350000,31.800000,31.800000,7217900,SSI iBoard
2026-08-25,31.800000,31.900000,31.350000,31.500000,7928400,SSI iBoard
2026-08-26,31.400000,31.850000,31.150000,31.850000,12131300,SSI iBoard
2026-08-27,31.850000,32.200000,31.750000,31.900000,6367000,SSI iBoard
2026-08-28,32.050000,32.350000,31.800000,31.950000,7718600,SSI iBoard
2026-09-03,31.750000,31.800000,31.350000,31.500000,5223000,SSI iBoard
2026-09-04,31.500000,31.800000,31.400000,31.400000,5289600,SSI iBoard
2026-09-07,31.500000,31.550000,30.800000,30.800000,7153800,SSI iBoard
2026-09-08,30.800000,30.950000,30.700000,30.750000,4343500,SSI iBoard
2026-09-09,30.950000,31.000000,30.600000,30.700000,8789800,SSI iBoard
2026-09-10,30.650000,30.700000,30.500000,30.550000,6515200,SSI iBoard
2026-09-11,30.450000,30.500000,29.900000,29.950000,11049200,SSI iBoard
2026-09-14,30.000000,30.250000,29.700000,29.850000,8579100,SSI iBoard
2026-09-15,30.000000,30.650000,30.000000,30.550000,7704000,SSI iBoard
2026-09-16,30.650000,30.850000,30.200000,30.850000,4346000,SSI iBoard
2026-09-17,30.400000,31.400000,30.350000,31.400000,11251200,SSI iBoard
2026-09-18,31.400000,31.700000,30.250000,30.250000,14170000,SSI iBoard
2026-09-21,30.750000,31.000000,30.300000,31.000000,7931900,SSI iBoard
2026-09-22,30.900000,31.100000,30.700000,30.950000,3819100,SSI iBoard
2026-09-23,30.750000,31.000000,30.650000,30.700000,6309400,SSI iBoard
2026-09-24,30.600000,30.650000,30.150000,30.150000,7640300,SSI iBoard
2026-09-25,30.150000,30.550000,30.000000,30.150000,6540400,SSI iBoard
2026-09-28,30.200000,30.300000,29.700000,29.850000,12451800,SSI iBoard
2026-09-29,29.950000,30.050000,29.700000,29.750000,7504100,SSI iBoard
2026-09-30,30.000000,30.250000,29.900000,30.000000,4672200,SSI iBoard
