date,open,high,low,close,volume,source
2006-12-13,8.750000,8.750000,8.750000,8.750000,83530,SSI iBoard
2006-12-14,9.190000,9.190000,9.190000,9.190000,280710,SSI iBoard
2006-12-15,9.650000,9.650000,9.650000,9.650000,265300,SSI iBoard
2006-12-18,10.130000,10.130000,10.130000,10.130000,215790,SSI iBoard
2006-12-19,10.630000,10.630000,10.630000,10.630000,137520,SSI iBoard
2006-12-20,11.160000,11.160000,11.160000,11.160000,220120,SSI iBoard
2006-12-21,10.960000,10.960000,10.610000,10.610000,156400,SSI iBoard
2006-12-22,10.090000,10.090000,10.090000,10.090000,143500,SSI iBoard
2006-12-25,9.580000,9.580000,9.580000,9.580000,22140,SSI iBoard
2006-12-26,9.120000,10.040000,9.120000,10.040000,300150,SSI iBoard
2006-12-27,10.500000,10.500000,10.040000,10.500000,413230,SSI iBoard
2006-12-28,10.280000,10.500000,10.280000,10.500000,144840,SSI iBoard
2006-12-29,10.170000,10.170000,10.060000,10.060000,69760,SSI iBoard
2007-01-02,9.850000,9.850000,9.630000,9.630000,81170,SSI iBoard
2007-01-03,9.630000,9.850000,9.630000,9.850000,74660,SSI iBoard
2007-01-04,10.330000,10.330000,10.330000,10.330000,148510,SSI iBoard
2007-01-05,10.830000,10.830000,10.830000,10.830000,377800,SSI iBoard
2007-01-08,11.160000,11.160000,10.720000,10.720000,351470,SSI iBoard
2007-01-09,10.830000,10.830000,10.720000,10.720000,225270,SSI iBoard
2007-01-10,10.720000,10.830000,10.720000,10.830000,314250,SSI iBoard
2007-01-11,10.940000,10.940000,10.940000,10.940000,283920,SSI iBoard
2007-01-12,11.490000,11.490000,11.490000,11.490000,279710,SSI iBoard
2007-01-15,11.700000,12.060000,11.700000,12.060000,274290,SSI iBoard
2007-01-16,12.650000,12.650000,12.650000,12.650000,339760,SSI iBoard
2007-01-17,13.110000,13.110000,12.030000,12.030000,145870,SSI iBoard
2007-01-18,11.440000,12.060000,11.440000,12.060000,282430,SSI iBoard
2007-01-19,12.650000,12.650000,12.650000,12.650000,95290,SSI iBoard
2007-01-22,13.260000,13.260000,13.130000,13.130000,461630,SSI iBoard
2007-01-23,13.130000,13.170000,13.130000,13.170000,243990,SSI iBoard
2007-01-24,13.170000,13.170000,12.690000,12.690000,156420,SSI iBoard
2007-01-25,12.690000,12.690000,12.690000,12.690000,142420,SSI iBoard
2007-01-26,12.470000,12.890000,12.470000,12.690000,129240,SSI iBoard
2007-01-29,12.800000,13.240000,12.800000,13.240000,201310,SSI iBoard
2007-01-30,13.780000,13.890000,13.780000,13.890000,324420,SSI iBoard
2007-01-31,13.960000,14.110000,13.960000,14.110000,310330,SSI iBoard
2007-02-01,14.160000,14.160000,13.560000,13.560000,114910,SSI iBoard
2007-02-02,13.780000,13.780000,13.780000,13.780000,79470,SSI iBoard
2007-02-05,13.560000,13.560000,13.110000,13.110000,110440,SSI iBoard
2007-02-06,12.910000,13.670000,12.910000,13.670000,195540,SSI iBoard
2007-02-07,13.260000,13.890000,13.260000,13.890000,116470,SSI iBoard
2007-02-08,13.210000,13.210000,13.210000,13.210000,103880,SSI iBoard
2007-02-09,12.560000,12.560000,12.560000,12.560000,194380,SSI iBoard
2007-02-12,13.170000,13.170000,13.170000,13.170000,60490,SSI iBoard
2007-02-13,13.830000,13.830000,13.560000,13.780000,160600,SSI iBoard
2007-02-14,13.560000,13.560000,13.350000,13.350000,79810,SSI iBoard
2007-02-15,13.350000,13.350000,13.350000,13.350000,59720,SSI iBoard
2007-02-26,14.000000,14.000000,14.000000,14.000000,231310,SSI iBoard
2007-02-27,14.700000,14.700000,14.550000,14.550000,289680,SSI iBoard
2007-02-28,14.550000,14.550000,13.830000,13.830000,69560,SSI iBoard
2007-03-01,13.780000,13.780000,13.350000,13.460000,98850,SSI iBoard
2007-03-02,13.720000,14.110000,13.720000,14.110000,163420,SSI iBoard
2007-03-05,14.110000,14.110000,13.890000,13.890000,125170,SSI iBoard
2007-03-06,13.250000,13.250000,13.230000,13.230000,200880,SSI iBoard
2007-03-07,13.690000,13.690000,13.360000,13.360000,43980,SSI iBoard
2007-03-08,13.250000,13.250000,12.810000,13.140000,85390,SSI iBoard
2007-03-09,13.580000,13.580000,13.140000,13.140000,56050,SSI iBoard
2007-03-12,13.360000,13.360000,13.140000,13.360000,87310,SSI iBoard
2007-03-13,13.400000,13.400000,12.750000,13.360000,74620,SSI iBoard
2007-03-14,13.250000,13.250000,12.700000,12.700000,57450,SSI iBoard
2007-03-15,12.070000,12.070000,12.070000,12.070000,102590,SSI iBoard
2007-03-16,12.070000,12.660000,12.070000,12.660000,102100,SSI iBoard
2007-03-19,13.140000,13.140000,12.660000,12.660000,105730,SSI iBoard
2007-03-20,12.480000,12.480000,12.260000,12.310000,100430,SSI iBoard
2007-03-21,11.690000,11.740000,11.690000,11.720000,113940,SSI iBoard
2007-03-22,11.830000,12.260000,11.830000,12.150000,139830,SSI iBoard
2007-03-23,12.150000,12.150000,12.150000,12.150000,119530,SSI iBoard
2007-03-26,11.830000,11.830000,11.610000,11.830000,107630,SSI iBoard
2007-03-27,11.280000,11.280000,11.230000,11.230000,62970,SSI iBoard
2007-03-28,10.690000,11.230000,10.690000,11.230000,126200,SSI iBoard
2007-03-29,11.230000,11.780000,11.230000,11.780000,117350,SSI iBoard
2007-03-30,12.000000,12.040000,11.850000,11.850000,90460,SSI iBoard
2007-04-02,11.260000,11.500000,11.260000,11.390000,57570,SSI iBoard
2007-04-03,10.950000,10.950000,10.930000,10.950000,64900,SSI iBoard
2007-04-04,10.950000,11.260000,10.950000,11.260000,23700,SSI iBoard
2007-04-05,11.340000,11.340000,11.280000,11.280000,50520,SSI iBoard
2007-04-06,11.020000,11.170000,11.020000,11.170000,38880,SSI iBoard
2007-04-09,11.170000,11.280000,11.170000,11.280000,48570,SSI iBoard
2007-04-10,11.280000,11.410000,11.170000,11.410000,83330,SSI iBoard
2007-04-11,11.410000,11.500000,11.410000,11.500000,44950,SSI iBoard
2007-04-12,11.780000,11.830000,11.720000,11.830000,80100,SSI iBoard
2007-04-13,12.260000,12.260000,11.390000,11.390000,149170,SSI iBoard
2007-04-16,11.670000,11.670000,11.500000,11.500000,102080,SSI iBoard
2007-04-17,11.390000,11.390000,11.280000,11.280000,31000,SSI iBoard
2007-04-18,11.390000,11.390000,11.390000,11.390000,62980,SSI iBoard
2007-04-19,11.390000,11.390000,11.060000,11.060000,74850,SSI iBoard
2007-04-20,10.840000,10.840000,10.510000,10.510000,135750,SSI iBoard
2007-04-23,10.070000,10.070000,9.990000,9.990000,56560,SSI iBoard
2007-04-24,9.500000,9.500000,9.500000,9.500000,48470,SSI iBoard
2007-04-25,9.040000,9.310000,9.040000,9.310000,221550,SSI iBoard
2007-05-02,9.440000,9.500000,9.440000,9.480000,137200,SSI iBoard
2007-05-03,9.500000,9.680000,9.500000,9.680000,152480,SSI iBoard
2007-05-04,10.160000,10.160000,10.160000,10.160000,95960,SSI iBoard
2007-05-07,10.660000,10.660000,10.660000,10.660000,136260,SSI iBoard
2007-05-08,10.950000,10.950000,10.910000,10.950000,152010,SSI iBoard
2007-05-09,10.950000,10.950000,10.950000,10.950000,104100,SSI iBoard
2007-05-10,11.500000,11.500000,11.500000,11.500000,131160,SSI iBoard
2007-05-11,12.070000,12.070000,12.070000,12.070000,165950,SSI iBoard
2007-05-14,12.660000,12.660000,12.660000,12.660000,190090,SSI iBoard
2007-05-15,12.040000,12.040000,12.040000,12.040000,76860,SSI iBoard
2007-05-16,11.940000,11.940000,11.650000,11.650000,125520,SSI iBoard
2007-05-17,11.500000,12.200000,11.500000,12.200000,153220,SSI iBoard
2007-05-18,12.040000,12.040000,11.850000,11.850000,146660,SSI iBoard
2007-05-21,12.420000,12.420000,12.220000,12.220000,283500,SSI iBoard
2007-05-22,12.150000,12.220000,12.150000,12.220000,241370,SSI iBoard
2007-05-23,12.220000,12.220000,12.150000,12.150000,274270,SSI iBoard
2007-05-24,11.990000,11.990000,11.830000,11.830000,173140,SSI iBoard
2007-05-25,11.660000,11.790000,11.660000,11.760000,203300,SSI iBoard
2007-05-28,11.690000,11.730000,11.690000,11.730000,176850,SSI iBoard
2007-05-29,11.500000,11.500000,11.400000,11.400000,186180,SSI iBoard
2007-05-30,11.170000,11.500000,11.170000,11.500000,204950,SSI iBoard
2007-05-31,11.500000,11.500000,11.460000,11.460000,165090,SSI iBoard
2007-06-01,11.430000,11.430000,11.330000,11.330000,92630,SSI iBoard
2007-06-04,11.170000,11.200000,11.170000,11.170000,175240,SSI iBoard
2007-06-05,10.840000,10.840000,10.610000,10.610000,200960,SSI iBoard
2007-06-06,10.610000,10.840000,10.610000,10.840000,166220,SSI iBoard
2007-06-07,11.000000,11.100000,11.000000,11.100000,88290,SSI iBoard
2007-06-08,11.000000,11.000000,10.680000,10.840000,164370,SSI iBoard
2007-06-11,10.510000,10.510000,10.510000,10.510000,147860,SSI iBoard
2007-06-12,10.510000,10.510000,10.480000,10.480000,149160,SSI iBoard
2007-06-13,10.120000,10.120000,10.050000,10.050000,426060,SSI iBoard
2007-06-14,9.990000,10.020000,9.990000,10.020000,439470,SSI iBoard
2007-06-15,10.020000,10.180000,10.020000,10.180000,284560,SSI iBoard
2007-06-18,10.350000,10.350000,10.050000,10.050000,276180,SSI iBoard
2007-06-19,9.950000,10.050000,9.950000,10.050000,299170,SSI iBoard
2007-06-20,10.020000,10.120000,10.020000,10.050000,202860,SSI iBoard
2007-06-21,10.050000,10.050000,9.850000,9.850000,151020,SSI iBoard
2007-06-22,9.850000,9.850000,9.690000,9.690000,301720,SSI iBoard
2007-06-25,10.150000,10.150000,10.150000,10.150000,171530,SSI iBoard
2007-06-26,10.640000,10.640000,10.640000,10.640000,218550,SSI iBoard
2007-06-27,11.000000,11.000000,10.220000,10.220000,476910,SSI iBoard
2007-06-28,10.180000,10.180000,10.120000,10.120000,184710,SSI iBoard
2007-06-29,10.080000,10.080000,10.080000,10.080000,137240,SSI iBoard
2007-07-02,9.850000,9.920000,9.850000,9.920000,294210,SSI iBoard
2007-07-03,9.950000,9.950000,9.950000,9.950000,219630,SSI iBoard
2007-07-04,10.180000,10.250000,10.180000,10.250000,164890,SSI iBoard
2007-07-05,10.020000,10.180000,10.020000,10.180000,201110,SSI iBoard
2007-07-06,10.080000,10.120000,10.080000,10.120000,57070,SSI iBoard
2007-07-09,10.020000,10.120000,10.020000,10.120000,136810,SSI iBoard
2007-07-10,10.080000,10.120000,10.080000,10.120000,86160,SSI iBoard
2007-07-11,10.180000,10.180000,10.120000,10.120000,73500,SSI iBoard
2007-07-12,10.120000,10.120000,10.050000,10.050000,79290,SSI iBoard
2007-07-13,9.850000,9.850000,9.820000,9.820000,957580,SSI iBoard
2007-07-16,9.560000,9.560000,9.530000,9.530000,374810,SSI iBoard
2007-07-17,9.530000,9.530000,9.530000,9.530000,464320,SSI iBoard
2007-07-18,9.530000,9.530000,9.460000,9.460000,532830,SSI iBoard
2007-07-19,9.460000,9.460000,9.360000,9.360000,170180,SSI iBoard
2007-07-20,9.390000,9.390000,9.300000,9.300000,339690,SSI iBoard
2007-07-23,9.160000,9.160000,8.930000,8.930000,246160,SSI iBoard
2007-07-24,8.950000,8.950000,8.790000,8.790000,375620,SSI iBoard
2007-07-25,8.560000,8.560000,8.390000,8.390000,411820,SSI iBoard
2007-07-26,8.230000,8.230000,8.230000,8.230000,393930,SSI iBoard
2007-07-27,8.230000,8.230000,8.230000,8.230000,373240,SSI iBoard
2007-07-30,8.330000,8.460000,8.330000,8.330000,284820,SSI iBoard
2007-07-31,8.230000,8.300000,7.970000,8.070000,323490,SSI iBoard
2007-08-01,7.900000,8.070000,7.840000,7.900000,448440,SSI iBoard
2007-08-02,7.840000,7.900000,7.510000,7.510000,336310,SSI iBoard
2007-08-03,7.140000,7.240000,7.140000,7.140000,591930,SSI iBoard
2007-08-06,7.140000,7.240000,7.140000,7.180000,290560,SSI iBoard
2007-08-07,7.340000,7.510000,7.340000,7.510000,249130,SSI iBoard
2007-08-08,7.570000,7.870000,7.570000,7.870000,542430,SSI iBoard
2007-08-09,8.100000,8.230000,8.070000,8.230000,537810,SSI iBoard
2007-08-10,8.070000,8.070000,7.870000,7.900000,507630,SSI iBoard
2007-08-13,7.640000,7.740000,7.570000,7.600000,361290,SSI iBoard
2007-08-14,7.600000,7.740000,7.600000,7.740000,246630,SSI iBoard
2007-08-15,7.570000,7.640000,7.540000,7.570000,192850,SSI iBoard
2007-08-16,7.440000,7.510000,7.340000,7.340000,346180,SSI iBoard
2007-08-17,7.240000,7.310000,7.180000,7.240000,484890,SSI iBoard
2007-08-20,7.240000,7.410000,7.240000,7.410000,200790,SSI iBoard
2007-08-21,7.470000,7.570000,7.470000,7.470000,216400,SSI iBoard
2007-08-22,7.570000,7.600000,7.470000,7.540000,309370,SSI iBoard
2007-08-23,7.540000,7.540000,7.410000,7.410000,225450,SSI iBoard
2007-08-24,7.570000,7.570000,7.410000,7.570000,334530,SSI iBoard
2007-08-27,7.570000,7.570000,7.370000,7.440000,220710,SSI iBoard
2007-08-28,7.440000,7.440000,7.370000,7.440000,164380,SSI iBoard
2007-08-29,7.410000,7.440000,7.370000,7.440000,124920,SSI iBoard
2007-08-30,7.410000,7.440000,7.370000,7.410000,261390,SSI iBoard
2007-08-31,7.410000,7.470000,7.370000,7.410000,229880,SSI iBoard
2007-09-04,7.410000,7.540000,7.410000,7.540000,176260,SSI iBoard
2007-09-05,7.440000,7.540000,7.410000,7.410000,397330,SSI iBoard
2007-09-06,7.410000,7.470000,7.410000,7.410000,128330,SSI iBoard
2007-09-07,7.410000,7.470000,7.370000,7.410000,144790,SSI iBoard
2007-09-10,7.370000,7.410000,7.310000,7.340000,147010,SSI iBoard
2007-09-11,7.340000,7.370000,7.340000,7.340000,149540,SSI iBoard
2007-09-12,7.340000,7.340000,7.280000,7.340000,165190,SSI iBoard
2007-09-13,7.340000,7.340000,7.280000,7.340000,187850,SSI iBoard
2007-09-14,7.340000,7.410000,7.310000,7.410000,216470,SSI iBoard
2007-09-17,7.340000,7.410000,7.310000,7.370000,202530,SSI iBoard
2007-09-18,7.310000,7.340000,7.310000,7.310000,141940,SSI iBoard
2007-09-19,7.310000,7.340000,7.310000,7.340000,181030,SSI iBoard
2007-09-20,7.340000,7.440000,7.340000,7.410000,199410,SSI iBoard
2007-09-21,7.470000,7.510000,7.440000,7.510000,285620,SSI iBoard
2007-09-24,7.670000,7.870000,7.640000,7.870000,309830,SSI iBoard
2007-09-25,8.230000,8.230000,8.070000,8.230000,514880,SSI iBoard
2007-09-26,8.560000,8.560000,8.070000,8.230000,507520,SSI iBoard
2007-09-27,8.230000,8.560000,8.200000,8.560000,471650,SSI iBoard
2007-09-28,8.820000,8.990000,8.720000,8.990000,537020,SSI iBoard
2007-10-01,9.420000,9.420000,9.320000,9.420000,488930,SSI iBoard
2007-10-02,9.880000,9.880000,9.550000,9.740000,882920,SSI iBoard
2007-10-03,9.910000,9.910000,9.740000,9.910000,713370,SSI iBoard
2007-10-04,9.710000,9.810000,9.710000,9.710000,401260,SSI iBoard
2007-10-05,9.420000,9.510000,9.250000,9.250000,420620,SSI iBoard
2007-10-08,9.280000,9.320000,9.090000,9.090000,358530,SSI iBoard
2007-10-09,9.520000,9.520000,9.120000,9.520000,273910,SSI iBoard
2007-10-10,9.520000,9.580000,9.480000,9.520000,227190,SSI iBoard
2007-10-11,9.350000,9.380000,9.280000,9.320000,179330,SSI iBoard
2007-10-15,9.380000,9.380000,9.280000,9.280000,195120,SSI iBoard
2007-10-16,9.220000,9.320000,9.220000,9.220000,257970,SSI iBoard
2007-10-17,9.350000,9.380000,9.220000,9.350000,201640,SSI iBoard
2007-10-18,9.280000,9.320000,9.220000,9.220000,176410,SSI iBoard
2007-10-19,9.120000,9.120000,8.990000,9.120000,220860,SSI iBoard
2007-10-26,9.180000,9.180000,9.120000,9.120000,175290,SSI iBoard
2007-10-31,9.020000,9.020000,8.950000,9.020000,197030,SSI iBoard
2007-11-01,9.020000,9.020000,8.920000,8.950000,232680,SSI iBoard
2007-11-02,8.790000,8.950000,8.750000,8.750000,244060,SSI iBoard
2007-11-06,8.290000,8.360000,8.190000,8.190000,361210,SSI iBoard
2007-11-07,8.060000,8.190000,8.060000,8.090000,355200,SSI iBoard
2007-11-08,8.120000,8.290000,8.120000,8.190000,129370,SSI iBoard
2007-11-09,8.260000,8.320000,8.220000,8.320000,334340,SSI iBoard
2007-11-12,8.360000,8.360000,8.160000,8.320000,258730,SSI iBoard
2007-11-13,8.290000,8.290000,7.960000,7.960000,207890,SSI iBoard
2007-11-14,8.320000,8.320000,8.120000,8.320000,264240,SSI iBoard
2007-11-15,8.260000,8.290000,8.160000,8.160000,147180,SSI iBoard
2007-11-16,8.060000,8.260000,8.060000,8.260000,157050,SSI iBoard
2007-11-19,8.260000,8.260000,8.160000,8.260000,145600,SSI iBoard
2007-11-20,8.190000,8.260000,8.120000,8.160000,255770,SSI iBoard
2007-11-21,7.960000,8.020000,7.960000,7.960000,260450,SSI iBoard
2007-11-22,8.160000,8.190000,8.090000,8.160000,158550,SSI iBoard
2007-11-23,8.160000,8.190000,8.060000,8.190000,126520,SSI iBoard
2007-11-26,8.160000,8.190000,8.160000,8.190000,171730,SSI iBoard
2007-11-27,8.160000,8.190000,8.060000,8.060000,164250,SSI iBoard
2007-11-28,7.990000,8.060000,7.990000,7.990000,140410,SSI iBoard
2007-11-29,8.020000,8.060000,7.920000,7.920000,128960,SSI iBoard
2007-11-30,7.920000,7.960000,7.890000,7.890000,149250,SSI iBoard
2007-12-03,7.890000,7.960000,7.890000,7.920000,187600,SSI iBoard
2007-12-04,7.920000,7.920000,7.830000,7.830000,334400,SSI iBoard
2007-12-05,7.790000,7.790000,7.690000,7.690000,257280,SSI iBoard
2007-12-06,7.630000,7.630000,7.560000,7.630000,350710,SSI iBoard
2007-12-07,7.630000,7.790000,7.630000,7.690000,203800,SSI iBoard
2007-12-10,7.630000,7.690000,7.560000,7.560000,301700,SSI iBoard
2007-12-11,7.460000,7.490000,7.430000,7.490000,327840,SSI iBoard
2007-12-12,7.390000,7.630000,7.390000,7.530000,329220,SSI iBoard
2007-12-13,7.460000,7.490000,7.430000,7.430000,291570,SSI iBoard
2007-12-14,7.330000,7.460000,7.330000,7.360000,204820,SSI iBoard
2007-12-17,7.360000,7.390000,7.330000,7.330000,203240,SSI iBoard
2007-12-18,7.560000,7.560000,7.360000,7.430000,264940,SSI iBoard
2007-12-19,7.490000,7.630000,7.430000,7.630000,353490,SSI iBoard
2007-12-20,7.590000,7.630000,7.460000,7.460000,236310,SSI iBoard
2007-12-21,7.460000,7.490000,7.430000,7.460000,168200,SSI iBoard
2007-12-24,7.460000,7.460000,7.390000,7.390000,123130,SSI iBoard
2007-12-25,7.390000,7.390000,7.360000,7.360000,121320,SSI iBoard
2007-12-26,7.360000,7.430000,7.360000,7.390000,211500,SSI iBoard
2007-12-27,7.390000,7.390000,7.360000,7.360000,227980,SSI iBoard
2007-12-28,7.390000,7.390000,7.360000,7.390000,172550,SSI iBoard
2008-01-02,7.330000,7.360000,7.260000,7.260000,113410,SSI iBoard
2008-01-03,7.160000,7.200000,7.130000,7.130000,211160,SSI iBoard
2008-01-04,7.030000,7.060000,7.000000,7.030000,180890,SSI iBoard
2008-01-07,6.960000,6.960000,6.800000,6.830000,232200,SSI iBoard
2008-01-08,6.930000,6.930000,6.900000,6.900000,214660,SSI iBoard
2008-01-09,6.800000,6.800000,6.700000,6.700000,159580,SSI iBoard
2008-01-10,6.500000,6.530000,6.370000,6.370000,401090,SSI iBoard
2008-01-11,6.470000,6.570000,6.470000,6.530000,188290,SSI iBoard
2008-01-14,6.530000,6.530000,6.400000,6.400000,239760,SSI iBoard
2008-01-15,6.300000,6.330000,6.270000,6.270000,337320,SSI iBoard
2008-01-16,6.530000,6.570000,6.470000,6.570000,331740,SSI iBoard
2008-01-17,6.830000,6.860000,6.500000,6.600000,387040,SSI iBoard
2008-01-18,6.470000,6.800000,6.470000,6.700000,152330,SSI iBoard
2008-01-21,6.370000,6.430000,6.370000,6.370000,501440,SSI iBoard
2008-01-22,6.070000,6.070000,6.070000,6.070000,202800,SSI iBoard
2008-01-23,5.770000,5.770000,5.770000,5.770000,92540,SSI iBoard
2008-01-25,5.640000,5.900000,5.640000,5.900000,292790,SSI iBoard
2008-01-28,5.900000,6.030000,5.870000,6.030000,190060,SSI iBoard
2008-01-29,6.030000,6.330000,6.030000,6.330000,213390,SSI iBoard
2008-01-30,6.630000,6.630000,6.530000,6.630000,352990,SSI iBoard
2008-01-31,6.400000,6.530000,6.330000,6.530000,225620,SSI iBoard
2008-02-01,6.530000,6.570000,6.500000,6.570000,204640,SSI iBoard
2008-02-12,6.570000,6.570000,6.370000,6.400000,76750,SSI iBoard
2008-02-13,6.200000,6.270000,6.100000,6.100000,206500,SSI iBoard
2008-02-14,6.130000,6.230000,6.100000,6.130000,173150,SSI iBoard
2008-02-15,6.170000,6.170000,6.000000,6.100000,90890,SSI iBoard
2008-02-18,5.840000,5.900000,5.800000,5.840000,262900,SSI iBoard
2008-02-19,5.670000,5.800000,5.640000,5.800000,242480,SSI iBoard
2008-02-20,5.670000,5.670000,5.540000,5.540000,312060,SSI iBoard
2008-02-21,5.270000,5.270000,5.270000,5.270000,187680,SSI iBoard
2008-02-22,5.040000,5.040000,5.040000,5.040000,287230,SSI iBoard
2008-02-25,5.170000,5.270000,5.140000,5.270000,301820,SSI iBoard
2008-02-26,5.270000,5.270000,5.040000,5.040000,304670,SSI iBoard
2008-02-27,5.010000,5.170000,5.010000,5.010000,156900,SSI iBoard
2008-02-28,5.070000,5.070000,4.870000,4.910000,123600,SSI iBoard
2008-02-29,4.740000,4.910000,4.680000,4.680000,216820,SSI iBoard
2008-03-03,4.440000,4.440000,4.440000,4.440000,190060,SSI iBoard
2008-03-04,4.240000,4.240000,4.240000,4.240000,134790,SSI iBoard
2008-03-05,4.050000,4.050000,4.050000,4.050000,260000,SSI iBoard
2008-03-06,4.240000,4.240000,4.240000,4.240000,150750,SSI iBoard
2008-03-07,4.440000,4.440000,4.440000,4.440000,66860,SSI iBoard
2008-03-10,4.640000,4.640000,4.640000,4.640000,749480,SSI iBoard
2008-03-11,4.580000,4.580000,4.410000,4.440000,438330,SSI iBoard
2008-03-12,4.440000,4.640000,4.440000,4.540000,326740,SSI iBoard
2008-03-13,4.540000,4.610000,4.510000,4.540000,97870,SSI iBoard
2008-03-14,4.510000,4.540000,4.480000,4.540000,229600,SSI iBoard
2008-03-17,4.410000,4.410000,4.340000,4.340000,118510,SSI iBoard
2008-03-18,4.140000,4.140000,4.140000,4.140000,53240,SSI iBoard
2008-03-19,3.950000,4.140000,3.950000,3.950000,414330,SSI iBoard
2008-03-20,3.810000,3.950000,3.780000,3.780000,297440,SSI iBoard
2008-03-21,3.610000,3.650000,3.610000,3.610000,225440,SSI iBoard
2008-03-24,3.450000,3.450000,3.450000,3.450000,61590,SSI iBoard
2008-03-25,3.280000,3.280000,3.280000,3.280000,78260,SSI iBoard
2008-03-26,3.130000,3.130000,3.130000,3.130000,491820,SSI iBoard
2008-03-27,3.150000,3.150000,3.130000,3.150000,564730,SSI iBoard
2008-03-28,3.170000,3.170000,3.150000,3.170000,360310,SSI iBoard
2008-03-31,3.180000,3.180000,3.180000,3.180000,281820,SSI iBoard
2008-04-01,3.200000,3.200000,3.200000,3.200000,80650,SSI iBoard
2008-04-02,3.220000,3.220000,3.220000,3.220000,1820,SSI iBoard
2008-04-03,3.230000,3.230000,3.230000,3.230000,7660,SSI iBoard
2008-04-04,3.250000,3.250000,3.250000,3.250000,19260,SSI iBoard
2008-04-07,3.300000,3.300000,3.300000,3.300000,44420,SSI iBoard
2008-04-08,3.270000,3.350000,3.250000,3.270000,658080,SSI iBoard
2008-04-09,3.230000,3.230000,3.220000,3.230000,491500,SSI iBoard
2008-04-10,3.180000,3.180000,3.180000,3.180000,100200,SSI iBoard
2008-04-11,3.130000,3.130000,3.130000,3.130000,75550,SSI iBoard
2008-04-16,3.080000,3.080000,3.080000,3.080000,89940,SSI iBoard
2008-04-17,3.030000,3.130000,3.030000,3.120000,502070,SSI iBoard
2008-04-18,3.120000,3.130000,3.070000,3.070000,279560,SSI iBoard
2008-04-21,3.030000,3.050000,3.020000,3.020000,234320,SSI iBoard
2008-04-22,2.970000,2.970000,2.970000,2.970000,53530,SSI iBoard
2008-04-23,2.920000,2.920000,2.920000,2.920000,8870,SSI iBoard
2008-04-24,2.870000,2.870000,2.870000,2.870000,53300,SSI iBoard
2008-04-25,2.820000,2.820000,2.820000,2.820000,43420,SSI iBoard
2008-04-28,2.770000,2.820000,2.770000,2.770000,458890,SSI iBoard
2008-04-29,2.730000,2.750000,2.720000,2.720000,335710,SSI iBoard
2008-05-05,2.660000,2.660000,2.660000,2.660000,123490,SSI iBoard
2008-05-06,2.610000,2.610000,2.610000,2.610000,69790,SSI iBoard
2008-05-07,2.560000,2.560000,2.560000,2.560000,82390,SSI iBoard
2008-05-08,2.510000,2.510000,2.510000,2.510000,108670,SSI iBoard
2008-05-09,2.460000,2.460000,2.460000,2.460000,31710,SSI iBoard
2008-05-12,2.430000,2.430000,2.430000,2.430000,45450,SSI iBoard
2008-05-13,2.400000,2.400000,2.400000,2.400000,8790,SSI iBoard
2008-05-14,2.360000,2.360000,2.360000,2.360000,8580,SSI iBoard
2008-05-15,2.330000,2.330000,2.330000,2.330000,7980,SSI iBoard
2008-05-16,2.300000,2.300000,2.300000,2.300000,65920,SSI iBoard
2008-05-19,2.260000,2.260000,2.260000,2.260000,73740,SSI iBoard
2008-05-20,2.230000,2.230000,2.230000,2.230000,13570,SSI iBoard
2008-05-21,2.200000,2.200000,2.200000,2.200000,91850,SSI iBoard
2008-05-22,2.160000,2.160000,2.160000,2.160000,3320,SSI iBoard
2008-05-23,2.130000,2.130000,2.130000,2.130000,42540,SSI iBoard
2008-05-26,2.090000,2.090000,2.090000,2.090000,8560,SSI iBoard
2008-05-30,2.060000,2.060000,2.060000,2.060000,20370,SSI iBoard
2008-06-02,2.030000,2.030000,2.030000,2.030000,7300,SSI iBoard
2008-06-03,1.990000,1.990000,1.990000,1.990000,10280,SSI iBoard
2008-06-04,1.960000,1.960000,1.960000,1.960000,3870,SSI iBoard
2008-06-05,1.930000,1.930000,1.930000,1.930000,2430,SSI iBoard
2008-06-06,1.890000,1.890000,1.890000,1.890000,6460,SSI iBoard
2008-06-09,1.860000,1.860000,1.860000,1.860000,22830,SSI iBoard
2008-06-10,1.830000,1.830000,1.830000,1.830000,5040,SSI iBoard
2008-06-11,1.790000,1.790000,1.790000,1.790000,12340,SSI iBoard
2008-06-12,1.760000,1.760000,1.760000,1.760000,195590,SSI iBoard
2008-06-13,1.730000,1.730000,1.730000,1.730000,409120,SSI iBoard
2008-06-16,1.690000,1.760000,1.690000,1.760000,639380,SSI iBoard
2008-06-17,1.790000,1.790000,1.790000,1.790000,227950,SSI iBoard
2008-06-18,1.760000,1.810000,1.760000,1.760000,645410,SSI iBoard
2008-06-19,1.710000,1.710000,1.710000,1.710000,85410,SSI iBoard
2008-06-20,1.660000,1.660000,1.660000,1.660000,96710,SSI iBoard
2008-06-23,1.610000,1.650000,1.610000,1.610000,409550,SSI iBoard
2008-06-24,1.570000,1.660000,1.570000,1.660000,264130,SSI iBoard
2008-06-25,1.690000,1.690000,1.680000,1.690000,282020,SSI iBoard
2008-06-26,1.730000,1.740000,1.640000,1.660000,171900,SSI iBoard
2008-06-27,1.610000,1.680000,1.610000,1.680000,147910,SSI iBoard
2008-06-30,1.630000,1.680000,1.630000,1.680000,266050,SSI iBoard
2008-07-01,1.730000,1.730000,1.710000,1.730000,154180,SSI iBoard
2008-07-02,1.780000,1.780000,1.730000,1.780000,422440,SSI iBoard
2008-07-03,1.830000,1.830000,1.830000,1.830000,41650,SSI iBoard
2008-07-04,1.880000,1.880000,1.880000,1.880000,114780,SSI iBoard
2008-07-07,1.930000,1.930000,1.830000,1.830000,638990,SSI iBoard
2008-07-08,1.780000,1.880000,1.780000,1.880000,476680,SSI iBoard
2008-07-09,1.930000,1.930000,1.890000,1.930000,321480,SSI iBoard
2008-07-10,1.980000,1.980000,1.980000,1.980000,174910,SSI iBoard
2008-07-11,2.030000,2.030000,2.030000,2.030000,165300,SSI iBoard
2008-07-14,2.080000,2.080000,2.080000,2.080000,102180,SSI iBoard
2008-07-15,2.130000,2.130000,2.130000,2.130000,61500,SSI iBoard
2008-07-16,2.180000,2.180000,2.080000,2.180000,723350,SSI iBoard
2008-07-17,2.230000,2.230000,2.230000,2.230000,93730,SSI iBoard
2008-07-18,2.280000,2.280000,2.280000,2.280000,651860,SSI iBoard
2008-07-21,2.210000,2.250000,2.210000,2.210000,713850,SSI iBoard
2008-07-22,2.160000,2.160000,2.160000,2.160000,165620,SSI iBoard
2008-07-23,2.110000,2.110000,2.110000,2.110000,118350,SSI iBoard
2008-07-24,2.110000,2.160000,2.060000,2.060000,1124720,SSI iBoard
2008-07-25,2.060000,2.080000,2.010000,2.080000,290860,SSI iBoard
2008-07-28,2.130000,2.130000,2.130000,2.130000,46620,SSI iBoard
2008-07-29,2.180000,2.180000,2.180000,2.180000,72740,SSI iBoard
2008-07-30,2.230000,2.230000,2.150000,2.230000,610540,SSI iBoard
2008-07-31,2.210000,2.280000,2.200000,2.280000,595720,SSI iBoard
2008-08-01,2.350000,2.350000,2.300000,2.350000,272140,SSI iBoard
2008-08-04,2.300000,2.350000,2.280000,2.280000,461730,SSI iBoard
2008-08-05,2.210000,2.210000,2.210000,2.210000,216280,SSI iBoard
2008-08-06,2.270000,2.270000,2.270000,2.270000,280690,SSI iBoard
2008-08-07,2.320000,2.320000,2.270000,2.320000,283230,SSI iBoard
2008-08-08,2.350000,2.380000,2.320000,2.380000,600830,SSI iBoard
2008-08-11,2.450000,2.450000,2.450000,2.450000,51350,SSI iBoard
2008-08-12,2.520000,2.520000,2.520000,2.520000,118650,SSI iBoard
2008-08-13,2.590000,2.590000,2.590000,2.590000,221080,SSI iBoard
2008-08-14,2.660000,2.660000,2.660000,2.660000,36200,SSI iBoard
2008-08-15,2.730000,2.730000,2.730000,2.730000,16710,SSI iBoard
2008-08-18,2.860000,2.860000,2.860000,2.860000,382720,SSI iBoard
2008-08-19,3.000000,3.000000,3.000000,3.000000,142630,SSI iBoard
2008-08-20,3.130000,3.130000,3.130000,3.130000,871030,SSI iBoard
2008-08-21,3.290000,3.290000,3.290000,3.290000,231990,SSI iBoard
2008-08-22,3.440000,3.440000,3.440000,3.440000,87220,SSI iBoard
2008-08-25,3.610000,3.610000,3.610000,3.610000,48110,SSI iBoard
2008-08-26,3.780000,3.780000,3.780000,3.780000,11570,SSI iBoard
2008-08-27,3.950000,3.950000,3.950000,3.950000,51750,SSI iBoard
2008-08-28,4.120000,4.120000,3.950000,4.120000,1988360,SSI iBoard
2008-08-29,4.120000,4.290000,3.920000,4.120000,844880,SSI iBoard
2008-09-04,4.530000,4.530000,4.330000,4.530000,788590,SSI iBoard
2008-09-05,4.670000,4.670000,4.330000,4.330000,581910,SSI iBoard
2008-09-08,4.120000,4.120000,4.120000,4.120000,91770,SSI iBoard
2008-09-09,3.920000,4.190000,3.920000,3.920000,550610,SSI iBoard
2008-09-10,3.750000,3.750000,3.750000,3.750000,245500,SSI iBoard
2008-09-11,3.580000,3.580000,3.580000,3.580000,125420,SSI iBoard
2008-09-12,3.410000,3.410000,3.410000,3.410000,99390,SSI iBoard
2008-09-15,3.240000,3.580000,3.240000,3.250000,845560,SSI iBoard
2008-09-16,3.120000,3.130000,3.100000,3.100000,338380,SSI iBoard
2008-09-17,2.950000,2.950000,2.950000,2.950000,71390,SSI iBoard
2008-09-18,2.810000,2.810000,2.810000,2.810000,144600,SSI iBoard
2008-09-19,2.950000,2.950000,2.930000,2.950000,757290,SSI iBoard
2008-09-22,3.080000,3.080000,3.080000,3.080000,326690,SSI iBoard
2008-09-23,3.100000,3.240000,2.960000,3.200000,1258580,SSI iBoard
2008-09-24,3.200000,3.200000,3.080000,3.080000,278850,SSI iBoard
2008-09-25,3.170000,3.240000,3.120000,3.240000,502610,SSI iBoard
2008-09-26,3.390000,3.390000,3.240000,3.390000,545710,SSI iBoard
2008-09-29,3.250000,3.410000,3.250000,3.270000,252860,SSI iBoard
2008-09-30,3.120000,3.120000,3.120000,3.120000,15530,SSI iBoard
2008-10-01,3.200000,3.240000,3.020000,3.170000,417070,SSI iBoard
2008-10-02,3.300000,3.300000,3.130000,3.240000,250480,SSI iBoard
2008-10-03,3.130000,3.190000,3.120000,3.120000,212730,SSI iBoard
2008-10-06,2.980000,3.000000,2.960000,2.960000,385060,SSI iBoard
2008-10-07,2.830000,2.830000,2.830000,2.830000,138250,SSI iBoard
2008-10-08,2.690000,2.690000,2.690000,2.690000,181880,SSI iBoard
2008-10-09,2.570000,2.710000,2.570000,2.570000,808160,SSI iBoard
2008-10-10,2.450000,2.450000,2.450000,2.450000,221730,SSI iBoard
2008-10-13,2.450000,2.520000,2.330000,2.330000,445480,SSI iBoard
2008-10-14,2.440000,2.440000,2.440000,2.440000,42650,SSI iBoard
2008-10-15,2.560000,2.560000,2.450000,2.560000,620510,SSI iBoard
2008-10-16,2.470000,2.670000,2.470000,2.590000,453110,SSI iBoard
2008-10-17,2.710000,2.710000,2.620000,2.660000,380430,SSI iBoard
2008-10-20,2.660000,2.660000,2.540000,2.540000,193520,SSI iBoard
2008-10-21,2.660000,2.660000,2.540000,2.660000,413160,SSI iBoard
2008-10-22,2.560000,2.620000,2.560000,2.610000,175620,SSI iBoard
2008-10-23,2.490000,2.540000,2.490000,2.490000,423180,SSI iBoard
2008-10-24,2.400000,2.420000,2.370000,2.370000,398060,SSI iBoard
2008-10-27,2.270000,2.270000,2.270000,2.270000,390520,SSI iBoard
2008-10-28,2.160000,2.320000,2.160000,2.210000,467380,SSI iBoard
2008-10-29,2.320000,2.320000,2.280000,2.320000,425290,SSI iBoard
2008-10-30,2.380000,2.420000,2.320000,2.420000,275860,SSI iBoard
2008-10-31,2.540000,2.540000,2.540000,2.540000,214790,SSI iBoard
2008-11-03,2.660000,2.660000,2.540000,2.660000,720560,SSI iBoard
2008-11-04,2.660000,2.780000,2.660000,2.780000,516940,SSI iBoard
2008-11-05,2.910000,2.910000,2.910000,2.910000,160580,SSI iBoard
2008-11-06,2.900000,3.050000,2.830000,3.030000,1300900,SSI iBoard
2008-11-07,3.170000,3.170000,3.070000,3.170000,1095780,SSI iBoard
2008-11-10,3.330000,3.330000,3.280000,3.330000,435320,SSI iBoard
2008-11-11,3.230000,3.280000,3.170000,3.170000,536910,SSI iBoard
2008-11-12,3.020000,3.020000,3.020000,3.020000,246800,SSI iBoard
2008-11-13,2.890000,3.070000,2.890000,2.990000,865170,SSI iBoard
2008-11-14,3.120000,3.120000,3.040000,3.120000,597610,SSI iBoard
2008-11-17,3.070000,3.120000,3.020000,3.020000,217640,SSI iBoard
2008-11-18,2.970000,2.990000,2.910000,2.940000,198890,SSI iBoard
2008-11-19,2.940000,2.990000,2.860000,2.860000,336540,SSI iBoard
2008-11-20,2.730000,2.780000,2.730000,2.730000,475410,SSI iBoard
2008-11-21,2.600000,2.760000,2.600000,2.630000,614730,SSI iBoard
2008-11-24,2.760000,2.760000,2.710000,2.730000,381600,SSI iBoard
2008-11-25,2.780000,2.860000,2.760000,2.780000,388490,SSI iBoard
2008-11-26,2.780000,2.810000,2.650000,2.650000,629240,SSI iBoard
2008-11-27,2.650000,2.650000,2.520000,2.520000,712510,SSI iBoard
2008-11-28,2.630000,2.630000,2.600000,2.630000,339130,SSI iBoard
2008-12-01,2.760000,2.760000,2.600000,2.730000,427260,SSI iBoard
2008-12-02,2.650000,2.680000,2.600000,2.600000,352240,SSI iBoard
2008-12-03,2.630000,2.650000,2.550000,2.630000,242200,SSI iBoard
2008-12-04,2.630000,2.680000,2.600000,2.630000,324230,SSI iBoard
2008-12-05,2.600000,2.600000,2.510000,2.540000,268230,SSI iBoard
2008-12-08,2.450000,2.450000,2.420000,2.420000,365030,SSI iBoard
2008-12-09,2.450000,2.540000,2.420000,2.530000,365650,SSI iBoard
2008-12-10,2.460000,2.490000,2.460000,2.460000,207280,SSI iBoard
2008-12-11,2.420000,2.520000,2.420000,2.510000,181410,SSI iBoard
2008-12-12,2.600000,2.630000,2.600000,2.630000,426360,SSI iBoard
2008-12-15,2.760000,2.760000,2.680000,2.760000,516920,SSI iBoard
2008-12-16,2.730000,2.730000,2.630000,2.630000,493380,SSI iBoard
2008-12-17,2.630000,2.760000,2.600000,2.730000,398150,SSI iBoard
2008-12-18,2.710000,2.780000,2.650000,2.730000,214270,SSI iBoard
2008-12-19,2.680000,2.760000,2.680000,2.730000,373670,SSI iBoard
2008-12-22,2.760000,2.780000,2.680000,2.680000,230890,SSI iBoard
2008-12-23,2.580000,2.600000,2.570000,2.580000,302340,SSI iBoard
2008-12-24,2.500000,2.570000,2.500000,2.550000,115550,SSI iBoard
2008-12-25,2.550000,2.580000,2.550000,2.550000,163130,SSI iBoard
2008-12-26,2.520000,2.580000,2.520000,2.530000,249810,SSI iBoard
2008-12-29,2.520000,2.580000,2.520000,2.530000,199210,SSI iBoard
2008-12-30,2.530000,2.650000,2.530000,2.630000,460650,SSI iBoard
2008-12-31,2.680000,2.710000,2.600000,2.600000,426080,SSI iBoard
2009-01-02,2.600000,2.600000,2.590000,2.600000,47170,SSI iBoard
2009-01-05,2.600000,2.600000,2.560000,2.600000,163060,SSI iBoard
2009-01-06,2.600000,2.680000,2.600000,2.680000,260030,SSI iBoard
2009-01-07,2.730000,2.810000,2.730000,2.760000,764810,SSI iBoard
2009-01-08,2.680000,2.760000,2.650000,2.680000,393810,SSI iBoard
2009-01-09,2.650000,2.710000,2.630000,2.630000,218970,SSI iBoard
2009-01-12,2.630000,2.650000,2.600000,2.630000,115600,SSI iBoard
2009-01-13,2.600000,2.630000,2.590000,2.600000,247860,SSI iBoard
2009-01-14,2.630000,2.680000,2.590000,2.650000,302370,SSI iBoard
2009-01-15,2.600000,2.630000,2.600000,2.600000,249240,SSI iBoard
2009-01-16,2.650000,2.650000,2.600000,2.630000,188470,SSI iBoard
2009-01-19,2.630000,2.630000,2.600000,2.630000,155140,SSI iBoard
2009-01-20,2.600000,2.600000,2.590000,2.600000,224930,SSI iBoard
2009-01-21,2.590000,2.600000,2.590000,2.590000,135320,SSI iBoard
2009-01-22,2.580000,2.630000,2.580000,2.630000,151060,SSI iBoard
2009-01-23,2.630000,2.650000,2.600000,2.630000,98740,SSI iBoard
2009-02-02,2.520000,2.600000,2.520000,2.520000,234860,SSI iBoard
2009-02-03,2.450000,2.460000,2.430000,2.430000,356020,SSI iBoard
2009-02-04,2.430000,2.490000,2.430000,2.470000,202740,SSI iBoard
2009-02-05,2.470000,2.470000,2.410000,2.420000,212960,SSI iBoard
2009-02-06,2.450000,2.470000,2.410000,2.470000,133360,SSI iBoard
2009-02-09,2.470000,2.570000,2.470000,2.570000,147690,SSI iBoard
2009-02-10,2.470000,2.530000,2.470000,2.500000,100540,SSI iBoard
2009-02-11,2.460000,2.460000,2.450000,2.450000,327510,SSI iBoard
2009-02-12,2.450000,2.470000,2.430000,2.450000,225260,SSI iBoard
2009-02-13,2.430000,2.440000,2.420000,2.430000,168870,SSI iBoard
2009-02-16,2.430000,2.430000,2.360000,2.360000,356930,SSI iBoard
2009-02-17,2.260000,2.340000,2.240000,2.240000,420870,SSI iBoard
2009-02-18,2.130000,2.190000,2.130000,2.190000,471730,SSI iBoard
2009-02-19,2.240000,2.240000,2.190000,2.190000,309740,SSI iBoard
2009-02-20,2.160000,2.190000,2.140000,2.160000,141830,SSI iBoard
2009-02-23,2.080000,2.110000,2.060000,2.060000,285480,SSI iBoard
2009-02-24,1.960000,1.970000,1.960000,1.960000,276110,SSI iBoard
2009-02-25,2.060000,2.060000,2.030000,2.060000,242810,SSI iBoard
2009-02-26,2.060000,2.130000,1.980000,2.130000,438790,SSI iBoard
2009-02-27,2.080000,2.230000,2.080000,2.230000,337150,SSI iBoard
2009-03-02,2.160000,2.280000,2.160000,2.270000,242190,SSI iBoard
2009-03-03,2.160000,2.200000,2.160000,2.160000,236910,SSI iBoard
2009-03-04,2.160000,2.190000,2.130000,2.180000,181120,SSI iBoard
2009-03-05,2.260000,2.260000,2.200000,2.240000,270690,SSI iBoard
2009-03-06,2.190000,2.250000,2.190000,2.250000,199000,SSI iBoard
2009-03-09,2.250000,2.320000,2.240000,2.290000,426240,SSI iBoard
2009-03-10,2.290000,2.350000,2.270000,2.310000,498320,SSI iBoard
2009-03-11,2.390000,2.390000,2.320000,2.340000,445190,SSI iBoard
2009-03-12,2.290000,2.310000,2.240000,2.260000,239390,SSI iBoard
2009-03-13,2.270000,2.280000,2.250000,2.260000,235750,SSI iBoard
2009-03-16,2.280000,2.290000,2.260000,2.290000,230200,SSI iBoard
2009-03-17,2.330000,2.400000,2.330000,2.370000,431190,SSI iBoard
2009-03-18,2.480000,2.490000,2.450000,2.490000,907220,SSI iBoard
2009-03-19,2.490000,2.530000,2.370000,2.370000,682010,SSI iBoard
2009-03-23,2.380000,2.380000,2.280000,2.290000,300350,SSI iBoard
2009-03-24,2.400000,2.400000,2.390000,2.400000,240360,SSI iBoard
2009-03-25,2.390000,2.520000,2.390000,2.520000,962740,SSI iBoard
2009-03-26,2.590000,2.600000,2.540000,2.600000,838490,SSI iBoard
2009-03-27,2.630000,2.630000,2.500000,2.500000,821740,SSI iBoard
2009-03-30,2.400000,2.470000,2.380000,2.380000,1024320,SSI iBoard
2009-03-31,2.300000,2.340000,2.290000,2.340000,828860,SSI iBoard
2009-04-01,2.440000,2.450000,2.390000,2.450000,311150,SSI iBoard
2009-04-02,2.570000,2.570000,2.540000,2.570000,1114300,SSI iBoard
2009-04-03,2.680000,2.680000,2.680000,2.680000,900770,SSI iBoard
2009-04-07,2.680000,2.810000,2.650000,2.810000,1551610,SSI iBoard
2009-04-08,2.780000,2.940000,2.680000,2.710000,1546630,SSI iBoard
2009-04-09,2.680000,2.780000,2.650000,2.710000,1017260,SSI iBoard
2009-04-10,2.840000,2.840000,2.840000,2.840000,249850,SSI iBoard
2009-04-13,2.970000,2.970000,2.970000,2.970000,104360,SSI iBoard
2009-04-14,3.070000,3.100000,2.970000,3.100000,1910600,SSI iBoard
2009-04-15,3.020000,3.150000,2.970000,2.990000,1695010,SSI iBoard
2009-04-16,3.070000,3.070000,2.970000,3.020000,1140090,SSI iBoard
2009-04-17,2.970000,2.990000,2.890000,2.890000,1117840,SSI iBoard
2009-04-20,2.760000,2.760000,2.760000,2.760000,401840,SSI iBoard
2009-04-21,2.630000,2.710000,2.630000,2.680000,1817720,SSI iBoard
2009-04-22,2.810000,2.810000,2.710000,2.810000,971890,SSI iBoard
2009-04-23,2.840000,2.910000,2.780000,2.780000,785730,SSI iBoard
2009-04-24,2.780000,2.810000,2.710000,2.810000,627090,SSI iBoard
2009-04-27,2.890000,2.910000,2.810000,2.860000,742370,SSI iBoard
2009-04-28,2.860000,2.910000,2.840000,2.860000,507210,SSI iBoard
2009-04-29,2.890000,2.890000,2.840000,2.890000,563360,SSI iBoard
2009-05-04,3.020000,3.020000,3.020000,3.020000,223130,SSI iBoard
2009-05-05,3.150000,3.150000,3.150000,3.150000,227170,SSI iBoard
2009-05-06,3.200000,3.300000,3.150000,3.150000,2626470,SSI iBoard
2009-05-07,3.300000,3.300000,3.280000,3.300000,1002450,SSI iBoard
2009-05-08,3.380000,3.460000,3.300000,3.330000,1373780,SSI iBoard
2009-05-11,3.410000,3.460000,3.330000,3.430000,1265940,SSI iBoard
2009-05-12,3.430000,3.540000,3.360000,3.540000,829710,SSI iBoard
2009-05-13,3.460000,3.540000,3.380000,3.380000,1640250,SSI iBoard
2009-05-14,3.250000,3.360000,3.230000,3.300000,1708940,SSI iBoard
2009-05-15,3.410000,3.460000,3.360000,3.460000,827290,SSI iBoard
2009-05-18,3.430000,3.540000,3.410000,3.460000,605250,SSI iBoard
2009-05-19,3.540000,3.540000,3.460000,3.490000,1014590,SSI iBoard
2009-05-20,3.460000,3.510000,3.430000,3.490000,1376470,SSI iBoard
2009-05-21,3.410000,3.490000,3.410000,3.410000,774240,SSI iBoard
2009-05-22,3.280000,3.380000,3.280000,3.300000,738560,SSI iBoard
2009-05-25,3.330000,3.460000,3.330000,3.460000,717520,SSI iBoard
2009-05-26,3.510000,3.560000,3.460000,3.490000,741030,SSI iBoard
2009-05-27,3.540000,3.540000,3.380000,3.490000,658000,SSI iBoard
2009-05-28,3.460000,3.490000,3.380000,3.430000,615880,SSI iBoard
2009-05-29,3.460000,3.460000,3.360000,3.430000,563290,SSI iBoard
2009-06-01,3.460000,3.560000,3.460000,3.560000,784740,SSI iBoard
2009-06-02,3.720000,3.720000,3.640000,3.640000,1099910,SSI iBoard
2009-06-03,3.640000,3.690000,3.620000,3.640000,626920,SSI iBoard
2009-06-04,3.700000,3.770000,3.640000,3.720000,644940,SSI iBoard
2009-06-05,3.910000,3.910000,3.850000,3.910000,769620,SSI iBoard
2009-06-08,4.090000,4.090000,4.090000,4.090000,320260,SSI iBoard
2009-06-09,4.010000,4.120000,4.010000,4.070000,758270,SSI iBoard
2009-06-10,3.910000,3.930000,3.910000,3.880000,1249380,SSI iBoard
2009-06-11,3.880000,3.910000,3.850000,3.880000,1109720,SSI iBoard
2009-06-12,3.930000,3.930000,3.800000,3.720000,1008960,SSI iBoard
2009-06-15,3.590000,3.700000,3.540000,3.590000,978250,SSI iBoard
2009-06-16,3.430000,3.510000,3.430000,3.460000,1319490,SSI iBoard
2009-06-17,3.460000,3.620000,3.460000,3.620000,947180,SSI iBoard
2009-06-18,3.770000,3.770000,3.770000,3.770000,157690,SSI iBoard
2009-06-19,3.960000,3.960000,3.880000,3.960000,1487800,SSI iBoard
2009-06-22,3.800000,3.830000,3.770000,3.770000,693990,SSI iBoard
2009-06-23,3.590000,3.640000,3.590000,3.620000,1071590,SSI iBoard
2009-06-24,3.770000,3.770000,3.770000,3.770000,234300,SSI iBoard
2009-06-25,3.960000,3.960000,3.770000,3.800000,1056790,SSI iBoard
2009-06-26,3.800000,3.910000,3.800000,3.880000,549500,SSI iBoard
2009-06-29,3.850000,3.880000,3.830000,3.850000,531410,SSI iBoard
2009-07-01,3.540000,3.590000,3.510000,3.540000,659490,SSI iBoard
2009-07-02,3.590000,3.700000,3.540000,3.670000,290660,SSI iBoard
2009-07-03,3.560000,3.720000,3.560000,3.720000,342180,SSI iBoard
2009-07-06,3.750000,3.910000,3.720000,3.880000,368720,SSI iBoard
2009-07-07,3.850000,3.880000,3.800000,3.830000,447350,SSI iBoard
2009-07-08,3.770000,3.800000,3.720000,3.800000,226360,SSI iBoard
2009-07-09,3.750000,3.830000,3.750000,3.750000,216460,SSI iBoard
2009-07-10,3.720000,3.750000,3.700000,3.750000,359970,SSI iBoard
2009-07-13,3.750000,3.750000,3.700000,3.750000,336190,SSI iBoard
2009-07-14,3.720000,3.750000,3.700000,3.700000,295060,SSI iBoard
2009-07-15,3.750000,3.800000,3.750000,3.770000,143930,SSI iBoard
2009-07-16,3.910000,3.910000,3.800000,3.800000,229170,SSI iBoard
2009-07-17,3.800000,3.850000,3.770000,3.800000,294310,SSI iBoard
2009-07-20,3.770000,3.770000,3.720000,3.720000,302290,SSI iBoard
2009-07-21,3.770000,3.800000,3.700000,3.800000,530220,SSI iBoard
2009-07-22,3.850000,3.850000,3.770000,3.800000,342760,SSI iBoard
2009-07-23,3.800000,3.850000,3.800000,3.850000,214440,SSI iBoard
2009-07-24,4.040000,4.040000,4.010000,4.040000,421560,SSI iBoard
2009-07-27,4.070000,4.170000,4.010000,4.070000,470390,SSI iBoard
2009-07-28,3.990000,4.070000,3.960000,3.960000,379050,SSI iBoard
2009-07-30,3.960000,3.960000,3.910000,3.960000,192600,SSI iBoard
2009-07-31,4.040000,4.070000,4.010000,4.040000,333390,SSI iBoard
2009-08-03,3.990000,4.070000,3.990000,4.040000,192740,SSI iBoard
2009-08-05,4.070000,4.090000,4.070000,4.090000,219010,SSI iBoard
2009-08-06,4.090000,4.140000,4.090000,4.120000,356890,SSI iBoard
2009-08-07,4.120000,4.140000,4.090000,4.120000,139270,SSI iBoard
2009-08-10,4.120000,4.220000,4.120000,4.200000,354770,SSI iBoard
2009-08-11,4.170000,4.220000,4.170000,4.200000,169070,SSI iBoard
2009-08-12,4.200000,4.250000,4.200000,4.220000,352250,SSI iBoard
2009-08-13,4.280000,4.280000,4.220000,4.250000,354750,SSI iBoard
2009-08-14,4.170000,4.250000,4.170000,4.220000,223410,SSI iBoard
2009-08-17,4.220000,4.250000,4.200000,4.200000,359380,SSI iBoard
2009-08-18,4.120000,4.200000,4.120000,4.170000,293950,SSI iBoard
2009-08-19,4.200000,4.220000,4.200000,4.220000,350280,SSI iBoard
2009-08-20,4.280000,4.280000,4.220000,4.250000,220510,SSI iBoard
2009-08-21,4.300000,4.430000,4.280000,4.360000,499440,SSI iBoard
2009-08-24,4.380000,4.570000,4.380000,4.570000,857000,SSI iBoard
2009-08-25,4.620000,4.750000,4.590000,4.590000,575740,SSI iBoard
2009-08-26,4.570000,4.590000,4.490000,4.540000,495630,SSI iBoard
2009-08-27,4.510000,4.540000,4.410000,4.540000,877910,SSI iBoard
2009-08-28,4.540000,4.590000,4.490000,4.590000,418120,SSI iBoard
2009-08-31,4.650000,4.700000,4.650000,4.700000,380650,SSI iBoard
2009-09-01,4.620000,4.670000,4.590000,4.620000,411450,SSI iBoard
2009-09-03,4.540000,4.590000,4.490000,4.510000,616240,SSI iBoard
2009-09-04,4.540000,4.540000,4.430000,4.430000,669090,SSI iBoard
2009-09-07,4.300000,4.330000,4.220000,4.330000,594460,SSI iBoard
2009-09-08,4.380000,4.410000,4.330000,4.380000,269040,SSI iBoard
2009-09-09,4.460000,4.460000,4.330000,4.430000,361920,SSI iBoard
2009-09-10,4.280000,4.460000,4.280000,4.460000,333480,SSI iBoard
2009-09-11,4.460000,4.490000,4.430000,4.430000,451540,SSI iBoard
2009-09-14,4.590000,4.650000,4.570000,4.650000,1027940,SSI iBoard
2009-09-15,4.860000,4.860000,4.670000,4.750000,745520,SSI iBoard
2009-09-16,3.700000,4.750000,4.570000,4.590000,931000,SSI iBoard
2009-09-17,4.650000,4.780000,4.540000,4.750000,973080,SSI iBoard
2009-09-18,4.650000,4.750000,4.650000,4.750000,607370,SSI iBoard
2009-09-21,4.800000,4.830000,4.750000,4.750000,314940,SSI iBoard
2009-09-22,4.650000,4.830000,4.650000,4.700000,460640,SSI iBoard
2009-09-23,4.730000,4.750000,4.650000,4.650000,831800,SSI iBoard
2009-09-24,4.650000,4.650000,4.570000,4.590000,422860,SSI iBoard
2009-09-25,4.590000,4.620000,4.570000,4.590000,643170,SSI iBoard
2009-09-28,4.590000,4.650000,4.570000,4.590000,889040,SSI iBoard
2009-09-29,4.620000,4.620000,4.540000,4.570000,894270,SSI iBoard
2009-09-30,4.570000,4.620000,4.540000,4.570000,905310,SSI iBoard
2009-10-01,4.570000,4.570000,4.490000,4.490000,620340,SSI iBoard
2009-10-02,4.300000,4.410000,4.280000,4.360000,686700,SSI iBoard
2009-10-05,4.380000,4.430000,4.300000,4.360000,774310,SSI iBoard
2009-10-06,4.430000,4.490000,4.360000,4.380000,339770,SSI iBoard
2009-10-07,4.490000,4.590000,4.460000,4.570000,336950,SSI iBoard
2009-10-08,4.590000,4.590000,4.510000,4.570000,246850,SSI iBoard
2009-10-09,4.590000,4.620000,4.540000,4.570000,562390,SSI iBoard
2009-10-12,4.620000,4.670000,4.590000,4.620000,592020,SSI iBoard
2009-10-13,4.620000,4.650000,4.590000,4.620000,466710,SSI iBoard
2009-10-14,4.590000,4.700000,4.590000,4.700000,477770,SSI iBoard
2009-10-15,4.910000,4.910000,4.750000,4.910000,1027360,SSI iBoard
2009-10-16,4.910000,4.960000,4.830000,4.830000,575620,SSI iBoard
2009-10-19,4.860000,4.860000,4.700000,4.700000,398520,SSI iBoard
2009-10-20,4.860000,4.860000,4.750000,4.780000,346720,SSI iBoard
2009-10-21,4.780000,4.780000,4.700000,4.700000,316080,SSI iBoard
2009-10-22,4.700000,4.800000,4.670000,4.780000,376810,SSI iBoard
2009-10-23,4.860000,4.860000,4.730000,4.730000,408920,SSI iBoard
2009-10-26,4.700000,4.750000,4.670000,4.700000,505350,SSI iBoard
2009-10-27,4.700000,4.700000,4.590000,4.650000,400590,SSI iBoard
2009-10-28,4.700000,4.700000,4.590000,4.620000,149230,SSI iBoard
2009-10-29,4.510000,4.590000,4.430000,4.490000,327940,SSI iBoard
2009-10-30,4.540000,4.590000,4.360000,4.540000,223510,SSI iBoard
2009-11-02,4.330000,4.410000,4.330000,4.330000,612130,SSI iBoard
2009-11-03,4.430000,4.430000,4.250000,4.280000,159800,SSI iBoard
2009-11-04,4.280000,4.380000,4.250000,4.330000,323670,SSI iBoard
2009-11-05,4.410000,4.460000,4.380000,4.460000,138140,SSI iBoard
2009-11-06,4.540000,4.540000,4.330000,4.330000,125400,SSI iBoard
2009-11-09,4.330000,4.380000,4.300000,4.300000,204280,SSI iBoard
2009-11-10,4.360000,4.360000,4.220000,4.220000,309780,SSI iBoard
2009-11-11,4.280000,4.330000,4.220000,4.330000,197380,SSI iBoard
2009-11-12,4.360000,4.460000,4.330000,4.430000,292170,SSI iBoard
2009-11-13,4.360000,4.430000,4.360000,4.430000,142040,SSI iBoard
2009-11-16,4.380000,4.460000,4.330000,4.330000,400690,SSI iBoard
2009-11-17,4.380000,4.380000,4.300000,4.360000,199100,SSI iBoard
2009-11-18,4.380000,4.410000,4.360000,4.380000,227080,SSI iBoard
2009-11-19,4.380000,4.430000,4.380000,4.430000,136230,SSI iBoard
2009-11-20,4.410000,4.430000,4.360000,4.430000,108760,SSI iBoard
2009-11-23,4.430000,4.430000,4.250000,4.330000,240750,SSI iBoard
2009-11-24,4.280000,4.330000,4.220000,4.220000,263770,SSI iBoard
2009-11-25,4.010000,4.220000,4.010000,4.010000,500720,SSI iBoard
2009-11-26,3.830000,4.010000,3.830000,3.830000,360310,SSI iBoard
2009-11-27,3.640000,4.010000,3.640000,4.010000,381500,SSI iBoard
2009-11-30,4.120000,4.200000,4.010000,4.200000,294120,SSI iBoard
2009-12-01,4.200000,4.300000,4.200000,4.200000,188270,SSI iBoard
2009-12-02,4.090000,4.220000,4.070000,4.120000,209760,SSI iBoard
2009-12-03,4.010000,4.140000,4.010000,4.010000,527820,SSI iBoard
2009-12-04,4.120000,4.120000,3.990000,4.010000,224910,SSI iBoard
2009-12-07,3.960000,4.090000,3.960000,4.090000,116970,SSI iBoard
2009-12-08,4.040000,4.090000,4.010000,4.040000,101630,SSI iBoard
2009-12-09,3.880000,3.930000,3.850000,3.880000,314220,SSI iBoard
2009-12-10,3.930000,3.930000,3.850000,3.850000,395690,SSI iBoard
2009-12-11,3.720000,3.850000,3.720000,3.800000,230670,SSI iBoard
2009-12-14,3.880000,3.990000,3.880000,3.990000,158620,SSI iBoard
2009-12-15,3.960000,4.040000,3.960000,4.020000,143720,SSI iBoard
2009-12-16,4.020000,4.020000,3.880000,3.880000,250450,SSI iBoard
2009-12-17,3.720000,3.830000,3.720000,3.770000,239330,SSI iBoard
2009-12-18,3.770000,3.960000,3.610000,3.610000,533620,SSI iBoard
2009-12-21,3.770000,3.770000,3.770000,3.770000,60410,SSI iBoard
2009-12-22,3.960000,3.960000,3.960000,3.960000,177150,SSI iBoard
2009-12-23,4.120000,4.150000,4.040000,4.150000,338470,SSI iBoard
2009-12-24,4.210000,4.260000,4.120000,4.260000,298960,SSI iBoard
2009-12-25,4.310000,4.390000,4.310000,4.370000,148480,SSI iBoard
2009-12-28,4.370000,4.390000,4.260000,4.260000,285790,SSI iBoard
2009-12-29,4.260000,4.260000,4.120000,4.150000,178940,SSI iBoard
2009-12-30,4.180000,4.230000,4.150000,4.210000,102710,SSI iBoard
2009-12-31,4.260000,4.290000,4.210000,4.260000,202760,SSI iBoard
2010-01-04,4.370000,4.450000,4.260000,4.450000,235620,SSI iBoard
2010-01-05,4.610000,4.610000,4.450000,4.450000,200040,SSI iBoard
2010-01-06,4.450000,4.500000,4.290000,4.370000,94870,SSI iBoard
2010-01-07,4.370000,4.390000,4.310000,4.340000,102720,SSI iBoard
2010-01-08,4.420000,4.420000,4.210000,4.210000,161560,SSI iBoard
2010-01-11,4.290000,4.290000,4.120000,4.180000,126590,SSI iBoard
2010-01-12,4.150000,4.210000,4.100000,4.100000,226250,SSI iBoard
2010-01-13,4.100000,4.230000,4.040000,4.230000,146230,SSI iBoard
2010-01-14,4.310000,4.310000,4.210000,4.260000,124220,SSI iBoard
2010-01-15,4.260000,4.260000,4.180000,4.180000,81780,SSI iBoard
2010-01-18,4.150000,4.150000,4.100000,4.100000,142680,SSI iBoard
2010-01-19,4.210000,4.230000,4.120000,4.180000,125670,SSI iBoard
2010-01-20,4.290000,4.310000,4.180000,4.260000,344660,SSI iBoard
2010-01-21,4.210000,4.260000,4.180000,4.210000,226540,SSI iBoard
2010-01-22,4.210000,4.230000,4.120000,4.210000,132330,SSI iBoard
2010-01-25,4.210000,4.230000,4.210000,4.230000,44160,SSI iBoard
2010-01-26,4.310000,4.370000,4.230000,4.370000,126830,SSI iBoard
2010-01-27,4.370000,4.370000,4.210000,4.210000,125540,SSI iBoard
2010-01-28,4.150000,4.230000,4.150000,4.210000,37340,SSI iBoard
2010-01-29,4.180000,4.210000,4.150000,4.150000,100130,SSI iBoard
2010-02-01,4.120000,4.260000,4.120000,4.210000,122980,SSI iBoard
2010-02-02,4.310000,4.370000,4.290000,4.370000,401340,SSI iBoard
2010-02-03,4.500000,4.560000,4.420000,4.560000,688030,SSI iBoard
2010-02-04,4.530000,4.580000,4.500000,4.560000,417620,SSI iBoard
2010-02-05,4.500000,4.530000,4.340000,4.370000,252750,SSI iBoard
2010-02-08,4.340000,4.470000,4.340000,4.470000,165000,SSI iBoard
2010-02-09,4.390000,4.470000,4.290000,4.290000,202980,SSI iBoard
2010-02-10,4.390000,4.420000,4.390000,4.420000,68750,SSI iBoard
2010-02-11,4.470000,4.500000,4.420000,4.500000,142740,SSI iBoard
2010-02-12,4.580000,4.580000,4.500000,4.530000,269440,SSI iBoard
2010-02-22,4.500000,4.560000,4.470000,4.500000,156270,SSI iBoard
2010-02-23,4.390000,4.420000,4.310000,4.340000,129220,SSI iBoard
2010-02-24,4.310000,4.370000,4.310000,4.340000,187720,SSI iBoard
2010-02-25,4.340000,4.390000,4.290000,4.340000,268610,SSI iBoard
2010-02-26,4.310000,4.310000,4.210000,4.210000,685260,SSI iBoard
2010-03-01,4.310000,4.340000,4.310000,4.310000,69350,SSI iBoard
2010-03-02,4.310000,4.310000,4.290000,4.310000,194250,SSI iBoard
2010-03-03,4.370000,4.370000,4.340000,4.370000,208570,SSI iBoard
2010-03-04,4.420000,4.450000,4.370000,4.450000,309130,SSI iBoard
2010-03-05,4.450000,4.470000,4.420000,4.420000,276710,SSI iBoard
2010-03-08,4.420000,4.470000,4.420000,4.450000,291290,SSI iBoard
2010-03-09,4.470000,4.530000,4.470000,4.530000,444180,SSI iBoard
2010-03-10,4.610000,4.740000,4.560000,4.740000,1193070,SSI iBoard
2010-03-11,4.830000,4.850000,4.740000,4.800000,241410,SSI iBoard
2010-03-12,4.830000,4.830000,4.740000,4.800000,337200,SSI iBoard
2010-03-15,4.740000,4.800000,4.690000,4.740000,238400,SSI iBoard
2010-03-16,4.640000,4.660000,4.530000,4.530000,642300,SSI iBoard
2010-03-17,4.560000,4.640000,4.530000,4.560000,342500,SSI iBoard
2010-03-18,4.560000,4.660000,4.560000,4.660000,95600,SSI iBoard
2010-03-19,4.640000,4.690000,4.610000,4.640000,194090,SSI iBoard
2010-03-22,4.610000,4.610000,4.530000,4.530000,143010,SSI iBoard
2010-03-23,4.470000,4.580000,4.450000,4.470000,128330,SSI iBoard
2010-03-24,4.560000,4.610000,4.530000,4.580000,242280,SSI iBoard
2010-03-25,4.580000,4.580000,4.470000,4.500000,246000,SSI iBoard
2010-03-26,4.500000,4.500000,4.420000,4.470000,152570,SSI iBoard
2010-03-29,4.530000,4.580000,4.500000,4.560000,89620,SSI iBoard
2010-03-30,4.560000,4.560000,4.450000,4.500000,214750,SSI iBoard
2010-03-31,4.530000,4.530000,4.500000,4.500000,179890,SSI iBoard
2010-04-01,4.530000,4.580000,4.530000,4.580000,286770,SSI iBoard
2010-04-02,4.640000,4.660000,4.580000,4.640000,306570,SSI iBoard
2010-04-05,4.660000,4.660000,4.640000,4.640000,166840,SSI iBoard
2010-04-06,4.640000,4.690000,4.640000,4.640000,284520,SSI iBoard
2010-04-07,4.640000,4.660000,4.640000,4.660000,151090,SSI iBoard
2010-04-08,4.640000,4.690000,4.640000,4.640000,136320,SSI iBoard
2010-04-09,4.640000,4.660000,4.640000,4.640000,108170,SSI iBoard
2010-04-12,4.690000,4.690000,4.660000,4.690000,189040,SSI iBoard
2010-04-13,4.690000,4.720000,4.660000,4.690000,264770,SSI iBoard
2010-04-14,4.690000,4.720000,4.660000,4.720000,134900,SSI iBoard
2010-04-15,4.740000,4.740000,4.690000,4.720000,204750,SSI iBoard
2010-04-16,4.740000,4.740000,4.690000,4.690000,100290,SSI iBoard
2010-04-19,4.640000,4.690000,4.640000,4.640000,254050,SSI iBoard
2010-04-20,4.560000,4.640000,4.560000,4.640000,123340,SSI iBoard
2010-04-21,4.640000,4.660000,4.610000,4.640000,154300,SSI iBoard
2010-04-22,4.640000,4.740000,4.640000,4.740000,266820,SSI iBoard
2010-04-26,4.770000,4.800000,4.740000,4.770000,267720,SSI iBoard
2010-04-27,4.770000,4.830000,4.770000,4.770000,336330,SSI iBoard
2010-04-28,4.740000,4.770000,4.720000,4.770000,156830,SSI iBoard
2010-04-29,4.740000,4.800000,4.740000,4.740000,461540,SSI iBoard
2010-05-04,4.880000,4.880000,4.770000,4.770000,101940,SSI iBoard
2010-05-05,4.770000,4.800000,4.740000,4.800000,308760,SSI iBoard
2010-05-06,4.740000,4.800000,4.720000,4.720000,299590,SSI iBoard
2010-05-07,4.660000,4.690000,4.610000,4.660000,210840,SSI iBoard
2010-05-10,4.660000,4.660000,4.530000,4.610000,335850,SSI iBoard
2010-05-11,4.780000,4.820000,4.600000,4.600000,155980,SSI iBoard
2010-05-12,4.600000,4.640000,4.490000,4.490000,93610,SSI iBoard
2010-05-13,4.600000,4.600000,4.460000,4.560000,91730,SSI iBoard
2010-05-14,4.560000,4.640000,4.560000,4.560000,43580,SSI iBoard
2010-05-17,4.560000,4.560000,4.390000,4.390000,136050,SSI iBoard
2010-05-18,4.350000,4.420000,4.310000,4.390000,281790,SSI iBoard
2010-05-19,4.240000,4.310000,4.240000,4.280000,281930,SSI iBoard
2010-05-20,4.170000,4.420000,4.170000,4.420000,89050,SSI iBoard
2010-05-21,4.280000,4.390000,4.240000,4.240000,272680,SSI iBoard
2010-05-24,4.350000,4.420000,4.310000,4.420000,151520,SSI iBoard
2010-05-25,4.530000,4.640000,4.490000,4.640000,247320,SSI iBoard
2010-05-26,4.740000,4.740000,4.600000,4.640000,250910,SSI iBoard
2010-05-27,4.640000,4.710000,4.600000,4.710000,750690,SSI iBoard
2010-05-28,4.820000,4.820000,4.710000,4.740000,475090,SSI iBoard
2010-05-31,4.740000,4.740000,4.670000,4.670000,196760,SSI iBoard
2010-06-01,4.740000,4.740000,4.640000,4.740000,208590,SSI iBoard
2010-06-02,4.710000,4.780000,4.710000,4.740000,292360,SSI iBoard
2010-06-03,4.740000,4.820000,4.740000,4.780000,337580,SSI iBoard
2010-06-04,4.820000,4.850000,4.820000,4.820000,201460,SSI iBoard
2010-06-07,4.740000,4.740000,4.640000,4.640000,242030,SSI iBoard
2010-06-08,4.640000,4.670000,4.640000,4.670000,201830,SSI iBoard
2010-06-09,4.740000,4.780000,4.710000,4.740000,141270,SSI iBoard
2010-06-10,4.740000,4.820000,4.740000,4.780000,166990,SSI iBoard
2010-06-11,4.850000,4.850000,4.820000,4.820000,137070,SSI iBoard
2010-06-14,4.890000,4.920000,4.890000,4.920000,222930,SSI iBoard
2010-06-15,4.820000,4.850000,4.780000,4.780000,133940,SSI iBoard
2010-06-16,4.850000,4.850000,4.780000,4.850000,92920,SSI iBoard
2010-06-17,4.890000,4.920000,4.850000,4.920000,284160,SSI iBoard
2010-06-18,4.960000,4.960000,4.850000,4.850000,192690,SSI iBoard
2010-06-21,4.960000,4.960000,4.890000,4.960000,190170,SSI iBoard
2010-06-22,4.960000,5.030000,4.920000,5.030000,272670,SSI iBoard
2010-06-23,4.960000,5.000000,4.850000,4.850000,85850,SSI iBoard
2010-06-24,4.850000,5.070000,4.850000,5.000000,315930,SSI iBoard
2010-06-25,4.920000,5.000000,4.890000,4.920000,113780,SSI iBoard
2010-06-28,4.890000,4.920000,4.890000,4.890000,53210,SSI iBoard
2010-06-29,4.960000,5.030000,4.920000,5.000000,481940,SSI iBoard
2010-06-30,5.000000,5.000000,4.850000,4.960000,104470,SSI iBoard
2010-07-01,4.890000,5.030000,4.890000,5.030000,276410,SSI iBoard
2010-07-02,4.960000,4.960000,4.850000,4.890000,133410,SSI iBoard
2010-07-05,4.960000,4.960000,4.890000,4.920000,165700,SSI iBoard
2010-07-06,4.960000,4.960000,4.850000,4.890000,256550,SSI iBoard
2010-07-07,4.960000,4.960000,4.850000,4.850000,118100,SSI iBoard
2010-07-08,4.920000,5.030000,4.920000,5.000000,170440,SSI iBoard
2010-07-09,5.000000,5.000000,4.920000,4.960000,43130,SSI iBoard
2010-07-12,4.850000,4.920000,4.850000,4.920000,70640,SSI iBoard
2010-07-13,5.030000,5.030000,4.960000,5.000000,480870,SSI iBoard
2010-07-14,4.920000,5.000000,4.920000,4.920000,78990,SSI iBoard
2010-07-15,4.890000,5.000000,4.890000,5.000000,155780,SSI iBoard
2010-07-16,5.000000,5.000000,4.960000,5.000000,56830,SSI iBoard
2010-07-19,5.000000,5.030000,4.960000,5.030000,116500,SSI iBoard
2010-07-20,5.030000,5.030000,4.960000,5.030000,125270,SSI iBoard
2010-07-21,5.000000,5.000000,4.960000,5.000000,131970,SSI iBoard
2010-07-22,5.030000,5.070000,5.000000,5.030000,398000,SSI iBoard
2010-07-23,5.070000,5.070000,5.030000,5.070000,180270,SSI iBoard
2010-07-26,5.070000,5.070000,5.000000,5.000000,79350,SSI iBoard
2010-07-27,5.100000,5.210000,5.070000,5.210000,943920,SSI iBoard
2010-07-28,5.100000,5.210000,5.070000,5.100000,164670,SSI iBoard
2010-07-29,5.100000,5.360000,5.100000,5.360000,504800,SSI iBoard
2010-07-30,5.460000,5.610000,5.390000,5.540000,722770,SSI iBoard
2010-08-02,5.430000,5.540000,5.430000,5.500000,198490,SSI iBoard
2010-08-03,5.610000,5.750000,5.570000,5.610000,431310,SSI iBoard
2010-08-04,5.540000,5.610000,5.390000,5.430000,276520,SSI iBoard
2010-08-05,5.610000,5.680000,5.540000,5.680000,303250,SSI iBoard
2010-08-06,5.610000,5.610000,5.460000,5.540000,277060,SSI iBoard
2010-08-09,5.460000,5.460000,5.360000,5.390000,240080,SSI iBoard
2010-08-10,5.360000,5.360000,5.250000,5.320000,309210,SSI iBoard
2010-08-11,5.470000,5.470000,5.390000,5.390000,33000,SSI iBoard
2010-08-12,5.360000,5.360000,5.170000,5.170000,208310,SSI iBoard
2010-08-13,5.100000,5.210000,5.060000,5.170000,173160,SSI iBoard
2010-08-16,5.170000,5.360000,5.140000,5.360000,130520,SSI iBoard
2010-08-17,5.430000,5.470000,5.320000,5.470000,146050,SSI iBoard
2010-08-18,5.390000,5.390000,5.280000,5.280000,61810,SSI iBoard
2010-08-19,5.210000,5.280000,5.210000,5.250000,100200,SSI iBoard
2010-08-20,5.250000,5.470000,5.140000,5.470000,142640,SSI iBoard
2010-08-23,5.390000,5.390000,5.320000,5.320000,106720,SSI iBoard
2010-08-24,5.250000,5.250000,5.100000,5.100000,244030,SSI iBoard
2010-08-25,5.140000,5.140000,4.920000,5.060000,260880,SSI iBoard
2010-08-26,4.990000,5.170000,4.990000,5.100000,210480,SSI iBoard
2010-08-27,5.100000,5.140000,5.030000,5.100000,92270,SSI iBoard
2010-08-30,5.250000,5.360000,5.210000,5.250000,192440,SSI iBoard
2010-08-31,5.470000,5.470000,5.250000,5.470000,590670,SSI iBoard
2010-09-01,5.390000,5.430000,5.210000,5.430000,350890,SSI iBoard
2010-09-06,5.500000,5.650000,5.390000,5.390000,471980,SSI iBoard
2010-09-07,5.390000,5.390000,5.320000,5.320000,286140,SSI iBoard
2010-09-08,5.250000,5.320000,5.250000,5.280000,174600,SSI iBoard
2010-09-09,5.360000,5.360000,5.320000,5.360000,107640,SSI iBoard
2010-09-10,5.360000,5.390000,5.280000,5.280000,146040,SSI iBoard
2010-09-13,5.430000,5.430000,5.250000,5.320000,88930,SSI iBoard
2010-09-14,5.320000,5.360000,5.250000,5.320000,44550,SSI iBoard
2010-09-15,5.360000,5.360000,5.250000,5.320000,102130,SSI iBoard
2010-09-16,5.320000,5.360000,5.250000,5.250000,107460,SSI iBoard
2010-09-17,5.250000,5.360000,5.250000,5.360000,168110,SSI iBoard
2010-09-20,5.280000,5.360000,5.250000,5.320000,70030,SSI iBoard
2010-09-21,5.360000,5.360000,5.250000,5.250000,190750,SSI iBoard
2010-09-22,5.170000,5.250000,5.170000,5.210000,220980,SSI iBoard
2010-09-23,5.170000,5.250000,5.140000,5.210000,273630,SSI iBoard
2010-09-24,5.140000,5.210000,5.100000,5.140000,212270,SSI iBoard
2010-09-27,5.170000,5.170000,5.100000,5.100000,133920,SSI iBoard
2010-09-28,5.140000,5.170000,5.100000,5.170000,193510,SSI iBoard
2010-09-29,5.170000,5.170000,5.100000,5.140000,223820,SSI iBoard
2010-09-30,5.170000,5.210000,5.170000,5.170000,271620,SSI iBoard
2010-10-01,5.250000,5.250000,5.140000,5.170000,186980,SSI iBoard
2010-10-04,5.170000,5.170000,5.100000,5.170000,231740,SSI iBoard
2010-10-05,5.100000,5.250000,5.100000,5.250000,307630,SSI iBoard
2010-10-06,5.250000,5.280000,5.210000,5.280000,243910,SSI iBoard
2010-10-07,5.170000,5.390000,5.170000,5.360000,449790,SSI iBoard
2010-10-08,5.360000,5.360000,5.320000,5.320000,209350,SSI iBoard
2010-10-11,5.210000,5.280000,5.210000,5.250000,120700,SSI iBoard
2010-10-12,5.210000,5.250000,5.170000,5.210000,97840,SSI iBoard
2010-10-13,5.210000,5.280000,5.170000,5.280000,299390,SSI iBoard
2010-10-14,5.280000,5.320000,5.250000,5.320000,191890,SSI iBoard
2010-10-15,5.250000,5.280000,5.170000,5.210000,345600,SSI iBoard
2010-10-18,5.250000,5.250000,5.210000,5.210000,136180,SSI iBoard
2010-10-19,5.250000,5.250000,5.210000,5.210000,257230,SSI iBoard
2010-10-20,5.210000,5.210000,5.100000,5.140000,176310,SSI iBoard
2010-10-21,5.100000,5.140000,5.060000,5.060000,211180,SSI iBoard
2010-10-22,5.060000,5.060000,5.030000,5.060000,155560,SSI iBoard
2010-10-25,5.060000,5.100000,4.990000,5.060000,292180,SSI iBoard
2010-10-26,5.210000,5.250000,5.060000,5.210000,360540,SSI iBoard
2010-10-27,5.250000,5.360000,5.250000,5.280000,563730,SSI iBoard
2010-10-28,5.250000,5.360000,5.250000,5.360000,487350,SSI iBoard
2010-10-29,5.390000,5.610000,5.390000,5.570000,767340,SSI iBoard
2010-11-01,5.570000,5.570000,5.390000,5.430000,252080,SSI iBoard
2010-11-02,5.390000,5.430000,5.320000,5.320000,126370,SSI iBoard
2010-11-03,5.390000,5.390000,5.250000,5.320000,123750,SSI iBoard
2010-11-04,5.280000,5.360000,5.280000,5.360000,48220,SSI iBoard
2010-11-05,5.390000,5.540000,5.320000,5.540000,519640,SSI iBoard
2010-11-08,5.540000,5.540000,5.280000,5.280000,248250,SSI iBoard
2010-11-09,5.390000,5.390000,5.280000,5.320000,320870,SSI iBoard
2010-11-10,5.360000,5.390000,5.320000,5.390000,251370,SSI iBoard
2010-11-11,5.280000,5.390000,5.280000,5.280000,72750,SSI iBoard
2010-11-12,5.250000,5.250000,5.140000,5.250000,263630,SSI iBoard
2010-11-15,5.170000,5.250000,5.060000,5.100000,198760,SSI iBoard
2010-11-16,5.100000,5.100000,5.030000,5.060000,274720,SSI iBoard
2010-11-17,5.100000,5.140000,4.990000,4.990000,331060,SSI iBoard
2010-11-18,5.100000,5.100000,4.990000,5.030000,177040,SSI iBoard
2010-11-19,5.140000,5.140000,4.960000,4.960000,282930,SSI iBoard
2010-11-22,4.850000,5.030000,4.850000,5.030000,153690,SSI iBoard
2010-11-23,5.030000,5.140000,5.030000,5.100000,165780,SSI iBoard
2010-11-24,5.100000,5.170000,5.030000,5.170000,95090,SSI iBoard
2010-11-25,5.140000,5.170000,5.100000,5.100000,75870,SSI iBoard
2010-11-26,5.140000,5.140000,4.990000,4.990000,123150,SSI iBoard
2010-11-29,5.030000,5.140000,5.030000,5.140000,162860,SSI iBoard
2010-11-30,5.360000,5.360000,5.100000,5.100000,243360,SSI iBoard
2010-12-01,5.140000,5.140000,4.990000,4.990000,691780,SSI iBoard
2010-12-02,5.060000,5.100000,4.990000,5.030000,177920,SSI iBoard
2010-12-03,5.140000,5.140000,5.030000,5.030000,229420,SSI iBoard
2010-12-06,5.030000,5.030000,4.920000,4.990000,617980,SSI iBoard
2010-12-07,4.960000,4.990000,4.920000,4.920000,341380,SSI iBoard
2010-12-08,4.960000,4.960000,4.880000,4.880000,144930,SSI iBoard
2010-12-09,4.920000,4.990000,4.880000,4.960000,161060,SSI iBoard
2010-12-10,4.990000,4.990000,4.920000,4.990000,419620,SSI iBoard
2010-12-13,4.990000,5.100000,4.990000,5.060000,383130,SSI iBoard
2010-12-14,5.060000,5.060000,4.960000,5.030000,383570,SSI iBoard
2010-12-15,4.990000,5.030000,4.920000,4.920000,429720,SSI iBoard
2010-12-16,4.850000,4.920000,4.770000,4.770000,453340,SSI iBoard
2010-12-17,4.810000,4.850000,4.770000,4.810000,416970,SSI iBoard
2010-12-20,4.810000,4.880000,4.700000,4.810000,412040,SSI iBoard
2010-12-21,4.740000,4.810000,4.700000,4.740000,487160,SSI iBoard
2010-12-22,4.740000,4.770000,4.700000,4.700000,251060,SSI iBoard
2010-12-23,4.660000,4.740000,4.660000,4.740000,347800,SSI iBoard
2010-12-24,4.740000,4.770000,4.660000,4.700000,231970,SSI iBoard
2010-12-27,4.740000,4.740000,4.660000,4.700000,256120,SSI iBoard
2010-12-28,4.740000,4.740000,4.660000,4.740000,285250,SSI iBoard
2010-12-29,4.740000,4.740000,4.630000,4.700000,326940,SSI iBoard
2010-12-30,4.630000,4.700000,4.630000,4.630000,536960,SSI iBoard
2010-12-31,4.630000,4.700000,4.630000,4.700000,291090,SSI iBoard
2011-01-04,4.740000,4.740000,4.630000,4.630000,253340,SSI iBoard
2011-01-05,4.660000,4.660000,4.520000,4.550000,319330,SSI iBoard
2011-01-06,4.520000,4.590000,4.520000,4.550000,133570,SSI iBoard
2011-01-07,4.520000,4.550000,4.520000,4.520000,482230,SSI iBoard
2011-01-10,4.520000,4.630000,4.520000,4.550000,389750,SSI iBoard
2011-01-11,4.550000,4.590000,4.480000,4.550000,248270,SSI iBoard
2011-01-12,4.590000,4.590000,4.450000,4.450000,365320,SSI iBoard
2011-01-13,4.410000,4.480000,4.410000,4.410000,207110,SSI iBoard
2011-01-14,4.550000,4.630000,4.550000,4.630000,185040,SSI iBoard
2011-01-17,4.850000,4.850000,4.740000,4.740000,590470,SSI iBoard
2011-01-18,4.740000,4.810000,4.700000,4.740000,346590,SSI iBoard
2011-01-19,4.810000,4.810000,4.700000,4.700000,244690,SSI iBoard
2011-01-20,4.660000,4.700000,4.630000,4.630000,140760,SSI iBoard
2011-01-21,4.740000,4.740000,4.660000,4.660000,285390,SSI iBoard
2011-01-24,4.660000,4.660000,4.590000,4.590000,370470,SSI iBoard
2011-01-25,4.550000,4.630000,4.550000,4.550000,437760,SSI iBoard
2011-01-26,4.520000,4.550000,4.480000,4.520000,348000,SSI iBoard
2011-01-27,4.480000,4.740000,4.480000,4.740000,386830,SSI iBoard
2011-01-28,4.770000,4.770000,4.590000,4.590000,408070,SSI iBoard
2011-02-08,4.630000,4.810000,4.630000,4.630000,480160,SSI iBoard
2011-02-09,4.740000,4.740000,4.590000,4.590000,211100,SSI iBoard
2011-02-10,4.590000,4.630000,4.550000,4.550000,393200,SSI iBoard
2011-02-11,4.550000,4.550000,4.480000,4.520000,576950,SSI iBoard
2011-02-14,4.590000,4.590000,4.450000,4.480000,290810,SSI iBoard
2011-02-15,4.450000,4.480000,4.450000,4.480000,266520,SSI iBoard
2011-02-16,4.480000,4.520000,4.450000,4.450000,179170,SSI iBoard
2011-02-17,4.450000,4.450000,4.370000,4.450000,182910,SSI iBoard
2011-02-18,4.370000,4.450000,4.230000,4.230000,674860,SSI iBoard
2011-02-21,4.150000,4.150000,4.040000,4.040000,349210,SSI iBoard
2011-02-22,3.900000,4.040000,3.860000,3.940000,654500,SSI iBoard
2011-02-23,3.900000,4.040000,3.900000,3.900000,379950,SSI iBoard
2011-02-24,3.790000,3.860000,3.720000,3.860000,591360,SSI iBoard
2011-02-28,4.010000,4.120000,3.940000,3.940000,466550,SSI iBoard
2011-03-01,3.940000,3.970000,3.900000,3.970000,223800,SSI iBoard
2011-03-02,3.970000,3.970000,3.790000,3.940000,428290,SSI iBoard
2011-03-04,4.010000,4.010000,3.940000,3.940000,260440,SSI iBoard
2011-03-07,3.940000,3.970000,3.940000,3.940000,132760,SSI iBoard
2011-03-08,3.940000,4.010000,3.940000,4.010000,233450,SSI iBoard
2011-03-09,4.010000,4.010000,3.830000,3.940000,176060,SSI iBoard
2011-03-10,3.900000,3.970000,3.900000,3.970000,301530,SSI iBoard
2011-03-11,4.010000,4.010000,3.940000,3.940000,288970,SSI iBoard
2011-03-14,3.860000,3.940000,3.860000,3.860000,179190,SSI iBoard
2011-03-15,3.830000,3.860000,3.830000,3.830000,190180,SSI iBoard
2011-03-16,3.860000,3.860000,3.790000,3.830000,246180,SSI iBoard
2011-03-17,3.830000,3.860000,3.790000,3.790000,118750,SSI iBoard
2011-03-18,3.790000,3.860000,3.750000,3.860000,412110,SSI iBoard
2011-03-21,3.900000,3.900000,3.860000,3.860000,229180,SSI iBoard
2011-03-22,3.860000,3.900000,3.830000,3.860000,214610,SSI iBoard
2011-03-23,3.860000,3.900000,3.860000,3.900000,101550,SSI iBoard
2011-03-24,3.860000,3.900000,3.830000,3.860000,52750,SSI iBoard
2011-03-25,3.830000,3.830000,3.790000,3.830000,99110,SSI iBoard
2011-03-28,3.860000,3.860000,3.750000,3.790000,67550,SSI iBoard
2011-03-29,3.790000,3.790000,3.750000,3.750000,35290,SSI iBoard
2011-03-30,3.720000,3.750000,3.680000,3.720000,196660,SSI iBoard
2011-03-31,3.720000,3.750000,3.680000,3.720000,58030,SSI iBoard
2011-04-01,3.720000,3.720000,3.620000,3.640000,122770,SSI iBoard
2011-04-04,3.790000,3.790000,3.790000,3.790000,131820,SSI iBoard
2011-04-05,3.970000,3.970000,3.970000,3.970000,122720,SSI iBoard
2011-04-06,4.150000,4.150000,4.150000,4.150000,324410,SSI iBoard
2011-04-07,4.190000,4.340000,4.150000,4.190000,1194250,SSI iBoard
2011-04-08,4.150000,4.190000,4.120000,4.190000,215430,SSI iBoard
2011-04-13,4.010000,4.190000,4.010000,4.010000,184160,SSI iBoard
2011-04-14,3.900000,4.010000,3.860000,3.860000,143580,SSI iBoard
2011-04-15,3.860000,3.900000,3.830000,3.860000,268920,SSI iBoard
2011-04-19,3.680000,3.790000,3.680000,3.720000,121670,SSI iBoard
2011-04-20,3.750000,3.750000,3.680000,3.680000,288500,SSI iBoard
2011-04-21,3.680000,3.720000,3.640000,3.680000,125940,SSI iBoard
2011-04-22,3.750000,3.750000,3.640000,3.640000,108710,SSI iBoard
2011-04-25,3.640000,3.790000,3.640000,3.790000,104440,SSI iBoard
2011-04-26,3.790000,3.830000,3.720000,3.720000,142470,SSI iBoard
2011-04-27,3.790000,3.790000,3.640000,3.720000,283140,SSI iBoard
2011-04-28,3.720000,3.720000,3.640000,3.680000,106310,SSI iBoard
2011-04-29,3.680000,3.790000,3.680000,3.720000,198900,SSI iBoard
2011-05-04,3.680000,3.790000,3.680000,3.750000,116010,SSI iBoard
2011-05-05,3.790000,3.790000,3.750000,3.790000,99170,SSI iBoard
2011-05-06,3.790000,3.900000,3.790000,3.830000,173370,SSI iBoard
2011-05-09,3.900000,3.900000,3.830000,3.900000,169860,SSI iBoard
2011-05-10,3.900000,3.940000,3.900000,3.900000,184360,SSI iBoard
2011-05-11,3.830000,3.900000,3.830000,3.860000,296850,SSI iBoard
2011-05-12,3.790000,3.860000,3.790000,3.860000,101770,SSI iBoard
2011-05-13,3.860000,3.900000,3.860000,3.860000,206020,SSI iBoard
2011-05-16,3.860000,3.900000,3.790000,3.790000,153430,SSI iBoard
2011-05-17,3.750000,3.830000,3.750000,3.790000,103050,SSI iBoard
2011-05-18,3.680000,3.750000,3.680000,3.750000,121770,SSI iBoard
2011-05-19,3.790000,3.830000,3.750000,3.790000,103090,SSI iBoard
2011-05-20,3.790000,3.790000,3.660000,3.720000,222500,SSI iBoard
2011-05-23,3.680000,3.680000,3.530000,3.530000,207850,SSI iBoard
2011-05-24,3.420000,3.430000,3.360000,3.360000,245690,SSI iBoard
2011-05-25,3.200000,3.210000,3.190000,3.190000,311790,SSI iBoard
2011-05-26,3.040000,3.350000,3.040000,3.350000,253150,SSI iBoard
2011-05-27,3.500000,3.500000,3.330000,3.360000,329390,SSI iBoard
2011-05-30,3.370000,3.370000,3.330000,3.330000,207990,SSI iBoard
2011-05-31,3.330000,3.330000,3.310000,3.330000,122910,SSI iBoard
2011-06-01,3.200000,3.500000,3.200000,3.500000,410760,SSI iBoard
2011-06-02,3.600000,3.660000,3.580000,3.660000,342390,SSI iBoard
2011-06-03,3.750000,3.750000,3.660000,3.720000,410090,SSI iBoard
2011-06-06,3.680000,3.720000,3.650000,3.680000,274460,SSI iBoard
2011-06-07,3.610000,3.830000,3.610000,3.830000,283800,SSI iBoard
2011-06-08,3.970000,3.970000,3.750000,3.750000,267390,SSI iBoard
2011-06-09,3.680000,3.750000,3.680000,3.750000,23780,SSI iBoard
2011-06-10,3.750000,3.790000,3.720000,3.720000,126840,SSI iBoard
2011-06-13,3.680000,3.720000,3.680000,3.720000,127810,SSI iBoard
2011-06-14,3.680000,3.860000,3.680000,3.680000,236750,SSI iBoard
2011-06-15,3.680000,3.720000,3.670000,3.680000,388950,SSI iBoard
2011-06-16,3.640000,3.750000,3.640000,3.720000,69510,SSI iBoard
2011-06-17,3.750000,3.790000,3.680000,3.680000,471410,SSI iBoard
2011-06-20,3.680000,3.720000,3.640000,3.640000,98350,SSI iBoard
2011-06-21,3.670000,3.720000,3.650000,3.680000,109460,SSI iBoard
2011-06-22,3.680000,3.720000,3.670000,3.720000,154350,SSI iBoard
2011-06-23,3.680000,3.720000,3.660000,3.660000,114290,SSI iBoard
2011-06-24,3.660000,3.680000,3.640000,3.640000,153920,SSI iBoard
2011-06-27,3.680000,3.680000,3.580000,3.580000,118410,SSI iBoard
2011-06-28,3.580000,3.610000,3.580000,3.610000,83480,SSI iBoard
2011-06-29,3.560000,3.610000,3.540000,3.540000,154190,SSI iBoard
2011-06-30,3.610000,3.610000,3.520000,3.530000,124130,SSI iBoard
2011-07-01,3.530000,3.570000,3.430000,3.430000,138900,SSI iBoard
2011-07-04,3.430000,3.460000,3.380000,3.380000,338130,SSI iBoard
2011-07-05,3.380000,3.460000,3.380000,3.380000,258620,SSI iBoard
2011-07-06,3.380000,3.440000,3.380000,3.440000,98560,SSI iBoard
2011-07-07,3.440000,3.460000,3.420000,3.430000,91950,SSI iBoard
2011-07-08,3.430000,3.600000,3.430000,3.570000,174530,SSI iBoard
2011-07-11,3.570000,3.630000,3.540000,3.580000,146840,SSI iBoard
2011-07-12,3.580000,3.640000,3.580000,3.630000,292020,SSI iBoard
2011-07-13,3.680000,3.680000,3.650000,3.680000,289890,SSI iBoard
2011-07-14,3.680000,3.680000,3.640000,3.670000,135280,SSI iBoard
2011-07-15,3.640000,3.640000,3.610000,3.630000,104220,SSI iBoard
2011-07-18,3.610000,3.640000,3.610000,3.640000,89710,SSI iBoard
2011-07-19,3.630000,3.660000,3.630000,3.660000,121960,SSI iBoard
2011-07-20,3.670000,3.830000,3.670000,3.830000,366650,SSI iBoard
2011-07-21,3.830000,3.830000,3.720000,3.750000,158820,SSI iBoard
2011-07-22,3.750000,3.790000,3.720000,3.750000,146550,SSI iBoard
2011-07-25,3.720000,3.790000,3.720000,3.790000,142370,SSI iBoard
2011-07-26,3.790000,3.900000,3.790000,3.860000,243710,SSI iBoard
2011-07-27,3.900000,4.050000,3.900000,4.050000,425270,SSI iBoard
2011-07-28,4.120000,4.190000,4.120000,4.190000,537770,SSI iBoard
2011-07-29,4.270000,4.270000,4.160000,4.230000,1074930,SSI iBoard
2011-08-01,4.160000,4.190000,4.050000,4.080000,551710,SSI iBoard
2011-08-02,3.940000,4.080000,3.940000,3.940000,165510,SSI iBoard
2011-08-03,3.900000,4.010000,3.900000,4.010000,120250,SSI iBoard
2011-08-04,4.010000,4.160000,4.010000,4.080000,126230,SSI iBoard
2011-08-05,4.050000,4.080000,4.050000,4.050000,111610,SSI iBoard
2011-08-08,3.970000,4.050000,3.940000,3.940000,358070,SSI iBoard
2011-08-09,3.830000,3.940000,3.790000,3.790000,424290,SSI iBoard
2011-08-10,3.830000,3.940000,3.830000,3.860000,488660,SSI iBoard
2011-08-11,3.860000,3.970000,3.830000,3.970000,316140,SSI iBoard
2011-08-12,3.970000,3.970000,3.940000,3.970000,154110,SSI iBoard
2011-08-15,3.970000,3.970000,3.900000,3.970000,206230,SSI iBoard
2011-08-16,3.940000,4.010000,3.940000,3.970000,94410,SSI iBoard
2011-08-17,4.010000,4.010000,3.970000,4.010000,127240,SSI iBoard
2011-08-18,4.120000,4.120000,4.010000,4.050000,81300,SSI iBoard
2011-08-19,4.080000,4.080000,3.970000,3.970000,65190,SSI iBoard
2011-08-22,3.970000,4.050000,3.970000,4.010000,161650,SSI iBoard
2011-08-23,3.970000,4.050000,3.970000,4.010000,170910,SSI iBoard
2011-08-24,4.010000,4.050000,3.970000,4.010000,166310,SSI iBoard
2011-08-25,4.080000,4.080000,3.970000,4.010000,94480,SSI iBoard
2011-08-26,4.050000,4.050000,4.010000,4.050000,140950,SSI iBoard
2011-08-29,4.120000,4.120000,4.010000,4.080000,113040,SSI iBoard
2011-08-30,4.120000,4.120000,4.080000,4.120000,284400,SSI iBoard
2011-08-31,4.120000,4.120000,4.080000,4.080000,516820,SSI iBoard
2011-09-01,4.120000,4.160000,4.080000,4.120000,242150,SSI iBoard
2011-09-05,4.160000,4.160000,4.080000,4.120000,179960,SSI iBoard
2011-09-06,4.120000,4.120000,4.050000,4.120000,189880,SSI iBoard
2011-09-07,4.120000,4.120000,4.050000,4.080000,214520,SSI iBoard
2011-09-08,4.120000,4.160000,4.080000,4.120000,173880,SSI iBoard
2011-09-09,4.120000,4.120000,4.010000,4.050000,305190,SSI iBoard
2011-09-12,3.970000,4.010000,3.900000,3.940000,255610,SSI iBoard
2011-09-13,4.010000,4.010000,3.860000,3.860000,848190,SSI iBoard
2011-09-14,3.830000,3.830000,3.720000,3.720000,600240,SSI iBoard
2011-09-15,3.860000,3.900000,3.830000,3.900000,1158780,SSI iBoard
2011-09-16,3.900000,4.080000,3.790000,3.790000,1394610,SSI iBoard
2011-09-19,3.790000,3.970000,3.790000,3.970000,330060,SSI iBoard
2011-09-20,3.900000,4.010000,3.900000,3.900000,539860,SSI iBoard
2011-09-21,3.940000,3.970000,3.900000,3.940000,521700,SSI iBoard
2011-09-22,3.900000,3.970000,3.860000,3.940000,242400,SSI iBoard
2011-09-23,3.860000,3.900000,3.830000,3.860000,156500,SSI iBoard
2011-09-26,3.830000,3.860000,3.790000,3.790000,293270,SSI iBoard
2011-09-27,3.860000,3.900000,3.830000,3.830000,297060,SSI iBoard
2011-09-28,3.860000,3.900000,3.830000,3.860000,122420,SSI iBoard
2011-09-29,3.860000,3.900000,3.830000,3.860000,171900,SSI iBoard
2011-09-30,3.860000,3.900000,3.830000,3.860000,302940,SSI iBoard
2011-10-03,3.860000,3.860000,3.830000,3.830000,175530,SSI iBoard
2011-10-04,3.750000,3.830000,3.750000,3.830000,183950,SSI iBoard
2011-10-05,3.830000,3.830000,3.750000,3.790000,617080,SSI iBoard
2011-10-06,3.750000,3.790000,3.720000,3.750000,543870,SSI iBoard
2011-10-07,3.740000,3.740000,3.700000,3.710000,334910,SSI iBoard
2011-10-10,3.650000,3.680000,3.650000,3.680000,241020,SSI iBoard
2011-10-11,3.680000,3.710000,3.670000,3.680000,148310,SSI iBoard
2011-10-12,3.670000,3.680000,3.660000,3.670000,223900,SSI iBoard
2011-10-13,3.650000,3.710000,3.650000,3.710000,182530,SSI iBoard
2011-10-14,3.710000,3.750000,3.710000,3.750000,157850,SSI iBoard
2011-10-17,3.710000,3.730000,3.700000,3.700000,305380,SSI iBoard
2011-10-18,3.680000,3.690000,3.670000,3.680000,158590,SSI iBoard
2011-10-19,3.680000,3.680000,3.650000,3.660000,278000,SSI iBoard
2011-10-20,3.640000,3.670000,3.640000,3.650000,185230,SSI iBoard
2011-10-21,3.650000,3.720000,3.640000,3.720000,438200,SSI iBoard
2011-10-24,3.720000,3.720000,3.620000,3.620000,221630,SSI iBoard
2011-10-25,3.610000,3.620000,3.580000,3.580000,242580,SSI iBoard
2011-10-26,3.560000,3.700000,3.560000,3.640000,275300,SSI iBoard
2011-10-27,3.600000,3.650000,3.600000,3.640000,241780,SSI iBoard
2011-10-28,3.680000,3.750000,3.640000,3.750000,295130,SSI iBoard
2011-10-31,3.830000,3.830000,3.710000,3.710000,409820,SSI iBoard
2011-11-01,3.720000,3.720000,3.680000,3.680000,174910,SSI iBoard
2011-11-02,3.680000,3.740000,3.680000,3.730000,310510,SSI iBoard
2011-11-03,3.730000,3.730000,3.680000,3.700000,235790,SSI iBoard
2011-11-04,3.700000,3.750000,3.700000,3.740000,359090,SSI iBoard
2011-11-07,3.740000,3.750000,3.710000,3.740000,302770,SSI iBoard
2011-11-08,3.740000,3.740000,3.660000,3.680000,107750,SSI iBoard
2011-11-09,3.710000,3.710000,3.660000,3.660000,112570,SSI iBoard
2011-11-10,3.650000,3.660000,3.640000,3.660000,172320,SSI iBoard
2011-11-11,3.650000,3.670000,3.650000,3.650000,225640,SSI iBoard
2011-11-14,3.590000,3.640000,3.590000,3.600000,119260,SSI iBoard
2011-11-15,3.560000,3.610000,3.560000,3.560000,273560,SSI iBoard
2011-11-16,3.550000,3.600000,3.550000,3.600000,175510,SSI iBoard
2011-11-17,3.600000,3.620000,3.580000,3.620000,238160,SSI iBoard
2011-11-18,3.640000,3.640000,3.590000,3.620000,73630,SSI iBoard
2011-11-21,3.590000,3.620000,3.590000,3.620000,94000,SSI iBoard
2011-11-22,3.610000,3.660000,3.600000,3.650000,181280,SSI iBoard
2011-11-23,3.620000,3.680000,3.620000,3.680000,293890,SSI iBoard
2011-11-24,3.620000,3.690000,3.620000,3.680000,190630,SSI iBoard
2011-11-28,3.670000,3.680000,3.660000,3.660000,139210,SSI iBoard
2011-11-29,3.680000,3.680000,3.650000,3.660000,170570,SSI iBoard
2011-11-30,3.660000,3.690000,3.660000,3.680000,346600,SSI iBoard
2011-12-01,3.640000,3.690000,3.640000,3.690000,146480,SSI iBoard
2011-12-02,3.690000,3.730000,3.680000,3.700000,428220,SSI iBoard
2011-12-05,3.710000,3.750000,3.700000,3.750000,425860,SSI iBoard
2011-12-06,3.790000,3.790000,3.720000,3.750000,285080,SSI iBoard
2011-12-07,3.750000,3.790000,3.740000,3.750000,227000,SSI iBoard
2011-12-08,3.750000,3.790000,3.740000,3.740000,44930,SSI iBoard
2011-12-09,3.790000,3.790000,3.710000,3.710000,73460,SSI iBoard
2011-12-12,3.690000,3.730000,3.690000,3.710000,232810,SSI iBoard
2011-12-13,3.690000,3.720000,3.690000,3.710000,242460,SSI iBoard
2011-12-14,3.690000,3.710000,3.680000,3.680000,215210,SSI iBoard
2011-12-15,3.650000,3.670000,3.640000,3.650000,93070,SSI iBoard
2011-12-16,3.620000,3.710000,3.620000,3.680000,170350,SSI iBoard
2011-12-19,3.680000,3.710000,3.680000,3.710000,134470,SSI iBoard
2011-12-20,3.600000,3.720000,3.600000,3.710000,163100,SSI iBoard
2011-12-21,3.710000,3.720000,3.700000,3.710000,88790,SSI iBoard
2011-12-22,3.710000,3.730000,3.680000,3.710000,195010,SSI iBoard
2011-12-23,3.650000,3.680000,3.650000,3.680000,24820,SSI iBoard
2011-12-26,3.690000,3.690000,3.640000,3.670000,108960,SSI iBoard
2011-12-27,3.670000,3.670000,3.640000,3.650000,139750,SSI iBoard
2011-12-28,3.660000,3.660000,3.630000,3.650000,97800,SSI iBoard
2011-12-29,3.680000,3.710000,3.620000,3.710000,140960,SSI iBoard
2011-12-30,3.740000,3.740000,3.680000,3.730000,163170,SSI iBoard
2012-01-03,3.560000,3.710000,3.560000,3.690000,74810,SSI iBoard
2012-01-04,3.700000,3.700000,3.680000,3.690000,29710,SSI iBoard
2012-01-05,3.620000,3.670000,3.610000,3.620000,64890,SSI iBoard
2012-01-06,3.640000,3.650000,3.620000,3.650000,66090,SSI iBoard
2012-01-09,3.650000,3.660000,3.620000,3.660000,46080,SSI iBoard
2012-01-10,3.640000,3.710000,3.640000,3.710000,200350,SSI iBoard
2012-01-11,3.710000,3.720000,3.680000,3.710000,155570,SSI iBoard
2012-01-12,3.660000,3.710000,3.660000,3.680000,46310,SSI iBoard
2012-01-13,3.680000,3.750000,3.680000,3.750000,152630,SSI iBoard
2012-01-16,3.750000,3.860000,3.750000,3.830000,456650,SSI iBoard
2012-01-17,3.790000,3.830000,3.710000,3.710000,74440,SSI iBoard
2012-01-18,3.790000,3.790000,3.710000,3.710000,50280,SSI iBoard
2012-01-19,3.790000,3.790000,3.710000,3.730000,87760,SSI iBoard
2012-01-20,3.740000,3.740000,3.710000,3.730000,71050,SSI iBoard
2012-01-30,3.750000,3.750000,3.730000,3.750000,32540,SSI iBoard
2012-01-31,3.750000,3.830000,3.730000,3.730000,41940,SSI iBoard
2012-02-01,3.830000,3.830000,3.740000,3.790000,44510,SSI iBoard
2012-02-02,3.750000,3.830000,3.750000,3.830000,83390,SSI iBoard
2012-02-03,3.830000,3.830000,3.790000,3.790000,182230,SSI iBoard
2012-02-06,3.790000,3.830000,3.750000,3.790000,40770,SSI iBoard
2012-02-07,3.790000,3.830000,3.750000,3.790000,74910,SSI iBoard
2012-02-08,3.830000,3.860000,3.790000,3.860000,168150,SSI iBoard
2012-02-09,3.860000,3.900000,3.830000,3.900000,153780,SSI iBoard
2012-02-10,3.900000,3.900000,3.860000,3.860000,195060,SSI iBoard
2012-02-13,3.900000,3.900000,3.830000,3.830000,113870,SSI iBoard
2012-02-14,3.830000,3.860000,3.790000,3.830000,121790,SSI iBoard
2012-02-15,3.860000,3.860000,3.830000,3.830000,149520,SSI iBoard
2012-02-16,3.790000,3.900000,3.790000,3.860000,94590,SSI iBoard
2012-02-17,3.830000,3.900000,3.830000,3.900000,102740,SSI iBoard
2012-02-20,3.900000,4.050000,3.900000,4.050000,283860,SSI iBoard
2012-02-21,4.050000,4.090000,4.010000,4.050000,328510,SSI iBoard
2012-02-22,4.090000,4.130000,4.050000,4.090000,155470,SSI iBoard
2012-02-23,4.050000,4.130000,4.050000,4.090000,172180,SSI iBoard
2012-02-24,4.160000,4.160000,4.090000,4.090000,147980,SSI iBoard
2012-02-27,4.050000,4.130000,4.050000,4.130000,141080,SSI iBoard
2012-02-28,4.050000,4.130000,4.050000,4.090000,172050,SSI iBoard
2012-02-29,4.090000,4.130000,4.050000,4.130000,152530,SSI iBoard
2012-03-01,4.130000,4.130000,4.090000,4.130000,91140,SSI iBoard
2012-03-02,4.130000,4.160000,4.090000,4.160000,166410,SSI iBoard
2012-03-05,4.200000,4.350000,4.200000,4.350000,427300,SSI iBoard
2012-03-06,4.500000,4.500000,4.200000,4.200000,291610,SSI iBoard
2012-03-07,4.200000,4.310000,4.160000,4.310000,190770,SSI iBoard
2012-03-08,4.280000,4.310000,4.160000,4.240000,319980,SSI iBoard
2012-03-09,4.200000,4.310000,4.200000,4.240000,188640,SSI iBoard
2012-03-12,4.200000,4.240000,4.200000,4.240000,152560,SSI iBoard
2012-03-13,4.240000,4.280000,4.240000,4.280000,103290,SSI iBoard
2012-03-14,4.280000,4.310000,4.240000,4.280000,136140,SSI iBoard
2012-03-15,4.280000,4.430000,4.280000,4.430000,431230,SSI iBoard
2012-03-16,4.460000,4.500000,4.430000,4.430000,287960,SSI iBoard
2012-03-19,4.350000,4.430000,4.310000,4.430000,91380,SSI iBoard
2012-03-20,4.430000,4.430000,4.390000,4.390000,94310,SSI iBoard
2012-03-21,4.390000,4.430000,4.350000,4.390000,145260,SSI iBoard
2012-03-22,4.390000,4.390000,4.310000,4.310000,90050,SSI iBoard
2012-03-23,4.350000,4.350000,4.310000,4.350000,71320,SSI iBoard
2012-03-26,4.350000,4.350000,4.310000,4.350000,112360,SSI iBoard
2012-03-27,4.280000,4.350000,4.280000,4.310000,185140,SSI iBoard
2012-03-28,4.240000,4.350000,4.240000,4.350000,227840,SSI iBoard
2012-03-29,4.350000,4.390000,4.310000,4.350000,188180,SSI iBoard
2012-03-30,4.390000,4.430000,4.310000,4.350000,227480,SSI iBoard
2012-04-03,4.350000,4.390000,4.350000,4.350000,77770,SSI iBoard
2012-04-04,4.390000,4.430000,4.350000,4.350000,229600,SSI iBoard
2012-04-05,4.390000,4.540000,4.350000,4.460000,522960,SSI iBoard
2012-04-06,4.500000,4.500000,4.460000,4.460000,46820,SSI iBoard
2012-04-09,4.540000,4.540000,4.460000,4.500000,86600,SSI iBoard
2012-04-10,4.540000,4.540000,4.460000,4.500000,97870,SSI iBoard
2012-04-11,4.540000,4.690000,4.500000,4.690000,401940,SSI iBoard
2012-04-12,4.730000,4.770000,4.690000,4.730000,181420,SSI iBoard
2012-04-13,4.730000,4.730000,4.580000,4.580000,129430,SSI iBoard
2012-04-16,4.650000,4.730000,4.610000,4.650000,128380,SSI iBoard
2012-04-17,4.730000,4.730000,4.610000,4.690000,123760,SSI iBoard
2012-04-18,4.730000,4.730000,4.650000,4.650000,113720,SSI iBoard
2012-04-19,4.650000,4.690000,4.460000,4.460000,301330,SSI iBoard
2012-04-20,4.500000,4.610000,4.430000,4.430000,240320,SSI iBoard
2012-04-23,4.460000,4.580000,4.390000,4.390000,139090,SSI iBoard
2012-04-24,4.460000,4.500000,4.430000,4.500000,81550,SSI iBoard
2012-04-25,4.610000,4.610000,4.500000,4.540000,79440,SSI iBoard
2012-04-26,4.610000,4.610000,4.460000,4.460000,180500,SSI iBoard
2012-04-27,4.500000,4.540000,4.460000,4.460000,108790,SSI iBoard
2012-05-02,4.650000,4.650000,4.610000,4.650000,425310,SSI iBoard
2012-05-03,4.880000,4.880000,4.800000,4.880000,550510,SSI iBoard
2012-05-04,4.880000,4.990000,4.880000,4.950000,388650,SSI iBoard
2012-05-07,4.990000,5.030000,4.920000,5.030000,284350,SSI iBoard
2012-05-08,5.030000,5.070000,4.950000,4.990000,311770,SSI iBoard
2012-05-09,4.950000,4.990000,4.920000,4.950000,264470,SSI iBoard
2012-05-10,4.990000,4.990000,4.920000,4.920000,290000,SSI iBoard
2012-05-11,4.990000,4.990000,4.840000,4.840000,284390,SSI iBoard
2012-05-14,4.880000,4.920000,4.800000,4.800000,213220,SSI iBoard
2012-05-15,4.960000,4.960000,4.710000,4.720000,350530,SSI iBoard
2012-05-16,4.750000,4.760000,4.700000,4.700000,110580,SSI iBoard
2012-05-17,4.720000,4.760000,4.720000,4.750000,160230,SSI iBoard
2012-05-18,4.750000,4.750000,4.570000,4.620000,264100,SSI iBoard
2012-05-21,4.760000,4.810000,4.670000,4.810000,167520,SSI iBoard
2012-05-22,4.860000,4.860000,4.740000,4.750000,89520,SSI iBoard
2012-05-23,4.720000,4.750000,4.620000,4.650000,127830,SSI iBoard
2012-05-24,4.650000,4.670000,4.630000,4.630000,99980,SSI iBoard
2012-05-25,4.730000,4.730000,4.670000,4.730000,103830,SSI iBoard
2012-05-28,4.720000,4.760000,4.720000,4.730000,124200,SSI iBoard
2012-05-29,4.720000,4.730000,4.690000,4.720000,64910,SSI iBoard
2012-05-30,4.760000,4.760000,4.700000,4.730000,65430,SSI iBoard
2012-05-31,4.700000,4.720000,4.700000,4.710000,140030,SSI iBoard
2012-06-01,4.710000,4.720000,4.700000,4.700000,38050,SSI iBoard
2012-06-04,4.700000,4.700000,4.670000,4.670000,99040,SSI iBoard
2012-06-05,4.640000,4.680000,4.640000,4.670000,146830,SSI iBoard
2012-06-06,4.710000,4.710000,4.660000,4.700000,53290,SSI iBoard
2012-06-07,4.730000,4.730000,4.700000,4.700000,32200,SSI iBoard
2012-06-08,4.720000,4.760000,4.670000,4.670000,82110,SSI iBoard
2012-06-11,4.710000,4.710000,4.640000,4.680000,41690,SSI iBoard
2012-06-12,4.670000,4.690000,4.660000,4.670000,85420,SSI iBoard
2012-06-13,4.690000,4.690000,4.660000,4.670000,71920,SSI iBoard
2012-06-14,4.690000,4.690000,4.640000,4.650000,70750,SSI iBoard
2012-06-15,4.680000,4.680000,4.650000,4.660000,108970,SSI iBoard
2012-06-18,4.730000,4.730000,4.660000,4.680000,34490,SSI iBoard
2012-06-19,4.670000,4.690000,4.660000,4.680000,103760,SSI iBoard
2012-06-20,4.720000,4.720000,4.680000,4.700000,89720,SSI iBoard
2012-06-21,4.690000,4.700000,4.670000,4.690000,50360,SSI iBoard
2012-06-22,4.680000,4.690000,4.670000,4.670000,67350,SSI iBoard
2012-06-25,4.660000,4.700000,4.660000,4.670000,42840,SSI iBoard
2012-06-26,4.630000,4.650000,4.630000,4.630000,31110,SSI iBoard
2012-06-27,4.670000,4.670000,4.630000,4.630000,73780,SSI iBoard
2012-06-28,4.640000,4.640000,4.490000,4.490000,36470,SSI iBoard
2012-06-29,4.530000,4.560000,4.490000,4.490000,4970,SSI iBoard
2012-07-02,4.550000,4.610000,4.480000,4.490000,131390,SSI iBoard
2012-07-03,4.550000,4.550000,4.480000,4.480000,12120,SSI iBoard
2012-07-04,4.530000,4.530000,4.480000,4.500000,18440,SSI iBoard
2012-07-05,4.530000,4.540000,4.500000,4.530000,35790,SSI iBoard
2012-07-06,4.530000,4.550000,4.530000,4.530000,26770,SSI iBoard
2012-07-09,4.430000,4.530000,4.430000,4.490000,14410,SSI iBoard
2012-07-10,4.480000,4.500000,4.480000,4.480000,27540,SSI iBoard
2012-07-11,4.480000,4.490000,4.460000,4.490000,40600,SSI iBoard
2012-07-12,4.480000,4.490000,4.480000,4.490000,20870,SSI iBoard
2012-07-13,4.500000,4.570000,4.480000,4.550000,30930,SSI iBoard
2012-07-16,4.600000,4.600000,4.500000,4.510000,23050,SSI iBoard
2012-07-17,4.500000,4.510000,4.480000,4.510000,38870,SSI iBoard
2012-07-18,4.520000,4.520000,4.480000,4.490000,54300,SSI iBoard
2012-07-19,4.480000,4.500000,4.460000,4.500000,62810,SSI iBoard
2012-07-20,4.550000,4.560000,4.490000,4.490000,83160,SSI iBoard
2012-07-23,4.490000,4.490000,4.470000,4.490000,61190,SSI iBoard
2012-07-24,4.490000,4.710000,4.490000,4.690000,297120,SSI iBoard
2012-07-25,4.670000,4.670000,4.530000,4.530000,178060,SSI iBoard
2012-07-26,4.500000,4.550000,4.500000,4.550000,88280,SSI iBoard
2012-07-27,4.590000,4.590000,4.550000,4.570000,116650,SSI iBoard
2012-07-30,4.570000,4.670000,4.570000,4.640000,188880,SSI iBoard
2012-07-31,4.530000,4.570000,4.530000,4.540000,142000,SSI iBoard
2012-08-01,4.510000,4.530000,4.490000,4.500000,134550,SSI iBoard
2012-08-02,4.480000,4.540000,4.480000,4.500000,89910,SSI iBoard
2012-08-03,4.480000,4.510000,4.480000,4.510000,159240,SSI iBoard
2012-08-06,4.480000,4.530000,4.480000,4.500000,148440,SSI iBoard
2012-08-07,4.490000,4.510000,4.480000,4.500000,144950,SSI iBoard
2012-08-08,4.490000,4.500000,4.480000,4.490000,71270,SSI iBoard
2012-08-09,4.490000,4.510000,4.440000,4.470000,324860,SSI iBoard
2012-08-10,4.490000,4.490000,4.360000,4.360000,461230,SSI iBoard
2012-08-13,4.490000,4.490000,4.370000,4.430000,155720,SSI iBoard
2012-08-14,4.360000,4.470000,4.360000,4.410000,223310,SSI iBoard
2012-08-15,4.390000,4.420000,4.380000,4.390000,398780,SSI iBoard
2012-08-16,4.420000,4.460000,4.360000,4.360000,324050,SSI iBoard
2012-08-17,4.290000,4.380000,4.290000,4.340000,219300,SSI iBoard
2012-08-20,4.380000,4.400000,4.340000,4.390000,87130,SSI iBoard
2012-08-21,4.380000,4.380000,4.180000,4.190000,424710,SSI iBoard
2012-08-22,4.190000,4.290000,4.170000,4.190000,175470,SSI iBoard
2012-08-23,4.190000,4.190000,3.980000,3.980000,306220,SSI iBoard
2012-08-24,3.810000,4.100000,3.800000,4.010000,166690,SSI iBoard
2012-08-27,4.110000,4.110000,3.820000,3.820000,327330,SSI iBoard
2012-08-28,3.830000,3.900000,3.700000,3.720000,387150,SSI iBoard
2012-08-29,3.810000,3.810000,3.710000,3.730000,516890,SSI iBoard
2012-08-30,3.730000,3.760000,3.710000,3.730000,556380,SSI iBoard
2012-08-31,3.730000,3.910000,3.720000,3.910000,490150,SSI iBoard
2012-09-04,4.090000,4.110000,3.960000,4.080000,196570,SSI iBoard
2012-09-05,4.080000,4.090000,3.950000,3.950000,172150,SSI iBoard
2012-09-06,3.900000,3.950000,3.820000,3.850000,146150,SSI iBoard
2012-09-07,3.850000,3.860000,3.810000,3.840000,105620,SSI iBoard
2012-09-10,3.850000,3.850000,3.720000,3.750000,94970,SSI iBoard
2012-09-11,3.630000,3.780000,3.630000,3.760000,91990,SSI iBoard
2012-09-12,3.750000,3.830000,3.750000,3.780000,55010,SSI iBoard
2012-09-13,3.800000,3.800000,3.740000,3.780000,142710,SSI iBoard
2012-09-14,3.830000,3.830000,3.780000,3.780000,143660,SSI iBoard
2012-09-17,3.780000,3.790000,3.740000,3.770000,98290,SSI iBoard
2012-09-18,3.750000,3.770000,3.690000,3.690000,168920,SSI iBoard
2012-09-19,3.580000,3.660000,3.550000,3.580000,486130,SSI iBoard
2012-09-20,3.590000,3.630000,3.560000,3.580000,138350,SSI iBoard
2012-09-21,3.600000,3.630000,3.580000,3.590000,49890,SSI iBoard
2012-09-24,3.590000,3.590000,3.560000,3.570000,104050,SSI iBoard
2012-09-25,3.590000,3.590000,3.560000,3.570000,126430,SSI iBoard
2012-09-26,3.590000,3.620000,3.560000,3.610000,129510,SSI iBoard
2012-09-27,3.640000,3.790000,3.620000,3.710000,254170,SSI iBoard
2012-09-28,3.710000,3.750000,3.690000,3.700000,94180,SSI iBoard
2012-10-01,3.650000,3.670000,3.580000,3.600000,74140,SSI iBoard
2012-10-02,3.600000,3.620000,3.580000,3.600000,110610,SSI iBoard
2012-10-03,3.600000,3.630000,3.600000,3.600000,65800,SSI iBoard
2012-10-04,3.600000,3.620000,3.590000,3.590000,93060,SSI iBoard
2012-10-05,3.610000,3.610000,3.590000,3.590000,46100,SSI iBoard
2012-10-08,3.570000,3.620000,3.570000,3.600000,64880,SSI iBoard
2012-10-09,3.610000,3.710000,3.600000,3.630000,143640,SSI iBoard
2012-10-10,3.660000,3.660000,3.640000,3.660000,42760,SSI iBoard
2012-10-11,3.690000,3.690000,3.650000,3.650000,160130,SSI iBoard
2012-10-12,3.650000,3.670000,3.620000,3.620000,45680,SSI iBoard
2012-10-15,3.610000,3.630000,3.600000,3.600000,63990,SSI iBoard
2012-10-16,3.590000,3.630000,3.590000,3.620000,67270,SSI iBoard
2012-10-17,3.610000,3.640000,3.610000,3.620000,26680,SSI iBoard
2012-10-18,3.620000,3.620000,3.580000,3.580000,60410,SSI iBoard
2012-10-19,3.610000,3.610000,3.550000,3.570000,60110,SSI iBoard
2012-10-22,3.600000,3.600000,3.560000,3.560000,57430,SSI iBoard
2012-10-23,3.560000,3.570000,3.550000,3.560000,76660,SSI iBoard
2012-10-24,3.560000,3.570000,3.560000,3.560000,81980,SSI iBoard
2012-10-25,3.530000,3.560000,3.530000,3.560000,61750,SSI iBoard
2012-10-26,3.560000,3.560000,3.530000,3.550000,31920,SSI iBoard
2012-10-29,3.530000,3.550000,3.530000,3.540000,47580,SSI iBoard
2012-10-30,3.500000,3.530000,3.500000,3.500000,94430,SSI iBoard
2012-10-31,3.500000,3.510000,3.490000,3.490000,91490,SSI iBoard
2012-11-01,3.460000,3.510000,3.460000,3.490000,70110,SSI iBoard
2012-11-02,3.350000,3.380000,3.330000,3.330000,96810,SSI iBoard
2012-11-05,3.180000,3.330000,3.170000,3.310000,97960,SSI iBoard
2012-11-06,3.360000,3.360000,3.270000,3.270000,44860,SSI iBoard
2012-11-07,3.310000,3.340000,3.290000,3.320000,44590,SSI iBoard
2012-11-08,3.340000,3.340000,3.300000,3.320000,36430,SSI iBoard
2012-11-09,3.320000,3.330000,3.300000,3.320000,23200,SSI iBoard
2012-11-12,3.350000,3.440000,3.350000,3.420000,99430,SSI iBoard
2012-11-13,3.430000,3.440000,3.410000,3.410000,31120,SSI iBoard
2012-11-14,3.430000,3.430000,3.400000,3.420000,31510,SSI iBoard
2012-11-15,3.420000,3.420000,3.390000,3.390000,45690,SSI iBoard
2012-11-16,3.410000,3.410000,3.370000,3.370000,17580,SSI iBoard
2012-11-19,3.400000,3.400000,3.320000,3.320000,32930,SSI iBoard
2012-11-20,3.290000,3.330000,3.290000,3.320000,22050,SSI iBoard
2012-11-21,3.350000,3.350000,3.310000,3.310000,20910,SSI iBoard
2012-11-22,3.320000,3.320000,3.300000,3.310000,39450,SSI iBoard
2012-11-23,3.330000,3.330000,3.310000,3.310000,31930,SSI iBoard
2012-11-26,3.320000,3.320000,3.290000,3.290000,38540,SSI iBoard
2012-11-27,3.290000,3.300000,3.260000,3.260000,49420,SSI iBoard
2012-11-28,3.270000,3.270000,3.220000,3.220000,44390,SSI iBoard
2012-11-29,3.220000,3.230000,3.180000,3.180000,73740,SSI iBoard
2012-11-30,3.190000,3.200000,3.180000,3.190000,44430,SSI iBoard
2012-12-03,3.190000,3.190000,3.160000,3.170000,54360,SSI iBoard
2012-12-04,3.140000,3.200000,3.130000,3.200000,93650,SSI iBoard
2012-12-05,3.300000,3.340000,3.250000,3.290000,107150,SSI iBoard
2012-12-06,3.260000,3.290000,3.260000,3.270000,66360,SSI iBoard
2012-12-07,3.250000,3.280000,3.240000,3.250000,40580,SSI iBoard
2012-12-10,3.270000,3.290000,3.260000,3.290000,37500,SSI iBoard
2012-12-11,3.270000,3.290000,3.270000,3.270000,41280,SSI iBoard
2012-12-12,3.270000,3.370000,3.270000,3.320000,144700,SSI iBoard
2012-12-13,3.330000,3.360000,3.310000,3.340000,139170,SSI iBoard
2012-12-14,3.330000,3.370000,3.320000,3.320000,61370,SSI iBoard
2012-12-17,3.320000,3.360000,3.300000,3.310000,89860,SSI iBoard
2012-12-18,3.270000,3.310000,3.260000,3.260000,95270,SSI iBoard
2012-12-19,3.310000,3.390000,3.280000,3.350000,151080,SSI iBoard
2012-12-20,3.370000,3.370000,3.300000,3.300000,71260,SSI iBoard
2012-12-21,3.300000,3.320000,3.250000,3.280000,202750,SSI iBoard
2012-12-24,3.290000,3.350000,3.290000,3.340000,156090,SSI iBoard
2012-12-25,3.340000,3.350000,3.320000,3.340000,189040,SSI iBoard
2012-12-26,3.330000,3.450000,3.320000,3.450000,274620,SSI iBoard
2012-12-27,3.470000,3.600000,3.470000,3.570000,346980,SSI iBoard
2012-12-28,3.570000,3.570000,3.530000,3.540000,152500,SSI iBoard
2013-01-02,3.550000,3.680000,3.550000,3.660000,380320,SSI iBoard
2013-01-03,3.660000,3.680000,3.550000,3.610000,366960,SSI iBoard
2013-01-04,3.590000,3.660000,3.580000,3.660000,278020,SSI iBoard
2013-01-07,3.640000,3.670000,3.620000,3.640000,204570,SSI iBoard
2013-01-08,3.650000,3.830000,3.640000,3.830000,535860,SSI iBoard
2013-01-09,4.020000,4.020000,3.880000,3.930000,1588500,SSI iBoard
2013-01-10,3.900000,4.010000,3.890000,3.980000,607050,SSI iBoard
2013-01-11,3.980000,4.000000,3.910000,3.920000,614810,SSI iBoard
2013-01-14,3.850000,3.880000,3.790000,3.800000,499600,SSI iBoard
2013-01-15,3.800000,3.900000,3.800000,3.850000,357880,SSI iBoard
2013-01-16,3.890000,3.950000,3.850000,3.890000,368380,SSI iBoard
2013-01-17,3.880000,3.900000,3.840000,3.840000,292200,SSI iBoard
2013-01-18,3.810000,3.840000,3.800000,3.820000,362960,SSI iBoard
2013-01-21,3.810000,3.830000,3.780000,3.800000,119000,SSI iBoard
2013-01-22,3.800000,3.820000,3.650000,3.740000,373240,SSI iBoard
2013-01-23,3.720000,3.760000,3.720000,3.740000,192530,SSI iBoard
2013-01-24,3.760000,3.840000,3.760000,3.830000,141650,SSI iBoard
2013-01-25,3.870000,3.980000,3.870000,3.960000,787540,SSI iBoard
2013-01-28,3.980000,4.110000,3.980000,4.010000,558550,SSI iBoard
2013-01-29,4.000000,4.030000,3.970000,3.980000,207130,SSI iBoard
2013-01-30,4.030000,4.190000,4.030000,4.110000,689630,SSI iBoard
2013-01-31,4.090000,4.100000,4.030000,4.040000,366670,SSI iBoard
2013-02-01,4.030000,4.030000,3.930000,3.980000,323300,SSI iBoard
2013-02-04,4.010000,4.010000,3.950000,3.970000,166570,SSI iBoard
2013-02-05,3.940000,3.970000,3.920000,3.950000,183200,SSI iBoard
2013-02-06,3.940000,4.030000,3.940000,3.970000,90900,SSI iBoard
2013-02-07,3.980000,3.990000,3.960000,3.990000,155490,SSI iBoard
2013-02-08,4.000000,4.080000,3.980000,4.010000,92170,SSI iBoard
2013-02-18,4.010000,4.050000,4.000000,4.030000,131010,SSI iBoard
2013-02-19,4.030000,4.040000,3.990000,4.000000,168260,SSI iBoard
2013-02-20,3.950000,4.000000,3.950000,3.980000,171590,SSI iBoard
2013-02-21,3.980000,3.990000,3.890000,3.890000,307570,SSI iBoard
2013-02-22,3.920000,3.970000,3.780000,3.880000,337970,SSI iBoard
2013-02-25,3.920000,3.920000,3.860000,3.870000,143330,SSI iBoard
2013-02-26,3.870000,3.870000,3.720000,3.720000,285040,SSI iBoard
2013-02-27,3.680000,3.760000,3.670000,3.680000,283110,SSI iBoard
2013-02-28,3.680000,3.750000,3.680000,3.730000,191070,SSI iBoard
2013-03-01,3.740000,3.740000,3.710000,3.730000,96880,SSI iBoard
2013-03-04,3.720000,3.720000,3.620000,3.640000,225550,SSI iBoard
2013-03-05,3.620000,3.640000,3.590000,3.590000,194960,SSI iBoard
2013-03-06,3.590000,3.650000,3.590000,3.640000,60350,SSI iBoard
2013-03-07,3.670000,3.670000,3.580000,3.620000,115870,SSI iBoard
2013-03-08,3.610000,3.720000,3.610000,3.710000,116190,SSI iBoard
2013-03-11,3.710000,3.780000,3.710000,3.770000,78540,SSI iBoard
2013-03-12,3.750000,3.810000,3.720000,3.770000,67310,SSI iBoard
2013-03-13,3.790000,3.790000,3.730000,3.740000,66390,SSI iBoard
2013-03-14,3.780000,3.780000,3.740000,3.760000,15620,SSI iBoard
2013-03-15,3.770000,3.770000,3.740000,3.750000,13800,SSI iBoard
2013-03-18,3.760000,3.770000,3.720000,3.720000,54560,SSI iBoard
2013-03-19,3.700000,3.740000,3.700000,3.730000,27280,SSI iBoard
2013-03-20,3.760000,3.780000,3.730000,3.750000,63140,SSI iBoard
2013-03-21,3.770000,3.890000,3.760000,3.850000,274540,SSI iBoard
2013-03-22,3.890000,4.010000,3.830000,3.830000,387570,SSI iBoard
2013-03-25,3.900000,3.900000,3.850000,3.880000,173440,SSI iBoard
2013-03-26,3.910000,3.910000,3.860000,3.860000,138400,SSI iBoard
2013-03-27,3.850000,3.860000,3.810000,3.810000,187110,SSI iBoard
2013-03-28,3.820000,3.850000,3.810000,3.810000,97940,SSI iBoard
2013-03-29,3.810000,3.830000,3.780000,3.810000,184310,SSI iBoard
2013-04-01,3.790000,3.870000,3.790000,3.870000,142540,SSI iBoard
2013-04-02,3.880000,3.970000,3.880000,3.900000,413850,SSI iBoard
2013-04-03,3.910000,3.920000,3.870000,3.870000,128770,SSI iBoard
2013-04-04,3.880000,3.880000,3.830000,3.840000,58120,SSI iBoard
2013-04-05,3.830000,3.870000,3.830000,3.870000,123140,SSI iBoard
2013-04-08,3.870000,4.000000,3.870000,4.000000,721860,SSI iBoard
2013-04-09,4.010000,4.190000,4.000000,4.120000,894350,SSI iBoard
2013-04-10,4.130000,4.130000,4.010000,4.010000,305550,SSI iBoard
2013-04-11,4.010000,4.010000,3.920000,3.950000,312510,SSI iBoard
2013-04-12,3.980000,4.000000,3.900000,3.930000,332180,SSI iBoard
2013-04-15,3.880000,3.930000,3.790000,3.810000,320830,SSI iBoard
2013-04-16,3.810000,3.820000,3.710000,3.780000,137720,SSI iBoard
2013-04-17,3.850000,3.880000,3.780000,3.830000,105540,SSI iBoard
2013-04-18,3.790000,3.810000,3.720000,3.730000,135860,SSI iBoard
2013-04-22,3.780000,3.780000,3.720000,3.720000,143400,SSI iBoard
2013-04-23,3.770000,3.770000,3.730000,3.760000,70860,SSI iBoard
2013-04-24,3.780000,3.780000,3.720000,3.740000,150350,SSI iBoard
2013-04-25,3.790000,3.790000,3.740000,3.750000,46180,SSI iBoard
2013-04-26,3.750000,3.770000,3.740000,3.750000,51690,SSI iBoard
2013-05-02,3.770000,3.770000,3.730000,3.730000,66280,SSI iBoard
2013-05-03,3.740000,3.750000,3.730000,3.740000,73320,SSI iBoard
2013-05-06,3.770000,3.860000,3.740000,3.860000,188450,SSI iBoard
2013-05-07,3.830000,3.860000,3.780000,3.780000,91010,SSI iBoard
2013-05-08,3.830000,3.840000,3.790000,3.810000,122380,SSI iBoard
2013-05-09,3.830000,3.830000,3.810000,3.810000,80750,SSI iBoard
2013-05-10,3.830000,3.830000,3.810000,3.820000,64700,SSI iBoard
2013-05-13,3.850000,3.850000,3.820000,3.830000,60290,SSI iBoard
2013-05-14,3.830000,3.960000,3.830000,3.870000,321880,SSI iBoard
2013-05-15,3.900000,3.910000,3.870000,3.910000,156680,SSI iBoard
2013-05-16,3.930000,3.930000,3.880000,3.910000,129340,SSI iBoard
2013-05-17,3.900000,3.910000,3.880000,3.880000,103500,SSI iBoard
2013-05-20,3.880000,4.010000,3.880000,3.960000,311400,SSI iBoard
2013-05-21,4.160000,4.230000,4.040000,4.230000,1829150,SSI iBoard
2013-05-22,4.230000,4.250000,4.200000,4.200000,473190,SSI iBoard
2013-05-23,4.160000,4.250000,4.160000,4.200000,620980,SSI iBoard
2013-05-24,4.200000,4.270000,4.190000,4.230000,325890,SSI iBoard
2013-05-27,4.360000,4.380000,4.300000,4.310000,364260,SSI iBoard
2013-05-28,4.330000,4.360000,4.310000,4.340000,330890,SSI iBoard
2013-05-29,4.380000,4.470000,4.350000,4.430000,495190,SSI iBoard
2013-05-30,4.410000,4.430000,4.380000,4.420000,294550,SSI iBoard
2013-05-31,4.430000,4.580000,4.430000,4.480000,580620,SSI iBoard
2013-06-03,4.480000,4.520000,4.440000,4.460000,312910,SSI iBoard
2013-06-04,4.460000,4.590000,4.460000,4.500000,721910,SSI iBoard
2013-06-05,4.530000,4.580000,4.530000,4.550000,114490,SSI iBoard
2013-06-06,4.500000,4.600000,4.500000,4.600000,189030,SSI iBoard
2013-06-07,4.620000,4.630000,4.530000,4.580000,145200,SSI iBoard
2013-06-10,4.630000,4.630000,4.580000,4.590000,256220,SSI iBoard
2013-06-11,4.590000,4.590000,4.530000,4.550000,235030,SSI iBoard
2013-06-12,4.530000,4.550000,4.500000,4.530000,194000,SSI iBoard
2013-06-13,4.500000,4.530000,4.480000,4.500000,413530,SSI iBoard
2013-06-14,4.520000,4.520000,4.450000,4.450000,257590,SSI iBoard
2013-06-17,4.480000,4.480000,4.350000,4.350000,245350,SSI iBoard
2013-06-18,4.350000,4.350000,4.290000,4.320000,179510,SSI iBoard
2013-06-19,4.330000,4.370000,4.310000,4.330000,105860,SSI iBoard
2013-06-20,4.350000,4.350000,4.300000,4.310000,144390,SSI iBoard
2013-06-21,4.290000,4.300000,4.230000,4.300000,249940,SSI iBoard
2013-06-24,4.300000,4.300000,4.250000,4.280000,157140,SSI iBoard
2013-06-25,4.250000,4.270000,4.130000,4.170000,668790,SSI iBoard
2013-06-26,4.140000,4.190000,4.140000,4.180000,171080,SSI iBoard
2013-06-27,4.210000,4.220000,4.170000,4.190000,171250,SSI iBoard
2013-06-28,4.280000,4.280000,4.210000,4.210000,113820,SSI iBoard
2013-07-01,4.240000,4.240000,4.190000,4.230000,42960,SSI iBoard
2013-07-02,4.240000,4.310000,4.230000,4.270000,82370,SSI iBoard
2013-07-03,4.290000,4.290000,4.250000,4.290000,144550,SSI iBoard
2013-07-04,4.300000,4.430000,4.290000,4.370000,526820,SSI iBoard
2013-07-05,4.370000,4.400000,4.340000,4.390000,193730,SSI iBoard
2013-07-08,4.400000,4.400000,4.330000,4.330000,112140,SSI iBoard
2013-07-09,4.330000,4.330000,4.250000,4.290000,88920,SSI iBoard
2013-07-10,4.290000,4.300000,4.260000,4.280000,42560,SSI iBoard
2013-07-11,4.290000,4.290000,4.250000,4.270000,108660,SSI iBoard
2013-07-12,4.260000,4.330000,4.260000,4.330000,102160,SSI iBoard
2013-07-15,4.360000,4.360000,4.300000,4.340000,75830,SSI iBoard
2013-07-16,4.360000,4.420000,4.340000,4.390000,107880,SSI iBoard
2013-07-17,4.430000,4.430000,4.400000,4.400000,145010,SSI iBoard
2013-07-18,4.400000,4.430000,4.360000,4.360000,65160,SSI iBoard
2013-07-19,4.400000,4.420000,4.360000,4.420000,113860,SSI iBoard
2013-07-22,4.460000,4.460000,4.380000,4.420000,66820,SSI iBoard
2013-07-23,4.420000,4.420000,4.380000,4.390000,95720,SSI iBoard
2013-07-24,4.350000,4.370000,4.330000,4.330000,239630,SSI iBoard
2013-07-25,4.370000,4.400000,4.330000,4.370000,107830,SSI iBoard
2013-07-26,4.390000,4.390000,4.310000,4.320000,58250,SSI iBoard
2013-07-29,4.320000,4.320000,4.230000,4.250000,179400,SSI iBoard
2013-07-30,4.240000,4.330000,4.230000,4.330000,90410,SSI iBoard
2013-07-31,4.360000,4.360000,4.300000,4.330000,83540,SSI iBoard
2013-08-01,4.330000,4.340000,4.320000,4.320000,77340,SSI iBoard
2013-08-02,4.360000,4.370000,4.340000,4.350000,77930,SSI iBoard
2013-08-05,4.360000,4.570000,4.360000,4.480000,564080,SSI iBoard
2013-08-06,4.480000,4.560000,4.480000,4.550000,475480,SSI iBoard
2013-08-07,4.580000,4.700000,4.560000,4.660000,826400,SSI iBoard
2013-08-08,4.660000,4.660000,4.550000,4.550000,363680,SSI iBoard
2013-08-09,4.550000,4.590000,4.540000,4.590000,204960,SSI iBoard
2013-08-12,4.610000,4.610000,4.550000,4.570000,199710,SSI iBoard
2013-08-13,4.570000,4.620000,4.550000,4.580000,426440,SSI iBoard
2013-08-14,4.580000,4.600000,4.560000,4.600000,198010,SSI iBoard
2013-08-15,4.720000,4.810000,4.670000,4.770000,805360,SSI iBoard
2013-08-16,4.760000,4.790000,4.710000,4.790000,320220,SSI iBoard
2013-08-19,4.790000,4.960000,4.780000,4.900000,538180,SSI iBoard
2013-08-20,4.890000,4.900000,4.830000,4.870000,448010,SSI iBoard
2013-08-21,4.870000,4.870000,4.680000,4.830000,472880,SSI iBoard
2013-08-22,4.830000,4.830000,4.690000,4.730000,373950,SSI iBoard
2013-08-23,4.740000,4.750000,4.630000,4.650000,440450,SSI iBoard
2013-08-26,4.640000,4.660000,4.580000,4.640000,199040,SSI iBoard
2013-08-27,4.670000,4.670000,4.600000,4.620000,122680,SSI iBoard
2013-08-28,4.560000,4.580000,4.390000,4.460000,433180,SSI iBoard
2013-08-29,4.430000,4.530000,4.430000,4.430000,139290,SSI iBoard
2013-08-30,4.480000,4.500000,4.420000,4.490000,229370,SSI iBoard
2013-09-03,4.550000,4.550000,4.460000,4.460000,58660,SSI iBoard
2013-09-04,4.490000,4.510000,4.430000,4.470000,255430,SSI iBoard
2013-09-05,4.500000,4.560000,4.460000,4.550000,241450,SSI iBoard
2013-09-06,4.570000,4.670000,4.540000,4.610000,265600,SSI iBoard
2013-09-09,4.610000,4.610000,4.470000,4.500000,136590,SSI iBoard
2013-09-10,4.500000,4.570000,4.500000,4.530000,61870,SSI iBoard
2013-09-11,4.570000,4.610000,4.510000,4.510000,232820,SSI iBoard
2013-09-12,4.490000,4.540000,4.480000,4.480000,192520,SSI iBoard
2013-09-13,4.460000,4.510000,4.460000,4.460000,109090,SSI iBoard
2013-09-16,4.470000,4.480000,4.430000,4.440000,171720,SSI iBoard
2013-09-17,4.470000,4.510000,4.430000,4.470000,158300,SSI iBoard
2013-09-18,4.510000,4.560000,4.480000,4.510000,206220,SSI iBoard
2013-09-19,4.540000,4.570000,4.520000,4.520000,137210,SSI iBoard
2013-09-20,4.520000,4.550000,4.520000,4.530000,44400,SSI iBoard
2013-09-23,4.530000,4.630000,4.530000,4.620000,322410,SSI iBoard
2013-09-24,4.630000,4.750000,4.630000,4.710000,335390,SSI iBoard
2013-09-25,4.720000,4.730000,4.640000,4.660000,252640,SSI iBoard
2013-09-26,4.660000,4.710000,4.630000,4.710000,179940,SSI iBoard
2013-09-27,4.720000,4.720000,4.640000,4.680000,134960,SSI iBoard
2013-09-30,4.730000,4.730000,4.670000,4.690000,191710,SSI iBoard
2013-10-01,4.670000,4.720000,4.660000,4.660000,309650,SSI iBoard
2013-10-02,4.660000,4.710000,4.660000,4.690000,125270,SSI iBoard
2013-10-03,4.690000,4.690000,4.650000,4.660000,180150,SSI iBoard
2013-10-04,4.680000,4.770000,4.660000,4.750000,435780,SSI iBoard
2013-10-07,4.740000,4.820000,4.740000,4.800000,244840,SSI iBoard
2013-10-08,4.800000,4.800000,4.750000,4.780000,150880,SSI iBoard
2013-10-09,4.780000,4.800000,4.750000,4.760000,203180,SSI iBoard
2013-10-10,4.750000,4.770000,4.690000,4.690000,259470,SSI iBoard
2013-10-11,4.720000,4.740000,4.670000,4.680000,194600,SSI iBoard
2013-10-14,4.690000,4.690000,4.650000,4.670000,164050,SSI iBoard
2013-10-15,4.690000,4.740000,4.680000,4.740000,147540,SSI iBoard
2013-10-16,4.760000,4.760000,4.720000,4.760000,361750,SSI iBoard
2013-10-17,4.800000,4.830000,4.760000,4.780000,413030,SSI iBoard
2013-10-18,4.790000,4.870000,4.790000,4.810000,470030,SSI iBoard
2013-10-21,4.810000,4.850000,4.800000,4.810000,357910,SSI iBoard
2013-10-22,4.780000,4.810000,4.780000,4.790000,213510,SSI iBoard
2013-10-23,4.770000,4.810000,4.770000,4.810000,228910,SSI iBoard
2013-10-24,4.790000,4.840000,4.790000,4.790000,257910,SSI iBoard
2013-10-25,4.780000,4.790000,4.740000,4.750000,257460,SSI iBoard
2013-10-28,4.790000,4.790000,4.730000,4.730000,90570,SSI iBoard
2013-10-29,4.710000,4.760000,4.710000,4.750000,118960,SSI iBoard
2013-10-30,4.750000,4.820000,4.750000,4.790000,251170,SSI iBoard
2013-10-31,4.800000,4.800000,4.770000,4.770000,136460,SSI iBoard
2013-11-01,4.790000,4.790000,4.770000,4.790000,124810,SSI iBoard
2013-11-04,4.800000,4.800000,4.770000,4.790000,55500,SSI iBoard
2013-11-05,4.790000,4.790000,4.780000,4.780000,170070,SSI iBoard
2013-11-06,4.790000,4.800000,4.780000,4.800000,147130,SSI iBoard
2013-11-07,4.790000,4.800000,4.770000,4.770000,205880,SSI iBoard
2013-11-08,4.770000,4.790000,4.770000,4.790000,142130,SSI iBoard
2013-11-11,4.800000,4.810000,4.780000,4.800000,147110,SSI iBoard
2013-11-12,4.800000,4.850000,4.800000,4.820000,277180,SSI iBoard
2013-11-13,4.840000,4.840000,4.800000,4.810000,77830,SSI iBoard
2013-11-14,4.820000,4.840000,4.810000,4.820000,108680,SSI iBoard
2013-11-15,4.840000,4.970000,4.840000,4.960000,707550,SSI iBoard
2013-11-18,5.000000,5.060000,4.990000,5.010000,518370,SSI iBoard
2013-11-19,5.020000,5.040000,5.000000,5.030000,314080,SSI iBoard
2013-11-20,5.030000,5.030000,4.970000,5.010000,273870,SSI iBoard
2013-11-21,5.020000,5.200000,5.000000,5.000000,472460,SSI iBoard
2013-11-22,5.020000,5.060000,4.990000,5.050000,175950,SSI iBoard
2013-11-25,5.060000,5.080000,5.030000,5.060000,447070,SSI iBoard
2013-11-26,5.050000,5.070000,5.030000,5.060000,279960,SSI iBoard
2013-11-27,5.070000,5.080000,5.030000,5.060000,204670,SSI iBoard
2013-11-28,5.040000,5.070000,5.040000,5.040000,153520,SSI iBoard
2013-11-29,5.030000,5.050000,5.010000,5.010000,190290,SSI iBoard
2013-12-02,5.030000,5.040000,5.000000,5.030000,287190,SSI iBoard
2013-12-03,5.010000,5.150000,5.000000,5.080000,1303680,SSI iBoard
2013-12-04,5.110000,5.110000,5.070000,5.080000,464680,SSI iBoard
2013-12-05,5.080000,5.080000,5.010000,5.010000,712960,SSI iBoard
2013-12-06,5.010000,5.020000,4.970000,5.000000,509580,SSI iBoard
2013-12-09,5.000000,5.000000,4.940000,4.940000,376760,SSI iBoard
2013-12-10,4.940000,4.940000,4.900000,4.910000,364830,SSI iBoard
2013-12-11,4.910000,4.910000,4.840000,4.870000,328330,SSI iBoard
2013-12-12,4.870000,4.870000,4.830000,4.870000,332300,SSI iBoard
2013-12-13,4.900000,4.940000,4.890000,4.910000,191610,SSI iBoard
2013-12-16,4.910000,4.920000,4.890000,4.910000,106870,SSI iBoard
2013-12-17,4.910000,4.930000,4.900000,4.910000,118230,SSI iBoard
2013-12-18,4.930000,4.930000,4.890000,4.920000,127750,SSI iBoard
2013-12-19,4.920000,4.940000,4.910000,4.920000,222690,SSI iBoard
2013-12-20,4.940000,4.940000,4.890000,4.890000,169680,SSI iBoard
2013-12-23,4.890000,4.940000,4.890000,4.910000,132970,SSI iBoard
2013-12-24,4.900000,4.910000,4.880000,4.880000,219700,SSI iBoard
2013-12-25,4.890000,4.890000,4.870000,4.870000,315920,SSI iBoard
2013-12-26,4.870000,4.930000,4.870000,4.900000,443380,SSI iBoard
2013-12-27,4.910000,4.930000,4.900000,4.900000,185110,SSI iBoard
2013-12-30,4.930000,4.930000,4.860000,4.860000,365750,SSI iBoard
2013-12-31,4.880000,5.000000,4.840000,4.900000,602000,SSI iBoard
2014-01-02,4.960000,4.980000,4.910000,4.930000,207470,SSI iBoard
2014-01-03,4.920000,4.930000,4.890000,4.920000,165110,SSI iBoard
2014-01-06,4.920000,5.000000,4.890000,5.000000,301670,SSI iBoard
2014-01-07,5.000000,5.000000,4.940000,4.940000,290990,SSI iBoard
2014-01-08,4.930000,5.000000,4.930000,4.980000,129600,SSI iBoard
2014-01-09,4.970000,5.040000,4.970000,5.040000,317250,SSI iBoard
2014-01-10,5.050000,5.150000,5.050000,5.070000,704840,SSI iBoard
2014-01-13,5.100000,5.140000,5.070000,5.110000,773230,SSI iBoard
2014-01-14,5.110000,5.190000,5.100000,5.120000,757320,SSI iBoard
2014-01-15,5.160000,5.360000,5.150000,5.200000,1440070,SSI iBoard
2014-01-16,5.310000,5.310000,5.200000,5.260000,915150,SSI iBoard
2014-01-17,5.310000,5.470000,5.260000,5.360000,1192920,SSI iBoard
2014-01-20,5.360000,5.570000,5.360000,5.410000,883960,SSI iBoard
2014-01-21,5.410000,5.520000,5.360000,5.520000,647850,SSI iBoard
2014-01-22,5.570000,5.620000,5.410000,5.520000,650280,SSI iBoard
2014-01-23,5.520000,5.670000,5.470000,5.670000,476170,SSI iBoard
2014-01-24,5.730000,5.880000,5.620000,5.830000,836990,SSI iBoard
2014-01-27,5.830000,5.880000,5.730000,5.780000,613960,SSI iBoard
2014-02-06,5.730000,5.780000,5.570000,5.670000,538550,SSI iBoard
2014-02-07,5.670000,5.730000,5.570000,5.570000,753990,SSI iBoard
2014-02-10,5.620000,5.830000,5.520000,5.780000,611330,SSI iBoard
2014-02-11,5.830000,5.880000,5.670000,5.730000,1257350,SSI iBoard
2014-02-12,5.780000,5.930000,5.780000,5.930000,978110,SSI iBoard
2014-02-13,5.930000,5.990000,5.830000,5.930000,621020,SSI iBoard
2014-02-14,5.930000,5.990000,5.830000,5.880000,540290,SSI iBoard
2014-02-17,5.830000,5.930000,5.780000,5.830000,359620,SSI iBoard
2014-02-18,5.830000,5.930000,5.780000,5.930000,505020,SSI iBoard
2014-02-19,5.930000,6.140000,5.930000,6.140000,999370,SSI iBoard
2014-02-20,6.140000,6.250000,5.780000,5.930000,1074480,SSI iBoard
2014-02-21,5.930000,6.090000,5.780000,6.040000,689100,SSI iBoard
2014-02-24,6.040000,6.190000,5.930000,6.190000,979350,SSI iBoard
2014-02-25,6.090000,6.400000,6.090000,6.400000,1577680,SSI iBoard
2014-02-26,6.450000,6.710000,6.400000,6.710000,2226350,SSI iBoard
2014-02-27,6.660000,6.770000,6.560000,6.560000,1165490,SSI iBoard
2014-02-28,6.560000,6.660000,6.450000,6.660000,1111220,SSI iBoard
2014-03-03,6.610000,6.660000,6.350000,6.400000,1112540,SSI iBoard
2014-03-04,6.350000,6.400000,6.250000,6.350000,962100,SSI iBoard
2014-03-05,6.450000,6.510000,6.350000,6.450000,611560,SSI iBoard
2014-03-06,6.450000,6.560000,6.400000,6.510000,706070,SSI iBoard
2014-03-07,6.510000,6.610000,6.400000,6.560000,1032190,SSI iBoard
2014-03-10,6.560000,6.610000,6.510000,6.610000,505430,SSI iBoard
2014-03-11,6.610000,7.030000,6.510000,6.970000,2154020,SSI iBoard
2014-03-12,7.230000,7.290000,7.030000,7.030000,1966080,SSI iBoard
2014-03-13,7.080000,7.130000,7.030000,7.080000,906880,SSI iBoard
2014-03-14,7.080000,7.130000,6.970000,7.030000,1435730,SSI iBoard
2014-03-17,7.130000,7.130000,7.030000,7.030000,960750,SSI iBoard
2014-03-18,7.030000,7.500000,6.970000,7.390000,2210540,SSI iBoard
2014-03-19,7.440000,7.600000,7.440000,7.500000,567100,SSI iBoard
2014-03-20,7.500000,7.550000,7.340000,7.390000,993620,SSI iBoard
2014-03-21,7.390000,7.550000,7.340000,7.440000,963090,SSI iBoard
2014-03-24,7.390000,7.500000,7.390000,7.390000,719940,SSI iBoard
2014-03-25,7.390000,7.440000,7.230000,7.230000,1139950,SSI iBoard
2014-03-26,7.290000,7.340000,7.030000,7.080000,1658730,SSI iBoard
2014-03-27,7.080000,7.130000,6.970000,7.080000,944990,SSI iBoard
2014-03-28,7.180000,7.390000,7.130000,7.340000,994670,SSI iBoard
2014-03-31,7.500000,7.500000,7.230000,7.290000,860380,SSI iBoard
2014-04-01,7.290000,7.290000,7.080000,7.180000,737670,SSI iBoard
2014-04-02,7.180000,7.290000,6.920000,7.080000,1636330,SSI iBoard
2014-04-03,7.130000,7.180000,7.030000,7.130000,590550,SSI iBoard
2014-04-04,7.130000,7.180000,7.030000,7.080000,830330,SSI iBoard
2014-04-07,7.130000,7.290000,7.080000,7.230000,1118980,SSI iBoard
2014-04-08,7.290000,7.440000,7.290000,7.340000,1878400,SSI iBoard
2014-04-10,7.390000,7.390000,7.290000,7.290000,912440,SSI iBoard
2014-04-11,7.230000,7.390000,7.230000,7.340000,924700,SSI iBoard
2014-04-14,7.390000,7.550000,7.340000,7.440000,1720820,SSI iBoard
2014-04-15,7.440000,7.500000,7.290000,7.340000,1217060,SSI iBoard
2014-04-16,7.290000,7.340000,7.080000,7.180000,1456070,SSI iBoard
2014-04-17,7.230000,7.290000,7.130000,7.290000,818960,SSI iBoard
2014-04-18,7.290000,7.290000,7.030000,7.030000,1033560,SSI iBoard
2014-04-21,6.970000,7.030000,6.770000,6.770000,1218760,SSI iBoard
2014-04-22,6.820000,6.970000,6.660000,6.970000,1077740,SSI iBoard
2014-04-23,6.970000,7.030000,6.770000,6.820000,692970,SSI iBoard
2014-04-24,6.820000,6.970000,6.710000,6.820000,1121510,SSI iBoard
2014-04-25,6.820000,7.080000,6.820000,7.030000,1127330,SSI iBoard
2014-04-28,7.080000,7.180000,7.030000,7.130000,917950,SSI iBoard
2014-04-29,7.080000,7.130000,7.030000,7.130000,496380,SSI iBoard
2014-05-05,7.180000,7.180000,6.870000,6.870000,1120840,SSI iBoard
2014-05-06,6.820000,6.920000,6.560000,6.770000,1567890,SSI iBoard
2014-05-07,6.930000,6.990000,6.730000,6.790000,1115910,SSI iBoard
2014-05-08,6.570000,6.570000,6.330000,6.330000,1858320,SSI iBoard
2014-05-09,6.130000,6.330000,5.970000,6.170000,1193120,SSI iBoard
2014-05-12,5.980000,5.980000,5.740000,5.740000,1232320,SSI iBoard
2014-05-13,5.370000,5.650000,5.340000,5.430000,2150110,SSI iBoard
2014-05-14,5.410000,5.780000,5.410000,5.750000,952710,SSI iBoard
2014-05-15,5.790000,5.940000,5.370000,5.530000,1266670,SSI iBoard
2014-05-16,5.530000,5.860000,5.510000,5.860000,1085770,SSI iBoard
2014-05-19,5.870000,5.970000,5.730000,5.860000,901880,SSI iBoard
2014-05-20,5.850000,5.910000,5.750000,5.910000,1072290,SSI iBoard
2014-05-21,5.910000,6.180000,5.860000,6.150000,1296900,SSI iBoard
2014-05-22,6.150000,6.180000,6.070000,6.100000,1277180,SSI iBoard
2014-05-23,6.060000,6.150000,6.010000,6.050000,533720,SSI iBoard
2014-05-26,5.990000,6.050000,5.940000,6.020000,686760,SSI iBoard
2014-05-27,6.030000,6.130000,6.010000,6.070000,891290,SSI iBoard
2014-05-28,6.130000,6.190000,6.110000,6.130000,690790,SSI iBoard
2014-05-29,6.130000,6.290000,6.110000,6.140000,940410,SSI iBoard
2014-05-30,6.140000,6.230000,6.110000,6.150000,659030,SSI iBoard
2014-06-02,6.130000,6.150000,6.020000,6.050000,558490,SSI iBoard
2014-06-03,6.020000,6.090000,6.010000,6.020000,377900,SSI iBoard
2014-06-04,6.020000,6.030000,5.860000,5.910000,653550,SSI iBoard
2014-06-05,5.890000,5.910000,5.830000,5.890000,390740,SSI iBoard
2014-06-06,5.870000,5.990000,5.870000,5.990000,355690,SSI iBoard
2014-06-09,6.020000,6.050000,5.950000,5.980000,563170,SSI iBoard
2014-06-10,5.940000,6.110000,5.930000,5.980000,586890,SSI iBoard
2014-06-11,6.020000,6.190000,6.010000,6.190000,1506620,SSI iBoard
2014-06-12,6.260000,6.330000,6.190000,6.270000,1051470,SSI iBoard
2014-06-13,6.270000,6.290000,6.230000,6.260000,453330,SSI iBoard
2014-06-16,6.260000,6.260000,6.150000,6.190000,895350,SSI iBoard
2014-06-17,6.190000,6.260000,6.150000,6.250000,816170,SSI iBoard
2014-06-18,6.250000,6.260000,6.210000,6.210000,391410,SSI iBoard
2014-06-19,6.210000,6.230000,6.020000,6.150000,1065490,SSI iBoard
2014-06-20,6.150000,6.230000,6.140000,6.150000,279210,SSI iBoard
2014-06-23,6.150000,6.150000,6.100000,6.110000,208170,SSI iBoard
2014-06-24,6.100000,6.170000,6.090000,6.150000,314410,SSI iBoard
2014-06-25,6.180000,6.250000,6.170000,6.210000,535400,SSI iBoard
2014-06-26,6.210000,6.230000,6.180000,6.190000,340790,SSI iBoard
2014-06-27,6.180000,6.310000,6.180000,6.230000,1512800,SSI iBoard
2014-06-30,6.210000,6.260000,6.210000,6.210000,400120,SSI iBoard
2014-07-01,6.210000,6.260000,6.210000,6.220000,595450,SSI iBoard
2014-07-02,6.220000,6.260000,6.220000,6.260000,633630,SSI iBoard
2014-07-03,6.290000,6.450000,6.290000,6.420000,1296890,SSI iBoard
2014-07-04,6.460000,6.610000,6.450000,6.590000,1789990,SSI iBoard
2014-07-07,6.650000,6.860000,6.650000,6.660000,1768130,SSI iBoard
2014-07-08,6.650000,6.730000,6.590000,6.650000,668720,SSI iBoard
2014-07-09,6.660000,6.660000,6.590000,6.620000,682070,SSI iBoard
2014-07-10,6.620000,6.620000,6.450000,6.500000,1262450,SSI iBoard
2014-07-11,6.500000,6.500000,6.420000,6.490000,671180,SSI iBoard
2014-07-14,6.490000,6.610000,6.470000,6.580000,868190,SSI iBoard
2014-07-15,6.730000,6.790000,6.630000,6.660000,785570,SSI iBoard
2014-07-16,6.730000,6.790000,6.650000,6.650000,1240280,SSI iBoard
2014-07-17,6.630000,6.650000,6.550000,6.580000,836020,SSI iBoard
2014-07-18,6.550000,6.990000,6.550000,6.990000,3985310,SSI iBoard
2014-07-21,6.930000,7.060000,6.730000,6.790000,1718340,SSI iBoard
2014-07-22,6.790000,7.060000,6.730000,6.930000,1282720,SSI iBoard
2014-07-23,6.860000,6.990000,6.790000,6.860000,1050840,SSI iBoard
2014-07-24,6.860000,7.060000,6.860000,6.990000,1516130,SSI iBoard
2014-07-25,6.990000,7.130000,6.860000,6.860000,1257720,SSI iBoard
2014-07-28,6.790000,6.790000,6.620000,6.660000,1675170,SSI iBoard
2014-07-29,6.660000,6.730000,6.590000,6.620000,938580,SSI iBoard
2014-07-30,6.620000,6.790000,6.620000,6.650000,690950,SSI iBoard
2014-07-31,6.650000,6.730000,6.620000,6.730000,705490,SSI iBoard
2014-08-01,6.660000,6.730000,6.620000,6.630000,725990,SSI iBoard
2014-08-04,6.650000,6.730000,6.620000,6.660000,757490,SSI iBoard
2014-08-05,6.790000,6.930000,6.790000,6.860000,1433070,SSI iBoard
2014-08-06,6.860000,6.860000,6.730000,6.790000,973690,SSI iBoard
2014-08-07,6.790000,6.790000,6.660000,6.730000,648290,SSI iBoard
2014-08-08,6.790000,6.860000,6.660000,6.730000,738670,SSI iBoard
2014-08-11,6.790000,6.790000,6.660000,6.730000,640870,SSI iBoard
2014-08-12,6.730000,6.790000,6.660000,6.730000,634600,SSI iBoard
2014-08-13,6.790000,6.860000,6.730000,6.860000,842940,SSI iBoard
2014-08-14,6.860000,6.930000,6.790000,6.930000,1283060,SSI iBoard
2014-08-15,6.860000,6.930000,6.790000,6.860000,828590,SSI iBoard
2014-08-18,6.860000,7.060000,6.790000,6.990000,1735290,SSI iBoard
2014-08-19,6.990000,7.190000,6.990000,7.060000,3127310,SSI iBoard
2014-08-20,7.130000,7.130000,6.990000,7.060000,1321660,SSI iBoard
2014-08-21,7.060000,7.130000,6.990000,6.990000,1643270,SSI iBoard
2014-08-22,7.060000,7.130000,6.990000,7.060000,1804530,SSI iBoard
2014-08-25,7.130000,7.200000,7.060000,7.130000,1798790,SSI iBoard
2014-08-26,7.130000,7.540000,7.060000,7.470000,3673930,SSI iBoard
2014-08-27,7.470000,7.600000,7.330000,7.470000,1956570,SSI iBoard
2014-08-28,7.470000,7.810000,7.470000,7.740000,2505050,SSI iBoard
2014-08-29,7.740000,7.810000,7.600000,7.810000,1498060,SSI iBoard
2014-09-03,7.870000,7.940000,7.670000,7.740000,1754970,SSI iBoard
2014-09-04,7.670000,7.740000,7.600000,7.740000,1391520,SSI iBoard
2014-09-05,7.740000,7.870000,7.740000,7.870000,2025880,SSI iBoard
2014-09-08,7.940000,8.080000,7.870000,7.940000,2368420,SSI iBoard
2014-09-09,7.940000,7.940000,7.400000,7.540000,3943470,SSI iBoard
2014-09-10,7.540000,7.670000,7.400000,7.600000,1663390,SSI iBoard
2014-09-11,7.600000,7.670000,7.540000,7.540000,978400,SSI iBoard
2014-09-12,7.600000,7.670000,7.470000,7.600000,1274520,SSI iBoard
2014-09-15,7.740000,7.810000,7.540000,7.600000,1604040,SSI iBoard
2014-09-16,7.600000,7.670000,7.470000,7.600000,1634520,SSI iBoard
2014-09-17,7.740000,7.810000,7.600000,7.670000,2089480,SSI iBoard
2014-09-18,7.670000,7.670000,7.400000,7.470000,1681870,SSI iBoard
2014-09-19,7.470000,7.470000,7.330000,7.330000,1499270,SSI iBoard
2014-09-22,7.330000,7.400000,7.200000,7.200000,1424110,SSI iBoard
2014-09-23,7.200000,7.330000,7.130000,7.130000,1320590,SSI iBoard
2014-09-24,7.130000,7.260000,7.060000,7.130000,1023270,SSI iBoard
2014-09-25,7.200000,7.260000,7.060000,7.260000,1111670,SSI iBoard
2014-09-26,7.260000,7.260000,7.130000,7.130000,765550,SSI iBoard
2014-09-29,7.130000,7.200000,7.060000,7.060000,683300,SSI iBoard
2014-09-30,7.060000,7.200000,6.990000,7.060000,908550,SSI iBoard
2014-10-01,7.130000,7.330000,7.130000,7.260000,771760,SSI iBoard
2014-10-02,7.260000,7.330000,7.200000,7.330000,718170,SSI iBoard
2014-10-03,7.260000,7.330000,7.200000,7.260000,780160,SSI iBoard
2014-10-06,7.260000,7.330000,7.200000,7.260000,571810,SSI iBoard
2014-10-07,7.260000,7.330000,7.200000,7.260000,844760,SSI iBoard
2014-10-08,7.260000,7.260000,7.130000,7.200000,605320,SSI iBoard
2014-10-09,7.260000,7.260000,7.130000,7.130000,801580,SSI iBoard
2014-10-10,7.130000,7.200000,6.990000,7.060000,996930,SSI iBoard
2014-10-13,7.060000,7.260000,7.060000,7.260000,452140,SSI iBoard
2014-10-14,7.260000,7.260000,7.060000,7.060000,361650,SSI iBoard
2014-10-15,6.990000,7.130000,6.920000,7.060000,814130,SSI iBoard
2014-10-16,6.990000,6.990000,6.720000,6.750000,1592280,SSI iBoard
2014-10-17,6.770000,6.860000,6.650000,6.860000,875080,SSI iBoard
2014-10-20,6.860000,6.920000,6.790000,6.790000,394500,SSI iBoard
2014-10-21,6.790000,6.860000,6.760000,6.790000,345010,SSI iBoard
2014-10-22,6.860000,6.920000,6.790000,6.860000,410150,SSI iBoard
2014-10-23,6.790000,6.920000,6.760000,6.770000,596130,SSI iBoard
2014-10-24,6.790000,6.860000,6.730000,6.760000,480290,SSI iBoard
2014-10-27,6.720000,6.760000,6.610000,6.610000,579320,SSI iBoard
2014-10-28,6.580000,6.680000,6.580000,6.650000,383290,SSI iBoard
2014-10-29,6.650000,6.860000,6.650000,6.790000,425130,SSI iBoard
2014-10-30,6.790000,6.860000,6.790000,6.790000,515410,SSI iBoard
2014-10-31,6.790000,6.920000,6.770000,6.920000,321640,SSI iBoard
2014-11-03,6.990000,7.060000,6.920000,6.990000,367540,SSI iBoard
2014-11-04,6.920000,6.990000,6.860000,6.920000,382940,SSI iBoard
2014-11-05,6.920000,6.990000,6.790000,6.860000,296180,SSI iBoard
2014-11-06,6.920000,6.920000,6.770000,6.790000,379630,SSI iBoard
2014-11-07,6.790000,6.860000,6.770000,6.860000,252440,SSI iBoard
2014-11-10,6.860000,6.990000,6.790000,6.860000,438060,SSI iBoard
2014-11-11,6.920000,6.920000,6.860000,6.920000,176690,SSI iBoard
2014-11-12,6.920000,6.920000,6.860000,6.860000,148270,SSI iBoard
2014-11-13,6.860000,6.920000,6.860000,6.860000,321950,SSI iBoard
2014-11-14,6.860000,6.860000,6.760000,6.790000,459950,SSI iBoard
2014-11-17,6.860000,6.860000,6.770000,6.770000,302800,SSI iBoard
2014-11-18,6.790000,6.790000,6.670000,6.670000,347210,SSI iBoard
2014-11-19,6.690000,6.720000,6.650000,6.650000,669840,SSI iBoard
2014-11-20,6.670000,6.690000,6.630000,6.650000,366710,SSI iBoard
2014-11-21,6.690000,6.770000,6.650000,6.670000,400290,SSI iBoard
2014-11-24,6.650000,6.650000,6.600000,6.630000,289320,SSI iBoard
2014-11-25,6.630000,6.690000,6.630000,6.680000,190010,SSI iBoard
2014-11-26,6.720000,6.720000,6.630000,6.630000,224690,SSI iBoard
2014-11-27,6.670000,6.670000,6.580000,6.610000,311160,SSI iBoard
2014-11-28,6.640000,6.640000,6.530000,6.530000,526360,SSI iBoard
2014-12-01,6.520000,6.570000,6.490000,6.490000,387370,SSI iBoard
2014-12-02,6.500000,6.500000,6.440000,6.480000,361490,SSI iBoard
2014-12-03,6.530000,6.650000,6.490000,6.540000,209630,SSI iBoard
2014-12-04,6.540000,6.640000,6.540000,6.600000,291140,SSI iBoard
2014-12-05,6.630000,6.640000,6.580000,6.610000,220940,SSI iBoard
2014-12-08,6.610000,6.610000,6.540000,6.560000,230000,SSI iBoard
2014-12-09,6.530000,6.530000,6.410000,6.410000,975650,SSI iBoard
2014-12-10,6.390000,6.490000,6.380000,6.480000,462650,SSI iBoard
2014-12-11,6.450000,6.480000,6.410000,6.440000,319170,SSI iBoard
2014-12-12,6.460000,6.580000,6.450000,6.530000,222600,SSI iBoard
2014-12-15,6.530000,6.530000,6.490000,6.490000,176820,SSI iBoard
2014-12-16,6.480000,6.490000,6.410000,6.410000,525220,SSI iBoard
2014-12-17,6.420000,6.420000,6.080000,6.140000,1067630,SSI iBoard
2014-12-18,6.180000,6.330000,6.180000,6.270000,280050,SSI iBoard
2014-12-19,6.380000,6.380000,6.190000,6.190000,327710,SSI iBoard
2014-12-22,6.270000,6.310000,6.250000,6.290000,261240,SSI iBoard
2014-12-23,6.290000,6.390000,6.270000,6.370000,291780,SSI iBoard
2014-12-24,6.410000,6.440000,6.350000,6.370000,171930,SSI iBoard
2014-12-25,6.330000,6.350000,6.300000,6.310000,100790,SSI iBoard
2014-12-26,6.310000,6.310000,6.250000,6.270000,337170,SSI iBoard
2014-12-29,6.350000,6.350000,6.220000,6.230000,198580,SSI iBoard
2014-12-30,6.260000,6.290000,6.160000,6.290000,313520,SSI iBoard
2014-12-31,6.340000,6.520000,6.310000,6.520000,471320,SSI iBoard
2015-01-05,6.520000,6.540000,6.460000,6.490000,273550,SSI iBoard
2015-01-06,6.450000,6.530000,6.420000,6.530000,364050,SSI iBoard
2015-01-07,6.530000,6.670000,6.530000,6.570000,405560,SSI iBoard
2015-01-08,6.560000,6.570000,6.490000,6.500000,227300,SSI iBoard
2015-01-09,6.500000,6.580000,6.500000,6.560000,320210,SSI iBoard
2015-01-12,6.560000,6.680000,6.560000,6.600000,679050,SSI iBoard
2015-01-13,6.570000,6.630000,6.570000,6.610000,242060,SSI iBoard
2015-01-14,6.610000,6.640000,6.540000,6.600000,421120,SSI iBoard
2015-01-15,6.630000,6.630000,6.570000,6.610000,281910,SSI iBoard
2015-01-16,6.630000,6.630000,6.570000,6.580000,174340,SSI iBoard
2015-01-19,6.580000,6.580000,6.520000,6.520000,367020,SSI iBoard
2015-01-20,6.520000,6.540000,6.500000,6.520000,344010,SSI iBoard
2015-01-21,6.540000,6.630000,6.540000,6.570000,607260,SSI iBoard
2015-01-22,6.600000,6.600000,6.540000,6.540000,299200,SSI iBoard
2015-01-23,6.570000,6.610000,6.540000,6.570000,386280,SSI iBoard
2015-01-26,6.570000,6.610000,6.570000,6.570000,384170,SSI iBoard
2015-01-27,6.560000,6.600000,6.520000,6.520000,424160,SSI iBoard
2015-01-28,6.500000,6.560000,6.490000,6.500000,260670,SSI iBoard
2015-01-29,6.500000,6.520000,6.490000,6.500000,224460,SSI iBoard
2015-01-30,6.520000,6.530000,6.450000,6.450000,587470,SSI iBoard
2015-02-02,6.460000,6.490000,6.420000,6.440000,219410,SSI iBoard
2015-02-03,6.440000,6.450000,6.380000,6.380000,207170,SSI iBoard
2015-02-04,6.440000,6.440000,6.340000,6.370000,307040,SSI iBoard
2015-02-05,6.380000,6.450000,6.370000,6.410000,182990,SSI iBoard
2015-02-06,6.450000,6.450000,6.410000,6.420000,114380,SSI iBoard
2015-02-09,6.480000,6.480000,6.410000,6.410000,145540,SSI iBoard
2015-02-10,6.410000,6.420000,6.380000,6.390000,143310,SSI iBoard
2015-02-11,6.420000,6.450000,6.410000,6.450000,139400,SSI iBoard
2015-02-12,6.500000,6.540000,6.490000,6.490000,435120,SSI iBoard
2015-02-13,6.520000,6.540000,6.490000,6.520000,198830,SSI iBoard
2015-02-24,6.540000,6.630000,6.540000,6.600000,351850,SSI iBoard
2015-02-25,6.630000,6.650000,6.570000,6.580000,520900,SSI iBoard
2015-02-26,6.570000,6.650000,6.570000,6.650000,276700,SSI iBoard
2015-02-27,6.670000,6.690000,6.610000,6.630000,314940,SSI iBoard
2015-03-02,6.650000,6.650000,6.570000,6.580000,471270,SSI iBoard
2015-03-03,6.630000,6.640000,6.600000,6.640000,214540,SSI iBoard
2015-03-04,6.680000,6.860000,6.680000,6.790000,993500,SSI iBoard
2015-03-05,6.860000,6.920000,6.790000,6.790000,393540,SSI iBoard
2015-03-06,6.790000,6.860000,6.770000,6.790000,335140,SSI iBoard
2015-03-09,6.770000,6.790000,6.680000,6.680000,414700,SSI iBoard
2015-03-10,6.720000,6.750000,6.690000,6.750000,328390,SSI iBoard
2015-03-11,6.750000,6.750000,6.710000,6.720000,293150,SSI iBoard
2015-03-12,6.720000,6.720000,6.670000,6.680000,368140,SSI iBoard
2015-03-13,6.720000,6.750000,6.670000,6.680000,284450,SSI iBoard
2015-03-16,6.680000,6.710000,6.680000,6.710000,214490,SSI iBoard
2015-03-17,6.720000,6.860000,6.720000,6.790000,717570,SSI iBoard
2015-03-18,6.790000,6.790000,6.730000,6.730000,228430,SSI iBoard
2015-03-19,6.770000,6.790000,6.720000,6.720000,252430,SSI iBoard
2015-03-20,6.720000,6.770000,6.710000,6.760000,284340,SSI iBoard
2015-03-23,6.760000,6.770000,6.710000,6.710000,274890,SSI iBoard
2015-03-24,6.720000,6.720000,6.630000,6.670000,349040,SSI iBoard
2015-03-25,6.720000,6.720000,6.650000,6.680000,221110,SSI iBoard
2015-03-26,6.710000,6.710000,6.680000,6.690000,276070,SSI iBoard
2015-03-27,6.730000,6.730000,6.680000,6.680000,226880,SSI iBoard
2015-03-30,6.710000,6.710000,6.570000,6.570000,413070,SSI iBoard
2015-03-31,6.570000,6.610000,6.570000,6.570000,233260,SSI iBoard
2015-04-01,6.610000,6.610000,6.480000,6.480000,270910,SSI iBoard
2015-04-02,6.490000,6.580000,6.480000,6.530000,168030,SSI iBoard
2015-04-03,6.580000,6.630000,6.530000,6.630000,116640,SSI iBoard
2015-04-06,6.630000,6.670000,6.580000,6.580000,168170,SSI iBoard
2015-04-07,6.570000,6.650000,6.570000,6.640000,150220,SSI iBoard
2015-04-08,6.650000,6.670000,6.630000,6.640000,162560,SSI iBoard
2015-04-09,6.640000,6.650000,6.580000,6.640000,258950,SSI iBoard
2015-04-10,6.640000,6.710000,6.630000,6.680000,345170,SSI iBoard
2015-04-13,6.680000,6.710000,6.670000,6.680000,164060,SSI iBoard
2015-04-14,6.680000,6.680000,6.610000,6.610000,224290,SSI iBoard
2015-04-15,6.640000,6.650000,6.580000,6.640000,223010,SSI iBoard
2015-04-16,6.640000,6.680000,6.610000,6.630000,152830,SSI iBoard
2015-04-17,6.640000,6.990000,6.640000,6.920000,1497670,SSI iBoard
2015-04-20,6.920000,6.920000,6.770000,6.860000,358680,SSI iBoard
2015-04-21,6.860000,6.920000,6.790000,6.790000,263970,SSI iBoard
2015-04-22,6.790000,6.920000,6.790000,6.790000,539100,SSI iBoard
2015-04-23,6.860000,6.920000,6.760000,6.860000,641410,SSI iBoard
2015-04-24,6.860000,6.920000,6.790000,6.860000,268410,SSI iBoard
2015-04-27,6.990000,7.130000,6.920000,6.990000,636760,SSI iBoard
2015-05-04,6.990000,7.060000,6.650000,6.710000,818280,SSI iBoard
2015-05-05,6.710000,6.860000,6.680000,6.790000,444430,SSI iBoard
2015-05-06,6.790000,6.860000,6.730000,6.730000,406590,SSI iBoard
2015-05-07,6.760000,6.860000,6.730000,6.770000,263570,SSI iBoard
2015-05-08,6.770000,6.860000,6.770000,6.770000,241080,SSI iBoard
2015-05-11,6.790000,6.790000,6.730000,6.750000,229310,SSI iBoard
2015-05-12,6.750000,6.750000,6.680000,6.680000,253240,SSI iBoard
2015-05-13,6.680000,6.690000,6.610000,6.680000,471350,SSI iBoard
2015-05-14,6.650000,6.730000,6.650000,6.690000,284980,SSI iBoard
2015-05-15,6.710000,6.730000,6.670000,6.670000,222770,SSI iBoard
2015-05-18,6.650000,6.680000,6.630000,6.630000,493240,SSI iBoard
2015-05-19,6.610000,6.680000,6.610000,6.680000,261290,SSI iBoard
2015-05-20,6.730000,6.920000,6.720000,6.920000,1067870,SSI iBoard
2015-05-21,6.920000,7.200000,6.860000,7.130000,1966840,SSI iBoard
2015-05-22,7.130000,7.200000,7.060000,7.060000,639970,SSI iBoard
2015-05-25,7.060000,7.330000,7.060000,7.330000,1194140,SSI iBoard
2015-05-26,7.260000,7.330000,7.200000,7.200000,953640,SSI iBoard
2015-05-27,7.200000,7.260000,7.060000,7.130000,1216710,SSI iBoard
2015-05-28,7.240000,7.310000,7.180000,7.230000,1158400,SSI iBoard
2015-05-29,7.240000,7.240000,7.150000,7.160000,357830,SSI iBoard
2015-06-01,7.150000,7.150000,7.050000,7.050000,747720,SSI iBoard
2015-06-02,7.050000,7.050000,6.960000,6.960000,790020,SSI iBoard
2015-06-03,6.960000,7.130000,6.940000,7.040000,638440,SSI iBoard
2015-06-04,7.040000,7.080000,7.040000,7.070000,224510,SSI iBoard
2015-06-05,7.080000,7.150000,7.040000,7.130000,578380,SSI iBoard
2015-06-08,7.160000,7.180000,7.050000,7.050000,698960,SSI iBoard
2015-06-09,7.040000,7.190000,7.040000,7.050000,618760,SSI iBoard
2015-06-10,7.050000,7.110000,7.020000,7.100000,249790,SSI iBoard
2015-06-11,7.100000,7.150000,7.100000,7.130000,420000,SSI iBoard
2015-06-12,7.150000,7.210000,7.150000,7.180000,753350,SSI iBoard
2015-06-15,7.230000,7.230000,7.130000,7.160000,341650,SSI iBoard
2015-06-16,7.160000,7.190000,7.080000,7.080000,479370,SSI iBoard
2015-06-17,7.070000,7.100000,7.050000,7.070000,483360,SSI iBoard
2015-06-18,7.070000,7.160000,7.070000,7.080000,324300,SSI iBoard
2015-06-19,7.080000,7.180000,7.080000,7.130000,524770,SSI iBoard
2015-06-22,7.160000,7.290000,7.150000,7.260000,1273750,SSI iBoard
2015-06-23,7.260000,7.270000,7.230000,7.240000,623750,SSI iBoard
2015-06-24,7.260000,7.260000,7.190000,7.190000,356850,SSI iBoard
2015-06-25,7.180000,7.190000,7.160000,7.160000,585020,SSI iBoard
2015-06-26,7.180000,7.620000,7.180000,7.370000,4210260,SSI iBoard
2015-06-29,7.450000,7.590000,7.400000,7.450000,935540,SSI iBoard
2015-06-30,7.370000,7.430000,7.370000,7.390000,1048220,SSI iBoard
2015-07-01,7.390000,7.500000,7.340000,7.450000,737610,SSI iBoard
2015-07-02,7.430000,7.540000,7.420000,7.510000,1090220,SSI iBoard
2015-07-03,7.540000,7.540000,7.460000,7.480000,758500,SSI iBoard
2015-07-06,7.500000,7.560000,7.480000,7.560000,979490,SSI iBoard
2015-07-07,7.540000,7.700000,7.510000,7.580000,1132850,SSI iBoard
2015-07-08,7.580000,7.610000,7.420000,7.430000,1420160,SSI iBoard
2015-07-09,7.400000,7.460000,7.350000,7.430000,999820,SSI iBoard
2015-07-10,7.430000,7.480000,7.390000,7.420000,835670,SSI iBoard
2015-07-13,7.420000,7.560000,7.400000,7.460000,489440,SSI iBoard
2015-07-14,7.460000,7.510000,7.420000,7.460000,395670,SSI iBoard
2015-07-15,7.480000,7.480000,7.390000,7.390000,654910,SSI iBoard
2015-07-16,7.350000,7.390000,7.290000,7.390000,611060,SSI iBoard
2015-07-17,7.370000,7.460000,7.350000,7.390000,315540,SSI iBoard
2015-07-20,7.390000,7.390000,7.310000,7.350000,419830,SSI iBoard
2015-07-21,7.320000,7.340000,7.230000,7.260000,876450,SSI iBoard
2015-07-22,7.260000,7.400000,7.240000,7.400000,455030,SSI iBoard
2015-07-23,7.390000,7.620000,7.390000,7.480000,2140450,SSI iBoard
2015-07-24,7.510000,7.610000,7.510000,7.580000,1217830,SSI iBoard
2015-07-27,7.620000,7.880000,7.610000,7.800000,1865720,SSI iBoard
2015-07-28,7.800000,7.800000,7.670000,7.670000,634450,SSI iBoard
2015-07-29,7.670000,7.750000,7.590000,7.620000,1119080,SSI iBoard
2015-07-30,7.620000,7.640000,7.530000,7.530000,938320,SSI iBoard
2015-07-31,7.590000,7.610000,7.530000,7.530000,541330,SSI iBoard
2015-08-03,7.480000,7.480000,7.390000,7.400000,1136670,SSI iBoard
2015-08-04,7.460000,7.540000,7.420000,7.480000,526180,SSI iBoard
2015-08-05,7.510000,7.540000,7.460000,7.540000,312920,SSI iBoard
2015-08-06,7.540000,7.580000,7.450000,7.450000,561120,SSI iBoard
2015-08-07,7.480000,7.560000,7.430000,7.530000,546600,SSI iBoard
2015-08-10,7.560000,7.720000,7.560000,7.720000,1180730,SSI iBoard
2015-08-11,7.720000,7.800000,7.640000,7.690000,861370,SSI iBoard
2015-08-12,7.640000,7.640000,7.530000,7.580000,1257050,SSI iBoard
2015-08-13,7.580000,7.580000,7.450000,7.480000,1573130,SSI iBoard
2015-08-14,7.460000,7.530000,7.400000,7.450000,702440,SSI iBoard
2015-08-17,7.450000,7.500000,7.320000,7.350000,816140,SSI iBoard
2015-08-18,7.350000,7.430000,7.320000,7.420000,751710,SSI iBoard
2015-08-19,7.470000,7.560000,7.400000,7.500000,860750,SSI iBoard
2015-08-20,7.520000,7.520000,7.380000,7.400000,384210,SSI iBoard
2015-08-21,7.340000,7.350000,7.160000,7.350000,1184950,SSI iBoard
2015-08-24,7.220000,7.250000,6.880000,6.900000,2107920,SSI iBoard
2015-08-25,6.830000,7.080000,6.830000,6.980000,1302560,SSI iBoard
2015-08-26,6.990000,7.240000,6.990000,7.170000,960660,SSI iBoard
2015-08-27,7.170000,7.250000,7.160000,7.210000,701980,SSI iBoard
2015-08-28,7.250000,7.290000,7.210000,7.270000,883560,SSI iBoard
2015-08-31,7.240000,7.290000,7.170000,7.190000,383640,SSI iBoard
2015-09-01,7.220000,7.220000,7.140000,7.170000,319590,SSI iBoard
2015-09-03,7.140000,7.170000,7.110000,7.110000,361300,SSI iBoard
2015-09-04,7.110000,7.170000,7.090000,7.120000,200160,SSI iBoard
2015-09-07,7.160000,7.160000,7.060000,7.090000,143530,SSI iBoard
2015-09-08,7.080000,7.170000,7.080000,7.140000,195100,SSI iBoard
2015-09-09,7.210000,7.220000,7.170000,7.170000,351700,SSI iBoard
2015-09-10,7.170000,7.190000,7.140000,7.190000,228830,SSI iBoard
2015-09-11,7.220000,7.220000,7.160000,7.160000,178370,SSI iBoard
2015-09-14,7.160000,7.160000,7.110000,7.110000,213260,SSI iBoard
2015-09-15,7.090000,7.140000,7.080000,7.110000,91140,SSI iBoard
2015-09-16,7.110000,7.140000,7.090000,7.110000,123720,SSI iBoard
2015-09-17,7.110000,7.160000,7.110000,7.120000,121980,SSI iBoard
2015-09-18,7.250000,7.300000,7.170000,7.250000,743610,SSI iBoard
2015-09-21,7.240000,7.400000,7.240000,7.400000,548700,SSI iBoard
2015-09-22,7.400000,7.420000,7.340000,7.350000,289410,SSI iBoard
2015-09-23,7.340000,7.380000,7.300000,7.300000,447860,SSI iBoard
2015-09-24,7.290000,7.370000,7.290000,7.340000,287470,SSI iBoard
2015-09-25,7.350000,7.350000,7.290000,7.300000,259280,SSI iBoard
2015-09-28,7.300000,7.320000,7.240000,7.240000,267580,SSI iBoard
2015-09-29,7.240000,7.240000,7.210000,7.240000,260100,SSI iBoard
2015-09-30,7.290000,7.290000,7.210000,7.240000,159670,SSI iBoard
2015-10-01,7.240000,7.270000,7.220000,7.250000,179470,SSI iBoard
2015-10-02,7.250000,7.290000,7.240000,7.290000,136870,SSI iBoard
2015-10-05,7.270000,7.340000,7.250000,7.320000,382440,SSI iBoard
2015-10-06,7.420000,7.520000,7.380000,7.480000,923920,SSI iBoard
2015-10-07,7.520000,7.520000,7.320000,7.350000,337650,SSI iBoard
2015-10-08,7.350000,7.450000,7.350000,7.450000,331030,SSI iBoard
2015-10-09,7.480000,7.550000,7.450000,7.450000,778950,SSI iBoard
2015-10-12,7.430000,7.470000,7.430000,7.450000,414610,SSI iBoard
2015-10-13,7.450000,7.450000,7.380000,7.400000,298120,SSI iBoard
2015-10-14,7.650000,7.790000,7.580000,7.600000,3076790,SSI iBoard
2015-10-15,7.630000,7.630000,7.560000,7.580000,426740,SSI iBoard
2015-10-16,7.600000,7.630000,7.600000,7.600000,548620,SSI iBoard
2015-10-19,7.600000,7.780000,7.600000,7.660000,1396480,SSI iBoard
2015-10-20,7.660000,7.790000,7.650000,7.690000,1968330,SSI iBoard
2015-10-21,7.740000,7.740000,7.650000,7.650000,703530,SSI iBoard
2015-10-22,7.610000,7.660000,7.610000,7.630000,473620,SSI iBoard
2015-10-23,7.680000,7.710000,7.650000,7.660000,719680,SSI iBoard
2015-10-26,7.730000,7.890000,7.730000,7.740000,2631100,SSI iBoard
2015-10-27,7.710000,7.860000,7.710000,7.810000,1345230,SSI iBoard
2015-10-28,7.820000,7.950000,7.820000,7.940000,2673100,SSI iBoard
2015-10-29,8.020000,8.080000,7.990000,8.020000,1846600,SSI iBoard
2015-10-30,8.040000,8.050000,7.950000,8.020000,982600,SSI iBoard
2015-11-02,8.040000,8.300000,8.020000,8.050000,2790190,SSI iBoard
2015-11-03,8.130000,8.540000,8.120000,8.540000,3798850,SSI iBoard
2015-11-04,8.620000,8.700000,8.460000,8.460000,1772170,SSI iBoard
2015-11-05,8.380000,8.700000,8.380000,8.700000,2727690,SSI iBoard
2015-11-06,8.700000,8.870000,8.460000,8.540000,3164790,SSI iBoard
2015-11-09,8.460000,8.540000,8.380000,8.380000,2035350,SSI iBoard
2015-11-10,8.380000,8.460000,8.210000,8.300000,2049910,SSI iBoard
2015-11-11,8.210000,8.460000,8.210000,8.210000,1790510,SSI iBoard
2015-11-12,8.300000,8.700000,8.210000,8.620000,3514400,SSI iBoard
2015-11-13,8.620000,8.870000,8.540000,8.870000,2759580,SSI iBoard
2015-11-16,8.780000,8.950000,8.620000,8.780000,2413900,SSI iBoard
2015-11-17,8.700000,8.780000,8.460000,8.460000,2136990,SSI iBoard
2015-11-18,8.380000,8.620000,8.380000,8.460000,1366870,SSI iBoard
2015-11-19,8.460000,8.620000,8.380000,8.380000,1096120,SSI iBoard
2015-11-20,8.300000,8.460000,8.300000,8.300000,1196900,SSI iBoard
2015-11-23,8.300000,8.380000,8.050000,8.050000,2054830,SSI iBoard
2015-11-24,8.080000,8.080000,7.870000,7.990000,2817650,SSI iBoard
2015-11-25,8.020000,8.210000,7.890000,8.130000,1309410,SSI iBoard
2015-11-26,8.100000,8.130000,7.970000,7.970000,746390,SSI iBoard
2015-11-27,8.000000,8.120000,7.950000,7.950000,1520660,SSI iBoard
2015-11-30,7.970000,7.970000,7.860000,7.860000,1116850,SSI iBoard
2015-12-01,7.910000,7.940000,7.820000,7.840000,623880,SSI iBoard
2015-12-02,7.840000,7.920000,7.840000,7.870000,675930,SSI iBoard
2015-12-03,7.890000,7.920000,7.860000,7.890000,343540,SSI iBoard
2015-12-04,7.890000,7.890000,7.760000,7.790000,861320,SSI iBoard
2015-12-07,7.780000,7.810000,7.730000,7.730000,892260,SSI iBoard
2015-12-08,7.690000,7.990000,7.660000,7.970000,1117670,SSI iBoard
2015-12-09,7.970000,8.040000,7.840000,7.840000,735460,SSI iBoard
2015-12-10,7.840000,7.910000,7.780000,7.780000,610110,SSI iBoard
2015-12-11,7.760000,7.890000,7.760000,7.810000,558390,SSI iBoard
2015-12-14,7.790000,7.840000,7.780000,7.780000,434710,SSI iBoard
2015-12-15,7.780000,7.890000,7.780000,7.890000,527780,SSI iBoard
2015-12-16,7.920000,8.020000,7.920000,7.940000,1252650,SSI iBoard
2015-12-17,8.000000,8.050000,7.970000,8.000000,916420,SSI iBoard
2015-12-18,8.000000,8.020000,7.950000,7.950000,825670,SSI iBoard
2015-12-21,7.950000,7.950000,7.860000,7.890000,540360,SSI iBoard
2015-12-22,7.890000,7.920000,7.820000,7.820000,537270,SSI iBoard
2015-12-23,7.860000,7.870000,7.780000,7.790000,606040,SSI iBoard
2015-12-24,7.820000,7.840000,7.780000,7.780000,474020,SSI iBoard
2015-12-25,7.810000,7.810000,7.760000,7.780000,339400,SSI iBoard
2015-12-28,7.810000,7.920000,7.760000,7.820000,767110,SSI iBoard
2015-12-29,7.840000,7.890000,7.820000,7.860000,433620,SSI iBoard
2015-12-30,7.910000,7.950000,7.860000,7.860000,913890,SSI iBoard
2015-12-31,7.860000,7.940000,7.840000,7.860000,570340,SSI iBoard
2016-01-04,7.870000,7.890000,7.780000,7.780000,602210,SSI iBoard
2016-01-05,7.780000,7.810000,7.760000,7.780000,734050,SSI iBoard
2016-01-06,7.780000,7.820000,7.780000,7.790000,446810,SSI iBoard
2016-01-07,7.790000,7.790000,7.650000,7.650000,1841620,SSI iBoard
2016-01-08,7.610000,7.630000,7.480000,7.530000,1773760,SSI iBoard
2016-01-11,7.530000,7.530000,7.470000,7.470000,805440,SSI iBoard
2016-01-12,7.480000,7.630000,7.430000,7.630000,582160,SSI iBoard
2016-01-13,7.650000,7.690000,7.530000,7.550000,542910,SSI iBoard
2016-01-14,7.500000,7.550000,7.480000,7.520000,509720,SSI iBoard
2016-01-15,7.520000,7.560000,7.480000,7.500000,593280,SSI iBoard
2016-01-18,7.430000,7.430000,7.210000,7.300000,2255130,SSI iBoard
2016-01-19,7.300000,7.370000,7.270000,7.340000,873480,SSI iBoard
2016-01-20,7.340000,7.400000,7.300000,7.300000,651980,SSI iBoard
2016-01-21,7.290000,7.340000,7.250000,7.300000,647810,SSI iBoard
2016-01-22,7.320000,7.340000,7.210000,7.290000,692750,SSI iBoard
2016-01-25,7.400000,7.660000,7.320000,7.660000,892040,SSI iBoard
2016-01-26,7.560000,7.580000,7.470000,7.470000,661130,SSI iBoard
2016-01-27,7.560000,7.560000,7.520000,7.530000,336620,SSI iBoard
2016-01-28,7.530000,7.550000,7.450000,7.480000,491030,SSI iBoard
2016-01-29,7.530000,7.560000,7.470000,7.550000,496970,SSI iBoard
2016-02-01,7.560000,7.630000,7.480000,7.580000,584110,SSI iBoard
2016-02-02,7.530000,7.600000,7.520000,7.520000,184210,SSI iBoard
2016-02-03,7.550000,7.630000,7.520000,7.580000,641500,SSI iBoard
2016-02-04,7.630000,7.630000,7.560000,7.560000,282030,SSI iBoard
2016-02-05,7.600000,7.650000,7.560000,7.630000,363780,SSI iBoard
2016-02-15,7.600000,7.610000,7.530000,7.600000,342070,SSI iBoard
2016-02-16,7.650000,7.730000,7.600000,7.690000,346480,SSI iBoard
2016-02-17,7.730000,7.840000,7.730000,7.730000,719440,SSI iBoard
2016-02-18,7.760000,7.860000,7.740000,7.820000,737190,SSI iBoard
2016-02-19,7.810000,7.810000,7.740000,7.760000,530400,SSI iBoard
2016-02-22,7.760000,7.840000,7.760000,7.840000,518820,SSI iBoard
2016-02-23,7.890000,7.890000,7.780000,7.780000,727180,SSI iBoard
2016-02-24,7.760000,7.810000,7.740000,7.780000,655980,SSI iBoard
2016-02-25,7.810000,7.860000,7.740000,7.740000,673070,SSI iBoard
2016-02-26,7.780000,7.780000,7.710000,7.760000,383230,SSI iBoard
2016-02-29,7.790000,7.790000,7.740000,7.780000,516250,SSI iBoard
2016-03-01,7.780000,7.950000,7.740000,7.840000,1215810,SSI iBoard
2016-03-02,7.870000,7.940000,7.860000,7.920000,811910,SSI iBoard
2016-03-03,7.950000,8.020000,7.940000,7.940000,831440,SSI iBoard
2016-03-04,7.910000,8.020000,7.910000,7.970000,855930,SSI iBoard
2016-03-07,7.970000,8.040000,7.910000,7.910000,731820,SSI iBoard
2016-03-08,7.910000,7.920000,7.810000,7.810000,1138510,SSI iBoard
2016-03-09,7.780000,7.840000,7.780000,7.810000,406000,SSI iBoard
2016-03-10,7.810000,7.860000,7.790000,7.840000,278390,SSI iBoard
2016-03-11,7.870000,7.950000,7.870000,7.890000,752610,SSI iBoard
2016-03-14,7.970000,8.040000,7.920000,7.920000,1011740,SSI iBoard
2016-03-15,7.950000,7.990000,7.890000,7.890000,545350,SSI iBoard
2016-03-16,7.890000,7.920000,7.870000,7.890000,492970,SSI iBoard
2016-03-17,7.910000,7.950000,7.890000,7.890000,630200,SSI iBoard
2016-03-18,7.970000,8.120000,7.970000,8.020000,2537440,SSI iBoard
2016-03-21,8.020000,8.050000,7.970000,8.000000,708370,SSI iBoard
2016-03-22,7.970000,7.990000,7.920000,7.920000,630690,SSI iBoard
2016-03-23,7.920000,7.970000,7.890000,7.920000,573490,SSI iBoard
2016-03-24,7.940000,7.950000,7.870000,7.870000,831940,SSI iBoard
2016-03-25,7.840000,7.870000,7.740000,7.790000,1134790,SSI iBoard
2016-03-28,7.860000,7.860000,7.790000,7.810000,402090,SSI iBoard
2016-03-29,7.810000,7.810000,7.710000,7.730000,731100,SSI iBoard
2016-03-30,7.730000,7.790000,7.680000,7.730000,595920,SSI iBoard
2016-03-31,7.730000,7.810000,7.660000,7.660000,623130,SSI iBoard
2016-04-01,7.660000,7.680000,7.600000,7.610000,530180,SSI iBoard
2016-04-04,7.600000,7.650000,7.600000,7.610000,370410,SSI iBoard
2016-04-05,7.610000,7.680000,7.600000,7.650000,286440,SSI iBoard
2016-04-06,7.650000,7.710000,7.630000,7.710000,288080,SSI iBoard
2016-04-07,7.730000,7.790000,7.710000,7.780000,485800,SSI iBoard
2016-04-08,7.740000,7.810000,7.740000,7.740000,312220,SSI iBoard
2016-04-11,7.780000,7.840000,7.730000,7.790000,814800,SSI iBoard
2016-04-12,7.810000,7.810000,7.730000,7.760000,393630,SSI iBoard
2016-04-13,7.740000,7.780000,7.730000,7.740000,568090,SSI iBoard
2016-04-14,7.730000,7.780000,7.730000,7.730000,572360,SSI iBoard
2016-04-15,7.740000,7.760000,7.680000,7.680000,712110,SSI iBoard
2016-04-19,7.680000,7.730000,7.650000,7.650000,545970,SSI iBoard
2016-04-20,7.650000,7.680000,7.630000,7.660000,878290,SSI iBoard
2016-04-21,7.690000,7.730000,7.660000,7.690000,496340,SSI iBoard
2016-04-22,7.690000,7.780000,7.660000,7.780000,829700,SSI iBoard
2016-04-25,7.810000,7.860000,7.780000,7.790000,562230,SSI iBoard
2016-04-26,7.790000,7.810000,7.730000,7.790000,333520,SSI iBoard
2016-04-27,7.810000,7.820000,7.730000,7.760000,593060,SSI iBoard
2016-04-28,7.810000,8.020000,7.760000,7.870000,3007080,SSI iBoard
2016-04-29,7.870000,7.920000,7.860000,7.910000,614320,SSI iBoard
2016-05-04,7.840000,7.860000,7.760000,7.820000,771190,SSI iBoard
2016-05-05,7.790000,7.870000,7.780000,7.780000,908780,SSI iBoard
2016-05-06,7.780000,7.810000,7.730000,7.730000,693360,SSI iBoard
2016-05-09,7.740000,7.780000,7.680000,7.680000,605810,SSI iBoard
2016-05-10,7.660000,7.730000,7.650000,7.690000,465650,SSI iBoard
2016-05-11,7.760000,7.780000,7.690000,7.760000,290200,SSI iBoard
2016-05-12,7.790000,7.790000,7.710000,7.710000,412430,SSI iBoard
2016-05-13,7.730000,7.740000,7.680000,7.710000,393240,SSI iBoard
2016-05-16,7.710000,7.730000,7.680000,7.690000,310390,SSI iBoard
2016-05-17,7.710000,7.780000,7.690000,7.740000,354380,SSI iBoard
2016-05-18,7.810000,7.870000,7.760000,7.760000,692880,SSI iBoard
2016-05-19,7.810000,7.810000,7.740000,7.760000,186020,SSI iBoard
2016-05-20,7.760000,7.790000,7.760000,7.790000,485060,SSI iBoard
2016-05-23,7.860000,7.860000,7.780000,7.780000,345150,SSI iBoard
2016-05-24,7.790000,7.810000,7.760000,7.760000,369180,SSI iBoard
2016-05-25,7.780000,7.790000,7.740000,7.760000,598370,SSI iBoard
2016-05-26,7.780000,7.790000,7.730000,7.730000,1328870,SSI iBoard
2016-05-27,7.800000,7.850000,7.720000,7.830000,543580,SSI iBoard
2016-05-30,7.830000,7.910000,7.830000,7.850000,447160,SSI iBoard
2016-05-31,7.870000,7.870000,7.800000,7.800000,589350,SSI iBoard
2016-06-01,7.830000,7.830000,7.800000,7.800000,519620,SSI iBoard
2016-06-02,7.830000,7.830000,7.780000,7.800000,318100,SSI iBoard
2016-06-03,7.810000,7.810000,7.760000,7.780000,400290,SSI iBoard
2016-06-06,7.780000,7.780000,7.680000,7.720000,754110,SSI iBoard
2016-06-07,7.760000,7.760000,7.680000,7.740000,559610,SSI iBoard
2016-06-08,7.740000,7.780000,7.720000,7.780000,516630,SSI iBoard
2016-06-09,7.780000,7.780000,7.740000,7.740000,325390,SSI iBoard
2016-06-10,7.720000,7.760000,7.720000,7.740000,475190,SSI iBoard
2016-06-13,7.740000,7.740000,7.720000,7.720000,237230,SSI iBoard
2016-06-14,7.700000,7.740000,7.700000,7.740000,242560,SSI iBoard
2016-06-15,7.740000,7.740000,7.680000,7.700000,414560,SSI iBoard
2016-06-16,7.740000,7.760000,7.700000,7.720000,359320,SSI iBoard
2016-06-17,7.720000,7.740000,7.700000,7.720000,206120,SSI iBoard
2016-06-20,7.740000,8.200000,7.720000,8.160000,1877120,SSI iBoard
2016-06-21,8.200000,8.370000,8.140000,8.160000,1442710,SSI iBoard
2016-06-22,8.120000,8.200000,8.100000,8.100000,300480,SSI iBoard
2016-06-23,8.080000,8.100000,8.010000,8.010000,826170,SSI iBoard
2016-06-24,7.970000,7.970000,7.470000,7.810000,2562810,SSI iBoard
2016-06-27,7.810000,7.910000,7.680000,7.870000,587560,SSI iBoard
2016-06-28,7.870000,7.910000,7.830000,7.870000,328400,SSI iBoard
2016-06-29,7.850000,8.120000,7.850000,8.030000,1250570,SSI iBoard
2016-06-30,8.120000,8.140000,7.990000,7.990000,669690,SSI iBoard
2016-07-01,8.030000,8.080000,7.990000,8.010000,579110,SSI iBoard
2016-07-04,8.030000,8.160000,8.030000,8.120000,863920,SSI iBoard
2016-07-05,8.120000,8.160000,8.060000,8.060000,791050,SSI iBoard
2016-07-06,8.040000,8.120000,8.010000,8.080000,602040,SSI iBoard
2016-07-07,8.160000,8.390000,8.100000,8.270000,1592870,SSI iBoard
2016-07-08,8.290000,8.480000,8.290000,8.330000,1594930,SSI iBoard
2016-07-11,8.350000,8.410000,8.140000,8.140000,1035540,SSI iBoard
2016-07-12,8.140000,8.220000,8.030000,8.140000,744580,SSI iBoard
2016-07-13,8.140000,8.270000,8.140000,8.200000,751090,SSI iBoard
2016-07-14,8.220000,8.390000,8.200000,8.220000,1880280,SSI iBoard
2016-07-15,8.200000,8.250000,8.140000,8.140000,730200,SSI iBoard
2016-07-18,8.120000,8.160000,8.060000,8.140000,578400,SSI iBoard
2016-07-19,8.160000,8.160000,7.970000,8.010000,1148610,SSI iBoard
2016-07-20,8.010000,8.040000,7.950000,7.950000,575060,SSI iBoard
2016-07-21,7.970000,8.030000,7.930000,7.950000,448120,SSI iBoard
2016-07-22,7.930000,7.930000,7.810000,7.890000,958530,SSI iBoard
2016-07-25,7.890000,7.910000,7.850000,7.850000,375880,SSI iBoard
2016-07-26,7.850000,7.870000,7.800000,7.810000,469520,SSI iBoard
2016-07-27,7.890000,7.970000,7.870000,7.890000,554520,SSI iBoard
2016-07-28,7.890000,7.970000,7.870000,7.890000,512680,SSI iBoard
2016-07-29,7.890000,7.910000,7.830000,7.830000,241530,SSI iBoard
2016-08-01,7.830000,7.890000,7.800000,7.850000,419730,SSI iBoard
2016-08-02,7.850000,7.850000,7.740000,7.760000,806630,SSI iBoard
2016-08-03,7.760000,7.800000,7.720000,7.740000,467420,SSI iBoard
2016-08-04,7.740000,7.800000,7.720000,7.720000,340270,SSI iBoard
2016-08-05,7.720000,7.780000,7.680000,7.740000,461730,SSI iBoard
2016-08-08,7.780000,7.830000,7.760000,7.760000,274690,SSI iBoard
2016-08-09,7.800000,7.810000,7.760000,7.810000,271030,SSI iBoard
2016-08-10,7.780000,7.850000,7.780000,7.850000,236760,SSI iBoard
2016-08-11,7.890000,7.990000,7.870000,7.990000,585310,SSI iBoard
2016-08-12,8.030000,8.100000,7.930000,7.950000,527660,SSI iBoard
2016-08-15,7.950000,7.970000,7.930000,7.950000,281220,SSI iBoard
2016-08-16,8.030000,8.220000,7.950000,8.160000,1933670,SSI iBoard
2016-08-17,8.160000,8.310000,8.120000,8.250000,1354570,SSI iBoard
2016-08-18,8.250000,8.410000,8.220000,8.240000,1044090,SSI iBoard
2016-08-19,8.270000,8.270000,8.100000,8.100000,662470,SSI iBoard
2016-08-22,8.220000,8.240000,8.120000,8.120000,944470,SSI iBoard
2016-08-23,8.180000,8.200000,8.100000,8.160000,443570,SSI iBoard
2016-08-24,8.180000,8.300000,8.180000,8.220000,749230,SSI iBoard
2016-08-25,8.240000,8.320000,8.200000,8.300000,601280,SSI iBoard
2016-08-26,8.300000,8.490000,8.300000,8.410000,2217420,SSI iBoard
2016-08-29,8.450000,8.510000,8.340000,8.340000,996310,SSI iBoard
2016-08-30,8.320000,8.400000,8.320000,8.340000,529860,SSI iBoard
2016-08-31,8.400000,8.690000,8.360000,8.590000,3190540,SSI iBoard
2016-09-01,8.670000,8.810000,8.610000,8.710000,2145860,SSI iBoard
2016-09-05,8.710000,8.770000,8.630000,8.710000,964870,SSI iBoard
2016-09-06,8.690000,8.770000,8.650000,8.650000,1385380,SSI iBoard
2016-09-07,8.630000,8.630000,8.510000,8.630000,1332450,SSI iBoard
2016-09-08,8.690000,9.040000,8.650000,8.920000,3243480,SSI iBoard
2016-09-09,9.000000,9.100000,8.900000,8.940000,1833910,SSI iBoard
2016-09-12,8.900000,8.920000,8.790000,8.810000,1220220,SSI iBoard
2016-09-13,8.810000,8.870000,8.710000,8.850000,1151590,SSI iBoard
2016-09-14,8.840000,8.990000,8.810000,8.900000,1283090,SSI iBoard
2016-09-15,8.900000,8.900000,8.710000,8.770000,1111400,SSI iBoard
2016-09-16,8.710000,8.810000,8.690000,8.810000,855440,SSI iBoard
2016-09-19,8.880000,8.900000,8.770000,8.860000,944500,SSI iBoard
2016-09-20,8.900000,8.980000,8.850000,8.930000,1374570,SSI iBoard
2016-09-21,8.940000,8.980000,8.880000,8.900000,872200,SSI iBoard
2016-09-22,8.900000,9.280000,8.900000,9.120000,2821740,SSI iBoard
2016-09-23,9.160000,9.320000,9.160000,9.280000,2331180,SSI iBoard
2016-09-26,9.320000,9.430000,9.320000,9.350000,1938720,SSI iBoard
2016-09-27,9.340000,9.350000,9.260000,9.350000,2011410,SSI iBoard
2016-09-28,9.320000,9.490000,9.320000,9.370000,1675680,SSI iBoard
2016-09-29,9.320000,9.390000,9.220000,9.270000,1885090,SSI iBoard
2016-09-30,9.280000,9.280000,9.130000,9.130000,1725770,SSI iBoard
2016-10-03,9.140000,9.240000,9.060000,9.130000,1063670,SSI iBoard
2016-10-04,9.180000,9.270000,9.000000,9.160000,1945280,SSI iBoard
2016-10-05,9.200000,9.200000,9.130000,9.160000,482560,SSI iBoard
2016-10-06,9.160000,9.190000,9.020000,9.020000,808750,SSI iBoard
2016-10-07,9.030000,9.060000,8.750000,8.820000,2656510,SSI iBoard
2016-10-10,8.820000,8.820000,8.530000,8.530000,2105790,SSI iBoard
2016-10-11,8.530000,8.710000,8.440000,8.710000,1576130,SSI iBoard
2016-10-12,8.690000,8.730000,8.550000,8.570000,737050,SSI iBoard
2016-10-13,8.550000,8.650000,8.490000,8.610000,455610,SSI iBoard
2016-10-14,8.590000,8.630000,8.570000,8.580000,556120,SSI iBoard
2016-10-17,8.590000,8.590000,8.490000,8.490000,799570,SSI iBoard
2016-10-18,8.490000,8.580000,8.410000,8.530000,461070,SSI iBoard
2016-10-19,8.510000,8.640000,8.510000,8.580000,484690,SSI iBoard
2016-10-20,8.630000,8.650000,8.500000,8.510000,452160,SSI iBoard
2016-10-21,8.510000,8.560000,8.490000,8.490000,368030,SSI iBoard
2016-10-24,8.490000,8.530000,8.430000,8.450000,683800,SSI iBoard
2016-10-25,8.450000,8.590000,8.380000,8.450000,798790,SSI iBoard
2016-10-26,8.450000,8.530000,8.400000,8.410000,498350,SSI iBoard
2016-10-27,8.470000,8.470000,8.410000,8.450000,320770,SSI iBoard
2016-10-28,8.450000,8.530000,8.440000,8.530000,623240,SSI iBoard
2016-10-31,8.550000,8.590000,8.510000,8.510000,366100,SSI iBoard
2016-11-01,8.530000,8.530000,8.470000,8.470000,287980,SSI iBoard
2016-11-02,8.470000,8.490000,8.340000,8.340000,607470,SSI iBoard
2016-11-03,8.320000,8.320000,8.160000,8.220000,819360,SSI iBoard
2016-11-04,8.220000,8.300000,8.220000,8.250000,216080,SSI iBoard
2016-11-07,8.240000,8.400000,8.240000,8.380000,270420,SSI iBoard
2016-11-08,8.380000,8.460000,8.380000,8.390000,357870,SSI iBoard
2016-11-09,8.390000,8.390000,8.040000,8.260000,1259800,SSI iBoard
2016-11-10,8.340000,8.400000,8.320000,8.360000,279210,SSI iBoard
2016-11-11,8.400000,8.500000,8.380000,8.410000,549240,SSI iBoard
2016-11-14,8.360000,8.410000,8.340000,8.370000,357500,SSI iBoard
2016-11-15,8.380000,8.450000,8.360000,8.450000,410010,SSI iBoard
2016-11-16,8.470000,8.490000,8.380000,8.420000,483700,SSI iBoard
2016-11-17,8.420000,8.420000,8.340000,8.340000,342390,SSI iBoard
2016-11-18,8.320000,8.440000,8.320000,8.430000,272520,SSI iBoard
2016-11-21,8.450000,8.490000,8.380000,8.430000,398940,SSI iBoard
2016-11-22,8.410000,8.480000,8.410000,8.430000,475660,SSI iBoard
2016-11-23,8.470000,8.630000,8.430000,8.600000,933400,SSI iBoard
2016-11-24,8.570000,8.760000,8.570000,8.680000,1109900,SSI iBoard
2016-11-25,8.690000,8.690000,8.590000,8.600000,523930,SSI iBoard
2016-11-28,8.600000,8.600000,8.450000,8.510000,401290,SSI iBoard
2016-11-29,8.510000,8.510000,8.360000,8.440000,488970,SSI iBoard
2016-11-30,8.410000,8.480000,8.400000,8.480000,284250,SSI iBoard
2016-12-01,8.450000,8.570000,8.450000,8.450000,247450,SSI iBoard
2016-12-02,8.450000,8.480000,8.400000,8.410000,265850,SSI iBoard
2016-12-05,8.410000,8.450000,8.340000,8.340000,320460,SSI iBoard
2016-12-06,8.380000,8.390000,8.280000,8.280000,407380,SSI iBoard
2016-12-07,8.280000,8.320000,8.240000,8.240000,283670,SSI iBoard
2016-12-08,8.320000,8.320000,8.260000,8.270000,145770,SSI iBoard
2016-12-09,8.330000,8.510000,8.320000,8.400000,355440,SSI iBoard
2016-12-12,8.410000,8.410000,8.260000,8.260000,372110,SSI iBoard
2016-12-13,8.260000,8.290000,8.180000,8.180000,359950,SSI iBoard
2016-12-14,8.180000,8.260000,8.170000,8.220000,394960,SSI iBoard
2016-12-15,8.220000,8.240000,8.180000,8.190000,282950,SSI iBoard
2016-12-16,8.210000,8.240000,8.180000,8.240000,298690,SSI iBoard
2016-12-19,8.240000,8.360000,8.240000,8.360000,218900,SSI iBoard
2016-12-20,8.330000,8.400000,8.320000,8.330000,293780,SSI iBoard
2016-12-21,8.330000,8.370000,8.310000,8.320000,377770,SSI iBoard
2016-12-22,8.380000,8.450000,8.320000,8.330000,659310,SSI iBoard
2016-12-23,8.390000,8.390000,8.320000,8.350000,325140,SSI iBoard
2016-12-26,8.350000,8.400000,8.320000,8.360000,243940,SSI iBoard
2016-12-27,8.360000,8.510000,8.360000,8.440000,789970,SSI iBoard
2016-12-28,8.460000,8.570000,8.460000,8.530000,864320,SSI iBoard
2016-12-29,8.570000,8.570000,8.470000,8.500000,376220,SSI iBoard
2016-12-30,8.530000,8.660000,8.480000,8.610000,1643340,SSI iBoard
2017-01-03,8.670000,8.800000,8.670000,8.780000,1013070,SSI iBoard
2017-01-04,8.770000,8.940000,8.750000,8.860000,1022560,SSI iBoard
2017-01-05,8.850000,8.880000,8.830000,8.830000,613870,SSI iBoard
2017-01-06,8.850000,8.900000,8.800000,8.800000,799750,SSI iBoard
2017-01-09,8.820000,8.880000,8.790000,8.850000,501610,SSI iBoard
2017-01-10,8.860000,9.000000,8.840000,9.000000,1045680,SSI iBoard
2017-01-11,9.060000,9.120000,9.020000,9.020000,740990,SSI iBoard
2017-01-12,9.020000,9.040000,8.970000,8.990000,540350,SSI iBoard
2017-01-13,9.020000,9.080000,8.750000,8.790000,1640150,SSI iBoard
2017-01-16,8.790000,8.790000,8.610000,8.610000,896110,SSI iBoard
2017-01-17,8.610000,8.770000,8.610000,8.690000,521250,SSI iBoard
2017-01-18,8.750000,8.750000,8.570000,8.570000,496120,SSI iBoard
2017-01-19,8.570000,8.610000,8.500000,8.570000,589210,SSI iBoard
2017-01-20,8.570000,8.710000,8.560000,8.650000,662850,SSI iBoard
2017-01-23,8.690000,8.730000,8.650000,8.700000,457700,SSI iBoard
2017-01-24,8.750000,8.790000,8.670000,8.750000,280500,SSI iBoard
2017-01-25,8.790000,8.860000,8.740000,8.830000,421770,SSI iBoard
2017-02-02,8.850000,8.880000,8.730000,8.790000,487480,SSI iBoard
2017-02-03,8.750000,8.790000,8.690000,8.750000,497380,SSI iBoard
2017-02-06,8.710000,8.710000,8.650000,8.670000,553780,SSI iBoard
2017-02-07,8.660000,8.750000,8.660000,8.710000,919390,SSI iBoard
2017-02-08,8.730000,8.800000,8.700000,8.730000,580940,SSI iBoard
2017-02-09,8.730000,8.750000,8.710000,8.720000,796670,SSI iBoard
2017-02-10,8.710000,8.730000,8.660000,8.700000,615430,SSI iBoard
2017-02-13,8.730000,8.780000,8.690000,8.770000,843490,SSI iBoard
2017-02-14,8.810000,9.080000,8.790000,9.080000,1942460,SSI iBoard
2017-02-15,9.100000,9.100000,8.960000,9.000000,1155260,SSI iBoard
2017-02-16,9.000000,9.050000,8.860000,8.860000,1114930,SSI iBoard
2017-02-17,8.850000,8.900000,8.790000,8.860000,816130,SSI iBoard
2017-02-20,8.860000,8.880000,8.810000,8.820000,739970,SSI iBoard
2017-02-21,8.860000,8.980000,8.820000,8.880000,1056640,SSI iBoard
2017-02-22,8.940000,9.060000,8.880000,8.960000,1230810,SSI iBoard
2017-02-23,8.980000,9.070000,8.930000,9.000000,1042580,SSI iBoard
2017-02-24,9.000000,9.020000,8.900000,9.000000,929360,SSI iBoard
2017-02-27,9.000000,9.180000,9.000000,9.110000,1791360,SSI iBoard
2017-02-28,9.120000,9.160000,8.960000,8.970000,787960,SSI iBoard
2017-03-01,8.970000,8.980000,8.870000,8.940000,814870,SSI iBoard
2017-03-02,8.940000,8.980000,8.880000,8.890000,625140,SSI iBoard
2017-03-03,8.890000,8.980000,8.840000,8.930000,400430,SSI iBoard
2017-03-06,8.930000,9.020000,8.930000,8.990000,519090,SSI iBoard
2017-03-07,9.000000,9.000000,8.910000,8.960000,474030,SSI iBoard
2017-03-08,8.940000,9.000000,8.910000,8.960000,486250,SSI iBoard
2017-03-09,8.960000,8.980000,8.900000,8.900000,517110,SSI iBoard
2017-03-10,8.960000,9.080000,8.940000,9.000000,1204950,SSI iBoard
2017-03-13,9.020000,9.060000,8.940000,8.950000,463260,SSI iBoard
2017-03-14,8.960000,9.040000,8.940000,8.940000,600400,SSI iBoard
2017-03-15,8.940000,8.980000,8.890000,8.910000,632570,SSI iBoard
2017-03-16,8.920000,8.980000,8.900000,8.940000,610500,SSI iBoard
2017-03-17,8.980000,9.060000,8.950000,8.980000,987600,SSI iBoard
2017-03-20,8.980000,9.140000,8.980000,9.120000,1573640,SSI iBoard
2017-03-21,9.160000,9.250000,9.120000,9.120000,1881270,SSI iBoard
2017-03-22,9.140000,9.150000,9.020000,9.020000,1208130,SSI iBoard
2017-03-23,9.000000,9.390000,8.980000,9.390000,2026020,SSI iBoard
2017-03-24,9.470000,9.590000,9.290000,9.330000,1937460,SSI iBoard
2017-03-27,9.320000,9.390000,9.250000,9.320000,1021940,SSI iBoard
2017-03-28,9.320000,9.440000,9.260000,9.280000,1161770,SSI iBoard
2017-03-29,9.280000,9.350000,9.240000,9.300000,605170,SSI iBoard
2017-03-30,9.300000,9.360000,9.220000,9.220000,752470,SSI iBoard
2017-03-31,9.220000,9.330000,9.200000,9.260000,1213360,SSI iBoard
2017-04-03,9.260000,9.300000,9.080000,9.080000,1994720,SSI iBoard
2017-04-04,9.070000,9.200000,9.070000,9.200000,981010,SSI iBoard
2017-04-05,9.200000,9.200000,9.110000,9.110000,598970,SSI iBoard
2017-04-07,9.070000,9.210000,9.070000,9.200000,900280,SSI iBoard
2017-04-10,9.200000,9.250000,9.180000,9.200000,421960,SSI iBoard
2017-04-11,9.200000,9.260000,9.160000,9.190000,405130,SSI iBoard
2017-04-12,9.200000,9.340000,9.190000,9.310000,1296510,SSI iBoard
2017-04-13,9.270000,9.320000,9.240000,9.250000,518960,SSI iBoard
2017-04-14,9.220000,9.230000,8.980000,9.010000,1444000,SSI iBoard
2017-04-17,9.010000,9.100000,8.940000,8.940000,1066820,SSI iBoard
2017-04-18,8.940000,9.000000,8.870000,9.000000,596530,SSI iBoard
2017-04-19,9.000000,9.080000,8.980000,9.000000,1132270,SSI iBoard
2017-04-20,9.000000,9.070000,8.960000,8.970000,526060,SSI iBoard
2017-04-21,9.040000,9.080000,8.970000,8.970000,407700,SSI iBoard
2017-04-24,8.970000,9.010000,8.930000,8.950000,465680,SSI iBoard
2017-04-25,8.920000,9.000000,8.900000,8.930000,602100,SSI iBoard
2017-04-26,8.980000,9.010000,8.940000,9.000000,483590,SSI iBoard
2017-04-27,9.020000,9.140000,9.020000,9.100000,1001040,SSI iBoard
2017-04-28,9.080000,9.110000,9.000000,9.090000,444560,SSI iBoard
2017-05-03,9.140000,9.260000,9.090000,9.200000,806650,SSI iBoard
2017-05-04,9.200000,9.280000,9.180000,9.200000,692490,SSI iBoard
2017-05-05,9.200000,9.250000,9.180000,9.220000,309370,SSI iBoard
2017-05-08,9.180000,9.230000,9.160000,9.200000,367850,SSI iBoard
2017-05-09,9.240000,9.450000,9.240000,9.450000,1168370,SSI iBoard
2017-05-10,9.490000,9.580000,9.410000,9.410000,1568980,SSI iBoard
2017-05-11,9.410000,9.470000,9.320000,9.410000,709020,SSI iBoard
2017-05-12,9.410000,9.470000,9.390000,9.390000,528780,SSI iBoard
2017-05-15,9.390000,9.390000,9.340000,9.350000,506520,SSI iBoard
2017-05-16,9.350000,9.450000,9.290000,9.300000,638370,SSI iBoard
2017-05-17,9.300000,9.390000,9.250000,9.350000,553800,SSI iBoard
2017-05-18,9.380000,9.530000,9.320000,9.370000,909220,SSI iBoard
2017-05-19,9.370000,9.470000,9.350000,9.470000,718260,SSI iBoard
2017-05-22,9.490000,9.600000,9.490000,9.490000,1719610,SSI iBoard
2017-05-23,9.520000,9.670000,9.490000,9.560000,2066240,SSI iBoard
2017-05-24,9.630000,9.640000,9.560000,9.610000,1304860,SSI iBoard
2017-05-25,9.880000,9.880000,9.750000,9.790000,1713400,SSI iBoard
2017-05-26,9.790000,9.790000,9.650000,9.670000,868540,SSI iBoard
2017-05-29,9.670000,9.810000,9.670000,9.790000,634230,SSI iBoard
2017-05-30,9.720000,10.030000,9.720000,9.880000,1868870,SSI iBoard
2017-05-31,9.880000,10.000000,9.880000,9.880000,1063000,SSI iBoard
2017-06-01,9.900000,9.990000,9.900000,9.980000,787160,SSI iBoard
2017-06-02,10.020000,10.040000,9.900000,9.940000,809190,SSI iBoard
2017-06-05,10.020000,10.030000,9.910000,9.940000,666610,SSI iBoard
2017-06-06,9.950000,10.290000,9.950000,10.180000,1481770,SSI iBoard
2017-06-07,10.290000,10.290000,10.120000,10.120000,842710,SSI iBoard
2017-06-08,10.110000,10.190000,10.040000,10.150000,630430,SSI iBoard
2017-06-09,10.150000,10.450000,10.150000,10.370000,1569640,SSI iBoard
2017-06-12,10.340000,10.380000,10.250000,10.270000,553000,SSI iBoard
2017-06-13,10.340000,10.540000,10.340000,10.420000,1573850,SSI iBoard
2017-06-14,10.520000,10.520000,10.360000,10.380000,780590,SSI iBoard
2017-06-15,10.390000,10.430000,10.350000,10.430000,615030,SSI iBoard
2017-06-16,10.450000,10.510000,10.410000,10.500000,603990,SSI iBoard
2017-06-19,10.570000,10.660000,10.560000,10.640000,1192040,SSI iBoard
2017-06-20,10.680000,10.680000,10.570000,10.600000,762030,SSI iBoard
2017-06-21,10.640000,10.910000,10.580000,10.910000,1942410,SSI iBoard
2017-06-22,10.870000,11.100000,10.870000,10.930000,1244630,SSI iBoard
2017-06-23,10.930000,10.980000,10.840000,10.900000,759780,SSI iBoard
2017-06-26,10.990000,10.990000,10.680000,10.730000,1375990,SSI iBoard
2017-06-27,10.680000,10.700000,10.440000,10.500000,2818290,SSI iBoard
2017-06-28,10.540000,10.660000,10.490000,10.650000,940300,SSI iBoard
2017-06-29,10.640000,10.720000,10.640000,10.680000,730260,SSI iBoard
2017-06-30,10.680000,10.760000,10.520000,10.760000,1117400,SSI iBoard
2017-07-03,10.760000,10.760000,10.640000,10.660000,662700,SSI iBoard
2017-07-04,10.680000,10.730000,10.640000,10.700000,922560,SSI iBoard
2017-07-05,10.680000,10.730000,10.670000,10.730000,508490,SSI iBoard
2017-07-06,10.740000,11.000000,10.700000,11.000000,1924630,SSI iBoard
2017-07-07,11.050000,11.350000,11.030000,11.160000,2447400,SSI iBoard
2017-07-10,11.070000,11.190000,10.930000,11.070000,1816570,SSI iBoard
2017-07-11,11.000000,11.050000,10.800000,10.930000,1027560,SSI iBoard
2017-07-12,11.000000,11.050000,10.810000,11.010000,758630,SSI iBoard
2017-07-13,10.980000,11.220000,10.960000,11.220000,972830,SSI iBoard
2017-07-14,11.220000,11.240000,11.120000,11.190000,541080,SSI iBoard
2017-07-17,11.190000,11.190000,10.960000,11.030000,905330,SSI iBoard
2017-07-18,10.930000,11.030000,10.880000,10.980000,866850,SSI iBoard
2017-07-19,10.980000,11.100000,10.700000,10.770000,984170,SSI iBoard
2017-07-20,10.700000,10.770000,10.610000,10.750000,896480,SSI iBoard
2017-07-21,10.800000,10.870000,10.610000,10.610000,663330,SSI iBoard
2017-07-24,10.610000,10.700000,10.570000,10.680000,596990,SSI iBoard
2017-07-25,10.680000,10.770000,10.610000,10.730000,592490,SSI iBoard
2017-07-26,10.730000,10.980000,10.730000,10.980000,702050,SSI iBoard
2017-07-27,11.030000,11.180000,10.960000,11.070000,1244010,SSI iBoard
2017-07-28,11.070000,11.180000,11.000000,11.150000,1611740,SSI iBoard
2017-07-31,11.140000,11.160000,11.050000,11.110000,663380,SSI iBoard
2017-08-01,11.130000,11.360000,11.070000,11.260000,1455870,SSI iBoard
2017-08-02,11.290000,11.460000,11.190000,11.350000,2150390,SSI iBoard
2017-08-03,11.420000,11.740000,11.370000,11.510000,1998770,SSI iBoard
2017-08-04,11.550000,11.580000,11.380000,11.510000,827080,SSI iBoard
2017-08-07,11.510000,11.510000,11.420000,11.450000,766980,SSI iBoard
2017-08-08,11.450000,11.490000,11.240000,11.240000,1460460,SSI iBoard
2017-08-09,11.230000,11.230000,11.060000,11.120000,1842380,SSI iBoard
2017-08-10,11.030000,11.240000,11.030000,11.230000,872820,SSI iBoard
2017-08-11,11.260000,11.370000,11.160000,11.360000,548460,SSI iBoard
2017-08-14,11.490000,11.490000,11.300000,11.300000,773240,SSI iBoard
2017-08-15,11.300000,11.300000,11.140000,11.230000,820690,SSI iBoard
2017-08-16,11.230000,11.230000,11.130000,11.160000,814430,SSI iBoard
2017-08-17,11.260000,11.310000,11.120000,11.120000,640030,SSI iBoard
2017-08-18,11.120000,11.210000,11.000000,11.140000,363920,SSI iBoard
2017-08-21,11.260000,11.260000,11.140000,11.200000,355750,SSI iBoard
2017-08-22,11.190000,11.200000,11.050000,11.050000,416720,SSI iBoard
2017-08-23,11.020000,11.140000,11.020000,11.070000,517300,SSI iBoard
2017-08-24,11.120000,11.210000,11.070000,11.190000,433820,SSI iBoard
2017-08-25,11.210000,11.220000,11.140000,11.140000,374570,SSI iBoard
2017-08-28,11.090000,11.160000,11.080000,11.160000,569140,SSI iBoard
2017-08-29,11.140000,11.280000,11.130000,11.200000,828090,SSI iBoard
2017-08-30,11.180000,11.230000,11.150000,11.210000,322140,SSI iBoard
2017-08-31,11.210000,11.450000,11.210000,11.380000,1115030,SSI iBoard
2017-09-01,11.400000,11.410000,11.330000,11.400000,268680,SSI iBoard
2017-09-05,11.400000,11.400000,11.320000,11.380000,447330,SSI iBoard
2017-09-06,11.360000,11.360000,11.210000,11.310000,510590,SSI iBoard
2017-09-07,11.260000,11.330000,11.230000,11.230000,479950,SSI iBoard
2017-09-08,11.260000,11.260000,11.190000,11.190000,478140,SSI iBoard
2017-09-11,11.190000,11.310000,11.090000,11.110000,843320,SSI iBoard
2017-09-12,11.140000,11.280000,11.120000,11.280000,853680,SSI iBoard
2017-09-13,11.330000,11.590000,11.330000,11.430000,1944610,SSI iBoard
2017-09-14,11.490000,11.490000,11.340000,11.340000,857090,SSI iBoard
2017-09-15,11.330000,11.380000,11.260000,11.310000,794420,SSI iBoard
2017-09-18,11.340000,11.350000,11.260000,11.340000,803430,SSI iBoard
2017-09-19,11.380000,11.460000,11.350000,11.350000,869330,SSI iBoard
2017-09-20,11.410000,11.430000,11.340000,11.410000,631410,SSI iBoard
2017-09-21,11.470000,11.630000,11.430000,11.590000,2667670,SSI iBoard
2017-09-22,11.630000,11.720000,11.590000,11.600000,1394280,SSI iBoard
2017-09-25,11.670000,11.670000,11.460000,11.460000,745050,SSI iBoard
2017-09-26,11.460000,11.490000,11.380000,11.490000,878850,SSI iBoard
2017-09-27,11.490000,11.590000,11.420000,11.490000,868830,SSI iBoard
2017-09-28,11.490000,11.550000,11.350000,11.480000,774370,SSI iBoard
2017-09-29,11.470000,11.490000,11.400000,11.430000,395560,SSI iBoard
2017-10-02,11.430000,11.480000,11.270000,11.310000,911190,SSI iBoard
2017-10-03,11.310000,11.310000,11.180000,11.220000,1087970,SSI iBoard
2017-10-04,11.230000,11.310000,11.210000,11.270000,518400,SSI iBoard
2017-10-05,11.350000,11.480000,11.260000,11.330000,658270,SSI iBoard
2017-10-06,11.330000,11.450000,11.330000,11.430000,569960,SSI iBoard
2017-10-09,11.490000,11.490000,11.400000,11.450000,585830,SSI iBoard
2017-10-10,11.430000,11.560000,11.430000,11.560000,1234640,SSI iBoard
2017-10-11,11.590000,11.840000,11.560000,11.700000,2540980,SSI iBoard
2017-10-12,11.730000,12.060000,11.730000,11.960000,2004500,SSI iBoard
2017-10-13,12.010000,12.030000,11.870000,12.010000,1078760,SSI iBoard
2017-10-16,11.960000,12.200000,11.940000,12.060000,1249640,SSI iBoard
2017-10-17,12.080000,12.080000,11.940000,12.080000,861260,SSI iBoard
2017-10-18,12.060000,12.170000,11.840000,11.840000,1237160,SSI iBoard
2017-10-19,11.840000,12.010000,11.750000,11.870000,977340,SSI iBoard
2017-10-20,11.800000,11.890000,11.730000,11.800000,767080,SSI iBoard
2017-10-23,11.800000,11.800000,11.560000,11.560000,1116150,SSI iBoard
2017-10-24,11.560000,11.680000,11.530000,11.560000,879390,SSI iBoard
2017-10-25,11.610000,11.680000,11.560000,11.660000,768500,SSI iBoard
2017-10-26,11.680000,11.700000,11.490000,11.630000,1089860,SSI iBoard
2017-10-27,11.590000,11.770000,11.530000,11.770000,734980,SSI iBoard
2017-10-30,11.770000,11.910000,11.700000,11.730000,1707190,SSI iBoard
2017-10-31,11.730000,12.060000,11.630000,11.820000,1618160,SSI iBoard
2017-11-01,11.840000,11.960000,11.820000,11.910000,907980,SSI iBoard
2017-11-02,11.940000,12.060000,11.680000,11.840000,1244900,SSI iBoard
2017-11-03,11.730000,11.960000,11.590000,11.960000,1200390,SSI iBoard
2017-11-06,12.060000,12.150000,11.940000,12.060000,1608490,SSI iBoard
2017-11-07,12.080000,12.080000,11.940000,12.010000,1141790,SSI iBoard
2017-11-08,12.010000,12.430000,11.960000,12.430000,3385930,SSI iBoard
2017-11-09,12.520000,12.550000,12.290000,12.340000,1720600,SSI iBoard
2017-11-10,12.310000,12.500000,12.240000,12.240000,13697000,SSI iBoard
2017-11-13,12.240000,12.850000,12.170000,12.670000,4769280,SSI iBoard
2017-11-14,12.780000,13.020000,12.550000,12.640000,4332100,SSI iBoard
2017-11-15,12.690000,13.370000,12.670000,13.350000,4665890,SSI iBoard
2017-11-16,13.460000,13.770000,13.280000,13.370000,3733760,SSI iBoard
2017-11-17,13.440000,13.440000,13.110000,13.300000,3930560,SSI iBoard
2017-11-20,13.160000,13.600000,13.110000,13.580000,3802520,SSI iBoard
2017-11-21,13.650000,13.790000,13.420000,13.420000,3385720,SSI iBoard
2017-11-22,13.370000,13.600000,13.370000,13.600000,2596350,SSI iBoard
2017-11-23,13.600000,13.790000,13.420000,13.510000,3536130,SSI iBoard
2017-11-24,13.490000,13.600000,13.370000,13.580000,2370820,SSI iBoard
2017-11-27,13.600000,14.000000,13.600000,13.650000,2653980,SSI iBoard
2017-11-28,13.600000,13.650000,13.420000,13.490000,2292500,SSI iBoard
2017-11-29,13.600000,14.000000,13.460000,13.910000,3845300,SSI iBoard
2017-11-30,14.050000,14.070000,13.700000,13.700000,3002720,SSI iBoard
2017-12-01,13.650000,13.740000,13.530000,13.700000,1829280,SSI iBoard
2017-12-04,13.720000,13.860000,13.670000,13.790000,2204370,SSI iBoard
2017-12-05,13.790000,13.910000,13.440000,13.440000,3558740,SSI iBoard
2017-12-06,13.370000,13.440000,13.130000,13.320000,3522030,SSI iBoard
2017-12-07,13.320000,13.490000,13.090000,13.160000,1655580,SSI iBoard
2017-12-08,13.130000,13.250000,12.920000,13.020000,1924190,SSI iBoard
2017-12-11,12.780000,12.950000,12.550000,12.550000,2736380,SSI iBoard
2017-12-12,12.690000,12.830000,11.910000,12.600000,3113980,SSI iBoard
2017-12-13,12.740000,12.850000,12.600000,12.830000,1625860,SSI iBoard
2017-12-14,12.780000,13.110000,12.780000,13.110000,1276430,SSI iBoard
2017-12-15,13.130000,13.320000,13.020000,13.250000,1611640,SSI iBoard
2017-12-18,13.370000,13.420000,13.160000,13.200000,1793760,SSI iBoard
2017-12-19,13.200000,13.300000,12.880000,12.950000,2483570,SSI iBoard
2017-12-20,12.950000,13.370000,12.950000,13.200000,1960650,SSI iBoard
2017-12-21,13.320000,13.460000,13.160000,13.230000,1845520,SSI iBoard
2017-12-22,13.230000,13.460000,13.180000,13.390000,1738070,SSI iBoard
2017-12-25,13.440000,13.630000,13.440000,13.510000,2393910,SSI iBoard
2017-12-26,13.600000,13.600000,13.390000,13.390000,1246050,SSI iBoard
2017-12-27,13.490000,13.490000,13.280000,13.300000,1703070,SSI iBoard
2017-12-28,13.300000,13.510000,13.250000,13.420000,1916250,SSI iBoard
2017-12-29,13.420000,13.510000,13.370000,13.390000,1559860,SSI iBoard
2018-01-02,13.440000,14.030000,13.420000,14.030000,5022160,SSI iBoard
2018-01-03,14.190000,14.240000,13.960000,14.030000,2829930,SSI iBoard
2018-01-04,14.070000,14.310000,14.050000,14.310000,2784800,SSI iBoard
2018-01-05,14.310000,14.330000,14.050000,14.070000,2851450,SSI iBoard
2018-01-08,13.980000,14.280000,13.910000,14.280000,2529030,SSI iBoard
2018-01-09,14.310000,14.610000,14.140000,14.570000,4010010,SSI iBoard
2018-01-10,14.540000,14.780000,14.330000,14.420000,2610670,SSI iBoard
2018-01-11,14.330000,14.520000,14.240000,14.420000,2420150,SSI iBoard
2018-01-12,14.490000,14.540000,14.120000,14.120000,2824950,SSI iBoard
2018-01-15,14.100000,14.350000,14.000000,14.310000,2296030,SSI iBoard
2018-01-16,14.280000,14.420000,14.140000,14.310000,1512380,SSI iBoard
2018-01-17,14.310000,14.330000,13.840000,13.840000,2259230,SSI iBoard
2018-01-18,13.670000,13.840000,13.510000,13.840000,3314290,SSI iBoard
2018-01-19,13.840000,14.030000,13.810000,13.810000,2002690,SSI iBoard
2018-01-22,13.960000,14.420000,13.930000,14.280000,2509650,SSI iBoard
2018-01-25,14.420000,14.680000,14.280000,14.330000,5368250,SSI iBoard
2018-01-26,14.540000,14.540000,14.190000,14.260000,1631780,SSI iBoard
2018-01-29,14.280000,14.520000,14.050000,14.140000,1335440,SSI iBoard
2018-01-30,14.030000,15.010000,13.960000,15.010000,4719350,SSI iBoard
2018-01-31,15.200000,15.360000,14.750000,14.750000,3988780,SSI iBoard
2018-02-01,14.750000,14.890000,14.450000,14.450000,2086500,SSI iBoard
2018-02-02,14.450000,14.490000,14.190000,14.310000,1671290,SSI iBoard
2018-02-05,14.100000,14.260000,13.390000,13.390000,3754890,SSI iBoard
2018-02-06,12.480000,13.250000,12.480000,12.710000,5312890,SSI iBoard
2018-02-07,13.370000,13.440000,13.130000,13.280000,1872960,SSI iBoard
2018-02-08,13.130000,13.370000,12.900000,12.950000,1709000,SSI iBoard
2018-02-09,12.310000,12.900000,12.310000,12.900000,2139970,SSI iBoard
2018-02-12,13.200000,13.390000,12.780000,13.390000,1166010,SSI iBoard
2018-02-13,13.650000,13.910000,13.560000,13.840000,1448350,SSI iBoard
2018-02-21,14.100000,14.140000,13.840000,13.930000,1574450,SSI iBoard
2018-02-22,13.910000,13.960000,13.650000,13.700000,1433060,SSI iBoard
2018-02-23,13.720000,14.210000,13.720000,14.190000,1607200,SSI iBoard
2018-02-26,14.310000,14.490000,14.170000,14.170000,2467750,SSI iBoard
2018-02-27,14.240000,14.260000,13.960000,14.030000,1415610,SSI iBoard
2018-02-28,13.890000,14.170000,13.860000,14.030000,1835710,SSI iBoard
2018-03-01,13.930000,14.350000,13.860000,14.260000,2114250,SSI iBoard
2018-03-02,14.190000,14.380000,14.070000,14.330000,1840930,SSI iBoard
2018-03-05,14.380000,15.130000,14.380000,14.420000,6025340,SSI iBoard
2018-03-06,14.660000,14.850000,14.470000,14.850000,2577540,SSI iBoard
2018-03-07,14.890000,14.940000,14.420000,14.590000,2000410,SSI iBoard
2018-03-08,14.540000,14.660000,14.380000,14.590000,1316600,SSI iBoard
2018-03-09,14.710000,14.800000,14.420000,14.450000,2068410,SSI iBoard
2018-03-12,14.540000,14.680000,14.400000,14.400000,1611250,SSI iBoard
2018-03-13,14.350000,14.350000,13.930000,14.100000,4159670,SSI iBoard
2018-03-14,14.100000,14.260000,13.930000,14.260000,2070230,SSI iBoard
2018-03-15,14.310000,14.330000,14.140000,14.210000,1189330,SSI iBoard
2018-03-16,14.210000,14.260000,14.000000,14.100000,1426890,SSI iBoard
2018-03-19,14.120000,14.210000,14.050000,14.190000,1337110,SSI iBoard
2018-03-20,14.120000,14.610000,14.070000,14.380000,2921440,SSI iBoard
2018-03-21,14.380000,14.490000,14.310000,14.310000,999470,SSI iBoard
2018-03-22,14.310000,14.400000,14.100000,14.100000,1264760,SSI iBoard
2018-03-23,13.840000,13.980000,13.600000,13.740000,2833670,SSI iBoard
2018-03-26,13.740000,13.930000,13.740000,13.890000,940840,SSI iBoard
2018-03-27,14.050000,14.100000,13.840000,13.960000,993260,SSI iBoard
2018-03-28,13.860000,13.930000,13.790000,13.810000,660440,SSI iBoard
2018-03-29,13.930000,14.000000,13.840000,13.960000,827280,SSI iBoard
2018-03-30,13.980000,14.380000,13.930000,14.240000,2434830,SSI iBoard
2018-04-02,14.420000,14.470000,14.310000,14.420000,2194820,SSI iBoard
2018-04-03,14.350000,14.400000,14.280000,14.350000,1140770,SSI iBoard
2018-04-04,14.540000,14.730000,14.450000,14.470000,2297950,SSI iBoard
2018-04-05,14.540000,14.940000,14.420000,14.780000,2874100,SSI iBoard
2018-04-06,15.060000,15.080000,14.710000,14.710000,3614250,SSI iBoard
2018-04-09,14.680000,14.920000,14.680000,14.870000,1502210,SSI iBoard
2018-04-10,14.920000,15.290000,14.890000,15.100000,4490010,SSI iBoard
2018-04-11,15.200000,15.340000,14.780000,14.780000,3296390,SSI iBoard
2018-04-12,14.780000,14.920000,14.570000,14.920000,1321110,SSI iBoard
2018-04-13,14.990000,14.990000,14.540000,14.540000,2146710,SSI iBoard
2018-04-16,14.540000,14.640000,14.280000,14.330000,1181050,SSI iBoard
2018-04-17,14.420000,14.540000,14.280000,14.540000,1105060,SSI iBoard
2018-04-18,14.610000,14.750000,14.520000,14.540000,1247240,SSI iBoard
2018-04-19,14.540000,14.570000,14.240000,14.240000,2377390,SSI iBoard
2018-04-20,14.310000,14.420000,14.140000,14.380000,972550,SSI iBoard
2018-04-23,14.380000,14.470000,13.420000,13.600000,1461440,SSI iBoard
2018-04-24,13.460000,13.720000,13.160000,13.230000,1850860,SSI iBoard
2018-04-26,13.350000,13.530000,12.900000,12.900000,2031810,SSI iBoard
2018-04-27,12.900000,13.460000,12.880000,13.370000,1597710,SSI iBoard
2018-05-02,13.560000,13.600000,13.320000,13.370000,1370180,SSI iBoard
2018-05-03,13.320000,13.600000,13.060000,13.600000,2162850,SSI iBoard
2018-05-04,13.720000,13.840000,13.650000,13.790000,1171180,SSI iBoard
2018-05-07,13.790000,13.980000,13.740000,13.980000,878040,SSI iBoard
2018-05-08,13.890000,13.980000,13.790000,13.840000,1114210,SSI iBoard
2018-05-09,13.740000,13.860000,13.630000,13.700000,1004740,SSI iBoard
2018-05-10,13.700000,13.930000,13.600000,13.670000,1546130,SSI iBoard
2018-05-11,13.600000,13.960000,13.600000,13.960000,1169610,SSI iBoard
2018-05-14,14.100000,14.470000,13.980000,14.450000,2012550,SSI iBoard
2018-05-15,14.540000,14.540000,14.310000,14.400000,910810,SSI iBoard
2018-05-16,14.310000,14.400000,14.190000,14.190000,672930,SSI iBoard
2018-05-17,14.170000,14.400000,14.170000,14.210000,719700,SSI iBoard
2018-05-18,14.210000,14.310000,13.790000,14.260000,979930,SSI iBoard
2018-05-21,14.350000,14.640000,14.310000,14.310000,1483830,SSI iBoard
2018-05-22,14.310000,14.420000,13.960000,14.000000,1101490,SSI iBoard
2018-05-23,14.070000,14.310000,13.960000,14.210000,1077080,SSI iBoard
2018-05-24,14.280000,14.350000,13.960000,13.960000,1035660,SSI iBoard
2018-05-25,14.110000,14.110000,13.530000,13.530000,788360,SSI iBoard
2018-05-28,13.060000,13.340000,12.590000,12.590000,2034970,SSI iBoard
2018-05-29,12.590000,13.340000,12.410000,13.120000,2350500,SSI iBoard
2018-05-30,13.090000,13.090000,12.560000,12.580000,1590980,SSI iBoard
2018-05-31,12.470000,12.920000,12.450000,12.730000,1105040,SSI iBoard
2018-06-01,12.730000,12.920000,12.650000,12.850000,1291490,SSI iBoard
2018-06-04,12.870000,13.130000,12.830000,13.070000,1150670,SSI iBoard
2018-06-05,13.140000,13.310000,13.060000,13.230000,1347750,SSI iBoard
2018-06-06,13.280000,13.420000,13.090000,13.420000,1017540,SSI iBoard
2018-06-07,13.530000,13.530000,13.200000,13.230000,1138280,SSI iBoard
2018-06-08,13.250000,13.340000,13.140000,13.270000,1050890,SSI iBoard
2018-06-11,13.210000,13.270000,13.140000,13.140000,721890,SSI iBoard
2018-06-12,13.140000,13.140000,12.650000,12.810000,1257200,SSI iBoard
2018-06-13,12.730000,12.980000,12.730000,12.950000,452120,SSI iBoard
2018-06-14,13.010000,13.070000,12.900000,12.900000,460360,SSI iBoard
2018-06-15,12.810000,12.920000,12.800000,12.870000,442100,SSI iBoard
2018-06-18,12.980000,12.980000,12.560000,12.560000,693660,SSI iBoard
2018-06-19,12.480000,12.480000,11.820000,12.310000,2015520,SSI iBoard
2018-06-20,12.420000,12.560000,12.180000,12.560000,650560,SSI iBoard
2018-06-21,12.560000,12.560000,12.200000,12.290000,349770,SSI iBoard
2018-06-22,12.260000,12.450000,12.150000,12.450000,375270,SSI iBoard
2018-06-25,12.560000,12.560000,12.420000,12.480000,511540,SSI iBoard
2018-06-26,12.310000,12.400000,12.260000,12.310000,240850,SSI iBoard
2018-06-27,12.420000,12.420000,12.240000,12.260000,256990,SSI iBoard
2018-06-28,12.260000,12.260000,11.760000,11.760000,1175250,SSI iBoard
2018-06-29,11.760000,11.900000,11.480000,11.480000,759780,SSI iBoard
2018-07-02,11.480000,11.590000,11.070000,11.120000,979030,SSI iBoard
2018-07-03,11.120000,11.250000,10.790000,10.790000,1351030,SSI iBoard
2018-07-04,10.810000,11.070000,10.650000,11.070000,980200,SSI iBoard
2018-07-05,11.070000,11.100000,10.650000,10.930000,711240,SSI iBoard
2018-07-06,10.790000,11.540000,10.760000,11.290000,913260,SSI iBoard
2018-07-09,11.350000,11.440000,11.010000,11.110000,583920,SSI iBoard
2018-07-10,11.150000,11.260000,11.070000,11.180000,249100,SSI iBoard
2018-07-11,10.930000,11.070000,10.680000,10.850000,801770,SSI iBoard
2018-07-12,10.680000,10.970000,10.650000,10.740000,684480,SSI iBoard
2018-07-13,10.930000,11.290000,10.880000,11.230000,1060620,SSI iBoard
2018-07-16,11.370000,11.480000,11.250000,11.320000,645230,SSI iBoard
2018-07-17,11.260000,11.590000,11.220000,11.590000,1297460,SSI iBoard
2018-07-18,11.620000,11.870000,11.590000,11.870000,1096080,SSI iBoard
2018-07-19,11.680000,11.870000,11.680000,11.760000,753150,SSI iBoard
2018-07-20,11.710000,11.710000,11.410000,11.510000,851350,SSI iBoard
2018-07-23,11.680000,11.820000,11.580000,11.620000,1111700,SSI iBoard
2018-07-24,11.620000,11.750000,11.460000,11.680000,1167460,SSI iBoard
2018-07-25,11.710000,12.120000,11.680000,11.730000,1326030,SSI iBoard
2018-07-26,11.820000,11.900000,11.650000,11.770000,717640,SSI iBoard
2018-07-27,11.870000,12.150000,11.770000,11.980000,1291840,SSI iBoard
2018-07-30,12.010000,12.040000,11.950000,11.980000,1197220,SSI iBoard
2018-07-31,11.980000,12.040000,11.840000,11.840000,1591210,SSI iBoard
2018-08-01,11.820000,11.910000,11.590000,11.620000,2431450,SSI iBoard
2018-08-02,11.620000,11.820000,11.510000,11.820000,726710,SSI iBoard
2018-08-03,11.900000,11.930000,11.730000,11.790000,719840,SSI iBoard
2018-08-06,11.730000,11.820000,11.690000,11.690000,350030,SSI iBoard
2018-08-07,11.710000,11.710000,11.550000,11.610000,645810,SSI iBoard
2018-08-08,11.610000,11.790000,11.590000,11.760000,764020,SSI iBoard
2018-08-09,11.900000,11.950000,11.770000,11.840000,1232720,SSI iBoard
2018-08-10,11.840000,12.020000,11.820000,11.930000,797270,SSI iBoard
2018-08-13,11.930000,12.090000,11.930000,12.020000,1038760,SSI iBoard
2018-08-14,12.110000,12.270000,12.060000,12.260000,1601310,SSI iBoard
2018-08-15,12.260000,12.370000,12.090000,12.120000,1658080,SSI iBoard
2018-08-16,12.150000,12.180000,12.020000,12.180000,1378580,SSI iBoard
2018-08-17,12.230000,12.320000,12.180000,12.320000,928050,SSI iBoard
2018-08-20,12.320000,12.540000,12.220000,12.370000,955270,SSI iBoard
2018-08-21,12.350000,12.400000,12.290000,12.370000,720470,SSI iBoard
2018-08-22,12.390000,12.540000,12.370000,12.470000,1152700,SSI iBoard
2018-08-23,12.490000,12.600000,12.490000,12.570000,1004880,SSI iBoard
2018-08-24,12.570000,12.600000,12.430000,12.590000,629740,SSI iBoard
2018-08-27,12.540000,12.600000,12.520000,12.570000,808140,SSI iBoard
2018-08-28,12.540000,12.590000,12.470000,12.520000,909720,SSI iBoard
2018-08-29,12.500000,12.570000,12.450000,12.520000,775370,SSI iBoard
2018-08-30,12.520000,12.520000,12.450000,12.500000,632170,SSI iBoard
2018-08-31,12.500000,12.710000,12.490000,12.520000,1027280,SSI iBoard
2018-09-04,12.490000,12.660000,12.460000,12.490000,634400,SSI iBoard
2018-09-05,12.470000,12.520000,12.180000,12.260000,843460,SSI iBoard
2018-09-06,12.200000,12.260000,11.990000,11.990000,1206190,SSI iBoard
2018-09-07,12.030000,12.180000,11.990000,12.180000,508770,SSI iBoard
2018-09-10,12.230000,12.230000,12.050000,12.050000,367280,SSI iBoard
2018-09-11,12.050000,12.230000,12.050000,12.220000,562280,SSI iBoard
2018-09-12,12.320000,12.370000,12.190000,12.190000,477500,SSI iBoard
2018-09-13,12.370000,12.430000,12.230000,12.290000,646170,SSI iBoard
2018-09-14,12.350000,12.660000,12.350000,12.620000,2772660,SSI iBoard
2018-09-17,12.600000,12.600000,12.490000,12.490000,564810,SSI iBoard
2018-09-18,12.370000,12.690000,12.370000,12.690000,799660,SSI iBoard
2018-09-19,12.740000,12.930000,12.690000,12.870000,1352060,SSI iBoard
2018-09-20,12.760000,13.080000,12.760000,13.000000,1126260,SSI iBoard
2018-09-21,13.040000,13.040000,12.800000,13.000000,1327270,SSI iBoard
2018-09-24,13.000000,13.170000,12.970000,13.050000,991190,SSI iBoard
2018-09-25,13.030000,13.050000,12.970000,13.000000,746530,SSI iBoard
2018-09-26,13.030000,13.250000,12.980000,13.040000,1028940,SSI iBoard
2018-09-27,13.040000,13.170000,13.040000,13.080000,750790,SSI iBoard
2018-09-28,13.170000,13.170000,13.100000,13.110000,559790,SSI iBoard
2018-10-01,13.110000,13.150000,13.010000,13.030000,519760,SSI iBoard
2018-10-02,12.980000,13.030000,12.810000,12.830000,854660,SSI iBoard
2018-10-03,12.830000,12.940000,12.810000,12.880000,373060,SSI iBoard
2018-10-04,12.880000,13.030000,12.860000,12.980000,471280,SSI iBoard
2018-10-05,13.010000,13.030000,12.900000,12.910000,508450,SSI iBoard
2018-10-08,12.880000,12.880000,12.740000,12.740000,511810,SSI iBoard
2018-10-09,12.740000,12.790000,12.660000,12.660000,399440,SSI iBoard
2018-10-10,12.660000,12.860000,12.660000,12.830000,695690,SSI iBoard
2018-10-11,12.460000,12.570000,11.980000,12.090000,2177930,SSI iBoard
2018-10-12,12.030000,12.460000,11.810000,12.400000,1377940,SSI iBoard
2018-10-15,12.400000,12.460000,12.180000,12.180000,495650,SSI iBoard
2018-10-16,12.320000,12.320000,12.090000,12.250000,603710,SSI iBoard
2018-10-17,12.400000,12.460000,12.320000,12.350000,474320,SSI iBoard
2018-10-18,12.370000,12.460000,12.290000,12.350000,710630,SSI iBoard
2018-10-19,12.180000,12.320000,12.150000,12.180000,925420,SSI iBoard
2018-10-22,12.290000,12.370000,12.200000,12.220000,429360,SSI iBoard
2018-10-23,12.220000,12.220000,11.780000,11.950000,1150850,SSI iBoard
2018-10-24,11.910000,12.050000,11.840000,11.840000,562380,SSI iBoard
2018-10-25,11.330000,11.700000,11.330000,11.620000,757730,SSI iBoard
2018-10-26,11.750000,11.820000,11.550000,11.550000,919770,SSI iBoard
2018-10-29,11.470000,11.740000,11.470000,11.610000,462380,SSI iBoard
2018-10-30,11.640000,11.840000,11.570000,11.610000,452630,SSI iBoard
2018-10-31,11.820000,11.890000,11.700000,11.880000,325140,SSI iBoard
2018-11-01,11.910000,12.010000,11.860000,11.860000,469760,SSI iBoard
2018-11-02,11.990000,12.180000,11.910000,12.150000,593810,SSI iBoard
2018-11-05,12.060000,12.180000,11.950000,12.050000,265620,SSI iBoard
2018-11-06,12.090000,12.110000,11.920000,11.940000,470930,SSI iBoard
2018-11-07,11.940000,12.030000,11.790000,11.850000,495560,SSI iBoard
2018-11-08,11.960000,12.010000,11.880000,11.940000,352130,SSI iBoard
2018-11-09,11.840000,11.920000,11.670000,11.680000,635120,SSI iBoard
2018-11-12,11.670000,11.880000,11.650000,11.880000,273110,SSI iBoard
2018-11-13,11.670000,11.820000,11.670000,11.790000,438030,SSI iBoard
2018-11-14,11.860000,11.960000,11.780000,11.960000,752440,SSI iBoard
2018-11-15,11.890000,12.010000,11.810000,11.950000,498790,SSI iBoard
2018-11-16,12.030000,12.150000,11.960000,12.110000,639910,SSI iBoard
2018-11-19,12.180000,12.230000,12.120000,12.220000,396020,SSI iBoard
2018-11-20,12.230000,12.290000,12.130000,12.290000,550140,SSI iBoard
2018-11-21,12.120000,12.290000,12.090000,12.290000,513360,SSI iBoard
2018-11-22,12.290000,12.350000,12.250000,12.290000,323300,SSI iBoard
2018-11-23,12.200000,12.300000,12.180000,12.190000,346060,SSI iBoard
2018-11-26,12.190000,12.190000,12.020000,12.020000,483470,SSI iBoard
2018-11-27,12.150000,12.150000,12.030000,12.110000,341670,SSI iBoard
2018-11-28,12.110000,12.130000,12.050000,12.120000,256240,SSI iBoard
2018-11-29,12.260000,12.320000,12.150000,12.150000,523610,SSI iBoard
2018-11-30,12.150000,12.160000,12.080000,12.150000,323780,SSI iBoard
2018-12-03,12.230000,12.710000,12.230000,12.710000,1136360,SSI iBoard
2018-12-04,12.710000,12.880000,12.670000,12.730000,1011170,SSI iBoard
2018-12-05,12.590000,12.730000,12.570000,12.630000,605880,SSI iBoard
2018-12-06,12.600000,12.690000,12.470000,12.570000,484120,SSI iBoard
2018-12-07,12.630000,12.840000,12.630000,12.770000,763170,SSI iBoard
2018-12-10,12.690000,12.740000,12.520000,12.520000,694990,SSI iBoard
2018-12-11,12.540000,12.600000,12.430000,12.470000,382700,SSI iBoard
2018-12-12,12.470000,12.620000,12.470000,12.590000,664120,SSI iBoard
2018-12-13,12.730000,12.810000,12.600000,12.630000,780570,SSI iBoard
2018-12-14,12.630000,12.690000,12.490000,12.500000,787920,SSI iBoard
2018-12-17,12.490000,12.490000,12.180000,12.180000,777640,SSI iBoard
2018-12-18,11.990000,12.120000,11.850000,11.890000,1125660,SSI iBoard
2018-12-19,11.890000,12.060000,11.850000,11.920000,471580,SSI iBoard
2018-12-20,11.980000,12.010000,11.910000,11.910000,461210,SSI iBoard
2018-12-21,11.860000,12.030000,11.860000,12.030000,453810,SSI iBoard
2018-12-24,12.060000,12.120000,11.890000,11.890000,212530,SSI iBoard
2018-12-25,11.720000,11.750000,11.610000,11.750000,732310,SSI iBoard
2018-12-26,11.750000,11.850000,11.720000,11.720000,333590,SSI iBoard
2018-12-27,11.920000,11.960000,11.840000,11.840000,454860,SSI iBoard
2018-12-28,11.910000,11.950000,11.840000,11.950000,387170,SSI iBoard
2019-01-02,11.840000,11.940000,11.650000,11.670000,459120,SSI iBoard
2019-01-03,11.740000,11.740000,11.530000,11.550000,716600,SSI iBoard
2019-01-04,11.500000,11.740000,11.470000,11.640000,318570,SSI iBoard
2019-01-07,11.840000,11.920000,11.780000,11.840000,408470,SSI iBoard
2019-01-08,11.840000,11.890000,11.810000,11.890000,295660,SSI iBoard
2019-01-09,11.920000,12.060000,11.860000,12.010000,309040,SSI iBoard
2019-01-10,12.010000,12.050000,11.940000,11.940000,207330,SSI iBoard
2019-01-11,12.010000,12.050000,11.910000,11.950000,596090,SSI iBoard
2019-01-14,11.980000,12.060000,11.890000,12.030000,398400,SSI iBoard
2019-01-15,11.980000,12.120000,11.980000,12.120000,339480,SSI iBoard
2019-01-16,12.180000,12.180000,12.050000,12.050000,186590,SSI iBoard
2019-01-17,12.030000,12.110000,11.890000,11.890000,379770,SSI iBoard
2019-01-18,11.920000,12.030000,11.890000,11.890000,227150,SSI iBoard
2019-01-21,11.950000,12.120000,11.950000,12.030000,247800,SSI iBoard
2019-01-22,12.030000,12.110000,11.990000,11.990000,141480,SSI iBoard
2019-01-23,11.980000,12.010000,11.940000,11.990000,193460,SSI iBoard
2019-01-24,12.010000,12.060000,11.990000,12.020000,234470,SSI iBoard
2019-01-25,12.010000,12.060000,11.980000,12.010000,213470,SSI iBoard
2019-01-28,12.030000,12.030000,11.920000,11.920000,216330,SSI iBoard
2019-01-29,12.010000,12.030000,11.890000,12.030000,430580,SSI iBoard
2019-01-30,12.030000,12.290000,12.010000,12.230000,689260,SSI iBoard
2019-01-31,12.260000,12.290000,12.150000,12.230000,517260,SSI iBoard
2019-02-01,12.230000,12.230000,11.750000,12.060000,599890,SSI iBoard
2019-02-11,12.180000,12.540000,12.090000,12.500000,1000430,SSI iBoard
2019-02-12,12.460000,12.630000,12.430000,12.430000,701570,SSI iBoard
2019-02-13,12.460000,12.740000,12.460000,12.620000,1125370,SSI iBoard
2019-02-14,12.640000,12.710000,12.530000,12.530000,616980,SSI iBoard
2019-02-15,12.530000,12.590000,12.460000,12.520000,647230,SSI iBoard
2019-02-18,12.600000,12.630000,12.490000,12.570000,306310,SSI iBoard
2019-02-19,12.660000,12.790000,12.540000,12.570000,1470880,SSI iBoard
2019-02-20,12.540000,12.760000,12.540000,12.700000,499430,SSI iBoard
2019-02-21,12.660000,12.710000,12.540000,12.690000,749950,SSI iBoard
2019-02-22,12.690000,12.860000,12.570000,12.800000,1243720,SSI iBoard
2019-02-25,12.900000,13.080000,12.870000,12.880000,1023660,SSI iBoard
2019-02-26,12.910000,12.910000,12.740000,12.800000,663220,SSI iBoard
2019-02-27,12.800000,12.870000,12.710000,12.770000,485650,SSI iBoard
2019-02-28,12.770000,12.770000,12.520000,12.520000,1372190,SSI iBoard
2019-03-01,12.620000,12.630000,12.500000,12.630000,590780,SSI iBoard
2019-03-04,12.630000,12.800000,12.630000,12.740000,806770,SSI iBoard
2019-03-05,12.740000,12.800000,12.690000,12.710000,824300,SSI iBoard
2019-03-06,12.730000,12.770000,12.590000,12.630000,695230,SSI iBoard
2019-03-07,12.630000,12.740000,12.630000,12.670000,374340,SSI iBoard
2019-03-08,12.660000,12.690000,12.590000,12.640000,693180,SSI iBoard
2019-03-11,12.640000,12.700000,12.590000,12.600000,364520,SSI iBoard
2019-03-12,12.670000,13.170000,12.670000,13.170000,1930870,SSI iBoard
2019-03-13,13.170000,13.220000,13.080000,13.080000,1001890,SSI iBoard
2019-03-14,13.080000,13.170000,13.030000,13.130000,510200,SSI iBoard
2019-03-15,13.100000,13.110000,12.960000,13.030000,1041840,SSI iBoard
2019-03-18,13.110000,13.150000,13.010000,13.080000,994080,SSI iBoard
2019-03-19,13.080000,13.110000,12.940000,12.940000,914720,SSI iBoard
2019-03-20,12.910000,13.000000,12.810000,12.870000,797270,SSI iBoard
2019-03-21,12.970000,12.970000,12.770000,12.770000,825740,SSI iBoard
2019-03-22,12.770000,12.860000,12.760000,12.760000,687690,SSI iBoard
2019-03-25,12.520000,12.740000,12.520000,12.570000,633520,SSI iBoard
2019-03-26,12.740000,12.740000,12.600000,12.670000,386120,SSI iBoard
2019-03-27,12.690000,12.770000,12.690000,12.740000,589040,SSI iBoard
2019-03-28,12.670000,12.840000,12.670000,12.790000,362360,SSI iBoard
2019-03-29,12.910000,12.910000,12.830000,12.880000,446750,SSI iBoard
2019-04-01,13.000000,13.000000,12.880000,12.970000,327500,SSI iBoard
2019-04-02,12.970000,13.220000,12.970000,13.030000,1354480,SSI iBoard
2019-04-03,13.140000,13.370000,13.030000,13.370000,1034100,SSI iBoard
2019-04-04,13.450000,13.650000,13.380000,13.540000,1716130,SSI iBoard
2019-04-05,13.540000,13.560000,13.440000,13.540000,615200,SSI iBoard
2019-04-08,13.490000,13.590000,13.440000,13.540000,452660,SSI iBoard
2019-04-09,13.540000,13.730000,13.390000,13.390000,1011680,SSI iBoard
2019-04-10,13.310000,13.390000,13.240000,13.280000,731100,SSI iBoard
2019-04-11,13.280000,13.450000,13.270000,13.310000,359910,SSI iBoard
2019-04-12,13.270000,13.710000,13.270000,13.650000,875090,SSI iBoard
2019-04-16,13.450000,13.650000,13.450000,13.560000,907000,SSI iBoard
2019-04-17,13.680000,14.020000,13.650000,13.730000,1959530,SSI iBoard
2019-04-18,13.730000,13.950000,13.610000,13.730000,975930,SSI iBoard
2019-04-19,13.790000,13.850000,13.710000,13.720000,453980,SSI iBoard
2019-04-22,13.730000,13.730000,13.540000,13.560000,826090,SSI iBoard
2019-04-23,13.560000,13.720000,13.450000,13.560000,549400,SSI iBoard
2019-04-24,13.730000,13.780000,13.620000,13.750000,855130,SSI iBoard
2019-04-25,13.730000,13.920000,13.720000,13.820000,970660,SSI iBoard
2019-04-26,13.850000,14.090000,13.820000,14.030000,864950,SSI iBoard
2019-05-02,14.100000,14.220000,14.060000,14.120000,885020,SSI iBoard
2019-05-03,14.130000,14.160000,14.050000,14.160000,1059570,SSI iBoard
2019-05-06,13.880000,13.990000,13.720000,13.800000,1455140,SSI iBoard
2019-05-07,13.900000,14.070000,13.890000,14.070000,1094880,SSI iBoard
2019-05-08,13.960000,14.070000,13.880000,14.060000,959020,SSI iBoard
2019-05-09,14.050000,14.060000,13.760000,13.760000,860940,SSI iBoard
2019-05-10,13.880000,13.950000,13.800000,13.880000,1027830,SSI iBoard
2019-05-13,13.880000,14.100000,13.880000,14.020000,850540,SSI iBoard
2019-05-14,13.990000,14.390000,13.900000,14.220000,1560830,SSI iBoard
2019-05-15,14.300000,14.330000,14.190000,14.270000,1539940,SSI iBoard
2019-05-16,14.270000,14.360000,14.060000,14.060000,1891290,SSI iBoard
2019-05-17,14.300000,14.300000,14.080000,14.130000,1487590,SSI iBoard
2019-05-20,14.150000,14.400000,14.150000,14.380000,1792130,SSI iBoard
2019-05-21,14.460000,14.640000,14.420000,14.590000,1016530,SSI iBoard
2019-05-22,14.610000,14.670000,14.380000,14.380000,1563650,SSI iBoard
2019-05-23,14.380000,14.560000,14.370000,14.530000,1267520,SSI iBoard
2019-05-24,14.460000,14.610000,14.380000,14.500000,1014750,SSI iBoard
2019-05-27,14.400000,14.450000,14.190000,14.380000,1261950,SSI iBoard
2019-05-28,14.300000,14.430000,14.230000,14.260000,518470,SSI iBoard
2019-05-29,14.260000,14.260000,13.990000,14.020000,1505300,SSI iBoard
2019-05-30,14.020000,14.210000,13.960000,14.160000,986450,SSI iBoard
2019-05-31,14.180000,14.240000,14.020000,14.020000,611860,SSI iBoard
2019-06-03,13.990000,14.020000,13.830000,13.830000,881810,SSI iBoard
2019-06-04,13.830000,13.890000,13.750000,13.760000,537160,SSI iBoard
2019-06-05,13.830000,13.960000,13.830000,13.860000,500100,SSI iBoard
2019-06-06,13.920000,14.210000,13.860000,14.150000,922740,SSI iBoard
2019-06-07,14.240000,14.380000,14.210000,14.370000,1304680,SSI iBoard
2019-06-10,14.460000,14.530000,14.240000,14.340000,1227340,SSI iBoard
2019-06-11,14.340000,14.500000,14.270000,14.370000,1296500,SSI iBoard
2019-06-12,14.370000,14.500000,14.300000,14.320000,1284520,SSI iBoard
2019-06-13,14.320000,14.340000,14.150000,14.160000,856270,SSI iBoard
2019-06-14,14.180000,14.270000,14.110000,14.110000,559800,SSI iBoard
2019-06-17,14.020000,14.150000,13.960000,14.000000,1013550,SSI iBoard
2019-06-18,14.100000,14.130000,13.910000,14.000000,763680,SSI iBoard
2019-06-19,14.080000,14.210000,14.050000,14.190000,530820,SSI iBoard
2019-06-20,14.080000,14.210000,14.050000,14.190000,530820,SSI iBoard
2019-06-21,14.460000,14.500000,14.380000,14.430000,872460,SSI iBoard
2019-06-24,14.430000,14.450000,14.350000,14.350000,726160,SSI iBoard
2019-06-25,14.300000,14.800000,14.240000,14.780000,3269450,SSI iBoard
2019-06-26,14.780000,14.780000,14.650000,14.670000,1014470,SSI iBoard
2019-06-27,14.640000,14.650000,14.400000,14.430000,1221860,SSI iBoard
2019-06-28,14.430000,14.620000,14.270000,14.460000,2479220,SSI iBoard
2019-07-01,14.620000,14.970000,14.590000,14.970000,2551280,SSI iBoard
2019-07-02,14.940000,15.100000,14.830000,14.910000,1600280,SSI iBoard
2019-07-03,14.850000,14.910000,14.800000,14.880000,1275860,SSI iBoard
2019-07-04,14.940000,15.000000,14.880000,14.920000,1275800,SSI iBoard
2019-07-05,14.880000,14.940000,14.750000,14.810000,1137770,SSI iBoard
2019-07-08,14.780000,14.910000,14.640000,14.720000,1303050,SSI iBoard
2019-07-09,14.720000,14.890000,14.650000,14.860000,992570,SSI iBoard
2019-07-10,14.920000,15.080000,14.880000,14.960000,1281980,SSI iBoard
2019-07-11,14.990000,15.020000,14.880000,14.940000,854140,SSI iBoard
2019-07-12,14.970000,15.080000,14.880000,14.940000,1241970,SSI iBoard
2019-07-15,14.920000,15.120000,14.890000,15.040000,1176060,SSI iBoard
2019-07-16,15.050000,15.200000,15.020000,15.040000,1160000,SSI iBoard
2019-07-17,15.040000,15.100000,14.940000,14.960000,1292630,SSI iBoard
2019-07-18,14.940000,14.970000,14.880000,14.880000,1035440,SSI iBoard
2019-07-19,14.920000,15.350000,14.910000,15.320000,2811560,SSI iBoard
2019-07-22,15.320000,15.470000,15.240000,15.370000,1755780,SSI iBoard
2019-07-23,15.420000,15.510000,15.290000,15.510000,948550,SSI iBoard
2019-07-24,15.690000,15.700000,15.450000,15.450000,1952770,SSI iBoard
2019-07-25,15.450000,15.560000,15.420000,15.470000,1157100,SSI iBoard
2019-07-26,15.420000,15.510000,15.370000,15.510000,1043020,SSI iBoard
2019-07-29,15.510000,15.510000,15.320000,15.450000,1130450,SSI iBoard
2019-07-30,15.450000,15.450000,15.160000,15.200000,2092220,SSI iBoard
2019-07-31,15.200000,15.390000,15.100000,15.390000,1111880,SSI iBoard
2019-08-01,15.390000,15.450000,15.320000,15.370000,965060,SSI iBoard
2019-08-02,15.270000,15.580000,15.210000,15.510000,1451900,SSI iBoard
2019-08-05,15.580000,15.830000,15.510000,15.580000,2322100,SSI iBoard
2019-08-06,15.320000,15.670000,15.320000,15.560000,1304570,SSI iBoard
2019-08-07,15.580000,15.810000,15.560000,15.810000,1246410,SSI iBoard
2019-08-08,15.850000,16.090000,15.850000,15.990000,2085510,SSI iBoard
2019-08-09,15.990000,16.340000,15.890000,16.240000,1751680,SSI iBoard
2019-08-12,16.240000,16.720000,16.120000,16.630000,1817920,SSI iBoard
2019-08-13,16.560000,16.910000,16.430000,16.690000,2237980,SSI iBoard
2019-08-14,16.850000,17.070000,16.780000,16.910000,2205370,SSI iBoard
2019-08-15,16.810000,17.170000,16.650000,17.170000,2223880,SSI iBoard
2019-08-16,17.170000,17.850000,16.850000,16.850000,4531020,SSI iBoard
2019-08-19,16.850000,17.070000,16.590000,16.980000,2849780,SSI iBoard
2019-08-20,16.980000,17.430000,16.980000,17.490000,2277750,SSI iBoard
2019-08-21,17.530000,17.660000,17.300000,17.370000,1808020,SSI iBoard
2019-08-22,17.370000,17.590000,17.140000,17.170000,1892640,SSI iBoard
2019-08-23,17.200000,17.620000,17.040000,17.620000,1868200,SSI iBoard
2019-08-26,17.330000,17.560000,17.330000,17.400000,1756160,SSI iBoard
2019-08-27,17.490000,17.590000,17.110000,17.110000,1566370,SSI iBoard
2019-08-28,17.170000,17.240000,16.880000,16.880000,1537860,SSI iBoard
2019-08-29,16.910000,17.110000,16.810000,17.070000,972940,SSI iBoard
2019-08-30,17.170000,17.300000,17.140000,17.200000,708360,SSI iBoard
2019-09-03,17.170000,17.490000,17.170000,17.400000,1360230,SSI iBoard
2019-09-04,17.400000,17.560000,17.170000,17.240000,1655300,SSI iBoard
2019-09-05,17.300000,17.330000,17.040000,17.040000,1243680,SSI iBoard
2019-09-06,17.140000,17.240000,16.940000,17.140000,1142710,SSI iBoard
2019-09-09,17.170000,17.620000,17.010000,17.430000,2507800,SSI iBoard
2019-09-10,17.560000,17.620000,17.370000,17.490000,1731610,SSI iBoard
2019-09-11,17.490000,17.560000,17.300000,17.530000,1179670,SSI iBoard
2019-09-12,17.620000,18.270000,17.620000,18.300000,3799910,SSI iBoard
2019-09-13,18.300000,18.600000,18.240000,18.400000,2123900,SSI iBoard
2019-09-16,18.430000,18.790000,18.370000,18.690000,1339560,SSI iBoard
2019-09-17,18.560000,18.820000,18.500000,18.660000,1194690,SSI iBoard
2019-09-18,18.760000,18.760000,18.240000,18.270000,2592910,SSI iBoard
2019-09-19,18.340000,18.730000,18.210000,18.730000,1432730,SSI iBoard
2019-09-20,18.690000,19.050000,18.660000,18.860000,1396120,SSI iBoard
2019-09-23,18.790000,18.890000,18.370000,18.300000,2313090,SSI iBoard
2019-09-24,18.270000,18.470000,18.080000,18.210000,2537600,SSI iBoard
2019-09-25,18.240000,18.600000,18.180000,18.600000,1442410,SSI iBoard
2019-09-26,18.690000,18.790000,18.530000,18.690000,992640,SSI iBoard
2019-09-27,18.660000,19.050000,18.600000,18.950000,2510520,SSI iBoard
2019-09-30,19.210000,19.280000,18.690000,18.690000,2199170,SSI iBoard
2019-10-01,18.690000,18.950000,18.660000,18.950000,1644130,SSI iBoard
2019-10-02,18.950000,18.990000,18.530000,18.530000,2439020,SSI iBoard
2019-10-03,18.340000,18.600000,18.270000,18.530000,2804850,SSI iBoard
2019-10-04,18.630000,18.630000,18.370000,18.400000,1271210,SSI iBoard
2019-10-07,18.400000,18.530000,18.010000,17.980000,2371810,SSI iBoard
2019-10-08,17.980000,18.210000,17.880000,18.180000,1337220,SSI iBoard
2019-10-09,18.240000,18.470000,18.080000,18.270000,937530,SSI iBoard
2019-10-10,18.340000,18.470000,18.270000,18.270000,808000,SSI iBoard
2019-10-11,18.370000,18.430000,18.270000,18.300000,794420,SSI iBoard
2019-10-14,18.470000,18.860000,18.400000,18.690000,2231030,SSI iBoard
2019-10-15,18.730000,18.730000,18.600000,18.600000,663910,SSI iBoard
2019-10-16,18.730000,18.790000,18.600000,18.630000,829050,SSI iBoard
2019-10-17,18.600000,18.630000,18.340000,18.370000,1621590,SSI iBoard
2019-10-18,18.400000,18.660000,18.340000,18.500000,1447340,SSI iBoard
2019-10-21,18.600000,18.600000,18.240000,18.300000,1260490,SSI iBoard
2019-10-22,18.300000,18.340000,18.050000,18.240000,1534380,SSI iBoard
2019-10-23,18.140000,18.470000,18.140000,18.270000,747810,SSI iBoard
2019-10-24,18.400000,18.860000,18.270000,18.860000,2233890,SSI iBoard
2019-10-25,18.890000,18.950000,18.690000,18.790000,1355310,SSI iBoard
2019-10-28,18.790000,19.050000,18.730000,18.820000,1494820,SSI iBoard
2019-10-29,18.860000,18.890000,18.730000,18.760000,953020,SSI iBoard
2019-10-30,18.760000,18.820000,18.660000,18.730000,1102070,SSI iBoard
2019-10-31,18.790000,19.020000,18.730000,18.760000,1263390,SSI iBoard
2019-11-01,18.790000,19.020000,18.660000,18.950000,1732950,SSI iBoard
2019-11-04,19.020000,19.600000,19.020000,19.410000,5811560,SSI iBoard
2019-11-05,19.470000,19.470000,19.240000,19.370000,1239520,SSI iBoard
2019-11-06,19.370000,19.570000,19.280000,19.280000,1551610,SSI iBoard
2019-11-07,19.280000,19.410000,19.180000,19.280000,1438030,SSI iBoard
2019-11-08,19.370000,19.370000,19.180000,19.310000,1219540,SSI iBoard
2019-11-11,19.340000,19.630000,19.280000,19.440000,2180490,SSI iBoard
2019-11-12,19.440000,19.860000,19.440000,19.760000,2842650,SSI iBoard
2019-11-13,19.830000,19.860000,19.600000,19.600000,1333940,SSI iBoard
2019-11-14,19.600000,19.760000,18.630000,18.890000,4799390,SSI iBoard
2019-11-15,18.890000,19.050000,18.690000,18.990000,2568040,SSI iBoard
2019-11-18,18.920000,19.050000,18.500000,18.630000,2794920,SSI iBoard
2019-11-19,18.630000,18.890000,18.630000,18.890000,1059770,SSI iBoard
2019-11-20,18.860000,18.860000,18.340000,18.400000,2291760,SSI iBoard
2019-11-21,18.400000,18.500000,18.110000,18.140000,3303950,SSI iBoard
2019-11-22,18.240000,18.500000,17.980000,18.140000,1625820,SSI iBoard
2019-11-25,18.180000,18.470000,18.080000,18.340000,1087990,SSI iBoard
2019-11-26,18.470000,18.530000,18.400000,18.500000,968690,SSI iBoard
2019-11-27,18.530000,18.600000,18.430000,18.470000,812280,SSI iBoard
2019-11-28,18.430000,18.430000,18.080000,18.140000,1370820,SSI iBoard
2019-11-29,18.140000,18.400000,18.080000,18.270000,739370,SSI iBoard
2019-12-02,18.300000,18.300000,17.690000,17.690000,1992380,SSI iBoard
2019-12-03,17.560000,17.880000,17.270000,17.660000,1619120,SSI iBoard
2019-12-04,17.660000,17.980000,17.490000,17.950000,932130,SSI iBoard
2019-12-05,17.980000,18.080000,17.750000,17.790000,1144000,SSI iBoard
2019-12-06,17.820000,17.950000,17.720000,17.820000,556160,SSI iBoard
2019-12-09,17.880000,18.080000,17.820000,17.920000,700960,SSI iBoard
2019-12-10,17.920000,18.080000,17.750000,17.980000,797100,SSI iBoard
2019-12-11,17.980000,18.340000,17.880000,18.300000,877960,SSI iBoard
2019-12-12,18.400000,18.530000,18.370000,18.470000,942410,SSI iBoard
2019-12-13,18.530000,18.630000,18.430000,18.500000,1681700,SSI iBoard
2019-12-16,18.500000,18.500000,18.270000,18.300000,968130,SSI iBoard
2019-12-17,18.210000,18.270000,17.850000,17.950000,2211360,SSI iBoard
2019-12-18,17.950000,18.140000,17.820000,17.980000,1022490,SSI iBoard
2019-12-19,17.980000,18.210000,17.950000,18.080000,817820,SSI iBoard
2019-12-20,18.140000,18.370000,18.080000,18.300000,777100,SSI iBoard
2019-12-23,18.430000,18.470000,18.140000,18.180000,766000,SSI iBoard
2019-12-24,18.270000,18.300000,18.180000,18.270000,692100,SSI iBoard
2019-12-25,18.270000,18.760000,18.270000,18.630000,1604350,SSI iBoard
2019-12-26,18.730000,18.820000,18.600000,18.600000,1124500,SSI iBoard
2019-12-27,18.600000,18.730000,18.400000,18.660000,1004860,SSI iBoard
2019-12-30,18.730000,19.080000,18.660000,18.990000,2881060,SSI iBoard
2019-12-31,18.990000,19.020000,18.790000,18.890000,689030,SSI iBoard
2020-01-02,18.890000,19.110000,18.790000,18.990000,896720,SSI iBoard
2020-01-03,19.080000,19.150000,18.600000,18.660000,2047880,SSI iBoard
2020-01-06,18.500000,18.660000,18.400000,18.470000,1091660,SSI iBoard
2020-01-07,18.560000,18.820000,18.470000,18.820000,837240,SSI iBoard
2020-01-08,18.630000,18.690000,18.400000,18.400000,1814290,SSI iBoard
2020-01-09,18.560000,18.690000,18.500000,18.660000,967050,SSI iBoard
2020-01-10,18.630000,18.730000,18.500000,18.630000,1018650,SSI iBoard
2020-01-13,18.600000,18.660000,18.470000,18.500000,786760,SSI iBoard
2020-01-14,18.500000,18.600000,18.470000,18.470000,721680,SSI iBoard
2020-01-15,18.470000,18.500000,18.400000,18.470000,940870,SSI iBoard
2020-01-16,18.470000,18.860000,18.470000,18.790000,1942970,SSI iBoard
2020-01-17,18.790000,18.820000,18.470000,18.660000,1388810,SSI iBoard
2020-01-20,18.630000,18.790000,18.530000,18.600000,1227100,SSI iBoard
2020-01-21,18.730000,18.790000,17.980000,17.980000,4351820,SSI iBoard
2020-01-22,17.820000,18.300000,17.720000,18.300000,3165650,SSI iBoard
2020-01-30,17.920000,18.080000,17.460000,17.720000,2638460,SSI iBoard
2020-01-31,17.490000,17.790000,16.850000,16.850000,4118150,SSI iBoard
2020-02-03,16.070000,17.010000,15.870000,16.680000,3503080,SSI iBoard
2020-02-04,16.980000,16.980000,16.520000,16.780000,1651440,SSI iBoard
2020-02-05,16.940000,17.110000,16.850000,16.880000,1522110,SSI iBoard
2020-02-06,17.010000,17.370000,16.780000,17.370000,1708550,SSI iBoard
2020-02-07,17.170000,17.330000,17.110000,17.270000,1218660,SSI iBoard
2020-02-10,16.980000,17.170000,16.880000,17.040000,705330,SSI iBoard
2020-02-11,17.140000,17.400000,17.070000,17.330000,1030030,SSI iBoard
2020-02-12,17.430000,17.720000,17.400000,17.530000,1104870,SSI iBoard
2020-02-13,17.530000,17.660000,17.400000,17.590000,1030570,SSI iBoard
2020-02-14,17.530000,17.660000,17.490000,17.660000,884240,SSI iBoard
2020-02-17,17.690000,17.690000,17.490000,17.560000,726390,SSI iBoard
2020-02-18,17.620000,18.140000,17.590000,18.140000,1760940,SSI iBoard
2020-02-19,18.110000,18.210000,17.980000,18.050000,681250,SSI iBoard
2020-02-20,18.180000,18.270000,17.980000,18.080000,780810,SSI iBoard
2020-02-21,18.110000,18.110000,17.720000,17.720000,1458040,SSI iBoard
2020-02-24,17.200000,17.460000,17.010000,17.010000,2261990,SSI iBoard
2020-02-25,16.880000,17.490000,16.850000,17.460000,1407720,SSI iBoard
2020-02-26,17.300000,17.880000,17.170000,17.820000,3221270,SSI iBoard
2020-02-27,17.820000,18.300000,17.690000,18.140000,2927040,SSI iBoard
2020-02-28,17.820000,18.050000,17.690000,17.850000,2132200,SSI iBoard
2020-03-02,17.850000,18.210000,17.750000,18.050000,1787060,SSI iBoard
2020-03-03,18.210000,18.470000,18.050000,18.110000,1193800,SSI iBoard
2020-03-04,17.980000,17.980000,17.790000,17.980000,1660790,SSI iBoard
2020-03-05,17.980000,18.110000,17.690000,17.690000,1296450,SSI iBoard
2020-03-06,17.560000,17.590000,17.330000,17.490000,1305030,SSI iBoard
2020-03-09,16.590000,16.850000,16.300000,16.300000,4735140,SSI iBoard
2020-03-10,16.520000,16.850000,16.300000,16.750000,2030340,SSI iBoard
2020-03-11,16.850000,17.010000,16.040000,16.460000,2753310,SSI iBoard
2020-03-12,15.750000,15.970000,15.320000,15.580000,3981670,SSI iBoard
2020-03-13,14.680000,16.200000,14.640000,15.600000,2919140,SSI iBoard
2020-03-16,15.600000,16.100000,15.390000,15.420000,1898960,SSI iBoard
2020-03-17,15.230000,15.710000,15.060000,15.710000,2474650,SSI iBoard
2020-03-18,15.870000,15.910000,15.660000,15.680000,1642800,SSI iBoard
2020-03-19,15.420000,15.580000,15.420000,15.450000,1296590,SSI iBoard
2020-03-20,15.620000,15.630000,15.340000,15.450000,1291360,SSI iBoard
2020-03-23,14.940000,15.190000,14.380000,14.380000,2826690,SSI iBoard
2020-03-24,14.580000,14.580000,14.090000,14.420000,2191500,SSI iBoard
2020-03-25,14.900000,15.030000,14.630000,14.900000,2131790,SSI iBoard
2020-03-26,14.740000,14.850000,14.320000,14.320000,2358310,SSI iBoard
2020-03-27,14.380000,14.380000,13.900000,13.960000,2633750,SSI iBoard
2020-03-30,13.120000,13.320000,12.990000,13.090000,2157690,SSI iBoard
2020-03-31,13.450000,13.740000,12.990000,13.320000,1663050,SSI iBoard
2020-04-01,13.220000,14.000000,13.220000,13.700000,1453030,SSI iBoard
2020-04-03,13.930000,14.470000,13.830000,14.450000,2072000,SSI iBoard
2020-04-06,14.900000,15.390000,14.740000,15.390000,2718990,SSI iBoard
2020-04-07,15.390000,15.450000,15.060000,15.320000,2463810,SSI iBoard
2020-04-08,14.940000,15.240000,14.820000,15.180000,1576670,SSI iBoard
2020-04-09,15.230000,15.420000,15.060000,15.180000,2142370,SSI iBoard
2020-04-10,15.100000,15.230000,14.870000,15.030000,1882020,SSI iBoard
2020-04-13,15.030000,15.230000,14.940000,15.060000,1255360,SSI iBoard
2020-04-14,15.420000,16.040000,15.230000,16.040000,4072050,SSI iBoard
2020-04-15,16.360000,16.460000,16.150000,16.230000,2205200,SSI iBoard
2020-04-16,16.100000,16.460000,15.970000,16.300000,1508480,SSI iBoard
2020-04-17,16.590000,16.620000,16.260000,16.590000,2631630,SSI iBoard
2020-04-20,16.810000,16.850000,16.430000,16.620000,2239780,SSI iBoard
2020-04-21,16.360000,16.490000,15.840000,15.970000,3737050,SSI iBoard
2020-04-22,15.810000,16.590000,15.780000,16.560000,2445860,SSI iBoard
2020-04-23,16.880000,16.910000,16.520000,16.520000,1363410,SSI iBoard
2020-04-24,16.490000,16.590000,16.230000,16.520000,1411380,SSI iBoard
2020-04-27,16.680000,16.680000,16.360000,16.430000,1388150,SSI iBoard
2020-04-28,16.430000,16.460000,16.260000,16.430000,974310,SSI iBoard
2020-04-29,16.460000,16.650000,16.360000,16.460000,1349230,SSI iBoard
2020-05-04,16.260000,16.490000,16.130000,16.360000,895530,SSI iBoard
2020-05-05,16.460000,16.520000,16.330000,16.490000,677990,SSI iBoard
2020-05-06,16.520000,17.200000,16.520000,17.140000,3470150,SSI iBoard
2020-05-07,17.170000,17.330000,16.980000,17.330000,2030720,SSI iBoard
2020-05-08,17.370000,17.850000,17.370000,17.400000,3585320,SSI iBoard
2020-05-11,17.490000,17.620000,17.270000,17.490000,2119430,SSI iBoard
2020-05-12,17.490000,17.620000,17.370000,17.620000,2828190,SSI iBoard
2020-05-13,18.030000,18.810000,17.990000,18.730000,6853810,SSI iBoard
2020-05-14,18.580000,18.640000,18.410000,18.480000,2597400,SSI iBoard
2020-05-15,18.330000,18.560000,18.120000,18.220000,2430890,SSI iBoard
2020-05-18,18.030000,18.350000,17.990000,18.350000,2000950,SSI iBoard
2020-05-19,18.670000,18.860000,18.450000,18.690000,2879030,SSI iBoard
2020-05-20,18.600000,18.600000,18.430000,18.560000,1245380,SSI iBoard
2020-05-21,18.560000,18.710000,18.540000,18.710000,2007060,SSI iBoard
2020-05-22,18.600000,18.600000,18.390000,18.390000,1731720,SSI iBoard
2020-05-25,18.410000,18.450000,18.140000,18.390000,2033000,SSI iBoard
2020-05-26,18.410000,18.520000,18.350000,18.520000,1615680,SSI iBoard
2020-05-27,18.560000,18.750000,18.220000,18.220000,2098580,SSI iBoard
2020-05-28,18.290000,18.450000,18.220000,18.220000,1194380,SSI iBoard
2020-05-29,18.220000,18.260000,18.030000,18.200000,1346170,SSI iBoard
2020-06-01,18.220000,18.350000,18.220000,18.330000,1298150,SSI iBoard
2020-06-02,18.330000,18.410000,18.220000,18.220000,1456730,SSI iBoard
2020-06-03,18.220000,18.580000,18.180000,18.460000,1893060,SSI iBoard
2020-06-04,18.560000,18.560000,18.370000,18.370000,1260060,SSI iBoard
2020-06-05,18.370000,18.480000,18.280000,18.480000,1236200,SSI iBoard
2020-06-08,18.600000,18.980000,18.600000,18.730000,4113250,SSI iBoard
2020-06-09,18.830000,18.840000,18.560000,18.600000,1491540,SSI iBoard
2020-06-10,18.600000,18.600000,18.370000,18.520000,1307540,SSI iBoard
2020-06-11,18.520000,18.520000,17.460000,17.460000,4278060,SSI iBoard
2020-06-12,17.080000,17.840000,17.080000,17.840000,3145450,SSI iBoard
2020-06-15,18.220000,18.220000,17.420000,17.460000,1207500,SSI iBoard
2020-06-16,17.690000,17.760000,17.570000,17.690000,1100730,SSI iBoard
2020-06-17,17.720000,17.740000,17.550000,17.590000,788630,SSI iBoard
2020-06-18,17.570000,17.720000,17.520000,17.690000,822980,SSI iBoard
2020-06-19,17.690000,17.840000,17.690000,17.840000,745470,SSI iBoard
2020-06-22,17.840000,17.840000,17.780000,17.840000,787180,SSI iBoard
2020-06-23,17.820000,18.370000,17.740000,18.050000,1693730,SSI iBoard
2020-06-24,18.180000,18.200000,17.860000,17.910000,607000,SSI iBoard
2020-06-25,17.710000,17.880000,17.690000,17.760000,730810,SSI iBoard
2020-06-26,17.760000,17.900000,17.720000,17.780000,602880,SSI iBoard
2020-06-29,17.690000,17.690000,17.400000,17.480000,1281220,SSI iBoard
2020-06-30,17.520000,17.610000,17.230000,17.330000,1594210,SSI iBoard
2020-07-01,17.460000,17.570000,17.380000,17.530000,866660,SSI iBoard
2020-07-02,17.570000,17.570000,17.440000,17.520000,539160,SSI iBoard
2020-07-03,17.650000,17.650000,17.500000,17.550000,529760,SSI iBoard
2020-07-06,17.650000,17.820000,17.570000,17.760000,1089910,SSI iBoard
2020-07-07,17.840000,18.180000,17.840000,18.010000,2739150,SSI iBoard
2020-07-08,17.950000,18.180000,17.950000,18.100000,1472610,SSI iBoard
2020-07-09,18.180000,18.370000,18.140000,18.350000,2298900,SSI iBoard
2020-07-10,18.260000,18.310000,18.030000,18.140000,1164310,SSI iBoard
2020-07-13,18.220000,18.580000,18.120000,18.460000,2662490,SSI iBoard
2020-07-14,18.330000,18.540000,18.330000,18.430000,1549540,SSI iBoard
2020-07-15,18.480000,18.580000,18.370000,18.450000,1516540,SSI iBoard
2020-07-16,18.430000,18.500000,18.370000,18.450000,1060530,SSI iBoard
2020-07-17,18.410000,18.410000,18.260000,18.260000,1313100,SSI iBoard
2020-07-20,18.260000,18.290000,17.970000,17.990000,2049680,SSI iBoard
2020-07-21,18.030000,18.200000,17.930000,18.140000,940230,SSI iBoard
2020-07-22,18.220000,18.220000,17.950000,17.990000,817890,SSI iBoard
2020-07-23,17.990000,18.120000,17.880000,18.120000,918630,SSI iBoard
2020-07-24,17.990000,18.050000,17.230000,17.420000,3170540,SSI iBoard
2020-07-27,17.080000,17.420000,16.550000,16.590000,3274350,SSI iBoard
2020-07-28,16.850000,17.380000,16.760000,17.350000,1953510,SSI iBoard
2020-07-29,16.850000,17.040000,16.620000,16.910000,1554200,SSI iBoard
2020-07-30,16.930000,17.140000,16.930000,17.140000,612240,SSI iBoard
2020-07-31,16.700000,17.160000,16.700000,16.890000,1106250,SSI iBoard
2020-08-03,16.890000,17.420000,16.890000,17.420000,1392200,SSI iBoard
2020-08-04,17.650000,17.760000,17.530000,17.670000,1051310,SSI iBoard
2020-08-05,17.650000,17.900000,17.550000,17.840000,1328520,SSI iBoard
2020-08-06,17.840000,17.930000,17.720000,17.760000,1153660,SSI iBoard
2020-08-07,17.760000,18.140000,17.760000,17.880000,1283690,SSI iBoard
2020-08-10,17.970000,18.140000,17.880000,17.910000,1160370,SSI iBoard
2020-08-11,18.010000,18.010000,17.840000,17.840000,1209690,SSI iBoard
2020-08-12,17.880000,18.030000,17.800000,18.030000,1233230,SSI iBoard
2020-08-13,18.100000,18.200000,18.030000,18.200000,1709100,SSI iBoard
2020-08-14,18.260000,18.290000,18.010000,18.140000,1633770,SSI iBoard
2020-08-17,18.180000,18.220000,18.030000,18.220000,1048820,SSI iBoard
2020-08-18,18.220000,18.280000,18.140000,18.160000,625200,SSI iBoard
2020-08-19,18.180000,18.240000,18.080000,18.160000,877190,SSI iBoard
2020-08-20,18.180000,18.390000,18.160000,18.240000,1824430,SSI iBoard
2020-08-21,18.320000,18.410000,18.300000,18.370000,1260210,SSI iBoard
2020-08-24,18.590000,18.840000,18.550000,18.780000,3540210,SSI iBoard
2020-08-25,18.840000,18.980000,18.820000,18.940000,3304670,SSI iBoard
2020-08-26,18.920000,18.940000,18.680000,18.760000,1328990,SSI iBoard
2020-08-27,18.700000,19.420000,18.700000,19.320000,3724990,SSI iBoard
2020-08-28,19.460000,19.810000,19.340000,19.340000,4009380,SSI iBoard
2020-08-31,19.340000,19.500000,19.130000,19.190000,1940640,SSI iBoard
2020-09-01,19.190000,19.580000,19.130000,19.340000,1757410,SSI iBoard
2020-09-03,19.540000,19.580000,19.340000,19.540000,2281510,SSI iBoard
2020-09-04,19.190000,19.380000,19.190000,19.380000,1538510,SSI iBoard
2020-09-07,19.360000,19.380000,18.800000,18.800000,2270970,SSI iBoard
2020-09-08,18.900000,19.190000,18.800000,19.190000,1628870,SSI iBoard
2020-09-09,18.860000,19.190000,18.840000,19.070000,1490820,SSI iBoard
2020-09-10,19.190000,19.300000,19.030000,19.070000,1005950,SSI iBoard
2020-09-11,18.990000,19.070000,18.940000,19.050000,872160,SSI iBoard
2020-09-14,19.090000,19.190000,19.030000,19.110000,1127400,SSI iBoard
2020-09-15,19.190000,19.380000,19.110000,19.380000,1906730,SSI iBoard
2020-09-16,19.380000,19.690000,19.380000,19.580000,1918130,SSI iBoard
2020-09-17,19.500000,19.580000,19.340000,19.380000,1563010,SSI iBoard
2020-09-18,19.420000,19.920000,19.380000,19.850000,3306720,SSI iBoard
2020-09-21,19.890000,20.040000,19.850000,19.850000,1530250,SSI iBoard
2020-09-22,19.690000,19.890000,19.610000,19.890000,1630570,SSI iBoard
2020-09-23,19.890000,19.960000,19.690000,19.810000,1797680,SSI iBoard
2020-09-24,19.650000,19.770000,19.460000,19.580000,1728380,SSI iBoard
2020-09-25,19.650000,19.690000,19.380000,19.690000,1205550,SSI iBoard
2020-09-28,19.730000,19.890000,19.610000,19.810000,1312300,SSI iBoard
2020-09-29,19.920000,19.920000,19.460000,19.460000,1900490,SSI iBoard
2020-09-30,19.460000,19.540000,19.290000,19.380000,2500310,SSI iBoard
2020-10-01,19.460000,19.690000,19.460000,19.690000,905510,SSI iBoard
2020-10-02,19.690000,19.810000,18.990000,19.500000,1947940,SSI iBoard
2020-10-05,19.540000,19.690000,19.340000,19.580000,1498360,SSI iBoard
2020-10-06,19.690000,19.730000,19.500000,19.580000,1520290,SSI iBoard
2020-10-07,19.460000,19.650000,19.460000,19.540000,1493710,SSI iBoard
2020-10-08,19.580000,19.960000,19.500000,19.810000,3062690,SSI iBoard
2020-10-09,19.770000,19.850000,19.690000,19.690000,1173500,SSI iBoard
2020-10-12,19.730000,19.920000,19.610000,19.730000,1550680,SSI iBoard
2020-10-13,19.730000,19.770000,19.580000,19.650000,1222200,SSI iBoard
2020-10-14,19.690000,19.920000,19.540000,19.770000,2409760,SSI iBoard
2020-10-15,19.850000,19.920000,19.650000,19.850000,1925370,SSI iBoard
2020-10-16,19.850000,20.890000,19.730000,20.620000,5769540,SSI iBoard
2020-10-19,20.780000,20.860000,20.550000,20.660000,2333670,SSI iBoard
2020-10-20,20.580000,20.660000,20.350000,20.620000,1886160,SSI iBoard
2020-10-21,20.620000,21.130000,20.470000,20.470000,3305010,SSI iBoard
2020-10-22,20.470000,20.930000,20.390000,20.930000,2346540,SSI iBoard
2020-10-23,21.010000,21.130000,20.740000,20.890000,2646310,SSI iBoard
2020-10-26,20.890000,21.130000,20.470000,20.470000,3852510,SSI iBoard
2020-10-27,20.510000,20.620000,20.200000,20.200000,3188810,SSI iBoard
2020-10-28,20.160000,20.310000,19.650000,19.650000,3596230,SSI iBoard
2020-10-29,19.540000,19.890000,19.460000,19.730000,2719690,SSI iBoard
2020-10-30,19.920000,19.960000,19.580000,19.960000,1469970,SSI iBoard
2020-11-02,19.960000,20.040000,19.850000,20.040000,866110,SSI iBoard
2020-11-03,20.120000,20.510000,20.040000,20.470000,2562890,SSI iBoard
2020-11-04,20.550000,20.660000,20.350000,20.550000,1369690,SSI iBoard
2020-11-05,20.430000,20.700000,20.160000,20.160000,1305860,SSI iBoard
2020-11-06,20.310000,20.470000,20.200000,20.310000,987260,SSI iBoard
2020-11-09,20.470000,20.700000,20.430000,20.700000,2011650,SSI iBoard
2020-11-10,20.930000,20.930000,20.550000,20.550000,1739340,SSI iBoard
2020-11-11,20.700000,20.700000,20.430000,20.550000,1668230,SSI iBoard
2020-11-12,20.550000,20.740000,20.510000,20.740000,1234540,SSI iBoard
2020-11-13,20.860000,20.860000,20.740000,20.860000,1318170,SSI iBoard
2020-11-16,20.930000,21.090000,20.550000,20.660000,3713690,SSI iBoard
2020-11-17,20.780000,20.970000,20.550000,20.930000,2515530,SSI iBoard
2020-11-18,21.050000,21.050000,20.820000,20.930000,1757160,SSI iBoard
2020-11-19,21.050000,21.710000,20.930000,21.360000,4980430,SSI iBoard
2020-11-20,21.360000,21.670000,21.320000,21.400000,1837360,SSI iBoard
2020-11-23,21.400000,21.790000,21.170000,21.670000,2824640,SSI iBoard
2020-11-24,21.670000,21.900000,21.320000,21.550000,3003940,SSI iBoard
2020-11-25,21.820000,21.820000,21.400000,21.400000,1835630,SSI iBoard
2020-11-26,21.510000,21.710000,21.240000,21.590000,1635130,SSI iBoard
2020-11-27,21.670000,21.790000,21.550000,21.790000,1986420,SSI iBoard
2020-11-30,21.980000,21.980000,21.480000,21.480000,2761700,SSI iBoard
2020-12-01,21.320000,21.480000,21.240000,21.400000,3427370,SSI iBoard
2020-12-02,21.320000,21.590000,21.320000,21.550000,2108200,SSI iBoard
2020-12-03,21.510000,21.590000,21.360000,21.550000,1627980,SSI iBoard
2020-12-04,21.480000,21.670000,21.480000,21.590000,1380920,SSI iBoard
2020-12-07,21.670000,21.710000,21.510000,21.590000,1455180,SSI iBoard
2020-12-08,21.590000,21.940000,21.510000,21.790000,2297110,SSI iBoard
2020-12-09,21.820000,22.410000,21.790000,22.290000,3001820,SSI iBoard
2020-12-10,22.100000,22.370000,21.900000,21.900000,2112490,SSI iBoard
2020-12-11,21.940000,22.100000,21.820000,22.100000,1750270,SSI iBoard
2020-12-14,22.100000,22.480000,22.060000,22.170000,1443760,SSI iBoard
2020-12-15,22.290000,22.330000,21.940000,21.980000,2666900,SSI iBoard
2020-12-16,22.170000,22.290000,22.100000,22.130000,1995530,SSI iBoard
2020-12-17,22.060000,22.130000,21.710000,21.900000,3594500,SSI iBoard
2020-12-18,21.900000,22.130000,21.900000,22.060000,1532820,SSI iBoard
2020-12-21,22.210000,22.410000,22.130000,22.290000,2307390,SSI iBoard
2020-12-22,22.250000,22.680000,22.130000,22.520000,2576390,SSI iBoard
2020-12-23,22.600000,22.720000,22.170000,22.290000,1391420,SSI iBoard
2020-12-24,22.290000,22.410000,21.860000,22.100000,2386210,SSI iBoard
2020-12-25,22.100000,22.330000,21.940000,22.330000,1625110,SSI iBoard
2020-12-28,22.440000,22.720000,22.290000,22.440000,2197090,SSI iBoard
2020-12-29,22.440000,22.790000,22.330000,22.720000,2172950,SSI iBoard
2020-12-30,22.830000,22.830000,22.520000,22.520000,1204180,SSI iBoard
2020-12-31,22.520000,22.950000,22.480000,22.910000,2036370,SSI iBoard
2021-01-04,23.100000,23.340000,22.990000,23.340000,2151300,SSI iBoard
2021-01-05,23.260000,24.620000,23.180000,24.310000,2332200,SSI iBoard
2021-01-06,24.460000,24.650000,24.150000,24.190000,1796000,SSI iBoard
2021-01-07,24.270000,24.380000,24.000000,24.230000,2150200,SSI iBoard
2021-01-08,24.420000,24.690000,24.270000,24.540000,2720400,SSI iBoard
2021-01-11,24.770000,25.080000,24.540000,25.080000,1972800,SSI iBoard
2021-01-12,25.200000,25.580000,24.810000,25.510000,2435200,SSI iBoard
2021-01-13,25.550000,26.130000,25.550000,25.780000,2612000,SSI iBoard
2021-01-14,25.780000,25.970000,25.470000,25.740000,1777500,SSI iBoard
2021-01-15,25.970000,25.970000,25.740000,25.820000,1540400,SSI iBoard
2021-01-18,25.970000,25.970000,25.660000,25.700000,1209000,SSI iBoard
2021-01-19,25.580000,25.620000,23.920000,24.030000,3505600,SSI iBoard
2021-01-20,24.310000,24.690000,23.340000,24.540000,3663800,SSI iBoard
2021-01-21,25.000000,25.510000,24.540000,25.430000,2313100,SSI iBoard
2021-01-22,25.470000,26.170000,25.350000,25.930000,2090300,SSI iBoard
2021-01-25,25.890000,26.440000,25.660000,25.970000,3111900,SSI iBoard
2021-01-26,26.170000,26.170000,25.390000,25.580000,2597500,SSI iBoard
2021-01-27,25.470000,25.620000,24.380000,24.420000,2226800,SSI iBoard
2021-01-28,23.260000,24.150000,22.720000,22.720000,5092400,SSI iBoard
2021-01-29,22.870000,24.310000,22.870000,24.310000,3211900,SSI iBoard
2021-02-01,24.960000,25.350000,24.150000,24.620000,2017400,SSI iBoard
2021-02-02,24.460000,25.580000,24.420000,25.580000,3264600,SSI iBoard
2021-02-03,26.170000,27.370000,25.620000,27.140000,4173500,SSI iBoard
2021-02-04,27.210000,28.380000,27.210000,28.100000,4398700,SSI iBoard
2021-02-05,28.300000,28.450000,27.830000,28.260000,2084900,SSI iBoard
2021-02-08,28.260000,28.260000,26.980000,27.640000,4035600,SSI iBoard
2021-02-09,27.680000,28.920000,27.140000,28.920000,4224300,SSI iBoard
2021-02-17,29.580000,30.620000,29.420000,30.200000,3139100,SSI iBoard
2021-02-18,30.240000,30.350000,29.690000,30.310000,2243100,SSI iBoard
2021-02-19,29.960000,30.240000,29.460000,29.690000,3722700,SSI iBoard
2021-02-22,29.690000,30.040000,29.500000,29.770000,2319300,SSI iBoard
2021-02-23,29.580000,29.850000,28.920000,29.270000,3369500,SSI iBoard
2021-02-24,29.460000,29.650000,29.030000,29.230000,2225200,SSI iBoard
2021-02-25,29.500000,29.580000,28.880000,29.540000,1927500,SSI iBoard
2021-02-26,29.070000,29.620000,29.030000,29.540000,1936000,SSI iBoard
2021-03-01,29.770000,30.240000,29.770000,30.200000,2078100,SSI iBoard
2021-03-02,30.590000,30.590000,29.810000,30.200000,1821700,SSI iBoard
2021-03-03,30.240000,30.280000,30.000000,30.120000,1599400,SSI iBoard
2021-03-04,30.120000,30.160000,29.110000,29.420000,2901500,SSI iBoard
2021-03-05,29.270000,29.460000,28.880000,29.420000,2507500,SSI iBoard
2021-03-08,29.460000,29.650000,29.230000,29.380000,1656600,SSI iBoard
2021-03-09,29.070000,29.340000,28.880000,29.070000,2182400,SSI iBoard
2021-03-10,29.420000,30.040000,29.070000,29.580000,2602400,SSI iBoard
2021-03-11,29.650000,29.890000,29.500000,29.730000,1477800,SSI iBoard
2021-03-12,29.850000,29.890000,29.580000,29.650000,2062800,SSI iBoard
2021-03-15,29.690000,30.040000,29.500000,29.650000,1760900,SSI iBoard
2021-03-16,29.850000,31.590000,29.690000,31.400000,5111000,SSI iBoard
2021-03-17,31.590000,31.590000,31.010000,31.320000,1603200,SSI iBoard
2021-03-18,31.400000,31.400000,31.010000,31.400000,1807500,SSI iBoard
2021-03-19,31.010000,31.210000,30.780000,30.930000,2247800,SSI iBoard
2021-03-22,30.820000,30.860000,30.350000,30.510000,2084800,SSI iBoard
2021-03-23,30.430000,31.010000,30.350000,30.550000,2201700,SSI iBoard
2021-03-24,30.200000,30.590000,29.650000,29.850000,2480100,SSI iBoard
2021-03-25,30.040000,30.040000,29.650000,29.690000,2305400,SSI iBoard
2021-03-26,29.540000,29.770000,28.880000,29.500000,2672600,SSI iBoard
2021-03-29,29.650000,30.280000,29.500000,30.080000,1997700,SSI iBoard
2021-03-30,30.200000,30.240000,29.850000,29.890000,1512500,SSI iBoard
2021-03-31,29.890000,30.280000,29.690000,30.120000,1373400,SSI iBoard
2021-04-01,30.200000,30.900000,30.200000,30.900000,2500900,SSI iBoard
2021-04-02,31.170000,31.210000,30.930000,30.930000,1950200,SSI iBoard
2021-04-05,31.170000,31.210000,30.590000,30.860000,1487000,SSI iBoard
2021-04-06,30.660000,31.010000,30.660000,30.780000,1505800,SSI iBoard
2021-04-07,30.700000,30.900000,30.660000,30.860000,1503800,SSI iBoard
2021-04-08,31.090000,31.240000,30.820000,30.860000,1609800,SSI iBoard
2021-04-09,30.970000,32.170000,30.970000,31.830000,3970400,SSI iBoard
2021-04-12,31.940000,31.940000,31.590000,31.830000,2022500,SSI iBoard
2021-04-13,31.790000,31.860000,31.210000,31.280000,2038100,SSI iBoard
2021-04-14,31.010000,31.400000,30.820000,31.400000,2530600,SSI iBoard
2021-04-15,31.400000,31.550000,30.930000,31.010000,2096200,SSI iBoard
2021-04-16,31.400000,31.480000,30.550000,30.900000,2194600,SSI iBoard
2021-04-19,31.010000,31.590000,30.820000,31.590000,2380800,SSI iBoard
2021-04-20,31.710000,32.910000,31.630000,32.140000,4742800,SSI iBoard
2021-04-22,31.790000,32.520000,31.010000,31.010000,2271200,SSI iBoard
2021-04-23,31.010000,32.170000,30.900000,32.170000,3166400,SSI iBoard
2021-04-26,31.980000,32.100000,31.210000,31.400000,2551300,SSI iBoard
2021-04-27,31.170000,31.550000,31.050000,31.280000,1287100,SSI iBoard
2021-04-28,31.050000,31.520000,31.050000,31.320000,1366700,SSI iBoard
2021-04-29,31.320000,31.710000,31.320000,31.360000,2095500,SSI iBoard
2021-05-04,31.010000,32.370000,31.010000,32.140000,2362100,SSI iBoard
2021-05-05,32.760000,32.760000,32.060000,32.140000,2321300,SSI iBoard
2021-05-06,32.170000,32.370000,31.860000,32.060000,1969000,SSI iBoard
2021-05-07,32.060000,32.560000,31.900000,32.170000,2705900,SSI iBoard
2021-05-10,32.060000,33.340000,32.170000,33.260000,4504300,SSI iBoard
2021-05-11,33.340000,33.570000,33.030000,33.030000,2078700,SSI iBoard
2021-05-12,32.950000,33.100000,32.680000,33.100000,1844500,SSI iBoard
2021-05-13,32.950000,33.100000,32.560000,32.560000,2558300,SSI iBoard
2021-05-14,32.680000,33.420000,32.600000,32.870000,1858700,SSI iBoard
2021-05-17,33.260000,33.570000,33.030000,33.220000,1744500,SSI iBoard
2021-05-18,33.490000,33.880000,33.420000,33.730000,2133500,SSI iBoard
2021-05-19,33.920000,35.310000,33.650000,35.200000,2876300,SSI iBoard
2021-05-20,35.200000,37.020000,35.040000,37.020000,3523900,SSI iBoard
2021-05-21,36.550000,37.450000,36.050000,36.360000,3222700,SSI iBoard
2021-05-24,36.360000,36.400000,35.700000,36.240000,2669500,SSI iBoard
2021-05-25,36.240000,36.900000,35.970000,36.360000,2156300,SSI iBoard
2021-05-26,36.520000,37.020000,36.320000,36.940000,1992800,SSI iBoard
2021-05-27,36.940000,36.980000,36.240000,36.360000,1745800,SSI iBoard
2021-05-28,36.440000,36.830000,36.320000,36.750000,1874300,SSI iBoard
2021-05-31,37.020000,37.990000,36.710000,37.950000,3237700,SSI iBoard
2021-06-01,39.590000,39.860000,39.180000,39.230000,3495000,SSI iBoard
2021-06-02,39.230000,39.410000,38.280000,38.510000,3053900,SSI iBoard
2021-06-03,38.280000,38.460000,37.970000,38.370000,3190800,SSI iBoard
2021-06-04,38.280000,38.330000,37.740000,38.150000,3820600,SSI iBoard
2021-06-07,38.100000,38.150000,36.480000,37.250000,3711200,SSI iBoard
2021-06-08,36.930000,37.380000,36.300000,36.390000,3486000,SSI iBoard
2021-06-09,36.300000,36.980000,35.580000,36.800000,3576100,SSI iBoard
2021-06-10,36.800000,37.160000,36.480000,36.890000,2214900,SSI iBoard
2021-06-11,36.710000,37.790000,36.620000,37.610000,2359600,SSI iBoard
2021-06-14,37.610000,38.100000,37.380000,37.740000,2547600,SSI iBoard
2021-06-15,37.740000,38.060000,37.470000,37.470000,1778700,SSI iBoard
2021-06-16,37.470000,38.100000,37.250000,37.430000,2462000,SSI iBoard
2021-06-17,36.980000,37.430000,36.980000,37.200000,2236400,SSI iBoard
2021-06-18,37.430000,37.920000,37.250000,37.740000,1681700,SSI iBoard
2021-06-21,37.650000,38.870000,37.470000,38.550000,3878300,SSI iBoard
2021-06-22,38.780000,39.000000,38.460000,38.460000,1760300,SSI iBoard
2021-06-23,38.420000,38.550000,37.880000,38.240000,1599900,SSI iBoard
2021-06-24,37.970000,38.240000,37.790000,38.150000,1657800,SSI iBoard
2021-06-25,38.150000,38.460000,37.920000,38.370000,1503400,SSI iBoard
2021-06-28,38.780000,38.780000,38.460000,38.600000,1858800,SSI iBoard
2021-06-29,39.000000,40.080000,38.870000,39.900000,4897800,SSI iBoard
2021-06-30,40.080000,40.130000,39.630000,39.630000,1651100,SSI iBoard
2021-07-01,39.680000,40.040000,39.630000,40.040000,1700100,SSI iBoard
2021-07-02,40.220000,41.660000,40.040000,41.390000,3873500,SSI iBoard
2021-07-05,42.790000,42.790000,40.980000,41.750000,2961100,SSI iBoard
2021-07-06,41.660000,41.890000,39.180000,39.180000,2640500,SSI iBoard
2021-07-07,39.180000,40.980000,38.280000,40.760000,4910200,SSI iBoard
2021-07-08,40.710000,40.760000,40.080000,40.440000,2375400,SSI iBoard
2021-07-09,40.350000,41.440000,39.990000,40.400000,2947000,SSI iBoard
2021-07-12,39.990000,40.400000,37.650000,38.780000,6764400,SSI iBoard
2021-07-13,39.140000,39.320000,38.280000,39.180000,2207400,SSI iBoard
2021-07-14,39.450000,39.450000,38.150000,38.370000,2433500,SSI iBoard
2021-07-15,38.150000,39.000000,38.150000,38.460000,2714600,SSI iBoard
2021-07-16,38.690000,39.630000,38.510000,39.090000,2285700,SSI iBoard
2021-07-19,38.370000,38.910000,38.060000,38.150000,3288800,SSI iBoard
2021-07-20,38.190000,39.090000,37.790000,39.090000,2553700,SSI iBoard
2021-07-21,39.090000,39.590000,38.780000,39.000000,3369200,SSI iBoard
2021-07-22,38.820000,40.350000,38.820000,40.260000,4445600,SSI iBoard
2021-07-23,40.260000,41.840000,39.950000,40.760000,6755700,SSI iBoard
2021-07-26,40.670000,42.290000,40.620000,42.200000,5773100,SSI iBoard
2021-07-27,42.520000,42.740000,41.660000,41.980000,5007000,SSI iBoard
2021-07-28,41.800000,42.200000,41.300000,41.440000,3346700,SSI iBoard
2021-07-29,41.440000,42.290000,41.300000,42.070000,3712900,SSI iBoard
2021-07-30,42.110000,42.700000,41.800000,42.340000,4525900,SSI iBoard
2021-08-02,42.340000,43.510000,42.340000,43.060000,4275900,SSI iBoard
2021-08-03,43.150000,43.240000,42.650000,43.150000,3607200,SSI iBoard
2021-08-04,43.190000,43.330000,42.740000,43.060000,2818400,SSI iBoard
2021-08-05,42.880000,43.690000,42.740000,43.510000,2485600,SSI iBoard
2021-08-06,43.600000,43.780000,43.150000,43.510000,3413900,SSI iBoard
2021-08-09,43.690000,44.000000,43.190000,43.910000,2934500,SSI iBoard
2021-08-10,44.270000,44.320000,43.960000,44.050000,2680700,SSI iBoard
2021-08-11,44.000000,44.050000,43.280000,43.280000,4883200,SSI iBoard
2021-08-12,43.150000,43.240000,42.070000,42.250000,8399400,SSI iBoard
2021-08-13,41.930000,42.790000,41.890000,42.790000,3618700,SSI iBoard
2021-08-16,43.240000,43.330000,42.970000,43.060000,1906800,SSI iBoard
2021-08-17,42.830000,43.060000,42.560000,42.690000,2801700,SSI iBoard
2021-08-18,42.690000,43.190000,42.690000,42.790000,1951000,SSI iBoard
2021-08-19,43.240000,43.240000,42.690000,43.010000,2721600,SSI iBoard
2021-08-20,43.010000,43.100000,41.470000,42.240000,4349300,SSI iBoard
2021-08-23,42.100000,42.100000,41.420000,41.420000,3436600,SSI iBoard
2021-08-24,41.650000,41.870000,40.920000,41.830000,3081500,SSI iBoard
2021-08-25,42.060000,42.060000,41.420000,41.830000,1344000,SSI iBoard
2021-08-26,41.870000,42.280000,41.510000,41.600000,1758700,SSI iBoard
2021-08-27,41.420000,41.870000,41.240000,41.870000,1896200,SSI iBoard
2021-08-30,42.330000,42.330000,41.920000,41.970000,1494800,SSI iBoard
2021-08-31,42.010000,42.420000,41.870000,42.060000,1952500,SSI iBoard
2021-09-01,41.920000,42.330000,41.920000,42.060000,1353300,SSI iBoard
2021-09-06,42.060000,43.190000,42.010000,43.190000,3124600,SSI iBoard
2021-09-07,43.380000,43.380000,42.560000,42.560000,2290600,SSI iBoard
2021-09-08,42.560000,42.880000,42.240000,42.380000,1453800,SSI iBoard
2021-09-09,42.380000,42.740000,42.240000,42.420000,1393700,SSI iBoard
2021-09-10,42.510000,42.970000,42.510000,42.560000,1440100,SSI iBoard
2021-09-13,42.600000,42.790000,42.280000,42.330000,1600000,SSI iBoard
2021-09-14,42.470000,43.100000,42.330000,42.690000,2523200,SSI iBoard
2021-09-15,42.690000,42.970000,42.470000,42.830000,1690100,SSI iBoard
2021-09-16,42.970000,43.240000,42.880000,43.100000,1924700,SSI iBoard
2021-09-17,43.470000,44.150000,43.420000,43.560000,3325700,SSI iBoard
2021-09-20,43.700000,43.790000,42.830000,42.970000,2526100,SSI iBoard
2021-09-21,42.510000,42.790000,42.100000,42.560000,2697100,SSI iBoard
2021-09-22,42.420000,42.510000,42.190000,42.420000,2027200,SSI iBoard
2021-09-23,42.420000,42.690000,42.330000,42.380000,1394200,SSI iBoard
2021-09-24,42.420000,42.420000,42.190000,42.190000,1449000,SSI iBoard
2021-09-27,42.280000,42.560000,41.920000,41.920000,1546100,SSI iBoard
2021-09-28,41.740000,42.330000,41.650000,42.330000,1393500,SSI iBoard
2021-09-29,42.330000,42.510000,42.010000,42.420000,1177400,SSI iBoard
2021-09-30,42.560000,42.740000,42.330000,42.330000,996900,SSI iBoard
2021-10-01,42.280000,42.380000,42.100000,42.280000,1055400,SSI iBoard
2021-10-04,42.330000,43.330000,42.060000,43.060000,2277800,SSI iBoard
2021-10-05,43.240000,43.700000,42.970000,42.970000,1392800,SSI iBoard
2021-10-06,43.010000,43.100000,42.650000,42.970000,1571300,SSI iBoard
2021-10-07,43.190000,43.240000,42.830000,42.920000,1497000,SSI iBoard
2021-10-08,43.240000,45.290000,42.970000,45.020000,8305600,SSI iBoard
2021-10-11,45.060000,45.200000,44.740000,45.150000,2295500,SSI iBoard
2021-10-12,45.150000,45.150000,44.830000,45.060000,1125300,SSI iBoard
2021-10-13,45.060000,46.200000,44.830000,45.240000,3232500,SSI iBoard
2021-10-14,45.240000,45.520000,44.790000,44.970000,1824200,SSI iBoard
2021-10-15,45.240000,45.560000,44.790000,45.020000,1702500,SSI iBoard
2021-10-18,45.060000,45.520000,44.880000,45.060000,2264100,SSI iBoard
2021-10-19,45.060000,45.290000,44.880000,44.880000,1534300,SSI iBoard
2021-10-20,44.920000,45.290000,43.970000,44.420000,2248600,SSI iBoard
2021-10-21,44.790000,44.830000,44.010000,44.010000,2283600,SSI iBoard
2021-10-22,44.150000,44.330000,43.740000,43.790000,2023400,SSI iBoard
2021-10-25,43.790000,43.790000,43.190000,43.190000,2938500,SSI iBoard
2021-10-26,43.240000,44.110000,42.920000,44.110000,1855700,SSI iBoard
2021-10-27,44.060000,44.700000,43.920000,44.700000,2326700,SSI iBoard
2021-10-28,44.700000,44.790000,44.240000,44.610000,1644700,SSI iBoard
2021-10-29,44.610000,44.610000,44.110000,44.110000,2382700,SSI iBoard
2021-11-01,44.330000,44.330000,43.510000,43.600000,2855800,SSI iBoard
2021-11-02,43.470000,44.150000,43.470000,43.740000,2109100,SSI iBoard
2021-11-03,43.790000,44.010000,43.330000,43.740000,2680100,SSI iBoard
2021-11-04,43.740000,44.060000,43.560000,43.700000,1761300,SSI iBoard
2021-11-05,43.790000,44.510000,43.700000,44.420000,2169900,SSI iBoard
2021-11-08,44.420000,44.830000,44.290000,44.330000,1687900,SSI iBoard
2021-11-09,44.380000,44.420000,43.700000,43.880000,1845900,SSI iBoard
2021-11-10,43.880000,44.150000,43.650000,44.150000,1592400,SSI iBoard
2021-11-11,44.150000,44.610000,43.600000,43.700000,2122200,SSI iBoard
2021-11-12,43.790000,44.700000,43.650000,44.610000,2240300,SSI iBoard
2021-11-15,44.830000,44.830000,44.290000,44.290000,1908900,SSI iBoard
2021-11-16,44.290000,45.290000,44.060000,44.740000,3506200,SSI iBoard
2021-11-17,44.740000,44.790000,44.610000,44.740000,1186200,SSI iBoard
2021-11-18,44.740000,44.920000,43.920000,43.920000,2005000,SSI iBoard
2021-11-19,44.380000,44.510000,43.290000,43.380000,2481300,SSI iBoard
2021-11-22,43.470000,43.700000,43.240000,43.240000,1670100,SSI iBoard
2021-11-23,43.240000,43.970000,43.190000,43.970000,1150800,SSI iBoard
2021-11-24,44.010000,44.790000,43.880000,44.560000,2445600,SSI iBoard
2021-11-25,44.830000,46.340000,44.740000,45.520000,5487400,SSI iBoard
2021-11-26,45.560000,45.880000,44.970000,45.020000,1996200,SSI iBoard
2021-11-29,44.380000,45.020000,44.380000,44.650000,1993000,SSI iBoard
2021-11-30,44.650000,44.830000,44.150000,44.200000,2563100,SSI iBoard
2021-12-01,44.380000,44.880000,44.010000,44.700000,1254900,SSI iBoard
2021-12-02,44.420000,44.740000,44.240000,44.240000,952900,SSI iBoard
2021-12-03,44.510000,44.510000,43.470000,43.470000,2009700,SSI iBoard
2021-12-06,43.470000,43.920000,42.880000,43.010000,2393800,SSI iBoard
2021-12-07,43.240000,43.700000,43.010000,43.700000,1451000,SSI iBoard
2021-12-08,43.920000,43.920000,43.240000,43.510000,1064800,SSI iBoard
2021-12-09,43.290000,44.150000,43.290000,44.150000,993100,SSI iBoard
2021-12-10,43.880000,44.150000,43.420000,43.600000,1160000,SSI iBoard
2021-12-13,43.920000,43.920000,43.510000,43.700000,900200,SSI iBoard
2021-12-14,43.700000,43.880000,43.420000,43.560000,1144500,SSI iBoard
2021-12-15,43.560000,43.830000,43.510000,43.650000,808400,SSI iBoard
2021-12-16,44.380000,44.380000,43.470000,43.470000,1245000,SSI iBoard
2021-12-17,43.510000,44.150000,43.470000,43.880000,1152100,SSI iBoard
2021-12-20,43.920000,43.920000,43.470000,43.600000,1019800,SSI iBoard
2021-12-21,43.560000,43.650000,43.290000,43.330000,1112300,SSI iBoard
2021-12-22,43.240000,43.420000,43.060000,43.240000,1670500,SSI iBoard
2021-12-23,43.240000,43.240000,42.330000,42.420000,1930300,SSI iBoard
2021-12-24,42.560000,43.010000,42.240000,42.690000,1186700,SSI iBoard
2021-12-27,42.880000,43.240000,42.470000,43.010000,793700,SSI iBoard
2021-12-28,43.010000,43.190000,42.830000,43.010000,567300,SSI iBoard
2021-12-29,43.150000,43.150000,42.600000,42.600000,912200,SSI iBoard
2021-12-30,42.650000,42.920000,42.560000,42.600000,810800,SSI iBoard
2021-12-31,42.690000,42.970000,42.330000,42.330000,1607400,SSI iBoard
2022-01-04,42.510000,42.880000,42.470000,42.560000,1935000,SSI iBoard
2022-01-05,42.650000,42.880000,42.560000,42.600000,1193800,SSI iBoard
2022-01-06,42.600000,42.790000,42.560000,42.560000,1192400,SSI iBoard
2022-01-07,42.380000,42.650000,42.380000,42.510000,1016800,SSI iBoard
2022-01-10,42.420000,42.560000,41.830000,41.870000,1882400,SSI iBoard
2022-01-11,41.870000,41.970000,40.560000,40.740000,2509300,SSI iBoard
2022-01-12,40.560000,41.240000,40.280000,40.780000,1740700,SSI iBoard
2022-01-13,41.370000,42.190000,40.870000,41.920000,1811800,SSI iBoard
2022-01-14,41.740000,41.920000,41.370000,41.560000,686700,SSI iBoard
2022-01-17,41.190000,41.560000,40.510000,40.510000,1568400,SSI iBoard
2022-01-18,40.190000,40.780000,40.050000,40.100000,1209900,SSI iBoard
2022-01-19,40.100000,40.600000,40.050000,40.190000,744900,SSI iBoard
2022-01-20,40.240000,41.420000,40.190000,40.420000,1334600,SSI iBoard
2022-01-21,40.510000,40.870000,40.150000,40.150000,841200,SSI iBoard
2022-01-24,40.150000,40.280000,38.690000,38.830000,2024200,SSI iBoard
2022-01-25,38.780000,39.830000,38.230000,39.370000,1192600,SSI iBoard
2022-01-26,39.600000,39.600000,38.920000,39.140000,913600,SSI iBoard
2022-01-27,39.140000,39.460000,38.870000,39.100000,719600,SSI iBoard
2022-01-28,39.140000,40.740000,39.100000,40.740000,1552300,SSI iBoard
2022-02-07,40.960000,41.010000,40.510000,40.740000,518400,SSI iBoard
2022-02-08,40.740000,41.780000,40.740000,41.240000,845100,SSI iBoard
2022-02-09,41.740000,41.740000,41.240000,41.280000,1142700,SSI iBoard
2022-02-10,41.600000,41.870000,41.060000,41.870000,974900,SSI iBoard
2022-02-11,41.780000,42.060000,41.600000,41.690000,641600,SSI iBoard
2022-02-14,41.420000,41.690000,41.150000,41.420000,774100,SSI iBoard
2022-02-15,41.420000,41.740000,41.190000,41.470000,655400,SSI iBoard
2022-02-16,41.740000,42.100000,41.560000,41.560000,614200,SSI iBoard
2022-02-17,41.830000,42.240000,41.420000,42.240000,853700,SSI iBoard
2022-02-18,42.010000,42.100000,41.740000,41.970000,618800,SSI iBoard
2022-02-21,41.970000,42.790000,41.870000,42.560000,1386000,SSI iBoard
2022-02-22,42.330000,42.470000,41.870000,42.280000,1158200,SSI iBoard
2022-02-23,42.150000,42.740000,42.150000,42.330000,973800,SSI iBoard
2022-02-24,42.330000,42.560000,40.960000,41.870000,1349600,SSI iBoard
2022-02-25,42.060000,42.510000,41.920000,42.010000,1059900,SSI iBoard
2022-02-28,42.010000,42.560000,42.010000,42.470000,1504600,SSI iBoard
2022-03-01,42.790000,42.790000,42.100000,42.510000,1101900,SSI iBoard
2022-03-02,42.330000,42.510000,42.190000,42.380000,1088900,SSI iBoard
2022-03-03,42.420000,42.790000,42.420000,42.510000,957600,SSI iBoard
2022-03-04,42.470000,42.690000,42.330000,42.560000,1343800,SSI iBoard
2022-03-07,42.380000,42.740000,41.970000,42.690000,1698000,SSI iBoard
2022-03-08,42.690000,43.420000,42.150000,43.150000,2227500,SSI iBoard
2022-03-09,43.060000,43.920000,43.060000,43.470000,2204000,SSI iBoard
2022-03-10,43.830000,43.830000,43.060000,43.060000,778700,SSI iBoard
2022-03-11,43.010000,43.060000,42.190000,42.420000,1139000,SSI iBoard
2022-03-14,42.330000,42.330000,41.190000,41.780000,1943000,SSI iBoard
2022-03-15,41.780000,41.780000,40.870000,41.420000,1872000,SSI iBoard
2022-03-16,41.470000,42.010000,41.190000,41.690000,1139600,SSI iBoard
2022-03-17,41.780000,42.190000,41.650000,41.870000,1180600,SSI iBoard
2022-03-18,42.330000,43.970000,42.330000,43.290000,2815100,SSI iBoard
2022-03-21,43.330000,43.700000,43.240000,43.380000,1560700,SSI iBoard
2022-03-22,43.700000,44.150000,43.420000,43.880000,2079200,SSI iBoard
2022-03-23,43.920000,44.380000,43.700000,43.920000,1975800,SSI iBoard
2022-03-24,43.700000,44.240000,43.380000,43.700000,1823700,SSI iBoard
2022-03-25,43.740000,43.920000,43.510000,43.560000,1228100,SSI iBoard
2022-03-28,43.470000,44.920000,43.330000,44.650000,3501600,SSI iBoard
2022-03-29,44.880000,47.750000,44.880000,47.750000,8224300,SSI iBoard
2022-03-30,48.160000,48.840000,47.560000,48.250000,2830700,SSI iBoard
2022-03-31,48.020000,50.340000,47.610000,48.700000,3472300,SSI iBoard
2022-04-01,48.660000,50.520000,48.290000,50.520000,4317300,SSI iBoard
2022-04-04,51.660000,51.660000,49.750000,49.750000,2687800,SSI iBoard
2022-04-05,49.660000,50.800000,49.610000,49.610000,1863900,SSI iBoard
2022-04-06,49.340000,51.890000,49.340000,51.430000,4179000,SSI iBoard
2022-04-07,51.750000,53.210000,51.020000,51.570000,3915200,SSI iBoard
2022-04-08,51.570000,51.840000,49.390000,49.390000,4069700,SSI iBoard
2022-04-12,49.610000,50.750000,48.520000,49.980000,3162100,SSI iBoard
2022-04-13,50.070000,52.390000,49.980000,52.390000,3322800,SSI iBoard
2022-04-14,52.430000,54.120000,52.430000,53.070000,3529400,SSI iBoard
2022-04-15,52.390000,53.660000,51.890000,52.340000,3121400,SSI iBoard
2022-04-18,52.340000,53.980000,51.890000,52.570000,3356100,SSI iBoard
2022-04-19,53.030000,53.250000,50.980000,50.980000,4731000,SSI iBoard
2022-04-20,50.980000,51.430000,49.890000,50.980000,3295000,SSI iBoard
2022-04-21,50.610000,52.750000,50.610000,50.980000,4068500,SSI iBoard
2022-04-22,51.210000,51.840000,48.250000,50.570000,5708900,SSI iBoard
2022-04-25,50.110000,50.480000,47.060000,47.060000,4605900,SSI iBoard
2022-04-26,45.610000,47.790000,44.150000,47.470000,5431400,SSI iBoard
2022-04-27,46.650000,47.340000,45.740000,46.880000,2529700,SSI iBoard
2022-04-28,46.840000,48.610000,46.650000,48.020000,2530400,SSI iBoard
2022-04-29,47.790000,48.750000,47.430000,47.790000,3991500,SSI iBoard
2022-05-04,47.750000,48.200000,47.380000,47.560000,1598400,SSI iBoard
2022-05-05,47.610000,48.020000,46.380000,47.660000,2194900,SSI iBoard
2022-05-06,46.560000,47.340000,45.610000,45.610000,2430900,SSI iBoard
2022-05-09,44.740000,45.060000,42.790000,42.790000,4499100,SSI iBoard
2022-05-10,42.790000,44.970000,41.870000,44.790000,2816700,SSI iBoard
2022-05-11,44.610000,46.380000,44.060000,46.380000,1667700,SSI iBoard
2022-05-12,45.200000,46.380000,43.240000,43.510000,2591500,SSI iBoard
2022-05-13,43.740000,45.060000,42.380000,42.600000,4103700,SSI iBoard
2022-05-16,44.380000,44.380000,42.420000,42.420000,1740900,SSI iBoard
2022-05-17,42.330000,45.380000,42.100000,45.380000,2045800,SSI iBoard
2022-05-18,45.380000,45.560000,44.380000,44.470000,1934400,SSI iBoard
2022-05-19,43.290000,44.470000,43.290000,44.150000,1228600,SSI iBoard
2022-05-20,44.470000,45.020000,44.150000,44.380000,1410400,SSI iBoard
2022-05-23,44.700000,44.700000,43.740000,43.920000,1136900,SSI iBoard
2022-05-24,43.920000,44.700000,43.700000,44.700000,1384700,SSI iBoard
2022-05-25,45.290000,47.790000,44.920000,47.790000,3770800,SSI iBoard
2022-05-26,47.880000,48.750000,47.610000,48.070000,1426400,SSI iBoard
2022-05-27,48.070000,50.980000,48.020000,50.890000,3878400,SSI iBoard
2022-05-30,50.570000,51.160000,49.700000,50.660000,2496900,SSI iBoard
2022-05-31,50.660000,50.660000,48.930000,50.020000,2157000,SSI iBoard
2022-06-01,50.020000,51.390000,49.980000,50.890000,2036500,SSI iBoard
2022-06-02,51.340000,52.250000,50.570000,50.750000,2292800,SSI iBoard
2022-06-03,50.750000,51.890000,50.480000,51.890000,1755900,SSI iBoard
2022-06-06,51.890000,52.800000,50.980000,51.430000,2558200,SSI iBoard
2022-06-07,51.300000,52.620000,49.430000,52.620000,3908000,SSI iBoard
2022-06-08,52.940000,53.530000,52.120000,52.340000,2660400,SSI iBoard
2022-06-09,52.570000,52.750000,51.570000,52.480000,1706300,SSI iBoard
2022-06-10,51.620000,52.210000,50.070000,50.070000,2972500,SSI iBoard
2022-06-13,48.500000,50.050000,47.400000,47.510000,3393300,SSI iBoard
2022-06-14,47.400000,49.550000,47.130000,49.110000,2308300,SSI iBoard
2022-06-15,49.940000,49.940000,48.500000,49.880000,1762600,SSI iBoard
2022-06-16,50.160000,51.700000,49.720000,50.710000,2517500,SSI iBoard
2022-06-17,49.770000,51.040000,49.050000,50.710000,2321400,SSI iBoard
2022-06-20,51.540000,52.090000,50.320000,50.710000,2483900,SSI iBoard
2022-06-21,50.930000,51.540000,49.050000,49.110000,2460200,SSI iBoard
2022-06-22,49.500000,49.830000,46.520000,46.570000,2971400,SSI iBoard
2022-06-23,46.300000,47.840000,46.130000,47.130000,2022500,SSI iBoard
2022-06-24,47.460000,48.390000,47.130000,47.130000,902400,SSI iBoard
2022-06-27,47.620000,48.450000,47.350000,47.680000,1254800,SSI iBoard
2022-06-28,49.330000,49.720000,48.060000,49.440000,2296600,SSI iBoard
2022-06-29,49.000000,49.610000,48.610000,49.610000,1182600,SSI iBoard
2022-06-30,49.330000,49.550000,47.510000,47.510000,1506500,SSI iBoard
2022-07-01,47.950000,48.940000,46.740000,48.500000,1696500,SSI iBoard
2022-07-04,48.780000,48.780000,47.400000,47.790000,1005500,SSI iBoard
2022-07-05,48.390000,48.390000,47.070000,47.070000,1395600,SSI iBoard
2022-07-06,46.350000,47.350000,46.020000,46.020000,2232400,SSI iBoard
2022-07-07,46.240000,46.630000,45.800000,45.800000,1286300,SSI iBoard
2022-07-08,46.240000,46.300000,45.800000,46.080000,910400,SSI iBoard
2022-07-11,46.630000,46.630000,45.640000,45.640000,998100,SSI iBoard
2022-07-12,45.640000,46.020000,45.580000,46.020000,602800,SSI iBoard
2022-07-13,46.300000,46.300000,45.470000,45.470000,1140700,SSI iBoard
2022-07-14,45.640000,46.020000,45.310000,45.640000,891300,SSI iBoard
2022-07-15,46.300000,46.300000,45.310000,45.310000,1382300,SSI iBoard
2022-07-18,45.640000,46.570000,45.360000,45.750000,1264900,SSI iBoard
2022-07-19,45.690000,45.750000,45.310000,45.750000,1185400,SSI iBoard
2022-07-20,46.850000,47.350000,46.300000,46.800000,2848900,SSI iBoard
2022-07-21,47.350000,47.350000,46.570000,46.850000,1804200,SSI iBoard
2022-07-22,47.620000,47.680000,46.910000,46.910000,1307200,SSI iBoard
2022-07-25,47.950000,47.950000,46.910000,47.070000,2245900,SSI iBoard
2022-07-26,47.400000,47.400000,46.740000,46.740000,1128800,SSI iBoard
2022-07-27,46.630000,46.960000,46.520000,46.960000,771100,SSI iBoard
2022-07-28,46.960000,47.290000,45.800000,46.800000,1664800,SSI iBoard
2022-07-29,46.910000,46.960000,46.020000,46.020000,1941800,SSI iBoard
2022-08-01,46.300000,46.410000,45.800000,46.300000,1815100,SSI iBoard
2022-08-02,46.300000,46.910000,46.020000,46.850000,1879700,SSI iBoard
2022-08-03,46.850000,46.960000,46.410000,46.740000,2249500,SSI iBoard
2022-08-04,46.910000,47.730000,46.800000,47.460000,3046800,SSI iBoard
2022-08-05,47.460000,48.060000,47.180000,47.290000,1773100,SSI iBoard
2022-08-08,47.350000,47.620000,47.020000,47.400000,1586800,SSI iBoard
2022-08-09,47.400000,48.230000,47.240000,47.510000,2320800,SSI iBoard
2022-08-10,47.570000,47.790000,47.400000,47.400000,1121400,SSI iBoard
2022-08-11,47.510000,47.840000,47.240000,47.400000,1852800,SSI iBoard
2022-08-12,47.240000,47.680000,47.240000,47.680000,1243100,SSI iBoard
2022-08-15,47.730000,49.110000,47.730000,49.000000,3085000,SSI iBoard
2022-08-16,49.000000,49.280000,48.560000,48.890000,1382800,SSI iBoard
2022-08-17,49.050000,49.110000,48.500000,48.670000,1506200,SSI iBoard
2022-08-18,48.450000,49.440000,48.450000,48.670000,2552900,SSI iBoard
2022-08-19,48.500000,48.780000,47.510000,47.900000,1957600,SSI iBoard
2022-08-22,47.730000,48.120000,47.350000,47.840000,1634000,SSI iBoard
2022-08-23,47.460000,47.950000,47.460000,47.950000,1085700,SSI iBoard
2022-08-24,48.230000,48.400000,48.010000,48.060000,1008000,SSI iBoard
2022-08-25,48.060000,48.340000,47.950000,48.120000,1143900,SSI iBoard
2022-08-26,48.180000,48.960000,48.120000,48.620000,1936600,SSI iBoard
2022-08-29,48.510000,48.510000,47.230000,48.230000,2228000,SSI iBoard
2022-08-30,48.230000,48.510000,47.950000,48.180000,1153200,SSI iBoard
2022-08-31,47.840000,48.510000,47.840000,48.290000,1173700,SSI iBoard
2022-09-05,48.230000,48.340000,47.900000,48.060000,1020900,SSI iBoard
2022-09-06,47.950000,48.180000,47.840000,47.840000,1171600,SSI iBoard
2022-09-07,47.670000,47.900000,46.840000,46.840000,2236400,SSI iBoard
2022-09-08,46.890000,47.400000,46.730000,47.000000,1135600,SSI iBoard
2022-09-09,47.170000,47.400000,47.000000,47.000000,1145400,SSI iBoard
2022-09-12,47.450000,47.510000,47.000000,47.170000,716000,SSI iBoard
2022-09-13,47.400000,47.560000,47.000000,47.170000,1046400,SSI iBoard
2022-09-14,46.560000,47.120000,46.560000,46.840000,1309200,SSI iBoard
2022-09-15,47.120000,47.120000,46.670000,46.670000,780500,SSI iBoard
2022-09-16,46.670000,46.780000,46.000000,46.000000,1360100,SSI iBoard
2022-09-19,46.000000,46.610000,45.670000,46.340000,1783700,SSI iBoard
2022-09-20,46.340000,46.730000,45.890000,46.500000,575000,SSI iBoard
2022-09-21,46.450000,46.450000,45.890000,45.890000,775400,SSI iBoard
2022-09-22,45.720000,46.280000,45.670000,46.220000,1172400,SSI iBoard
2022-09-23,46.340000,46.340000,45.780000,45.950000,840600,SSI iBoard
2022-09-26,45.440000,45.720000,44.770000,45.440000,1863600,SSI iBoard
2022-09-27,45.720000,45.720000,44.890000,44.890000,932900,SSI iBoard
2022-09-28,44.660000,44.830000,43.490000,43.490000,2048400,SSI iBoard
2022-09-29,44.500000,44.660000,42.930000,42.930000,1303900,SSI iBoard
2022-09-30,42.930000,45.050000,42.880000,44.890000,2109900,SSI iBoard
2022-10-03,44.380000,44.770000,42.600000,42.930000,1245600,SSI iBoard
2022-10-04,43.490000,44.050000,43.050000,43.210000,2040000,SSI iBoard
2022-10-05,44.050000,44.330000,43.720000,43.720000,971900,SSI iBoard
2022-10-06,43.990000,43.990000,42.660000,42.660000,1266700,SSI iBoard
2022-10-07,42.490000,42.490000,41.260000,41.260000,2061000,SSI iBoard
2022-10-10,40.980000,42.100000,40.200000,41.260000,1625600,SSI iBoard
2022-10-11,41.260000,41.260000,39.590000,39.590000,1593600,SSI iBoard
2022-10-12,39.590000,40.870000,39.590000,40.370000,1463100,SSI iBoard
2022-10-13,40.260000,40.700000,39.870000,40.700000,829200,SSI iBoard
2022-10-14,41.480000,41.540000,41.040000,41.260000,844200,SSI iBoard
2022-10-17,40.980000,41.210000,40.480000,41.150000,707400,SSI iBoard
2022-10-18,41.260000,41.990000,41.260000,41.760000,879000,SSI iBoard
2022-10-19,41.760000,42.490000,41.650000,42.100000,1023700,SSI iBoard
2022-10-20,42.270000,43.770000,41.990000,43.380000,1730300,SSI iBoard
2022-10-21,43.320000,43.320000,41.210000,41.210000,1564900,SSI iBoard
2022-10-24,41.210000,41.540000,39.590000,39.640000,1426100,SSI iBoard
2022-10-25,39.810000,41.540000,39.640000,40.820000,1564600,SSI iBoard
2022-10-26,41.540000,41.540000,40.540000,41.150000,625100,SSI iBoard
2022-10-27,41.320000,42.490000,41.090000,42.270000,935900,SSI iBoard
2022-10-28,42.540000,42.540000,41.650000,41.820000,875800,SSI iBoard
2022-10-31,41.820000,42.380000,41.090000,42.150000,1084700,SSI iBoard
2022-11-01,42.540000,42.820000,41.820000,42.100000,561500,SSI iBoard
2022-11-02,41.930000,42.380000,41.260000,41.260000,978200,SSI iBoard
2022-11-03,41.540000,42.210000,41.090000,41.320000,622400,SSI iBoard
2022-11-04,41.260000,41.260000,39.870000,40.650000,1646800,SSI iBoard
2022-11-07,40.480000,41.260000,40.480000,40.480000,1572400,SSI iBoard
2022-11-08,39.870000,41.210000,39.810000,40.870000,945000,SSI iBoard
2022-11-09,40.870000,41.430000,40.870000,41.260000,697700,SSI iBoard
2022-11-10,40.980000,41.090000,38.530000,40.700000,1595200,SSI iBoard
2022-11-11,40.760000,41.040000,40.150000,40.590000,1002900,SSI iBoard
2022-11-14,40.150000,40.370000,39.030000,39.480000,1639000,SSI iBoard
2022-11-15,39.030000,39.030000,36.750000,36.750000,3114900,SSI iBoard
2022-11-16,34.180000,39.030000,34.180000,38.640000,3050400,SSI iBoard
2022-11-17,38.640000,40.150000,35.960000,39.590000,1546300,SSI iBoard
2022-11-18,39.090000,40.150000,38.590000,39.870000,1261700,SSI iBoard
2022-11-21,38.750000,40.030000,38.750000,39.090000,840500,SSI iBoard
2022-11-22,39.030000,40.150000,38.530000,39.310000,1176300,SSI iBoard
2022-11-23,39.030000,39.590000,38.860000,39.310000,465900,SSI iBoard
2022-11-24,38.920000,39.590000,38.700000,39.310000,788400,SSI iBoard
2022-11-25,39.370000,40.150000,39.310000,40.150000,1267400,SSI iBoard
2022-11-28,40.370000,41.540000,40.310000,41.430000,1146800,SSI iBoard
2022-11-29,41.760000,41.760000,40.700000,41.430000,1143800,SSI iBoard
2022-11-30,41.540000,41.760000,40.980000,41.600000,911500,SSI iBoard
2022-12-01,41.880000,42.270000,41.320000,41.650000,1776500,SSI iBoard
2022-12-02,41.650000,43.320000,41.260000,43.160000,2901400,SSI iBoard
2022-12-05,43.490000,44.050000,43.160000,43.660000,1216400,SSI iBoard
2022-12-06,43.660000,43.990000,42.380000,42.380000,1537700,SSI iBoard
2022-12-07,42.320000,42.710000,41.710000,42.660000,1029400,SSI iBoard
2022-12-08,42.880000,43.940000,42.150000,42.930000,1267300,SSI iBoard
2022-12-09,42.540000,43.490000,42.490000,43.490000,987500,SSI iBoard
2022-12-12,43.270000,43.600000,42.600000,42.930000,1213500,SSI iBoard
2022-12-13,42.490000,43.100000,41.930000,43.050000,899700,SSI iBoard
2022-12-14,43.050000,43.210000,42.430000,42.540000,1158000,SSI iBoard
2022-12-15,42.600000,43.550000,42.600000,43.320000,1170500,SSI iBoard
2022-12-16,42.930000,43.490000,42.600000,43.440000,910900,SSI iBoard
2022-12-19,43.660000,43.660000,42.710000,42.710000,1026200,SSI iBoard
2022-12-20,43.050000,43.050000,42.040000,42.710000,785800,SSI iBoard
2022-12-21,43.050000,43.160000,42.210000,43.050000,544100,SSI iBoard
2022-12-22,43.050000,43.210000,42.380000,43.050000,657800,SSI iBoard
2022-12-23,42.600000,43.490000,42.490000,43.490000,1221000,SSI iBoard
2022-12-26,43.320000,43.550000,42.600000,42.600000,832500,SSI iBoard
2022-12-27,42.600000,43.210000,42.380000,42.660000,805200,SSI iBoard
2022-12-28,42.930000,42.930000,42.380000,42.770000,589200,SSI iBoard
2022-12-29,42.660000,42.930000,42.490000,42.490000,655300,SSI iBoard
2022-12-30,42.490000,42.880000,42.380000,42.880000,628600,SSI iBoard
2023-01-03,42.880000,44.610000,42.820000,44.610000,1535200,SSI iBoard
2023-01-04,45.050000,45.160000,44.220000,44.610000,794300,SSI iBoard
2023-01-05,44.720000,45.440000,44.720000,44.940000,1012600,SSI iBoard
2023-01-06,44.830000,45.220000,44.720000,44.770000,719400,SSI iBoard
2023-01-09,44.890000,45.110000,44.550000,44.770000,518900,SSI iBoard
2023-01-10,45.000000,45.330000,44.720000,44.830000,752700,SSI iBoard
2023-01-11,44.830000,45.500000,44.830000,45.110000,1076900,SSI iBoard
2023-01-12,45.160000,45.440000,44.720000,45.000000,542500,SSI iBoard
2023-01-13,44.890000,45.280000,44.610000,44.610000,628300,SSI iBoard
2023-01-16,44.660000,45.160000,44.440000,45.050000,574500,SSI iBoard
2023-01-17,45.280000,45.720000,45.160000,45.720000,978200,SSI iBoard
2023-01-18,45.780000,46.500000,45.610000,46.500000,954600,SSI iBoard
2023-01-19,46.280000,46.950000,46.220000,46.780000,1327200,SSI iBoard
2023-01-27,46.890000,47.670000,46.840000,46.840000,1140700,SSI iBoard
2023-01-30,46.950000,47.060000,46.670000,46.670000,891000,SSI iBoard
2023-01-31,46.560000,46.670000,45.560000,46.560000,1529100,SSI iBoard
2023-02-01,46.840000,46.840000,45.610000,45.720000,1048300,SSI iBoard
2023-02-02,45.780000,45.950000,45.330000,45.670000,1325200,SSI iBoard
2023-02-03,45.720000,45.720000,44.660000,44.660000,1729000,SSI iBoard
2023-02-06,44.610000,45.500000,44.440000,44.890000,944400,SSI iBoard
2023-02-07,44.890000,45.670000,44.890000,45.000000,750800,SSI iBoard
2023-02-08,45.050000,45.560000,44.940000,45.280000,669700,SSI iBoard
2023-02-09,45.160000,45.500000,45.000000,45.000000,743000,SSI iBoard
2023-02-10,45.220000,45.280000,44.890000,45.000000,725000,SSI iBoard
2023-02-13,45.000000,45.280000,44.610000,45.000000,613200,SSI iBoard
2023-02-14,45.000000,45.160000,44.720000,45.050000,619700,SSI iBoard
2023-02-15,44.890000,45.670000,44.770000,45.500000,645200,SSI iBoard
2023-02-16,45.500000,45.720000,45.000000,45.500000,424200,SSI iBoard
2023-02-17,45.280000,45.500000,45.160000,45.500000,467600,SSI iBoard
2023-02-20,45.500000,46.280000,45.390000,46.170000,1275100,SSI iBoard
2023-02-21,46.170000,46.670000,46.060000,46.170000,840000,SSI iBoard
2023-02-22,45.890000,46.000000,45.610000,45.610000,747200,SSI iBoard
2023-02-23,45.560000,45.560000,44.940000,45.390000,1160500,SSI iBoard
2023-02-24,45.220000,45.330000,44.830000,45.050000,559200,SSI iBoard
2023-02-27,44.610000,44.890000,44.550000,44.770000,1015400,SSI iBoard
2023-02-28,44.610000,45.000000,44.330000,44.890000,524300,SSI iBoard
2023-03-01,44.330000,44.890000,43.880000,44.890000,1376400,SSI iBoard
2023-03-02,44.610000,44.890000,44.500000,44.610000,430800,SSI iBoard
2023-03-03,44.220000,44.610000,43.770000,43.770000,740800,SSI iBoard
2023-03-06,43.550000,44.500000,43.550000,43.600000,817200,SSI iBoard
2023-03-07,44.110000,44.550000,43.940000,43.940000,792000,SSI iBoard
2023-03-08,43.770000,44.330000,43.770000,44.330000,510600,SSI iBoard
2023-03-09,44.330000,45.000000,44.160000,44.940000,640300,SSI iBoard
2023-03-10,44.720000,44.830000,44.050000,44.330000,640900,SSI iBoard
2023-03-13,43.550000,44.270000,43.550000,43.990000,886500,SSI iBoard
2023-03-14,44.050000,44.110000,43.770000,43.880000,427400,SSI iBoard
2023-03-15,44.110000,44.890000,44.110000,44.890000,691800,SSI iBoard
2023-03-16,44.610000,44.610000,43.720000,44.160000,850000,SSI iBoard
2023-03-17,44.380000,44.610000,43.830000,44.050000,429400,SSI iBoard
2023-03-20,44.110000,44.220000,43.270000,43.270000,769800,SSI iBoard
2023-03-21,43.830000,43.880000,42.990000,43.550000,536200,SSI iBoard
2023-03-22,43.600000,43.830000,43.270000,43.770000,610400,SSI iBoard
2023-03-23,43.720000,43.770000,43.270000,43.490000,356600,SSI iBoard
2023-03-24,43.660000,43.940000,43.490000,43.830000,366700,SSI iBoard
2023-03-27,43.990000,44.160000,43.770000,44.110000,767200,SSI iBoard
2023-03-28,44.160000,44.160000,43.210000,44.160000,1000400,SSI iBoard
2023-03-29,44.160000,44.220000,43.830000,44.050000,404500,SSI iBoard
2023-03-30,44.050000,44.220000,43.940000,44.110000,408400,SSI iBoard
2023-03-31,44.110000,44.330000,44.050000,44.110000,671600,SSI iBoard
2023-04-03,44.270000,45.110000,44.110000,45.110000,1170200,SSI iBoard
2023-04-04,45.110000,45.160000,44.610000,44.890000,584600,SSI iBoard
2023-04-05,44.890000,44.940000,44.440000,44.940000,422000,SSI iBoard
2023-04-06,45.000000,45.440000,44.770000,44.770000,612900,SSI iBoard
2023-04-07,44.720000,45.000000,44.610000,44.890000,359800,SSI iBoard
2023-04-10,45.160000,45.160000,44.660000,44.770000,769800,SSI iBoard
2023-04-11,44.720000,44.890000,44.660000,44.770000,534000,SSI iBoard
2023-04-12,44.770000,44.890000,44.550000,44.770000,574700,SSI iBoard
2023-04-13,44.770000,44.830000,44.220000,44.380000,540500,SSI iBoard
2023-04-14,44.550000,44.660000,44.220000,44.380000,398800,SSI iBoard
2023-04-17,44.380000,44.440000,44.050000,44.380000,449900,SSI iBoard
2023-04-18,44.380000,44.610000,44.160000,44.270000,301600,SSI iBoard
2023-04-19,44.500000,44.500000,44.220000,44.220000,419800,SSI iBoard
2023-04-20,44.500000,44.500000,44.160000,44.270000,364400,SSI iBoard
2023-04-21,44.610000,44.610000,44.220000,44.220000,324000,SSI iBoard
2023-04-24,44.330000,44.940000,44.050000,44.110000,794500,SSI iBoard
2023-04-25,44.110000,44.220000,43.660000,43.720000,540000,SSI iBoard
2023-04-26,43.550000,43.720000,43.270000,43.660000,772000,SSI iBoard
2023-04-27,43.550000,43.940000,43.550000,43.660000,221000,SSI iBoard
2023-04-28,43.940000,43.940000,43.210000,43.210000,945600,SSI iBoard
2023-05-04,43.380000,43.880000,43.270000,43.770000,497200,SSI iBoard
2023-05-05,43.830000,43.830000,43.600000,43.720000,319200,SSI iBoard
2023-05-08,43.770000,43.990000,43.720000,43.770000,362900,SSI iBoard
2023-05-09,43.830000,44.500000,43.830000,43.990000,605900,SSI iBoard
2023-05-10,44.050000,44.380000,44.050000,44.050000,632500,SSI iBoard
2023-05-11,44.110000,44.380000,44.050000,44.110000,475900,SSI iBoard
2023-05-12,44.220000,44.940000,43.940000,44.890000,1083100,SSI iBoard
2023-05-15,45.390000,45.610000,45.050000,45.160000,934700,SSI iBoard
2023-05-16,45.160000,45.560000,45.050000,45.440000,766500,SSI iBoard
2023-05-17,45.670000,46.110000,45.220000,45.440000,976200,SSI iBoard
2023-05-18,45.610000,46.280000,45.390000,46.220000,1549800,SSI iBoard
2023-05-19,46.280000,46.450000,45.610000,46.170000,1073600,SSI iBoard
2023-05-22,46.170000,46.170000,45.720000,46.000000,561000,SSI iBoard
2023-05-23,46.000000,46.000000,45.390000,45.720000,656500,SSI iBoard
2023-05-24,45.720000,45.780000,45.220000,45.330000,464300,SSI iBoard
2023-05-25,45.280000,46.500000,45.160000,46.390000,1341300,SSI iBoard
2023-05-26,46.340000,46.500000,45.890000,46.340000,864400,SSI iBoard
2023-05-29,46.560000,46.670000,46.220000,46.340000,879600,SSI iBoard
2023-05-30,46.280000,47.340000,46.220000,46.840000,1659100,SSI iBoard
2023-05-31,46.950000,46.950000,46.340000,46.890000,839400,SSI iBoard
2023-06-01,46.840000,46.840000,46.340000,46.560000,537300,SSI iBoard
2023-06-02,46.560000,47.000000,46.340000,46.730000,735900,SSI iBoard
2023-06-05,46.780000,47.510000,46.730000,47.400000,1425500,SSI iBoard
2023-06-06,47.560000,47.560000,47.230000,47.560000,514000,SSI iBoard
2023-06-07,47.400000,47.620000,47.000000,47.400000,705800,SSI iBoard
2023-06-08,47.230000,47.340000,46.560000,46.610000,1244500,SSI iBoard
2023-06-09,47.000000,47.230000,46.670000,47.170000,680200,SSI iBoard
2023-06-12,47.120000,47.340000,46.610000,47.340000,519700,SSI iBoard
2023-06-13,47.060000,47.340000,47.000000,47.060000,466800,SSI iBoard
2023-06-14,47.000000,47.280000,46.890000,46.950000,658600,SSI iBoard
2023-06-15,46.950000,47.060000,46.610000,46.890000,798600,SSI iBoard
2023-06-16,46.890000,48.060000,46.500000,47.120000,2231500,SSI iBoard
2023-06-19,47.230000,47.670000,47.120000,47.230000,663200,SSI iBoard
2023-06-20,47.400000,47.840000,47.230000,47.670000,944500,SSI iBoard
2023-06-21,47.670000,48.180000,47.620000,47.840000,705800,SSI iBoard
2023-06-22,48.010000,48.230000,47.230000,47.670000,1019700,SSI iBoard
2023-06-23,47.730000,47.730000,47.280000,47.450000,822000,SSI iBoard
2023-06-26,47.450000,47.840000,47.170000,47.840000,859400,SSI iBoard
2023-06-27,47.950000,48.680000,47.950000,48.680000,1540400,SSI iBoard
2023-06-28,48.730000,48.960000,48.510000,48.510000,964900,SSI iBoard
2023-06-29,48.510000,48.570000,48.230000,48.230000,562400,SSI iBoard
2023-06-30,48.230000,48.290000,47.950000,47.950000,733500,SSI iBoard
2023-07-03,48.230000,48.400000,47.950000,48.180000,1039600,SSI iBoard
2023-07-04,48.180000,48.510000,48.060000,48.510000,1328100,SSI iBoard
2023-07-05,48.710000,49.620000,48.520000,48.520000,1787300,SSI iBoard
2023-07-06,48.520000,48.780000,48.000000,48.390000,1517000,SSI iBoard
2023-07-07,48.130000,48.970000,48.130000,48.840000,896300,SSI iBoard
2023-07-10,48.840000,49.230000,48.580000,48.840000,1154300,SSI iBoard
2023-07-11,48.840000,48.910000,48.650000,48.650000,1091300,SSI iBoard
2023-07-12,48.650000,49.100000,48.580000,48.840000,904900,SSI iBoard
2023-07-13,49.170000,49.170000,48.910000,49.170000,1252400,SSI iBoard
2023-07-14,49.880000,50.790000,49.360000,50.790000,2822800,SSI iBoard
2023-07-17,51.240000,51.370000,50.920000,51.240000,1153300,SSI iBoard
2023-07-18,51.240000,51.240000,50.660000,51.050000,718300,SSI iBoard
2023-07-19,50.920000,51.180000,50.790000,50.920000,708600,SSI iBoard
2023-07-20,50.980000,52.740000,50.920000,52.090000,2294300,SSI iBoard
2023-07-21,51.700000,52.540000,51.630000,52.540000,1273600,SSI iBoard
2023-07-24,52.540000,52.740000,52.280000,52.540000,1172700,SSI iBoard
2023-07-25,52.540000,53.320000,52.540000,52.740000,1056900,SSI iBoard
2023-07-26,52.670000,53.640000,52.610000,53.640000,1270800,SSI iBoard
2023-07-27,53.710000,54.750000,53.710000,54.290000,1417700,SSI iBoard
2023-07-28,54.160000,54.750000,53.900000,54.750000,898400,SSI iBoard
2023-07-31,54.940000,55.660000,54.750000,55.530000,1471500,SSI iBoard
2023-08-01,55.530000,55.980000,54.810000,54.810000,1287300,SSI iBoard
2023-08-02,54.810000,55.010000,54.160000,54.160000,996300,SSI iBoard
2023-08-03,54.360000,54.620000,53.770000,54.290000,907900,SSI iBoard
2023-08-04,54.490000,54.810000,54.030000,54.030000,1618900,SSI iBoard
2023-08-07,54.230000,54.810000,54.030000,54.810000,752500,SSI iBoard
2023-08-08,54.490000,54.880000,54.360000,54.620000,636000,SSI iBoard
2023-08-09,54.490000,54.940000,53.840000,53.900000,982700,SSI iBoard
2023-08-10,53.900000,54.030000,53.320000,53.320000,1343300,SSI iBoard
2023-08-11,53.190000,53.840000,52.870000,53.190000,1142900,SSI iBoard
2023-08-14,53.260000,53.970000,53.190000,53.580000,1014100,SSI iBoard
2023-08-15,53.580000,54.680000,52.870000,54.490000,1675600,SSI iBoard
2023-08-16,53.970000,55.270000,53.970000,55.200000,2595400,SSI iBoard
2023-08-17,55.140000,56.560000,55.140000,55.780000,3693800,SSI iBoard
2023-08-18,55.530000,57.020000,54.680000,55.460000,4243700,SSI iBoard
2023-08-21,55.720000,56.240000,55.460000,55.720000,2452800,SSI iBoard
2023-08-22,55.980000,56.110000,53.840000,56.110000,2330300,SSI iBoard
2023-08-23,56.040000,56.300000,54.940000,56.110000,1418500,SSI iBoard
2023-08-24,56.110000,59.130000,55.850000,59.060000,5251600,SSI iBoard
2023-08-25,58.740000,59.720000,58.470000,59.460000,2791400,SSI iBoard
2023-08-28,60.380000,61.890000,59.720000,61.690000,2950700,SSI iBoard
2023-08-29,61.690000,61.690000,60.900000,61.430000,1547400,SSI iBoard
2023-08-30,61.160000,64.450000,61.100000,63.400000,2360700,SSI iBoard
2023-08-31,63.400000,63.990000,63.070000,63.460000,1403700,SSI iBoard
2023-09-05,63.720000,64.770000,63.530000,63.530000,1439600,SSI iBoard
2023-09-06,63.720000,64.970000,63.200000,64.970000,2491000,SSI iBoard
2023-09-07,64.970000,66.150000,64.050000,64.250000,3249600,SSI iBoard
2023-09-08,63.990000,64.640000,63.660000,64.050000,2115600,SSI iBoard
2023-09-11,64.770000,65.300000,62.540000,63.920000,5149800,SSI iBoard
2023-09-12,63.920000,64.910000,63.920000,64.910000,2680700,SSI iBoard
2023-09-13,64.910000,64.970000,63.920000,64.310000,2889300,SSI iBoard
2023-09-14,64.310000,64.310000,62.670000,62.940000,2319700,SSI iBoard
2023-09-15,63.000000,64.180000,62.540000,63.990000,2134800,SSI iBoard
2023-09-18,63.590000,63.590000,62.810000,63.590000,2026900,SSI iBoard
2023-09-19,63.530000,64.580000,62.940000,64.580000,3583600,SSI iBoard
2023-09-20,64.840000,65.430000,64.640000,64.640000,2444800,SSI iBoard
2023-09-21,64.640000,64.910000,63.200000,63.530000,3419000,SSI iBoard
2023-09-22,62.410000,63.660000,60.770000,63.460000,6861000,SSI iBoard
2023-09-25,63.660000,64.050000,61.890000,61.890000,2097100,SSI iBoard
2023-09-26,61.820000,62.670000,61.100000,61.360000,2154100,SSI iBoard
2023-09-27,61.620000,61.890000,59.330000,61.890000,4510400,SSI iBoard
2023-09-28,61.760000,61.890000,59.980000,61.690000,1764400,SSI iBoard
2023-09-29,61.690000,62.280000,60.900000,60.900000,1635300,SSI iBoard
2023-10-02,61.300000,61.560000,60.380000,61.160000,1137500,SSI iBoard
2023-10-03,60.510000,61.360000,60.050000,60.510000,2006900,SSI iBoard
2023-10-04,59.920000,61.300000,59.920000,60.710000,1591700,SSI iBoard
2023-10-05,60.900000,61.230000,60.110000,60.110000,1369100,SSI iBoard
2023-10-06,60.050000,60.900000,59.720000,60.840000,1147700,SSI iBoard
2023-10-09,60.640000,62.740000,60.510000,62.740000,3657000,SSI iBoard
2023-10-10,63.330000,63.790000,62.610000,63.200000,3255500,SSI iBoard
2023-10-11,62.940000,64.310000,62.940000,63.660000,2358200,SSI iBoard
2023-10-12,63.660000,64.180000,63.000000,63.260000,1881200,SSI iBoard
2023-10-13,63.000000,63.200000,62.540000,63.070000,2362100,SSI iBoard
2023-10-16,63.530000,64.910000,63.200000,63.530000,4974600,SSI iBoard
2023-10-17,64.180000,64.180000,61.100000,61.100000,2420100,SSI iBoard
2023-10-18,62.280000,62.280000,59.720000,61.030000,6142800,SSI iBoard
2023-10-19,61.690000,61.890000,60.380000,60.380000,3029400,SSI iBoard
2023-10-20,60.710000,61.030000,59.130000,60.970000,2863200,SSI iBoard
2023-10-23,61.560000,61.560000,59.590000,59.720000,1971700,SSI iBoard
2023-10-24,60.640000,60.640000,59.590000,60.380000,1612400,SSI iBoard
2023-10-25,60.250000,60.840000,59.660000,59.660000,1836500,SSI iBoard
2023-10-26,57.950000,59.000000,56.440000,56.960000,5909500,SSI iBoard
2023-10-27,57.420000,57.750000,56.640000,57.100000,2034800,SSI iBoard
2023-10-30,57.100000,57.160000,55.780000,55.780000,1869500,SSI iBoard
2023-10-31,55.850000,55.980000,54.470000,54.470000,3087200,SSI iBoard
2023-11-01,55.320000,56.050000,54.210000,56.050000,2175200,SSI iBoard
2023-11-02,56.700000,58.410000,56.370000,58.410000,2204000,SSI iBoard
2023-11-03,58.410000,58.540000,57.100000,57.100000,4842300,SSI iBoard
2023-11-06,57.880000,58.340000,57.620000,58.080000,1210100,SSI iBoard
2023-11-07,58.080000,58.280000,57.690000,57.950000,1340200,SSI iBoard
2023-11-08,57.880000,60.770000,57.750000,60.770000,2943200,SSI iBoard
2023-11-09,60.380000,61.230000,60.250000,60.710000,2110200,SSI iBoard
2023-11-10,60.050000,60.840000,59.920000,60.050000,2406500,SSI iBoard
2023-11-13,60.110000,60.380000,59.390000,59.980000,1532100,SSI iBoard
2023-11-14,60.380000,61.300000,59.920000,60.770000,1997800,SSI iBoard
2023-11-15,61.490000,61.560000,60.380000,60.640000,2417600,SSI iBoard
2023-11-16,60.510000,61.030000,60.110000,61.030000,1906300,SSI iBoard
2023-11-17,61.300000,61.360000,59.460000,59.720000,3567900,SSI iBoard
2023-11-20,59.130000,60.770000,58.470000,59.520000,1656500,SSI iBoard
2023-11-21,60.380000,60.380000,59.520000,60.310000,1460700,SSI iBoard
2023-11-22,60.310000,61.100000,60.310000,61.030000,3271700,SSI iBoard
2023-11-23,61.230000,61.490000,59.590000,59.590000,2165700,SSI iBoard
2023-11-24,59.590000,60.380000,59.200000,59.850000,2248500,SSI iBoard
2023-11-27,59.980000,59.980000,59.130000,59.520000,1659500,SSI iBoard
2023-11-28,59.590000,60.310000,59.000000,59.790000,1090700,SSI iBoard
2023-11-29,60.110000,60.380000,59.790000,60.180000,801500,SSI iBoard
2023-11-30,59.980000,61.490000,59.920000,60.310000,1982400,SSI iBoard
2023-12-01,60.510000,60.970000,59.920000,60.640000,1190800,SSI iBoard
2023-12-04,60.770000,61.690000,60.770000,61.430000,3462300,SSI iBoard
2023-12-05,61.560000,62.870000,61.490000,62.210000,3590200,SSI iBoard
2023-12-06,62.350000,62.610000,61.760000,62.350000,1220700,SSI iBoard
2023-12-07,62.410000,62.540000,60.900000,61.890000,3761200,SSI iBoard
2023-12-08,61.890000,62.410000,61.360000,61.820000,1745800,SSI iBoard
2023-12-11,62.670000,62.810000,62.080000,62.350000,1564500,SSI iBoard
2023-12-12,62.610000,63.530000,62.540000,63.530000,4084900,SSI iBoard
2023-12-13,63.920000,63.920000,62.480000,62.480000,2148100,SSI iBoard
2023-12-14,62.870000,63.260000,62.480000,63.130000,1712300,SSI iBoard
2023-12-15,63.130000,63.200000,62.350000,63.130000,1474300,SSI iBoard
2023-12-18,62.940000,63.130000,61.490000,61.690000,2266500,SSI iBoard
2023-12-19,61.620000,62.080000,61.430000,62.080000,1250400,SSI iBoard
2023-12-20,61.890000,62.350000,61.760000,62.150000,1349500,SSI iBoard
2023-12-21,62.080000,62.410000,61.690000,62.410000,1756800,SSI iBoard
2023-12-22,62.350000,62.410000,61.950000,62.080000,1275400,SSI iBoard
2023-12-25,62.280000,63.130000,62.210000,63.000000,2017000,SSI iBoard
2023-12-26,63.330000,64.710000,63.260000,63.790000,3359900,SSI iBoard
2023-12-27,63.920000,64.180000,63.590000,63.590000,1355900,SSI iBoard
2023-12-28,63.660000,63.660000,63.200000,63.400000,1196600,SSI iBoard
2023-12-29,63.400000,63.660000,63.070000,63.070000,1866600,SSI iBoard
2024-01-02,63.590000,63.590000,62.810000,62.940000,1714500,SSI iBoard
2024-01-03,62.740000,63.330000,62.610000,63.200000,1436900,SSI iBoard
2024-01-04,63.200000,64.580000,63.130000,63.790000,2973900,SSI iBoard
2024-01-05,63.860000,63.990000,63.330000,63.920000,1138600,SSI iBoard
2024-01-08,63.920000,64.510000,63.720000,63.860000,1443000,SSI iBoard
2024-01-09,63.860000,63.860000,63.400000,63.400000,1211700,SSI iBoard
2024-01-10,63.460000,63.590000,62.020000,62.150000,3302500,SSI iBoard
2024-01-11,62.150000,62.610000,62.150000,62.350000,1370900,SSI iBoard
2024-01-12,62.210000,62.740000,61.760000,62.150000,2597000,SSI iBoard
2024-01-15,62.350000,62.940000,62.280000,62.610000,1312200,SSI iBoard
2024-01-16,62.150000,62.810000,62.150000,62.810000,810000,SSI iBoard
2024-01-17,62.740000,63.000000,62.350000,62.810000,1414000,SSI iBoard
2024-01-18,62.810000,63.000000,62.480000,62.740000,1136900,SSI iBoard
2024-01-19,63.000000,63.590000,62.810000,63.200000,1493200,SSI iBoard
2024-01-22,63.530000,63.530000,62.870000,63.260000,1108000,SSI iBoard
2024-01-23,63.070000,63.260000,62.610000,62.740000,1480400,SSI iBoard
2024-01-24,62.870000,62.870000,62.280000,62.350000,1722100,SSI iBoard
2024-01-25,62.410000,62.810000,62.210000,62.410000,845100,SSI iBoard
2024-01-26,62.670000,63.130000,62.540000,62.940000,925400,SSI iBoard
2024-01-29,62.940000,63.070000,62.540000,62.940000,1060700,SSI iBoard
2024-01-30,62.940000,62.940000,62.610000,62.740000,949000,SSI iBoard
2024-01-31,62.740000,63.000000,62.670000,62.810000,1381500,SSI iBoard
2024-02-01,62.940000,65.560000,62.810000,65.560000,7793700,SSI iBoard
2024-02-02,65.760000,67.070000,65.690000,66.940000,2876100,SSI iBoard
2024-02-05,66.940000,68.320000,66.870000,67.920000,2694400,SSI iBoard
2024-02-06,67.990000,68.910000,67.530000,68.320000,1884300,SSI iBoard
2024-02-07,68.710000,68.910000,68.190000,68.840000,2125400,SSI iBoard
2024-02-15,69.040000,69.240000,68.120000,68.250000,2248400,SSI iBoard
2024-02-16,68.250000,68.970000,68.120000,68.970000,2066000,SSI iBoard
2024-02-19,69.240000,70.220000,68.910000,68.910000,2031800,SSI iBoard
2024-02-20,69.040000,69.040000,68.250000,68.450000,1844300,SSI iBoard
2024-02-21,68.250000,70.160000,67.920000,69.500000,3137500,SSI iBoard
2024-02-22,69.500000,69.570000,68.650000,68.650000,1718700,SSI iBoard
2024-02-23,69.240000,70.020000,67.790000,68.190000,4103500,SSI iBoard
2024-02-26,68.190000,70.880000,67.920000,70.880000,4466700,SSI iBoard
2024-02-27,71.210000,71.860000,70.480000,70.810000,2800800,SSI iBoard
2024-02-28,70.880000,71.210000,69.760000,71.210000,3461700,SSI iBoard
2024-02-29,71.010000,71.800000,70.680000,71.530000,2824800,SSI iBoard
2024-03-01,71.670000,73.110000,71.600000,72.720000,4019400,SSI iBoard
2024-03-04,72.850000,73.370000,72.720000,73.110000,3087100,SSI iBoard
2024-03-05,73.110000,73.110000,72.120000,72.650000,3383000,SSI iBoard
2024-03-06,72.190000,72.450000,71.140000,71.600000,3702600,SSI iBoard
2024-03-07,71.600000,74.750000,71.010000,73.040000,4037600,SSI iBoard
2024-03-08,73.040000,73.900000,71.860000,72.190000,3115600,SSI iBoard
2024-03-11,72.190000,74.490000,72.190000,72.190000,3381500,SSI iBoard
2024-03-12,72.190000,74.490000,72.190000,73.440000,2907800,SSI iBoard
2024-03-13,74.030000,76.780000,73.500000,76.780000,5114200,SSI iBoard
2024-03-14,77.770000,77.770000,75.930000,76.780000,3463000,SSI iBoard
2024-03-15,76.650000,76.650000,75.140000,76.130000,3838400,SSI iBoard
2024-03-18,76.000000,76.000000,72.910000,74.160000,5884600,SSI iBoard
2024-03-19,74.160000,74.160000,72.910000,73.500000,3315400,SSI iBoard
2024-03-20,73.700000,75.470000,72.910000,75.140000,3475700,SSI iBoard
2024-03-21,75.600000,76.260000,75.210000,76.260000,3757800,SSI iBoard
2024-03-22,76.320000,76.320000,75.140000,75.410000,2414800,SSI iBoard
2024-03-25,74.880000,75.540000,74.680000,74.820000,2794400,SSI iBoard
2024-03-26,74.820000,75.800000,74.550000,75.470000,1693300,SSI iBoard
2024-03-27,75.270000,75.670000,74.880000,75.600000,1320200,SSI iBoard
2024-03-28,76.060000,77.050000,75.670000,76.850000,2803200,SSI iBoard
2024-03-29,76.390000,76.920000,76.130000,76.460000,1343500,SSI iBoard
2024-04-01,76.130000,77.180000,75.600000,76.650000,1974600,SSI iBoard
2024-04-02,75.730000,76.780000,75.730000,76.780000,2285800,SSI iBoard
2024-04-03,76.190000,76.780000,75.540000,75.540000,2549000,SSI iBoard
2024-04-04,75.470000,76.000000,74.820000,74.820000,2359500,SSI iBoard
2024-04-05,74.220000,75.270000,73.900000,74.620000,2759000,SSI iBoard
2024-04-08,74.620000,74.620000,73.900000,73.900000,1952000,SSI iBoard
2024-04-09,73.900000,74.290000,73.830000,74.160000,1432500,SSI iBoard
2024-04-10,74.490000,75.870000,74.360000,74.680000,1791100,SSI iBoard
2024-04-11,74.490000,75.730000,74.360000,75.410000,1549400,SSI iBoard
2024-04-12,76.060000,76.060000,75.010000,75.800000,1367300,SSI iBoard
2024-04-15,75.800000,75.870000,73.170000,73.240000,3701900,SSI iBoard
2024-04-16,73.500000,74.290000,73.170000,74.160000,3642700,SSI iBoard
2024-04-17,74.220000,74.220000,73.240000,73.370000,1943300,SSI iBoard
2024-04-19,72.520000,72.980000,71.530000,71.530000,5361100,SSI iBoard
2024-04-22,72.190000,73.110000,71.470000,72.390000,2397300,SSI iBoard
2024-04-23,72.780000,74.360000,72.120000,73.700000,4037600,SSI iBoard
2024-04-24,74.550000,78.820000,74.290000,78.820000,10158700,SSI iBoard
2024-04-25,80.390000,84.000000,80.000000,80.850000,5707700,SSI iBoard
2024-04-26,80.720000,82.300000,80.200000,80.850000,3396500,SSI iBoard
2024-05-02,81.250000,84.660000,81.050000,83.540000,3469300,SSI iBoard
2024-05-03,84.070000,84.270000,82.430000,82.630000,3191200,SSI iBoard
2024-05-06,83.020000,83.740000,81.710000,83.740000,2704600,SSI iBoard
2024-05-07,84.000000,86.370000,83.480000,86.170000,3122800,SSI iBoard
2024-05-08,85.380000,85.970000,84.860000,85.970000,3017800,SSI iBoard
2024-05-09,85.710000,87.150000,85.320000,85.510000,2203300,SSI iBoard
2024-05-10,86.170000,86.760000,84.790000,85.970000,3789700,SSI iBoard
2024-05-13,86.170000,86.300000,84.530000,85.120000,1852200,SSI iBoard
2024-05-14,85.320000,86.430000,85.050000,85.640000,2304600,SSI iBoard
2024-05-15,86.300000,88.270000,86.170000,88.010000,3653100,SSI iBoard
2024-05-16,88.990000,90.110000,88.070000,88.860000,3119000,SSI iBoard
2024-05-17,88.860000,89.250000,87.740000,88.270000,2306400,SSI iBoard
2024-05-20,88.730000,89.320000,87.280000,87.280000,2013500,SSI iBoard
2024-05-21,87.940000,89.250000,87.610000,89.250000,3471900,SSI iBoard
2024-05-22,90.500000,91.680000,89.320000,90.570000,4511800,SSI iBoard
2024-05-23,90.240000,90.430000,88.600000,90.240000,3621500,SSI iBoard
2024-05-24,90.570000,90.570000,85.710000,86.560000,13375600,SSI iBoard
2024-05-27,87.280000,87.610000,85.710000,87.150000,5157800,SSI iBoard
2024-05-28,87.940000,89.910000,87.350000,89.910000,4625300,SSI iBoard
2024-05-29,89.980000,90.700000,88.470000,89.060000,5837600,SSI iBoard
2024-05-30,87.810000,88.600000,86.560000,88.600000,7261300,SSI iBoard
2024-05-31,88.600000,89.780000,87.810000,88.330000,2633500,SSI iBoard
2024-06-03,88.600000,90.300000,88.400000,89.840000,7773600,SSI iBoard
2024-06-04,91.220000,91.420000,90.430000,91.290000,7009800,SSI iBoard
2024-06-05,91.880000,95.090000,91.680000,91.940000,6321600,SSI iBoard
2024-06-06,92.080000,92.990000,91.090000,91.620000,5211800,SSI iBoard
2024-06-07,92.530000,93.190000,92.210000,93.190000,3756900,SSI iBoard
2024-06-10,94.180000,95.160000,93.850000,94.500000,3775400,SSI iBoard
2024-06-11,94.700000,96.140000,93.910000,96.140000,6327300,SSI iBoard
2024-06-12,97.200000,100.840000,97.120000,100.310000,11215500,SSI iBoard
2024-06-13,101.600000,101.680000,98.790000,98.790000,8136200,SSI iBoard
2024-06-14,98.870000,100.770000,98.030000,99.550000,6406200,SSI iBoard
2024-06-17,99.550000,99.850000,97.650000,97.880000,4867600,SSI iBoard
2024-06-18,97.880000,98.560000,97.270000,97.270000,6680000,SSI iBoard
2024-06-19,97.270000,100.920000,96.210000,99.930000,9669200,SSI iBoard
2024-06-20,101.070000,103.120000,100.160000,101.300000,10465700,SSI iBoard
2024-06-21,101.750000,103.430000,101.300000,103.430000,7653300,SSI iBoard
2024-06-24,102.590000,102.970000,100.310000,100.390000,13186900,SSI iBoard
2024-06-25,99.550000,99.630000,97.730000,98.790000,13706800,SSI iBoard
2024-06-26,99.550000,100.160000,98.330000,100.160000,7147400,SSI iBoard
2024-06-27,99.780000,101.910000,99.400000,100.920000,6403700,SSI iBoard
2024-06-28,100.920000,100.920000,99.090000,99.170000,6633000,SSI iBoard
2024-07-01,99.090000,99.090000,97.650000,97.730000,6376000,SSI iBoard
2024-07-02,97.730000,100.390000,96.890000,97.270000,6720600,SSI iBoard
2024-07-03,99.170000,100.920000,98.870000,99.550000,7634100,SSI iBoard
2024-07-04,100.390000,103.200000,100.390000,103.200000,8117900,SSI iBoard
2024-07-05,103.430000,106.160000,103.430000,105.400000,7789400,SSI iBoard
2024-07-08,105.250000,106.090000,104.490000,106.090000,5865700,SSI iBoard
2024-07-09,105.710000,105.860000,103.350000,104.490000,9676100,SSI iBoard
2024-07-10,103.350000,104.110000,101.830000,101.830000,6294700,SSI iBoard
2024-07-11,101.910000,102.890000,100.690000,101.070000,6842100,SSI iBoard
2024-07-12,100.460000,103.350000,100.460000,101.680000,3553400,SSI iBoard
2024-07-15,101.450000,102.440000,100.540000,100.840000,3067200,SSI iBoard
2024-07-16,101.530000,102.210000,100.540000,101.830000,4002300,SSI iBoard
2024-07-17,101.830000,101.910000,98.710000,100.230000,6970100,SSI iBoard
2024-07-18,99.850000,99.850000,97.120000,97.200000,10800200,SSI iBoard
2024-07-19,97.730000,98.260000,95.750000,95.750000,6551700,SSI iBoard
2024-07-22,95.750000,95.750000,93.620000,94.310000,6216900,SSI iBoard
2024-07-23,94.920000,96.890000,94.840000,95.370000,5311600,SSI iBoard
2024-07-24,95.370000,96.210000,94.230000,95.750000,4151700,SSI iBoard
2024-07-25,94.380000,95.370000,94.310000,94.990000,2563400,SSI iBoard
2024-07-26,95.680000,97.270000,94.540000,97.270000,3951100,SSI iBoard
2024-07-29,98.790000,99.250000,98.030000,98.030000,4859800,SSI iBoard
2024-07-30,98.030000,98.410000,96.510000,97.270000,2373800,SSI iBoard
2024-07-31,96.740000,97.730000,96.210000,97.730000,2869200,SSI iBoard
2024-08-01,98.490000,98.560000,94.310000,94.840000,6870300,SSI iBoard
2024-08-02,92.790000,94.840000,91.950000,93.620000,9944700,SSI iBoard
2024-08-05,92.030000,93.400000,89.220000,90.130000,10415200,SSI iBoard
2024-08-06,91.190000,92.640000,91.040000,91.800000,6728100,SSI iBoard
2024-08-07,91.950000,92.710000,91.340000,92.710000,2822800,SSI iBoard
2024-08-08,92.410000,93.020000,91.880000,92.260000,2654900,SSI iBoard
2024-08-09,93.020000,96.440000,92.710000,96.440000,5496400,SSI iBoard
2024-08-12,96.440000,98.940000,95.900000,98.790000,6183500,SSI iBoard
2024-08-13,98.560000,98.940000,97.270000,98.560000,4097900,SSI iBoard
2024-08-14,99.320000,99.930000,98.410000,98.410000,2862200,SSI iBoard
2024-08-15,98.110000,98.410000,97.420000,97.800000,2257600,SSI iBoard
2024-08-16,98.110000,99.550000,98.110000,99.250000,5093600,SSI iBoard
2024-08-19,99.630000,99.850000,98.790000,99.170000,2498400,SSI iBoard
2024-08-20,99.320000,100.690000,99.320000,99.930000,3741400,SSI iBoard
2024-08-21,99.250000,101.680000,99.250000,101.450000,6119700,SSI iBoard
2024-08-22,101.830000,102.210000,101.450000,101.680000,3020500,SSI iBoard
2024-08-23,101.600000,101.600000,100.610000,101.150000,3055000,SSI iBoard
2024-08-26,101.300000,101.450000,99.930000,99.930000,2590300,SSI iBoard
2024-08-27,99.930000,100.770000,99.090000,100.690000,2338500,SSI iBoard
2024-08-28,101.070000,102.210000,100.990000,101.300000,2711500,SSI iBoard
2024-08-29,100.920000,101.680000,100.460000,101.600000,2092700,SSI iBoard
2024-08-30,101.450000,102.510000,101.070000,102.440000,3315800,SSI iBoard
2024-09-04,101.070000,101.070000,99.930000,101.070000,4535200,SSI iBoard
2024-09-05,101.070000,101.070000,98.560000,99.250000,8055600,SSI iBoard
2024-09-06,99.170000,100.990000,99.020000,100.390000,3821400,SSI iBoard
2024-09-09,99.400000,100.230000,98.870000,99.780000,2885200,SSI iBoard
2024-09-10,99.550000,99.550000,98.490000,98.790000,4195100,SSI iBoard
2024-09-11,98.790000,99.780000,98.640000,99.250000,3190400,SSI iBoard
2024-09-12,99.550000,100.690000,99.550000,100.540000,4118000,SSI iBoard
2024-09-13,100.460000,101.370000,100.310000,101.070000,3186800,SSI iBoard
2024-09-16,100.160000,101.070000,99.630000,99.630000,1915700,SSI iBoard
2024-09-17,99.700000,100.990000,99.700000,100.990000,2651400,SSI iBoard
2024-09-18,101.370000,102.740000,100.990000,102.290000,5379600,SSI iBoard
2024-09-19,102.590000,103.200000,102.060000,102.740000,5154300,SSI iBoard
2024-09-20,103.580000,104.110000,102.590000,102.820000,3719700,SSI iBoard
2024-09-23,103.270000,103.270000,101.370000,101.830000,2441200,SSI iBoard
2024-09-24,101.830000,102.360000,101.600000,102.210000,2011400,SSI iBoard
2024-09-25,102.060000,102.440000,101.530000,102.440000,4479900,SSI iBoard
2024-09-26,102.590000,102.590000,101.750000,102.060000,2815600,SSI iBoard
2024-09-27,102.060000,102.130000,101.450000,101.980000,3352800,SSI iBoard
2024-09-30,101.980000,102.210000,101.070000,102.210000,3030500,SSI iBoard
2024-10-01,102.360000,103.500000,102.360000,103.270000,4725900,SSI iBoard
2024-10-02,102.290000,103.270000,102.290000,102.890000,1719800,SSI iBoard
2024-10-03,102.890000,103.430000,101.830000,101.830000,2300800,SSI iBoard
2024-10-04,102.060000,102.440000,101.450000,101.910000,1468400,SSI iBoard
2024-10-07,101.980000,102.510000,101.530000,101.910000,1330500,SSI iBoard
2024-10-08,101.910000,102.670000,101.530000,101.680000,2108600,SSI iBoard
2024-10-09,102.060000,103.200000,102.060000,102.890000,2619900,SSI iBoard
2024-10-10,103.200000,107.910000,103.200000,107.680000,9952200,SSI iBoard
2024-10-11,107.910000,108.520000,106.090000,106.090000,3813600,SSI iBoard
2024-10-14,107.230000,107.380000,104.190000,104.570000,5605300,SSI iBoard
2024-10-15,104.570000,105.330000,103.810000,104.110000,2860800,SSI iBoard
2024-10-16,103.650000,104.190000,103.350000,103.580000,2756000,SSI iBoard
2024-10-17,103.730000,104.190000,102.970000,104.110000,2579200,SSI iBoard
2024-10-18,104.410000,104.720000,103.810000,104.110000,2169400,SSI iBoard
2024-10-21,104.110000,104.640000,102.970000,102.970000,2681300,SSI iBoard
2024-10-22,103.120000,103.120000,101.070000,101.150000,6009200,SSI iBoard
2024-10-23,100.990000,102.440000,100.770000,101.980000,3015100,SSI iBoard
2024-10-24,101.980000,102.060000,101.680000,102.060000,2277200,SSI iBoard
2024-10-25,102.060000,102.290000,101.530000,101.830000,1839000,SSI iBoard
2024-10-28,101.910000,102.590000,101.530000,102.510000,1506000,SSI iBoard
2024-10-29,102.890000,102.970000,102.440000,102.890000,2459200,SSI iBoard
2024-10-30,102.890000,103.270000,102.740000,103.270000,1709800,SSI iBoard
2024-10-31,103.270000,103.350000,102.820000,103.270000,1241700,SSI iBoard
2024-11-01,102.590000,102.590000,101.530000,102.290000,2667500,SSI iBoard
2024-11-04,102.290000,102.290000,100.840000,100.920000,3182900,SSI iBoard
2024-11-05,101.070000,101.830000,100.540000,100.770000,1657100,SSI iBoard
2024-11-06,101.150000,102.290000,101.070000,102.290000,1801500,SSI iBoard
2024-11-07,102.820000,104.570000,101.980000,102.670000,3570500,SSI iBoard
2024-11-08,103.430000,103.960000,102.670000,103.200000,2106300,SSI iBoard
2024-11-11,103.730000,106.010000,103.350000,105.100000,5292000,SSI iBoard
2024-11-12,105.330000,105.550000,103.270000,103.960000,2914700,SSI iBoard
2024-11-13,103.880000,104.950000,103.430000,104.720000,3455400,SSI iBoard
2024-11-14,104.790000,106.310000,103.350000,103.350000,4736300,SSI iBoard
2024-11-15,102.820000,103.120000,100.770000,101.750000,6563600,SSI iBoard
2024-11-18,101.830000,102.290000,100.690000,101.830000,3903400,SSI iBoard
2024-11-19,101.450000,101.530000,98.710000,98.790000,7642800,SSI iBoard
2024-11-20,98.790000,100.610000,96.280000,100.610000,8460300,SSI iBoard
2024-11-21,100.610000,101.070000,99.550000,101.070000,3176700,SSI iBoard
2024-11-22,100.990000,102.130000,100.690000,101.750000,2915900,SSI iBoard
2024-11-25,101.830000,101.830000,101.220000,101.750000,1849700,SSI iBoard
2024-11-26,101.370000,103.270000,101.300000,102.740000,4176100,SSI iBoard
2024-11-27,102.740000,106.160000,102.740000,105.550000,9814300,SSI iBoard
2024-11-28,105.930000,106.390000,105.100000,105.930000,4742700,SSI iBoard
2024-11-29,105.930000,110.490000,105.630000,109.660000,11586700,SSI iBoard
2024-12-02,110.420000,111.720000,108.350000,108.810000,6616800,SSI iBoard
2024-12-03,108.430000,111.640000,108.430000,110.960000,5103700,SSI iBoard
2024-12-04,110.960000,111.950000,109.270000,109.810000,5609100,SSI iBoard
2024-12-05,110.190000,113.630000,109.880000,113.630000,4849200,SSI iBoard
2024-12-06,116.240000,116.240000,113.250000,114.400000,4541200,SSI iBoard
2024-12-09,114.170000,114.400000,111.800000,112.490000,4539000,SSI iBoard
2024-12-10,112.560000,114.400000,112.490000,114.400000,3597200,SSI iBoard
2024-12-11,114.780000,116.080000,114.550000,115.160000,4816600,SSI iBoard
2024-12-12,116.240000,116.240000,114.170000,114.930000,4147900,SSI iBoard
2024-12-13,114.400000,115.470000,114.320000,114.400000,3379800,SSI iBoard
2024-12-16,114.480000,115.240000,114.400000,114.700000,3291100,SSI iBoard
2024-12-17,114.860000,115.160000,113.020000,113.250000,5947500,SSI iBoard
2024-12-18,113.250000,114.630000,113.250000,113.790000,2923400,SSI iBoard
2024-12-19,112.720000,114.020000,112.640000,113.330000,4805200,SSI iBoard
2024-12-20,113.630000,115.240000,113.480000,114.400000,3538900,SSI iBoard
2024-12-23,114.400000,114.700000,113.790000,114.630000,2514800,SSI iBoard
2024-12-24,114.780000,115.390000,114.320000,115.090000,2300900,SSI iBoard
2024-12-25,115.240000,115.700000,115.090000,115.390000,2513100,SSI iBoard
2024-12-26,115.550000,115.850000,114.090000,114.630000,2233300,SSI iBoard
2024-12-27,114.400000,114.700000,113.790000,114.480000,2561700,SSI iBoard
2024-12-30,114.320000,115.390000,113.630000,115.160000,1982400,SSI iBoard
2024-12-31,115.320000,117.770000,115.010000,116.690000,3603200,SSI iBoard
2025-01-02,116.690000,116.850000,114.860000,116.310000,3172800,SSI iBoard
2025-01-03,115.780000,115.780000,114.020000,114.020000,4336100,SSI iBoard
2025-01-06,114.090000,114.930000,113.560000,114.250000,3467100,SSI iBoard
2025-01-07,114.400000,115.780000,114.400000,114.860000,3453300,SSI iBoard
2025-01-08,114.780000,114.780000,113.330000,113.480000,3879900,SSI iBoard
2025-01-09,113.480000,114.170000,113.250000,113.860000,1714400,SSI iBoard
2025-01-10,113.860000,114.090000,112.640000,112.720000,2524700,SSI iBoard
2025-01-13,111.800000,113.630000,110.730000,112.940000,3488800,SSI iBoard
2025-01-14,112.940000,113.250000,111.030000,111.030000,2897200,SSI iBoard
2025-01-15,111.720000,112.100000,110.800000,111.340000,2840900,SSI iBoard
2025-01-16,111.870000,112.490000,111.110000,112.100000,3568000,SSI iBoard
2025-01-17,112.180000,114.860000,111.720000,114.020000,3537000,SSI iBoard
2025-01-20,114.020000,115.090000,113.400000,114.780000,2217700,SSI iBoard
2025-01-21,115.160000,115.850000,114.020000,114.700000,2480300,SSI iBoard
2025-01-22,114.480000,115.240000,114.170000,114.550000,2785600,SSI iBoard
2025-01-23,114.860000,119.370000,114.780000,118.070000,7057800,SSI iBoard
2025-01-24,117.920000,118.220000,117.380000,117.380000,3655700,SSI iBoard
2025-02-03,113.250000,114.170000,111.180000,111.340000,12747700,SSI iBoard
2025-02-04,111.720000,112.490000,111.180000,111.870000,5467700,SSI iBoard
2025-02-05,112.410000,112.870000,111.570000,111.950000,5204100,SSI iBoard
2025-02-06,112.490000,112.720000,111.410000,112.100000,3426600,SSI iBoard
2025-02-07,112.100000,112.260000,111.570000,111.800000,3865900,SSI iBoard
2025-02-10,111.340000,111.340000,108.660000,108.660000,7749600,SSI iBoard
2025-02-11,108.810000,111.260000,107.210000,111.260000,5361400,SSI iBoard
2025-02-12,111.410000,111.490000,110.420000,110.960000,1887400,SSI iBoard
2025-02-13,110.960000,110.960000,109.200000,109.500000,2850800,SSI iBoard
2025-02-14,110.190000,110.960000,109.880000,110.880000,3251700,SSI iBoard
2025-02-17,110.960000,110.960000,109.730000,109.880000,2466300,SSI iBoard
2025-02-18,110.040000,110.500000,109.500000,110.110000,1664400,SSI iBoard
2025-02-19,110.110000,110.880000,109.500000,110.190000,3029800,SSI iBoard
2025-02-20,110.340000,110.650000,109.430000,109.430000,3385400,SSI iBoard
2025-02-21,109.270000,109.350000,108.280000,108.660000,5312600,SSI iBoard
2025-02-24,108.660000,108.660000,106.750000,107.510000,7497900,SSI iBoard
2025-02-25,107.440000,107.440000,105.750000,106.360000,6810400,SSI iBoard
2025-02-26,106.440000,108.510000,106.290000,108.510000,3323400,SSI iBoard
2025-02-27,108.660000,108.810000,107.670000,108.120000,3421700,SSI iBoard
2025-02-28,107.210000,107.970000,106.360000,107.360000,4694400,SSI iBoard
2025-03-03,107.510000,108.200000,107.360000,107.510000,2533900,SSI iBoard
2025-03-04,106.750000,107.590000,106.590000,107.130000,3471300,SSI iBoard
2025-03-05,107.130000,107.210000,106.440000,106.440000,2851100,SSI iBoard
2025-03-06,106.750000,109.810000,106.750000,108.350000,6417100,SSI iBoard
2025-03-07,108.430000,109.200000,107.970000,108.200000,2954500,SSI iBoard
2025-03-10,108.280000,108.280000,106.520000,106.590000,5323000,SSI iBoard
2025-03-11,105.600000,105.980000,104.830000,105.220000,5784400,SSI iBoard
2025-03-12,105.370000,106.130000,103.990000,103.990000,6185000,SSI iBoard
2025-03-13,104.150000,105.600000,104.150000,104.450000,3610200,SSI iBoard
2025-03-14,103.760000,104.300000,100.090000,100.550000,16094000,SSI iBoard
2025-03-17,100.700000,101.080000,99.170000,99.480000,6707000,SSI iBoard
2025-03-18,99.550000,101.160000,99.480000,99.480000,5508500,SSI iBoard
2025-03-19,99.550000,99.940000,94.500000,95.350000,18128400,SSI iBoard
2025-03-20,95.350000,97.030000,95.270000,95.650000,8203400,SSI iBoard
2025-03-21,95.650000,98.710000,95.650000,97.950000,6424800,SSI iBoard
2025-03-24,98.330000,98.940000,97.410000,98.710000,5090200,SSI iBoard
2025-03-25,99.320000,99.400000,96.800000,96.800000,5629200,SSI iBoard
2025-03-26,96.800000,96.800000,93.890000,94.120000,9734600,SSI iBoard
2025-03-27,93.360000,96.800000,92.670000,96.570000,6464400,SSI iBoard
2025-03-28,96.490000,96.720000,94.890000,94.890000,2944800,SSI iBoard
2025-03-31,94.430000,94.430000,92.590000,92.590000,5406300,SSI iBoard
2025-04-01,93.360000,93.510000,90.910000,92.210000,7824300,SSI iBoard
2025-04-02,92.740000,93.590000,92.440000,93.360000,3920200,SSI iBoard
2025-04-03,87.770000,89.990000,86.850000,86.850000,11484900,SSI iBoard
2025-04-04,80.810000,87.160000,80.810000,86.470000,21574500,SSI iBoard
2025-04-08,81.110000,82.640000,80.420000,80.420000,16276400,SSI iBoard
2025-04-09,74.840000,82.640000,74.840000,80.580000,16893300,SSI iBoard
2025-04-10,86.160000,86.160000,86.160000,86.160000,1005400,SSI iBoard
2025-04-11,89.530000,90.680000,87.460000,90.680000,19224000,SSI iBoard
2025-04-14,91.830000,91.830000,87.230000,90.680000,9217400,SSI iBoard
2025-04-15,88.840000,89.530000,87.000000,88.760000,7762400,SSI iBoard
2025-04-16,87.620000,88.690000,82.570000,82.570000,18032200,SSI iBoard
2025-04-17,80.350000,85.170000,80.270000,83.710000,8580100,SSI iBoard
2025-04-18,84.560000,88.000000,84.560000,85.400000,7485500,SSI iBoard
2025-04-21,85.700000,86.090000,84.170000,85.470000,4332300,SSI iBoard
2025-04-22,84.940000,85.090000,79.580000,84.480000,9127300,SSI iBoard
2025-04-23,85.470000,85.470000,82.410000,84.480000,5710800,SSI iBoard
2025-04-24,85.320000,87.000000,84.630000,85.700000,7740100,SSI iBoard
2025-04-25,85.700000,86.010000,84.330000,86.010000,5384100,SSI iBoard
2025-04-28,85.700000,86.010000,83.560000,83.790000,3853700,SSI iBoard
2025-04-29,83.870000,84.560000,83.480000,83.710000,2945500,SSI iBoard
2025-05-05,83.790000,83.940000,81.800000,83.100000,7167600,SSI iBoard
2025-05-06,83.100000,84.940000,83.100000,83.940000,5686200,SSI iBoard
2025-05-07,83.870000,85.090000,83.330000,83.940000,3926800,SSI iBoard
2025-05-08,84.480000,87.690000,83.410000,87.460000,12644900,SSI iBoard
2025-05-09,87.460000,89.070000,86.850000,88.760000,8496900,SSI iBoard
2025-05-12,89.530000,90.830000,89.300000,90.520000,8715200,SSI iBoard
2025-05-13,91.830000,92.050000,90.750000,91.440000,8565900,SSI iBoard
2025-05-14,91.830000,96.650000,91.830000,96.650000,12080300,SSI iBoard
2025-05-15,96.800000,97.110000,94.580000,95.650000,7806300,SSI iBoard
2025-05-16,95.270000,95.420000,92.510000,92.590000,8012200,SSI iBoard
2025-05-19,90.910000,92.210000,89.220000,90.450000,9916700,SSI iBoard
2025-05-20,89.380000,91.290000,89.380000,91.210000,7911300,SSI iBoard
2025-05-21,91.830000,91.830000,89.530000,90.520000,6024400,SSI iBoard
2025-05-22,89.610000,89.990000,88.460000,89.380000,6350700,SSI iBoard
2025-05-23,89.300000,90.140000,88.760000,89.610000,4440500,SSI iBoard
2025-05-26,89.300000,90.140000,88.000000,89.760000,4023400,SSI iBoard
2025-05-27,89.840000,91.370000,89.840000,91.060000,5498200,SSI iBoard
2025-05-28,91.210000,91.370000,89.910000,90.600000,3933600,SSI iBoard
2025-05-29,91.060000,91.060000,89.610000,89.610000,2933000,SSI iBoard
2025-05-30,90.290000,90.450000,89.150000,89.150000,4038000,SSI iBoard
2025-06-02,89.150000,89.610000,88.460000,88.840000,2916400,SSI iBoard
2025-06-03,89.300000,90.290000,88.990000,89.840000,3398600,SSI iBoard
2025-06-04,90.290000,90.450000,89.150000,89.610000,2873300,SSI iBoard
2025-06-05,89.610000,89.760000,89.150000,89.380000,2302800,SSI iBoard
2025-06-06,89.380000,89.380000,88.000000,88.000000,5383000,SSI iBoard
2025-06-09,88.380000,89.450000,88.000000,88.920000,3054700,SSI iBoard
2025-06-10,89.530000,89.840000,88.530000,88.530000,3359000,SSI iBoard
2025-06-11,88.840000,90.450000,88.840000,90.220000,5744300,SSI iBoard
2025-06-12,90.760000,90.840000,89.910000,90.300000,4153100,SSI iBoard
2025-06-13,89.530000,89.910000,88.680000,89.060000,6161700,SSI iBoard
2025-06-16,88.830000,92.460000,88.750000,91.840000,8069100,SSI iBoard
2025-06-17,91.840000,92.070000,91.220000,91.690000,4600300,SSI iBoard
2025-06-18,91.690000,92.230000,89.830000,90.300000,6556700,SSI iBoard
2025-06-19,90.300000,90.370000,89.290000,89.530000,5404900,SSI iBoard
2025-06-20,89.600000,90.220000,89.370000,89.600000,4339400,SSI iBoard
2025-06-23,89.140000,89.760000,88.370000,89.450000,4587300,SSI iBoard
2025-06-24,89.760000,90.300000,89.760000,89.910000,4271900,SSI iBoard
2025-06-25,90.300000,92.150000,90.300000,90.370000,6000700,SSI iBoard
2025-06-26,91.070000,91.300000,89.990000,90.300000,4132300,SSI iBoard
2025-06-27,90.300000,91.300000,90.220000,90.530000,5263200,SSI iBoard
2025-06-30,90.990000,92.230000,90.760000,91.220000,6859100,SSI iBoard
2025-07-01,91.840000,92.230000,91.220000,91.690000,4609400,SSI iBoard
2025-07-02,91.450000,91.610000,90.760000,91.530000,3661700,SSI iBoard
2025-07-03,91.450000,92.460000,90.910000,91.070000,6304300,SSI iBoard
2025-07-04,91.450000,95.240000,91.380000,94.540000,12825000,SSI iBoard
2025-07-07,95.160000,96.240000,94.930000,95.550000,6382800,SSI iBoard
2025-07-08,95.780000,97.010000,95.700000,96.090000,8064200,SSI iBoard
2025-07-09,96.320000,96.390000,94.390000,94.770000,12198400,SSI iBoard
2025-07-10,95.550000,96.700000,95.310000,95.620000,5180200,SSI iBoard
2025-07-11,96.470000,98.790000,96.160000,97.710000,10736000,SSI iBoard
2025-07-14,98.170000,98.710000,96.470000,98.090000,5978400,SSI iBoard
2025-07-15,97.710000,98.630000,97.240000,97.240000,5600000,SSI iBoard
2025-07-16,97.780000,98.010000,96.550000,97.470000,5063000,SSI iBoard
2025-07-17,97.780000,99.640000,97.240000,98.010000,8334200,SSI iBoard
2025-07-18,98.790000,98.790000,97.240000,97.240000,6494600,SSI iBoard
2025-07-21,99.750000,99.750000,97.890000,97.890000,7563700,SSI iBoard
2025-07-22,97.890000,99.580000,96.470000,99.490000,6889600,SSI iBoard
2025-07-23,99.670000,100.110000,98.780000,99.220000,4795100,SSI iBoard
2025-07-24,99.400000,99.490000,98.330000,98.600000,6420800,SSI iBoard
2025-07-25,98.600000,98.960000,98.070000,98.250000,5137000,SSI iBoard
2025-07-28,98.330000,99.040000,98.070000,98.780000,7611000,SSI iBoard
2025-07-29,98.780000,99.040000,94.070000,94.070000,16059500,SSI iBoard
2025-07-30,94.960000,95.850000,93.450000,94.160000,7488200,SSI iBoard
2025-07-31,94.160000,94.870000,92.120000,92.300000,8944200,SSI iBoard
2025-08-01,92.030000,95.320000,90.080000,94.960000,10891500,SSI iBoard
2025-08-04,94.520000,94.610000,93.010000,94.610000,4617800,SSI iBoard
2025-08-05,94.960000,96.470000,93.190000,93.900000,11395000,SSI iBoard
2025-08-06,94.070000,94.250000,92.740000,93.100000,11814200,SSI iBoard
2025-08-07,93.720000,95.320000,93.100000,94.250000,9565800,SSI iBoard
2025-08-08,94.520000,95.320000,93.010000,93.720000,9184800,SSI iBoard
2025-08-11,93.990000,97.180000,93.450000,94.430000,10278500,SSI iBoard
2025-08-12,95.320000,96.030000,94.610000,95.410000,11011800,SSI iBoard
2025-08-13,95.490000,95.670000,93.100000,93.280000,21845000,SSI iBoard
2025-08-14,93.900000,93.900000,92.030000,92.120000,17905400,SSI iBoard
2025-08-15,92.120000,93.010000,89.900000,89.990000,18622300,SSI iBoard
2025-08-18,89.990000,91.410000,88.750000,89.190000,11392300,SSI iBoard
2025-08-19,89.280000,90.080000,88.750000,89.020000,9153600,SSI iBoard
2025-08-20,88.840000,89.020000,86.530000,86.710000,19969500,SSI iBoard
2025-08-21,86.710000,91.320000,86.710000,90.260000,12624800,SSI iBoard
2025-08-22,90.170000,90.170000,87.680000,87.860000,7212000,SSI iBoard
2025-08-25,90.520000,90.520000,87.680000,87.680000,6736000,SSI iBoard
2025-08-26,87.680000,88.750000,86.890000,88.750000,5812500,SSI iBoard
2025-08-27,89.990000,93.280000,89.810000,93.190000,19436400,SSI iBoard
2025-08-28,93.280000,93.280000,91.230000,92.740000,6280200,SSI iBoard
2025-08-29,93.190000,93.190000,90.170000,90.170000,11090200,SSI iBoard
2025-09-03,90.520000,91.680000,88.750000,91.590000,9744200,SSI iBoard
2025-09-04,91.680000,93.630000,91.590000,93.190000,11033600,SSI iBoard
2025-09-05,93.360000,93.630000,91.770000,91.770000,8807800,SSI iBoard
2025-09-08,91.410000,92.210000,90.440000,90.440000,10600300,SSI iBoard
2025-09-09,90.520000,91.410000,89.640000,90.610000,6460700,SSI iBoard
2025-09-10,90.610000,91.320000,89.730000,89.810000,5498500,SSI iBoard
2025-09-11,89.810000,91.320000,89.190000,90.520000,7414200,SSI iBoard
2025-09-12,90.520000,91.320000,89.730000,90.170000,7447000,SSI iBoard
2025-09-15,90.440000,91.860000,90.080000,90.440000,14123100,SSI iBoard
2025-09-16,91.150000,93.010000,90.520000,91.860000,17531600,SSI iBoard
2025-09-17,92.300000,95.670000,92.300000,93.630000,20018000,SSI iBoard
2025-09-18,94.070000,94.340000,91.410000,91.410000,8198400,SSI iBoard
2025-09-19,92.120000,92.120000,89.190000,91.410000,23514300,SSI iBoard
2025-09-22,90.970000,91.150000,88.390000,88.480000,16280200,SSI iBoard
2025-09-23,88.750000,88.750000,86.530000,86.970000,18291200,SSI iBoard
2025-09-24,87.060000,88.310000,86.440000,88.310000,7421100,SSI iBoard
2025-09-25,88.310000,88.310000,86.890000,86.970000,8627700,SSI iBoard
2025-09-26,87.150000,88.130000,86.440000,86.530000,8080800,SSI iBoard
2025-09-29,86.800000,86.800000,84.760000,84.760000,10430900,SSI iBoard
2025-09-30,84.760000,85.020000,82.360000,82.540000,12018800,SSI iBoard
2025-10-01,82.710000,83.870000,81.120000,82.890000,7405100,SSI iBoard
2025-10-02,82.450000,82.890000,81.650000,81.740000,7933800,SSI iBoard
2025-10-03,81.830000,83.420000,81.740000,82.890000,7681300,SSI iBoard
2025-10-06,83.690000,85.110000,82.980000,84.760000,6580000,SSI iBoard
2025-10-07,85.200000,85.470000,84.490000,84.760000,5997500,SSI iBoard
2025-10-08,84.760000,86.000000,83.870000,83.870000,5132100,SSI iBoard
2025-10-09,84.310000,84.310000,82.980000,83.600000,5716300,SSI iBoard
2025-10-10,83.600000,85.640000,83.250000,85.290000,8587700,SSI iBoard
2025-10-13,84.220000,84.220000,83.160000,83.420000,7915000,SSI iBoard
2025-10-14,83.510000,83.870000,82.000000,82.000000,12659600,SSI iBoard
2025-10-15,82.180000,82.630000,79.430000,79.520000,18738600,SSI iBoard
2025-10-16,79.700000,81.210000,79.520000,79.700000,7928500,SSI iBoard
2025-10-17,79.960000,81.210000,78.190000,78.190000,8374400,SSI iBoard
2025-10-20,78.370000,81.470000,77.210000,77.210000,14580300,SSI iBoard
2025-10-21,78.990000,82.540000,78.540000,82.540000,19520200,SSI iBoard
2025-10-22,84.490000,87.860000,84.310000,86.090000,18311100,SSI iBoard
2025-10-23,86.260000,86.350000,83.420000,84.310000,6647600,SSI iBoard
2025-10-24,84.310000,86.710000,84.050000,86.710000,13759100,SSI iBoard
2025-10-27,87.860000,88.480000,85.470000,86.970000,12897800,SSI iBoard
2025-10-28,87.510000,90.700000,87.510000,90.700000,20912700,SSI iBoard
2025-10-29,90.880000,91.590000,89.730000,90.260000,9302800,SSI iBoard
2025-10-30,90.610000,91.860000,90.170000,91.150000,9730600,SSI iBoard
2025-10-31,91.060000,92.210000,89.640000,92.210000,14827100,SSI iBoard
2025-11-03,92.120000,94.340000,91.860000,93.190000,20963600,SSI iBoard
2025-11-04,92.390000,92.920000,90.260000,91.680000,10620700,SSI iBoard
2025-11-05,90.350000,90.520000,88.390000,89.550000,11741500,SSI iBoard
2025-11-06,89.550000,90.520000,88.220000,88.930000,6751800,SSI iBoard
2025-11-07,88.310000,90.350000,88.310000,89.640000,5863600,SSI iBoard
2025-11-10,89.810000,89.810000,85.380000,85.380000,10072600,SSI iBoard
2025-11-11,85.910000,86.890000,85.290000,85.290000,6624200,SSI iBoard
2025-11-12,85.640000,89.280000,85.640000,89.280000,6635300,SSI iBoard
2025-11-13,89.280000,89.370000,87.600000,87.770000,4757400,SSI iBoard
2025-11-14,87.770000,89.550000,87.150000,88.750000,4699900,SSI iBoard
2025-11-17,89.280000,90.350000,89.280000,89.640000,5585100,SSI iBoard
2025-11-18,89.640000,89.730000,87.680000,88.750000,6500100,SSI iBoard
2025-11-19,88.310000,88.310000,86.970000,86.970000,5169300,SSI iBoard
2025-11-20,87.510000,88.480000,87.060000,87.860000,4593100,SSI iBoard
2025-11-21,86.970000,89.810000,86.800000,89.460000,7936900,SSI iBoard
2025-11-24,89.370000,89.730000,88.390000,88.930000,5061800,SSI iBoard
2025-11-25,88.480000,89.020000,87.860000,88.480000,4494900,SSI iBoard
2025-11-26,88.570000,88.930000,87.770000,87.860000,5830900,SSI iBoard
2025-11-27,88.040000,88.570000,87.060000,88.310000,4780500,SSI iBoard
2025-11-28,87.950000,88.220000,86.180000,86.180000,6210400,SSI iBoard
2025-12-01,86.890000,87.610000,86.180000,86.620000,3125100,SSI iBoard
2025-12-02,86.800000,87.250000,85.550000,86.620000,5560800,SSI iBoard
2025-12-03,86.980000,86.980000,86.090000,86.620000,6475300,SSI iBoard
2025-12-04,86.620000,88.330000,86.620000,87.430000,7387500,SSI iBoard
2025-12-05,87.430000,87.430000,86.180000,86.270000,5062500,SSI iBoard
2025-12-08,86.620000,87.250000,85.640000,85.640000,5278600,SSI iBoard
2025-12-09,85.640000,86.980000,84.650000,86.890000,9961500,SSI iBoard
2025-12-10,87.070000,87.070000,85.730000,85.730000,3894100,SSI iBoard
2025-12-11,86.000000,86.620000,85.730000,86.090000,5201600,SSI iBoard
2025-12-12,86.090000,86.090000,83.840000,84.020000,5519800,SSI iBoard
2025-12-15,84.200000,84.650000,83.840000,84.110000,3524800,SSI iBoard
2025-12-16,84.200000,85.550000,82.500000,85.100000,6295300,SSI iBoard
2025-12-17,84.650000,86.360000,84.650000,86.000000,4967800,SSI iBoard
2025-12-18,85.640000,85.730000,84.200000,84.650000,4115500,SSI iBoard
2025-12-19,84.290000,85.190000,83.930000,84.200000,4492600,SSI iBoard
2025-12-22,84.380000,84.560000,83.840000,84.020000,6142400,SSI iBoard
2025-12-23,84.290000,86.000000,83.930000,84.290000,6006900,SSI iBoard
2025-12-24,84.380000,84.470000,83.490000,83.930000,3901500,SSI iBoard
2025-12-25,83.930000,85.010000,83.400000,83.400000,4565200,SSI iBoard
2025-12-26,83.130000,83.400000,81.600000,82.950000,6612400,SSI iBoard
2025-12-29,82.950000,85.100000,82.950000,84.560000,6300900,SSI iBoard
2025-12-30,84.740000,86.620000,84.560000,86.540000,7271200,SSI iBoard
2025-12-31,86.800000,86.980000,85.370000,85.910000,3082600,SSI iBoard
2026-01-05,85.820000,85.820000,83.580000,85.190000,7029300,SSI iBoard
2026-01-06,84.920000,85.010000,83.930000,84.290000,5397500,SSI iBoard
2026-01-07,84.380000,87.520000,84.290000,87.430000,11427400,SSI iBoard
2026-01-08,87.970000,87.970000,86.540000,86.540000,5576200,SSI iBoard
2026-01-09,86.180000,89.580000,86.090000,87.340000,10048700,SSI iBoard
2026-01-12,87.880000,89.230000,87.880000,89.230000,9076600,SSI iBoard
2026-01-13,89.400000,91.200000,87.790000,88.690000,9411100,SSI iBoard
2026-01-14,88.780000,90.660000,87.700000,89.490000,11900400,SSI iBoard
2026-01-15,89.490000,91.200000,88.240000,88.330000,7401400,SSI iBoard
2026-01-16,89.230000,94.430000,89.230000,94.430000,23871100,SSI iBoard
2026-01-19,97.480000,97.480000,94.610000,94.870000,14710500,SSI iBoard
2026-01-20,95.140000,95.950000,93.260000,93.350000,12213100,SSI iBoard
2026-01-21,92.540000,95.500000,90.660000,94.160000,14517300,SSI iBoard
2026-01-22,94.610000,94.870000,92.810000,92.810000,8095100,SSI iBoard
2026-01-23,92.900000,93.800000,90.570000,90.570000,9418000,SSI iBoard
2026-01-26,89.850000,91.110000,87.880000,88.330000,11183100,SSI iBoard
2026-01-27,89.310000,91.920000,88.870000,91.560000,10585500,SSI iBoard
2026-01-28,91.830000,94.870000,91.740000,93.710000,11949800,SSI iBoard
2026-01-29,94.160000,96.130000,92.990000,95.140000,14247700,SSI iBoard
2026-01-30,95.410000,95.410000,93.170000,93.710000,10833200,SSI iBoard
2026-02-02,92.630000,93.530000,91.110000,93.530000,9331400,SSI iBoard
2026-02-03,94.070000,94.520000,92.270000,93.170000,9097000,SSI iBoard
2026-02-04,92.450000,92.810000,91.020000,91.380000,11639700,SSI iBoard
2026-02-05,90.750000,91.380000,88.780000,88.780000,18088600,SSI iBoard
2026-02-06,87.880000,89.670000,86.710000,87.520000,9766800,SSI iBoard
2026-02-09,88.600000,89.140000,87.790000,88.780000,5108600,SSI iBoard
2026-02-10,89.580000,89.580000,87.250000,87.700000,6113500,SSI iBoard
2026-02-11,88.060000,89.230000,87.340000,88.420000,5507500,SSI iBoard
2026-02-12,88.780000,88.960000,88.240000,88.600000,4125200,SSI iBoard
2026-02-13,87.970000,88.330000,86.360000,86.360000,18508400,SSI iBoard
2026-02-23,86.800000,86.800000,83.490000,84.740000,22660400,SSI iBoard
2026-02-24,84.290000,84.290000,82.950000,82.950000,28539000,SSI iBoard
2026-02-25,82.680000,82.950000,79.810000,79.900000,47733100,SSI iBoard
2026-02-26,80.710000,82.680000,80.620000,81.150000,17525500,SSI iBoard
2026-02-27,81.600000,83.840000,80.980000,83.310000,18705600,SSI iBoard
2026-03-02,80.800000,82.050000,80.080000,80.350000,17245400,SSI iBoard
2026-03-03,80.800000,81.510000,78.020000,78.020000,16504400,SSI iBoard
2026-03-04,77.930000,78.020000,75.510000,76.310000,23755700,SSI iBoard
2026-03-05,77.570000,77.840000,75.680000,75.680000,15906800,SSI iBoard
2026-03-06,75.680000,75.860000,73.080000,73.170000,23713900,SSI iBoard
2026-03-09,68.150000,68.780000,68.060000,68.060000,17633000,SSI iBoard
2026-03-10,68.510000,71.380000,68.510000,71.290000,21099200,SSI iBoard
2026-03-11,71.740000,72.640000,70.210000,71.920000,10652800,SSI iBoard
2026-03-12,70.660000,71.020000,69.500000,69.680000,12722400,SSI iBoard
2026-03-13,69.140000,70.390000,68.420000,69.050000,9026000,SSI iBoard
2026-03-16,69.140000,71.110000,69.140000,70.120000,8662000,SSI iBoard
2026-03-17,71.200000,72.900000,70.930000,71.200000,9218800,SSI iBoard
2026-03-18,71.740000,71.920000,70.040000,70.480000,6352700,SSI iBoard
2026-03-19,69.680000,69.770000,68.690000,68.870000,11602900,SSI iBoard
2026-03-20,68.600000,68.600000,66.000000,66.900000,21423700,SSI iBoard
2026-03-23,66.090000,68.240000,64.210000,65.550000,13156200,SSI iBoard
2026-03-24,67.700000,68.060000,66.450000,67.610000,5189700,SSI iBoard
2026-03-25,68.330000,69.050000,67.790000,69.050000,7429300,SSI iBoard
2026-03-26,69.050000,69.050000,66.540000,66.540000,9743400,SSI iBoard
2026-03-27,66.810000,68.420000,66.360000,68.240000,9080300,SSI iBoard
2026-03-30,66.720000,67.430000,65.910000,66.360000,7814800,SSI iBoard
2026-03-31,67.170000,67.700000,66.720000,66.990000,5639200,SSI iBoard
2026-04-01,68.060000,68.420000,67.260000,67.520000,8534000,SSI iBoard
2026-04-02,67.430000,67.430000,66.540000,66.990000,5224400,SSI iBoard
2026-04-03,66.990000,67.700000,66.270000,66.360000,6333100,SSI iBoard
2026-04-06,66.360000,66.810000,65.910000,66.270000,4593000,SSI iBoard
2026-04-07,66.810000,66.810000,66.180000,66.360000,4713000,SSI iBoard
2026-04-08,68.150000,70.930000,67.340000,70.930000,14610000,SSI iBoard
2026-04-09,70.930000,71.020000,70.040000,70.210000,6272100,SSI iBoard
2026-04-10,70.480000,70.840000,69.320000,69.680000,6099800,SSI iBoard
2026-04-13,68.960000,69.050000,68.060000,68.150000,9559100,SSI iBoard
2026-04-14,69.050000,69.230000,68.150000,68.330000,7092500,SSI iBoard
2026-04-15,68.960000,69.050000,67.260000,67.340000,10047800,SSI iBoard
2026-04-16,67.790000,67.790000,66.360000,66.450000,11316400,SSI iBoard
2026-04-17,67.260000,69.950000,67.170000,68.150000,12349600,SSI iBoard
2026-04-20,68.420000,69.050000,68.240000,68.960000,6876800,SSI iBoard
2026-04-21,69.050000,69.410000,67.340000,67.340000,7119000,SSI iBoard
2026-04-22,67.700000,67.700000,66.450000,66.900000,8145000,SSI iBoard
2026-04-23,67.260000,68.150000,66.450000,66.630000,7968500,SSI iBoard
2026-04-24,66.360000,66.450000,65.640000,65.820000,10459800,SSI iBoard
2026-04-28,65.820000,66.720000,65.370000,66.720000,9503800,SSI iBoard
2026-04-29,65.820000,67.700000,65.820000,67.700000,9163000,SSI iBoard
2026-05-04,67.170000,67.340000,66.000000,66.090000,8285900,SSI iBoard
2026-05-05,66.090000,66.810000,65.280000,66.630000,6841400,SSI iBoard
2026-05-06,66.540000,66.540000,65.460000,65.730000,9455600,SSI iBoard
2026-05-07,66.270000,66.630000,65.460000,65.460000,10186100,SSI iBoard
2026-05-08,65.640000,65.730000,64.480000,64.480000,13444300,SSI iBoard
2026-05-11,64.300000,64.300000,62.770000,62.770000,16909100,SSI iBoard
2026-05-12,62.860000,64.120000,62.770000,63.310000,8533300,SSI iBoard
2026-05-13,63.310000,64.120000,62.770000,63.400000,11517600,SSI iBoard
2026-05-14,63.760000,67.520000,63.670000,66.270000,21565500,SSI iBoard
2026-05-15,66.540000,66.540000,65.190000,65.370000,6386100,SSI iBoard
2026-05-18,65.370000,67.520000,64.570000,67.170000,18323700,SSI iBoard
2026-05-19,67.260000,67.970000,66.630000,66.810000,11279900,SSI iBoard
2026-05-20,67.080000,70.390000,65.280000,69.680000,25976600,SSI iBoard
2026-05-21,69.680000,69.860000,67.880000,68.600000,11809100,SSI iBoard
2026-05-22,68.870000,69.590000,67.340000,67.340000,11668800,SSI iBoard
2026-05-25,66.900000,67.790000,65.910000,65.910000,10441000,SSI iBoard
2026-05-26,66.000000,66.900000,66.000000,66.810000,5104800,SSI iBoard
2026-05-27,66.810000,67.520000,65.550000,66.000000,9176300,SSI iBoard
2026-05-28,66.180000,66.460000,64.730000,64.730000,10646900,SSI iBoard
2026-05-29,64.730000,65.910000,64.360000,65.090000,5446700,SSI iBoard
2026-06-01,65.640000,66.730000,65.550000,66.270000,5972700,SSI iBoard
2026-06-02,66.360000,68.730000,66.360000,68.000000,17368000,SSI iBoard
2026-06-03,68.270000,70.640000,68.180000,69.550000,25278600,SSI iBoard
2026-06-04,69.730000,70.180000,68.910000,69.180000,11304700,SSI iBoard
2026-06-05,69.090000,69.090000,67.550000,68.180000,11218100,SSI iBoard
2026-06-08,67.000000,67.730000,66.180000,66.270000,10914200,SSI iBoard
2026-06-09,66.730000,67.460000,66.000000,67.000000,7772300,SSI iBoard
2026-06-10,66.820000,67.730000,66.820000,67.460000,4736000,SSI iBoard
2026-06-11,67.180000,67.180000,66.460000,66.460000,3507300,SSI iBoard
2026-06-12,66.910000,67.550000,66.820000,66.820000,5688200,SSI iBoard
2026-06-15,67.640000,68.360000,66.820000,66.910000,6422700,SSI iBoard
2026-06-16,67.000000,67.460000,66.460000,66.550000,5819800,SSI iBoard
2026-06-17,66.640000,66.730000,65.640000,65.730000,10652200,SSI iBoard
2026-06-18,65.730000,65.730000,65.000000,65.090000,13665800,SSI iBoard
2026-06-19,65.090000,65.270000,64.360000,65.000000,14295100,SSI iBoard
2026-06-22,65.000000,65.180000,63.910000,64.180000,9260100,SSI iBoard
2026-06-23,64.460000,65.270000,64.270000,64.360000,5737500,SSI iBoard
2026-06-24,64.550000,64.730000,63.730000,64.360000,5968500,SSI iBoard
2026-06-25,64.550000,65.180000,64.360000,64.550000,6592100,SSI iBoard
2026-06-26,64.820000,64.820000,63.910000,64.360000,4333200,SSI iBoard
2026-06-29,64.270000,64.360000,63.820000,64.000000,4618200,SSI iBoard
2026-06-30,64.090000,64.360000,63.820000,63.820000,6075800,SSI iBoard
2026-07-01,64.000000,66.550000,63.910000,66.270000,11630500,SSI iBoard
2026-07-02,66.270000,66.640000,65.910000,65.910000,5690500,SSI iBoard
2026-07-03,65.910000,66.460000,65.180000,65.730000,7490500,SSI iBoard
2026-07-06,65.820000,67.270000,65.360000,66.360000,11200200,SSI iBoard
2026-07-07,66.360000,67.000000,65.910000,66.550000,4557200,SSI iBoard
2026-07-08,65.820000,66.180000,65.000000,65.550000,6741600,SSI iBoard
2026-07-09,65.270000,66.360000,65.180000,65.550000,4441900,SSI iBoard
2026-07-10,65.460000,65.730000,64.180000,64.180000,7937300,SSI iBoard
2026-07-13,63.910000,64.820000,63.820000,64.090000,7738400,SSI iBoard
2026-07-14,63.910000,64.460000,63.640000,63.910000,6626800,SSI iBoard
2026-07-15,64.000000,64.000000,60.730000,60.730000,21271900,SSI iBoard
2026-07-16,60.640000,61.820000,58.820000,61.820000,13030600,SSI iBoard
2026-07-17,62.090000,62.180000,60.910000,60.910000,3987800,SSI iBoard
2026-07-20,60.820000,61.550000,60.090000,61.000000,7346800,SSI iBoard
2026-07-21,60.460000,61.730000,58.910000,58.910000,7540400,SSI iBoard
2026-07-22,59.090000,61.360000,58.730000,58.730000,10060700,SSI iBoard
2026-07-23,59.090000,59.730000,58.360000,58.820000,6287300,SSI iBoard
2026-07-24,58.460000,58.640000,57.090000,57.180000,5804800,SSI iBoard
2026-07-27,57.360000,57.910000,56.550000,56.550000,4449500,SSI iBoard
2026-07-28,56.270000,57.910000,55.910000,57.270000,5399400,SSI iBoard
2026-07-29,57.270000,59.360000,56.820000,59.180000,6114000,SSI iBoard
2026-07-30,59.270000,61.090000,58.910000,60.910000,7571500,SSI iBoard
2026-07-31,61.090000,61.730000,60.460000,61.000000,6253600,SSI iBoard
2026-08-03,61.270000,65.180000,61.180000,65.180000,16279100,SSI iBoard
2026-08-04,65.820000,66.640000,64.820000,65.000000,6584300,SSI iBoard
2026-08-05,65.640000,65.640000,63.820000,63.910000,6877600,SSI iBoard
2026-08-06,64.000000,64.910000,64.000000,64.270000,4629700,SSI iBoard
2026-08-07,64.640000,65.180000,63.910000,64.360000,4301800,SSI iBoard
2026-08-10,64.460000,65.460000,64.270000,65.270000,5252100,SSI iBoard
2026-08-11,65.090000,66.460000,64.550000,64.730000,6936800,SSI iBoard
2026-08-12,64.730000,65.360000,64.180000,64.360000,3685600,SSI iBoard
2026-08-13,64.550000,64.820000,62.910000,62.910000,7458000,SSI iBoard
2026-08-14,63.000000,63.270000,61.820000,62.090000,7123800,SSI iBoard
2026-08-17,62.180000,63.090000,62.180000,62.550000,4104500,SSI iBoard
2026-08-18,62.550000,63.000000,62.000000,62.730000,3383800,SSI iBoard
2026-08-19,62.730000,62.910000,62.360000,62.640000,1821000,SSI iBoard
2026-08-20,62.820000,63.910000,62.820000,63.460000,4468100,SSI iBoard
2026-08-21,63.550000,65.460000,63.180000,65.460000,7035800,SSI iBoard
2026-08-24,65.910000,66.090000,64.910000,64.910000,4611900,SSI iBoard
2026-08-25,64.910000,65.460000,64.270000,64.270000,4690000,SSI iBoard
2026-08-26,64.270000,66.270000,64.270000,66.000000,10161300,SSI iBoard
2026-08-27,66.000000,66.090000,65.640000,65.640000,3542900,SSI iBoard
2026-08-28,65.640000,67.270000,65.640000,66.550000,10196800,SSI iBoard
2026-09-03,66.360000,66.360000,65.460000,65.640000,4098200,SSI iBoard
2026-09-04,65.910000,66.360000,65.820000,66.180000,3549500,SSI iBoard
2026-09-07,66.360000,67.090000,65.640000,65.820000,7020200,SSI iBoard
2026-09-08,65.820000,65.910000,65.460000,65.640000,4273000,SSI iBoard
2026-09-09,65.730000,66.360000,65.550000,65.820000,3680300,SSI iBoard
2026-09-10,65.730000,68.000000,65.640000,67.730000,11936600,SSI iBoard
2026-09-11,67.640000,67.640000,66.090000,66.090000,5655200,SSI iBoard
2026-09-14,66.180000,66.910000,65.460000,65.820000,4860300,SSI iBoard
2026-09-15,66.090000,66.730000,65.910000,66.090000,3977500,SSI iBoard
2026-09-16,66.180000,67.090000,65.000000,67.090000,7748100,SSI iBoard
2026-09-17,66.640000,67.550000,66.000000,67.550000,6626700,SSI iBoard
2026-09-18,67.730000,68.000000,65.180000,65.180000,15500700,SSI iBoard
2026-09-21,66.500000,66.800000,65.000000,66.400000,8401600,SSI iBoard
2026-09-22,66.600000,67.000000,66.200000,66.600000,4905000,SSI iBoard
2026-09-23,66.600000,67.000000,66.100000,66.100000,3557500,SSI iBoard
2026-09-24,66.000000,66.200000,65.100000,65.300000,4350900,SSI iBoard
2026-09-25,65.500000,65.900000,64.600000,64.700000,3543900,SSI iBoard
2026-09-28,64.700000,64.800000,63.000000,63.700000,5148700,SSI iBoard
2026-09-29,63.700000,64.100000,63.100000,63.200000,3118000,SSI iBoard
2026-09-30,63.400000,64.000000,63.000000,63.000000,3041400,SSI iBoard
