date,open,high,low,close,volume,source
2007-11-15,1.800000,1.830000,1.530000,1.790000,1306330,SSI iBoard
2007-11-16,1.700000,1.700000,1.700000,1.700000,248510,SSI iBoard
2007-11-19,1.620000,1.620000,1.620000,1.620000,120480,SSI iBoard
2007-11-20,1.550000,1.550000,1.550000,1.550000,58710,SSI iBoard
2007-11-21,1.480000,1.600000,1.480000,1.600000,728080,SSI iBoard
2007-11-22,1.550000,1.600000,1.550000,1.600000,266040,SSI iBoard
2007-11-23,1.600000,1.600000,1.550000,1.550000,106370,SSI iBoard
2007-11-26,1.520000,1.550000,1.510000,1.530000,135430,SSI iBoard
2007-11-27,1.520000,1.520000,1.480000,1.480000,262120,SSI iBoard
2007-11-28,1.490000,1.510000,1.490000,1.510000,131020,SSI iBoard
2007-11-29,1.510000,1.520000,1.490000,1.510000,128110,SSI iBoard
2007-11-30,1.490000,1.490000,1.480000,1.490000,114720,SSI iBoard
2007-12-03,1.510000,1.510000,1.490000,1.490000,68710,SSI iBoard
2007-12-04,1.480000,1.490000,1.480000,1.480000,125040,SSI iBoard
2007-12-05,1.450000,1.480000,1.450000,1.460000,112160,SSI iBoard
2007-12-06,1.490000,1.510000,1.460000,1.480000,76580,SSI iBoard
2007-12-07,1.450000,1.480000,1.430000,1.430000,133400,SSI iBoard
2007-12-10,1.410000,1.420000,1.370000,1.370000,156420,SSI iBoard
2007-12-11,1.330000,1.360000,1.310000,1.310000,184520,SSI iBoard
2007-12-12,1.250000,1.360000,1.250000,1.320000,307780,SSI iBoard
2007-12-13,1.320000,1.320000,1.270000,1.270000,130410,SSI iBoard
2007-12-14,1.270000,1.290000,1.270000,1.280000,81260,SSI iBoard
2007-12-17,1.300000,1.300000,1.280000,1.280000,87220,SSI iBoard
2007-12-18,1.280000,1.320000,1.270000,1.320000,104160,SSI iBoard
2007-12-19,1.340000,1.380000,1.340000,1.380000,217360,SSI iBoard
2007-12-20,1.380000,1.390000,1.330000,1.340000,105030,SSI iBoard
2007-12-21,1.320000,1.370000,1.320000,1.340000,114130,SSI iBoard
2007-12-24,1.360000,1.360000,1.340000,1.350000,166920,SSI iBoard
2007-12-25,1.350000,1.360000,1.340000,1.340000,109460,SSI iBoard
2007-12-26,1.340000,1.340000,1.290000,1.340000,157680,SSI iBoard
2007-12-27,1.340000,1.350000,1.340000,1.340000,86100,SSI iBoard
2007-12-28,1.340000,1.350000,1.340000,1.350000,81580,SSI iBoard
2008-01-02,1.360000,1.370000,1.350000,1.360000,174750,SSI iBoard
2008-01-03,1.370000,1.370000,1.370000,1.370000,172390,SSI iBoard
2008-01-04,1.380000,1.380000,1.370000,1.380000,221230,SSI iBoard
2008-01-07,1.390000,1.400000,1.380000,1.400000,434240,SSI iBoard
2008-01-08,1.400000,1.470000,1.400000,1.470000,364540,SSI iBoard
2008-01-09,1.480000,1.540000,1.410000,1.540000,595940,SSI iBoard
2008-01-10,1.520000,1.520000,1.470000,1.520000,476150,SSI iBoard
2008-01-11,1.510000,1.550000,1.490000,1.510000,467570,SSI iBoard
2008-01-14,1.510000,1.520000,1.490000,1.510000,283070,SSI iBoard
2008-01-15,1.480000,1.480000,1.440000,1.440000,306310,SSI iBoard
2008-01-16,1.470000,1.510000,1.470000,1.490000,441980,SSI iBoard
2008-01-17,1.480000,1.480000,1.420000,1.420000,158820,SSI iBoard
2008-01-18,1.390000,1.450000,1.390000,1.450000,141170,SSI iBoard
2008-01-21,1.440000,1.450000,1.420000,1.420000,71040,SSI iBoard
2008-01-22,1.380000,1.390000,1.380000,1.380000,83260,SSI iBoard
2008-01-23,1.370000,1.370000,1.320000,1.320000,119690,SSI iBoard
2008-01-25,1.320000,1.340000,1.320000,1.320000,82650,SSI iBoard
2008-01-28,1.340000,1.350000,1.320000,1.330000,41020,SSI iBoard
2008-01-29,1.340000,1.360000,1.340000,1.360000,120000,SSI iBoard
2008-01-30,1.420000,1.420000,1.390000,1.420000,362700,SSI iBoard
2008-01-31,1.350000,1.390000,1.350000,1.390000,82360,SSI iBoard
2008-02-01,1.440000,1.440000,1.410000,1.440000,192380,SSI iBoard
2008-02-12,1.450000,1.450000,1.410000,1.420000,104780,SSI iBoard
2008-02-13,1.410000,1.410000,1.380000,1.380000,150700,SSI iBoard
2008-02-14,1.380000,1.390000,1.380000,1.390000,102680,SSI iBoard
2008-02-15,1.380000,1.390000,1.380000,1.380000,184330,SSI iBoard
2008-02-18,1.320000,1.330000,1.320000,1.320000,209000,SSI iBoard
2008-02-19,1.310000,1.320000,1.290000,1.320000,86310,SSI iBoard
2008-02-20,1.320000,1.320000,1.250000,1.250000,92170,SSI iBoard
2008-02-21,1.190000,1.190000,1.190000,1.190000,62400,SSI iBoard
2008-02-22,1.150000,1.150000,1.140000,1.150000,233220,SSI iBoard
2008-02-25,1.190000,1.210000,1.190000,1.210000,231520,SSI iBoard
2008-02-26,1.210000,1.210000,1.170000,1.170000,250540,SSI iBoard
2008-02-27,1.170000,1.200000,1.170000,1.180000,92710,SSI iBoard
2008-02-28,1.190000,1.190000,1.170000,1.170000,50120,SSI iBoard
2008-02-29,1.160000,1.170000,1.140000,1.150000,150350,SSI iBoard
2008-03-03,1.100000,1.100000,1.090000,1.090000,201920,SSI iBoard
2008-03-04,1.040000,1.040000,1.040000,1.040000,107190,SSI iBoard
2008-03-05,0.990000,1.010000,0.990000,1.000000,280760,SSI iBoard
2008-03-06,1.050000,1.050000,1.050000,1.050000,25170,SSI iBoard
2008-03-07,1.100000,1.100000,1.100000,1.100000,428080,SSI iBoard
2008-03-10,1.150000,1.150000,1.150000,1.150000,420740,SSI iBoard
2008-03-11,1.150000,1.180000,1.150000,1.150000,240380,SSI iBoard
2008-03-12,1.150000,1.190000,1.150000,1.170000,299590,SSI iBoard
2008-03-13,1.180000,1.180000,1.150000,1.170000,153220,SSI iBoard
2008-03-14,1.150000,1.170000,1.150000,1.150000,103180,SSI iBoard
2008-03-17,1.110000,1.120000,1.100000,1.100000,136120,SSI iBoard
2008-03-18,1.050000,1.060000,1.050000,1.050000,287080,SSI iBoard
2008-03-19,1.100000,1.100000,1.050000,1.050000,179640,SSI iBoard
2008-03-20,1.050000,1.070000,1.030000,1.030000,165210,SSI iBoard
2008-03-21,1.030000,1.030000,0.980000,0.980000,269270,SSI iBoard
2008-03-24,0.940000,0.940000,0.940000,0.940000,114000,SSI iBoard
2008-03-25,0.900000,0.900000,0.900000,0.900000,38680,SSI iBoard
2008-03-26,0.860000,0.920000,0.860000,0.920000,384280,SSI iBoard
2008-03-27,0.930000,0.930000,0.930000,0.930000,179300,SSI iBoard
2008-03-28,0.940000,0.940000,0.940000,0.940000,138690,SSI iBoard
2008-03-31,0.950000,0.950000,0.950000,0.950000,78650,SSI iBoard
2008-04-01,0.950000,0.950000,0.950000,0.950000,13020,SSI iBoard
2008-04-02,0.960000,0.960000,0.960000,0.960000,58210,SSI iBoard
2008-04-07,0.990000,0.990000,0.990000,0.990000,3280,SSI iBoard
2008-04-08,1.000000,1.000000,0.970000,1.000000,670580,SSI iBoard
2008-04-09,0.990000,1.000000,0.990000,0.990000,291700,SSI iBoard
2008-04-10,0.970000,0.970000,0.970000,0.970000,70310,SSI iBoard
2008-04-11,0.960000,0.960000,0.960000,0.960000,9750,SSI iBoard
2008-04-16,0.950000,0.950000,0.950000,0.950000,22380,SSI iBoard
2008-04-17,0.930000,0.960000,0.930000,0.950000,321270,SSI iBoard
2008-04-18,0.960000,0.960000,0.940000,0.940000,139550,SSI iBoard
2008-04-21,0.920000,0.920000,0.920000,0.920000,47050,SSI iBoard
2008-04-22,0.910000,0.910000,0.910000,0.910000,54010,SSI iBoard
2008-04-23,0.900000,0.900000,0.900000,0.900000,38940,SSI iBoard
2008-04-24,0.880000,0.880000,0.880000,0.880000,138950,SSI iBoard
2008-04-25,0.870000,0.880000,0.870000,0.870000,227350,SSI iBoard
2008-04-28,0.880000,0.880000,0.880000,0.880000,170340,SSI iBoard
2008-04-29,0.900000,0.900000,0.900000,0.900000,237360,SSI iBoard
2008-05-05,0.910000,0.910000,0.910000,0.910000,227270,SSI iBoard
2008-05-06,0.920000,0.920000,0.910000,0.920000,314540,SSI iBoard
2008-05-07,0.920000,0.920000,0.910000,0.920000,376640,SSI iBoard
2008-05-08,0.910000,0.910000,0.910000,0.910000,154750,SSI iBoard
2008-05-09,0.900000,0.900000,0.900000,0.900000,22500,SSI iBoard
2008-05-12,0.880000,0.880000,0.880000,0.880000,26200,SSI iBoard
2008-05-13,0.870000,0.870000,0.870000,0.870000,770,SSI iBoard
2008-05-14,0.850000,0.850000,0.850000,0.850000,88220,SSI iBoard
2008-05-15,0.840000,0.840000,0.840000,0.840000,9580,SSI iBoard
2008-05-16,0.830000,0.850000,0.830000,0.830000,397070,SSI iBoard
2008-05-19,0.810000,0.820000,0.810000,0.810000,207630,SSI iBoard
2008-05-20,0.800000,0.800000,0.800000,0.800000,8540,SSI iBoard
2008-05-21,0.780000,0.780000,0.780000,0.780000,103620,SSI iBoard
2008-05-22,0.770000,0.770000,0.770000,0.770000,69270,SSI iBoard
2008-05-23,0.750000,0.750000,0.750000,0.750000,202170,SSI iBoard
2008-05-26,0.740000,0.740000,0.740000,0.740000,9280,SSI iBoard
2008-05-30,0.730000,0.730000,0.730000,0.730000,5480,SSI iBoard
2008-06-02,0.710000,0.710000,0.710000,0.710000,2200,SSI iBoard
2008-06-03,0.700000,0.700000,0.700000,0.700000,3840,SSI iBoard
2008-06-04,0.680000,0.680000,0.680000,0.680000,15600,SSI iBoard
2008-06-05,0.670000,0.670000,0.670000,0.670000,7550,SSI iBoard
2008-06-06,0.660000,0.660000,0.660000,0.660000,17320,SSI iBoard
2008-06-09,0.650000,0.650000,0.650000,0.650000,10500,SSI iBoard
2008-06-10,0.630000,0.630000,0.630000,0.630000,1010,SSI iBoard
2008-06-11,0.620000,0.640000,0.620000,0.620000,208450,SSI iBoard
2008-06-12,0.610000,0.630000,0.610000,0.630000,159440,SSI iBoard
2008-06-13,0.640000,0.640000,0.640000,0.640000,156960,SSI iBoard
2008-06-16,0.660000,0.660000,0.660000,0.660000,23850,SSI iBoard
2008-06-17,0.670000,0.670000,0.670000,0.670000,14950,SSI iBoard
2008-06-18,0.680000,0.680000,0.660000,0.660000,429770,SSI iBoard
2008-06-19,0.660000,0.660000,0.640000,0.640000,244840,SSI iBoard
2008-06-20,0.620000,0.640000,0.620000,0.620000,106750,SSI iBoard
2008-06-23,0.640000,0.640000,0.640000,0.640000,145430,SSI iBoard
2008-06-24,0.660000,0.660000,0.660000,0.660000,173310,SSI iBoard
2008-06-25,0.680000,0.680000,0.680000,0.680000,128600,SSI iBoard
2008-06-26,0.700000,0.700000,0.690000,0.700000,397800,SSI iBoard
2008-06-27,0.700000,0.710000,0.680000,0.710000,182540,SSI iBoard
2008-06-30,0.730000,0.730000,0.730000,0.730000,3590,SSI iBoard
2008-07-01,0.750000,0.750000,0.750000,0.750000,19840,SSI iBoard
2008-07-02,0.780000,0.780000,0.780000,0.780000,34980,SSI iBoard
2008-07-03,0.800000,0.800000,0.800000,0.800000,13250,SSI iBoard
2008-07-04,0.820000,0.820000,0.820000,0.820000,148900,SSI iBoard
2008-07-07,0.840000,0.840000,0.800000,0.840000,810080,SSI iBoard
2008-07-08,0.830000,0.860000,0.820000,0.860000,539320,SSI iBoard
2008-07-09,0.880000,0.880000,0.870000,0.880000,579010,SSI iBoard
2008-07-10,0.900000,0.900000,0.900000,0.900000,604480,SSI iBoard
2008-07-11,0.930000,0.930000,0.930000,0.930000,1049900,SSI iBoard
2008-07-14,0.960000,0.960000,0.960000,0.960000,306700,SSI iBoard
2008-07-15,0.990000,0.990000,0.990000,0.990000,242300,SSI iBoard
2008-07-16,1.010000,1.010000,0.990000,1.010000,2023900,SSI iBoard
2008-07-17,1.040000,1.040000,1.040000,1.040000,55510,SSI iBoard
2008-07-18,1.040000,1.070000,1.040000,1.070000,1882540,SSI iBoard
2008-07-21,1.040000,1.070000,1.040000,1.040000,940500,SSI iBoard
2008-07-22,1.010000,1.010000,1.010000,1.010000,110610,SSI iBoard
2008-07-23,0.980000,0.980000,0.980000,0.980000,129160,SSI iBoard
2008-07-24,1.000000,1.000000,0.950000,0.960000,1757950,SSI iBoard
2008-07-25,0.980000,0.980000,0.970000,0.980000,712350,SSI iBoard
2008-07-28,1.010000,1.010000,1.010000,1.010000,68400,SSI iBoard
2008-07-29,1.040000,1.040000,1.040000,1.040000,12930,SSI iBoard
2008-07-30,1.070000,1.070000,1.070000,1.070000,170770,SSI iBoard
2008-07-31,1.100000,1.100000,1.100000,1.100000,287780,SSI iBoard
2008-08-01,1.130000,1.130000,1.130000,1.130000,207620,SSI iBoard
2008-08-04,1.150000,1.160000,1.100000,1.110000,2894470,SSI iBoard
2008-08-05,1.090000,1.120000,1.080000,1.090000,1182150,SSI iBoard
2008-08-07,1.150000,1.150000,1.130000,1.140000,1105600,SSI iBoard
2008-08-08,1.150000,1.170000,1.120000,1.170000,1684620,SSI iBoard
2008-08-11,1.190000,1.190000,1.170000,1.190000,1242650,SSI iBoard
2008-08-12,1.220000,1.220000,1.200000,1.220000,1143970,SSI iBoard
2008-08-13,1.220000,1.250000,1.210000,1.250000,1417690,SSI iBoard
2008-08-14,1.280000,1.280000,1.270000,1.280000,1103960,SSI iBoard
2008-08-15,1.310000,1.310000,1.310000,1.310000,439890,SSI iBoard
2008-08-18,1.360000,1.370000,1.330000,1.370000,1274090,SSI iBoard
2008-08-19,1.430000,1.430000,1.390000,1.430000,2349940,SSI iBoard
2008-08-20,1.430000,1.500000,1.410000,1.480000,1443270,SSI iBoard
2008-08-21,1.480000,1.550000,1.430000,1.540000,1815240,SSI iBoard
2008-08-22,1.520000,1.530000,1.470000,1.470000,836110,SSI iBoard
2008-08-25,1.520000,1.540000,1.480000,1.530000,1536970,SSI iBoard
2008-08-26,1.570000,1.570000,1.470000,1.480000,1510100,SSI iBoard
2008-08-27,1.410000,1.480000,1.410000,1.410000,2093740,SSI iBoard
2008-08-28,1.340000,1.340000,1.340000,1.340000,282930,SSI iBoard
2008-08-29,1.280000,1.280000,1.280000,1.280000,1595250,SSI iBoard
2008-09-04,1.310000,1.340000,1.280000,1.310000,1052240,SSI iBoard
2008-09-05,1.280000,1.290000,1.250000,1.250000,971850,SSI iBoard
2008-09-08,1.190000,1.270000,1.190000,1.230000,1117460,SSI iBoard
2008-09-09,1.250000,1.280000,1.210000,1.250000,652420,SSI iBoard
2008-09-10,1.270000,1.270000,1.200000,1.210000,454810,SSI iBoard
2008-09-11,1.190000,1.220000,1.190000,1.200000,623710,SSI iBoard
2008-09-12,1.150000,1.190000,1.150000,1.150000,1391110,SSI iBoard
2008-09-15,1.200000,1.200000,1.170000,1.200000,667940,SSI iBoard
2008-09-16,1.220000,1.240000,1.150000,1.150000,982380,SSI iBoard
2008-09-17,1.110000,1.130000,1.110000,1.110000,948350,SSI iBoard
2008-09-18,1.060000,1.060000,1.060000,1.060000,598990,SSI iBoard
2008-09-19,1.110000,1.110000,1.110000,1.110000,392460,SSI iBoard
2008-09-22,1.160000,1.160000,1.160000,1.160000,8480,SSI iBoard
2008-09-23,1.150000,1.210000,1.130000,1.180000,2547580,SSI iBoard
2008-09-24,1.170000,1.180000,1.140000,1.140000,578190,SSI iBoard
2008-09-25,1.170000,1.190000,1.160000,1.190000,1341480,SSI iBoard
2008-09-26,1.240000,1.250000,1.190000,1.240000,2046990,SSI iBoard
2008-09-29,1.170000,1.240000,1.170000,1.180000,1298000,SSI iBoard
2008-09-30,1.130000,1.130000,1.130000,1.130000,33240,SSI iBoard
2008-10-01,1.160000,1.160000,1.080000,1.090000,1519000,SSI iBoard
2008-10-02,1.110000,1.120000,1.060000,1.090000,904760,SSI iBoard
2008-10-03,1.060000,1.090000,1.060000,1.060000,687100,SSI iBoard
2008-10-06,1.030000,1.030000,1.010000,1.010000,705650,SSI iBoard
2008-10-07,0.960000,0.960000,0.960000,0.960000,341910,SSI iBoard
2008-10-08,0.920000,0.920000,0.920000,0.920000,515490,SSI iBoard
2008-10-09,0.870000,0.920000,0.870000,0.870000,1103600,SSI iBoard
2008-10-10,0.830000,0.830000,0.830000,0.830000,140250,SSI iBoard
2008-10-13,0.800000,0.830000,0.790000,0.790000,805920,SSI iBoard
2008-10-14,0.830000,0.830000,0.830000,0.830000,60510,SSI iBoard
2008-10-15,0.870000,0.870000,0.810000,0.870000,1123280,SSI iBoard
2008-10-16,0.820000,0.860000,0.820000,0.840000,502450,SSI iBoard
2008-10-17,0.840000,0.850000,0.840000,0.840000,479770,SSI iBoard
2008-10-20,0.840000,0.840000,0.810000,0.820000,335200,SSI iBoard
2008-10-21,0.840000,0.840000,0.820000,0.840000,443500,SSI iBoard
2008-10-22,0.810000,0.820000,0.810000,0.810000,378030,SSI iBoard
2008-10-23,0.770000,0.780000,0.770000,0.770000,297200,SSI iBoard
2008-10-24,0.730000,0.750000,0.730000,0.730000,437000,SSI iBoard
2008-10-27,0.690000,0.690000,0.690000,0.690000,164610,SSI iBoard
2008-10-28,0.660000,0.660000,0.660000,0.660000,1428740,SSI iBoard
2008-10-29,0.690000,0.690000,0.630000,0.660000,1189670,SSI iBoard
2008-10-30,0.630000,0.660000,0.630000,0.630000,1011310,SSI iBoard
2008-10-31,0.630000,0.660000,0.610000,0.660000,743880,SSI iBoard
2008-11-03,0.630000,0.680000,0.630000,0.650000,809530,SSI iBoard
2008-11-04,0.650000,0.690000,0.650000,0.690000,449280,SSI iBoard
2008-11-05,0.720000,0.720000,0.720000,0.720000,108120,SSI iBoard
2008-11-06,0.710000,0.750000,0.700000,0.750000,1756820,SSI iBoard
2008-11-07,0.710000,0.740000,0.710000,0.710000,1117660,SSI iBoard
2008-11-10,0.700000,0.740000,0.700000,0.710000,484930,SSI iBoard
2008-11-11,0.680000,0.690000,0.680000,0.680000,397300,SSI iBoard
2008-11-12,0.640000,0.650000,0.640000,0.650000,679230,SSI iBoard
2008-11-13,0.620000,0.670000,0.620000,0.660000,343250,SSI iBoard
2008-11-14,0.690000,0.690000,0.660000,0.670000,336790,SSI iBoard
2008-11-17,0.660000,0.670000,0.660000,0.660000,234140,SSI iBoard
2008-11-18,0.640000,0.660000,0.640000,0.640000,305000,SSI iBoard
2008-11-19,0.650000,0.650000,0.640000,0.640000,210710,SSI iBoard
2008-11-20,0.610000,0.620000,0.610000,0.610000,807140,SSI iBoard
2008-11-21,0.580000,0.610000,0.580000,0.610000,452020,SSI iBoard
2008-11-24,0.630000,0.630000,0.610000,0.610000,391850,SSI iBoard
2008-11-25,0.630000,0.630000,0.620000,0.630000,320890,SSI iBoard
2008-11-26,0.630000,0.630000,0.610000,0.610000,394130,SSI iBoard
2008-11-27,0.610000,0.610000,0.590000,0.590000,613790,SSI iBoard
2008-11-28,0.610000,0.620000,0.590000,0.620000,583460,SSI iBoard
2008-12-01,0.600000,0.630000,0.600000,0.620000,254720,SSI iBoard
2008-12-02,0.610000,0.610000,0.600000,0.600000,124150,SSI iBoard
2008-12-03,0.610000,0.610000,0.600000,0.610000,138720,SSI iBoard
2008-12-04,0.610000,0.620000,0.610000,0.610000,278450,SSI iBoard
2008-12-05,0.620000,0.620000,0.590000,0.590000,245140,SSI iBoard
2008-12-08,0.570000,0.580000,0.560000,0.560000,433410,SSI iBoard
2008-12-09,0.560000,0.590000,0.560000,0.580000,318860,SSI iBoard
2008-12-10,0.570000,0.580000,0.570000,0.570000,138180,SSI iBoard
2008-12-11,0.570000,0.580000,0.570000,0.580000,149880,SSI iBoard
2008-12-12,0.600000,0.610000,0.590000,0.610000,501270,SSI iBoard
2008-12-15,0.640000,0.640000,0.620000,0.640000,440060,SSI iBoard
2008-12-16,0.630000,0.630000,0.610000,0.610000,256750,SSI iBoard
2008-12-17,0.620000,0.630000,0.610000,0.630000,333940,SSI iBoard
2008-12-18,0.630000,0.640000,0.620000,0.630000,245320,SSI iBoard
2008-12-19,0.620000,0.640000,0.620000,0.630000,500770,SSI iBoard
2008-12-22,0.660000,0.660000,0.650000,0.650000,438220,SSI iBoard
2008-12-23,0.640000,0.650000,0.630000,0.640000,405630,SSI iBoard
2008-12-24,0.630000,0.640000,0.630000,0.640000,284620,SSI iBoard
2008-12-25,0.650000,0.650000,0.640000,0.640000,225570,SSI iBoard
2008-12-26,0.640000,0.650000,0.640000,0.650000,292440,SSI iBoard
2008-12-29,0.650000,0.650000,0.650000,0.650000,213040,SSI iBoard
2008-12-30,0.650000,0.670000,0.650000,0.670000,659610,SSI iBoard
2008-12-31,0.680000,0.680000,0.660000,0.660000,419050,SSI iBoard
2009-01-02,0.660000,0.660000,0.650000,0.650000,134370,SSI iBoard
2009-01-05,0.650000,0.650000,0.640000,0.640000,256230,SSI iBoard
2009-01-06,0.650000,0.660000,0.650000,0.650000,309090,SSI iBoard
2009-01-07,0.670000,0.680000,0.670000,0.670000,674740,SSI iBoard
2009-01-08,0.660000,0.670000,0.660000,0.660000,429640,SSI iBoard
2009-01-09,0.670000,0.670000,0.660000,0.670000,386190,SSI iBoard
2009-01-12,0.660000,0.670000,0.660000,0.670000,183960,SSI iBoard
2009-01-13,0.660000,0.660000,0.650000,0.660000,248290,SSI iBoard
2009-01-14,0.650000,0.670000,0.650000,0.660000,242350,SSI iBoard
2009-01-15,0.650000,0.660000,0.650000,0.650000,128320,SSI iBoard
2009-01-16,0.650000,0.660000,0.650000,0.650000,121720,SSI iBoard
2009-01-19,0.650000,0.650000,0.640000,0.640000,161320,SSI iBoard
2009-01-20,0.640000,0.640000,0.640000,0.640000,142670,SSI iBoard
2009-01-21,0.640000,0.640000,0.630000,0.630000,142920,SSI iBoard
2009-01-22,0.640000,0.640000,0.630000,0.640000,49000,SSI iBoard
2009-01-23,0.650000,0.650000,0.630000,0.650000,47300,SSI iBoard
2009-02-02,0.630000,0.650000,0.620000,0.630000,177770,SSI iBoard
2009-02-03,0.620000,0.620000,0.610000,0.620000,225590,SSI iBoard
2009-02-04,0.600000,0.620000,0.590000,0.590000,299130,SSI iBoard
2009-02-05,0.590000,0.590000,0.570000,0.570000,258840,SSI iBoard
2009-02-06,0.580000,0.580000,0.570000,0.580000,252900,SSI iBoard
2009-02-09,0.610000,0.610000,0.590000,0.610000,285260,SSI iBoard
2009-02-10,0.610000,0.640000,0.600000,0.630000,424390,SSI iBoard
2009-02-11,0.610000,0.630000,0.610000,0.620000,149060,SSI iBoard
2009-02-12,0.630000,0.630000,0.620000,0.620000,101770,SSI iBoard
2009-02-13,0.620000,0.620000,0.620000,0.620000,96380,SSI iBoard
2009-02-16,0.610000,0.620000,0.600000,0.610000,145900,SSI iBoard
2009-02-17,0.600000,0.600000,0.580000,0.580000,347750,SSI iBoard
2009-02-18,0.560000,0.570000,0.560000,0.560000,313300,SSI iBoard
2009-02-19,0.580000,0.580000,0.560000,0.570000,224180,SSI iBoard
2009-02-20,0.570000,0.570000,0.550000,0.560000,103500,SSI iBoard
2009-02-23,0.550000,0.550000,0.530000,0.530000,281270,SSI iBoard
2009-02-24,0.510000,0.510000,0.510000,0.510000,247630,SSI iBoard
2009-02-25,0.530000,0.530000,0.530000,0.530000,435400,SSI iBoard
2009-02-26,0.530000,0.530000,0.510000,0.520000,133030,SSI iBoard
2009-02-27,0.520000,0.540000,0.520000,0.530000,141910,SSI iBoard
2009-03-02,0.520000,0.540000,0.520000,0.530000,91560,SSI iBoard
2009-03-03,0.520000,0.520000,0.510000,0.520000,145370,SSI iBoard
2009-03-04,0.520000,0.520000,0.520000,0.520000,96250,SSI iBoard
2009-03-05,0.530000,0.540000,0.530000,0.530000,264880,SSI iBoard
2009-03-06,0.520000,0.540000,0.520000,0.530000,117880,SSI iBoard
2009-03-09,0.530000,0.540000,0.530000,0.530000,202640,SSI iBoard
2009-03-10,0.540000,0.550000,0.530000,0.550000,504350,SSI iBoard
2009-03-11,0.580000,0.580000,0.570000,0.570000,481160,SSI iBoard
2009-03-12,0.560000,0.570000,0.550000,0.550000,335590,SSI iBoard
2009-03-13,0.550000,0.560000,0.550000,0.550000,164060,SSI iBoard
2009-03-16,0.550000,0.570000,0.540000,0.570000,446610,SSI iBoard
2009-03-17,0.570000,0.590000,0.570000,0.590000,849700,SSI iBoard
2009-03-18,0.610000,0.620000,0.610000,0.610000,799130,SSI iBoard
2009-03-19,0.600000,0.620000,0.580000,0.580000,700950,SSI iBoard
2009-03-20,0.570000,0.590000,0.570000,0.580000,276060,SSI iBoard
2009-03-23,0.580000,0.580000,0.560000,0.570000,559280,SSI iBoard
2009-03-24,0.600000,0.600000,0.600000,0.600000,534140,SSI iBoard
2009-03-25,0.600000,0.630000,0.600000,0.630000,1676890,SSI iBoard
2009-03-26,0.660000,0.660000,0.650000,0.660000,996360,SSI iBoard
2009-03-27,0.690000,0.690000,0.670000,0.670000,1523000,SSI iBoard
2009-03-30,0.640000,0.670000,0.640000,0.650000,538130,SSI iBoard
2009-03-31,0.650000,0.650000,0.630000,0.640000,616570,SSI iBoard
2009-04-01,0.660000,0.670000,0.650000,0.670000,847700,SSI iBoard
2009-04-02,0.690000,0.710000,0.680000,0.710000,1062630,SSI iBoard
2009-04-03,0.740000,0.740000,0.740000,0.740000,537350,SSI iBoard
2009-04-07,0.740000,0.780000,0.730000,0.780000,1363750,SSI iBoard
2009-04-08,0.770000,0.810000,0.740000,0.740000,1407720,SSI iBoard
2009-04-09,0.750000,0.750000,0.730000,0.740000,1086980,SSI iBoard
2009-04-10,0.780000,0.780000,0.780000,0.780000,195030,SSI iBoard
2009-04-13,0.820000,0.820000,0.820000,0.820000,151470,SSI iBoard
2009-04-14,0.840000,0.860000,0.820000,0.860000,2152950,SSI iBoard
2009-04-15,0.850000,0.890000,0.820000,0.820000,1460240,SSI iBoard
2009-04-16,0.860000,0.860000,0.830000,0.860000,1684190,SSI iBoard
2009-04-17,0.840000,0.880000,0.820000,0.840000,1313930,SSI iBoard
2009-04-20,0.800000,0.820000,0.800000,0.800000,1609860,SSI iBoard
2009-04-21,0.760000,0.840000,0.760000,0.840000,1635550,SSI iBoard
2009-04-22,0.880000,0.880000,0.850000,0.880000,1493650,SSI iBoard
2009-04-23,0.880000,0.900000,0.870000,0.870000,943540,SSI iBoard
2009-04-24,0.840000,0.860000,0.830000,0.860000,753580,SSI iBoard
2009-04-27,0.860000,0.870000,0.840000,0.850000,795590,SSI iBoard
2009-04-28,0.850000,0.870000,0.850000,0.860000,775550,SSI iBoard
2009-04-29,0.860000,0.870000,0.860000,0.870000,948860,SSI iBoard
2009-05-04,0.910000,0.910000,0.910000,0.910000,258290,SSI iBoard
2009-05-05,0.950000,0.950000,0.950000,0.950000,422480,SSI iBoard
2009-05-06,0.990000,1.000000,0.960000,0.990000,4340760,SSI iBoard
2009-05-07,1.040000,1.040000,1.020000,1.040000,1688560,SSI iBoard
2009-05-08,1.040000,1.090000,1.040000,1.050000,1572660,SSI iBoard
2009-05-11,1.070000,1.090000,1.050000,1.070000,1762600,SSI iBoard
2009-05-12,1.070000,1.110000,1.030000,1.110000,1504600,SSI iBoard
2009-05-13,1.100000,1.120000,1.050000,1.050000,1891480,SSI iBoard
2009-05-14,1.010000,1.050000,1.000000,1.050000,1862110,SSI iBoard
2009-05-15,1.070000,1.100000,1.060000,1.100000,1441850,SSI iBoard
2009-05-18,1.040000,1.100000,1.040000,1.060000,800090,SSI iBoard
2009-05-19,1.110000,1.110000,1.060000,1.070000,1296650,SSI iBoard
2009-05-20,1.130000,1.130000,1.110000,1.130000,4389640,SSI iBoard
2009-05-21,1.130000,1.130000,1.090000,1.100000,1061320,SSI iBoard
2009-05-22,1.060000,1.090000,1.050000,1.060000,1223140,SSI iBoard
2009-05-25,1.090000,1.110000,1.070000,1.110000,1047770,SSI iBoard
2009-05-26,1.110000,1.120000,1.070000,1.070000,1098870,SSI iBoard
2009-05-27,1.070000,1.090000,1.060000,1.060000,1206590,SSI iBoard
2009-05-28,1.030000,1.060000,1.030000,1.030000,1033500,SSI iBoard
2009-05-29,1.050000,1.050000,1.010000,1.040000,851340,SSI iBoard
2009-06-01,1.070000,1.090000,1.060000,1.090000,945340,SSI iBoard
2009-06-02,1.140000,1.140000,1.120000,1.130000,2225330,SSI iBoard
2009-06-03,1.130000,1.140000,1.110000,1.130000,1219760,SSI iBoard
2009-06-04,1.140000,1.180000,1.140000,1.170000,1859360,SSI iBoard
2009-06-05,1.230000,1.230000,1.210000,1.230000,7228260,SSI iBoard
2009-06-08,1.280000,1.280000,1.270000,1.280000,2532860,SSI iBoard
2009-06-09,1.330000,1.330000,1.280000,1.330000,2708700,SSI iBoard
2009-06-10,1.290000,1.290000,1.290000,1.270000,2680320,SSI iBoard
2009-06-11,1.300000,1.300000,1.270000,1.320000,2548860,SSI iBoard
2009-06-12,1.360000,1.360000,1.270000,1.280000,2074070,SSI iBoard
2009-06-15,1.230000,1.270000,1.230000,1.230000,2049850,SSI iBoard
2009-06-16,1.170000,1.200000,1.170000,1.170000,1935800,SSI iBoard
2009-06-17,1.140000,1.230000,1.140000,1.230000,2246710,SSI iBoard
2009-06-18,1.260000,1.260000,1.190000,1.240000,1179120,SSI iBoard
2009-06-19,1.270000,1.270000,1.210000,1.240000,2081940,SSI iBoard
2009-06-22,1.200000,1.210000,1.180000,1.180000,1718880,SSI iBoard
2009-06-23,1.130000,1.160000,1.130000,1.130000,2826180,SSI iBoard
2009-06-24,1.180000,1.180000,1.170000,1.180000,815830,SSI iBoard
2009-06-25,1.240000,1.240000,1.180000,1.190000,1756550,SSI iBoard
2009-06-26,1.190000,1.210000,1.180000,1.210000,854380,SSI iBoard
2009-06-29,1.210000,1.240000,1.200000,1.210000,1019420,SSI iBoard
2009-07-01,1.120000,1.150000,1.110000,1.130000,1350880,SSI iBoard
2009-07-02,1.150000,1.180000,1.130000,1.170000,1068280,SSI iBoard
2009-07-03,1.160000,1.180000,1.150000,1.180000,753950,SSI iBoard
2009-07-06,1.200000,1.240000,1.190000,1.240000,1281640,SSI iBoard
2009-07-07,1.230000,1.250000,1.200000,1.210000,841980,SSI iBoard
2009-07-08,1.210000,1.230000,1.200000,1.210000,766510,SSI iBoard
2009-07-09,1.210000,1.240000,1.200000,1.230000,553520,SSI iBoard
2009-07-10,1.210000,1.230000,1.180000,1.190000,789030,SSI iBoard
2009-07-13,1.180000,1.180000,1.150000,1.160000,637410,SSI iBoard
2009-07-14,1.160000,1.160000,1.130000,1.150000,697720,SSI iBoard
2009-07-15,1.170000,1.190000,1.160000,1.170000,425680,SSI iBoard
2009-07-16,1.200000,1.200000,1.170000,1.180000,569320,SSI iBoard
2009-07-17,1.180000,1.200000,1.170000,1.180000,472240,SSI iBoard
2009-07-20,1.150000,1.160000,1.140000,1.150000,437790,SSI iBoard
2009-07-21,1.160000,1.180000,1.150000,1.160000,566010,SSI iBoard
2009-07-22,1.190000,1.190000,1.160000,1.180000,682720,SSI iBoard
2009-07-23,1.180000,1.230000,1.170000,1.230000,899630,SSI iBoard
2009-07-24,1.280000,1.280000,1.280000,1.280000,793230,SSI iBoard
2009-07-27,1.320000,1.330000,1.270000,1.320000,2731330,SSI iBoard
2009-07-28,1.310000,1.320000,1.260000,1.270000,1137800,SSI iBoard
2009-07-30,1.230000,1.250000,1.200000,1.230000,678040,SSI iBoard
2009-07-31,1.260000,1.280000,1.240000,1.280000,1044120,SSI iBoard
2009-08-03,1.270000,1.290000,1.260000,1.270000,671750,SSI iBoard
2009-08-05,1.280000,1.310000,1.270000,1.310000,1138690,SSI iBoard
2009-08-06,1.310000,1.340000,1.310000,1.310000,1700250,SSI iBoard
2009-08-07,1.310000,1.330000,1.310000,1.330000,1077290,SSI iBoard
2009-08-10,1.350000,1.400000,1.340000,1.390000,1247550,SSI iBoard
2009-08-11,1.380000,1.450000,1.380000,1.450000,1717240,SSI iBoard
2009-08-12,1.470000,1.490000,1.450000,1.470000,1159280,SSI iBoard
2009-08-13,1.480000,1.500000,1.470000,1.490000,1365350,SSI iBoard
2009-08-14,1.470000,1.490000,1.460000,1.470000,1330390,SSI iBoard
2009-08-17,1.460000,1.470000,1.440000,1.450000,1338920,SSI iBoard
2009-08-18,1.440000,1.470000,1.430000,1.450000,1184350,SSI iBoard
2009-08-19,1.480000,1.490000,1.460000,1.490000,782570,SSI iBoard
2009-08-20,1.500000,1.500000,1.480000,1.490000,747250,SSI iBoard
2009-08-21,1.520000,1.550000,1.490000,1.490000,1463830,SSI iBoard
2009-08-24,1.490000,1.530000,1.490000,1.520000,1032460,SSI iBoard
2009-08-25,1.500000,1.530000,1.490000,1.490000,978780,SSI iBoard
2009-08-26,1.500000,1.520000,1.480000,1.490000,914610,SSI iBoard
2009-08-27,1.490000,1.500000,1.480000,1.480000,720670,SSI iBoard
2009-08-28,1.490000,1.500000,1.480000,1.500000,605860,SSI iBoard
2009-08-31,1.530000,1.530000,1.490000,1.490000,1464500,SSI iBoard
2009-09-01,1.480000,1.500000,1.480000,1.490000,1055280,SSI iBoard
2009-09-03,1.470000,1.500000,1.470000,1.480000,715120,SSI iBoard
2009-09-04,1.490000,1.490000,1.450000,1.450000,992060,SSI iBoard
2009-09-07,1.450000,1.450000,1.400000,1.440000,864620,SSI iBoard
2009-09-08,1.460000,1.500000,1.460000,1.500000,1052940,SSI iBoard
2009-09-09,1.580000,1.580000,1.540000,1.570000,2937040,SSI iBoard
2009-09-10,1.550000,1.580000,1.540000,1.550000,940690,SSI iBoard
2009-09-11,1.560000,1.560000,1.530000,1.530000,1125240,SSI iBoard
2009-09-14,1.520000,1.540000,1.500000,1.520000,1261790,SSI iBoard
2009-09-15,1.530000,1.530000,1.480000,1.500000,1499430,SSI iBoard
2009-09-16,1.500000,1.520000,1.480000,1.480000,1508880,SSI iBoard
2009-09-17,1.480000,1.490000,1.460000,1.480000,1239650,SSI iBoard
2009-09-18,1.470000,1.490000,1.470000,1.480000,1041030,SSI iBoard
2009-09-21,1.520000,1.550000,1.520000,1.550000,3473740,SSI iBoard
2009-09-22,1.590000,1.590000,1.550000,1.550000,2063940,SSI iBoard
2009-09-23,1.590000,1.620000,1.580000,1.590000,2862390,SSI iBoard
2009-09-24,1.590000,1.610000,1.560000,1.570000,1703610,SSI iBoard
2009-09-25,1.550000,1.580000,1.550000,1.560000,1434430,SSI iBoard
2009-09-28,1.580000,1.580000,1.550000,1.550000,1801270,SSI iBoard
2009-09-29,1.560000,1.570000,1.540000,1.560000,1876300,SSI iBoard
2009-09-30,1.570000,1.570000,1.540000,1.540000,879360,SSI iBoard
2009-10-01,1.540000,1.550000,1.500000,1.500000,1161970,SSI iBoard
2009-10-02,1.460000,1.480000,1.430000,1.460000,2132700,SSI iBoard
2009-10-05,1.480000,1.490000,1.440000,1.450000,1168410,SSI iBoard
2009-10-06,1.460000,1.470000,1.440000,1.450000,881250,SSI iBoard
2009-10-07,1.460000,1.520000,1.460000,1.520000,1175660,SSI iBoard
2009-10-08,1.520000,1.530000,1.490000,1.520000,692310,SSI iBoard
2009-10-09,1.550000,1.550000,1.520000,1.540000,754780,SSI iBoard
2009-10-12,1.580000,1.610000,1.550000,1.600000,2136880,SSI iBoard
2009-10-13,1.590000,1.600000,1.560000,1.560000,802630,SSI iBoard
2009-10-14,1.560000,1.630000,1.560000,1.610000,1594380,SSI iBoard
2009-10-15,1.680000,1.680000,1.630000,1.650000,1985730,SSI iBoard
2009-10-16,1.650000,1.660000,1.600000,1.600000,1699760,SSI iBoard
2009-10-19,1.620000,1.620000,1.590000,1.600000,1058700,SSI iBoard
2009-10-20,1.620000,1.650000,1.620000,1.630000,1193130,SSI iBoard
2009-10-21,1.630000,1.670000,1.620000,1.670000,1769760,SSI iBoard
2009-10-22,1.740000,1.740000,1.720000,1.740000,2444950,SSI iBoard
2009-10-23,1.830000,1.830000,1.780000,1.780000,3326630,SSI iBoard
2009-10-26,1.820000,1.840000,1.750000,1.770000,1987380,SSI iBoard
2009-10-27,1.740000,1.740000,1.680000,1.730000,2253900,SSI iBoard
2009-10-28,1.740000,1.740000,1.700000,1.710000,1007300,SSI iBoard
2009-10-29,1.710000,1.710000,1.630000,1.680000,3021360,SSI iBoard
2009-10-30,1.700000,1.720000,1.660000,1.680000,1799490,SSI iBoard
2009-11-02,1.600000,1.610000,1.600000,1.600000,1329940,SSI iBoard
2009-11-03,1.590000,1.590000,1.530000,1.540000,2877530,SSI iBoard
2009-11-04,1.540000,1.570000,1.480000,1.500000,1363890,SSI iBoard
2009-11-05,1.500000,1.540000,1.480000,1.520000,1504470,SSI iBoard
2009-11-06,1.550000,1.550000,1.480000,1.480000,1019470,SSI iBoard
2009-11-09,1.460000,1.470000,1.420000,1.420000,863630,SSI iBoard
2009-11-10,1.420000,1.430000,1.350000,1.360000,1349750,SSI iBoard
2009-11-11,1.400000,1.430000,1.340000,1.430000,1003180,SSI iBoard
2009-11-12,1.450000,1.490000,1.430000,1.480000,1490540,SSI iBoard
2009-11-13,1.450000,1.520000,1.450000,1.520000,1298010,SSI iBoard
2009-11-16,1.500000,1.530000,1.470000,1.470000,662860,SSI iBoard
2009-11-17,1.470000,1.490000,1.450000,1.460000,662490,SSI iBoard
2009-11-18,1.460000,1.530000,1.450000,1.530000,938130,SSI iBoard
2009-11-19,1.540000,1.580000,1.520000,1.570000,1220610,SSI iBoard
2009-11-20,1.540000,1.570000,1.520000,1.530000,652620,SSI iBoard
2009-11-23,1.500000,1.520000,1.460000,1.460000,778690,SSI iBoard
2009-11-24,1.450000,1.470000,1.420000,1.440000,913900,SSI iBoard
2009-11-25,1.370000,1.410000,1.370000,1.370000,1231450,SSI iBoard
2009-11-26,1.310000,1.350000,1.310000,1.310000,872660,SSI iBoard
2009-11-27,1.240000,1.370000,1.240000,1.300000,1064450,SSI iBoard
2009-11-30,1.310000,1.350000,1.310000,1.350000,724110,SSI iBoard
2009-12-01,1.400000,1.420000,1.370000,1.400000,881590,SSI iBoard
2009-12-02,1.360000,1.420000,1.350000,1.360000,861010,SSI iBoard
2009-12-03,1.350000,1.370000,1.320000,1.350000,768240,SSI iBoard
2009-12-04,1.370000,1.370000,1.320000,1.340000,816890,SSI iBoard
2009-12-07,1.340000,1.350000,1.320000,1.340000,398370,SSI iBoard
2009-12-08,1.330000,1.340000,1.310000,1.310000,328390,SSI iBoard
2009-12-09,1.240000,1.260000,1.240000,1.240000,1009340,SSI iBoard
2009-12-10,1.240000,1.250000,1.210000,1.210000,630610,SSI iBoard
2009-12-11,1.190000,1.210000,1.160000,1.160000,728390,SSI iBoard
2009-12-14,1.180000,1.210000,1.160000,1.210000,589640,SSI iBoard
2009-12-15,1.200000,1.230000,1.180000,1.210000,263240,SSI iBoard
2009-12-16,1.210000,1.210000,1.160000,1.160000,679750,SSI iBoard
2009-12-17,1.120000,1.130000,1.100000,1.120000,641810,SSI iBoard
2009-12-18,1.130000,1.180000,1.120000,1.120000,1214100,SSI iBoard
2009-12-21,1.170000,1.180000,1.160000,1.180000,331320,SSI iBoard
2009-12-22,1.210000,1.230000,1.200000,1.230000,907080,SSI iBoard
2009-12-23,1.210000,1.250000,1.210000,1.220000,410210,SSI iBoard
2009-12-24,1.210000,1.240000,1.190000,1.240000,545390,SSI iBoard
2009-12-25,1.260000,1.300000,1.240000,1.300000,850850,SSI iBoard
2009-12-28,1.260000,1.300000,1.250000,1.250000,749810,SSI iBoard
2009-12-29,1.250000,1.250000,1.220000,1.220000,596380,SSI iBoard
2009-12-30,1.210000,1.260000,1.210000,1.260000,542360,SSI iBoard
2009-12-31,1.290000,1.320000,1.280000,1.280000,823270,SSI iBoard
2010-01-04,1.310000,1.330000,1.310000,1.330000,603120,SSI iBoard
2010-01-05,1.400000,1.400000,1.330000,1.400000,1203080,SSI iBoard
2010-01-06,1.380000,1.440000,1.370000,1.440000,1771660,SSI iBoard
2010-01-07,1.460000,1.500000,1.440000,1.480000,1535800,SSI iBoard
2010-01-08,1.520000,1.520000,1.420000,1.420000,909010,SSI iBoard
2010-01-11,1.420000,1.440000,1.380000,1.400000,732580,SSI iBoard
2010-01-12,1.370000,1.410000,1.340000,1.340000,885660,SSI iBoard
2010-01-13,1.340000,1.370000,1.290000,1.370000,958420,SSI iBoard
2010-01-14,1.400000,1.400000,1.350000,1.350000,402680,SSI iBoard
2010-01-15,1.350000,1.370000,1.330000,1.330000,437400,SSI iBoard
2010-01-18,1.320000,1.320000,1.290000,1.290000,497510,SSI iBoard
2010-01-19,1.300000,1.340000,1.300000,1.320000,479060,SSI iBoard
2010-01-20,1.310000,1.340000,1.310000,1.310000,474300,SSI iBoard
2010-01-21,1.290000,1.320000,1.280000,1.280000,425450,SSI iBoard
2010-01-22,1.260000,1.290000,1.250000,1.280000,586550,SSI iBoard
2010-01-25,1.260000,1.300000,1.260000,1.300000,199710,SSI iBoard
2010-01-26,1.330000,1.350000,1.330000,1.350000,536240,SSI iBoard
2010-01-27,1.350000,1.360000,1.310000,1.310000,271340,SSI iBoard
2010-01-28,1.300000,1.320000,1.290000,1.290000,245300,SSI iBoard
2010-01-29,1.320000,1.330000,1.290000,1.310000,393890,SSI iBoard
2010-02-01,1.330000,1.360000,1.330000,1.360000,484240,SSI iBoard
2010-02-02,1.410000,1.410000,1.360000,1.400000,1018050,SSI iBoard
2010-02-03,1.410000,1.410000,1.380000,1.410000,864930,SSI iBoard
2010-02-04,1.400000,1.430000,1.380000,1.410000,912150,SSI iBoard
2010-02-05,1.370000,1.400000,1.360000,1.370000,537270,SSI iBoard
2010-02-08,1.360000,1.380000,1.360000,1.370000,472190,SSI iBoard
2010-02-09,1.360000,1.370000,1.350000,1.370000,328950,SSI iBoard
2010-02-10,1.370000,1.400000,1.360000,1.400000,278940,SSI iBoard
2010-02-11,1.400000,1.410000,1.380000,1.400000,203140,SSI iBoard
2010-02-12,1.400000,1.410000,1.400000,1.410000,253950,SSI iBoard
2010-02-22,1.400000,1.410000,1.380000,1.400000,184990,SSI iBoard
2010-02-23,1.360000,1.370000,1.340000,1.350000,356540,SSI iBoard
2010-02-24,1.350000,1.350000,1.320000,1.350000,371930,SSI iBoard
2010-02-25,1.350000,1.370000,1.340000,1.340000,407930,SSI iBoard
2010-02-26,1.340000,1.350000,1.320000,1.320000,451710,SSI iBoard
2010-03-01,1.340000,1.350000,1.330000,1.340000,284110,SSI iBoard
2010-03-02,1.340000,1.400000,1.340000,1.370000,549860,SSI iBoard
2010-03-03,1.400000,1.400000,1.370000,1.400000,499740,SSI iBoard
2010-03-04,1.420000,1.430000,1.400000,1.400000,694000,SSI iBoard
2010-03-05,1.410000,1.420000,1.400000,1.410000,480790,SSI iBoard
2010-03-08,1.430000,1.440000,1.410000,1.440000,450120,SSI iBoard
2010-03-09,1.440000,1.450000,1.420000,1.440000,843010,SSI iBoard
2010-03-10,1.440000,1.460000,1.430000,1.460000,556790,SSI iBoard
2010-03-11,1.500000,1.530000,1.490000,1.500000,1672180,SSI iBoard
2010-03-12,1.520000,1.520000,1.490000,1.500000,623150,SSI iBoard
2010-03-15,1.490000,1.520000,1.490000,1.490000,497550,SSI iBoard
2010-03-16,1.480000,1.480000,1.450000,1.450000,585500,SSI iBoard
2010-03-17,1.420000,1.460000,1.420000,1.420000,682260,SSI iBoard
2010-03-18,1.450000,1.450000,1.410000,1.450000,372020,SSI iBoard
2010-03-19,1.440000,1.460000,1.430000,1.440000,371440,SSI iBoard
2010-03-22,1.430000,1.440000,1.410000,1.420000,367360,SSI iBoard
2010-03-23,1.410000,1.420000,1.400000,1.410000,442100,SSI iBoard
2010-03-24,1.440000,1.440000,1.400000,1.420000,406220,SSI iBoard
2010-03-25,1.410000,1.410000,1.370000,1.380000,419770,SSI iBoard
2010-03-26,1.380000,1.410000,1.380000,1.400000,248330,SSI iBoard
2010-03-29,1.400000,1.420000,1.380000,1.400000,188700,SSI iBoard
2010-03-30,1.400000,1.410000,1.380000,1.380000,305370,SSI iBoard
2010-03-31,1.380000,1.380000,1.360000,1.360000,580860,SSI iBoard
2010-04-01,1.380000,1.400000,1.360000,1.400000,474730,SSI iBoard
2010-04-02,1.410000,1.420000,1.380000,1.420000,442760,SSI iBoard
2010-04-05,1.440000,1.460000,1.430000,1.460000,642470,SSI iBoard
2010-04-06,1.480000,1.490000,1.460000,1.460000,896310,SSI iBoard
2010-04-07,1.470000,1.480000,1.450000,1.470000,484850,SSI iBoard
2010-04-08,1.470000,1.480000,1.460000,1.470000,420120,SSI iBoard
2010-04-09,1.470000,1.490000,1.460000,1.470000,501430,SSI iBoard
2010-04-12,1.480000,1.480000,1.460000,1.470000,395000,SSI iBoard
2010-04-13,1.460000,1.470000,1.460000,1.460000,606100,SSI iBoard
2010-04-14,1.460000,1.470000,1.450000,1.460000,410790,SSI iBoard
2010-04-15,1.470000,1.480000,1.460000,1.480000,572700,SSI iBoard
2010-04-16,1.480000,1.480000,1.470000,1.470000,296860,SSI iBoard
2010-04-19,1.470000,1.490000,1.470000,1.470000,327330,SSI iBoard
2010-04-20,1.480000,1.480000,1.460000,1.470000,267520,SSI iBoard
2010-04-21,1.480000,1.480000,1.460000,1.470000,579670,SSI iBoard
2010-04-22,1.470000,1.500000,1.460000,1.490000,746300,SSI iBoard
2010-04-26,1.500000,1.520000,1.490000,1.500000,923660,SSI iBoard
2010-04-27,1.580000,1.580000,1.570000,1.580000,2002680,SSI iBoard
2010-04-28,1.580000,1.600000,1.580000,1.580000,1065180,SSI iBoard
2010-04-29,1.560000,1.580000,1.560000,1.560000,488110,SSI iBoard
2010-05-04,1.570000,1.570000,1.550000,1.560000,361080,SSI iBoard
2010-05-05,1.540000,1.540000,1.520000,1.520000,624960,SSI iBoard
2010-05-06,1.510000,1.530000,1.510000,1.520000,499330,SSI iBoard
2010-05-07,1.500000,1.500000,1.470000,1.480000,565930,SSI iBoard
2010-05-10,1.480000,1.480000,1.460000,1.470000,656620,SSI iBoard
2010-05-11,1.470000,1.490000,1.470000,1.470000,307330,SSI iBoard
2010-05-12,1.440000,1.450000,1.430000,1.440000,361210,SSI iBoard
2010-05-13,1.440000,1.450000,1.430000,1.440000,228970,SSI iBoard
2010-05-14,1.450000,1.460000,1.440000,1.440000,166660,SSI iBoard
2010-05-17,1.440000,1.440000,1.390000,1.390000,252040,SSI iBoard
2010-05-18,1.370000,1.390000,1.370000,1.380000,223530,SSI iBoard
2010-05-19,1.330000,1.360000,1.330000,1.330000,458670,SSI iBoard
2010-05-20,1.320000,1.390000,1.320000,1.390000,256780,SSI iBoard
2010-05-21,1.320000,1.370000,1.320000,1.320000,377000,SSI iBoard
2010-05-24,1.320000,1.360000,1.320000,1.320000,338810,SSI iBoard
2010-05-25,1.310000,1.330000,1.290000,1.290000,490640,SSI iBoard
2010-05-26,1.320000,1.330000,1.310000,1.330000,205260,SSI iBoard
2010-05-27,1.330000,1.340000,1.320000,1.330000,300120,SSI iBoard
2010-05-28,1.390000,1.390000,1.310000,1.370000,288170,SSI iBoard
2010-05-31,1.370000,1.380000,1.360000,1.370000,270000,SSI iBoard
2010-06-01,1.370000,1.380000,1.340000,1.370000,145940,SSI iBoard
2010-06-02,1.370000,1.380000,1.370000,1.370000,278700,SSI iBoard
2010-06-03,1.370000,1.410000,1.370000,1.370000,331490,SSI iBoard
2010-06-04,1.360000,1.380000,1.360000,1.370000,165550,SSI iBoard
2010-06-07,1.320000,1.370000,1.320000,1.370000,341410,SSI iBoard
2010-06-08,1.360000,1.360000,1.340000,1.350000,267800,SSI iBoard
2010-06-09,1.340000,1.370000,1.340000,1.340000,285370,SSI iBoard
2010-06-10,1.320000,1.360000,1.320000,1.360000,122590,SSI iBoard
2010-06-11,1.370000,1.370000,1.360000,1.360000,88710,SSI iBoard
2010-06-14,1.360000,1.360000,1.360000,1.360000,161540,SSI iBoard
2010-06-15,1.370000,1.370000,1.360000,1.370000,279590,SSI iBoard
2010-06-16,1.370000,1.370000,1.360000,1.360000,233890,SSI iBoard
2010-06-17,1.350000,1.360000,1.350000,1.350000,249480,SSI iBoard
2010-06-18,1.350000,1.360000,1.340000,1.350000,546880,SSI iBoard
2010-06-21,1.360000,1.360000,1.350000,1.350000,253020,SSI iBoard
2010-06-22,1.350000,1.360000,1.350000,1.350000,262430,SSI iBoard
2010-06-23,1.350000,1.360000,1.350000,1.360000,91440,SSI iBoard
2010-06-24,1.360000,1.360000,1.350000,1.350000,242340,SSI iBoard
2010-06-25,1.350000,1.360000,1.350000,1.350000,247430,SSI iBoard
2010-06-28,1.340000,1.350000,1.340000,1.340000,186510,SSI iBoard
2010-06-29,1.350000,1.360000,1.350000,1.350000,285000,SSI iBoard
2010-06-30,1.330000,1.360000,1.330000,1.360000,196340,SSI iBoard
2010-07-01,1.360000,1.360000,1.330000,1.330000,71850,SSI iBoard
2010-07-02,1.340000,1.340000,1.320000,1.320000,378360,SSI iBoard
2010-07-05,1.320000,1.340000,1.320000,1.340000,274180,SSI iBoard
2010-07-06,1.340000,1.340000,1.310000,1.310000,213890,SSI iBoard
2010-07-07,1.310000,1.310000,1.280000,1.280000,120370,SSI iBoard
2010-07-08,1.270000,1.300000,1.270000,1.270000,161800,SSI iBoard
2010-07-09,1.280000,1.280000,1.260000,1.270000,264450,SSI iBoard
2010-07-12,1.270000,1.270000,1.260000,1.270000,271470,SSI iBoard
2010-07-13,1.280000,1.320000,1.270000,1.310000,358710,SSI iBoard
2010-07-14,1.280000,1.310000,1.280000,1.280000,273770,SSI iBoard
2010-07-15,1.280000,1.290000,1.280000,1.280000,177430,SSI iBoard
2010-07-16,1.290000,1.290000,1.280000,1.280000,176920,SSI iBoard
2010-07-19,1.260000,1.280000,1.260000,1.280000,229210,SSI iBoard
2010-07-20,1.280000,1.280000,1.270000,1.270000,166700,SSI iBoard
2010-07-21,1.250000,1.260000,1.250000,1.260000,193420,SSI iBoard
2010-07-22,1.260000,1.260000,1.250000,1.250000,114970,SSI iBoard
2010-07-23,1.240000,1.250000,1.240000,1.240000,260170,SSI iBoard
2010-07-26,1.220000,1.240000,1.220000,1.240000,166160,SSI iBoard
2010-07-27,1.240000,1.240000,1.220000,1.220000,476650,SSI iBoard
2010-07-28,1.220000,1.230000,1.200000,1.200000,318900,SSI iBoard
2010-07-29,1.160000,1.200000,1.160000,1.160000,472220,SSI iBoard
2010-07-30,1.190000,1.190000,1.160000,1.170000,438740,SSI iBoard
2010-08-02,1.170000,1.170000,1.160000,1.170000,266850,SSI iBoard
2010-08-03,1.180000,1.210000,1.180000,1.190000,504480,SSI iBoard
2010-08-04,1.190000,1.200000,1.180000,1.200000,432320,SSI iBoard
2010-08-05,1.200000,1.210000,1.190000,1.190000,145120,SSI iBoard
2010-08-06,1.190000,1.210000,1.170000,1.210000,317880,SSI iBoard
2010-08-09,1.200000,1.200000,1.170000,1.180000,386720,SSI iBoard
2010-08-10,1.170000,1.170000,1.130000,1.150000,509940,SSI iBoard
2010-08-11,1.170000,1.170000,1.140000,1.140000,487330,SSI iBoard
2010-08-12,1.120000,1.120000,1.090000,1.090000,617570,SSI iBoard
2010-08-13,1.090000,1.110000,1.060000,1.110000,544240,SSI iBoard
2010-08-16,1.120000,1.170000,1.120000,1.170000,382810,SSI iBoard
2010-08-17,1.170000,1.170000,1.140000,1.150000,241000,SSI iBoard
2010-08-18,1.150000,1.150000,1.140000,1.140000,378740,SSI iBoard
2010-08-19,1.130000,1.150000,1.120000,1.140000,189520,SSI iBoard
2010-08-20,1.140000,1.180000,1.130000,1.180000,179980,SSI iBoard
2010-08-23,1.180000,1.180000,1.160000,1.180000,311410,SSI iBoard
2010-08-24,1.160000,1.170000,1.140000,1.150000,441830,SSI iBoard
2010-08-25,1.130000,1.140000,1.110000,1.110000,340680,SSI iBoard
2010-08-26,1.140000,1.140000,1.120000,1.140000,396840,SSI iBoard
2010-08-27,1.140000,1.180000,1.110000,1.140000,378340,SSI iBoard
2010-08-30,1.180000,1.200000,1.180000,1.200000,508820,SSI iBoard
2010-08-31,1.260000,1.260000,1.210000,1.260000,832260,SSI iBoard
2010-09-01,1.280000,1.310000,1.260000,1.310000,676620,SSI iBoard
2010-09-06,1.310000,1.370000,1.300000,1.310000,503290,SSI iBoard
2010-09-07,1.280000,1.310000,1.260000,1.260000,386300,SSI iBoard
2010-09-08,1.230000,1.270000,1.230000,1.270000,262380,SSI iBoard
2010-09-09,1.310000,1.310000,1.260000,1.280000,286720,SSI iBoard
2010-09-10,1.280000,1.280000,1.230000,1.230000,232810,SSI iBoard
2010-09-13,1.190000,1.250000,1.190000,1.230000,147400,SSI iBoard
2010-09-14,1.230000,1.260000,1.230000,1.230000,300230,SSI iBoard
2010-09-15,1.230000,1.240000,1.230000,1.240000,221800,SSI iBoard
2010-09-16,1.220000,1.250000,1.220000,1.250000,166060,SSI iBoard
2010-09-17,1.240000,1.310000,1.230000,1.310000,563560,SSI iBoard
2010-09-20,1.320000,1.320000,1.290000,1.300000,266770,SSI iBoard
2010-09-21,1.280000,1.290000,1.250000,1.250000,384400,SSI iBoard
2010-09-22,1.250000,1.270000,1.250000,1.260000,239780,SSI iBoard
2010-09-23,1.250000,1.270000,1.250000,1.260000,480450,SSI iBoard
2010-09-24,1.280000,1.280000,1.260000,1.260000,297550,SSI iBoard
2010-09-27,1.270000,1.270000,1.260000,1.260000,147930,SSI iBoard
2010-09-28,1.260000,1.270000,1.260000,1.260000,387940,SSI iBoard
2010-09-29,1.270000,1.270000,1.260000,1.260000,328700,SSI iBoard
2010-09-30,1.260000,1.260000,1.260000,1.260000,271740,SSI iBoard
2010-10-01,1.240000,1.270000,1.240000,1.260000,76010,SSI iBoard
2010-10-04,1.270000,1.270000,1.240000,1.270000,409420,SSI iBoard
2010-10-05,1.270000,1.290000,1.230000,1.290000,523530,SSI iBoard
2010-10-06,1.290000,1.310000,1.290000,1.300000,523900,SSI iBoard
2010-10-07,1.280000,1.300000,1.280000,1.300000,287370,SSI iBoard
2010-10-08,1.300000,1.300000,1.290000,1.290000,240870,SSI iBoard
2010-10-11,1.280000,1.300000,1.280000,1.300000,210340,SSI iBoard
2010-10-12,1.280000,1.280000,1.270000,1.280000,292300,SSI iBoard
2010-10-13,1.280000,1.280000,1.270000,1.280000,346590,SSI iBoard
2010-10-14,1.300000,1.300000,1.270000,1.270000,446740,SSI iBoard
2010-10-15,1.250000,1.280000,1.250000,1.280000,558900,SSI iBoard
2010-10-18,1.270000,1.280000,1.270000,1.280000,353990,SSI iBoard
2010-10-19,1.280000,1.280000,1.260000,1.270000,323010,SSI iBoard
2010-10-20,1.260000,1.260000,1.250000,1.250000,332130,SSI iBoard
2010-10-21,1.260000,1.270000,1.250000,1.260000,202500,SSI iBoard
2010-10-22,1.280000,1.280000,1.250000,1.280000,206510,SSI iBoard
2010-10-25,1.290000,1.290000,1.270000,1.280000,153500,SSI iBoard
2010-10-26,1.290000,1.300000,1.280000,1.290000,161840,SSI iBoard
2010-10-27,1.270000,1.290000,1.270000,1.280000,218730,SSI iBoard
2010-10-28,1.280000,1.280000,1.270000,1.280000,142410,SSI iBoard
2010-10-29,1.280000,1.280000,1.280000,1.280000,183050,SSI iBoard
2010-11-01,1.280000,1.280000,1.260000,1.280000,118870,SSI iBoard
2010-11-02,1.270000,1.280000,1.270000,1.280000,90530,SSI iBoard
2010-11-03,1.280000,1.290000,1.270000,1.290000,176280,SSI iBoard
2010-11-04,1.290000,1.290000,1.280000,1.280000,62510,SSI iBoard
2010-11-05,1.280000,1.310000,1.280000,1.300000,379310,SSI iBoard
2010-11-08,1.300000,1.300000,1.290000,1.290000,172650,SSI iBoard
2010-11-09,1.280000,1.280000,1.260000,1.270000,150690,SSI iBoard
2010-11-10,1.270000,1.280000,1.260000,1.270000,201000,SSI iBoard
2010-11-11,1.270000,1.270000,1.240000,1.240000,196980,SSI iBoard
2010-11-12,1.240000,1.240000,1.200000,1.240000,241100,SSI iBoard
2010-11-15,1.210000,1.240000,1.210000,1.240000,200200,SSI iBoard
2010-11-16,1.250000,1.250000,1.220000,1.220000,150000,SSI iBoard
2010-11-17,1.220000,1.230000,1.190000,1.190000,211010,SSI iBoard
2010-11-18,1.160000,1.230000,1.160000,1.210000,240230,SSI iBoard
2010-11-19,1.240000,1.240000,1.200000,1.210000,237120,SSI iBoard
2010-11-22,1.240000,1.240000,1.200000,1.220000,257890,SSI iBoard
2010-11-23,1.230000,1.250000,1.220000,1.250000,340780,SSI iBoard
2010-11-24,1.250000,1.260000,1.230000,1.260000,197070,SSI iBoard
2010-11-25,1.270000,1.270000,1.260000,1.260000,192180,SSI iBoard
2010-11-26,1.270000,1.270000,1.250000,1.260000,124780,SSI iBoard
2010-11-29,1.230000,1.310000,1.230000,1.310000,351870,SSI iBoard
2010-11-30,1.310000,1.320000,1.300000,1.300000,456870,SSI iBoard
2010-12-01,1.330000,1.330000,1.320000,1.320000,266280,SSI iBoard
2010-12-02,1.290000,1.330000,1.290000,1.330000,355830,SSI iBoard
2010-12-03,1.330000,1.340000,1.320000,1.330000,292290,SSI iBoard
2010-12-06,1.330000,1.330000,1.310000,1.310000,293700,SSI iBoard
2010-12-07,1.290000,1.300000,1.260000,1.260000,379450,SSI iBoard
2010-12-08,1.260000,1.290000,1.230000,1.230000,190040,SSI iBoard
2010-12-09,1.260000,1.270000,1.220000,1.260000,220890,SSI iBoard
2010-12-10,1.270000,1.310000,1.260000,1.310000,329900,SSI iBoard
2010-12-13,1.360000,1.370000,1.350000,1.360000,672690,SSI iBoard
2010-12-14,1.340000,1.360000,1.310000,1.360000,374680,SSI iBoard
2010-12-15,1.360000,1.360000,1.330000,1.350000,302480,SSI iBoard
2010-12-16,1.310000,1.340000,1.310000,1.340000,380760,SSI iBoard
2010-12-17,1.340000,1.350000,1.330000,1.350000,449720,SSI iBoard
2010-12-20,1.330000,1.350000,1.330000,1.340000,217620,SSI iBoard
2010-12-21,1.310000,1.350000,1.310000,1.350000,402870,SSI iBoard
2010-12-22,1.360000,1.360000,1.340000,1.350000,397780,SSI iBoard
2010-12-23,1.310000,1.340000,1.310000,1.340000,344240,SSI iBoard
2010-12-24,1.320000,1.340000,1.310000,1.340000,304000,SSI iBoard
2010-12-27,1.340000,1.340000,1.310000,1.340000,163170,SSI iBoard
2010-12-28,1.320000,1.340000,1.320000,1.340000,195150,SSI iBoard
2010-12-29,1.340000,1.340000,1.330000,1.330000,193870,SSI iBoard
2010-12-30,1.320000,1.330000,1.320000,1.330000,317530,SSI iBoard
2010-12-31,1.320000,1.330000,1.310000,1.330000,231060,SSI iBoard
2011-01-04,1.330000,1.340000,1.320000,1.330000,134810,SSI iBoard
2011-01-05,1.330000,1.330000,1.290000,1.290000,168800,SSI iBoard
2011-01-06,1.290000,1.290000,1.270000,1.280000,164830,SSI iBoard
2011-01-07,1.300000,1.300000,1.270000,1.300000,112350,SSI iBoard
2011-01-10,1.300000,1.300000,1.280000,1.290000,154810,SSI iBoard
2011-01-11,1.270000,1.290000,1.270000,1.280000,153580,SSI iBoard
2011-01-12,1.280000,1.280000,1.270000,1.270000,117170,SSI iBoard
2011-01-13,1.280000,1.280000,1.270000,1.280000,264560,SSI iBoard
2011-01-14,1.280000,1.280000,1.270000,1.280000,290420,SSI iBoard
2011-01-17,1.290000,1.310000,1.280000,1.280000,257360,SSI iBoard
2011-01-18,1.290000,1.300000,1.280000,1.290000,280070,SSI iBoard
2011-01-19,1.290000,1.340000,1.290000,1.330000,457860,SSI iBoard
2011-01-20,1.300000,1.340000,1.300000,1.330000,361670,SSI iBoard
2011-01-21,1.330000,1.330000,1.310000,1.320000,302420,SSI iBoard
2011-01-24,1.330000,1.330000,1.300000,1.310000,111030,SSI iBoard
2011-01-25,1.290000,1.290000,1.290000,1.290000,218100,SSI iBoard
2011-01-26,1.290000,1.300000,1.290000,1.300000,188520,SSI iBoard
2011-01-27,1.300000,1.330000,1.300000,1.330000,428250,SSI iBoard
2011-01-28,1.330000,1.330000,1.320000,1.330000,370830,SSI iBoard
2011-02-08,1.340000,1.360000,1.310000,1.350000,431720,SSI iBoard
2011-02-09,1.360000,1.370000,1.340000,1.340000,391520,SSI iBoard
2011-02-10,1.350000,1.350000,1.340000,1.340000,230160,SSI iBoard
2011-02-11,1.340000,1.340000,1.320000,1.330000,70830,SSI iBoard
2011-02-14,1.330000,1.330000,1.310000,1.310000,245090,SSI iBoard
2011-02-15,1.290000,1.300000,1.270000,1.280000,354670,SSI iBoard
2011-02-16,1.290000,1.290000,1.270000,1.270000,149890,SSI iBoard
2011-02-17,1.240000,1.260000,1.240000,1.260000,426790,SSI iBoard
2011-02-18,1.260000,1.270000,1.250000,1.250000,254020,SSI iBoard
2011-02-21,1.240000,1.240000,1.190000,1.190000,265400,SSI iBoard
2011-02-22,1.130000,1.150000,1.130000,1.140000,605710,SSI iBoard
2011-02-23,1.140000,1.170000,1.130000,1.130000,186830,SSI iBoard
2011-02-24,1.130000,1.130000,1.080000,1.100000,346440,SSI iBoard
2011-02-28,1.140000,1.140000,1.090000,1.090000,296390,SSI iBoard
2011-03-01,1.070000,1.090000,1.070000,1.070000,315470,SSI iBoard
2011-03-02,1.070000,1.080000,1.020000,1.030000,694100,SSI iBoard
2011-03-04,1.030000,1.040000,1.020000,1.020000,356990,SSI iBoard
2011-03-07,1.060000,1.060000,1.010000,1.020000,550710,SSI iBoard
2011-03-08,1.020000,1.030000,1.020000,1.020000,555030,SSI iBoard
2011-03-09,1.030000,1.070000,1.020000,1.070000,355690,SSI iBoard
2011-03-10,1.120000,1.120000,1.120000,1.120000,263820,SSI iBoard
2011-03-11,1.180000,1.180000,1.170000,1.180000,294330,SSI iBoard
2011-03-14,1.120000,1.180000,1.120000,1.120000,404350,SSI iBoard
2011-03-15,1.090000,1.170000,1.090000,1.150000,126150,SSI iBoard
2011-03-16,1.170000,1.170000,1.130000,1.130000,329870,SSI iBoard
2011-03-17,1.180000,1.180000,1.130000,1.150000,226710,SSI iBoard
2011-03-18,1.140000,1.200000,1.140000,1.200000,524980,SSI iBoard
2011-03-21,1.210000,1.210000,1.190000,1.190000,301800,SSI iBoard
2011-03-22,1.180000,1.220000,1.180000,1.200000,566080,SSI iBoard
2011-03-23,1.220000,1.230000,1.220000,1.220000,699690,SSI iBoard
2011-03-24,1.240000,1.250000,1.230000,1.230000,614070,SSI iBoard
2011-03-25,1.240000,1.250000,1.230000,1.240000,594480,SSI iBoard
2011-03-28,1.240000,1.250000,1.240000,1.240000,608330,SSI iBoard
2011-03-29,1.240000,1.250000,1.230000,1.240000,594280,SSI iBoard
2011-03-30,1.240000,1.240000,1.210000,1.210000,766270,SSI iBoard
2011-03-31,1.220000,1.230000,1.200000,1.200000,278890,SSI iBoard
2011-04-01,1.220000,1.220000,1.200000,1.200000,140180,SSI iBoard
2011-04-04,1.200000,1.220000,1.190000,1.200000,344400,SSI iBoard
2011-04-05,1.210000,1.210000,1.190000,1.200000,110340,SSI iBoard
2011-04-06,1.200000,1.240000,1.200000,1.240000,258020,SSI iBoard
2011-04-07,1.210000,1.240000,1.210000,1.210000,88850,SSI iBoard
2011-04-08,1.210000,1.220000,1.200000,1.210000,478010,SSI iBoard
2011-04-13,1.200000,1.220000,1.200000,1.200000,158440,SSI iBoard
2011-04-14,1.200000,1.210000,1.200000,1.210000,257560,SSI iBoard
2011-04-15,1.210000,1.220000,1.200000,1.210000,326260,SSI iBoard
2011-04-19,1.210000,1.220000,1.190000,1.190000,138150,SSI iBoard
2011-04-20,1.200000,1.200000,1.160000,1.180000,179290,SSI iBoard
2011-04-21,1.180000,1.180000,1.160000,1.170000,108300,SSI iBoard
2011-04-22,1.170000,1.170000,1.150000,1.150000,125090,SSI iBoard
2011-04-25,1.170000,1.190000,1.170000,1.190000,63720,SSI iBoard
2011-04-26,1.170000,1.180000,1.170000,1.180000,98390,SSI iBoard
2011-04-27,1.180000,1.200000,1.170000,1.200000,132450,SSI iBoard
2011-04-28,1.170000,1.190000,1.170000,1.190000,64470,SSI iBoard
2011-04-29,1.200000,1.200000,1.180000,1.180000,78840,SSI iBoard
2011-05-04,1.180000,1.220000,1.180000,1.210000,156050,SSI iBoard
2011-05-05,1.220000,1.220000,1.200000,1.220000,184350,SSI iBoard
2011-05-06,1.230000,1.230000,1.210000,1.210000,274640,SSI iBoard
2011-05-09,1.210000,1.220000,1.210000,1.210000,257850,SSI iBoard
2011-05-10,1.210000,1.220000,1.210000,1.210000,236070,SSI iBoard
2011-05-11,1.200000,1.210000,1.200000,1.210000,62170,SSI iBoard
2011-05-12,1.210000,1.210000,1.190000,1.190000,67660,SSI iBoard
2011-05-13,1.200000,1.210000,1.190000,1.200000,190860,SSI iBoard
2011-05-16,1.200000,1.210000,1.200000,1.200000,135470,SSI iBoard
2011-05-17,1.200000,1.200000,1.180000,1.180000,174170,SSI iBoard
2011-05-18,1.180000,1.180000,1.160000,1.170000,152390,SSI iBoard
2011-05-19,1.150000,1.200000,1.150000,1.170000,96030,SSI iBoard
2011-05-20,1.170000,1.170000,1.110000,1.110000,212630,SSI iBoard
2011-05-23,1.080000,1.080000,1.060000,1.070000,165810,SSI iBoard
2011-05-24,1.030000,1.030000,1.020000,1.030000,235280,SSI iBoard
2011-05-25,1.000000,1.030000,0.980000,0.980000,404490,SSI iBoard
2011-05-26,0.940000,1.030000,0.940000,1.030000,169040,SSI iBoard
2011-05-27,1.080000,1.080000,1.050000,1.080000,164420,SSI iBoard
2011-05-30,1.080000,1.090000,1.050000,1.050000,145240,SSI iBoard
2011-05-31,1.050000,1.100000,1.030000,1.100000,171290,SSI iBoard
2011-06-01,1.100000,1.160000,1.070000,1.160000,265870,SSI iBoard
2011-06-02,1.190000,1.210000,1.170000,1.190000,361870,SSI iBoard
2011-06-03,1.210000,1.210000,1.140000,1.190000,452110,SSI iBoard
2011-06-06,1.170000,1.170000,1.140000,1.150000,63570,SSI iBoard
2011-06-07,1.210000,1.210000,1.180000,1.200000,125110,SSI iBoard
2011-06-08,1.200000,1.200000,1.160000,1.170000,174990,SSI iBoard
2011-06-09,1.170000,1.180000,1.170000,1.170000,117160,SSI iBoard
2011-06-10,1.170000,1.200000,1.170000,1.170000,116840,SSI iBoard
2011-06-13,1.150000,1.170000,1.150000,1.160000,127690,SSI iBoard
2011-06-14,1.190000,1.190000,1.150000,1.150000,165980,SSI iBoard
2011-06-15,1.140000,1.150000,1.130000,1.130000,178270,SSI iBoard
2011-06-16,1.170000,1.170000,1.140000,1.140000,189240,SSI iBoard
2011-06-17,1.150000,1.150000,1.090000,1.090000,373670,SSI iBoard
2011-06-20,1.130000,1.130000,1.080000,1.080000,145450,SSI iBoard
2011-06-21,1.080000,1.140000,1.080000,1.120000,48170,SSI iBoard
2011-06-22,1.140000,1.140000,1.120000,1.140000,168910,SSI iBoard
2011-06-23,1.100000,1.130000,1.100000,1.100000,129890,SSI iBoard
2011-06-24,1.130000,1.130000,1.090000,1.090000,248300,SSI iBoard
2011-06-27,1.090000,1.100000,1.070000,1.070000,233660,SSI iBoard
2011-06-28,1.070000,1.090000,1.050000,1.080000,79330,SSI iBoard
2011-06-29,1.100000,1.100000,1.070000,1.070000,85680,SSI iBoard
2011-06-30,1.060000,1.080000,1.040000,1.050000,153710,SSI iBoard
2011-07-01,1.040000,1.050000,1.030000,1.030000,181930,SSI iBoard
2011-07-04,1.040000,1.080000,1.010000,1.080000,311340,SSI iBoard
2011-07-05,1.090000,1.090000,1.080000,1.080000,110250,SSI iBoard
2011-07-06,1.090000,1.090000,1.060000,1.070000,59450,SSI iBoard
2011-07-07,1.050000,1.050000,1.030000,1.040000,88350,SSI iBoard
2011-07-08,1.040000,1.040000,1.020000,1.020000,238330,SSI iBoard
2011-07-11,1.020000,1.040000,1.020000,1.020000,60400,SSI iBoard
2011-07-12,1.020000,1.020000,0.990000,0.990000,222360,SSI iBoard
2011-07-13,1.030000,1.030000,0.990000,1.010000,189150,SSI iBoard
2011-07-14,1.020000,1.020000,1.000000,1.010000,123960,SSI iBoard
2011-07-15,1.010000,1.010000,0.990000,0.990000,106070,SSI iBoard
2011-07-18,0.990000,0.990000,0.980000,0.990000,153980,SSI iBoard
2011-07-19,0.990000,0.990000,0.990000,0.990000,56110,SSI iBoard
2011-07-20,0.990000,1.040000,0.990000,1.040000,165880,SSI iBoard
2011-07-21,1.010000,1.010000,0.990000,0.990000,284400,SSI iBoard
2011-07-22,1.010000,1.010000,0.990000,0.990000,50940,SSI iBoard
2011-07-25,0.980000,1.010000,0.980000,1.000000,98560,SSI iBoard
2011-07-26,1.000000,1.010000,1.000000,1.010000,181720,SSI iBoard
2011-07-27,1.010000,1.020000,1.010000,1.020000,97730,SSI iBoard
2011-07-28,1.020000,1.030000,1.020000,1.020000,154810,SSI iBoard
2011-07-29,1.020000,1.040000,1.010000,1.040000,195130,SSI iBoard
2011-08-01,1.030000,1.030000,1.020000,1.020000,58620,SSI iBoard
2011-08-02,1.020000,1.020000,1.010000,1.020000,157470,SSI iBoard
2011-08-03,1.000000,1.020000,0.990000,1.000000,214640,SSI iBoard
2011-08-04,1.020000,1.020000,1.000000,1.010000,211860,SSI iBoard
2011-08-05,1.020000,1.020000,1.010000,1.020000,171480,SSI iBoard
2011-08-08,1.020000,1.020000,0.980000,0.980000,221440,SSI iBoard
2011-08-09,0.950000,0.970000,0.940000,0.940000,218700,SSI iBoard
2011-08-10,0.950000,0.970000,0.940000,0.940000,182580,SSI iBoard
2011-08-11,0.930000,0.930000,0.920000,0.930000,116210,SSI iBoard
2011-08-12,0.940000,0.940000,0.920000,0.920000,148290,SSI iBoard
2011-08-15,0.920000,0.930000,0.920000,0.930000,40000,SSI iBoard
2011-08-16,0.930000,0.940000,0.930000,0.930000,103010,SSI iBoard
2011-08-17,0.940000,0.960000,0.940000,0.960000,151760,SSI iBoard
2011-08-18,0.980000,1.000000,0.980000,1.000000,211380,SSI iBoard
2011-08-19,0.980000,0.980000,0.960000,0.960000,148250,SSI iBoard
2011-08-22,0.960000,1.000000,0.960000,1.000000,334740,SSI iBoard
2011-08-23,0.990000,1.000000,0.980000,0.990000,241360,SSI iBoard
2011-08-24,1.000000,1.000000,0.960000,0.960000,479150,SSI iBoard
2011-08-25,0.980000,0.980000,0.960000,0.960000,239280,SSI iBoard
2011-08-26,0.960000,0.970000,0.960000,0.960000,388260,SSI iBoard
2011-08-29,0.980000,1.000000,0.960000,1.000000,459310,SSI iBoard
2011-08-30,1.010000,1.010000,0.990000,1.000000,430170,SSI iBoard
2011-08-31,0.980000,1.010000,0.980000,1.000000,466520,SSI iBoard
2011-09-01,1.000000,1.010000,1.000000,1.010000,398520,SSI iBoard
2011-09-05,1.010000,1.050000,1.000000,1.020000,836250,SSI iBoard
2011-09-06,1.020000,1.030000,1.000000,1.010000,510330,SSI iBoard
2011-09-07,1.030000,1.030000,1.020000,1.030000,473180,SSI iBoard
2011-09-08,1.040000,1.070000,1.030000,1.050000,932160,SSI iBoard
2011-09-09,1.050000,1.080000,1.030000,1.060000,348310,SSI iBoard
2011-09-12,1.050000,1.060000,1.030000,1.030000,674470,SSI iBoard
2011-09-13,1.040000,1.060000,1.030000,1.040000,429130,SSI iBoard
2011-09-14,1.040000,1.040000,1.000000,1.000000,552160,SSI iBoard
2011-09-15,0.990000,1.000000,0.970000,0.980000,496330,SSI iBoard
2011-09-16,0.980000,0.980000,0.960000,0.960000,956270,SSI iBoard
2011-09-19,0.960000,1.000000,0.960000,1.000000,315610,SSI iBoard
2011-09-20,0.980000,1.000000,0.980000,0.980000,357540,SSI iBoard
2011-09-21,0.990000,0.990000,0.960000,0.960000,331140,SSI iBoard
2011-09-22,0.960000,0.990000,0.960000,0.990000,250190,SSI iBoard
2011-09-23,0.960000,0.970000,0.960000,0.970000,212030,SSI iBoard
2011-09-26,0.970000,0.970000,0.950000,0.950000,518040,SSI iBoard
2011-09-27,0.950000,0.960000,0.950000,0.950000,414090,SSI iBoard
2011-09-28,0.950000,0.960000,0.950000,0.950000,245930,SSI iBoard
2011-09-29,0.950000,0.950000,0.940000,0.950000,229640,SSI iBoard
2011-09-30,0.940000,0.960000,0.940000,0.950000,262770,SSI iBoard
2011-10-03,0.940000,0.950000,0.940000,0.940000,232620,SSI iBoard
2011-10-04,0.940000,0.950000,0.940000,0.950000,450790,SSI iBoard
2011-10-05,0.950000,0.950000,0.940000,0.950000,182120,SSI iBoard
2011-10-06,0.940000,0.950000,0.940000,0.950000,572170,SSI iBoard
2011-10-07,0.950000,0.950000,0.940000,0.940000,209570,SSI iBoard
2011-10-10,0.940000,0.950000,0.940000,0.940000,318000,SSI iBoard
2011-10-11,0.950000,0.950000,0.940000,0.940000,148300,SSI iBoard
2011-10-12,0.940000,0.940000,0.930000,0.930000,305020,SSI iBoard
2011-10-13,0.930000,0.930000,0.920000,0.930000,509180,SSI iBoard
2011-10-14,0.940000,0.940000,0.930000,0.930000,116320,SSI iBoard
2011-10-17,0.930000,0.930000,0.920000,0.920000,215580,SSI iBoard
2011-10-18,0.920000,0.920000,0.920000,0.920000,232150,SSI iBoard
2011-10-19,0.920000,0.930000,0.910000,0.910000,267060,SSI iBoard
2011-10-20,0.910000,0.920000,0.910000,0.910000,175790,SSI iBoard
2011-10-21,0.910000,0.920000,0.910000,0.910000,160190,SSI iBoard
2011-10-24,0.920000,0.920000,0.910000,0.910000,64290,SSI iBoard
2011-10-25,0.890000,0.910000,0.890000,0.900000,194200,SSI iBoard
2011-10-26,0.900000,0.920000,0.900000,0.920000,153420,SSI iBoard
2011-10-27,0.930000,0.930000,0.910000,0.910000,53360,SSI iBoard
2011-10-28,0.920000,0.940000,0.910000,0.940000,395430,SSI iBoard
2011-10-31,0.960000,0.960000,0.920000,0.920000,100100,SSI iBoard
2011-11-01,0.920000,0.920000,0.890000,0.900000,199600,SSI iBoard
2011-11-02,0.890000,0.890000,0.860000,0.860000,451860,SSI iBoard
2011-11-03,0.860000,0.870000,0.840000,0.850000,325530,SSI iBoard
2011-11-04,0.850000,0.860000,0.840000,0.840000,81710,SSI iBoard
2011-11-07,0.830000,0.830000,0.800000,0.800000,412980,SSI iBoard
2011-11-08,0.770000,0.780000,0.760000,0.780000,783310,SSI iBoard
2011-11-09,0.780000,0.780000,0.760000,0.770000,148890,SSI iBoard
2011-11-10,0.740000,0.750000,0.730000,0.730000,448330,SSI iBoard
2011-11-11,0.740000,0.740000,0.710000,0.710000,94800,SSI iBoard
2011-11-14,0.710000,0.710000,0.680000,0.690000,389520,SSI iBoard
2011-11-15,0.650000,0.700000,0.650000,0.650000,609680,SSI iBoard
2011-11-16,0.660000,0.680000,0.650000,0.670000,705360,SSI iBoard
2011-11-17,0.690000,0.690000,0.670000,0.670000,319240,SSI iBoard
2011-11-18,0.670000,0.670000,0.650000,0.650000,257200,SSI iBoard
2011-11-21,0.650000,0.650000,0.640000,0.640000,267910,SSI iBoard
2011-11-22,0.630000,0.650000,0.630000,0.650000,301650,SSI iBoard
2011-11-23,0.660000,0.680000,0.660000,0.680000,673170,SSI iBoard
2011-11-24,0.680000,0.710000,0.670000,0.700000,758200,SSI iBoard
2011-11-28,0.690000,0.710000,0.680000,0.680000,443270,SSI iBoard
2011-11-29,0.680000,0.680000,0.670000,0.670000,157550,SSI iBoard
2011-11-30,0.660000,0.670000,0.650000,0.650000,398670,SSI iBoard
2011-12-01,0.660000,0.660000,0.650000,0.650000,60590,SSI iBoard
2011-12-02,0.650000,0.660000,0.650000,0.660000,368510,SSI iBoard
2011-12-05,0.670000,0.690000,0.670000,0.690000,419320,SSI iBoard
2011-12-06,0.700000,0.730000,0.700000,0.710000,677390,SSI iBoard
2011-12-07,0.710000,0.710000,0.700000,0.710000,240590,SSI iBoard
2011-12-08,0.700000,0.720000,0.680000,0.680000,439830,SSI iBoard
2011-12-09,0.680000,0.680000,0.660000,0.660000,360910,SSI iBoard
2011-12-12,0.660000,0.660000,0.650000,0.660000,273590,SSI iBoard
2011-12-13,0.650000,0.660000,0.640000,0.650000,227740,SSI iBoard
2011-12-14,0.650000,0.660000,0.650000,0.660000,328320,SSI iBoard
2011-12-15,0.650000,0.670000,0.640000,0.670000,258480,SSI iBoard
2011-12-16,0.670000,0.700000,0.670000,0.690000,752850,SSI iBoard
2011-12-19,0.690000,0.690000,0.670000,0.670000,147150,SSI iBoard
2011-12-20,0.670000,0.670000,0.660000,0.660000,96530,SSI iBoard
2011-12-21,0.660000,0.670000,0.650000,0.650000,325690,SSI iBoard
2011-12-22,0.620000,0.660000,0.620000,0.620000,584400,SSI iBoard
2011-12-23,0.610000,0.620000,0.600000,0.620000,59450,SSI iBoard
2011-12-26,0.600000,0.600000,0.590000,0.590000,271770,SSI iBoard
2011-12-27,0.570000,0.590000,0.560000,0.560000,412440,SSI iBoard
2011-12-28,0.550000,0.590000,0.550000,0.590000,197620,SSI iBoard
2011-12-29,0.590000,0.590000,0.580000,0.590000,88340,SSI iBoard
2011-12-30,0.600000,0.600000,0.590000,0.600000,333380,SSI iBoard
2012-01-03,0.580000,0.610000,0.580000,0.590000,57960,SSI iBoard
2012-01-04,0.580000,0.590000,0.570000,0.570000,27520,SSI iBoard
2012-01-05,0.570000,0.570000,0.550000,0.550000,345840,SSI iBoard
2012-01-06,0.560000,0.560000,0.540000,0.540000,474620,SSI iBoard
2012-01-09,0.530000,0.540000,0.520000,0.530000,187210,SSI iBoard
2012-01-10,0.550000,0.550000,0.530000,0.540000,210520,SSI iBoard
2012-01-11,0.550000,0.550000,0.540000,0.540000,142340,SSI iBoard
2012-01-12,0.540000,0.560000,0.540000,0.560000,482410,SSI iBoard
2012-01-13,0.580000,0.580000,0.570000,0.570000,172050,SSI iBoard
2012-01-16,0.570000,0.590000,0.570000,0.580000,207260,SSI iBoard
2012-01-17,0.580000,0.590000,0.570000,0.580000,183320,SSI iBoard
2012-01-18,0.580000,0.580000,0.570000,0.580000,121110,SSI iBoard
2012-01-19,0.590000,0.600000,0.580000,0.600000,223760,SSI iBoard
2012-01-20,0.610000,0.620000,0.600000,0.610000,364300,SSI iBoard
2012-01-30,0.640000,0.640000,0.620000,0.640000,255400,SSI iBoard
2012-01-31,0.640000,0.670000,0.640000,0.640000,575390,SSI iBoard
2012-02-01,0.650000,0.670000,0.640000,0.670000,849280,SSI iBoard
2012-02-02,0.680000,0.700000,0.680000,0.700000,415290,SSI iBoard
2012-02-03,0.730000,0.730000,0.700000,0.700000,1220550,SSI iBoard
2012-02-06,0.700000,0.730000,0.690000,0.730000,493020,SSI iBoard
2012-02-07,0.730000,0.740000,0.720000,0.730000,563860,SSI iBoard
2012-02-08,0.740000,0.760000,0.740000,0.760000,584090,SSI iBoard
2012-02-09,0.760000,0.800000,0.750000,0.780000,549920,SSI iBoard
2012-02-10,0.780000,0.780000,0.750000,0.750000,450870,SSI iBoard
2012-02-13,0.730000,0.740000,0.710000,0.710000,484800,SSI iBoard
2012-02-14,0.700000,0.730000,0.700000,0.730000,357950,SSI iBoard
2012-02-15,0.740000,0.740000,0.710000,0.720000,251370,SSI iBoard
2012-02-16,0.720000,0.730000,0.700000,0.710000,277570,SSI iBoard
2012-02-17,0.730000,0.730000,0.710000,0.720000,146360,SSI iBoard
2012-02-20,0.750000,0.750000,0.730000,0.750000,476570,SSI iBoard
2012-02-21,0.780000,0.780000,0.740000,0.740000,430160,SSI iBoard
2012-02-22,0.760000,0.770000,0.740000,0.770000,619880,SSI iBoard
2012-02-23,0.780000,0.810000,0.770000,0.810000,1037800,SSI iBoard
2012-02-24,0.830000,0.850000,0.810000,0.850000,1161820,SSI iBoard
2012-02-27,0.860000,0.890000,0.850000,0.890000,918290,SSI iBoard
2012-02-28,0.860000,0.890000,0.850000,0.850000,1240880,SSI iBoard
2012-02-29,0.830000,0.870000,0.830000,0.870000,945510,SSI iBoard
2012-03-01,0.870000,0.870000,0.860000,0.870000,622020,SSI iBoard
2012-03-02,0.890000,0.910000,0.890000,0.900000,838520,SSI iBoard
2012-03-05,0.920000,0.940000,0.920000,0.940000,933110,SSI iBoard
2012-03-06,0.980000,0.980000,0.900000,0.910000,1259710,SSI iBoard
2012-03-07,0.930000,0.930000,0.890000,0.920000,1115590,SSI iBoard
2012-03-08,0.890000,0.910000,0.870000,0.870000,1247170,SSI iBoard
2012-03-09,0.870000,0.870000,0.830000,0.870000,1305980,SSI iBoard
2012-03-12,0.870000,0.870000,0.830000,0.830000,551660,SSI iBoard
2012-03-13,0.840000,0.850000,0.830000,0.840000,396370,SSI iBoard
2012-03-14,0.840000,0.860000,0.810000,0.840000,645070,SSI iBoard
2012-03-15,0.840000,0.880000,0.810000,0.880000,1114900,SSI iBoard
2012-03-16,0.910000,0.910000,0.840000,0.840000,1494450,SSI iBoard
2012-03-19,0.840000,0.860000,0.830000,0.850000,871300,SSI iBoard
2012-03-20,0.860000,0.870000,0.850000,0.860000,602110,SSI iBoard
2012-03-21,0.890000,0.900000,0.870000,0.880000,1049380,SSI iBoard
2012-03-22,0.870000,0.890000,0.870000,0.870000,495980,SSI iBoard
2012-03-23,0.870000,0.890000,0.870000,0.870000,486730,SSI iBoard
2012-03-26,0.880000,0.880000,0.870000,0.870000,412710,SSI iBoard
2012-03-27,0.870000,0.880000,0.860000,0.870000,964010,SSI iBoard
2012-03-28,0.860000,0.870000,0.860000,0.860000,282250,SSI iBoard
2012-03-29,0.860000,0.870000,0.860000,0.860000,438730,SSI iBoard
2012-03-30,0.870000,0.880000,0.870000,0.870000,685020,SSI iBoard
2012-04-03,0.890000,0.890000,0.870000,0.880000,359930,SSI iBoard
2012-04-04,0.890000,0.890000,0.870000,0.870000,383960,SSI iBoard
2012-04-05,0.870000,0.910000,0.870000,0.890000,682420,SSI iBoard
2012-04-06,0.900000,0.900000,0.880000,0.880000,338470,SSI iBoard
2012-04-09,0.890000,0.900000,0.870000,0.880000,644600,SSI iBoard
2012-04-10,0.870000,0.910000,0.870000,0.890000,841980,SSI iBoard
2012-04-11,0.910000,0.940000,0.900000,0.940000,2889250,SSI iBoard
2012-04-12,0.980000,0.980000,0.970000,0.980000,2040120,SSI iBoard
2012-04-13,0.990000,1.000000,0.980000,0.980000,1362440,SSI iBoard
2012-04-16,0.970000,1.020000,0.970000,1.020000,661150,SSI iBoard
2012-04-17,1.010000,1.030000,0.990000,1.010000,1531390,SSI iBoard
2012-04-18,1.000000,1.010000,0.970000,0.970000,2177160,SSI iBoard
2012-04-19,0.950000,0.980000,0.950000,0.950000,1440650,SSI iBoard
2012-04-20,0.950000,0.970000,0.940000,0.950000,548020,SSI iBoard
2012-04-23,0.950000,0.970000,0.940000,0.940000,490140,SSI iBoard
2012-04-24,0.950000,0.970000,0.940000,0.960000,631540,SSI iBoard
2012-04-25,0.980000,1.000000,0.970000,1.000000,590810,SSI iBoard
2012-04-26,1.000000,1.000000,0.970000,0.970000,743100,SSI iBoard
2012-04-27,0.980000,0.980000,0.970000,0.980000,446260,SSI iBoard
2012-05-02,0.980000,0.980000,0.950000,0.950000,630860,SSI iBoard
2012-05-03,0.950000,0.960000,0.940000,0.950000,506800,SSI iBoard
2012-05-04,0.950000,0.980000,0.950000,0.980000,394020,SSI iBoard
2012-05-07,0.980000,1.000000,0.980000,0.990000,892230,SSI iBoard
2012-05-08,0.990000,1.040000,0.990000,1.020000,1415140,SSI iBoard
2012-05-09,1.030000,1.040000,1.000000,1.020000,660830,SSI iBoard
2012-05-10,1.010000,1.040000,1.010000,1.020000,630680,SSI iBoard
2012-05-11,1.020000,1.050000,1.020000,1.030000,1034400,SSI iBoard
2012-05-14,1.030000,1.030000,0.980000,0.980000,771150,SSI iBoard
2012-05-15,0.980000,0.980000,0.940000,0.940000,1008300,SSI iBoard
2012-05-16,0.960000,0.960000,0.930000,0.930000,822540,SSI iBoard
2012-05-17,0.910000,0.950000,0.910000,0.920000,549650,SSI iBoard
2012-05-18,0.940000,0.940000,0.890000,0.910000,888210,SSI iBoard
2012-05-21,0.910000,0.950000,0.910000,0.940000,407080,SSI iBoard
2012-05-22,0.940000,0.950000,0.930000,0.940000,196600,SSI iBoard
2012-05-23,0.950000,0.950000,0.920000,0.930000,535500,SSI iBoard
2012-05-24,0.910000,0.930000,0.900000,0.910000,601740,SSI iBoard
2012-05-25,0.950000,0.950000,0.930000,0.950000,408890,SSI iBoard
2012-05-28,0.950000,0.970000,0.930000,0.940000,95030,SSI iBoard
2012-05-29,0.940000,0.940000,0.910000,0.920000,239680,SSI iBoard
2012-05-30,0.910000,0.940000,0.910000,0.910000,139860,SSI iBoard
2012-05-31,0.910000,0.910000,0.900000,0.910000,394430,SSI iBoard
2012-06-01,0.910000,0.910000,0.900000,0.910000,317420,SSI iBoard
2012-06-04,0.880000,0.900000,0.870000,0.870000,582860,SSI iBoard
2012-06-05,0.870000,0.880000,0.870000,0.870000,653590,SSI iBoard
2012-06-06,0.890000,0.890000,0.870000,0.890000,336910,SSI iBoard
2012-06-07,0.880000,0.920000,0.880000,0.910000,331110,SSI iBoard
2012-06-08,0.940000,0.940000,0.900000,0.910000,153760,SSI iBoard
2012-06-11,0.920000,0.920000,0.910000,0.910000,117550,SSI iBoard
2012-06-12,0.900000,0.910000,0.900000,0.900000,185410,SSI iBoard
2012-06-13,0.900000,0.910000,0.900000,0.900000,279680,SSI iBoard
2012-06-14,0.910000,0.910000,0.890000,0.890000,308650,SSI iBoard
2012-06-15,0.910000,0.940000,0.900000,0.940000,845890,SSI iBoard
2012-06-18,0.930000,0.960000,0.930000,0.950000,145550,SSI iBoard
2012-06-19,0.930000,0.940000,0.920000,0.920000,195360,SSI iBoard
2012-06-20,0.920000,0.930000,0.920000,0.920000,82290,SSI iBoard
2012-06-21,0.900000,0.920000,0.900000,0.920000,78090,SSI iBoard
2012-06-22,0.910000,0.920000,0.910000,0.920000,79400,SSI iBoard
2012-06-25,0.920000,0.920000,0.910000,0.920000,131080,SSI iBoard
2012-06-26,0.900000,0.910000,0.900000,0.910000,126200,SSI iBoard
2012-06-27,0.900000,0.920000,0.900000,0.920000,109420,SSI iBoard
2012-06-28,0.900000,0.920000,0.900000,0.910000,60440,SSI iBoard
2012-06-29,0.930000,0.930000,0.910000,0.910000,49580,SSI iBoard
2012-07-02,0.910000,0.920000,0.900000,0.900000,117160,SSI iBoard
2012-07-03,0.900000,0.900000,0.890000,0.890000,476550,SSI iBoard
2012-07-04,0.890000,0.900000,0.890000,0.890000,65050,SSI iBoard
2012-07-05,0.890000,0.890000,0.880000,0.890000,59950,SSI iBoard
2012-07-06,0.880000,0.910000,0.870000,0.880000,91850,SSI iBoard
2012-07-09,0.880000,0.890000,0.870000,0.870000,268460,SSI iBoard
2012-07-10,0.850000,0.870000,0.850000,0.860000,346170,SSI iBoard
2012-07-11,0.840000,0.870000,0.840000,0.860000,127600,SSI iBoard
2012-07-12,0.860000,0.890000,0.860000,0.870000,62700,SSI iBoard
2012-07-13,0.870000,0.890000,0.870000,0.880000,269300,SSI iBoard
2012-07-16,0.880000,0.890000,0.870000,0.870000,213750,SSI iBoard
2012-07-17,0.860000,0.880000,0.860000,0.870000,701590,SSI iBoard
2012-07-18,0.890000,0.890000,0.870000,0.870000,84750,SSI iBoard
2012-07-19,0.870000,0.890000,0.870000,0.890000,338040,SSI iBoard
2012-07-20,0.900000,0.900000,0.870000,0.870000,330880,SSI iBoard
2012-07-23,0.890000,0.890000,0.870000,0.880000,207600,SSI iBoard
2012-07-24,0.870000,0.880000,0.870000,0.870000,266470,SSI iBoard
2012-07-25,0.870000,0.870000,0.870000,0.870000,252010,SSI iBoard
2012-07-26,0.870000,0.880000,0.870000,0.870000,225560,SSI iBoard
2012-07-27,0.880000,0.880000,0.870000,0.870000,92930,SSI iBoard
2012-07-30,0.840000,0.870000,0.840000,0.870000,98300,SSI iBoard
2012-07-31,0.880000,0.880000,0.870000,0.870000,133480,SSI iBoard
2012-08-01,0.870000,0.870000,0.860000,0.860000,54290,SSI iBoard
2012-08-02,0.860000,0.870000,0.860000,0.860000,11870,SSI iBoard
2012-08-03,0.860000,0.870000,0.860000,0.870000,9490,SSI iBoard
2012-08-06,0.860000,0.880000,0.860000,0.870000,107190,SSI iBoard
2012-08-07,0.870000,0.870000,0.860000,0.870000,38190,SSI iBoard
2012-08-08,0.870000,0.870000,0.860000,0.870000,168220,SSI iBoard
2012-08-09,0.870000,0.880000,0.870000,0.880000,63950,SSI iBoard
2012-08-10,0.870000,0.870000,0.860000,0.860000,33770,SSI iBoard
2012-08-13,0.860000,0.860000,0.860000,0.860000,31610,SSI iBoard
2012-08-14,0.860000,0.870000,0.860000,0.870000,65340,SSI iBoard
2012-08-15,0.870000,0.870000,0.860000,0.860000,74550,SSI iBoard
2012-08-16,0.860000,0.870000,0.860000,0.860000,36230,SSI iBoard
2012-08-17,0.860000,0.870000,0.860000,0.860000,111290,SSI iBoard
2012-08-20,0.870000,0.870000,0.860000,0.870000,92110,SSI iBoard
2012-08-21,0.870000,0.870000,0.830000,0.830000,528250,SSI iBoard
2012-08-22,0.790000,0.810000,0.790000,0.790000,236680,SSI iBoard
2012-08-23,0.760000,0.790000,0.750000,0.750000,416590,SSI iBoard
2012-08-24,0.720000,0.790000,0.720000,0.770000,262930,SSI iBoard
2012-08-27,0.750000,0.750000,0.730000,0.730000,363490,SSI iBoard
2012-08-28,0.730000,0.760000,0.730000,0.750000,113780,SSI iBoard
2012-08-29,0.780000,0.790000,0.780000,0.790000,34000,SSI iBoard
2012-08-30,0.820000,0.820000,0.800000,0.820000,92980,SSI iBoard
2012-08-31,0.820000,0.820000,0.780000,0.820000,124800,SSI iBoard
2012-09-04,0.820000,0.830000,0.820000,0.830000,81460,SSI iBoard
2012-09-05,0.810000,0.830000,0.800000,0.820000,55770,SSI iBoard
2012-09-06,0.800000,0.820000,0.800000,0.810000,36900,SSI iBoard
2012-09-07,0.810000,0.810000,0.810000,0.810000,108480,SSI iBoard
2012-09-10,0.800000,0.800000,0.770000,0.770000,344750,SSI iBoard
2012-09-11,0.750000,0.760000,0.740000,0.740000,125630,SSI iBoard
2012-09-12,0.740000,0.750000,0.730000,0.740000,174200,SSI iBoard
2012-09-13,0.730000,0.770000,0.730000,0.770000,192220,SSI iBoard
2012-09-14,0.800000,0.810000,0.800000,0.810000,78540,SSI iBoard
2012-09-17,0.810000,0.850000,0.810000,0.850000,229430,SSI iBoard
2012-09-18,0.870000,0.890000,0.810000,0.810000,698510,SSI iBoard
2012-09-19,0.810000,0.840000,0.810000,0.830000,294330,SSI iBoard
2012-09-20,0.830000,0.830000,0.790000,0.790000,423480,SSI iBoard
2012-09-21,0.800000,0.830000,0.800000,0.830000,866820,SSI iBoard
2012-09-24,0.830000,0.830000,0.790000,0.790000,262590,SSI iBoard
2012-09-25,0.760000,0.790000,0.750000,0.760000,594300,SSI iBoard
2012-09-26,0.740000,0.760000,0.740000,0.760000,305170,SSI iBoard
2012-09-27,0.760000,0.760000,0.750000,0.750000,101160,SSI iBoard
2012-09-28,0.750000,0.750000,0.730000,0.730000,225770,SSI iBoard
2012-10-01,0.760000,0.760000,0.740000,0.760000,644820,SSI iBoard
2012-10-02,0.750000,0.760000,0.750000,0.760000,6000,SSI iBoard
2012-10-03,0.780000,0.800000,0.760000,0.790000,179290,SSI iBoard
2012-10-04,0.790000,0.830000,0.790000,0.810000,318150,SSI iBoard
2012-10-05,0.830000,0.830000,0.810000,0.820000,98780,SSI iBoard
2012-10-08,0.800000,0.830000,0.800000,0.830000,78870,SSI iBoard
2012-10-09,0.810000,0.830000,0.810000,0.810000,101660,SSI iBoard
2012-10-10,0.810000,0.820000,0.790000,0.810000,17610,SSI iBoard
2012-10-11,0.830000,0.840000,0.810000,0.820000,72320,SSI iBoard
2012-10-12,0.800000,0.830000,0.800000,0.820000,47720,SSI iBoard
2012-10-15,0.810000,0.820000,0.800000,0.800000,40950,SSI iBoard
2012-10-16,0.800000,0.830000,0.800000,0.830000,63440,SSI iBoard
2012-10-17,0.870000,0.870000,0.860000,0.870000,332070,SSI iBoard
2012-10-18,0.890000,0.890000,0.870000,0.890000,172980,SSI iBoard
2012-10-19,0.890000,0.890000,0.870000,0.870000,112880,SSI iBoard
2012-10-22,0.880000,0.880000,0.860000,0.870000,76530,SSI iBoard
2012-10-23,0.890000,0.900000,0.890000,0.890000,127500,SSI iBoard
2012-10-24,0.890000,0.890000,0.870000,0.880000,151600,SSI iBoard
2012-10-25,0.920000,0.920000,0.900000,0.900000,308230,SSI iBoard
2012-10-26,0.930000,0.930000,0.910000,0.920000,130900,SSI iBoard
2012-10-29,0.900000,0.920000,0.900000,0.900000,52810,SSI iBoard
2012-10-30,0.910000,0.910000,0.890000,0.890000,72680,SSI iBoard
2012-10-31,0.890000,0.900000,0.880000,0.880000,60620,SSI iBoard
2012-11-01,0.870000,0.890000,0.860000,0.860000,128870,SSI iBoard
2012-11-02,0.820000,0.850000,0.820000,0.830000,91850,SSI iBoard
2012-11-05,0.810000,0.850000,0.810000,0.810000,53140,SSI iBoard
2012-11-06,0.810000,0.820000,0.810000,0.820000,45310,SSI iBoard
2012-11-07,0.820000,0.850000,0.820000,0.850000,64250,SSI iBoard
2012-11-08,0.850000,0.880000,0.840000,0.880000,149910,SSI iBoard
2012-11-09,0.880000,0.880000,0.840000,0.870000,35940,SSI iBoard
2012-11-12,0.860000,0.880000,0.860000,0.860000,11980,SSI iBoard
2012-11-13,0.860000,0.870000,0.840000,0.840000,26810,SSI iBoard
2012-11-14,0.850000,0.880000,0.850000,0.880000,101770,SSI iBoard
2012-11-15,0.880000,0.920000,0.880000,0.890000,94800,SSI iBoard
2012-11-16,0.860000,0.890000,0.860000,0.880000,80880,SSI iBoard
2012-11-19,0.860000,0.890000,0.860000,0.880000,7690,SSI iBoard
2012-11-20,0.900000,0.900000,0.880000,0.880000,123340,SSI iBoard
2012-11-21,0.890000,0.900000,0.850000,0.850000,70670,SSI iBoard
2012-11-22,0.880000,0.890000,0.880000,0.890000,15210,SSI iBoard
2012-11-23,0.890000,0.890000,0.850000,0.860000,27400,SSI iBoard
2012-11-26,0.850000,0.860000,0.850000,0.850000,19770,SSI iBoard
2012-11-27,0.890000,0.890000,0.860000,0.870000,102900,SSI iBoard
2012-11-28,0.860000,0.870000,0.850000,0.870000,26680,SSI iBoard
2012-11-29,0.900000,0.900000,0.870000,0.880000,132600,SSI iBoard
2012-11-30,0.920000,0.920000,0.860000,0.860000,250040,SSI iBoard
2012-12-03,0.880000,0.890000,0.870000,0.890000,307160,SSI iBoard
2012-12-04,0.890000,0.920000,0.890000,0.900000,305470,SSI iBoard
2012-12-05,0.920000,0.920000,0.900000,0.900000,160320,SSI iBoard
2012-12-06,0.930000,0.930000,0.910000,0.910000,265720,SSI iBoard
2012-12-07,0.920000,0.920000,0.900000,0.900000,206510,SSI iBoard
2012-12-10,0.910000,0.910000,0.900000,0.910000,59470,SSI iBoard
2012-12-11,0.910000,0.940000,0.900000,0.940000,268330,SSI iBoard
2012-12-12,0.930000,0.940000,0.910000,0.940000,304230,SSI iBoard
2012-12-13,0.940000,0.940000,0.920000,0.930000,210390,SSI iBoard
2012-12-14,0.940000,0.940000,0.910000,0.910000,163580,SSI iBoard
2012-12-17,0.910000,0.950000,0.910000,0.940000,383410,SSI iBoard
2012-12-18,0.960000,0.960000,0.930000,0.930000,407340,SSI iBoard
2012-12-19,0.950000,0.970000,0.940000,0.950000,589250,SSI iBoard
2012-12-20,0.950000,0.950000,0.930000,0.950000,465600,SSI iBoard
2012-12-21,0.950000,0.980000,0.920000,0.980000,866270,SSI iBoard
2012-12-24,0.940000,0.980000,0.940000,0.970000,209100,SSI iBoard
2012-12-25,1.010000,1.010000,0.970000,1.000000,507730,SSI iBoard
2012-12-26,0.950000,0.990000,0.950000,0.980000,323770,SSI iBoard
2012-12-27,1.000000,1.000000,0.980000,0.990000,178280,SSI iBoard
2012-12-28,0.990000,1.000000,0.980000,1.000000,236950,SSI iBoard
2013-01-02,1.000000,1.010000,0.990000,1.000000,541540,SSI iBoard
2013-01-03,1.000000,1.010000,0.990000,1.010000,720080,SSI iBoard
2013-01-04,1.020000,1.060000,1.010000,1.040000,569620,SSI iBoard
2013-01-07,1.010000,1.100000,1.010000,1.100000,926020,SSI iBoard
2013-01-08,1.140000,1.150000,1.130000,1.140000,1480180,SSI iBoard
2013-01-09,1.100000,1.140000,1.100000,1.130000,1877280,SSI iBoard
2013-01-10,1.100000,1.140000,1.090000,1.140000,962800,SSI iBoard
2013-01-11,1.140000,1.150000,1.120000,1.130000,849600,SSI iBoard
2013-01-14,1.100000,1.120000,1.100000,1.110000,396190,SSI iBoard
2013-01-15,1.100000,1.110000,1.090000,1.110000,989300,SSI iBoard
2013-01-16,1.110000,1.160000,1.090000,1.120000,2347480,SSI iBoard
2013-01-17,1.120000,1.120000,1.090000,1.090000,837430,SSI iBoard
2013-01-18,1.090000,1.090000,1.060000,1.090000,344660,SSI iBoard
2013-01-21,1.070000,1.090000,1.050000,1.050000,697920,SSI iBoard
2013-01-22,1.040000,1.050000,1.010000,1.030000,801790,SSI iBoard
2013-01-23,1.020000,1.040000,1.020000,1.030000,343880,SSI iBoard
2013-01-24,1.030000,1.100000,1.030000,1.100000,829460,SSI iBoard
2013-01-25,1.110000,1.130000,1.100000,1.130000,1009460,SSI iBoard
2013-01-28,1.130000,1.160000,1.130000,1.130000,2762600,SSI iBoard
2013-01-29,1.130000,1.160000,1.120000,1.160000,1651520,SSI iBoard
2013-01-30,1.160000,1.240000,1.160000,1.200000,2172950,SSI iBoard
2013-01-31,1.190000,1.200000,1.170000,1.180000,1160050,SSI iBoard
2013-02-01,1.180000,1.180000,1.150000,1.170000,1087160,SSI iBoard
2013-02-04,1.170000,1.180000,1.150000,1.150000,1102750,SSI iBoard
2013-02-05,1.140000,1.190000,1.130000,1.170000,843750,SSI iBoard
2013-02-06,1.200000,1.220000,1.190000,1.220000,1449490,SSI iBoard
2013-02-07,1.250000,1.260000,1.230000,1.240000,2242560,SSI iBoard
2013-02-08,1.250000,1.250000,1.240000,1.240000,752510,SSI iBoard
2013-02-18,1.240000,1.250000,1.230000,1.250000,1322060,SSI iBoard
2013-02-19,1.240000,1.250000,1.230000,1.240000,1309920,SSI iBoard
2013-02-20,1.230000,1.250000,1.220000,1.250000,1224050,SSI iBoard
2013-02-21,1.250000,1.280000,1.160000,1.160000,2332340,SSI iBoard
2013-02-22,1.190000,1.220000,1.140000,1.180000,1422600,SSI iBoard
2013-02-25,1.210000,1.210000,1.170000,1.210000,806200,SSI iBoard
2013-02-26,1.200000,1.200000,1.130000,1.130000,1295340,SSI iBoard
2013-02-27,1.130000,1.150000,1.090000,1.130000,1290490,SSI iBoard
2013-02-28,1.150000,1.160000,1.130000,1.150000,545070,SSI iBoard
2013-03-01,1.150000,1.170000,1.140000,1.140000,735390,SSI iBoard
2013-03-04,1.140000,1.140000,1.060000,1.060000,1297130,SSI iBoard
2013-03-05,1.060000,1.060000,1.020000,1.030000,999030,SSI iBoard
2013-03-06,1.050000,1.080000,1.040000,1.080000,362260,SSI iBoard
2013-03-07,1.110000,1.150000,1.090000,1.120000,1439190,SSI iBoard
2013-03-08,1.130000,1.140000,1.130000,1.130000,291320,SSI iBoard
2013-03-11,1.130000,1.170000,1.130000,1.170000,753670,SSI iBoard
2013-03-12,1.170000,1.210000,1.170000,1.210000,2115490,SSI iBoard
2013-03-13,1.220000,1.220000,1.140000,1.170000,843440,SSI iBoard
2013-03-14,1.180000,1.190000,1.150000,1.190000,684690,SSI iBoard
2013-03-15,1.190000,1.200000,1.180000,1.200000,1045000,SSI iBoard
2013-03-18,1.190000,1.190000,1.180000,1.180000,479080,SSI iBoard
2013-03-19,1.180000,1.190000,1.170000,1.190000,412220,SSI iBoard
2013-03-20,1.190000,1.210000,1.180000,1.200000,497720,SSI iBoard
2013-03-21,1.200000,1.220000,1.200000,1.210000,1058440,SSI iBoard
2013-03-22,1.210000,1.220000,1.170000,1.180000,801770,SSI iBoard
2013-03-25,1.190000,1.210000,1.190000,1.210000,562130,SSI iBoard
2013-03-26,1.220000,1.230000,1.210000,1.220000,785020,SSI iBoard
2013-03-27,1.200000,1.220000,1.190000,1.210000,396110,SSI iBoard
2013-03-28,1.210000,1.220000,1.210000,1.220000,354830,SSI iBoard
2013-03-29,1.210000,1.240000,1.200000,1.230000,634930,SSI iBoard
2013-04-01,1.230000,1.320000,1.230000,1.320000,1521410,SSI iBoard
2013-04-02,1.330000,1.390000,1.330000,1.350000,1137660,SSI iBoard
2013-04-03,1.350000,1.380000,1.330000,1.330000,827910,SSI iBoard
2013-04-04,1.320000,1.360000,1.320000,1.330000,1217830,SSI iBoard
2013-04-05,1.330000,1.380000,1.320000,1.360000,479420,SSI iBoard
2013-04-08,1.380000,1.390000,1.360000,1.360000,420570,SSI iBoard
2013-04-09,1.360000,1.390000,1.350000,1.360000,476440,SSI iBoard
2013-04-10,1.350000,1.370000,1.280000,1.280000,925260,SSI iBoard
2013-04-11,1.280000,1.320000,1.280000,1.300000,962140,SSI iBoard
2013-04-12,1.300000,1.310000,1.270000,1.290000,773230,SSI iBoard
2013-04-15,1.290000,1.290000,1.260000,1.270000,753920,SSI iBoard
2013-04-16,1.250000,1.280000,1.220000,1.270000,576320,SSI iBoard
2013-04-17,1.280000,1.280000,1.270000,1.270000,410720,SSI iBoard
2013-04-18,1.240000,1.270000,1.230000,1.240000,589320,SSI iBoard
2013-04-22,1.230000,1.240000,1.220000,1.230000,241060,SSI iBoard
2013-04-23,1.230000,1.260000,1.230000,1.260000,345580,SSI iBoard
2013-04-24,1.240000,1.300000,1.240000,1.270000,475150,SSI iBoard
2013-04-25,1.260000,1.300000,1.260000,1.290000,206690,SSI iBoard
2013-04-26,1.290000,1.310000,1.290000,1.310000,344050,SSI iBoard
2013-05-02,1.290000,1.350000,1.290000,1.330000,496670,SSI iBoard
2013-05-03,1.340000,1.360000,1.330000,1.350000,405820,SSI iBoard
2013-05-06,1.350000,1.380000,1.350000,1.370000,285310,SSI iBoard
2013-05-07,1.380000,1.380000,1.350000,1.350000,315900,SSI iBoard
2013-05-08,1.360000,1.380000,1.350000,1.380000,294510,SSI iBoard
2013-05-09,1.380000,1.440000,1.380000,1.420000,637510,SSI iBoard
2013-05-10,1.420000,1.470000,1.420000,1.450000,425020,SSI iBoard
2013-05-13,1.460000,1.470000,1.420000,1.430000,119450,SSI iBoard
2013-05-14,1.420000,1.430000,1.390000,1.390000,551380,SSI iBoard
2013-05-15,1.400000,1.450000,1.390000,1.440000,301900,SSI iBoard
2013-05-16,1.450000,1.460000,1.440000,1.450000,405230,SSI iBoard
2013-05-17,1.460000,1.460000,1.420000,1.420000,300170,SSI iBoard
2013-05-20,1.450000,1.490000,1.420000,1.490000,600430,SSI iBoard
2013-05-21,1.490000,1.530000,1.490000,1.490000,787430,SSI iBoard
2013-05-22,1.500000,1.500000,1.490000,1.490000,288600,SSI iBoard
2013-05-23,1.490000,1.500000,1.470000,1.470000,786290,SSI iBoard
2013-05-24,1.460000,1.500000,1.460000,1.490000,984970,SSI iBoard
2013-05-27,1.500000,1.540000,1.500000,1.530000,833760,SSI iBoard
2013-05-28,1.540000,1.560000,1.540000,1.550000,1231890,SSI iBoard
2013-05-29,1.560000,1.570000,1.540000,1.560000,991200,SSI iBoard
2013-05-30,1.560000,1.560000,1.540000,1.560000,678770,SSI iBoard
2013-05-31,1.570000,1.580000,1.560000,1.560000,891050,SSI iBoard
2013-06-03,1.540000,1.540000,1.520000,1.530000,588640,SSI iBoard
2013-06-04,1.520000,1.530000,1.500000,1.500000,1291740,SSI iBoard
2013-06-05,1.500000,1.510000,1.500000,1.510000,607340,SSI iBoard
2013-06-06,1.510000,1.520000,1.500000,1.520000,339900,SSI iBoard
2013-06-07,1.520000,1.520000,1.510000,1.510000,313830,SSI iBoard
2013-06-10,1.510000,1.530000,1.500000,1.510000,584670,SSI iBoard
2013-06-11,1.500000,1.510000,1.490000,1.490000,778670,SSI iBoard
2013-06-12,1.480000,1.490000,1.450000,1.450000,1124980,SSI iBoard
2013-06-13,1.450000,1.480000,1.450000,1.480000,866200,SSI iBoard
2013-06-14,1.480000,1.500000,1.460000,1.460000,708000,SSI iBoard
2013-06-17,1.420000,1.440000,1.410000,1.420000,1372640,SSI iBoard
2013-06-18,1.410000,1.420000,1.400000,1.420000,904440,SSI iBoard
2013-06-19,1.410000,1.420000,1.410000,1.410000,937060,SSI iBoard
2013-06-20,1.400000,1.410000,1.390000,1.390000,933550,SSI iBoard
2013-06-21,1.370000,1.370000,1.340000,1.340000,3356060,SSI iBoard
2013-06-24,1.350000,1.380000,1.340000,1.340000,690350,SSI iBoard
2013-06-25,1.340000,1.340000,1.260000,1.290000,676880,SSI iBoard
2013-06-26,1.280000,1.290000,1.270000,1.290000,1136460,SSI iBoard
2013-06-27,1.300000,1.350000,1.280000,1.350000,478650,SSI iBoard
2013-06-28,1.360000,1.370000,1.330000,1.340000,483230,SSI iBoard
2013-07-01,1.330000,1.330000,1.300000,1.310000,216250,SSI iBoard
2013-07-02,1.310000,1.350000,1.310000,1.350000,191020,SSI iBoard
2013-07-03,1.350000,1.350000,1.340000,1.340000,359440,SSI iBoard
2013-07-04,1.340000,1.350000,1.310000,1.310000,368000,SSI iBoard
2013-07-05,1.330000,1.350000,1.320000,1.330000,581570,SSI iBoard
2013-07-08,1.330000,1.330000,1.310000,1.310000,601980,SSI iBoard
2013-07-09,1.300000,1.320000,1.300000,1.310000,102510,SSI iBoard
2013-07-10,1.310000,1.320000,1.310000,1.310000,220090,SSI iBoard
2013-07-11,1.310000,1.310000,1.300000,1.300000,318480,SSI iBoard
2013-07-12,1.300000,1.370000,1.300000,1.370000,544110,SSI iBoard
2013-07-15,1.410000,1.420000,1.390000,1.410000,768550,SSI iBoard
2013-07-16,1.410000,1.420000,1.400000,1.400000,443320,SSI iBoard
2013-07-17,1.400000,1.400000,1.390000,1.400000,240380,SSI iBoard
2013-07-18,1.400000,1.440000,1.390000,1.430000,871380,SSI iBoard
2013-07-19,1.430000,1.450000,1.430000,1.450000,596250,SSI iBoard
2013-07-22,1.470000,1.480000,1.440000,1.460000,660720,SSI iBoard
2013-07-23,1.460000,1.500000,1.460000,1.490000,809760,SSI iBoard
2013-07-24,1.490000,1.500000,1.450000,1.460000,954480,SSI iBoard
2013-07-25,1.460000,1.470000,1.440000,1.440000,542740,SSI iBoard
2013-07-26,1.430000,1.440000,1.420000,1.430000,530040,SSI iBoard
2013-07-29,1.430000,1.430000,1.410000,1.410000,351070,SSI iBoard
2013-07-30,1.400000,1.450000,1.400000,1.450000,220610,SSI iBoard
2013-07-31,1.450000,1.450000,1.420000,1.440000,246510,SSI iBoard
2013-08-01,1.420000,1.440000,1.420000,1.440000,269390,SSI iBoard
2013-08-02,1.450000,1.450000,1.440000,1.450000,240980,SSI iBoard
2013-08-05,1.440000,1.460000,1.440000,1.450000,123730,SSI iBoard
2013-08-06,1.470000,1.470000,1.440000,1.450000,320980,SSI iBoard
2013-08-07,1.470000,1.520000,1.460000,1.500000,649140,SSI iBoard
2013-08-08,1.510000,1.520000,1.490000,1.490000,382810,SSI iBoard
2013-08-09,1.500000,1.500000,1.480000,1.490000,373340,SSI iBoard
2013-08-12,1.490000,1.500000,1.480000,1.490000,179720,SSI iBoard
2013-08-13,1.490000,1.500000,1.480000,1.490000,187090,SSI iBoard
2013-08-14,1.480000,1.500000,1.480000,1.500000,192280,SSI iBoard
2013-08-15,1.500000,1.540000,1.500000,1.520000,704010,SSI iBoard
2013-08-16,1.510000,1.560000,1.510000,1.540000,704760,SSI iBoard
2013-08-19,1.540000,1.570000,1.540000,1.540000,725870,SSI iBoard
2013-08-20,1.540000,1.570000,1.530000,1.550000,617830,SSI iBoard
2013-08-21,1.550000,1.570000,1.540000,1.570000,554460,SSI iBoard
2013-08-22,1.570000,1.570000,1.520000,1.530000,725230,SSI iBoard
2013-08-23,1.530000,1.540000,1.500000,1.510000,919390,SSI iBoard
2013-08-26,1.510000,1.520000,1.500000,1.520000,359940,SSI iBoard
2013-08-27,1.520000,1.530000,1.510000,1.520000,185840,SSI iBoard
2013-08-28,1.500000,1.500000,1.450000,1.460000,685950,SSI iBoard
2013-08-29,1.460000,1.470000,1.430000,1.440000,626420,SSI iBoard
2013-08-30,1.440000,1.480000,1.440000,1.480000,258620,SSI iBoard
2013-09-03,1.510000,1.510000,1.490000,1.500000,214970,SSI iBoard
2013-09-04,1.500000,1.500000,1.460000,1.460000,287430,SSI iBoard
2013-09-05,1.450000,1.490000,1.450000,1.490000,152280,SSI iBoard
2013-09-06,1.480000,1.540000,1.480000,1.540000,361760,SSI iBoard
2013-09-09,1.540000,1.540000,1.500000,1.520000,323910,SSI iBoard
2013-09-10,1.520000,1.560000,1.520000,1.550000,518840,SSI iBoard
2013-09-11,1.570000,1.600000,1.560000,1.600000,622940,SSI iBoard
2013-09-12,1.600000,1.640000,1.600000,1.620000,411160,SSI iBoard
2013-09-13,1.620000,1.620000,1.590000,1.600000,319140,SSI iBoard
2013-09-16,1.610000,1.620000,1.590000,1.620000,314880,SSI iBoard
2013-09-17,1.620000,1.620000,1.610000,1.620000,350430,SSI iBoard
2013-09-18,1.620000,1.620000,1.600000,1.600000,383920,SSI iBoard
2013-09-19,1.600000,1.620000,1.600000,1.610000,213200,SSI iBoard
2013-09-20,1.610000,1.620000,1.600000,1.620000,645510,SSI iBoard
2013-09-23,1.620000,1.720000,1.600000,1.720000,914880,SSI iBoard
2013-09-24,1.720000,1.720000,1.690000,1.690000,414120,SSI iBoard
2013-09-25,1.680000,1.710000,1.670000,1.670000,357800,SSI iBoard
2013-09-26,1.670000,1.710000,1.650000,1.710000,1133560,SSI iBoard
2013-09-27,1.720000,1.730000,1.700000,1.720000,758940,SSI iBoard
2013-09-30,1.720000,1.740000,1.720000,1.720000,390270,SSI iBoard
2013-10-01,1.720000,1.730000,1.700000,1.700000,1341200,SSI iBoard
2013-10-02,1.700000,1.710000,1.700000,1.710000,395190,SSI iBoard
2013-10-03,1.700000,1.710000,1.690000,1.690000,451290,SSI iBoard
2013-10-04,1.690000,1.740000,1.680000,1.730000,643070,SSI iBoard
2013-10-07,1.730000,1.790000,1.720000,1.780000,912680,SSI iBoard
2013-10-08,1.780000,1.800000,1.770000,1.790000,544720,SSI iBoard
2013-10-09,1.770000,1.790000,1.770000,1.770000,665010,SSI iBoard
2013-10-10,1.770000,1.780000,1.740000,1.750000,675400,SSI iBoard
2013-10-11,1.760000,1.770000,1.750000,1.760000,655820,SSI iBoard
2013-10-14,1.760000,1.770000,1.760000,1.770000,232430,SSI iBoard
2013-10-15,1.770000,1.790000,1.770000,1.780000,342480,SSI iBoard
2013-10-16,1.780000,1.780000,1.770000,1.770000,436110,SSI iBoard
2013-10-17,1.770000,1.790000,1.770000,1.770000,238390,SSI iBoard
2013-10-18,1.770000,1.770000,1.760000,1.770000,303480,SSI iBoard
2013-10-21,1.770000,1.780000,1.770000,1.770000,360960,SSI iBoard
2013-10-22,1.770000,1.790000,1.770000,1.770000,504730,SSI iBoard
2013-10-23,1.790000,1.800000,1.780000,1.800000,706360,SSI iBoard
2013-10-24,1.810000,1.820000,1.800000,1.800000,689960,SSI iBoard
2013-10-25,1.810000,1.810000,1.790000,1.800000,271160,SSI iBoard
2013-10-28,1.800000,1.800000,1.790000,1.790000,393840,SSI iBoard
2013-10-29,1.780000,1.790000,1.760000,1.790000,363990,SSI iBoard
2013-10-30,1.790000,1.800000,1.790000,1.800000,250100,SSI iBoard
2013-10-31,1.790000,1.840000,1.790000,1.820000,565000,SSI iBoard
2013-11-01,1.840000,1.840000,1.820000,1.820000,216530,SSI iBoard
2013-11-04,1.820000,1.830000,1.810000,1.830000,180930,SSI iBoard
2013-11-05,1.830000,1.840000,1.810000,1.830000,186110,SSI iBoard
2013-11-06,1.830000,1.850000,1.830000,1.850000,302020,SSI iBoard
2013-11-07,1.860000,1.870000,1.860000,1.860000,458540,SSI iBoard
2013-11-08,1.860000,1.870000,1.860000,1.860000,188140,SSI iBoard
2013-11-11,1.870000,1.890000,1.860000,1.890000,142520,SSI iBoard
2013-11-12,1.880000,1.890000,1.870000,1.880000,529400,SSI iBoard
2013-11-13,1.860000,1.870000,1.840000,1.850000,353190,SSI iBoard
2013-11-14,1.860000,1.960000,1.860000,1.960000,296420,SSI iBoard
2013-11-15,1.960000,1.960000,1.910000,1.940000,324770,SSI iBoard
2013-11-18,1.950000,1.960000,1.920000,1.950000,260890,SSI iBoard
2013-11-19,1.950000,1.960000,1.930000,1.930000,252450,SSI iBoard
2013-11-20,1.950000,1.960000,1.930000,1.960000,705190,SSI iBoard
2013-11-21,1.940000,1.960000,1.940000,1.940000,457140,SSI iBoard
2013-11-22,1.950000,1.950000,1.930000,1.940000,202890,SSI iBoard
2013-11-25,1.940000,1.960000,1.940000,1.950000,512110,SSI iBoard
2013-11-26,1.940000,1.990000,1.940000,1.990000,541610,SSI iBoard
2013-11-27,1.970000,2.000000,1.970000,1.970000,145420,SSI iBoard
2013-11-28,1.970000,1.980000,1.940000,1.980000,106490,SSI iBoard
2013-11-29,1.990000,1.990000,1.970000,1.980000,257760,SSI iBoard
2013-12-02,1.990000,1.990000,1.980000,1.980000,80150,SSI iBoard
2013-12-03,1.960000,1.990000,1.960000,1.980000,157730,SSI iBoard
2013-12-04,1.980000,1.980000,1.970000,1.970000,215820,SSI iBoard
2013-12-05,1.970000,1.970000,1.950000,1.960000,251970,SSI iBoard
2013-12-06,1.950000,1.960000,1.950000,1.950000,186550,SSI iBoard
2013-12-09,1.940000,1.940000,1.910000,1.920000,515150,SSI iBoard
2013-12-10,1.930000,1.930000,1.910000,1.920000,374740,SSI iBoard
2013-12-11,1.910000,1.930000,1.900000,1.910000,225190,SSI iBoard
2013-12-12,1.890000,1.920000,1.890000,1.900000,219390,SSI iBoard
2013-12-13,1.900000,1.900000,1.870000,1.870000,404220,SSI iBoard
2013-12-16,1.860000,1.960000,1.860000,1.880000,566450,SSI iBoard
2013-12-17,1.880000,1.920000,1.880000,1.910000,50370,SSI iBoard
2013-12-18,1.900000,1.920000,1.900000,1.910000,196470,SSI iBoard
2013-12-19,1.930000,1.940000,1.910000,1.930000,212920,SSI iBoard
2013-12-20,1.940000,1.940000,1.900000,1.910000,2182440,SSI iBoard
2013-12-23,1.910000,1.950000,1.910000,1.950000,305860,SSI iBoard
2013-12-24,1.960000,1.960000,1.940000,1.950000,137460,SSI iBoard
2013-12-25,1.950000,1.960000,1.940000,1.950000,307630,SSI iBoard
2013-12-26,1.960000,2.000000,1.960000,1.990000,1290990,SSI iBoard
2013-12-27,1.990000,2.030000,1.990000,2.010000,894520,SSI iBoard
2013-12-30,2.010000,2.050000,2.010000,2.010000,436570,SSI iBoard
2013-12-31,2.010000,2.050000,2.010000,2.020000,425630,SSI iBoard
2014-01-02,2.040000,2.040000,2.010000,2.020000,276250,SSI iBoard
2014-01-03,2.020000,2.040000,2.010000,2.040000,476880,SSI iBoard
2014-01-06,2.060000,2.080000,2.040000,2.070000,452830,SSI iBoard
2014-01-07,2.080000,2.100000,2.070000,2.070000,282230,SSI iBoard
2014-01-08,2.060000,2.090000,2.060000,2.080000,357660,SSI iBoard
2014-01-09,2.080000,2.120000,2.080000,2.120000,600950,SSI iBoard
2014-01-10,2.120000,2.160000,2.110000,2.110000,296570,SSI iBoard
2014-01-13,2.120000,2.130000,2.120000,2.120000,161650,SSI iBoard
2014-01-14,2.120000,2.220000,2.110000,2.210000,851610,SSI iBoard
2014-01-15,2.210000,2.270000,2.210000,2.260000,510520,SSI iBoard
2014-01-16,2.280000,2.330000,2.270000,2.330000,640840,SSI iBoard
2014-01-17,2.350000,2.480000,2.350000,2.480000,1331750,SSI iBoard
2014-01-20,2.530000,2.650000,2.500000,2.550000,1169800,SSI iBoard
2014-01-21,2.570000,2.650000,2.450000,2.650000,703410,SSI iBoard
2014-01-22,2.600000,2.600000,2.480000,2.480000,790880,SSI iBoard
2014-01-23,2.350000,2.400000,2.310000,2.310000,829490,SSI iBoard
2014-01-24,2.310000,2.310000,2.260000,2.280000,979630,SSI iBoard
2014-01-27,2.260000,2.280000,2.210000,2.240000,694630,SSI iBoard
2014-02-06,2.210000,2.390000,2.210000,2.370000,641460,SSI iBoard
2014-02-07,2.400000,2.400000,2.320000,2.340000,780700,SSI iBoard
2014-02-10,2.340000,2.370000,2.320000,2.340000,405900,SSI iBoard
2014-02-11,2.350000,2.440000,2.330000,2.330000,811110,SSI iBoard
2014-02-12,2.350000,2.410000,2.340000,2.400000,559150,SSI iBoard
2014-02-13,2.400000,2.420000,2.390000,2.410000,395480,SSI iBoard
2014-02-14,2.410000,2.420000,2.370000,2.380000,290910,SSI iBoard
2014-02-17,2.380000,2.380000,2.350000,2.350000,464120,SSI iBoard
2014-02-18,2.350000,2.390000,2.340000,2.380000,366290,SSI iBoard
2014-02-19,2.390000,2.400000,2.360000,2.370000,293100,SSI iBoard
2014-02-20,2.370000,2.370000,2.280000,2.300000,580100,SSI iBoard
2014-02-21,2.320000,2.350000,2.260000,2.330000,317840,SSI iBoard
2014-02-24,2.330000,2.390000,2.330000,2.380000,450940,SSI iBoard
2014-02-25,2.390000,2.550000,2.380000,2.550000,1308480,SSI iBoard
2014-02-26,2.550000,2.550000,2.480000,2.500000,444670,SSI iBoard
2014-02-27,2.480000,2.530000,2.400000,2.430000,439900,SSI iBoard
2014-02-28,2.430000,2.430000,2.370000,2.370000,1159820,SSI iBoard
2014-03-03,2.380000,2.410000,2.380000,2.380000,430330,SSI iBoard
2014-03-04,2.330000,2.370000,2.330000,2.340000,475820,SSI iBoard
2014-03-05,2.400000,2.400000,2.370000,2.370000,380290,SSI iBoard
2014-03-06,2.380000,2.410000,2.380000,2.400000,429330,SSI iBoard
2014-03-07,2.420000,2.420000,2.380000,2.380000,200000,SSI iBoard
2014-03-10,2.390000,2.400000,2.380000,2.390000,247070,SSI iBoard
2014-03-11,2.400000,2.450000,2.390000,2.450000,579600,SSI iBoard
2014-03-12,2.450000,2.600000,2.450000,2.530000,1049760,SSI iBoard
2014-03-13,2.530000,2.550000,2.480000,2.500000,318840,SSI iBoard
2014-03-14,2.500000,2.500000,2.450000,2.450000,528450,SSI iBoard
2014-03-17,2.360000,2.410000,2.360000,2.400000,754600,SSI iBoard
2014-03-18,2.430000,2.450000,2.400000,2.450000,997020,SSI iBoard
2014-03-19,2.440000,2.570000,2.440000,2.570000,1845240,SSI iBoard
2014-03-20,2.570000,2.570000,2.530000,2.550000,1087390,SSI iBoard
2014-03-21,2.530000,2.600000,2.530000,2.550000,4092890,SSI iBoard
2014-03-24,2.600000,2.620000,2.570000,2.600000,1574040,SSI iBoard
2014-03-25,2.600000,2.600000,2.500000,2.530000,1402690,SSI iBoard
2014-03-26,2.530000,2.570000,2.480000,2.530000,1372940,SSI iBoard
2014-03-27,2.500000,2.570000,2.480000,2.570000,849750,SSI iBoard
2014-03-28,2.550000,2.670000,2.550000,2.600000,1812210,SSI iBoard
2014-03-31,2.620000,2.620000,2.550000,2.600000,935960,SSI iBoard
2014-04-01,2.600000,2.600000,2.530000,2.550000,551680,SSI iBoard
2014-04-02,2.550000,2.570000,2.500000,2.550000,962490,SSI iBoard
2014-04-03,2.570000,2.600000,2.530000,2.570000,280760,SSI iBoard
2014-04-04,2.600000,2.720000,2.570000,2.720000,2110670,SSI iBoard
2014-04-07,2.700000,2.800000,2.670000,2.800000,1562970,SSI iBoard
2014-04-08,2.750000,2.800000,2.750000,2.770000,437330,SSI iBoard
2014-04-10,2.770000,2.800000,2.750000,2.800000,572920,SSI iBoard
2014-04-11,2.770000,2.800000,2.750000,2.750000,554560,SSI iBoard
2014-04-14,2.800000,2.820000,2.750000,2.800000,717290,SSI iBoard
2014-04-15,2.770000,2.800000,2.620000,2.670000,1157870,SSI iBoard
2014-04-16,2.620000,2.670000,2.530000,2.650000,1123200,SSI iBoard
2014-04-17,2.670000,2.700000,2.620000,2.650000,436260,SSI iBoard
2014-04-18,2.650000,2.670000,2.530000,2.550000,785140,SSI iBoard
2014-04-21,2.550000,2.600000,2.500000,2.550000,314180,SSI iBoard
2014-04-22,2.570000,2.720000,2.570000,2.720000,766020,SSI iBoard
2014-04-23,2.720000,2.750000,2.670000,2.720000,592480,SSI iBoard
2014-04-24,2.780000,2.780000,2.750000,2.750000,356790,SSI iBoard
2014-04-25,2.760000,2.880000,2.750000,2.880000,737120,SSI iBoard
2014-04-28,2.880000,2.880000,2.840000,2.860000,355500,SSI iBoard
2014-04-29,2.840000,2.880000,2.820000,2.880000,245180,SSI iBoard
2014-05-05,2.870000,2.880000,2.770000,2.800000,441510,SSI iBoard
2014-05-06,2.790000,2.790000,2.640000,2.780000,486060,SSI iBoard
2014-05-07,2.760000,2.780000,2.710000,2.740000,309820,SSI iBoard
2014-05-08,2.670000,2.670000,2.550000,2.550000,2286010,SSI iBoard
2014-05-09,2.550000,2.700000,2.500000,2.680000,1666890,SSI iBoard
2014-05-12,2.640000,2.640000,2.530000,2.550000,618170,SSI iBoard
2014-05-13,2.550000,2.600000,2.520000,2.570000,383770,SSI iBoard
2014-05-14,2.570000,2.750000,2.570000,2.720000,895160,SSI iBoard
2014-05-15,2.720000,2.770000,2.580000,2.710000,842280,SSI iBoard
2014-05-16,2.720000,2.740000,2.650000,2.730000,274940,SSI iBoard
2014-05-19,2.740000,2.850000,2.720000,2.850000,661770,SSI iBoard
2014-05-20,2.840000,2.850000,2.810000,2.820000,377140,SSI iBoard
2014-05-21,2.820000,2.830000,2.780000,2.810000,597610,SSI iBoard
2014-05-22,2.810000,2.870000,2.780000,2.840000,814870,SSI iBoard
2014-05-23,2.900000,2.990000,2.880000,2.960000,656450,SSI iBoard
2014-05-26,2.930000,2.990000,2.900000,2.960000,292950,SSI iBoard
2014-05-27,2.960000,2.990000,2.870000,2.960000,501200,SSI iBoard
2014-05-28,2.960000,3.040000,2.960000,3.010000,798780,SSI iBoard
2014-05-29,2.990000,2.990000,2.880000,2.960000,542370,SSI iBoard
2014-05-30,2.930000,3.010000,2.930000,2.960000,592110,SSI iBoard
2014-06-02,2.930000,2.990000,2.930000,2.960000,272060,SSI iBoard
2014-06-03,2.960000,2.990000,2.900000,2.960000,139470,SSI iBoard
2014-06-04,2.960000,2.960000,2.840000,2.840000,221680,SSI iBoard
2014-06-05,2.840000,2.890000,2.820000,2.820000,124100,SSI iBoard
2014-06-06,2.820000,2.900000,2.820000,2.900000,89070,SSI iBoard
2014-06-09,2.900000,2.960000,2.890000,2.960000,241090,SSI iBoard
2014-06-10,2.960000,2.960000,2.900000,2.900000,174660,SSI iBoard
2014-06-11,2.850000,2.930000,2.850000,2.900000,272760,SSI iBoard
2014-06-12,2.900000,2.900000,2.870000,2.890000,338460,SSI iBoard
2014-06-13,2.880000,3.070000,2.880000,3.010000,1721510,SSI iBoard
2014-06-16,3.010000,3.010000,2.990000,2.990000,405150,SSI iBoard
2014-06-17,2.960000,3.070000,2.960000,3.040000,790000,SSI iBoard
2014-06-18,3.010000,3.040000,3.010000,3.040000,342110,SSI iBoard
2014-06-19,3.010000,3.040000,2.960000,3.040000,409260,SSI iBoard
2014-06-20,3.100000,3.220000,2.990000,2.990000,2649320,SSI iBoard
2014-06-23,3.070000,3.100000,3.040000,3.100000,455000,SSI iBoard
2014-06-24,3.100000,3.130000,3.010000,3.100000,399170,SSI iBoard
2014-06-25,3.070000,3.130000,3.070000,3.100000,563530,SSI iBoard
2014-06-26,3.100000,3.160000,3.070000,3.100000,717080,SSI iBoard
2014-06-27,3.100000,3.130000,3.070000,3.100000,358260,SSI iBoard
2014-06-30,3.070000,3.130000,3.070000,3.130000,658700,SSI iBoard
2014-07-01,3.130000,3.160000,3.100000,3.130000,662690,SSI iBoard
2014-07-02,3.100000,3.130000,3.070000,3.100000,380940,SSI iBoard
2014-07-03,3.130000,3.190000,3.100000,3.190000,2431870,SSI iBoard
2014-07-04,3.190000,3.250000,3.160000,3.220000,1912660,SSI iBoard
2014-07-07,3.190000,3.220000,3.160000,3.190000,918740,SSI iBoard
2014-07-08,3.160000,3.190000,3.130000,3.190000,675470,SSI iBoard
2014-07-09,3.190000,3.250000,3.160000,3.220000,993560,SSI iBoard
2014-07-10,3.190000,3.220000,3.130000,3.190000,820540,SSI iBoard
2014-07-11,3.130000,3.190000,3.130000,3.190000,757710,SSI iBoard
2014-07-14,3.190000,3.280000,3.190000,3.250000,1460240,SSI iBoard
2014-07-15,3.250000,3.300000,3.250000,3.300000,724190,SSI iBoard
2014-07-16,3.360000,3.390000,3.280000,3.330000,2845830,SSI iBoard
2014-07-17,3.300000,3.360000,3.300000,3.360000,725780,SSI iBoard
2014-07-18,3.330000,3.360000,3.300000,3.360000,955820,SSI iBoard
2014-07-21,3.330000,3.390000,3.330000,3.330000,1102450,SSI iBoard
2014-07-22,3.300000,3.360000,3.280000,3.300000,616180,SSI iBoard
2014-07-23,3.300000,3.300000,3.250000,3.280000,814880,SSI iBoard
2014-07-24,3.250000,3.330000,3.250000,3.330000,571810,SSI iBoard
2014-07-25,3.330000,3.330000,3.250000,3.280000,709010,SSI iBoard
2014-07-28,3.250000,3.280000,3.190000,3.190000,1013310,SSI iBoard
2014-07-29,3.190000,3.220000,3.160000,3.190000,469280,SSI iBoard
2014-07-30,3.220000,3.220000,3.190000,3.190000,386880,SSI iBoard
2014-07-31,3.220000,3.330000,3.220000,3.330000,1168010,SSI iBoard
2014-08-01,3.300000,3.330000,3.250000,3.280000,317120,SSI iBoard
2014-08-04,3.250000,3.280000,3.220000,3.250000,485240,SSI iBoard
2014-08-05,3.250000,3.330000,3.250000,3.300000,1542240,SSI iBoard
2014-08-06,3.300000,3.330000,3.280000,3.300000,220780,SSI iBoard
2014-08-07,3.280000,3.300000,3.250000,3.280000,627150,SSI iBoard
2014-08-08,3.280000,3.280000,3.220000,3.250000,634450,SSI iBoard
2014-08-11,3.220000,3.280000,3.220000,3.250000,425530,SSI iBoard
2014-08-12,3.250000,3.280000,3.220000,3.220000,379740,SSI iBoard
2014-08-13,3.220000,3.300000,3.190000,3.300000,1147610,SSI iBoard
2014-08-14,3.300000,3.330000,3.280000,3.300000,593010,SSI iBoard
2014-08-15,3.300000,3.300000,3.280000,3.300000,277720,SSI iBoard
2014-08-18,3.300000,3.300000,3.280000,3.280000,561160,SSI iBoard
2014-08-19,3.280000,3.360000,3.280000,3.330000,1572760,SSI iBoard
2014-08-20,3.330000,3.360000,3.300000,3.330000,595440,SSI iBoard
2014-08-21,3.300000,3.390000,3.300000,3.390000,1209960,SSI iBoard
2014-08-22,3.390000,3.480000,3.390000,3.450000,1727570,SSI iBoard
2014-08-25,3.450000,3.510000,3.420000,3.480000,1722740,SSI iBoard
2014-08-26,3.480000,3.540000,3.450000,3.540000,1316250,SSI iBoard
2014-08-27,3.540000,3.560000,3.450000,3.480000,1007110,SSI iBoard
2014-08-28,3.450000,3.450000,3.390000,3.390000,1431960,SSI iBoard
2014-08-29,3.420000,3.450000,3.360000,3.360000,989270,SSI iBoard
2014-09-03,3.390000,3.450000,3.390000,3.450000,1087640,SSI iBoard
2014-09-04,3.450000,3.590000,3.450000,3.540000,1783140,SSI iBoard
2014-09-05,3.510000,3.540000,3.480000,3.540000,471490,SSI iBoard
2014-09-08,3.540000,3.560000,3.510000,3.540000,912510,SSI iBoard
2014-09-09,3.480000,3.510000,3.360000,3.420000,1615550,SSI iBoard
2014-09-10,3.390000,3.420000,3.330000,3.420000,496070,SSI iBoard
2014-09-11,3.420000,3.420000,3.330000,3.330000,637720,SSI iBoard
2014-09-12,3.330000,3.360000,3.330000,3.360000,581170,SSI iBoard
2014-09-15,3.360000,3.420000,3.360000,3.360000,669190,SSI iBoard
2014-09-16,3.360000,3.390000,3.300000,3.330000,996270,SSI iBoard
2014-09-17,3.330000,3.390000,3.300000,3.390000,1078400,SSI iBoard
2014-09-18,3.390000,3.390000,3.330000,3.360000,807390,SSI iBoard
2014-09-19,3.300000,3.360000,3.250000,3.250000,1950450,SSI iBoard
2014-09-22,3.280000,3.330000,3.280000,3.280000,1018950,SSI iBoard
2014-09-23,3.250000,3.360000,3.250000,3.330000,713690,SSI iBoard
2014-09-24,3.330000,3.390000,3.300000,3.390000,842670,SSI iBoard
2014-09-25,3.360000,3.390000,3.300000,3.390000,535230,SSI iBoard
2014-09-26,3.360000,3.390000,3.360000,3.360000,240460,SSI iBoard
2014-09-29,3.360000,3.390000,3.330000,3.360000,216250,SSI iBoard
2014-09-30,3.330000,3.390000,3.330000,3.330000,640320,SSI iBoard
2014-10-01,3.360000,3.390000,3.330000,3.360000,563620,SSI iBoard
2014-10-02,3.390000,3.420000,3.360000,3.420000,445580,SSI iBoard
2014-10-03,3.450000,3.450000,3.420000,3.420000,414030,SSI iBoard
2014-10-06,3.390000,3.420000,3.330000,3.330000,838220,SSI iBoard
2014-10-07,3.360000,3.360000,3.330000,3.330000,485590,SSI iBoard
2014-10-08,3.330000,3.420000,3.330000,3.420000,907940,SSI iBoard
2014-10-09,3.420000,3.450000,3.390000,3.390000,799150,SSI iBoard
2014-10-10,3.360000,3.450000,3.360000,3.390000,437640,SSI iBoard
2014-10-13,3.390000,3.390000,3.330000,3.390000,805500,SSI iBoard
2014-10-14,3.390000,3.390000,3.280000,3.280000,1027190,SSI iBoard
2014-10-15,3.280000,3.300000,3.190000,3.220000,802020,SSI iBoard
2014-10-16,3.220000,3.220000,3.040000,3.070000,1505530,SSI iBoard
2014-10-17,3.100000,3.130000,2.990000,3.100000,1463780,SSI iBoard
2014-10-20,3.100000,3.190000,3.100000,3.190000,878530,SSI iBoard
2014-10-21,3.160000,3.220000,3.160000,3.190000,290660,SSI iBoard
2014-10-22,3.190000,3.250000,3.190000,3.250000,743530,SSI iBoard
2014-10-23,3.220000,3.280000,3.160000,3.160000,564550,SSI iBoard
2014-10-24,3.190000,3.190000,3.100000,3.160000,332940,SSI iBoard
2014-10-27,3.130000,3.160000,3.070000,3.070000,352360,SSI iBoard
2014-10-28,3.040000,3.130000,3.040000,3.130000,464930,SSI iBoard
2014-10-29,3.160000,3.190000,3.130000,3.160000,324890,SSI iBoard
2014-10-30,3.130000,3.160000,3.130000,3.160000,382610,SSI iBoard
2014-10-31,3.160000,3.190000,3.130000,3.190000,706290,SSI iBoard
2014-11-03,3.250000,3.300000,3.250000,3.280000,759020,SSI iBoard
2014-11-04,3.280000,3.300000,3.220000,3.250000,264000,SSI iBoard
2014-11-05,3.250000,3.280000,3.190000,3.220000,278880,SSI iBoard
2014-11-06,3.280000,3.280000,3.190000,3.190000,145210,SSI iBoard
2014-11-07,3.190000,3.280000,3.190000,3.280000,374310,SSI iBoard
2014-11-10,3.250000,3.280000,3.250000,3.280000,481250,SSI iBoard
2014-11-11,3.280000,3.360000,3.250000,3.330000,750900,SSI iBoard
2014-11-12,3.330000,3.360000,3.300000,3.330000,182330,SSI iBoard
2014-11-13,3.300000,3.360000,3.300000,3.330000,280040,SSI iBoard
2014-11-14,3.330000,3.330000,3.250000,3.300000,367940,SSI iBoard
2014-11-17,3.300000,3.330000,3.280000,3.300000,209400,SSI iBoard
2014-11-18,3.280000,3.300000,3.250000,3.300000,213320,SSI iBoard
2014-11-19,3.280000,3.280000,3.190000,3.220000,809030,SSI iBoard
2014-11-20,3.250000,3.280000,3.220000,3.280000,586140,SSI iBoard
2014-11-21,3.280000,3.280000,3.220000,3.220000,276110,SSI iBoard
2014-11-24,3.190000,3.220000,3.160000,3.190000,200420,SSI iBoard
2014-11-25,3.190000,3.220000,3.160000,3.190000,464830,SSI iBoard
2014-11-26,3.190000,3.220000,3.070000,3.100000,703040,SSI iBoard
2014-11-27,3.100000,3.160000,3.070000,3.160000,876480,SSI iBoard
2014-11-28,3.160000,3.160000,3.070000,3.100000,390620,SSI iBoard
2014-12-01,3.130000,3.190000,3.130000,3.130000,603620,SSI iBoard
2014-12-02,3.160000,3.160000,3.100000,3.130000,168670,SSI iBoard
2014-12-03,3.160000,3.190000,3.130000,3.190000,481290,SSI iBoard
2014-12-04,3.190000,3.220000,3.160000,3.190000,341620,SSI iBoard
2014-12-05,3.220000,3.250000,3.190000,3.220000,697150,SSI iBoard
2014-12-08,3.220000,3.220000,3.130000,3.160000,421550,SSI iBoard
2014-12-09,3.130000,3.160000,2.990000,3.010000,945890,SSI iBoard
2014-12-10,3.040000,3.100000,2.960000,3.070000,542440,SSI iBoard
2014-12-11,3.040000,3.070000,3.010000,3.040000,157820,SSI iBoard
2014-12-12,2.990000,3.070000,2.990000,3.070000,82360,SSI iBoard
2014-12-15,3.070000,3.070000,3.010000,3.010000,84760,SSI iBoard
2014-12-16,3.010000,3.010000,2.870000,2.890000,651220,SSI iBoard
2014-12-17,2.870000,2.900000,2.690000,2.770000,1517960,SSI iBoard
2014-12-18,2.780000,2.830000,2.780000,2.800000,538720,SSI iBoard
2014-12-19,2.800000,2.830000,2.790000,2.800000,555400,SSI iBoard
2014-12-22,2.820000,2.990000,2.820000,2.990000,398810,SSI iBoard
2014-12-23,3.010000,3.040000,2.960000,2.990000,464800,SSI iBoard
2014-12-24,3.010000,3.010000,2.990000,2.990000,187190,SSI iBoard
2014-12-25,2.960000,2.990000,2.930000,2.960000,188070,SSI iBoard
2014-12-26,2.960000,2.960000,2.880000,2.900000,273800,SSI iBoard
2014-12-29,2.900000,3.040000,2.900000,2.990000,414450,SSI iBoard
2014-12-30,2.990000,3.040000,2.960000,3.040000,385200,SSI iBoard
2014-12-31,3.040000,3.070000,3.040000,3.070000,685640,SSI iBoard
2015-01-05,3.070000,3.130000,3.040000,3.070000,207020,SSI iBoard
2015-01-06,3.010000,3.100000,3.010000,3.100000,260380,SSI iBoard
2015-01-07,3.100000,3.130000,3.070000,3.070000,232770,SSI iBoard
2015-01-08,3.070000,3.100000,3.040000,3.070000,107380,SSI iBoard
2015-01-09,3.070000,3.130000,3.040000,3.130000,409230,SSI iBoard
2015-01-12,3.100000,3.190000,3.100000,3.130000,695280,SSI iBoard
2015-01-13,3.100000,3.130000,3.100000,3.130000,77750,SSI iBoard
2015-01-14,3.100000,3.130000,3.040000,3.130000,229360,SSI iBoard
2015-01-15,3.100000,3.160000,3.100000,3.130000,199440,SSI iBoard
2015-01-16,3.100000,3.100000,3.070000,3.070000,220730,SSI iBoard
2015-01-19,3.070000,3.100000,3.040000,3.040000,293800,SSI iBoard
2015-01-20,3.040000,3.070000,3.010000,3.070000,146590,SSI iBoard
2015-01-21,3.070000,3.100000,3.040000,3.100000,628920,SSI iBoard
2015-01-22,3.100000,3.100000,3.040000,3.070000,258970,SSI iBoard
2015-01-23,3.070000,3.070000,2.960000,2.990000,1294880,SSI iBoard
2015-01-26,2.990000,2.990000,2.890000,2.890000,1167630,SSI iBoard
2015-01-27,2.930000,2.960000,2.890000,2.930000,1091760,SSI iBoard
2015-01-28,2.960000,2.960000,2.890000,2.930000,187910,SSI iBoard
2015-01-29,2.930000,2.930000,2.850000,2.860000,305240,SSI iBoard
2015-01-30,2.860000,2.860000,2.770000,2.770000,790190,SSI iBoard
2015-02-02,2.770000,2.830000,2.750000,2.750000,193890,SSI iBoard
2015-02-03,2.750000,2.780000,2.710000,2.710000,456170,SSI iBoard
2015-02-04,2.680000,2.740000,2.610000,2.620000,603690,SSI iBoard
2015-02-05,2.610000,2.610000,2.550000,2.600000,972680,SSI iBoard
2015-02-06,2.660000,2.710000,2.650000,2.670000,202240,SSI iBoard
2015-02-09,2.670000,2.700000,2.600000,2.600000,368440,SSI iBoard
2015-02-10,2.610000,2.700000,2.560000,2.680000,700570,SSI iBoard
2015-02-11,2.680000,2.810000,2.680000,2.810000,382460,SSI iBoard
2015-02-12,2.810000,2.860000,2.780000,2.830000,328920,SSI iBoard
2015-02-13,2.830000,2.880000,2.810000,2.850000,337680,SSI iBoard
2015-02-24,2.860000,2.860000,2.810000,2.860000,416880,SSI iBoard
2015-02-25,2.820000,2.850000,2.810000,2.810000,487940,SSI iBoard
2015-02-26,2.810000,2.830000,2.750000,2.780000,645750,SSI iBoard
2015-02-27,2.760000,2.760000,2.710000,2.730000,1111170,SSI iBoard
2015-03-02,2.700000,2.730000,2.670000,2.680000,635450,SSI iBoard
2015-03-03,2.690000,2.740000,2.690000,2.730000,670000,SSI iBoard
2015-03-04,2.730000,2.750000,2.720000,2.730000,324080,SSI iBoard
2015-03-05,2.740000,2.770000,2.740000,2.740000,752710,SSI iBoard
2015-03-06,2.740000,2.740000,2.720000,2.740000,296850,SSI iBoard
2015-03-09,2.750000,2.840000,2.750000,2.820000,1110350,SSI iBoard
2015-03-10,2.820000,2.840000,2.780000,2.780000,924780,SSI iBoard
2015-03-11,2.770000,2.820000,2.750000,2.750000,485870,SSI iBoard
2015-03-12,2.730000,2.750000,2.710000,2.710000,750130,SSI iBoard
2015-03-13,2.710000,2.730000,2.690000,2.700000,472400,SSI iBoard
2015-03-16,2.700000,2.700000,2.600000,2.610000,1037700,SSI iBoard
2015-03-17,2.610000,2.660000,2.610000,2.610000,640370,SSI iBoard
2015-03-18,2.630000,2.630000,2.570000,2.590000,1092640,SSI iBoard
2015-03-19,2.580000,2.600000,2.520000,2.550000,1270400,SSI iBoard
2015-03-20,2.550000,2.680000,2.540000,2.680000,2188020,SSI iBoard
2015-03-23,2.680000,2.680000,2.610000,2.610000,1140180,SSI iBoard
2015-03-24,2.580000,2.600000,2.560000,2.570000,804400,SSI iBoard
2015-03-25,2.560000,2.580000,2.540000,2.550000,765950,SSI iBoard
2015-03-26,2.540000,2.580000,2.540000,2.540000,498620,SSI iBoard
2015-03-27,2.540000,2.570000,2.540000,2.540000,253180,SSI iBoard
2015-03-30,2.560000,2.570000,2.540000,2.550000,685590,SSI iBoard
2015-03-31,2.550000,2.570000,2.550000,2.560000,668940,SSI iBoard
2015-04-01,2.560000,2.590000,2.540000,2.550000,573070,SSI iBoard
2015-04-02,2.550000,2.560000,2.530000,2.560000,450390,SSI iBoard
2015-04-03,2.560000,2.610000,2.550000,2.600000,1033520,SSI iBoard
2015-04-06,2.600000,2.600000,2.570000,2.570000,271760,SSI iBoard
2015-04-07,2.560000,2.600000,2.560000,2.570000,469470,SSI iBoard
2015-04-08,2.590000,2.590000,2.560000,2.560000,334680,SSI iBoard
2015-04-09,2.560000,2.590000,2.560000,2.560000,397900,SSI iBoard
2015-04-10,2.570000,2.580000,2.560000,2.560000,388880,SSI iBoard
2015-04-13,2.590000,2.590000,2.560000,2.560000,201090,SSI iBoard
2015-04-14,2.560000,2.580000,2.560000,2.570000,422120,SSI iBoard
2015-04-15,2.570000,2.640000,2.570000,2.610000,1231840,SSI iBoard
2015-04-16,2.620000,2.640000,2.600000,2.600000,725910,SSI iBoard
2015-04-17,2.590000,2.700000,2.590000,2.640000,982040,SSI iBoard
2015-04-20,2.640000,2.640000,2.610000,2.610000,375410,SSI iBoard
2015-04-21,2.610000,2.610000,2.600000,2.610000,424870,SSI iBoard
2015-04-22,2.610000,2.670000,2.610000,2.610000,639770,SSI iBoard
2015-04-23,2.620000,2.640000,2.570000,2.580000,485650,SSI iBoard
2015-04-24,2.590000,2.590000,2.580000,2.580000,371010,SSI iBoard
2015-04-27,2.610000,2.640000,2.550000,2.550000,394780,SSI iBoard
2015-05-04,2.590000,2.590000,2.490000,2.510000,1045680,SSI iBoard
2015-05-05,2.510000,2.590000,2.500000,2.560000,767180,SSI iBoard
2015-05-06,2.570000,2.580000,2.520000,2.520000,993740,SSI iBoard
2015-05-07,2.520000,2.550000,2.520000,2.540000,540380,SSI iBoard
2015-05-08,2.560000,2.630000,2.510000,2.510000,565420,SSI iBoard
2015-05-11,2.500000,2.530000,2.460000,2.460000,405070,SSI iBoard
2015-05-12,2.500000,2.500000,2.390000,2.390000,684210,SSI iBoard
2015-05-13,2.380000,2.390000,2.310000,2.340000,1291880,SSI iBoard
2015-05-14,2.320000,2.380000,2.310000,2.380000,734690,SSI iBoard
2015-05-15,2.380000,2.380000,2.320000,2.320000,554930,SSI iBoard
2015-05-18,2.280000,2.310000,2.210000,2.210000,1773500,SSI iBoard
2015-05-19,2.190000,2.240000,2.190000,2.220000,859380,SSI iBoard
2015-05-20,2.220000,2.380000,2.220000,2.380000,904140,SSI iBoard
2015-05-21,2.380000,2.390000,2.340000,2.380000,580790,SSI iBoard
2015-05-22,2.360000,2.390000,2.350000,2.390000,500280,SSI iBoard
2015-05-25,2.390000,2.420000,2.350000,2.380000,202540,SSI iBoard
2015-05-26,2.390000,2.430000,2.370000,2.420000,681280,SSI iBoard
2015-05-27,2.410000,2.420000,2.380000,2.380000,414100,SSI iBoard
2015-05-28,2.360000,2.410000,2.360000,2.380000,423170,SSI iBoard
2015-05-29,2.380000,2.400000,2.360000,2.370000,559300,SSI iBoard
2015-06-01,2.370000,2.380000,2.350000,2.350000,543570,SSI iBoard
2015-06-02,2.330000,2.360000,2.330000,2.340000,948500,SSI iBoard
2015-06-03,2.320000,2.350000,2.280000,2.280000,1464690,SSI iBoard
2015-06-04,2.280000,2.300000,2.280000,2.290000,1077090,SSI iBoard
2015-06-05,2.300000,2.300000,2.230000,2.250000,1935780,SSI iBoard
2015-06-08,2.270000,2.320000,2.270000,2.310000,917010,SSI iBoard
2015-06-09,2.310000,2.470000,2.300000,2.400000,2789760,SSI iBoard
2015-06-10,2.450000,2.530000,2.450000,2.520000,3194220,SSI iBoard
2015-06-11,2.570000,2.600000,2.540000,2.560000,1445080,SSI iBoard
2015-06-12,2.560000,2.590000,2.530000,2.550000,1333800,SSI iBoard
2015-06-15,2.550000,2.560000,2.530000,2.550000,1672040,SSI iBoard
2015-06-16,2.560000,2.630000,2.550000,2.570000,1806050,SSI iBoard
2015-06-17,2.550000,2.560000,2.520000,2.530000,1581070,SSI iBoard
2015-06-18,2.550000,2.550000,2.500000,2.520000,887580,SSI iBoard
2015-06-19,2.510000,2.520000,2.450000,2.450000,2592640,SSI iBoard
2015-06-22,2.480000,2.480000,2.460000,2.470000,524900,SSI iBoard
2015-06-23,2.460000,2.540000,2.460000,2.510000,801860,SSI iBoard
2015-06-24,2.480000,2.510000,2.470000,2.480000,1042290,SSI iBoard
2015-06-25,2.460000,2.480000,2.440000,2.440000,898180,SSI iBoard
2015-06-26,2.440000,2.490000,2.420000,2.430000,726400,SSI iBoard
2015-06-29,2.430000,2.490000,2.430000,2.490000,1060110,SSI iBoard
2015-06-30,2.480000,2.570000,2.470000,2.570000,3428620,SSI iBoard
2015-07-01,2.570000,2.580000,2.490000,2.510000,1078850,SSI iBoard
2015-07-02,2.510000,2.550000,2.490000,2.550000,925320,SSI iBoard
2015-07-03,2.550000,2.580000,2.550000,2.550000,1073110,SSI iBoard
2015-07-06,2.550000,2.630000,2.550000,2.620000,1864540,SSI iBoard
2015-07-07,2.620000,2.730000,2.580000,2.680000,2857450,SSI iBoard
2015-07-08,2.680000,2.710000,2.630000,2.650000,1753620,SSI iBoard
2015-07-09,2.630000,2.640000,2.590000,2.600000,1809260,SSI iBoard
2015-07-10,2.630000,2.630000,2.570000,2.570000,1348180,SSI iBoard
2015-07-13,2.580000,2.620000,2.550000,2.550000,1169610,SSI iBoard
2015-07-14,2.550000,2.640000,2.510000,2.600000,2295100,SSI iBoard
2015-07-15,2.610000,2.620000,2.550000,2.550000,931880,SSI iBoard
2015-07-16,2.540000,2.640000,2.520000,2.630000,1582160,SSI iBoard
2015-07-17,2.700000,2.750000,2.680000,2.690000,2675200,SSI iBoard
2015-07-20,2.680000,2.710000,2.630000,2.710000,1390780,SSI iBoard
2015-07-21,2.710000,2.790000,2.710000,2.790000,2696070,SSI iBoard
2015-07-22,2.800000,2.980000,2.800000,2.980000,5105670,SSI iBoard
2015-07-23,3.010000,3.030000,2.940000,2.950000,1600250,SSI iBoard
2015-07-24,2.950000,3.110000,2.950000,3.080000,3303290,SSI iBoard
2015-07-27,3.110000,3.190000,3.110000,3.170000,2415310,SSI iBoard
2015-07-28,3.170000,3.190000,3.050000,3.050000,2009060,SSI iBoard
2015-07-29,3.030000,3.080000,2.970000,2.970000,3073500,SSI iBoard
2015-07-30,2.960000,3.030000,2.950000,2.990000,1363300,SSI iBoard
2015-07-31,2.980000,3.000000,2.890000,2.890000,2290540,SSI iBoard
2015-08-03,2.850000,2.930000,2.800000,2.890000,2856040,SSI iBoard
2015-08-04,2.890000,2.960000,2.870000,2.900000,996510,SSI iBoard
2015-08-05,2.940000,3.010000,2.930000,2.990000,1060620,SSI iBoard
2015-08-06,3.000000,3.000000,2.950000,2.950000,998530,SSI iBoard
2015-08-07,2.970000,3.050000,2.950000,3.030000,2700970,SSI iBoard
2015-08-10,3.060000,3.130000,3.060000,3.100000,2228850,SSI iBoard
2015-08-11,3.110000,3.110000,3.050000,3.070000,1979760,SSI iBoard
2015-08-12,3.050000,3.050000,2.950000,2.960000,2887340,SSI iBoard
2015-08-13,2.950000,2.960000,2.860000,2.910000,2493440,SSI iBoard
2015-08-14,2.900000,2.960000,2.850000,2.900000,1829940,SSI iBoard
2015-08-17,2.920000,2.920000,2.820000,2.820000,1433820,SSI iBoard
2015-08-18,2.820000,2.870000,2.790000,2.860000,1422730,SSI iBoard
2015-08-19,2.840000,2.850000,2.780000,2.830000,1641650,SSI iBoard
2015-08-20,2.830000,2.850000,2.750000,2.770000,1210690,SSI iBoard
2015-08-21,2.710000,2.710000,2.620000,2.690000,2521210,SSI iBoard
2015-08-24,2.630000,2.630000,2.500000,2.500000,4405860,SSI iBoard
2015-08-25,2.460000,2.670000,2.460000,2.670000,2794310,SSI iBoard
2015-08-26,2.710000,2.830000,2.710000,2.800000,1892880,SSI iBoard
2015-08-27,2.800000,2.840000,2.770000,2.790000,2252900,SSI iBoard
2015-08-28,2.790000,2.850000,2.780000,2.810000,2353430,SSI iBoard
2015-08-31,2.800000,2.800000,2.760000,2.770000,1019870,SSI iBoard
2015-09-01,2.770000,2.810000,2.760000,2.770000,1450450,SSI iBoard
2015-09-03,2.760000,2.760000,2.650000,2.680000,1419780,SSI iBoard
2015-09-04,2.680000,2.710000,2.630000,2.640000,830070,SSI iBoard
2015-09-07,2.620000,2.650000,2.590000,2.600000,895920,SSI iBoard
2015-09-08,2.610000,2.690000,2.600000,2.690000,815360,SSI iBoard
2015-09-09,2.720000,2.740000,2.700000,2.730000,1426770,SSI iBoard
2015-09-10,2.700000,2.730000,2.670000,2.710000,697840,SSI iBoard
2015-09-11,2.700000,2.710000,2.640000,2.640000,880950,SSI iBoard
2015-09-14,2.640000,2.660000,2.590000,2.610000,594000,SSI iBoard
2015-09-15,2.600000,2.620000,2.590000,2.600000,480030,SSI iBoard
2015-09-16,2.610000,2.640000,2.600000,2.640000,356310,SSI iBoard
2015-09-17,2.650000,2.710000,2.650000,2.670000,608370,SSI iBoard
2015-09-18,2.710000,2.750000,2.710000,2.740000,1592720,SSI iBoard
2015-09-21,2.730000,2.870000,2.710000,2.820000,2153670,SSI iBoard
2015-09-22,2.820000,2.850000,2.800000,2.830000,786300,SSI iBoard
2015-09-23,2.800000,2.830000,2.790000,2.810000,1064130,SSI iBoard
2015-09-24,2.820000,2.820000,2.790000,2.790000,1011600,SSI iBoard
2015-09-25,2.780000,2.790000,2.760000,2.770000,506830,SSI iBoard
2015-09-28,2.760000,2.780000,2.690000,2.690000,1005260,SSI iBoard
2015-09-29,2.670000,2.680000,2.640000,2.680000,1006020,SSI iBoard
2015-09-30,2.690000,2.730000,2.690000,2.710000,554080,SSI iBoard
2015-10-01,2.710000,2.730000,2.710000,2.730000,304040,SSI iBoard
2015-10-02,2.730000,2.790000,2.730000,2.760000,795710,SSI iBoard
2015-10-05,2.750000,2.790000,2.740000,2.790000,1300420,SSI iBoard
2015-10-06,2.820000,2.860000,2.800000,2.850000,3208050,SSI iBoard
2015-10-07,2.860000,2.860000,2.790000,2.800000,1510940,SSI iBoard
2015-10-08,2.810000,2.870000,2.790000,2.870000,1920520,SSI iBoard
2015-10-09,2.880000,2.920000,2.860000,2.880000,1589230,SSI iBoard
2015-10-12,2.890000,2.940000,2.880000,2.920000,2015180,SSI iBoard
2015-10-13,2.900000,2.910000,2.880000,2.880000,903340,SSI iBoard
2015-10-14,2.880000,2.900000,2.870000,2.870000,1203260,SSI iBoard
2015-10-15,2.880000,2.960000,2.870000,2.870000,2543820,SSI iBoard
2015-10-16,2.890000,2.920000,2.840000,2.850000,2343410,SSI iBoard
2015-10-19,2.870000,2.870000,2.830000,2.850000,1717090,SSI iBoard
2015-10-20,2.850000,2.850000,2.790000,2.790000,1727880,SSI iBoard
2015-10-21,2.790000,2.830000,2.770000,2.780000,1133870,SSI iBoard
2015-10-22,2.770000,2.800000,2.770000,2.790000,881840,SSI iBoard
2015-10-23,2.850000,2.850000,2.810000,2.830000,1050300,SSI iBoard
2015-10-26,2.840000,2.880000,2.840000,2.840000,1371800,SSI iBoard
2015-10-27,2.840000,2.850000,2.810000,2.820000,837210,SSI iBoard
2015-10-28,2.820000,2.830000,2.790000,2.790000,986700,SSI iBoard
2015-10-29,2.800000,2.830000,2.790000,2.800000,1479150,SSI iBoard
2015-10-30,2.800000,2.820000,2.790000,2.800000,1046520,SSI iBoard
2015-11-02,2.800000,2.800000,2.760000,2.780000,1201140,SSI iBoard
2015-11-03,2.780000,2.800000,2.750000,2.800000,934900,SSI iBoard
2015-11-04,2.810000,2.810000,2.750000,2.770000,1137210,SSI iBoard
2015-11-05,2.770000,2.790000,2.760000,2.760000,651500,SSI iBoard
2015-11-06,2.760000,2.790000,2.740000,2.760000,925860,SSI iBoard
2015-11-09,2.740000,2.770000,2.730000,2.730000,555820,SSI iBoard
2015-11-10,2.730000,2.740000,2.710000,2.710000,674010,SSI iBoard
2015-11-11,2.710000,2.720000,2.700000,2.700000,730200,SSI iBoard
2015-11-12,2.700000,2.710000,2.650000,2.680000,1406120,SSI iBoard
2015-11-13,2.680000,2.690000,2.660000,2.680000,1306930,SSI iBoard
2015-11-16,2.690000,2.690000,2.630000,2.630000,1217400,SSI iBoard
2015-11-17,2.630000,2.710000,2.630000,2.690000,2014180,SSI iBoard
2015-11-18,2.700000,2.710000,2.670000,2.680000,596730,SSI iBoard
2015-11-19,2.680000,2.680000,2.650000,2.650000,436500,SSI iBoard
2015-11-20,2.640000,2.680000,2.630000,2.660000,812890,SSI iBoard
2015-11-23,2.670000,2.700000,2.670000,2.690000,966110,SSI iBoard
2015-11-24,2.690000,2.710000,2.680000,2.680000,1097160,SSI iBoard
2015-11-25,2.680000,2.770000,2.660000,2.770000,2194230,SSI iBoard
2015-11-26,2.790000,2.850000,2.780000,2.820000,2819750,SSI iBoard
2015-11-27,2.830000,2.860000,2.790000,2.790000,3387410,SSI iBoard
2015-11-30,2.760000,2.760000,2.710000,2.710000,1147460,SSI iBoard
2015-12-01,2.720000,2.730000,2.700000,2.700000,1041490,SSI iBoard
2015-12-02,2.700000,2.730000,2.700000,2.720000,1342220,SSI iBoard
2015-12-03,2.720000,2.750000,2.710000,2.720000,658700,SSI iBoard
2015-12-04,2.720000,2.720000,2.680000,2.700000,817290,SSI iBoard
2015-12-07,2.680000,2.700000,2.650000,2.660000,691540,SSI iBoard
2015-12-08,2.640000,2.710000,2.630000,2.700000,776960,SSI iBoard
2015-12-09,2.700000,2.710000,2.650000,2.650000,530540,SSI iBoard
2015-12-10,2.640000,2.670000,2.620000,2.620000,1068970,SSI iBoard
2015-12-11,2.630000,2.660000,2.620000,2.650000,849510,SSI iBoard
2015-12-14,2.760000,2.760000,2.720000,2.720000,1578990,SSI iBoard
2015-12-15,2.710000,2.740000,2.710000,2.720000,1399890,SSI iBoard
2015-12-16,2.730000,2.730000,2.710000,2.710000,754300,SSI iBoard
2015-12-17,2.710000,2.720000,2.700000,2.710000,644820,SSI iBoard
2015-12-18,2.710000,2.730000,2.690000,2.710000,9525010,SSI iBoard
2015-12-21,2.690000,2.690000,2.650000,2.670000,881460,SSI iBoard
2015-12-22,2.660000,2.660000,2.630000,2.640000,435510,SSI iBoard
2015-12-23,2.650000,2.650000,2.620000,2.630000,664920,SSI iBoard
2015-12-24,2.630000,2.650000,2.630000,2.630000,230640,SSI iBoard
2015-12-25,2.630000,2.640000,2.620000,2.630000,403760,SSI iBoard
2015-12-28,2.630000,2.630000,2.570000,2.570000,1002190,SSI iBoard
2015-12-29,2.580000,2.590000,2.550000,2.570000,466130,SSI iBoard
2015-12-30,2.600000,2.630000,2.580000,2.610000,652720,SSI iBoard
2015-12-31,2.610000,2.610000,2.570000,2.600000,390410,SSI iBoard
2016-01-04,2.590000,2.610000,2.560000,2.560000,404530,SSI iBoard
2016-01-05,2.550000,2.570000,2.540000,2.540000,628760,SSI iBoard
2016-01-06,2.540000,2.580000,2.540000,2.580000,658730,SSI iBoard
2016-01-07,2.550000,2.550000,2.500000,2.510000,1030130,SSI iBoard
2016-01-08,2.460000,2.500000,2.450000,2.460000,864290,SSI iBoard
2016-01-11,2.480000,2.480000,2.460000,2.460000,488320,SSI iBoard
2016-01-12,2.460000,2.500000,2.460000,2.490000,343540,SSI iBoard
2016-01-13,2.500000,2.500000,2.450000,2.450000,685150,SSI iBoard
2016-01-14,2.440000,2.440000,2.350000,2.360000,1479820,SSI iBoard
2016-01-15,2.360000,2.370000,2.250000,2.270000,2199370,SSI iBoard
2016-01-18,2.140000,2.220000,2.130000,2.210000,2898070,SSI iBoard
2016-01-19,2.220000,2.270000,2.210000,2.240000,2466700,SSI iBoard
2016-01-20,2.230000,2.270000,2.200000,2.240000,1989300,SSI iBoard
2016-01-21,2.210000,2.270000,2.210000,2.270000,2017340,SSI iBoard
2016-01-22,2.280000,2.300000,2.250000,2.280000,2755250,SSI iBoard
2016-01-25,2.310000,2.430000,2.310000,2.420000,1238860,SSI iBoard
2016-01-26,2.360000,2.410000,2.340000,2.350000,1299900,SSI iBoard
2016-01-27,2.380000,2.400000,2.370000,2.380000,1218350,SSI iBoard
2016-01-28,2.390000,2.420000,2.360000,2.360000,778140,SSI iBoard
2016-01-29,2.380000,2.450000,2.360000,2.450000,860030,SSI iBoard
2016-02-01,2.450000,2.490000,2.380000,2.380000,855840,SSI iBoard
2016-02-02,2.360000,2.390000,2.350000,2.380000,289590,SSI iBoard
2016-02-03,2.350000,2.390000,2.340000,2.380000,1232420,SSI iBoard
2016-02-04,2.390000,2.410000,2.390000,2.400000,177320,SSI iBoard
2016-02-05,2.400000,2.420000,2.380000,2.400000,155980,SSI iBoard
2016-02-15,2.400000,2.400000,2.310000,2.350000,1033620,SSI iBoard
2016-02-16,2.350000,2.380000,2.350000,2.380000,489920,SSI iBoard
2016-02-17,2.360000,2.380000,2.360000,2.380000,605330,SSI iBoard
2016-02-18,2.380000,2.410000,2.380000,2.380000,502930,SSI iBoard
2016-02-19,2.380000,2.410000,2.380000,2.400000,704540,SSI iBoard
2016-02-22,2.390000,2.460000,2.390000,2.420000,1091060,SSI iBoard
2016-02-23,2.480000,2.480000,2.420000,2.420000,807300,SSI iBoard
2016-02-24,2.420000,2.430000,2.380000,2.420000,669660,SSI iBoard
2016-02-25,2.430000,2.480000,2.420000,2.430000,941770,SSI iBoard
2016-02-26,2.440000,2.530000,2.430000,2.530000,1862030,SSI iBoard
2016-02-29,2.560000,2.560000,2.480000,2.480000,941320,SSI iBoard
2016-03-01,2.480000,2.480000,2.430000,2.440000,964040,SSI iBoard
2016-03-02,2.450000,2.460000,2.380000,2.420000,1616220,SSI iBoard
2016-03-03,2.440000,2.450000,2.400000,2.400000,737360,SSI iBoard
2016-03-04,2.410000,2.460000,2.390000,2.450000,758830,SSI iBoard
2016-03-07,2.460000,2.500000,2.450000,2.470000,2201530,SSI iBoard
2016-03-08,2.510000,2.610000,2.510000,2.570000,6767430,SSI iBoard
2016-03-09,2.580000,2.630000,2.540000,2.540000,2672170,SSI iBoard
2016-03-10,2.550000,2.550000,2.530000,2.550000,1245540,SSI iBoard
2016-03-11,2.550000,2.590000,2.540000,2.560000,2144310,SSI iBoard
2016-03-14,2.580000,2.690000,2.580000,2.670000,3870560,SSI iBoard
2016-03-15,2.690000,2.710000,2.640000,2.670000,2696450,SSI iBoard
2016-03-16,2.690000,2.690000,2.650000,2.660000,1634300,SSI iBoard
2016-03-17,2.690000,2.710000,2.660000,2.670000,2100490,SSI iBoard
2016-03-18,2.680000,2.680000,2.640000,2.640000,2584200,SSI iBoard
2016-03-21,2.660000,2.700000,2.650000,2.650000,1512420,SSI iBoard
2016-03-22,2.660000,2.660000,2.630000,2.630000,1602960,SSI iBoard
2016-03-23,2.610000,2.640000,2.590000,2.610000,1576220,SSI iBoard
2016-03-24,2.600000,2.630000,2.560000,2.560000,1758820,SSI iBoard
2016-03-25,2.560000,2.600000,2.550000,2.580000,1704310,SSI iBoard
2016-03-28,2.590000,2.660000,2.590000,2.660000,1174990,SSI iBoard
2016-03-29,2.670000,2.710000,2.650000,2.650000,2044410,SSI iBoard
2016-03-30,2.640000,2.660000,2.630000,2.630000,1579390,SSI iBoard
2016-03-31,2.630000,2.690000,2.620000,2.630000,2460570,SSI iBoard
2016-04-01,2.630000,2.630000,2.560000,2.580000,1523320,SSI iBoard
2016-04-04,2.580000,2.630000,2.570000,2.600000,986480,SSI iBoard
2016-04-05,2.600000,2.620000,2.590000,2.610000,536800,SSI iBoard
2016-04-06,2.610000,2.690000,2.610000,2.690000,1954970,SSI iBoard
2016-04-07,2.710000,2.730000,2.680000,2.680000,2701300,SSI iBoard
2016-04-08,2.680000,2.770000,2.670000,2.740000,7079970,SSI iBoard
2016-04-11,2.770000,2.820000,2.770000,2.800000,5057970,SSI iBoard
2016-04-12,2.800000,2.830000,2.790000,2.820000,2850420,SSI iBoard
2016-04-13,2.820000,2.820000,2.750000,2.770000,3106110,SSI iBoard
2016-04-14,2.770000,2.830000,2.770000,2.790000,2142460,SSI iBoard
2016-04-15,2.810000,2.840000,2.790000,2.790000,2734540,SSI iBoard
2016-04-19,2.790000,2.790000,2.750000,2.750000,3047720,SSI iBoard
2016-04-20,2.780000,2.800000,2.740000,2.780000,2813360,SSI iBoard
2016-04-21,2.790000,2.850000,2.790000,2.800000,3670790,SSI iBoard
2016-04-22,2.810000,2.920000,2.800000,2.910000,4327260,SSI iBoard
2016-04-25,2.940000,2.980000,2.930000,2.940000,3046090,SSI iBoard
2016-04-26,2.920000,2.970000,2.890000,2.940000,3019430,SSI iBoard
2016-04-27,2.940000,2.940000,2.880000,2.910000,2321780,SSI iBoard
2016-04-28,2.900000,2.920000,2.870000,2.890000,1669040,SSI iBoard
2016-04-29,2.880000,2.980000,2.880000,2.980000,3455190,SSI iBoard
2016-05-04,3.020000,3.150000,3.010000,3.110000,6404100,SSI iBoard
2016-05-05,3.120000,3.270000,3.070000,3.110000,7908200,SSI iBoard
2016-05-06,3.080000,3.110000,3.020000,3.030000,4098640,SSI iBoard
2016-05-09,3.060000,3.090000,3.020000,3.020000,3455700,SSI iBoard
2016-05-10,2.980000,3.030000,2.960000,2.980000,4939730,SSI iBoard
2016-05-11,3.030000,3.070000,3.020000,3.070000,2497620,SSI iBoard
2016-05-12,3.080000,3.090000,3.030000,3.030000,1742800,SSI iBoard
2016-05-13,3.010000,3.020000,2.950000,2.960000,3860220,SSI iBoard
2016-05-16,2.950000,2.960000,2.930000,2.950000,2259110,SSI iBoard
2016-05-17,2.960000,3.010000,2.960000,2.990000,1339920,SSI iBoard
2016-05-18,3.000000,3.000000,2.950000,2.950000,1773380,SSI iBoard
2016-05-19,2.950000,2.990000,2.940000,2.950000,1726020,SSI iBoard
2016-05-20,2.950000,2.960000,2.940000,2.950000,1426750,SSI iBoard
2016-05-23,2.950000,3.020000,2.950000,3.000000,1149830,SSI iBoard
2016-05-24,2.990000,3.030000,2.980000,3.000000,1526440,SSI iBoard
2016-05-25,3.010000,3.040000,2.990000,3.000000,1842560,SSI iBoard
2016-05-26,2.990000,3.010000,2.950000,2.950000,1851110,SSI iBoard
2016-05-27,2.950000,2.980000,2.940000,2.960000,1594940,SSI iBoard
2016-05-30,2.970000,3.030000,2.970000,3.010000,3173180,SSI iBoard
2016-05-31,3.030000,3.040000,3.000000,3.010000,3495250,SSI iBoard
2016-06-01,3.010000,3.110000,2.990000,3.060000,5684250,SSI iBoard
2016-06-02,3.060000,3.140000,3.040000,3.130000,5218950,SSI iBoard
2016-06-03,3.170000,3.190000,3.140000,3.170000,6462490,SSI iBoard
2016-06-06,3.190000,3.270000,3.140000,3.150000,7411920,SSI iBoard
2016-06-07,3.160000,3.230000,3.160000,3.230000,3047640,SSI iBoard
2016-06-08,3.270000,3.330000,3.250000,3.280000,3724890,SSI iBoard
2016-06-09,3.310000,3.310000,3.250000,3.270000,2965630,SSI iBoard
2016-06-10,3.270000,3.340000,3.270000,3.290000,2439340,SSI iBoard
2016-06-13,3.280000,3.280000,3.230000,3.250000,2928110,SSI iBoard
2016-06-14,3.240000,3.370000,3.220000,3.370000,3443200,SSI iBoard
2016-06-15,3.370000,3.440000,3.350000,3.380000,2129160,SSI iBoard
2016-06-16,3.380000,3.440000,3.380000,3.390000,2814140,SSI iBoard
2016-06-17,3.370000,3.410000,3.330000,3.330000,5659440,SSI iBoard
2016-06-20,3.380000,3.420000,3.350000,3.420000,1648120,SSI iBoard
2016-06-21,3.450000,3.530000,3.450000,3.490000,3610830,SSI iBoard
2016-06-22,3.490000,3.550000,3.470000,3.520000,2285990,SSI iBoard
2016-06-23,3.510000,3.590000,3.510000,3.570000,4020040,SSI iBoard
2016-06-24,3.550000,3.560000,3.320000,3.450000,12178690,SSI iBoard
2016-06-27,3.410000,3.470000,3.350000,3.470000,3206680,SSI iBoard
2016-06-28,3.430000,3.500000,3.430000,3.440000,1830580,SSI iBoard
2016-06-29,3.450000,3.530000,3.440000,3.500000,4457030,SSI iBoard
2016-06-30,3.540000,3.590000,3.510000,3.520000,3438530,SSI iBoard
2016-07-01,3.540000,3.600000,3.530000,3.540000,5658560,SSI iBoard
2016-07-04,3.560000,3.580000,3.530000,3.550000,4158970,SSI iBoard
2016-07-05,3.590000,3.630000,3.570000,3.580000,4927570,SSI iBoard
2016-07-06,3.570000,3.650000,3.540000,3.650000,4957280,SSI iBoard
2016-07-07,3.730000,3.830000,3.690000,3.810000,3680720,SSI iBoard
2016-07-08,3.830000,3.840000,3.730000,3.800000,5754320,SSI iBoard
2016-07-11,3.800000,3.820000,3.600000,3.600000,5163140,SSI iBoard
2016-07-12,3.630000,3.680000,3.580000,3.660000,5547040,SSI iBoard
2016-07-13,3.690000,3.740000,3.690000,3.700000,3746150,SSI iBoard
2016-07-14,3.710000,3.720000,3.580000,3.580000,5141750,SSI iBoard
2016-07-15,3.570000,3.620000,3.500000,3.610000,3726150,SSI iBoard
2016-07-18,3.610000,3.810000,3.600000,3.760000,5985260,SSI iBoard
2016-07-19,3.830000,3.830000,3.650000,3.740000,4442630,SSI iBoard
2016-07-20,3.730000,3.760000,3.660000,3.660000,2728420,SSI iBoard
2016-07-21,3.670000,3.720000,3.650000,3.670000,2884960,SSI iBoard
2016-07-22,3.650000,3.650000,3.470000,3.580000,5190610,SSI iBoard
2016-07-25,3.610000,3.680000,3.570000,3.640000,3766690,SSI iBoard
2016-07-26,3.640000,3.760000,3.620000,3.760000,4989480,SSI iBoard
2016-07-27,3.830000,3.860000,3.770000,3.840000,7309600,SSI iBoard
2016-07-28,3.850000,3.990000,3.850000,3.970000,5902350,SSI iBoard
2016-07-29,3.980000,3.990000,3.920000,3.960000,6189170,SSI iBoard
2016-08-01,3.970000,3.970000,3.870000,3.920000,4652710,SSI iBoard
2016-08-02,3.880000,3.900000,3.800000,3.800000,6370060,SSI iBoard
2016-08-03,3.780000,3.840000,3.770000,3.840000,3050500,SSI iBoard
2016-08-04,3.880000,3.890000,3.790000,3.790000,3081510,SSI iBoard
2016-08-05,3.780000,3.840000,3.760000,3.840000,4794470,SSI iBoard
2016-08-08,3.840000,3.870000,3.800000,3.810000,1978940,SSI iBoard
2016-08-09,3.800000,3.850000,3.800000,3.850000,2351520,SSI iBoard
2016-08-10,3.870000,4.090000,3.870000,4.030000,5703740,SSI iBoard
2016-08-11,4.030000,4.110000,4.030000,4.090000,3931110,SSI iBoard
2016-08-12,4.180000,4.200000,4.070000,4.080000,4563390,SSI iBoard
2016-08-15,4.080000,4.120000,4.060000,4.120000,4573000,SSI iBoard
2016-08-16,4.160000,4.240000,4.140000,4.180000,3597400,SSI iBoard
2016-08-17,4.190000,4.360000,4.190000,4.320000,4700970,SSI iBoard
2016-08-18,4.370000,4.420000,4.320000,4.340000,4116040,SSI iBoard
2016-08-19,4.350000,4.380000,4.290000,4.290000,3656710,SSI iBoard
2016-08-22,4.280000,4.330000,4.270000,4.320000,2748960,SSI iBoard
2016-08-23,4.310000,4.390000,4.310000,4.390000,3521490,SSI iBoard
2016-08-24,4.420000,4.490000,4.350000,4.360000,5811280,SSI iBoard
2016-08-25,4.480000,4.540000,4.460000,4.540000,5867250,SSI iBoard
2016-08-26,4.540000,4.550000,4.490000,4.500000,2303950,SSI iBoard
2016-08-29,4.490000,4.510000,4.380000,4.380000,4916380,SSI iBoard
2016-08-30,4.350000,4.430000,4.320000,4.420000,3069560,SSI iBoard
2016-08-31,4.470000,4.530000,4.460000,4.520000,3023220,SSI iBoard
2016-09-01,4.520000,4.520000,4.460000,4.480000,2283700,SSI iBoard
2016-09-05,4.500000,4.510000,4.420000,4.430000,3626000,SSI iBoard
2016-09-06,4.460000,4.510000,4.440000,4.470000,3353490,SSI iBoard
2016-09-07,4.470000,4.650000,4.420000,4.650000,4529030,SSI iBoard
2016-09-08,4.650000,4.770000,4.600000,4.740000,5541710,SSI iBoard
2016-09-09,4.740000,4.750000,4.660000,4.680000,2978500,SSI iBoard
2016-09-12,4.630000,4.630000,4.530000,4.540000,3209760,SSI iBoard
2016-09-13,4.540000,4.660000,4.540000,4.610000,3410530,SSI iBoard
2016-09-14,4.580000,4.640000,4.580000,4.600000,1433230,SSI iBoard
2016-09-15,4.580000,4.700000,4.580000,4.670000,3018930,SSI iBoard
2016-09-16,4.670000,4.720000,4.650000,4.700000,9026300,SSI iBoard
2016-09-19,4.750000,4.850000,4.740000,4.810000,4311630,SSI iBoard
2016-09-20,4.780000,4.820000,4.750000,4.800000,3028200,SSI iBoard
2016-09-21,4.790000,4.880000,4.750000,4.810000,2996420,SSI iBoard
2016-09-22,4.870000,4.930000,4.820000,4.880000,4309820,SSI iBoard
2016-09-23,4.880000,4.900000,4.850000,4.850000,3065270,SSI iBoard
2016-09-26,4.840000,4.880000,4.770000,4.850000,2874560,SSI iBoard
2016-09-27,4.850000,4.890000,4.840000,4.880000,3471140,SSI iBoard
2016-09-28,4.910000,4.960000,4.880000,4.930000,3327970,SSI iBoard
2016-09-29,4.930000,4.960000,4.880000,4.900000,3445480,SSI iBoard
2016-09-30,4.860000,4.910000,4.810000,4.820000,7055060,SSI iBoard
2016-10-03,4.820000,4.860000,4.700000,4.700000,6696480,SSI iBoard
2016-10-04,4.670000,4.730000,4.550000,4.640000,12594200,SSI iBoard
2016-10-05,4.650000,4.670000,4.600000,4.600000,4993350,SSI iBoard
2016-10-06,4.590000,4.610000,4.490000,4.530000,5642520,SSI iBoard
2016-10-07,4.530000,4.570000,4.280000,4.340000,12092340,SSI iBoard
2016-10-10,4.330000,4.340000,4.140000,4.140000,5932030,SSI iBoard
2016-10-11,4.150000,4.420000,4.150000,4.420000,8816090,SSI iBoard
2016-10-12,4.460000,4.500000,4.290000,4.310000,6287140,SSI iBoard
2016-10-13,4.240000,4.390000,4.190000,4.360000,4735200,SSI iBoard
2016-10-14,4.330000,4.400000,4.270000,4.270000,4372760,SSI iBoard
2016-10-17,4.240000,4.310000,4.200000,4.200000,2726800,SSI iBoard
2016-10-18,4.180000,4.300000,4.180000,4.300000,3936870,SSI iBoard
2016-10-19,4.330000,4.420000,4.300000,4.350000,3624200,SSI iBoard
2016-10-20,4.370000,4.390000,4.320000,4.340000,1596170,SSI iBoard
2016-10-21,4.340000,4.370000,4.320000,4.330000,2218550,SSI iBoard
2016-10-24,4.330000,4.350000,4.240000,4.240000,2876450,SSI iBoard
2016-10-25,4.240000,4.250000,4.140000,4.180000,3373480,SSI iBoard
2016-10-26,4.180000,4.220000,4.120000,4.180000,2550830,SSI iBoard
2016-10-27,4.180000,4.200000,4.140000,4.180000,1633800,SSI iBoard
2016-10-28,4.180000,4.340000,4.180000,4.310000,3415950,SSI iBoard
2016-10-31,4.340000,4.340000,4.240000,4.300000,2216260,SSI iBoard
2016-11-01,4.280000,4.340000,4.270000,4.270000,1519710,SSI iBoard
2016-11-02,4.270000,4.270000,4.170000,4.170000,2809280,SSI iBoard
2016-11-03,4.170000,4.170000,4.100000,4.150000,3416740,SSI iBoard
2016-11-04,4.170000,4.200000,4.160000,4.180000,1521270,SSI iBoard
2016-11-07,4.220000,4.350000,4.190000,4.340000,4122990,SSI iBoard
2016-11-08,4.360000,4.410000,4.350000,4.380000,4669020,SSI iBoard
2016-11-09,4.380000,4.380000,4.170000,4.320000,9411610,SSI iBoard
2016-11-10,4.410000,4.420000,4.380000,4.380000,3802720,SSI iBoard
2016-11-11,4.350000,4.370000,4.310000,4.320000,3408550,SSI iBoard
2016-11-14,4.310000,4.370000,4.300000,4.350000,3990070,SSI iBoard
2016-11-15,4.350000,4.470000,4.350000,4.430000,4588760,SSI iBoard
2016-11-16,4.430000,4.500000,4.420000,4.440000,4225640,SSI iBoard
2016-11-17,4.430000,4.480000,4.400000,4.410000,3054490,SSI iBoard
2016-11-18,4.400000,4.440000,4.350000,4.360000,3101710,SSI iBoard
2016-11-21,4.370000,4.430000,4.340000,4.430000,3303700,SSI iBoard
2016-11-22,4.480000,4.480000,4.410000,4.420000,3014150,SSI iBoard
2016-11-23,4.420000,4.470000,4.390000,4.400000,2206150,SSI iBoard
2016-11-24,4.410000,4.460000,4.390000,4.400000,2522970,SSI iBoard
2016-11-25,4.430000,4.460000,4.390000,4.410000,3239970,SSI iBoard
2016-11-28,4.400000,4.410000,4.280000,4.300000,3054300,SSI iBoard
2016-11-29,4.300000,4.320000,4.240000,4.260000,2916960,SSI iBoard
2016-11-30,4.250000,4.490000,4.240000,4.440000,6140310,SSI iBoard
2016-12-01,4.470000,4.490000,4.410000,4.410000,4391230,SSI iBoard
2016-12-02,4.420000,4.470000,4.410000,4.460000,4769370,SSI iBoard
2016-12-05,4.470000,4.540000,4.460000,4.480000,6102780,SSI iBoard
2016-12-06,4.490000,4.500000,4.290000,4.320000,4956320,SSI iBoard
2016-12-07,4.320000,4.370000,4.310000,4.310000,2987910,SSI iBoard
2016-12-08,4.320000,4.370000,4.310000,4.320000,1912140,SSI iBoard
2016-12-09,4.320000,4.370000,4.310000,4.320000,2565360,SSI iBoard
2016-12-12,4.310000,4.320000,4.280000,4.300000,2412750,SSI iBoard
2016-12-13,4.300000,4.310000,4.250000,4.280000,2687280,SSI iBoard
2016-12-14,4.280000,4.410000,4.280000,4.400000,2633270,SSI iBoard
2016-12-15,4.390000,4.400000,4.340000,4.360000,1830580,SSI iBoard
2016-12-16,4.350000,4.440000,4.350000,4.410000,3688380,SSI iBoard
2016-12-19,4.410000,4.450000,4.370000,4.380000,2430260,SSI iBoard
2016-12-20,4.380000,4.410000,4.350000,4.360000,1312730,SSI iBoard
2016-12-21,4.380000,4.450000,4.370000,4.420000,2405340,SSI iBoard
2016-12-22,4.440000,4.560000,4.430000,4.490000,6126040,SSI iBoard
2016-12-23,4.490000,4.560000,4.440000,4.530000,4268440,SSI iBoard
2016-12-26,4.580000,4.630000,4.570000,4.620000,3826190,SSI iBoard
2016-12-27,4.620000,4.630000,4.560000,4.560000,3831250,SSI iBoard
2016-12-28,4.560000,4.620000,4.560000,4.600000,3467160,SSI iBoard
2016-12-29,4.590000,4.610000,4.560000,4.560000,2021280,SSI iBoard
2016-12-30,4.560000,4.590000,4.560000,4.560000,1969290,SSI iBoard
2017-01-03,4.570000,4.660000,4.560000,4.650000,3044660,SSI iBoard
2017-01-04,4.680000,4.700000,4.630000,4.650000,2346300,SSI iBoard
2017-01-05,4.650000,4.680000,4.650000,4.660000,3018500,SSI iBoard
2017-01-06,4.670000,4.690000,4.560000,4.580000,4204960,SSI iBoard
2017-01-09,4.590000,4.600000,4.530000,4.560000,2617980,SSI iBoard
2017-01-10,4.560000,4.660000,4.560000,4.630000,2985620,SSI iBoard
2017-01-11,4.630000,4.650000,4.590000,4.650000,1669830,SSI iBoard
2017-01-12,4.670000,4.670000,4.610000,4.610000,1816920,SSI iBoard
2017-01-13,4.590000,4.610000,4.560000,4.560000,2579390,SSI iBoard
2017-01-16,4.560000,4.570000,4.430000,4.430000,4140650,SSI iBoard
2017-01-17,4.430000,4.480000,4.410000,4.430000,2562530,SSI iBoard
2017-01-18,4.430000,4.460000,4.390000,4.390000,2807280,SSI iBoard
2017-01-19,4.360000,4.420000,4.350000,4.380000,1908870,SSI iBoard
2017-01-20,4.380000,4.470000,4.380000,4.460000,1186610,SSI iBoard
2017-01-23,4.440000,4.490000,4.430000,4.430000,1195100,SSI iBoard
2017-01-24,4.460000,4.460000,4.430000,4.430000,1167800,SSI iBoard
2017-01-25,4.430000,4.490000,4.430000,4.470000,907340,SSI iBoard
2017-02-02,4.490000,4.510000,4.460000,4.510000,1714550,SSI iBoard
2017-02-03,4.660000,4.700000,4.560000,4.560000,5400770,SSI iBoard
2017-02-06,4.590000,4.660000,4.560000,4.660000,4596640,SSI iBoard
2017-02-07,4.670000,4.760000,4.670000,4.710000,8714000,SSI iBoard
2017-02-08,4.730000,4.730000,4.680000,4.710000,3232800,SSI iBoard
2017-02-09,4.740000,4.770000,4.690000,4.700000,5763710,SSI iBoard
2017-02-10,4.690000,4.740000,4.680000,4.680000,4005140,SSI iBoard
2017-02-13,4.700000,4.740000,4.700000,4.720000,2291640,SSI iBoard
2017-02-14,4.750000,4.800000,4.730000,4.760000,4524800,SSI iBoard
2017-02-15,4.760000,4.790000,4.730000,4.770000,3767830,SSI iBoard
2017-02-16,4.790000,4.790000,4.720000,4.720000,4491020,SSI iBoard
2017-02-17,4.700000,4.710000,4.620000,4.680000,5439270,SSI iBoard
2017-02-20,4.520000,4.530000,4.390000,4.430000,13251990,SSI iBoard
2017-02-21,4.420000,4.480000,4.400000,4.460000,4324840,SSI iBoard
2017-02-22,4.460000,4.470000,4.220000,4.240000,7920920,SSI iBoard
2017-02-23,4.240000,4.320000,4.230000,4.290000,4527400,SSI iBoard
2017-02-24,4.280000,4.300000,4.230000,4.270000,2402300,SSI iBoard
2017-02-27,4.270000,4.270000,4.210000,4.250000,3949350,SSI iBoard
2017-02-28,4.280000,4.300000,4.220000,4.220000,2358760,SSI iBoard
2017-03-01,4.220000,4.330000,4.160000,4.320000,3802640,SSI iBoard
2017-03-02,4.340000,4.440000,4.320000,4.430000,7913230,SSI iBoard
2017-03-03,4.430000,4.430000,4.330000,4.330000,1779190,SSI iBoard
2017-03-06,4.330000,4.380000,4.310000,4.350000,2560640,SSI iBoard
2017-03-07,4.370000,4.380000,4.340000,4.350000,1917450,SSI iBoard
2017-03-08,4.350000,4.360000,4.340000,4.350000,2014690,SSI iBoard
2017-03-09,4.360000,4.450000,4.350000,4.430000,4294340,SSI iBoard
2017-03-10,4.430000,4.540000,4.430000,4.440000,6007990,SSI iBoard
2017-03-13,4.440000,4.460000,4.410000,4.440000,1984280,SSI iBoard
2017-03-14,4.460000,4.460000,4.430000,4.440000,1597180,SSI iBoard
2017-03-15,4.430000,4.440000,4.380000,4.390000,2582180,SSI iBoard
2017-03-16,4.410000,4.420000,4.400000,4.410000,988750,SSI iBoard
2017-03-17,4.420000,4.450000,4.360000,4.360000,4447530,SSI iBoard
2017-03-20,4.410000,4.430000,4.390000,4.420000,958720,SSI iBoard
2017-03-21,4.490000,4.530000,4.480000,4.520000,3582260,SSI iBoard
2017-03-22,4.540000,4.550000,4.470000,4.480000,2598780,SSI iBoard
2017-03-23,4.490000,4.530000,4.480000,4.510000,2599800,SSI iBoard
2017-03-24,4.540000,4.550000,4.510000,4.540000,2938830,SSI iBoard
2017-03-27,4.570000,4.580000,4.530000,4.540000,3248280,SSI iBoard
2017-03-28,4.540000,4.560000,4.500000,4.530000,2948930,SSI iBoard
2017-03-29,4.540000,4.600000,4.520000,4.580000,5883840,SSI iBoard
2017-03-30,4.720000,4.810000,4.670000,4.740000,8091460,SSI iBoard
2017-03-31,4.750000,4.880000,4.750000,4.840000,3390840,SSI iBoard
2017-04-03,4.860000,5.070000,4.850000,5.060000,4490760,SSI iBoard
2017-04-04,5.070000,5.270000,5.060000,5.110000,7700040,SSI iBoard
2017-04-05,5.070000,5.080000,4.970000,4.980000,4587810,SSI iBoard
2017-04-07,4.960000,5.080000,4.920000,5.040000,4327880,SSI iBoard
2017-04-10,5.070000,5.080000,5.000000,5.060000,4318150,SSI iBoard
2017-04-11,5.070000,5.080000,5.030000,5.050000,3139100,SSI iBoard
2017-04-12,5.040000,5.040000,4.970000,5.000000,4231190,SSI iBoard
2017-04-13,4.990000,5.030000,4.970000,4.990000,3009260,SSI iBoard
2017-04-14,4.950000,4.980000,4.830000,4.890000,3510790,SSI iBoard
2017-04-17,4.900000,4.920000,4.810000,4.830000,4472670,SSI iBoard
2017-04-18,4.850000,4.860000,4.760000,4.790000,5291790,SSI iBoard
2017-04-19,4.820000,4.910000,4.800000,4.900000,4167070,SSI iBoard
2017-04-20,4.900000,4.910000,4.820000,4.820000,2167010,SSI iBoard
2017-04-21,4.810000,4.850000,4.780000,4.820000,1963090,SSI iBoard
2017-04-24,4.830000,4.840000,4.730000,4.760000,2528340,SSI iBoard
2017-04-25,4.750000,4.780000,4.700000,4.720000,3193390,SSI iBoard
2017-04-26,4.700000,4.700000,4.540000,4.620000,4574520,SSI iBoard
2017-04-27,4.640000,4.700000,4.540000,4.670000,6407120,SSI iBoard
2017-04-28,4.620000,4.660000,4.620000,4.660000,7712150,SSI iBoard
2017-05-03,4.660000,4.670000,4.610000,4.610000,2315880,SSI iBoard
2017-05-04,4.620000,4.660000,4.610000,4.620000,2558020,SSI iBoard
2017-05-05,4.620000,4.640000,4.620000,4.620000,2495480,SSI iBoard
2017-05-08,4.620000,4.640000,4.610000,4.620000,3316640,SSI iBoard
2017-05-09,4.630000,4.720000,4.610000,4.700000,4265190,SSI iBoard
2017-05-10,4.750000,4.790000,4.730000,4.750000,3910870,SSI iBoard
2017-05-11,4.770000,4.810000,4.770000,4.770000,3986120,SSI iBoard
2017-05-12,4.770000,4.780000,4.670000,4.700000,3027090,SSI iBoard
2017-05-15,4.700000,4.710000,4.660000,4.670000,3426170,SSI iBoard
2017-05-16,4.670000,4.680000,4.590000,4.590000,5684020,SSI iBoard
2017-05-17,4.590000,4.660000,4.590000,4.600000,2510930,SSI iBoard
2017-05-18,4.590000,4.620000,4.510000,4.510000,3916890,SSI iBoard
2017-05-19,4.540000,4.560000,4.500000,4.540000,2576500,SSI iBoard
2017-05-22,4.540000,4.640000,4.540000,4.580000,2366700,SSI iBoard
2017-05-23,4.610000,4.610000,4.580000,4.600000,3362870,SSI iBoard
2017-05-24,4.590000,4.660000,4.580000,4.650000,3289470,SSI iBoard
2017-05-25,4.660000,4.700000,4.630000,4.650000,2081150,SSI iBoard
2017-05-26,4.640000,4.660000,4.610000,4.620000,1846100,SSI iBoard
2017-05-29,4.640000,4.730000,4.640000,4.720000,4611820,SSI iBoard
2017-05-30,4.730000,4.730000,4.650000,4.650000,3388780,SSI iBoard
2017-05-31,4.640000,4.890000,4.640000,4.810000,8341190,SSI iBoard
2017-06-01,4.860000,4.860000,4.770000,4.800000,3916570,SSI iBoard
2017-06-02,4.800000,4.810000,4.730000,4.750000,3559100,SSI iBoard
2017-06-05,4.750000,4.790000,4.730000,4.740000,4605780,SSI iBoard
2017-06-06,4.730000,4.830000,4.720000,4.830000,7122100,SSI iBoard
2017-06-07,4.850000,4.990000,4.850000,4.970000,8211260,SSI iBoard
2017-06-08,4.990000,5.020000,4.940000,4.990000,5384820,SSI iBoard
2017-06-09,4.980000,5.020000,4.960000,4.980000,3949410,SSI iBoard
2017-06-12,4.960000,4.970000,4.880000,4.890000,4399880,SSI iBoard
2017-06-13,4.880000,4.970000,4.870000,4.970000,3739790,SSI iBoard
2017-06-14,5.000000,5.030000,4.960000,5.010000,4805780,SSI iBoard
2017-06-15,5.010000,5.160000,5.010000,5.130000,11733730,SSI iBoard
2017-06-16,5.340000,5.360000,5.180000,5.220000,9519180,SSI iBoard
2017-06-19,5.240000,5.260000,5.140000,5.160000,4579560,SSI iBoard
2017-06-20,5.140000,5.230000,5.140000,5.230000,3360510,SSI iBoard
2017-06-21,5.210000,5.210000,5.130000,5.180000,3868940,SSI iBoard
2017-06-22,5.170000,5.220000,5.160000,5.200000,2123300,SSI iBoard
2017-06-23,5.210000,5.210000,5.160000,5.210000,3030110,SSI iBoard
2017-06-26,5.190000,5.230000,5.170000,5.220000,2511280,SSI iBoard
2017-06-27,5.220000,5.220000,5.180000,5.180000,2673780,SSI iBoard
2017-06-28,5.180000,5.200000,5.170000,5.190000,1958450,SSI iBoard
2017-06-29,5.180000,5.320000,5.180000,5.270000,4514140,SSI iBoard
2017-06-30,5.310000,5.410000,5.280000,5.410000,7332030,SSI iBoard
2017-07-03,5.410000,5.750000,5.410000,5.580000,7979110,SSI iBoard
2017-07-04,5.580000,5.670000,5.560000,5.580000,4802760,SSI iBoard
2017-07-05,5.620000,5.620000,5.530000,5.560000,3003200,SSI iBoard
2017-07-06,5.580000,5.670000,5.560000,5.630000,5624250,SSI iBoard
2017-07-07,5.670000,5.670000,5.570000,5.580000,5284990,SSI iBoard
2017-07-10,5.580000,5.630000,5.570000,5.600000,5380960,SSI iBoard
2017-07-11,5.620000,5.620000,5.450000,5.560000,5710870,SSI iBoard
2017-07-12,5.580000,5.620000,5.530000,5.580000,3529680,SSI iBoard
2017-07-13,5.590000,5.680000,5.560000,5.680000,2996090,SSI iBoard
2017-07-14,5.740000,5.830000,5.700000,5.700000,3809400,SSI iBoard
2017-07-17,5.710000,5.710000,5.500000,5.560000,5055550,SSI iBoard
2017-07-18,5.380000,5.440000,5.330000,5.420000,7643890,SSI iBoard
2017-07-19,5.420000,5.470000,5.380000,5.380000,3961970,SSI iBoard
2017-07-20,5.310000,5.370000,5.210000,5.350000,5852240,SSI iBoard
2017-07-21,5.340000,5.360000,5.290000,5.310000,4577090,SSI iBoard
2017-07-24,5.270000,5.380000,5.260000,5.340000,3045580,SSI iBoard
2017-07-25,5.320000,5.450000,5.320000,5.410000,2302570,SSI iBoard
2017-07-26,5.450000,5.560000,5.420000,5.550000,2780360,SSI iBoard
2017-07-27,5.560000,5.560000,5.480000,5.490000,1492240,SSI iBoard
2017-07-28,5.460000,5.540000,5.460000,5.490000,1550080,SSI iBoard
2017-07-31,5.430000,5.480000,5.390000,5.460000,3079000,SSI iBoard
2017-08-01,5.410000,5.560000,5.410000,5.530000,3792470,SSI iBoard
2017-08-02,5.500000,5.520000,5.450000,5.460000,2158020,SSI iBoard
2017-08-03,5.460000,5.500000,5.440000,5.460000,1338210,SSI iBoard
2017-08-04,5.450000,5.460000,5.400000,5.410000,1588200,SSI iBoard
2017-08-07,5.410000,5.470000,5.400000,5.450000,1487440,SSI iBoard
2017-08-08,5.470000,5.490000,5.450000,5.460000,1428790,SSI iBoard
2017-08-09,5.430000,5.460000,5.370000,5.390000,2387220,SSI iBoard
2017-08-10,5.380000,5.410000,5.370000,5.410000,1892780,SSI iBoard
2017-08-11,5.400000,5.540000,5.400000,5.530000,2919330,SSI iBoard
2017-08-14,5.530000,5.750000,5.520000,5.750000,6421140,SSI iBoard
2017-08-15,5.820000,5.820000,5.650000,5.670000,4397780,SSI iBoard
2017-08-16,5.670000,5.790000,5.630000,5.790000,7328470,SSI iBoard
2017-08-17,5.790000,5.790000,5.690000,5.690000,3100480,SSI iBoard
2017-08-18,5.670000,5.750000,5.640000,5.710000,3031150,SSI iBoard
2017-08-21,5.700000,5.710000,5.590000,5.600000,3275910,SSI iBoard
2017-08-22,5.560000,5.660000,5.550000,5.620000,2976640,SSI iBoard
2017-08-23,5.590000,5.670000,5.570000,5.670000,2082950,SSI iBoard
2017-08-24,5.630000,5.730000,5.630000,5.700000,3342600,SSI iBoard
2017-08-25,5.680000,5.740000,5.670000,5.730000,5658750,SSI iBoard
2017-08-28,5.750000,5.820000,5.730000,5.820000,5261300,SSI iBoard
2017-08-29,5.800000,5.890000,5.790000,5.830000,5137980,SSI iBoard
2017-08-30,5.830000,5.920000,5.830000,5.890000,3576470,SSI iBoard
2017-08-31,5.890000,5.980000,5.890000,5.930000,3918570,SSI iBoard
2017-09-01,5.930000,5.950000,5.890000,5.940000,2819890,SSI iBoard
2017-09-05,5.940000,6.000000,5.910000,5.990000,3246220,SSI iBoard
2017-09-06,5.990000,6.090000,5.990000,6.090000,6081580,SSI iBoard
2017-09-07,6.110000,6.110000,5.970000,6.000000,5304750,SSI iBoard
2017-09-08,6.000000,6.100000,5.960000,6.080000,4192570,SSI iBoard
2017-09-11,6.070000,6.090000,5.970000,5.970000,2957540,SSI iBoard
2017-09-12,5.970000,6.000000,5.900000,6.000000,3157390,SSI iBoard
2017-09-13,6.040000,6.240000,6.020000,6.240000,5917410,SSI iBoard
2017-09-14,6.260000,6.310000,6.170000,6.210000,2979310,SSI iBoard
2017-09-15,6.170000,6.270000,6.160000,6.260000,4240470,SSI iBoard
2017-09-18,6.310000,6.430000,6.300000,6.370000,4636200,SSI iBoard
2017-09-19,6.410000,6.540000,6.390000,6.430000,5115160,SSI iBoard
2017-09-20,6.440000,6.460000,6.380000,6.410000,3067330,SSI iBoard
2017-09-21,6.430000,6.440000,6.310000,6.340000,4301050,SSI iBoard
2017-09-22,6.330000,6.460000,6.320000,6.380000,3308050,SSI iBoard
2017-09-25,6.390000,6.390000,6.330000,6.340000,2046460,SSI iBoard
2017-09-26,6.330000,6.360000,6.270000,6.330000,3665880,SSI iBoard
2017-09-27,6.330000,6.400000,6.330000,6.380000,2014480,SSI iBoard
2017-09-28,6.390000,6.460000,6.380000,6.390000,2949080,SSI iBoard
2017-09-29,6.390000,6.590000,6.390000,6.580000,6091150,SSI iBoard
2017-10-02,6.590000,6.620000,6.540000,6.600000,4329510,SSI iBoard
2017-10-03,6.600000,6.640000,6.500000,6.560000,3500210,SSI iBoard
2017-10-04,6.580000,6.710000,6.550000,6.710000,2571530,SSI iBoard
2017-10-05,6.710000,6.750000,6.560000,6.560000,5341280,SSI iBoard
2017-10-06,6.560000,6.630000,6.510000,6.570000,3118160,SSI iBoard
2017-10-09,6.600000,6.670000,6.560000,6.670000,2179760,SSI iBoard
2017-10-10,6.670000,6.710000,6.660000,6.710000,1986910,SSI iBoard
2017-10-11,6.710000,6.720000,6.660000,6.690000,2924450,SSI iBoard
2017-10-12,6.700000,6.770000,6.650000,6.680000,6506920,SSI iBoard
2017-10-13,6.670000,6.690000,6.580000,6.590000,3480150,SSI iBoard
2017-10-16,6.600000,6.600000,6.390000,6.430000,5477600,SSI iBoard
2017-10-17,6.410000,6.600000,6.410000,6.600000,4209020,SSI iBoard
2017-10-18,6.600000,6.650000,6.460000,6.500000,3257880,SSI iBoard
2017-10-19,6.430000,6.500000,6.390000,6.390000,3847220,SSI iBoard
2017-10-20,6.390000,6.420000,6.240000,6.330000,5134390,SSI iBoard
2017-10-23,6.280000,6.340000,6.200000,6.280000,3548920,SSI iBoard
2017-10-24,6.330000,6.340000,6.270000,6.340000,2536880,SSI iBoard
2017-10-25,6.330000,6.380000,6.320000,6.320000,1865230,SSI iBoard
2017-10-26,6.320000,6.320000,6.210000,6.260000,2990890,SSI iBoard
2017-10-27,6.270000,6.380000,6.240000,6.380000,2307070,SSI iBoard
2017-10-30,6.390000,6.390000,6.220000,6.220000,3182530,SSI iBoard
2017-10-31,6.220000,6.330000,6.140000,6.260000,3596630,SSI iBoard
2017-11-01,6.220000,6.240000,6.030000,6.040000,5695800,SSI iBoard
2017-11-02,6.040000,6.120000,5.890000,5.890000,4642790,SSI iBoard
2017-11-03,5.920000,6.120000,5.890000,6.120000,3961010,SSI iBoard
2017-11-06,6.170000,6.270000,6.160000,6.240000,2911740,SSI iBoard
2017-11-07,6.260000,6.260000,6.190000,6.240000,2598200,SSI iBoard
2017-11-08,6.240000,6.310000,6.200000,6.270000,4626280,SSI iBoard
2017-11-09,6.290000,6.300000,6.250000,6.270000,2984290,SSI iBoard
2017-11-10,6.290000,6.300000,6.240000,6.300000,26958500,SSI iBoard
2017-11-13,6.300000,6.300000,6.140000,6.200000,2541840,SSI iBoard
2017-11-14,6.220000,6.390000,6.190000,6.330000,3223090,SSI iBoard
2017-11-15,6.340000,6.580000,6.330000,6.550000,5923670,SSI iBoard
2017-11-16,6.550000,6.630000,6.510000,6.540000,3823530,SSI iBoard
2017-11-17,6.530000,6.550000,6.420000,6.460000,2824720,SSI iBoard
2017-11-20,6.460000,6.460000,6.290000,6.330000,5032060,SSI iBoard
2017-11-21,6.340000,6.430000,6.330000,6.350000,4116150,SSI iBoard
2017-11-22,6.410000,6.530000,6.390000,6.480000,4017630,SSI iBoard
2017-11-23,6.530000,6.550000,6.390000,6.460000,5048680,SSI iBoard
2017-11-24,6.460000,6.630000,6.460000,6.610000,6380830,SSI iBoard
2017-11-27,6.630000,6.670000,6.590000,6.640000,5252070,SSI iBoard
2017-11-28,6.680000,6.710000,6.610000,6.660000,3685180,SSI iBoard
2017-11-29,6.650000,6.660000,6.600000,6.650000,3701540,SSI iBoard
2017-11-30,6.700000,7.000000,6.700000,6.970000,11457580,SSI iBoard
2017-12-01,6.960000,7.050000,6.930000,7.020000,4367480,SSI iBoard
2017-12-04,7.000000,7.120000,6.990000,7.100000,4425610,SSI iBoard
2017-12-05,7.100000,7.150000,7.040000,7.040000,5651430,SSI iBoard
2017-12-06,7.090000,7.150000,6.870000,7.150000,7172100,SSI iBoard
2017-12-07,7.150000,7.150000,7.040000,7.100000,3948820,SSI iBoard
2017-12-08,7.090000,7.090000,6.950000,6.970000,3524840,SSI iBoard
2017-12-11,6.870000,6.940000,6.800000,6.800000,3778630,SSI iBoard
2017-12-12,6.820000,6.920000,6.430000,6.710000,6905750,SSI iBoard
2017-12-13,6.830000,6.830000,6.710000,6.820000,4180040,SSI iBoard
2017-12-14,6.820000,6.900000,6.810000,6.880000,2181370,SSI iBoard
2017-12-15,6.930000,7.100000,6.930000,7.050000,5530560,SSI iBoard
2017-12-18,7.140000,7.270000,7.060000,7.270000,5984320,SSI iBoard
2017-12-19,7.340000,7.490000,7.300000,7.370000,7414140,SSI iBoard
2017-12-20,7.310000,7.530000,7.310000,7.440000,4347600,SSI iBoard
2017-12-21,7.390000,7.650000,7.390000,7.460000,6161690,SSI iBoard
2017-12-22,7.490000,7.590000,7.460000,7.500000,5883750,SSI iBoard
2017-12-25,7.500000,7.520000,7.410000,7.420000,2345650,SSI iBoard
2017-12-26,7.360000,7.510000,7.350000,7.430000,3717280,SSI iBoard
2017-12-27,7.430000,7.710000,7.430000,7.680000,7613290,SSI iBoard
2017-12-28,7.680000,7.780000,7.590000,7.750000,3305010,SSI iBoard
2017-12-29,7.770000,7.930000,7.760000,7.920000,5114380,SSI iBoard
2018-01-02,7.930000,8.080000,7.860000,8.070000,4105100,SSI iBoard
2018-01-03,8.120000,8.200000,8.000000,8.050000,4828220,SSI iBoard
2018-01-04,8.080000,8.190000,8.050000,8.150000,4640280,SSI iBoard
2018-01-05,8.140000,8.190000,8.060000,8.120000,3660450,SSI iBoard
2018-01-08,8.070000,8.370000,8.030000,8.370000,3702750,SSI iBoard
2018-01-09,8.420000,8.950000,8.410000,8.950000,5702180,SSI iBoard
2018-01-10,9.050000,9.130000,8.560000,8.740000,6231980,SSI iBoard
2018-01-11,8.710000,8.780000,8.520000,8.740000,5284530,SSI iBoard
2018-01-12,8.800000,8.950000,8.660000,8.810000,5393440,SSI iBoard
2018-01-15,8.780000,9.240000,8.730000,9.240000,3408260,SSI iBoard
2018-01-16,9.180000,9.470000,9.070000,9.470000,4328790,SSI iBoard
2018-01-17,9.370000,9.510000,9.070000,9.070000,5028580,SSI iBoard
2018-01-18,9.030000,9.470000,8.930000,9.470000,5542350,SSI iBoard
2018-01-19,9.470000,10.130000,9.400000,10.100000,7233090,SSI iBoard
2018-01-22,10.060000,10.790000,10.060000,10.760000,6662390,SSI iBoard
2018-01-25,10.980000,10.990000,10.320000,10.400000,13773130,SSI iBoard
2018-01-26,10.490000,10.910000,10.320000,10.810000,4998360,SSI iBoard
2018-01-29,10.910000,10.990000,10.400000,10.400000,5100130,SSI iBoard
2018-01-30,10.230000,10.400000,9.890000,10.370000,10291630,SSI iBoard
2018-01-31,10.370000,10.790000,10.320000,10.540000,5541660,SSI iBoard
2018-02-01,10.540000,10.660000,10.230000,10.320000,2813090,SSI iBoard
2018-02-02,10.320000,10.390000,10.100000,10.330000,3673050,SSI iBoard
2018-02-05,10.130000,10.220000,9.640000,9.640000,7317220,SSI iBoard
2018-02-06,8.980000,10.050000,8.980000,9.810000,14973300,SSI iBoard
2018-02-07,10.230000,10.400000,10.000000,10.060000,5682060,SSI iBoard
2018-02-08,10.060000,10.280000,9.950000,10.100000,4633450,SSI iBoard
2018-02-09,9.610000,10.050000,9.610000,9.860000,9028840,SSI iBoard
2018-02-12,9.860000,10.100000,9.790000,9.950000,6576890,SSI iBoard
2018-02-13,9.980000,10.330000,9.980000,10.250000,5281840,SSI iBoard
2018-02-21,10.400000,10.450000,10.100000,10.150000,8779720,SSI iBoard
2018-02-22,10.060000,10.080000,9.930000,9.960000,4928900,SSI iBoard
2018-02-23,9.980000,10.490000,9.950000,10.420000,10695740,SSI iBoard
2018-02-26,10.640000,10.930000,10.520000,10.890000,8761510,SSI iBoard
2018-02-27,10.980000,10.980000,10.720000,10.840000,7780430,SSI iBoard
2018-02-28,10.740000,11.160000,10.640000,11.160000,11050630,SSI iBoard
2018-03-01,11.150000,11.470000,10.990000,11.280000,6516250,SSI iBoard
2018-03-02,11.010000,11.280000,10.940000,11.210000,7746200,SSI iBoard
2018-03-05,11.200000,11.210000,10.440000,10.440000,18962710,SSI iBoard
2018-03-06,10.490000,10.840000,10.010000,10.810000,8543250,SSI iBoard
2018-03-07,10.400000,10.810000,10.230000,10.330000,6712590,SSI iBoard
2018-03-08,10.300000,10.590000,10.170000,10.450000,4777230,SSI iBoard
2018-03-09,10.490000,10.550000,10.350000,10.400000,4792550,SSI iBoard
2018-03-12,10.400000,10.550000,10.390000,10.490000,2965770,SSI iBoard
2018-03-13,10.470000,10.490000,10.350000,10.400000,2925900,SSI iBoard
2018-03-14,10.470000,10.540000,10.440000,10.450000,2654570,SSI iBoard
2018-03-15,10.400000,10.400000,10.220000,10.250000,4149230,SSI iBoard
2018-03-16,10.200000,10.300000,10.080000,10.180000,9631780,SSI iBoard
2018-03-19,10.320000,10.810000,10.320000,10.670000,5218860,SSI iBoard
2018-03-20,10.620000,10.640000,10.400000,10.400000,3422270,SSI iBoard
2018-03-21,10.420000,10.720000,10.420000,10.660000,4866590,SSI iBoard
2018-03-22,10.660000,10.880000,10.570000,10.620000,6581870,SSI iBoard
2018-03-23,10.230000,10.490000,10.230000,10.390000,5420930,SSI iBoard
2018-03-26,10.270000,10.370000,9.890000,9.960000,11065710,SSI iBoard
2018-03-27,9.910000,10.130000,9.910000,10.050000,5798310,SSI iBoard
2018-03-28,10.050000,10.180000,9.950000,10.130000,2410560,SSI iBoard
2018-03-29,10.150000,10.350000,10.110000,10.280000,3683450,SSI iBoard
2018-03-30,10.350000,10.370000,10.170000,10.220000,2577560,SSI iBoard
2018-04-02,10.230000,10.250000,9.980000,9.980000,6093790,SSI iBoard
2018-04-03,9.980000,10.060000,9.730000,9.890000,6349810,SSI iBoard
2018-04-04,9.980000,10.030000,9.890000,9.980000,2908600,SSI iBoard
2018-04-05,10.030000,10.050000,9.910000,9.950000,2089950,SSI iBoard
2018-04-06,9.930000,10.220000,9.890000,10.220000,4899110,SSI iBoard
2018-04-09,10.250000,10.350000,10.150000,10.280000,4479210,SSI iBoard
2018-04-10,10.280000,10.330000,10.170000,10.280000,4651830,SSI iBoard
2018-04-11,10.320000,10.490000,10.220000,10.230000,7191440,SSI iBoard
2018-04-12,10.180000,10.470000,10.130000,10.440000,4513010,SSI iBoard
2018-04-13,10.490000,10.500000,10.300000,10.350000,3273780,SSI iBoard
2018-04-16,10.230000,10.320000,10.170000,10.170000,2178130,SSI iBoard
2018-04-17,10.220000,10.220000,9.980000,10.100000,3369400,SSI iBoard
2018-04-18,10.130000,10.180000,9.980000,9.980000,2757790,SSI iBoard
2018-04-19,9.910000,10.000000,9.640000,9.640000,5118490,SSI iBoard
2018-04-20,9.640000,9.950000,9.510000,9.950000,3297740,SSI iBoard
2018-04-23,9.960000,9.960000,9.390000,9.400000,2822400,SSI iBoard
2018-04-24,9.390000,9.620000,9.300000,9.470000,3808590,SSI iBoard
2018-04-26,9.470000,9.610000,8.980000,9.050000,4650560,SSI iBoard
2018-04-27,9.050000,9.130000,8.760000,9.100000,5135100,SSI iBoard
2018-05-02,9.200000,9.370000,9.020000,9.200000,4197690,SSI iBoard
2018-05-03,9.180000,9.220000,9.030000,9.180000,5325700,SSI iBoard
2018-05-04,9.270000,9.350000,9.120000,9.130000,2599490,SSI iBoard
2018-05-07,9.200000,9.470000,9.120000,9.470000,3773870,SSI iBoard
2018-05-08,9.450000,9.790000,9.340000,9.640000,4689060,SSI iBoard
2018-05-09,9.610000,9.730000,9.490000,9.640000,2016460,SSI iBoard
2018-05-10,9.590000,9.620000,9.300000,9.340000,2628190,SSI iBoard
2018-05-11,9.240000,9.440000,9.220000,9.420000,2728770,SSI iBoard
2018-05-14,9.490000,9.520000,9.300000,9.440000,2798580,SSI iBoard
2018-05-15,9.450000,9.510000,9.340000,9.370000,2482800,SSI iBoard
2018-05-16,9.320000,9.510000,9.120000,9.130000,3144190,SSI iBoard
2018-05-17,9.130000,9.170000,8.930000,8.960000,4117510,SSI iBoard
2018-05-18,9.000000,9.120000,8.880000,9.120000,3743020,SSI iBoard
2018-05-21,9.220000,9.240000,9.000000,9.000000,2366300,SSI iBoard
2018-05-22,8.950000,8.960000,8.540000,8.540000,6301030,SSI iBoard
2018-05-23,8.510000,8.800000,8.510000,8.740000,3291430,SSI iBoard
2018-05-24,8.800000,8.860000,8.730000,8.860000,3650040,SSI iBoard
2018-05-25,8.860000,9.020000,8.760000,8.810000,5347460,SSI iBoard
2018-05-28,8.560000,8.800000,8.240000,8.240000,5307490,SSI iBoard
2018-05-29,8.240000,8.810000,8.240000,8.800000,4982880,SSI iBoard
2018-05-30,8.810000,9.030000,8.610000,8.930000,6303310,SSI iBoard
2018-05-31,8.950000,9.490000,8.930000,9.490000,9232180,SSI iBoard
2018-06-01,9.560000,9.710000,9.490000,9.640000,6643770,SSI iBoard
2018-06-04,9.790000,10.150000,9.690000,10.150000,5646190,SSI iBoard
2018-06-05,10.150000,10.180000,9.890000,9.980000,6122250,SSI iBoard
2018-06-06,10.010000,10.320000,9.890000,10.280000,6063330,SSI iBoard
2018-06-07,10.320000,10.550000,10.280000,10.470000,5446810,SSI iBoard
2018-06-08,10.490000,10.490000,10.350000,10.370000,3600330,SSI iBoard
2018-06-11,10.320000,10.440000,10.230000,10.250000,8041000,SSI iBoard
2018-06-12,10.490000,10.490000,9.870000,10.060000,10591380,SSI iBoard
2018-06-13,10.040000,10.320000,10.020000,10.280000,3666430,SSI iBoard
2018-06-14,10.370000,10.530000,10.080000,10.090000,6574380,SSI iBoard
2018-06-15,10.060000,10.180000,9.900000,10.180000,4820810,SSI iBoard
2018-06-18,10.110000,10.110000,9.520000,9.520000,7388100,SSI iBoard
2018-06-19,9.190000,9.350000,8.880000,9.080000,13163240,SSI iBoard
2018-06-20,9.230000,9.470000,8.950000,9.470000,5767930,SSI iBoard
2018-06-21,9.460000,9.460000,9.230000,9.290000,3879280,SSI iBoard
2018-06-22,9.230000,9.700000,9.190000,9.700000,7178290,SSI iBoard
2018-06-25,9.950000,9.980000,9.720000,9.830000,3464240,SSI iBoard
2018-06-26,9.610000,9.740000,9.470000,9.730000,2672780,SSI iBoard
2018-06-27,9.680000,9.740000,9.350000,9.350000,3374170,SSI iBoard
2018-06-28,9.190000,9.420000,9.140000,9.200000,4260340,SSI iBoard
2018-06-29,9.190000,9.280000,8.990000,9.090000,5171070,SSI iBoard
2018-07-02,9.000000,9.120000,8.760000,9.090000,6223040,SSI iBoard
2018-07-03,9.090000,9.190000,8.600000,8.600000,5823250,SSI iBoard
2018-07-04,8.710000,8.870000,8.570000,8.790000,3769000,SSI iBoard
2018-07-05,8.790000,8.880000,8.480000,8.550000,4246120,SSI iBoard
2018-07-06,8.540000,8.950000,8.340000,8.710000,5279160,SSI iBoard
2018-07-09,8.880000,8.880000,8.380000,8.450000,3847250,SSI iBoard
2018-07-10,8.410000,8.550000,8.410000,8.410000,3023470,SSI iBoard
2018-07-11,8.260000,8.380000,8.000000,8.150000,7028880,SSI iBoard
2018-07-12,7.890000,8.090000,7.860000,7.990000,3327390,SSI iBoard
2018-07-13,8.100000,8.440000,8.060000,8.430000,4729750,SSI iBoard
2018-07-16,8.550000,8.580000,8.370000,8.410000,3329260,SSI iBoard
2018-07-17,8.290000,8.560000,8.290000,8.550000,3378710,SSI iBoard
2018-07-18,8.600000,8.840000,8.550000,8.810000,6330670,SSI iBoard
2018-07-19,8.870000,8.940000,8.790000,8.810000,3514150,SSI iBoard
2018-07-20,8.710000,8.760000,8.580000,8.690000,4976130,SSI iBoard
2018-07-23,8.790000,8.900000,8.670000,8.750000,5595420,SSI iBoard
2018-07-24,8.740000,8.750000,8.310000,8.380000,12245700,SSI iBoard
2018-07-25,8.380000,8.480000,8.340000,8.410000,5722050,SSI iBoard
2018-07-26,8.410000,8.640000,8.380000,8.640000,8216850,SSI iBoard
2018-07-27,8.700000,8.840000,8.610000,8.830000,4810640,SSI iBoard
2018-07-30,8.900000,8.950000,8.740000,8.770000,6039970,SSI iBoard
2018-07-31,8.740000,8.920000,8.650000,8.840000,5772660,SSI iBoard
2018-08-01,8.860000,9.030000,8.830000,8.900000,6858830,SSI iBoard
2018-08-02,8.880000,8.880000,8.640000,8.820000,6073010,SSI iBoard
2018-08-03,8.880000,8.890000,8.600000,8.600000,5949600,SSI iBoard
2018-08-06,8.610000,8.610000,8.430000,8.560000,4646830,SSI iBoard
2018-08-07,8.560000,8.560000,8.480000,8.560000,4866190,SSI iBoard
2018-08-08,8.570000,8.730000,8.550000,8.690000,3433350,SSI iBoard
2018-08-09,8.740000,8.810000,8.640000,8.650000,4586550,SSI iBoard
2018-08-10,8.630000,8.790000,8.630000,8.760000,4206330,SSI iBoard
2018-08-13,8.740000,9.080000,8.690000,9.070000,11400140,SSI iBoard
2018-08-14,9.120000,9.210000,9.060000,9.120000,5313160,SSI iBoard
2018-08-15,9.120000,9.180000,8.830000,8.880000,4685310,SSI iBoard
2018-08-16,8.760000,8.930000,8.750000,8.880000,6993170,SSI iBoard
2018-08-17,8.970000,9.050000,8.870000,8.930000,3745240,SSI iBoard
2018-08-20,8.930000,8.930000,8.800000,8.820000,3542590,SSI iBoard
2018-08-21,8.790000,8.880000,8.770000,8.880000,3423060,SSI iBoard
2018-08-22,8.900000,9.090000,8.870000,9.000000,6056930,SSI iBoard
2018-08-23,8.970000,9.080000,8.970000,9.020000,3848180,SSI iBoard
2018-08-24,9.000000,9.090000,8.950000,9.080000,5677060,SSI iBoard
2018-08-27,9.140000,9.310000,9.120000,9.220000,5469600,SSI iBoard
2018-08-28,9.230000,9.520000,9.230000,9.450000,11013110,SSI iBoard
2018-08-29,9.470000,9.630000,9.380000,9.380000,6878210,SSI iBoard
2018-08-30,9.380000,9.420000,9.270000,9.390000,6445830,SSI iBoard
2018-08-31,9.420000,9.550000,9.380000,9.460000,6134410,SSI iBoard
2018-09-04,9.400000,9.450000,9.230000,9.230000,4474530,SSI iBoard
2018-09-05,9.190000,9.290000,9.120000,9.140000,4632970,SSI iBoard
2018-09-06,9.140000,9.280000,9.120000,9.150000,4485480,SSI iBoard
2018-09-07,9.140000,9.420000,9.140000,9.400000,5407420,SSI iBoard
2018-09-10,9.390000,9.420000,9.280000,9.280000,2575640,SSI iBoard
2018-09-11,9.250000,9.520000,9.250000,9.470000,6918510,SSI iBoard
2018-09-12,9.500000,9.530000,9.350000,9.350000,5608340,SSI iBoard
2018-09-13,9.400000,9.530000,9.350000,9.410000,4751230,SSI iBoard
2018-09-14,9.420000,9.480000,9.350000,9.350000,4652530,SSI iBoard
2018-09-17,9.310000,9.390000,9.270000,9.340000,2372700,SSI iBoard
2018-09-18,9.280000,9.340000,9.190000,9.340000,7281960,SSI iBoard
2018-09-19,9.420000,9.450000,9.380000,9.390000,4490210,SSI iBoard
2018-09-20,9.450000,9.680000,9.400000,9.680000,9974190,SSI iBoard
2018-09-21,9.710000,9.800000,9.630000,9.780000,14273500,SSI iBoard
2018-09-24,9.870000,9.870000,9.730000,9.780000,4430010,SSI iBoard
2018-09-25,9.710000,9.800000,9.670000,9.770000,4476220,SSI iBoard
2018-09-26,9.770000,9.820000,9.710000,9.710000,5014340,SSI iBoard
2018-09-27,9.760000,9.850000,9.730000,9.840000,5592570,SSI iBoard
2018-09-28,9.850000,10.030000,9.830000,10.020000,9618060,SSI iBoard
2018-10-01,10.020000,10.170000,9.960000,10.040000,6816120,SSI iBoard
2018-10-02,9.890000,9.960000,9.740000,9.780000,10602070,SSI iBoard
2018-10-03,9.710000,9.850000,9.710000,9.780000,4992960,SSI iBoard
2018-10-04,9.760000,9.800000,9.680000,9.800000,11906470,SSI iBoard
2018-10-05,9.800000,9.920000,9.760000,9.820000,6048270,SSI iBoard
2018-10-08,9.760000,9.820000,9.720000,9.760000,3740940,SSI iBoard
2018-10-09,9.830000,9.830000,9.710000,9.710000,3708340,SSI iBoard
2018-10-10,9.730000,9.890000,9.700000,9.800000,6742900,SSI iBoard
2018-10-11,9.500000,9.610000,9.310000,9.450000,15991110,SSI iBoard
2018-10-12,9.330000,9.660000,9.330000,9.660000,6596990,SSI iBoard
2018-10-15,9.640000,9.640000,9.520000,9.550000,4218380,SSI iBoard
2018-10-16,9.550000,9.650000,9.550000,9.650000,2908510,SSI iBoard
2018-10-17,9.760000,9.770000,9.670000,9.710000,5125430,SSI iBoard
2018-10-18,9.710000,9.740000,9.640000,9.710000,4084530,SSI iBoard
2018-10-19,9.640000,9.720000,9.570000,9.650000,4992750,SSI iBoard
2018-10-22,9.660000,9.700000,9.500000,9.500000,2565350,SSI iBoard
2018-10-23,9.460000,9.460000,9.210000,9.350000,10012340,SSI iBoard
2018-10-24,9.280000,9.450000,9.280000,9.280000,5213790,SSI iBoard
2018-10-25,9.000000,9.270000,8.960000,9.230000,7241940,SSI iBoard
2018-10-26,9.310000,9.380000,9.210000,9.210000,5147210,SSI iBoard
2018-10-29,9.150000,9.210000,9.140000,9.200000,4460930,SSI iBoard
2018-10-30,9.140000,9.320000,9.140000,9.160000,2685010,SSI iBoard
2018-10-31,9.260000,9.530000,9.250000,9.530000,4239400,SSI iBoard
2018-11-01,9.450000,9.460000,9.330000,9.380000,2241010,SSI iBoard
2018-11-02,9.470000,9.510000,9.420000,9.470000,3595700,SSI iBoard
2018-11-05,9.380000,9.470000,9.350000,9.470000,2233570,SSI iBoard
2018-11-06,9.500000,9.510000,9.380000,9.380000,1700170,SSI iBoard
2018-11-07,9.380000,9.420000,9.270000,9.270000,2813620,SSI iBoard
2018-11-08,9.440000,9.440000,9.210000,9.210000,2801350,SSI iBoard
2018-11-09,9.140000,9.200000,8.900000,8.900000,5710610,SSI iBoard
2018-11-12,8.900000,8.940000,8.800000,8.890000,2803560,SSI iBoard
2018-11-13,8.760000,8.830000,8.710000,8.740000,5403540,SSI iBoard
2018-11-14,8.730000,8.730000,8.350000,8.480000,8274360,SSI iBoard
2018-11-15,8.410000,8.510000,8.230000,8.290000,6829060,SSI iBoard
2018-11-16,8.410000,8.450000,8.300000,8.340000,2321900,SSI iBoard
2018-11-19,8.410000,8.480000,8.320000,8.390000,1664620,SSI iBoard
2018-11-20,8.430000,8.680000,8.380000,8.640000,5710000,SSI iBoard
2018-11-21,8.540000,8.710000,8.520000,8.640000,3805730,SSI iBoard
2018-11-22,8.670000,8.700000,8.480000,8.480000,2743490,SSI iBoard
2018-11-23,8.480000,8.520000,8.410000,8.420000,2056060,SSI iBoard
2018-11-26,8.430000,8.570000,8.420000,8.430000,2477200,SSI iBoard
2018-11-27,8.480000,8.570000,8.430000,8.430000,1896260,SSI iBoard
2018-11-28,8.450000,8.490000,8.280000,8.340000,4090120,SSI iBoard
2018-11-29,8.380000,8.440000,8.100000,8.100000,4059480,SSI iBoard
2018-11-30,8.050000,8.050000,7.860000,7.860000,7469210,SSI iBoard
2018-12-03,8.050000,8.290000,8.050000,8.240000,3769340,SSI iBoard
2018-12-04,8.290000,8.340000,8.110000,8.190000,4310860,SSI iBoard
2018-12-05,8.130000,8.410000,8.110000,8.360000,8092180,SSI iBoard
2018-12-06,8.310000,8.380000,8.170000,8.190000,4632240,SSI iBoard
2018-12-07,8.260000,8.290000,8.180000,8.200000,3363510,SSI iBoard
2018-12-10,8.170000,8.190000,7.970000,7.990000,5397970,SSI iBoard
2018-12-11,7.960000,8.040000,7.770000,7.920000,6978590,SSI iBoard
2018-12-12,7.930000,7.990000,7.810000,7.960000,3581530,SSI iBoard
2018-12-13,8.020000,8.070000,7.980000,8.050000,5480330,SSI iBoard
2018-12-14,8.040000,8.040000,7.910000,7.930000,3865790,SSI iBoard
2018-12-17,7.930000,7.930000,7.670000,7.670000,4480980,SSI iBoard
2018-12-18,7.510000,7.590000,7.260000,7.360000,8158460,SSI iBoard
2018-12-19,7.360000,7.440000,6.870000,7.030000,10969390,SSI iBoard
2018-12-20,7.010000,7.140000,6.940000,7.090000,6098080,SSI iBoard
2018-12-21,6.940000,7.100000,6.940000,7.090000,4460780,SSI iBoard
2018-12-24,7.090000,7.220000,7.090000,7.220000,3262070,SSI iBoard
2018-12-25,7.020000,7.200000,6.860000,7.200000,4800740,SSI iBoard
2018-12-26,7.200000,7.200000,7.040000,7.170000,3827010,SSI iBoard
2018-12-27,7.310000,7.360000,7.170000,7.330000,4873610,SSI iBoard
2018-12-28,7.290000,7.330000,7.220000,7.330000,7473800,SSI iBoard
2019-01-02,7.320000,7.450000,7.290000,7.290000,4196210,SSI iBoard
2019-01-03,7.280000,7.320000,6.990000,6.990000,6877510,SSI iBoard
2019-01-04,6.960000,7.100000,6.800000,7.030000,5841290,SSI iBoard
2019-01-07,7.170000,7.190000,6.900000,6.950000,2488920,SSI iBoard
2019-01-08,6.960000,6.990000,6.800000,6.830000,3150620,SSI iBoard
2019-01-09,6.870000,7.060000,6.870000,6.990000,1876020,SSI iBoard
2019-01-10,7.010000,7.130000,6.990000,7.060000,1783870,SSI iBoard
2019-01-11,7.060000,7.080000,6.950000,6.950000,2659370,SSI iBoard
2019-01-14,6.960000,6.970000,6.830000,6.940000,3226780,SSI iBoard
2019-01-15,6.940000,7.010000,6.900000,6.940000,2640430,SSI iBoard
2019-01-16,6.960000,7.020000,6.900000,6.970000,2981480,SSI iBoard
2019-01-17,6.970000,6.970000,6.840000,6.840000,1957850,SSI iBoard
2019-01-18,6.940000,6.970000,6.900000,6.910000,2120620,SSI iBoard
2019-01-21,6.940000,7.040000,6.910000,7.000000,1917140,SSI iBoard
2019-01-22,7.030000,7.070000,6.970000,6.990000,1665310,SSI iBoard
2019-01-23,6.960000,7.200000,6.950000,7.120000,3788700,SSI iBoard
2019-01-24,7.130000,7.200000,7.070000,7.070000,2387030,SSI iBoard
2019-01-25,7.100000,7.130000,7.000000,7.030000,1609890,SSI iBoard
2019-01-28,7.060000,7.060000,7.010000,7.040000,1711540,SSI iBoard
2019-01-29,7.070000,7.070000,6.990000,7.030000,1814550,SSI iBoard
2019-01-30,7.010000,7.010000,6.830000,6.870000,6765640,SSI iBoard
2019-01-31,6.870000,6.900000,6.540000,6.560000,7171640,SSI iBoard
2019-02-01,6.590000,6.680000,6.390000,6.460000,7100180,SSI iBoard
2019-02-11,6.550000,6.840000,6.540000,6.840000,2836470,SSI iBoard
2019-02-12,6.840000,7.070000,6.810000,6.990000,7952400,SSI iBoard
2019-02-13,6.990000,7.360000,6.990000,7.320000,11079510,SSI iBoard
2019-02-14,7.320000,7.410000,7.290000,7.340000,6455840,SSI iBoard
2019-02-15,7.340000,7.700000,7.290000,7.480000,9326200,SSI iBoard
2019-02-18,7.600000,7.710000,7.570000,7.610000,6374370,SSI iBoard
2019-02-19,7.680000,7.700000,7.490000,7.510000,5904440,SSI iBoard
2019-02-20,7.510000,7.650000,7.490000,7.620000,5878290,SSI iBoard
2019-02-21,7.650000,7.740000,7.550000,7.740000,6010110,SSI iBoard
2019-02-22,7.730000,8.040000,7.710000,8.030000,8269150,SSI iBoard
2019-02-25,8.160000,8.420000,8.100000,8.240000,11781980,SSI iBoard
2019-02-26,8.240000,8.380000,8.110000,8.170000,7383610,SSI iBoard
2019-02-27,8.280000,8.280000,8.090000,8.150000,4999180,SSI iBoard
2019-02-28,8.180000,8.190000,7.960000,7.960000,6952800,SSI iBoard
2019-03-01,7.960000,8.110000,7.960000,8.110000,4610790,SSI iBoard
2019-03-04,8.230000,8.370000,8.220000,8.370000,5020420,SSI iBoard
2019-03-05,8.310000,8.430000,8.280000,8.300000,5704900,SSI iBoard
2019-03-06,8.290000,8.340000,8.150000,8.290000,3373240,SSI iBoard
2019-03-07,8.290000,8.300000,8.070000,8.070000,4555440,SSI iBoard
2019-03-08,7.930000,8.120000,7.910000,8.040000,4654840,SSI iBoard
2019-03-11,8.100000,8.100000,7.960000,8.000000,4858680,SSI iBoard
2019-03-12,8.070000,8.090000,7.980000,8.020000,5262570,SSI iBoard
2019-03-13,8.050000,8.130000,8.030000,8.130000,3200950,SSI iBoard
2019-03-14,8.130000,8.200000,8.030000,8.100000,4362150,SSI iBoard
2019-03-15,7.810000,7.840000,7.540000,7.550000,17029640,SSI iBoard
2019-03-18,7.460000,7.670000,7.230000,7.540000,10578940,SSI iBoard
2019-03-19,7.530000,7.570000,7.360000,7.550000,7385900,SSI iBoard
2019-03-20,7.460000,7.720000,7.460000,7.650000,5625190,SSI iBoard
2019-03-21,7.650000,7.680000,7.570000,7.580000,2737980,SSI iBoard
2019-03-22,7.600000,7.620000,7.540000,7.570000,4192750,SSI iBoard
2019-03-25,7.360000,7.490000,7.360000,7.440000,3736290,SSI iBoard
2019-03-26,7.480000,7.520000,7.410000,7.480000,3515960,SSI iBoard
2019-03-27,7.550000,7.660000,7.490000,7.660000,2539450,SSI iBoard
2019-03-28,7.610000,7.680000,7.600000,7.680000,2513150,SSI iBoard
2019-03-29,7.710000,7.740000,7.550000,7.620000,6534270,SSI iBoard
2019-04-01,7.590000,7.620000,7.550000,7.570000,3670350,SSI iBoard
2019-04-02,7.620000,7.640000,7.570000,7.600000,1796860,SSI iBoard
2019-04-03,7.580000,7.610000,7.550000,7.600000,3775800,SSI iBoard
2019-04-04,7.610000,7.670000,7.580000,7.670000,2765210,SSI iBoard
2019-04-05,7.670000,7.730000,7.640000,7.700000,1836710,SSI iBoard
2019-04-08,7.700000,7.730000,7.650000,7.670000,1380890,SSI iBoard
2019-04-09,7.680000,7.700000,7.580000,7.600000,2884050,SSI iBoard
2019-04-10,7.580000,7.590000,7.490000,7.570000,2207380,SSI iBoard
2019-04-11,7.580000,7.590000,7.540000,7.570000,1516930,SSI iBoard
2019-04-12,7.570000,7.590000,7.540000,7.590000,1576930,SSI iBoard
2019-04-16,7.550000,7.580000,7.470000,7.520000,1546470,SSI iBoard
2019-04-17,7.520000,7.540000,7.460000,7.480000,1860340,SSI iBoard
2019-04-18,7.440000,7.470000,7.410000,7.410000,2388910,SSI iBoard
2019-04-19,7.420000,7.510000,7.420000,7.480000,1213930,SSI iBoard
2019-04-22,7.420000,7.600000,7.420000,7.540000,1823920,SSI iBoard
2019-04-23,7.580000,7.580000,7.540000,7.550000,1685950,SSI iBoard
2019-04-24,7.580000,7.900000,7.550000,7.900000,5801340,SSI iBoard
2019-04-25,7.930000,7.970000,7.810000,7.840000,4094750,SSI iBoard
2019-04-26,7.860000,8.000000,7.840000,7.960000,2820780,SSI iBoard
2019-05-02,7.980000,8.050000,7.890000,8.050000,3807620,SSI iBoard
2019-05-03,8.050000,8.150000,7.980000,8.090000,3495970,SSI iBoard
2019-05-06,7.910000,8.000000,7.860000,7.920000,4500050,SSI iBoard
2019-05-07,8.000000,8.000000,7.910000,7.930000,2820070,SSI iBoard
2019-05-08,7.870000,7.890000,7.810000,7.850000,2812600,SSI iBoard
2019-05-09,7.830000,7.870000,7.720000,7.790000,2112430,SSI iBoard
2019-05-10,7.840000,7.860000,7.720000,7.780000,1909270,SSI iBoard
2019-05-13,7.800000,7.800000,7.580000,7.590000,3810530,SSI iBoard
2019-05-14,7.510000,7.670000,7.510000,7.670000,1820770,SSI iBoard
2019-05-15,7.670000,7.740000,7.650000,7.670000,2537170,SSI iBoard
2019-05-16,7.680000,7.740000,7.650000,7.650000,1378610,SSI iBoard
2019-05-17,7.650000,7.670000,7.620000,7.640000,1491570,SSI iBoard
2019-05-20,7.640000,7.830000,7.640000,7.770000,2216410,SSI iBoard
2019-05-21,7.800000,7.860000,7.770000,7.790000,2147580,SSI iBoard
2019-05-22,7.810000,7.910000,7.790000,7.810000,2514350,SSI iBoard
2019-05-23,7.810000,7.830000,7.730000,7.750000,2533270,SSI iBoard
2019-05-24,7.700000,7.730000,7.610000,7.610000,3667800,SSI iBoard
2019-05-27,7.600000,7.660000,7.600000,7.620000,1699260,SSI iBoard
2019-05-28,7.700000,7.700000,7.590000,7.590000,2839040,SSI iBoard
2019-05-29,7.650000,7.700000,7.590000,7.700000,1660260,SSI iBoard
2019-05-30,7.700000,7.700000,7.570000,7.580000,4194290,SSI iBoard
2019-05-31,7.580000,7.620000,7.580000,7.600000,3394280,SSI iBoard
2019-06-03,7.590000,7.600000,7.440000,7.460000,12274790,SSI iBoard
2019-06-04,7.570000,7.630000,7.400000,7.480000,3337800,SSI iBoard
2019-06-05,7.510000,7.600000,7.300000,7.330000,2988710,SSI iBoard
2019-06-06,7.360000,7.360000,6.880000,6.990000,7082600,SSI iBoard
2019-06-07,7.080000,7.170000,7.030000,7.060000,5101320,SSI iBoard
2019-06-10,7.160000,7.200000,7.030000,7.050000,6567230,SSI iBoard
2019-06-11,7.080000,7.140000,6.990000,7.080000,4409100,SSI iBoard
2019-06-12,7.050000,7.160000,7.030000,7.110000,3132550,SSI iBoard
2019-06-13,7.200000,7.200000,7.050000,7.080000,2523260,SSI iBoard
2019-06-14,7.080000,7.100000,7.060000,7.060000,2068100,SSI iBoard
2019-06-17,7.060000,7.080000,6.910000,6.910000,3644160,SSI iBoard
2019-06-18,6.910000,7.110000,6.910000,7.100000,5058220,SSI iBoard
2019-06-19,7.220000,7.340000,7.170000,7.340000,8365940,SSI iBoard
2019-06-20,7.220000,7.340000,7.170000,7.340000,8365940,SSI iBoard
2019-06-21,7.360000,7.360000,7.270000,7.300000,4429070,SSI iBoard
2019-06-24,7.330000,7.400000,7.170000,7.190000,3089270,SSI iBoard
2019-06-25,7.140000,7.200000,7.080000,7.110000,3284860,SSI iBoard
2019-06-26,7.100000,7.160000,7.050000,7.050000,1906040,SSI iBoard
2019-06-27,7.050000,7.060000,6.940000,6.940000,3756880,SSI iBoard
2019-06-28,6.940000,7.230000,6.910000,7.230000,3923340,SSI iBoard
2019-07-01,7.140000,7.170000,7.020000,7.080000,3836540,SSI iBoard
2019-07-02,7.080000,7.080000,6.940000,6.960000,4776600,SSI iBoard
2019-07-03,6.960000,6.970000,6.800000,6.820000,6315440,SSI iBoard
2019-07-04,6.770000,6.930000,6.770000,6.860000,5056190,SSI iBoard
2019-07-05,6.860000,6.910000,6.820000,6.860000,3066930,SSI iBoard
2019-07-08,6.830000,6.860000,6.680000,6.700000,7429100,SSI iBoard
2019-07-09,6.710000,6.760000,6.570000,6.570000,6316400,SSI iBoard
2019-07-10,6.590000,6.700000,6.560000,6.570000,3745990,SSI iBoard
2019-07-11,6.590000,6.660000,6.590000,6.630000,3104040,SSI iBoard
2019-07-12,6.680000,6.770000,6.660000,6.740000,3366890,SSI iBoard
2019-07-15,6.770000,6.770000,6.600000,6.600000,3902390,SSI iBoard
2019-07-16,6.650000,6.660000,6.600000,6.650000,3475800,SSI iBoard
2019-07-17,6.660000,6.660000,6.560000,6.570000,5461170,SSI iBoard
2019-07-18,6.570000,6.590000,6.420000,6.450000,8482000,SSI iBoard
2019-07-19,6.460000,6.530000,6.280000,6.340000,11182000,SSI iBoard
2019-07-22,6.340000,6.530000,6.250000,6.390000,6886080,SSI iBoard
2019-07-23,6.400000,6.700000,6.400000,6.680000,9013000,SSI iBoard
2019-07-24,6.680000,6.710000,6.590000,6.630000,3697610,SSI iBoard
2019-07-25,6.620000,6.900000,6.620000,6.900000,9473450,SSI iBoard
2019-07-26,6.960000,7.100000,6.910000,6.940000,9789570,SSI iBoard
2019-07-29,6.940000,6.940000,6.700000,6.800000,6954310,SSI iBoard
2019-07-30,6.800000,6.830000,6.620000,6.620000,6111110,SSI iBoard
2019-07-31,6.590000,6.940000,6.560000,6.940000,6538340,SSI iBoard
2019-08-01,6.930000,7.000000,6.850000,6.960000,5949030,SSI iBoard
2019-08-02,6.830000,6.940000,6.800000,6.910000,7142250,SSI iBoard
2019-08-05,6.880000,6.930000,6.770000,6.820000,6163970,SSI iBoard
2019-08-06,6.630000,6.770000,6.630000,6.700000,5651180,SSI iBoard
2019-08-07,6.740000,6.820000,6.710000,6.800000,3485020,SSI iBoard
2019-08-08,6.820000,7.170000,6.820000,7.170000,11123430,SSI iBoard
2019-08-09,7.200000,7.230000,7.080000,7.110000,3683200,SSI iBoard
2019-08-12,7.110000,7.340000,7.110000,7.270000,8127360,SSI iBoard
2019-08-13,7.170000,7.360000,7.170000,7.220000,6419220,SSI iBoard
2019-08-14,7.330000,7.330000,7.200000,7.220000,3871400,SSI iBoard
2019-08-15,7.080000,7.160000,7.020000,7.160000,6880640,SSI iBoard
2019-08-16,7.160000,7.190000,7.050000,7.100000,8856190,SSI iBoard
2019-08-19,7.080000,7.170000,7.060000,7.100000,2540900,SSI iBoard
2019-08-20,7.100000,7.170000,7.000000,7.050000,4790700,SSI iBoard
2019-08-21,7.050000,7.160000,7.020000,7.140000,4819580,SSI iBoard
2019-08-22,7.170000,7.190000,7.080000,7.100000,3314500,SSI iBoard
2019-08-23,7.160000,7.220000,7.110000,7.200000,5386570,SSI iBoard
2019-08-26,7.110000,7.130000,6.990000,7.020000,5677560,SSI iBoard
2019-08-27,7.080000,7.100000,6.900000,6.900000,8995460,SSI iBoard
2019-08-28,6.900000,6.930000,6.800000,6.850000,4335410,SSI iBoard
2019-08-29,6.850000,6.850000,6.770000,6.820000,4942140,SSI iBoard
2019-08-30,6.820000,6.910000,6.790000,6.830000,3329430,SSI iBoard
2019-09-03,6.830000,6.860000,6.660000,6.660000,5373060,SSI iBoard
2019-09-04,6.620000,6.710000,6.620000,6.650000,5849460,SSI iBoard
2019-09-05,6.660000,6.760000,6.650000,6.680000,2479020,SSI iBoard
2019-09-06,6.710000,6.740000,6.590000,6.590000,4205690,SSI iBoard
2019-09-09,6.620000,6.630000,6.530000,6.530000,3551180,SSI iBoard
2019-09-10,6.530000,6.570000,6.500000,6.560000,3449940,SSI iBoard
2019-09-11,6.560000,6.790000,6.540000,6.790000,4701010,SSI iBoard
2019-09-12,6.820000,6.960000,6.820000,6.940000,5565420,SSI iBoard
2019-09-13,6.930000,6.970000,6.900000,6.960000,4664730,SSI iBoard
2019-09-16,6.910000,6.960000,6.850000,6.970000,5400470,SSI iBoard
2019-09-17,6.970000,6.990000,6.900000,6.990000,3597090,SSI iBoard
2019-09-18,6.990000,7.100000,6.960000,7.080000,6151170,SSI iBoard
2019-09-19,7.080000,7.100000,6.990000,7.060000,3407530,SSI iBoard
2019-09-20,7.060000,7.060000,6.940000,6.970000,5099340,SSI iBoard
2019-09-23,6.960000,6.960000,6.770000,6.770000,5357440,SSI iBoard
2019-09-24,6.760000,6.820000,6.730000,6.820000,1984900,SSI iBoard
2019-09-25,6.800000,6.800000,6.700000,6.740000,3962320,SSI iBoard
2019-09-26,6.770000,6.850000,6.680000,6.850000,3332860,SSI iBoard
2019-09-27,6.850000,6.910000,6.820000,6.820000,3189980,SSI iBoard
2019-09-30,6.830000,6.850000,6.760000,6.760000,3421220,SSI iBoard
2019-10-01,6.760000,6.830000,6.730000,6.740000,4063670,SSI iBoard
2019-10-02,6.770000,6.790000,6.680000,6.700000,4362700,SSI iBoard
2019-10-03,6.680000,6.680000,6.600000,6.630000,4558270,SSI iBoard
2019-10-04,6.650000,6.680000,6.560000,6.570000,4775630,SSI iBoard
2019-10-07,6.570000,6.620000,6.530000,6.560000,3320870,SSI iBoard
2019-10-08,6.590000,6.740000,6.540000,6.740000,3977030,SSI iBoard
2019-10-09,6.740000,6.740000,6.680000,6.740000,3081260,SSI iBoard
2019-10-10,6.740000,6.800000,6.620000,6.620000,3934250,SSI iBoard
2019-10-11,6.650000,6.680000,6.590000,6.620000,4148140,SSI iBoard
2019-10-14,6.680000,6.680000,6.600000,6.600000,2957400,SSI iBoard
2019-10-15,6.620000,6.680000,6.570000,6.570000,3612960,SSI iBoard
2019-10-16,6.590000,6.620000,6.560000,6.560000,2621160,SSI iBoard
2019-10-17,6.560000,6.660000,6.560000,6.590000,4831150,SSI iBoard
2019-10-18,6.630000,6.630000,6.560000,6.590000,2289250,SSI iBoard
2019-10-21,6.590000,6.600000,6.530000,6.530000,3170430,SSI iBoard
2019-10-22,6.530000,6.660000,6.530000,6.650000,4095850,SSI iBoard
2019-10-23,6.650000,6.800000,6.650000,6.730000,6895670,SSI iBoard
2019-10-24,6.740000,6.800000,6.730000,6.770000,5143080,SSI iBoard
2019-10-25,6.770000,6.770000,6.700000,6.710000,2378380,SSI iBoard
2019-10-28,6.710000,6.860000,6.660000,6.830000,7281100,SSI iBoard
2019-10-29,6.830000,6.910000,6.800000,6.830000,5344070,SSI iBoard
2019-10-30,6.850000,6.850000,6.790000,6.770000,3066190,SSI iBoard
2019-10-31,6.770000,6.790000,6.680000,6.710000,5768030,SSI iBoard
2019-11-01,6.740000,6.800000,6.710000,6.740000,4059500,SSI iBoard
2019-11-04,6.800000,6.830000,6.680000,6.700000,6038610,SSI iBoard
2019-11-05,6.710000,6.820000,6.700000,6.740000,5517760,SSI iBoard
2019-11-06,6.770000,6.820000,6.760000,6.770000,4525660,SSI iBoard
2019-11-07,6.820000,7.000000,6.800000,6.990000,13242680,SSI iBoard
2019-11-08,6.990000,7.020000,6.930000,6.990000,5281950,SSI iBoard
2019-11-11,6.960000,7.110000,6.960000,7.020000,8000180,SSI iBoard
2019-11-12,7.000000,7.110000,6.940000,7.080000,6553550,SSI iBoard
2019-11-13,7.110000,7.130000,6.970000,6.970000,6513310,SSI iBoard
2019-11-14,6.970000,7.030000,6.930000,6.970000,5526590,SSI iBoard
2019-11-15,6.970000,7.020000,6.940000,6.970000,3431350,SSI iBoard
2019-11-18,6.990000,7.080000,6.990000,7.050000,3835760,SSI iBoard
2019-11-19,7.060000,7.060000,6.990000,7.020000,4169110,SSI iBoard
2019-11-20,7.020000,7.020000,6.850000,6.900000,6959150,SSI iBoard
2019-11-21,6.860000,6.880000,6.770000,6.770000,7500750,SSI iBoard
2019-11-22,6.830000,6.880000,6.770000,6.800000,5765620,SSI iBoard
2019-11-25,6.820000,6.880000,6.770000,6.860000,4233870,SSI iBoard
2019-11-26,6.880000,7.020000,6.880000,6.970000,5487610,SSI iBoard
2019-11-27,7.000000,7.020000,6.940000,6.960000,3524960,SSI iBoard
2019-11-28,6.960000,6.990000,6.910000,6.960000,3754940,SSI iBoard
2019-11-29,6.960000,7.060000,6.910000,7.030000,6338320,SSI iBoard
2019-12-02,7.030000,7.140000,7.030000,7.060000,9096550,SSI iBoard
2019-12-03,7.060000,7.300000,6.990000,7.220000,9332060,SSI iBoard
2019-12-04,7.200000,7.270000,7.190000,7.220000,4913700,SSI iBoard
2019-12-05,7.190000,7.220000,7.100000,7.110000,5182270,SSI iBoard
2019-12-06,7.110000,7.360000,7.110000,7.340000,7127130,SSI iBoard
2019-12-09,7.340000,7.530000,7.340000,7.450000,7902140,SSI iBoard
2019-12-10,7.450000,7.560000,7.420000,7.510000,10161370,SSI iBoard
2019-12-11,7.480000,7.510000,7.360000,7.510000,5402830,SSI iBoard
2019-12-12,7.480000,7.510000,7.420000,7.450000,4152040,SSI iBoard
2019-12-13,7.450000,7.540000,7.330000,7.330000,9476390,SSI iBoard
2019-12-16,7.330000,7.360000,7.250000,7.310000,5120410,SSI iBoard
2019-12-17,7.310000,7.340000,7.050000,7.130000,9866630,SSI iBoard
2019-12-18,7.130000,7.130000,6.930000,6.940000,7586700,SSI iBoard
2019-12-19,6.940000,7.110000,6.940000,7.020000,5752800,SSI iBoard
2019-12-20,7.060000,7.160000,7.020000,7.080000,5415140,SSI iBoard
2019-12-23,7.130000,7.230000,7.060000,7.100000,4009100,SSI iBoard
2019-12-24,7.100000,7.170000,7.060000,7.140000,3219640,SSI iBoard
2019-12-25,7.140000,7.200000,7.130000,7.130000,2378750,SSI iBoard
2019-12-26,7.170000,7.170000,7.080000,7.080000,3007690,SSI iBoard
2019-12-27,7.080000,7.250000,7.030000,7.250000,4181570,SSI iBoard
2019-12-30,7.280000,7.340000,7.230000,7.280000,2937980,SSI iBoard
2019-12-31,7.280000,7.300000,7.190000,7.230000,2876730,SSI iBoard
2020-01-02,7.230000,7.390000,7.190000,7.390000,4232230,SSI iBoard
2020-01-03,7.450000,7.500000,7.400000,7.430000,7832210,SSI iBoard
2020-01-06,7.390000,7.470000,7.340000,7.390000,5371060,SSI iBoard
2020-01-07,7.420000,7.450000,7.270000,7.300000,4871220,SSI iBoard
2020-01-08,7.230000,7.280000,7.130000,7.220000,6421130,SSI iBoard
2020-01-09,7.270000,7.430000,7.270000,7.390000,4613440,SSI iBoard
2020-01-10,7.420000,7.560000,7.400000,7.450000,10006180,SSI iBoard
2020-01-13,7.450000,7.510000,7.420000,7.470000,4456520,SSI iBoard
2020-01-14,7.470000,7.710000,7.450000,7.700000,9565300,SSI iBoard
2020-01-15,7.710000,7.800000,7.670000,7.740000,5881520,SSI iBoard
2020-01-16,7.700000,7.800000,7.680000,7.790000,6855030,SSI iBoard
2020-01-17,7.790000,7.900000,7.670000,7.700000,6329150,SSI iBoard
2020-01-20,7.700000,7.850000,7.600000,7.850000,5711790,SSI iBoard
2020-01-21,7.930000,8.000000,7.870000,7.960000,5911660,SSI iBoard
2020-01-22,7.960000,8.130000,7.960000,8.100000,8919900,SSI iBoard
2020-01-30,7.870000,7.970000,7.680000,7.790000,13028790,SSI iBoard
2020-01-31,7.700000,7.790000,7.420000,7.420000,10994970,SSI iBoard
2020-02-03,7.170000,7.630000,6.990000,7.560000,12079180,SSI iBoard
2020-02-04,7.590000,7.630000,7.420000,7.570000,8086090,SSI iBoard
2020-02-05,7.650000,7.700000,7.450000,7.530000,6938550,SSI iBoard
2020-02-06,7.500000,7.760000,7.480000,7.760000,9214150,SSI iBoard
2020-02-07,7.760000,7.790000,7.450000,7.500000,8120240,SSI iBoard
2020-02-10,7.390000,7.590000,7.370000,7.500000,4794830,SSI iBoard
2020-02-11,7.530000,7.570000,7.220000,7.270000,12551620,SSI iBoard
2020-02-12,7.230000,7.430000,7.220000,7.330000,9581940,SSI iBoard
2020-02-13,7.310000,7.360000,7.270000,7.300000,5263180,SSI iBoard
2020-02-14,7.270000,7.310000,7.190000,7.300000,5052290,SSI iBoard
2020-02-17,7.300000,7.340000,7.270000,7.310000,2716840,SSI iBoard
2020-02-18,7.340000,7.340000,7.170000,7.170000,7456030,SSI iBoard
2020-02-19,7.170000,7.220000,7.110000,7.160000,5481650,SSI iBoard
2020-02-20,7.220000,7.310000,7.160000,7.310000,5225250,SSI iBoard
2020-02-21,7.310000,7.330000,7.230000,7.250000,4513960,SSI iBoard
2020-02-24,7.000000,7.130000,6.990000,6.990000,12938030,SSI iBoard
2020-02-25,6.960000,7.110000,6.960000,7.110000,5303830,SSI iBoard
2020-02-26,7.000000,7.080000,6.990000,7.000000,4502880,SSI iBoard
2020-02-27,6.990000,7.100000,6.990000,7.060000,3318240,SSI iBoard
2020-02-28,6.940000,7.020000,6.850000,6.880000,6583970,SSI iBoard
2020-03-02,6.830000,6.930000,6.830000,6.860000,3957540,SSI iBoard
2020-03-03,7.020000,7.020000,6.860000,6.860000,4411940,SSI iBoard
2020-03-04,6.900000,6.960000,6.880000,6.880000,2946050,SSI iBoard
2020-03-05,6.960000,6.970000,6.880000,6.880000,2594810,SSI iBoard
2020-03-06,6.880000,6.910000,6.850000,6.900000,3035470,SSI iBoard
2020-03-09,6.420000,6.630000,6.420000,6.420000,16567350,SSI iBoard
2020-03-10,6.310000,6.700000,6.310000,6.660000,8137980,SSI iBoard
2020-03-11,6.680000,6.710000,6.200000,6.330000,8527920,SSI iBoard
2020-03-12,6.020000,6.100000,5.900000,5.930000,13041040,SSI iBoard
2020-03-13,5.560000,6.060000,5.530000,5.860000,12836580,SSI iBoard
2020-03-16,5.910000,6.110000,5.830000,5.880000,9283920,SSI iBoard
2020-03-17,5.730000,5.940000,5.730000,5.910000,6053400,SSI iBoard
2020-03-18,5.970000,6.190000,5.960000,6.060000,10396530,SSI iBoard
2020-03-19,5.970000,6.000000,5.820000,5.900000,7773200,SSI iBoard
2020-03-20,5.930000,5.940000,5.730000,5.730000,13401260,SSI iBoard
2020-03-23,5.360000,5.540000,5.330000,5.330000,12947170,SSI iBoard
2020-03-24,5.230000,5.340000,5.130000,5.260000,13831390,SSI iBoard
2020-03-25,5.490000,5.490000,5.360000,5.480000,7758210,SSI iBoard
2020-03-26,5.400000,5.420000,5.200000,5.220000,8514960,SSI iBoard
2020-03-27,5.200000,5.230000,4.860000,4.990000,13442640,SSI iBoard
2020-03-30,4.710000,5.140000,4.690000,5.060000,10870540,SSI iBoard
2020-03-31,5.030000,5.340000,4.690000,5.190000,11163440,SSI iBoard
2020-04-01,5.140000,5.390000,5.130000,5.310000,4859650,SSI iBoard
2020-04-03,5.310000,5.450000,5.290000,5.430000,6503290,SSI iBoard
2020-04-06,5.590000,5.800000,5.510000,5.800000,10207240,SSI iBoard
2020-04-07,5.860000,5.880000,5.620000,5.850000,7655220,SSI iBoard
2020-04-08,5.660000,5.790000,5.630000,5.760000,5106690,SSI iBoard
2020-04-09,5.790000,5.850000,5.710000,5.710000,7134720,SSI iBoard
2020-04-10,5.700000,5.850000,5.630000,5.790000,5558450,SSI iBoard
2020-04-13,5.790000,6.000000,5.760000,5.960000,9039420,SSI iBoard
2020-04-14,5.940000,6.140000,5.910000,6.140000,8744760,SSI iBoard
2020-04-15,6.160000,6.250000,6.140000,6.190000,5960450,SSI iBoard
2020-04-16,6.140000,6.280000,6.080000,6.230000,6665670,SSI iBoard
2020-04-17,6.230000,6.400000,6.220000,6.370000,8818780,SSI iBoard
2020-04-20,6.460000,6.620000,6.330000,6.540000,9220160,SSI iBoard
2020-04-21,6.390000,6.540000,6.200000,6.220000,11934810,SSI iBoard
2020-04-22,6.310000,6.560000,6.250000,6.400000,11038450,SSI iBoard
2020-04-23,6.560000,6.760000,6.560000,6.650000,8345940,SSI iBoard
2020-04-24,6.680000,6.830000,6.560000,6.800000,8301090,SSI iBoard
2020-04-27,6.850000,6.960000,6.730000,6.760000,6374220,SSI iBoard
2020-04-28,6.770000,6.800000,6.540000,6.590000,7687010,SSI iBoard
2020-04-29,6.590000,6.680000,6.460000,6.620000,7447050,SSI iBoard
2020-05-04,6.620000,6.630000,6.460000,6.460000,4834580,SSI iBoard
2020-05-05,6.590000,6.660000,6.560000,6.590000,5894530,SSI iBoard
2020-05-06,6.630000,6.830000,6.620000,6.830000,7620940,SSI iBoard
2020-05-07,6.860000,7.270000,6.860000,7.270000,14733250,SSI iBoard
2020-05-08,7.330000,7.430000,7.200000,7.200000,12484610,SSI iBoard
2020-05-11,7.300000,7.420000,7.170000,7.370000,7220240,SSI iBoard
2020-05-12,7.280000,7.360000,7.200000,7.280000,10527620,SSI iBoard
2020-05-13,7.220000,7.450000,7.170000,7.420000,9608210,SSI iBoard
2020-05-14,7.330000,7.420000,7.300000,7.370000,6517150,SSI iBoard
2020-05-15,7.370000,7.400000,7.200000,7.230000,7931980,SSI iBoard
2020-05-18,7.530000,7.730000,7.390000,7.730000,13491620,SSI iBoard
2020-05-19,8.130000,8.270000,8.020000,8.050000,18842950,SSI iBoard
2020-05-20,8.000000,8.190000,7.900000,8.140000,11584470,SSI iBoard
2020-05-21,8.110000,8.170000,8.030000,8.160000,11213810,SSI iBoard
2020-05-22,8.110000,8.450000,8.080000,8.390000,16252810,SSI iBoard
2020-05-25,8.470000,8.560000,8.360000,8.400000,11168880,SSI iBoard
2020-05-26,8.420000,8.740000,8.400000,8.740000,11503490,SSI iBoard
2020-05-27,8.800000,8.800000,8.370000,8.370000,19779140,SSI iBoard
2020-05-28,8.470000,8.500000,8.280000,8.370000,14486370,SSI iBoard
2020-05-29,8.400000,8.530000,8.310000,8.420000,12580390,SSI iBoard
2020-06-01,8.560000,8.560000,8.450000,8.510000,8022890,SSI iBoard
2020-06-02,8.560000,8.560000,8.300000,8.330000,11489000,SSI iBoard
2020-06-03,8.330000,8.370000,8.190000,8.300000,12018120,SSI iBoard
2020-06-04,8.310000,8.430000,8.190000,8.190000,13488200,SSI iBoard
2020-06-05,8.160000,8.400000,8.070000,8.330000,13532060,SSI iBoard
2020-06-08,8.470000,8.650000,8.400000,8.530000,17144920,SSI iBoard
2020-06-09,8.600000,8.620000,8.300000,8.310000,18693450,SSI iBoard
2020-06-10,8.310000,8.430000,8.200000,8.310000,9871400,SSI iBoard
2020-06-11,8.270000,8.360000,7.850000,7.850000,22873160,SSI iBoard
2020-06-12,7.540000,8.160000,7.540000,8.160000,18881260,SSI iBoard
2020-06-15,8.100000,8.160000,7.800000,7.820000,11332840,SSI iBoard
2020-06-16,8.000000,8.130000,7.900000,8.070000,9024610,SSI iBoard
2020-06-17,8.070000,8.140000,7.970000,8.080000,7066110,SSI iBoard
2020-06-18,7.990000,8.270000,7.960000,8.250000,9055090,SSI iBoard
2020-06-19,8.310000,8.420000,8.310000,8.420000,10532760,SSI iBoard
2020-06-22,8.430000,8.560000,8.300000,8.400000,9729970,SSI iBoard
2020-06-23,8.400000,8.530000,8.230000,8.310000,11382760,SSI iBoard
2020-06-24,8.310000,8.420000,8.250000,8.310000,6516760,SSI iBoard
2020-06-25,8.220000,8.560000,8.170000,8.400000,24410040,SSI iBoard
2020-06-26,8.430000,8.500000,8.310000,8.370000,9363870,SSI iBoard
2020-06-29,8.280000,8.310000,8.080000,8.200000,12378070,SSI iBoard
2020-06-30,8.250000,8.430000,8.170000,8.250000,14826230,SSI iBoard
2020-07-01,8.310000,8.470000,8.280000,8.430000,10843030,SSI iBoard
2020-07-02,8.470000,8.540000,8.430000,8.500000,13000820,SSI iBoard
2020-07-03,8.530000,8.540000,8.430000,8.470000,8111500,SSI iBoard
2020-07-06,8.530000,8.540000,8.450000,8.500000,9764620,SSI iBoard
2020-07-07,8.540000,8.900000,8.530000,8.730000,28048770,SSI iBoard
2020-07-08,8.670000,8.760000,8.590000,8.630000,9155900,SSI iBoard
2020-07-09,8.650000,8.710000,8.600000,8.670000,7588480,SSI iBoard
2020-07-10,8.620000,8.700000,8.500000,8.540000,14457460,SSI iBoard
2020-07-13,8.480000,8.570000,8.390000,8.510000,14702360,SSI iBoard
2020-07-14,8.450000,8.600000,8.430000,8.590000,5757320,SSI iBoard
2020-07-15,8.680000,8.740000,8.630000,8.630000,6561150,SSI iBoard
2020-07-16,8.680000,8.900000,8.600000,8.800000,17916710,SSI iBoard
2020-07-17,8.840000,8.850000,8.790000,8.790000,6759400,SSI iBoard
2020-07-20,8.770000,8.840000,8.620000,8.620000,11602590,SSI iBoard
2020-07-21,8.650000,8.700000,8.560000,8.650000,11724470,SSI iBoard
2020-07-22,8.710000,8.740000,8.600000,8.650000,7461530,SSI iBoard
2020-07-23,8.650000,8.680000,8.530000,8.680000,10177170,SSI iBoard
2020-07-24,8.620000,8.630000,8.100000,8.250000,21288480,SSI iBoard
2020-07-27,8.020000,8.360000,7.940000,7.990000,18389440,SSI iBoard
2020-07-28,8.160000,8.470000,8.070000,8.420000,14119250,SSI iBoard
2020-07-29,8.390000,8.580000,7.960000,8.180000,18544880,SSI iBoard
2020-07-30,8.240000,8.390000,8.220000,8.320000,11357060,SSI iBoard
2020-07-31,8.070000,8.300000,8.070000,8.170000,7656240,SSI iBoard
2020-08-03,8.170000,8.650000,8.170000,8.620000,16896050,SSI iBoard
2020-08-04,8.730000,8.770000,8.580000,8.650000,11086090,SSI iBoard
2020-08-05,8.650000,9.160000,8.620000,9.070000,25912970,SSI iBoard
2020-08-06,9.070000,9.180000,8.960000,9.050000,13744810,SSI iBoard
2020-08-07,9.030000,9.140000,9.010000,9.110000,12162410,SSI iBoard
2020-08-10,9.200000,9.310000,9.140000,9.140000,14144220,SSI iBoard
2020-08-11,9.180000,9.240000,9.070000,9.130000,9675910,SSI iBoard
2020-08-12,9.140000,9.220000,9.070000,9.140000,8827420,SSI iBoard
2020-08-13,9.220000,9.260000,9.140000,9.220000,7562850,SSI iBoard
2020-08-14,9.220000,9.260000,8.990000,9.070000,15356070,SSI iBoard
2020-08-17,9.050000,9.140000,9.010000,9.140000,8428450,SSI iBoard
2020-08-18,9.180000,9.180000,9.070000,9.090000,5130610,SSI iBoard
2020-08-19,9.110000,9.180000,9.070000,9.130000,9266940,SSI iBoard
2020-08-20,9.130000,9.160000,9.030000,9.070000,9685120,SSI iBoard
2020-08-21,9.070000,9.180000,9.050000,9.160000,8930990,SSI iBoard
2020-08-24,9.220000,9.390000,9.180000,9.330000,13933710,SSI iBoard
2020-08-25,9.370000,9.430000,9.240000,9.240000,10722520,SSI iBoard
2020-08-26,9.220000,9.240000,9.110000,9.110000,16327190,SSI iBoard
2020-08-27,9.110000,9.160000,9.070000,9.140000,8801320,SSI iBoard
2020-08-28,9.220000,9.220000,9.130000,9.140000,11603550,SSI iBoard
2020-08-31,9.110000,9.330000,9.110000,9.240000,13334160,SSI iBoard
2020-09-01,9.240000,9.390000,9.200000,9.330000,16754410,SSI iBoard
2020-09-03,9.410000,9.480000,9.370000,9.410000,14553930,SSI iBoard
2020-09-04,9.280000,9.440000,9.280000,9.390000,18820560,SSI iBoard
2020-09-07,9.410000,9.440000,9.220000,9.220000,14336100,SSI iBoard
2020-09-08,9.260000,9.290000,9.200000,9.280000,12260110,SSI iBoard
2020-09-09,9.180000,9.390000,9.160000,9.220000,19632380,SSI iBoard
2020-09-10,9.290000,9.350000,9.220000,9.240000,12106250,SSI iBoard
2020-09-11,9.240000,9.280000,9.200000,9.200000,11672440,SSI iBoard
2020-09-14,9.220000,9.310000,9.220000,9.260000,12723310,SSI iBoard
2020-09-15,9.310000,9.390000,9.280000,9.290000,8859250,SSI iBoard
2020-09-16,9.310000,9.330000,9.260000,9.290000,6887240,SSI iBoard
2020-09-17,9.310000,9.600000,9.290000,9.560000,26759480,SSI iBoard
2020-09-18,9.610000,9.670000,9.600000,9.670000,12475700,SSI iBoard
2020-09-21,9.750000,9.760000,9.630000,9.670000,11631470,SSI iBoard
2020-09-22,9.600000,9.670000,9.560000,9.610000,15285880,SSI iBoard
2020-09-23,9.650000,9.750000,9.610000,9.710000,12589480,SSI iBoard
2020-09-24,9.670000,9.750000,9.600000,9.650000,12435190,SSI iBoard
2020-09-25,9.710000,9.710000,9.600000,9.690000,10094210,SSI iBoard
2020-09-28,9.710000,9.930000,9.670000,9.930000,17573130,SSI iBoard
2020-09-29,9.950000,10.080000,9.920000,9.920000,18456820,SSI iBoard
2020-09-30,9.920000,9.990000,9.820000,9.930000,12985480,SSI iBoard
2020-10-01,10.010000,10.240000,9.970000,10.160000,17161730,SSI iBoard
2020-10-02,10.180000,10.250000,9.780000,10.050000,20213120,SSI iBoard
2020-10-05,10.100000,10.310000,10.100000,10.290000,12791350,SSI iBoard
2020-10-06,10.330000,10.630000,10.240000,10.630000,23609700,SSI iBoard
2020-10-07,10.570000,10.650000,10.460000,10.460000,14752610,SSI iBoard
2020-10-08,10.540000,10.570000,10.420000,10.570000,18239670,SSI iBoard
2020-10-09,10.610000,10.800000,10.540000,10.720000,9464850,SSI iBoard
2020-10-12,10.780000,10.820000,10.550000,10.630000,12258740,SSI iBoard
2020-10-13,10.610000,10.630000,10.500000,10.540000,10665790,SSI iBoard
2020-10-14,10.520000,10.670000,10.460000,10.670000,14240330,SSI iBoard
2020-10-15,11.290000,11.290000,10.930000,10.930000,30525160,SSI iBoard
2020-10-16,10.990000,11.100000,10.890000,10.950000,17319070,SSI iBoard
2020-10-19,10.970000,11.010000,10.860000,10.870000,10939140,SSI iBoard
2020-10-20,10.820000,11.040000,10.800000,11.040000,13319200,SSI iBoard
2020-10-21,11.080000,11.140000,10.910000,10.950000,10669590,SSI iBoard
2020-10-22,10.910000,11.140000,10.870000,11.140000,13072020,SSI iBoard
2020-10-23,11.210000,11.630000,11.160000,11.630000,29534980,SSI iBoard
2020-10-26,11.660000,12.040000,11.550000,11.590000,20357350,SSI iBoard
2020-10-27,11.510000,11.930000,11.500000,11.820000,25281540,SSI iBoard
2020-10-28,11.720000,11.910000,11.360000,11.440000,25663180,SSI iBoard
2020-10-29,11.270000,11.570000,11.270000,11.510000,20778840,SSI iBoard
2020-10-30,11.590000,11.630000,11.250000,11.500000,19039190,SSI iBoard
2020-11-02,11.500000,11.550000,11.420000,11.510000,10385290,SSI iBoard
2020-11-03,11.660000,11.780000,11.500000,11.550000,17521020,SSI iBoard
2020-11-04,11.550000,11.660000,11.420000,11.530000,18293400,SSI iBoard
2020-11-05,11.530000,11.570000,11.380000,11.380000,11598310,SSI iBoard
2020-11-06,11.400000,11.550000,11.360000,11.440000,13410500,SSI iBoard
2020-11-09,11.590000,11.850000,11.550000,11.850000,18314360,SSI iBoard
2020-11-10,12.080000,12.120000,11.780000,11.780000,20645160,SSI iBoard
2020-11-11,11.780000,11.890000,11.720000,11.780000,14564290,SSI iBoard
2020-11-12,11.780000,11.850000,11.760000,11.830000,9803730,SSI iBoard
2020-11-13,11.850000,12.020000,11.830000,12.020000,12161630,SSI iBoard
2020-11-16,12.150000,12.320000,12.000000,12.140000,25538500,SSI iBoard
2020-11-17,12.230000,12.550000,12.190000,12.550000,16228900,SSI iBoard
2020-11-18,12.640000,13.020000,12.550000,13.020000,22115200,SSI iBoard
2020-11-19,13.060000,13.360000,12.960000,13.250000,26533130,SSI iBoard
2020-11-20,13.280000,13.430000,13.150000,13.430000,18141040,SSI iBoard
2020-11-23,13.430000,14.240000,13.360000,14.110000,23681540,SSI iBoard
2020-11-24,14.200000,14.490000,13.660000,14.110000,48936510,SSI iBoard
2020-11-25,13.850000,13.890000,13.250000,13.400000,55697460,SSI iBoard
2020-11-26,13.210000,13.320000,12.910000,13.210000,33163400,SSI iBoard
2020-11-27,13.170000,13.700000,13.170000,13.640000,16027210,SSI iBoard
2020-11-30,13.640000,13.700000,13.360000,13.360000,17459270,SSI iBoard
2020-12-01,13.130000,13.400000,13.000000,13.400000,21802760,SSI iBoard
2020-12-02,13.400000,13.410000,13.210000,13.280000,14643640,SSI iBoard
2020-12-03,13.380000,13.870000,13.280000,13.870000,22511210,SSI iBoard
2020-12-04,13.940000,14.020000,13.810000,13.900000,17767110,SSI iBoard
2020-12-07,13.940000,14.450000,13.870000,14.370000,24400300,SSI iBoard
2020-12-08,14.370000,14.600000,14.300000,14.450000,20333880,SSI iBoard
2020-12-09,14.490000,14.520000,14.340000,14.490000,15264400,SSI iBoard
2020-12-10,14.490000,14.520000,14.000000,14.150000,30402770,SSI iBoard
2020-12-11,14.300000,14.600000,14.190000,14.600000,16641080,SSI iBoard
2020-12-14,14.830000,14.860000,14.660000,14.770000,14483540,SSI iBoard
2020-12-15,14.690000,14.730000,14.490000,14.520000,19581910,SSI iBoard
2020-12-16,14.600000,14.810000,14.490000,14.600000,17322370,SSI iBoard
2020-12-17,14.450000,14.540000,14.170000,14.170000,30645570,SSI iBoard
2020-12-18,14.340000,14.580000,14.260000,14.520000,19956910,SSI iBoard
2020-12-21,14.680000,14.690000,14.430000,14.510000,15789770,SSI iBoard
2020-12-22,14.510000,14.840000,14.410000,14.810000,26050910,SSI iBoard
2020-12-23,14.840000,15.500000,14.830000,15.050000,28097610,SSI iBoard
2020-12-24,15.280000,15.350000,14.520000,15.030000,18507480,SSI iBoard
2020-12-25,15.050000,15.370000,14.860000,15.330000,22667520,SSI iBoard
2020-12-28,15.730000,15.790000,15.430000,15.630000,21024800,SSI iBoard
2020-12-29,15.520000,15.750000,15.450000,15.650000,13443950,SSI iBoard
2020-12-30,15.650000,15.650000,15.330000,15.390000,21907500,SSI iBoard
2020-12-31,15.390000,15.710000,15.320000,15.600000,11867640,SSI iBoard
2021-01-04,15.800000,16.180000,15.670000,15.920000,15832600,SSI iBoard
2021-01-05,15.730000,16.110000,15.690000,15.940000,18634100,SSI iBoard
2021-01-06,15.990000,16.290000,15.920000,16.110000,17948600,SSI iBoard
2021-01-07,16.240000,16.260000,15.900000,16.110000,21780700,SSI iBoard
2021-01-08,16.140000,16.290000,16.030000,16.090000,19978500,SSI iBoard
2021-01-11,16.220000,16.290000,16.030000,16.200000,16645100,SSI iBoard
2021-01-12,16.260000,16.900000,16.140000,16.900000,22738800,SSI iBoard
2021-01-13,17.010000,17.100000,16.710000,16.820000,16131800,SSI iBoard
2021-01-14,16.820000,16.820000,16.500000,16.730000,17527000,SSI iBoard
2021-01-15,16.670000,16.950000,16.670000,16.740000,14788300,SSI iBoard
2021-01-18,16.740000,16.880000,16.650000,16.780000,18112900,SSI iBoard
2021-01-19,16.780000,16.780000,15.620000,15.650000,25778200,SSI iBoard
2021-01-20,15.800000,16.160000,15.050000,15.690000,37915600,SSI iBoard
2021-01-21,16.120000,16.630000,15.730000,16.630000,20829700,SSI iBoard
2021-01-22,16.670000,16.820000,16.390000,16.430000,14798600,SSI iBoard
2021-01-25,16.270000,17.100000,16.220000,16.440000,33091200,SSI iBoard
2021-01-26,16.410000,16.410000,15.650000,15.920000,24099500,SSI iBoard
2021-01-27,15.580000,15.950000,14.860000,15.160000,28056100,SSI iBoard
2021-01-28,14.150000,14.690000,14.110000,14.110000,49934800,SSI iBoard
2021-01-29,13.920000,15.030000,13.920000,14.730000,40248000,SSI iBoard
2021-02-01,14.680000,15.000000,14.370000,14.430000,21323900,SSI iBoard
2021-02-02,14.490000,15.240000,14.390000,15.240000,28541100,SSI iBoard
2021-02-03,15.500000,15.940000,15.430000,15.800000,34839600,SSI iBoard
2021-02-04,15.800000,15.880000,15.630000,15.730000,22252900,SSI iBoard
2021-02-05,15.790000,16.070000,15.690000,15.990000,23371200,SSI iBoard
2021-02-08,15.990000,16.030000,15.050000,15.390000,32918400,SSI iBoard
2021-02-09,15.390000,15.770000,15.220000,15.730000,26164800,SSI iBoard
2021-02-17,15.970000,16.350000,15.920000,16.350000,24253200,SSI iBoard
2021-02-18,16.330000,16.560000,16.160000,16.500000,21343800,SSI iBoard
2021-02-19,16.290000,16.520000,16.220000,16.350000,17007500,SSI iBoard
2021-02-22,16.350000,16.710000,16.180000,16.330000,21362500,SSI iBoard
2021-02-23,16.260000,16.460000,16.160000,16.290000,17921700,SSI iBoard
2021-02-24,16.430000,16.710000,16.290000,16.410000,27282600,SSI iBoard
2021-02-25,16.560000,16.710000,16.430000,16.610000,21931700,SSI iBoard
2021-02-26,16.440000,17.200000,16.410000,17.160000,40928500,SSI iBoard
2021-03-01,17.400000,17.420000,17.230000,17.380000,21998200,SSI iBoard
2021-03-02,17.610000,17.720000,17.380000,17.570000,23670800,SSI iBoard
2021-03-03,17.520000,17.700000,17.500000,17.610000,22262900,SSI iBoard
2021-03-04,17.650000,17.650000,16.930000,17.270000,27962100,SSI iBoard
2021-03-05,17.180000,17.350000,16.970000,17.310000,21396800,SSI iBoard
2021-03-08,17.540000,17.650000,17.310000,17.420000,17777700,SSI iBoard
2021-03-09,17.310000,17.380000,16.950000,17.250000,16289800,SSI iBoard
2021-03-10,17.250000,17.250000,16.990000,17.160000,15772500,SSI iBoard
2021-03-11,17.270000,17.550000,17.230000,17.460000,15569400,SSI iBoard
2021-03-12,17.540000,17.540000,17.380000,17.480000,12153700,SSI iBoard
2021-03-15,17.540000,17.650000,17.460000,17.500000,11905100,SSI iBoard
2021-03-16,17.540000,17.540000,17.230000,17.350000,14097300,SSI iBoard
2021-03-17,17.370000,17.480000,17.330000,17.420000,12191800,SSI iBoard
2021-03-18,17.570000,17.590000,17.440000,17.540000,11166600,SSI iBoard
2021-03-19,17.540000,17.850000,17.540000,17.740000,18392100,SSI iBoard
2021-03-22,17.800000,17.850000,17.570000,17.590000,11047900,SSI iBoard
2021-03-23,17.550000,17.720000,17.460000,17.540000,12487200,SSI iBoard
2021-03-24,17.330000,17.440000,16.970000,17.100000,23653500,SSI iBoard
2021-03-25,17.200000,17.220000,16.860000,16.930000,19929000,SSI iBoard
2021-03-26,17.120000,17.380000,16.950000,17.380000,28109800,SSI iBoard
2021-03-29,17.500000,17.540000,17.370000,17.420000,13251900,SSI iBoard
2021-03-30,17.500000,17.590000,17.350000,17.480000,13333800,SSI iBoard
2021-03-31,17.480000,17.820000,17.440000,17.610000,16323700,SSI iBoard
2021-04-01,17.690000,18.250000,17.670000,18.250000,27681900,SSI iBoard
2021-04-02,18.360000,18.550000,18.290000,18.460000,16678500,SSI iBoard
2021-04-05,18.630000,18.660000,18.420000,18.550000,15377800,SSI iBoard
2021-04-06,18.550000,18.650000,18.480000,18.590000,14033300,SSI iBoard
2021-04-07,18.590000,18.660000,18.400000,18.610000,14407800,SSI iBoard
2021-04-08,18.630000,18.660000,18.440000,18.570000,11970000,SSI iBoard
2021-04-09,18.550000,18.780000,18.460000,18.650000,15623400,SSI iBoard
2021-04-12,18.780000,19.380000,18.720000,19.270000,27010400,SSI iBoard
2021-04-13,19.380000,19.380000,18.850000,18.850000,26956900,SSI iBoard
2021-04-14,18.850000,20.060000,18.780000,19.940000,28753300,SSI iBoard
2021-04-15,20.130000,20.580000,19.760000,20.510000,32078100,SSI iBoard
2021-04-16,20.130000,20.960000,20.130000,20.550000,28433700,SSI iBoard
2021-04-19,20.770000,21.750000,20.580000,21.750000,34808100,SSI iBoard
2021-04-20,21.820000,22.050000,21.070000,21.520000,37829300,SSI iBoard
2021-04-22,21.260000,21.790000,20.700000,20.700000,33049800,SSI iBoard
2021-04-23,20.880000,21.220000,20.620000,21.220000,28493500,SSI iBoard
2021-04-26,21.260000,21.300000,20.700000,20.730000,25156400,SSI iBoard
2021-04-27,20.730000,21.220000,20.470000,21.190000,21294400,SSI iBoard
2021-04-28,21.190000,21.260000,20.880000,21.070000,15619100,SSI iBoard
2021-04-29,21.260000,22.090000,21.220000,21.860000,27877700,SSI iBoard
2021-05-04,21.560000,22.730000,21.450000,22.500000,32996000,SSI iBoard
2021-05-05,22.580000,22.690000,22.310000,22.310000,24468200,SSI iBoard
2021-05-06,22.310000,22.690000,22.130000,22.350000,21609700,SSI iBoard
2021-05-07,22.280000,23.140000,22.240000,22.880000,29552700,SSI iBoard
2021-05-10,22.280000,23.820000,22.880000,23.710000,28160100,SSI iBoard
2021-05-11,23.820000,23.820000,23.330000,23.330000,29565200,SSI iBoard
2021-05-12,23.180000,23.590000,23.070000,23.590000,29316300,SSI iBoard
2021-05-13,23.480000,23.710000,23.140000,23.140000,24654400,SSI iBoard
2021-05-14,23.330000,23.520000,22.950000,23.100000,31815400,SSI iBoard
2021-05-17,23.100000,23.480000,22.800000,23.290000,34004200,SSI iBoard
2021-05-18,23.520000,23.970000,23.520000,23.860000,39146300,SSI iBoard
2021-05-19,24.080000,25.100000,23.890000,24.870000,28407500,SSI iBoard
2021-05-20,24.910000,25.100000,24.650000,25.060000,21552100,SSI iBoard
2021-05-21,24.870000,24.990000,24.610000,24.680000,22951900,SSI iBoard
2021-05-24,24.680000,24.870000,24.460000,24.610000,23592200,SSI iBoard
2021-05-25,24.570000,25.510000,24.530000,25.360000,22689000,SSI iBoard
2021-05-26,25.360000,25.510000,25.290000,25.510000,15485000,SSI iBoard
2021-05-27,25.470000,25.510000,24.910000,25.140000,19165200,SSI iBoard
2021-05-28,25.250000,25.320000,24.910000,25.250000,30138100,SSI iBoard
2021-05-31,26.970000,26.970000,26.510000,26.970000,60309100,SSI iBoard
2021-06-01,27.950000,28.820000,27.640000,28.410000,33413400,SSI iBoard
2021-06-02,28.150000,28.410000,27.130000,27.640000,40000100,SSI iBoard
2021-06-03,27.640000,27.950000,27.130000,27.790000,36969900,SSI iBoard
2021-06-04,27.890000,28.300000,27.790000,27.890000,31679400,SSI iBoard
2021-06-07,27.950000,28.150000,26.610000,26.970000,34653300,SSI iBoard
2021-06-08,26.770000,27.080000,25.590000,25.590000,38486300,SSI iBoard
2021-06-09,25.540000,26.310000,25.080000,25.740000,40956800,SSI iBoard
2021-06-10,25.690000,26.920000,25.590000,26.410000,29312900,SSI iBoard
2021-06-11,26.670000,27.230000,26.410000,27.180000,29030300,SSI iBoard
2021-06-14,27.380000,27.790000,27.020000,27.430000,28587500,SSI iBoard
2021-06-15,27.130000,27.430000,26.970000,27.230000,21707700,SSI iBoard
2021-06-16,27.020000,27.130000,26.360000,26.510000,28929200,SSI iBoard
2021-06-17,26.050000,26.560000,26.050000,26.310000,20215900,SSI iBoard
2021-06-18,26.560000,27.280000,26.310000,26.670000,28992700,SSI iBoard
2021-06-21,26.610000,26.870000,26.210000,26.210000,22610800,SSI iBoard
2021-06-22,26.360000,26.820000,26.210000,26.460000,18459100,SSI iBoard
2021-06-23,26.410000,26.560000,26.150000,26.310000,18559200,SSI iBoard
2021-06-24,26.310000,26.460000,25.850000,25.900000,19985600,SSI iBoard
2021-06-25,25.950000,26.210000,25.490000,25.950000,26191200,SSI iBoard
2021-06-28,26.260000,26.870000,26.000000,26.820000,39158500,SSI iBoard
2021-06-29,26.870000,26.920000,26.460000,26.510000,19830300,SSI iBoard
2021-06-30,26.560000,26.720000,26.310000,26.360000,18899100,SSI iBoard
2021-07-01,26.460000,27.080000,26.410000,27.020000,39670000,SSI iBoard
2021-07-02,27.130000,27.330000,26.720000,26.770000,30058700,SSI iBoard
2021-07-05,26.770000,26.770000,26.000000,26.210000,37065500,SSI iBoard
2021-07-06,26.150000,26.720000,24.570000,24.570000,48216300,SSI iBoard
2021-07-07,25.080000,25.540000,24.490000,25.540000,40552700,SSI iBoard
2021-07-08,25.540000,25.640000,24.870000,25.080000,30632700,SSI iBoard
2021-07-09,24.820000,25.130000,23.540000,24.210000,46892600,SSI iBoard
2021-07-12,23.900000,24.000000,22.520000,23.010000,75500300,SSI iBoard
2021-07-13,23.290000,23.540000,22.800000,23.290000,25498600,SSI iBoard
2021-07-14,23.490000,23.540000,22.700000,23.030000,27431000,SSI iBoard
2021-07-15,22.830000,23.980000,22.830000,23.800000,28546500,SSI iBoard
2021-07-16,23.900000,24.290000,23.800000,23.930000,22253900,SSI iBoard
2021-07-19,23.360000,23.490000,22.520000,22.670000,39426100,SSI iBoard
2021-07-20,23.030000,24.210000,22.750000,24.210000,40965600,SSI iBoard
2021-07-21,24.310000,24.460000,23.850000,23.930000,21335700,SSI iBoard
2021-07-22,23.900000,24.410000,23.700000,24.160000,21494600,SSI iBoard
2021-07-23,23.950000,24.060000,23.440000,23.440000,28904400,SSI iBoard
2021-07-26,23.290000,23.590000,22.850000,23.340000,23485200,SSI iBoard
2021-07-27,23.540000,23.950000,23.390000,23.650000,18206300,SSI iBoard
2021-07-28,23.700000,24.110000,23.650000,23.900000,21215200,SSI iBoard
2021-07-29,24.030000,24.410000,23.950000,24.110000,32783300,SSI iBoard
2021-07-30,24.110000,24.360000,24.110000,24.210000,23016300,SSI iBoard
2021-08-02,24.110000,24.520000,24.000000,24.180000,24207000,SSI iBoard
2021-08-03,24.210000,24.390000,23.930000,24.180000,28297300,SSI iBoard
2021-08-04,24.340000,24.570000,24.180000,24.310000,24329100,SSI iBoard
2021-08-05,24.290000,25.080000,24.230000,24.980000,29704100,SSI iBoard
2021-08-06,24.870000,25.130000,24.720000,24.770000,20101800,SSI iBoard
2021-08-09,24.620000,25.440000,24.540000,25.440000,30419600,SSI iBoard
2021-08-10,25.640000,25.850000,25.130000,25.280000,23318400,SSI iBoard
2021-08-11,25.490000,25.490000,25.050000,25.050000,21895900,SSI iBoard
2021-08-12,25.030000,25.080000,24.770000,24.770000,21547600,SSI iBoard
2021-08-13,24.770000,24.930000,24.410000,24.900000,25809500,SSI iBoard
2021-08-16,25.080000,25.340000,25.050000,25.310000,22222700,SSI iBoard
2021-08-17,25.410000,26.050000,25.390000,25.800000,45483400,SSI iBoard
2021-08-18,25.850000,26.050000,25.540000,25.800000,20163600,SSI iBoard
2021-08-19,25.900000,26.260000,25.800000,26.050000,27506300,SSI iBoard
2021-08-20,26.000000,26.100000,24.670000,25.080000,49333500,SSI iBoard
2021-08-23,25.080000,25.080000,24.310000,24.310000,32825800,SSI iBoard
2021-08-24,24.360000,24.700000,24.310000,24.440000,21929400,SSI iBoard
2021-08-25,24.540000,24.820000,24.260000,24.770000,16402800,SSI iBoard
2021-08-26,24.870000,24.870000,24.340000,24.410000,13857800,SSI iBoard
2021-08-27,24.310000,24.490000,23.930000,24.360000,24491000,SSI iBoard
2021-08-30,24.570000,24.950000,24.390000,24.930000,17004600,SSI iBoard
2021-08-31,25.080000,25.440000,24.980000,25.230000,25872600,SSI iBoard
2021-09-01,25.080000,25.360000,25.030000,25.180000,15066500,SSI iBoard
2021-09-06,25.340000,26.310000,25.280000,26.210000,48098900,SSI iBoard
2021-09-07,26.410000,26.610000,25.900000,25.950000,31246800,SSI iBoard
2021-09-08,25.950000,26.560000,25.800000,26.260000,33040000,SSI iBoard
2021-09-09,26.410000,26.820000,26.360000,26.560000,36718200,SSI iBoard
2021-09-10,26.610000,26.720000,26.310000,26.360000,17217900,SSI iBoard
2021-09-13,26.360000,26.360000,25.950000,26.000000,27227400,SSI iBoard
2021-09-14,26.000000,26.100000,25.690000,25.740000,22432900,SSI iBoard
2021-09-15,25.640000,26.610000,25.540000,26.410000,25908900,SSI iBoard
2021-09-16,26.610000,26.770000,26.260000,26.260000,17982000,SSI iBoard
2021-09-17,26.310000,26.610000,26.260000,26.510000,24548600,SSI iBoard
2021-09-20,26.820000,26.820000,26.050000,26.260000,32328300,SSI iBoard
2021-09-21,25.900000,26.210000,25.690000,26.000000,28847000,SSI iBoard
2021-09-22,26.000000,26.150000,25.900000,26.050000,13143800,SSI iBoard
2021-09-23,26.260000,26.560000,26.050000,26.100000,17773400,SSI iBoard
2021-09-24,26.100000,26.460000,25.950000,26.000000,15884400,SSI iBoard
2021-09-27,26.310000,26.610000,26.000000,26.000000,28469400,SSI iBoard
2021-09-28,25.900000,26.970000,25.900000,26.920000,35611100,SSI iBoard
2021-09-29,26.970000,27.430000,26.920000,27.280000,34898800,SSI iBoard
2021-09-30,27.480000,27.480000,27.020000,27.080000,23148500,SSI iBoard
2021-10-01,27.080000,27.480000,26.970000,27.330000,30478300,SSI iBoard
2021-10-04,27.590000,28.610000,27.590000,28.410000,45357500,SSI iBoard
2021-10-05,28.410000,28.610000,28.200000,28.300000,26571500,SSI iBoard
2021-10-06,28.560000,28.820000,28.350000,28.710000,26766100,SSI iBoard
2021-10-07,28.870000,29.020000,28.410000,28.460000,26772300,SSI iBoard
2021-10-08,28.560000,28.760000,28.250000,28.510000,21693600,SSI iBoard
2021-10-11,28.710000,29.330000,28.510000,29.280000,25548600,SSI iBoard
2021-10-12,29.330000,29.480000,29.070000,29.170000,18107600,SSI iBoard
2021-10-13,29.170000,29.380000,28.920000,29.070000,15582700,SSI iBoard
2021-10-14,29.070000,29.380000,29.020000,29.070000,19279700,SSI iBoard
2021-10-15,29.330000,29.530000,29.170000,29.330000,18520000,SSI iBoard
2021-10-18,29.480000,29.890000,29.430000,29.630000,20737100,SSI iBoard
2021-10-19,29.480000,29.690000,29.220000,29.280000,23720900,SSI iBoard
2021-10-20,29.380000,29.430000,28.560000,29.120000,34660900,SSI iBoard
2021-10-21,29.280000,29.790000,28.970000,29.280000,39192300,SSI iBoard
2021-10-22,29.380000,29.580000,29.020000,29.020000,19849100,SSI iBoard
2021-10-25,28.920000,29.020000,28.200000,28.200000,41605900,SSI iBoard
2021-10-26,28.050000,28.820000,27.740000,28.820000,27910500,SSI iBoard
2021-10-27,28.820000,29.630000,28.820000,29.630000,28938100,SSI iBoard
2021-10-28,29.630000,29.790000,29.330000,29.690000,21923800,SSI iBoard
2021-10-29,29.690000,29.740000,29.220000,29.220000,23878000,SSI iBoard
2021-11-01,29.220000,29.220000,28.510000,28.510000,45218500,SSI iBoard
2021-11-02,28.410000,28.870000,28.250000,28.410000,25669500,SSI iBoard
2021-11-03,28.760000,28.820000,28.300000,28.460000,29867100,SSI iBoard
2021-11-04,28.460000,29.120000,28.460000,28.820000,14849100,SSI iBoard
2021-11-05,28.820000,29.170000,28.510000,28.970000,19377600,SSI iBoard
2021-11-08,29.120000,29.170000,28.760000,29.070000,21255400,SSI iBoard
2021-11-09,29.070000,29.480000,28.870000,28.920000,24717300,SSI iBoard
2021-11-10,28.920000,28.970000,28.250000,28.300000,43376600,SSI iBoard
2021-11-11,28.150000,28.300000,27.430000,27.640000,54292800,SSI iBoard
2021-11-12,27.590000,28.050000,27.540000,27.950000,20846900,SSI iBoard
2021-11-15,27.890000,27.950000,27.280000,27.430000,30647000,SSI iBoard
2021-11-16,27.280000,27.430000,26.610000,26.610000,39777000,SSI iBoard
2021-11-17,26.610000,26.920000,26.310000,26.310000,30002700,SSI iBoard
2021-11-18,26.310000,26.310000,25.390000,25.570000,58606300,SSI iBoard
2021-11-19,25.390000,25.440000,24.520000,24.570000,48471400,SSI iBoard
2021-11-22,24.670000,25.180000,24.570000,24.900000,22630400,SSI iBoard
2021-11-23,25.030000,25.490000,24.870000,25.360000,15649600,SSI iBoard
2021-11-24,25.340000,25.440000,24.820000,24.900000,27126800,SSI iBoard
2021-11-25,24.930000,25.260000,24.930000,25.210000,21763400,SSI iBoard
2021-11-26,25.230000,25.570000,25.080000,25.100000,26729700,SSI iBoard
2021-11-29,24.670000,25.030000,24.670000,24.770000,21801500,SSI iBoard
2021-11-30,25.050000,25.570000,24.820000,25.050000,22176200,SSI iBoard
2021-12-01,25.340000,25.340000,25.030000,25.080000,13823900,SSI iBoard
2021-12-02,25.180000,25.210000,24.870000,24.870000,12832300,SSI iBoard
2021-12-03,24.980000,25.160000,24.410000,24.410000,21682500,SSI iBoard
2021-12-06,24.310000,24.540000,23.290000,23.420000,34633900,SSI iBoard
2021-12-07,23.770000,24.360000,23.540000,24.360000,21935200,SSI iBoard
2021-12-08,24.520000,24.520000,24.080000,24.160000,11108800,SSI iBoard
2021-12-09,24.000000,24.210000,23.950000,24.110000,10320400,SSI iBoard
2021-12-10,24.080000,24.160000,23.750000,23.800000,19427400,SSI iBoard
2021-12-13,23.830000,24.130000,23.700000,23.830000,14309600,SSI iBoard
2021-12-14,23.830000,25.130000,23.650000,24.410000,35676800,SSI iBoard
2021-12-15,24.570000,24.870000,24.410000,24.460000,9045500,SSI iBoard
2021-12-16,24.620000,24.620000,24.210000,24.310000,11030000,SSI iBoard
2021-12-17,24.230000,24.340000,23.850000,23.900000,22015600,SSI iBoard
2021-12-20,23.900000,24.230000,23.800000,24.000000,9986400,SSI iBoard
2021-12-21,24.000000,24.030000,23.590000,23.590000,17094400,SSI iBoard
2021-12-22,23.700000,23.800000,23.080000,23.080000,24665900,SSI iBoard
2021-12-23,23.080000,23.080000,22.570000,23.010000,26674000,SSI iBoard
2021-12-24,23.190000,23.880000,23.160000,23.570000,19168600,SSI iBoard
2021-12-27,23.830000,23.850000,23.310000,23.490000,10675000,SSI iBoard
2021-12-28,23.490000,23.900000,23.340000,23.440000,12356700,SSI iBoard
2021-12-29,23.440000,23.700000,23.290000,23.440000,15118200,SSI iBoard
2021-12-30,23.700000,23.700000,23.390000,23.390000,10285000,SSI iBoard
2021-12-31,23.540000,23.880000,23.470000,23.750000,13781200,SSI iBoard
2022-01-04,23.950000,24.160000,23.850000,23.930000,20100700,SSI iBoard
2022-01-05,24.000000,24.230000,23.950000,23.950000,18760700,SSI iBoard
2022-01-06,23.800000,23.900000,23.590000,23.590000,17172700,SSI iBoard
2022-01-07,23.590000,23.650000,23.360000,23.440000,16335300,SSI iBoard
2022-01-10,23.470000,23.880000,23.290000,23.360000,17477500,SSI iBoard
2022-01-11,23.570000,23.570000,23.080000,23.080000,12758500,SSI iBoard
2022-01-12,23.130000,23.670000,23.110000,23.650000,14686700,SSI iBoard
2022-01-13,23.700000,24.210000,23.650000,23.900000,24990100,SSI iBoard
2022-01-14,23.800000,23.980000,23.650000,23.670000,7902000,SSI iBoard
2022-01-17,23.670000,23.800000,22.880000,22.880000,21661200,SSI iBoard
2022-01-18,22.780000,23.160000,22.010000,22.520000,21441900,SSI iBoard
2022-01-19,22.720000,22.800000,22.240000,22.260000,17705400,SSI iBoard
2022-01-20,22.420000,22.620000,22.160000,22.520000,14665400,SSI iBoard
2022-01-21,22.520000,22.750000,22.060000,22.160000,16277300,SSI iBoard
2022-01-24,22.060000,22.110000,20.830000,20.830000,29425200,SSI iBoard
2022-01-25,20.730000,22.160000,20.580000,22.140000,17887600,SSI iBoard
2022-01-26,22.260000,22.750000,22.240000,22.240000,15205400,SSI iBoard
2022-01-27,22.110000,22.260000,21.500000,21.570000,14700800,SSI iBoard
2022-01-28,21.620000,21.910000,21.340000,21.600000,14941600,SSI iBoard
2022-02-07,21.910000,22.370000,21.390000,22.030000,16609600,SSI iBoard
2022-02-08,22.010000,23.310000,22.010000,23.310000,26528800,SSI iBoard
2022-02-09,23.440000,24.720000,23.390000,24.210000,40297200,SSI iBoard
2022-02-10,24.260000,24.520000,23.900000,24.060000,23598200,SSI iBoard
2022-02-11,23.850000,24.310000,23.700000,24.130000,17343300,SSI iBoard
2022-02-14,23.800000,24.310000,23.620000,23.650000,18246700,SSI iBoard
2022-02-15,23.650000,23.830000,23.240000,23.540000,15564400,SSI iBoard
2022-02-16,23.590000,23.800000,23.340000,23.540000,9350300,SSI iBoard
2022-02-17,23.540000,23.930000,23.540000,23.800000,11353300,SSI iBoard
2022-02-18,23.650000,24.390000,23.570000,24.080000,21375700,SSI iBoard
2022-02-21,24.110000,24.310000,23.830000,23.880000,12177300,SSI iBoard
2022-02-22,23.700000,23.850000,23.390000,23.750000,17669600,SSI iBoard
2022-02-23,23.880000,24.160000,23.670000,23.900000,12981100,SSI iBoard
2022-02-24,23.930000,23.980000,23.080000,23.540000,22445800,SSI iBoard
2022-02-25,23.590000,23.720000,23.490000,23.490000,12775700,SSI iBoard
2022-02-28,23.570000,24.460000,23.570000,24.160000,35200100,SSI iBoard
2022-03-01,24.410000,24.620000,23.980000,24.000000,23374000,SSI iBoard
2022-03-02,24.060000,24.230000,23.850000,24.000000,19896100,SSI iBoard
2022-03-03,24.360000,25.640000,24.210000,25.640000,76236800,SSI iBoard
2022-03-04,26.100000,26.260000,25.490000,25.490000,33378900,SSI iBoard
2022-03-07,25.690000,26.870000,25.590000,26.150000,38456100,SSI iBoard
2022-03-08,25.900000,26.210000,25.310000,25.310000,40509400,SSI iBoard
2022-03-09,25.590000,25.740000,25.000000,25.510000,34775200,SSI iBoard
2022-03-10,25.590000,25.640000,25.130000,25.160000,26828300,SSI iBoard
2022-03-11,25.180000,25.230000,23.980000,24.360000,44340200,SSI iBoard
2022-03-14,24.210000,24.670000,23.440000,23.440000,33845300,SSI iBoard
2022-03-15,23.520000,23.900000,23.260000,23.620000,20864200,SSI iBoard
2022-03-16,24.000000,24.130000,23.650000,23.650000,11418800,SSI iBoard
2022-03-17,23.850000,23.900000,23.490000,23.520000,14957700,SSI iBoard
2022-03-18,23.650000,23.980000,23.570000,23.800000,17727600,SSI iBoard
2022-03-21,23.900000,24.160000,23.750000,23.980000,19313200,SSI iBoard
2022-03-22,24.000000,24.030000,23.700000,24.000000,22965400,SSI iBoard
2022-03-23,24.160000,24.290000,23.950000,23.950000,17291200,SSI iBoard
2022-03-24,24.060000,24.060000,23.720000,23.750000,14927500,SSI iBoard
2022-03-25,23.830000,24.030000,23.650000,23.750000,13444600,SSI iBoard
2022-03-28,23.590000,23.980000,23.440000,23.490000,19505200,SSI iBoard
2022-03-29,23.650000,23.670000,23.440000,23.470000,12986000,SSI iBoard
2022-03-30,23.440000,23.750000,23.240000,23.290000,15726700,SSI iBoard
2022-03-31,23.360000,23.520000,22.930000,23.080000,18892300,SSI iBoard
2022-04-01,23.030000,23.540000,22.780000,23.390000,19701900,SSI iBoard
2022-04-04,23.540000,23.700000,23.420000,23.470000,12156300,SSI iBoard
2022-04-05,23.540000,23.750000,23.520000,23.590000,12124200,SSI iBoard
2022-04-06,23.540000,24.540000,23.540000,24.180000,29707400,SSI iBoard
2022-04-07,24.310000,24.360000,23.830000,23.830000,14512900,SSI iBoard
2022-04-08,23.930000,24.080000,23.720000,23.750000,13738800,SSI iBoard
2022-04-12,23.800000,23.800000,23.060000,23.080000,18233500,SSI iBoard
2022-04-13,23.190000,23.260000,22.880000,23.130000,12712600,SSI iBoard
2022-04-14,23.190000,23.310000,22.980000,22.980000,12038800,SSI iBoard
2022-04-15,22.980000,23.030000,22.600000,22.620000,18378500,SSI iBoard
2022-04-18,22.550000,22.800000,21.830000,21.830000,23186000,SSI iBoard
2022-04-19,22.010000,22.470000,21.960000,22.160000,19054800,SSI iBoard
2022-04-20,22.260000,22.520000,22.060000,22.110000,13236800,SSI iBoard
2022-04-21,22.010000,22.570000,21.550000,22.190000,17812100,SSI iBoard
2022-04-22,22.520000,22.550000,21.680000,22.420000,12698000,SSI iBoard
2022-04-25,22.420000,22.420000,20.860000,20.860000,29055100,SSI iBoard
2022-04-26,20.550000,21.190000,20.270000,21.090000,23280100,SSI iBoard
2022-04-27,21.090000,21.960000,21.040000,21.750000,18780400,SSI iBoard
2022-04-28,21.750000,22.240000,21.750000,22.060000,13611800,SSI iBoard
2022-04-29,21.960000,22.210000,21.930000,22.160000,12347800,SSI iBoard
2022-05-04,22.160000,22.160000,21.500000,21.500000,14901300,SSI iBoard
2022-05-05,21.800000,21.800000,21.240000,21.520000,13817300,SSI iBoard
2022-05-06,21.190000,22.010000,21.190000,21.390000,15010600,SSI iBoard
2022-05-09,21.240000,21.450000,20.450000,20.450000,26283600,SSI iBoard
2022-05-10,20.220000,21.040000,19.810000,21.040000,19440000,SSI iBoard
2022-05-11,20.980000,21.140000,20.750000,20.810000,9559800,SSI iBoard
2022-05-12,20.780000,20.810000,19.580000,19.580000,25252600,SSI iBoard
2022-05-13,19.530000,19.730000,18.300000,18.370000,42997700,SSI iBoard
2022-05-16,18.960000,19.190000,18.580000,18.580000,29389700,SSI iBoard
2022-05-17,18.530000,19.550000,18.430000,19.550000,23415100,SSI iBoard
2022-05-18,19.650000,19.810000,19.370000,19.550000,16073200,SSI iBoard
2022-05-19,19.090000,19.500000,18.860000,19.400000,16040000,SSI iBoard
2022-05-20,19.300000,19.350000,19.070000,19.270000,13929400,SSI iBoard
2022-05-23,19.420000,19.550000,18.580000,18.810000,10178900,SSI iBoard
2022-05-24,18.810000,18.940000,17.500000,17.860000,42201300,SSI iBoard
2022-05-25,17.660000,17.890000,16.920000,17.630000,39418000,SSI iBoard
2022-05-26,17.910000,18.220000,17.680000,17.910000,16225800,SSI iBoard
2022-05-27,17.910000,18.370000,17.810000,18.140000,17591900,SSI iBoard
2022-05-30,18.170000,18.350000,18.070000,18.140000,15054500,SSI iBoard
2022-05-31,18.090000,18.090000,17.660000,17.760000,18840200,SSI iBoard
2022-06-01,17.660000,17.810000,17.300000,17.580000,21644600,SSI iBoard
2022-06-02,17.400000,17.560000,16.920000,16.970000,25380600,SSI iBoard
2022-06-03,17.040000,17.400000,17.020000,17.090000,14709900,SSI iBoard
2022-06-06,17.480000,17.530000,16.940000,17.040000,17769400,SSI iBoard
2022-06-07,17.040000,17.170000,16.710000,16.990000,19376400,SSI iBoard
2022-06-08,17.040000,17.120000,16.760000,16.840000,24841800,SSI iBoard
2022-06-09,16.840000,17.680000,16.760000,17.300000,26979900,SSI iBoard
2022-06-10,17.300000,17.530000,17.200000,17.200000,15182300,SSI iBoard
2022-06-13,16.890000,17.150000,16.220000,16.280000,21236000,SSI iBoard
2022-06-14,16.120000,16.150000,15.460000,15.510000,28438400,SSI iBoard
2022-06-15,15.410000,15.820000,14.770000,15.050000,28702400,SSI iBoard
2022-06-16,15.430000,16.050000,15.300000,15.870000,33385900,SSI iBoard
2022-06-17,15.860000,15.890000,14.840000,15.690000,30237200,SSI iBoard
2022-06-20,15.390000,15.550000,14.610000,14.610000,37272900,SSI iBoard
2022-06-21,14.440000,14.540000,13.860000,14.070000,39935100,SSI iBoard
2022-06-22,14.100000,14.880000,14.100000,14.540000,21442500,SSI iBoard
2022-06-23,14.540000,14.780000,14.540000,14.740000,6926200,SSI iBoard
2022-06-24,14.780000,15.220000,14.680000,14.740000,12828800,SSI iBoard
2022-06-27,14.880000,15.490000,14.440000,15.490000,20739600,SSI iBoard
2022-06-28,15.450000,15.450000,15.050000,15.220000,17838300,SSI iBoard
2022-06-29,15.080000,15.660000,14.950000,15.390000,20190300,SSI iBoard
2022-06-30,15.490000,15.830000,15.080000,15.080000,19950600,SSI iBoard
2022-07-01,15.080000,15.280000,14.570000,15.150000,15200000,SSI iBoard
2022-07-04,15.320000,15.320000,14.880000,14.880000,12443200,SSI iBoard
2022-07-05,14.950000,15.120000,14.710000,14.810000,15093400,SSI iBoard
2022-07-06,14.680000,15.050000,14.410000,14.510000,18233600,SSI iBoard
2022-07-07,14.510000,14.710000,14.470000,14.710000,10828000,SSI iBoard
2022-07-08,14.880000,15.250000,14.880000,15.180000,19504900,SSI iBoard
2022-07-11,15.150000,15.320000,14.840000,14.910000,12476400,SSI iBoard
2022-07-12,14.910000,15.220000,14.840000,15.080000,12146500,SSI iBoard
2022-07-13,15.010000,15.420000,14.980000,15.080000,17855700,SSI iBoard
2022-07-14,15.010000,15.150000,14.950000,15.010000,12520300,SSI iBoard
2022-07-15,15.120000,15.890000,15.120000,15.690000,47697200,SSI iBoard
2022-07-18,15.690000,15.760000,15.220000,15.280000,19929000,SSI iBoard
2022-07-19,15.220000,15.280000,14.950000,14.980000,16276900,SSI iBoard
2022-07-20,15.120000,15.390000,15.080000,15.120000,16893100,SSI iBoard
2022-07-21,15.120000,15.550000,15.080000,15.350000,23043400,SSI iBoard
2022-07-22,15.350000,15.420000,15.010000,15.010000,16642200,SSI iBoard
2022-07-25,15.010000,15.080000,14.740000,14.810000,20722100,SSI iBoard
2022-07-26,14.740000,14.880000,14.610000,14.640000,26378200,SSI iBoard
2022-07-27,14.510000,14.540000,14.240000,14.370000,28601000,SSI iBoard
2022-07-28,14.540000,14.680000,14.370000,14.470000,23510500,SSI iBoard
2022-07-29,14.610000,14.840000,14.540000,14.540000,20587600,SSI iBoard
2022-08-01,14.680000,15.450000,14.610000,15.420000,38143900,SSI iBoard
2022-08-02,15.490000,15.660000,15.350000,15.490000,27729900,SSI iBoard
2022-08-03,15.350000,16.130000,15.280000,16.060000,58846000,SSI iBoard
2022-08-04,16.160000,16.200000,15.890000,15.990000,30031900,SSI iBoard
2022-08-05,15.830000,15.990000,15.660000,15.760000,42516600,SSI iBoard
2022-08-08,15.830000,16.160000,15.760000,15.960000,30365700,SSI iBoard
2022-08-09,16.160000,16.430000,15.990000,16.300000,48222600,SSI iBoard
2022-08-10,16.230000,16.500000,16.100000,16.100000,30124400,SSI iBoard
2022-08-11,16.260000,16.330000,15.760000,15.830000,34352700,SSI iBoard
2022-08-12,15.760000,16.260000,15.720000,16.200000,33797300,SSI iBoard
2022-08-15,16.300000,16.370000,16.100000,16.230000,31513400,SSI iBoard
2022-08-16,16.230000,16.700000,16.230000,16.600000,65490300,SSI iBoard
2022-08-17,16.640000,16.670000,16.330000,16.430000,27443900,SSI iBoard
2022-08-18,16.300000,16.470000,16.260000,16.330000,23215100,SSI iBoard
2022-08-19,16.300000,16.400000,15.990000,16.060000,31457200,SSI iBoard
2022-08-22,15.990000,16.060000,15.660000,15.790000,23798700,SSI iBoard
2022-08-23,15.620000,15.990000,15.620000,15.990000,16687400,SSI iBoard
2022-08-24,15.990000,16.060000,15.890000,15.890000,12125400,SSI iBoard
2022-08-25,16.060000,16.260000,15.960000,16.130000,18259100,SSI iBoard
2022-08-26,16.230000,16.230000,15.890000,15.890000,16469800,SSI iBoard
2022-08-29,15.590000,15.720000,15.320000,15.550000,32468000,SSI iBoard
2022-08-30,15.620000,15.760000,15.520000,15.590000,15309700,SSI iBoard
2022-08-31,15.550000,15.660000,15.390000,15.550000,14977400,SSI iBoard
2022-09-05,15.590000,16.300000,15.590000,16.160000,26282100,SSI iBoard
2022-09-06,16.230000,16.370000,15.930000,15.930000,15332900,SSI iBoard
2022-09-07,15.930000,16.100000,15.550000,15.550000,25025500,SSI iBoard
2022-09-08,15.690000,15.860000,15.490000,15.620000,20365500,SSI iBoard
2022-09-09,15.790000,16.100000,15.620000,16.100000,26048100,SSI iBoard
2022-09-12,16.160000,16.430000,16.100000,16.100000,26170900,SSI iBoard
2022-09-13,16.060000,16.230000,15.890000,16.030000,14681300,SSI iBoard
2022-09-14,15.720000,16.100000,15.720000,16.030000,27029100,SSI iBoard
2022-09-15,16.160000,16.160000,15.860000,15.960000,13730400,SSI iBoard
2022-09-16,15.830000,15.960000,15.550000,15.550000,27510700,SSI iBoard
2022-09-19,15.620000,15.720000,15.180000,15.320000,27479100,SSI iBoard
2022-09-20,15.420000,15.550000,15.280000,15.550000,11511000,SSI iBoard
2022-09-21,15.490000,15.520000,15.350000,15.490000,9916300,SSI iBoard
2022-09-22,15.350000,15.620000,15.320000,15.550000,11594200,SSI iBoard
2022-09-23,15.590000,15.690000,15.350000,15.350000,14593100,SSI iBoard
2022-09-26,15.180000,15.280000,14.780000,15.150000,25875600,SSI iBoard
2022-09-27,15.180000,15.220000,14.950000,15.150000,9010600,SSI iBoard
2022-09-28,15.010000,15.180000,14.610000,14.740000,14067800,SSI iBoard
2022-09-29,14.980000,15.080000,14.640000,14.640000,10331300,SSI iBoard
2022-09-30,14.540000,14.640000,14.000000,14.340000,23369500,SSI iBoard
2022-10-03,14.340000,14.340000,13.360000,13.360000,33572400,SSI iBoard
2022-10-04,13.590000,13.690000,12.610000,12.750000,30510400,SSI iBoard
2022-10-05,12.980000,13.090000,12.750000,12.980000,25316500,SSI iBoard
2022-10-06,13.050000,13.050000,12.170000,12.170000,37464800,SSI iBoard
2022-10-07,11.940000,12.040000,11.530000,11.900000,36474800,SSI iBoard
2022-10-10,11.700000,12.580000,11.630000,12.410000,25059200,SSI iBoard
2022-10-11,12.440000,12.440000,11.730000,11.840000,26448700,SSI iBoard
2022-10-12,12.040000,12.650000,11.840000,12.650000,28996700,SSI iBoard
2022-10-13,12.710000,13.260000,12.550000,13.190000,24198100,SSI iBoard
2022-10-14,13.360000,13.460000,13.050000,13.150000,22588600,SSI iBoard
2022-10-17,13.020000,13.090000,12.780000,13.020000,17061300,SSI iBoard
2022-10-18,13.190000,13.320000,12.650000,12.750000,24387600,SSI iBoard
2022-10-19,12.750000,12.750000,12.410000,12.440000,20235600,SSI iBoard
2022-10-20,12.410000,12.580000,12.210000,12.240000,26033000,SSI iBoard
2022-10-21,12.380000,12.380000,11.430000,11.430000,45155900,SSI iBoard
2022-10-24,11.500000,11.530000,10.960000,11.090000,27973100,SSI iBoard
2022-10-25,11.090000,11.840000,10.850000,11.560000,31109500,SSI iBoard
2022-10-26,11.500000,11.770000,11.400000,11.430000,11243700,SSI iBoard
2022-10-27,11.460000,11.900000,11.430000,11.770000,21366800,SSI iBoard
2022-10-28,11.770000,11.940000,11.360000,11.360000,31204100,SSI iBoard
2022-10-31,10.580000,10.820000,10.580000,10.580000,66298200,SSI iBoard
2022-11-01,10.650000,10.820000,10.010000,10.140000,81552300,SSI iBoard
2022-11-02,10.140000,10.620000,10.140000,10.380000,40121700,SSI iBoard
2022-11-03,10.310000,10.450000,10.210000,10.280000,20629700,SSI iBoard
2022-11-04,10.140000,10.250000,9.810000,9.910000,43889600,SSI iBoard
2022-11-07,9.840000,10.010000,9.270000,9.270000,38263100,SSI iBoard
2022-11-08,8.860000,9.270000,8.790000,8.890000,46273800,SSI iBoard
2022-11-09,8.930000,9.200000,8.760000,8.790000,32786100,SSI iBoard
2022-11-10,8.590000,8.660000,8.180000,8.180000,79749500,SSI iBoard
2022-11-11,8.320000,8.560000,8.120000,8.320000,60716100,SSI iBoard
2022-11-14,8.220000,8.420000,8.010000,8.250000,60270100,SSI iBoard
2022-11-15,8.120000,8.490000,8.120000,8.450000,40416800,SSI iBoard
2022-11-16,8.320000,9.030000,7.980000,9.030000,34902600,SSI iBoard
2022-11-17,9.400000,9.640000,9.330000,9.640000,21514200,SSI iBoard
2022-11-18,9.870000,10.280000,9.640000,10.210000,99658800,SSI iBoard
2022-11-21,10.280000,10.310000,9.980000,10.110000,31604900,SSI iBoard
2022-11-22,9.910000,10.450000,9.770000,10.010000,43246700,SSI iBoard
2022-11-23,9.940000,10.040000,9.330000,9.330000,30303500,SSI iBoard
2022-11-24,9.270000,9.740000,9.200000,9.700000,31115600,SSI iBoard
2022-11-25,9.870000,10.350000,9.700000,10.350000,26533900,SSI iBoard
2022-11-28,10.550000,11.060000,10.550000,11.060000,58844900,SSI iBoard
2022-11-29,11.230000,11.800000,11.060000,11.770000,64305500,SSI iBoard
2022-11-30,11.870000,12.440000,11.630000,12.440000,57721500,SSI iBoard
2022-12-01,12.680000,13.290000,12.170000,12.310000,66587500,SSI iBoard
2022-12-02,12.170000,13.150000,12.040000,13.150000,45683100,SSI iBoard
2022-12-05,13.390000,13.800000,13.190000,13.530000,46513800,SSI iBoard
2022-12-06,13.460000,13.490000,12.580000,12.580000,62775400,SSI iBoard
2022-12-07,12.170000,12.950000,11.970000,12.340000,34619700,SSI iBoard
2022-12-08,12.780000,13.090000,12.510000,12.780000,29943600,SSI iBoard
2022-12-09,12.780000,13.150000,12.510000,12.980000,34549800,SSI iBoard
2022-12-12,12.980000,13.220000,12.580000,12.580000,35832500,SSI iBoard
2022-12-13,12.580000,12.850000,12.340000,12.850000,24343000,SSI iBoard
2022-12-14,13.090000,13.260000,12.850000,12.980000,34285300,SSI iBoard
2022-12-15,12.920000,13.290000,12.920000,13.090000,20983100,SSI iBoard
2022-12-16,12.980000,13.830000,12.820000,13.800000,55383800,SSI iBoard
2022-12-19,13.930000,14.370000,13.530000,13.530000,48039600,SSI iBoard
2022-12-20,13.390000,13.590000,12.680000,12.850000,45551800,SSI iBoard
2022-12-21,13.120000,13.150000,12.240000,12.780000,27702200,SSI iBoard
2022-12-22,12.920000,13.260000,12.650000,12.780000,18965200,SSI iBoard
2022-12-23,12.750000,12.780000,12.240000,12.410000,24810700,SSI iBoard
2022-12-26,12.380000,12.380000,11.560000,11.560000,31370000,SSI iBoard
2022-12-27,11.560000,12.340000,11.560000,12.340000,23655000,SSI iBoard
2022-12-28,12.440000,12.510000,12.140000,12.310000,14311200,SSI iBoard
2022-12-29,12.380000,12.510000,12.070000,12.170000,17422800,SSI iBoard
2022-12-30,12.240000,12.480000,12.110000,12.170000,14452800,SSI iBoard
2023-01-03,12.380000,13.020000,12.310000,13.020000,27990600,SSI iBoard
2023-01-04,13.150000,13.390000,13.050000,13.120000,20230000,SSI iBoard
2023-01-05,13.120000,13.530000,12.950000,13.390000,21502200,SSI iBoard
2023-01-06,13.320000,13.590000,12.980000,13.120000,19630100,SSI iBoard
2023-01-09,13.390000,13.590000,13.190000,13.260000,16185000,SSI iBoard
2023-01-10,13.260000,13.590000,12.980000,13.390000,26852100,SSI iBoard
2023-01-11,13.530000,13.900000,13.460000,13.660000,25709300,SSI iBoard
2023-01-12,13.590000,13.690000,13.460000,13.560000,20172900,SSI iBoard
2023-01-13,13.690000,13.760000,13.460000,13.490000,19174700,SSI iBoard
2023-01-16,13.530000,13.970000,13.490000,13.690000,22319700,SSI iBoard
2023-01-17,13.830000,14.640000,13.830000,14.640000,41584700,SSI iBoard
2023-01-18,14.880000,14.910000,14.570000,14.680000,25850200,SSI iBoard
2023-01-19,14.610000,14.780000,14.100000,14.300000,43940400,SSI iBoard
2023-01-27,14.200000,14.570000,14.100000,14.540000,26524400,SSI iBoard
2023-01-30,14.680000,15.010000,14.440000,14.710000,42341300,SSI iBoard
2023-01-31,14.810000,14.950000,14.680000,14.950000,28105900,SSI iBoard
2023-02-01,15.010000,15.320000,14.200000,14.270000,51905400,SSI iBoard
2023-02-02,14.340000,14.680000,14.270000,14.410000,25388600,SSI iBoard
2023-02-03,14.510000,14.570000,14.200000,14.270000,20956300,SSI iBoard
2023-02-06,14.270000,14.300000,13.900000,14.300000,22282300,SSI iBoard
2023-02-07,14.300000,14.340000,13.320000,13.360000,43379400,SSI iBoard
2023-02-08,13.360000,14.270000,13.360000,14.100000,33812500,SSI iBoard
2023-02-09,14.200000,14.370000,13.930000,13.930000,16343900,SSI iBoard
2023-02-10,14.000000,14.070000,13.630000,13.860000,15828700,SSI iBoard
2023-02-13,13.800000,13.800000,13.360000,13.660000,18741800,SSI iBoard
2023-02-14,13.730000,14.130000,13.690000,13.930000,17294600,SSI iBoard
2023-02-15,13.930000,14.240000,13.690000,14.070000,20076200,SSI iBoard
2023-02-16,14.170000,14.470000,13.930000,14.410000,23914900,SSI iBoard
2023-02-17,14.410000,14.440000,14.200000,14.200000,12287900,SSI iBoard
2023-02-20,14.200000,14.810000,14.200000,14.810000,24741700,SSI iBoard
2023-02-21,14.910000,15.080000,14.610000,14.610000,20643100,SSI iBoard
2023-02-22,14.470000,14.950000,14.340000,14.340000,32634400,SSI iBoard
2023-02-23,14.300000,14.540000,13.800000,14.540000,33590000,SSI iBoard
2023-02-24,14.540000,14.540000,13.970000,14.070000,14597600,SSI iBoard
2023-02-27,13.800000,13.900000,13.490000,13.590000,31316100,SSI iBoard
2023-02-28,13.830000,13.860000,13.460000,13.530000,15217600,SSI iBoard
2023-03-01,13.530000,14.130000,13.390000,14.130000,18619900,SSI iBoard
2023-03-02,14.200000,14.270000,13.930000,13.930000,8867400,SSI iBoard
2023-03-03,14.070000,14.270000,13.760000,13.760000,13608400,SSI iBoard
2023-03-06,13.970000,14.100000,13.800000,13.800000,11366800,SSI iBoard
2023-03-07,13.930000,14.440000,13.900000,14.270000,29323900,SSI iBoard
2023-03-08,14.130000,14.340000,14.070000,14.340000,16159600,SSI iBoard
2023-03-09,14.340000,14.570000,14.340000,14.340000,23274800,SSI iBoard
2023-03-10,14.300000,14.510000,14.200000,14.410000,22458300,SSI iBoard
2023-03-13,14.240000,14.470000,14.130000,14.270000,20930300,SSI iBoard
2023-03-14,14.240000,14.270000,13.660000,13.730000,30865700,SSI iBoard
2023-03-15,14.070000,14.410000,13.930000,14.410000,26779400,SSI iBoard
2023-03-16,14.200000,14.270000,13.860000,14.100000,30247400,SSI iBoard
2023-03-17,14.240000,14.240000,13.800000,13.800000,33958600,SSI iBoard
2023-03-20,13.800000,13.930000,13.530000,13.530000,22988900,SSI iBoard
2023-03-21,13.660000,13.900000,13.420000,13.830000,19060600,SSI iBoard
2023-03-22,13.900000,13.930000,13.630000,13.730000,12857700,SSI iBoard
2023-03-23,13.660000,13.800000,13.560000,13.800000,10743900,SSI iBoard
2023-03-24,13.830000,13.860000,13.730000,13.800000,13689600,SSI iBoard
2023-03-27,13.800000,14.130000,13.760000,14.070000,20268000,SSI iBoard
2023-03-28,14.130000,14.200000,14.000000,14.000000,12329100,SSI iBoard
2023-03-29,14.000000,14.270000,14.000000,14.070000,17942900,SSI iBoard
2023-03-30,14.200000,14.300000,14.030000,14.070000,20958100,SSI iBoard
2023-03-31,14.070000,14.130000,13.760000,14.070000,23770300,SSI iBoard
2023-04-03,14.240000,14.270000,14.100000,14.200000,21370500,SSI iBoard
2023-04-04,14.300000,14.340000,14.170000,14.270000,19864400,SSI iBoard
2023-04-05,14.270000,14.540000,14.170000,14.540000,25522700,SSI iBoard
2023-04-06,14.570000,14.810000,14.470000,14.540000,27838900,SSI iBoard
2023-04-07,14.540000,14.610000,14.270000,14.340000,18563000,SSI iBoard
2023-04-10,14.370000,14.440000,13.930000,14.000000,26545700,SSI iBoard
2023-04-11,14.000000,14.100000,13.930000,14.070000,14416200,SSI iBoard
2023-04-12,14.130000,14.130000,13.970000,14.030000,10638200,SSI iBoard
2023-04-13,14.070000,14.070000,13.760000,13.830000,14712400,SSI iBoard
2023-04-14,13.900000,14.100000,13.860000,13.970000,13607900,SSI iBoard
2023-04-17,13.930000,14.130000,13.930000,14.100000,9275500,SSI iBoard
2023-04-18,14.130000,14.200000,14.070000,14.170000,11571700,SSI iBoard
2023-04-19,14.240000,14.240000,14.070000,14.070000,10479100,SSI iBoard
2023-04-20,14.070000,14.130000,14.030000,14.070000,6549700,SSI iBoard
2023-04-21,14.070000,14.100000,14.000000,14.000000,11143900,SSI iBoard
2023-04-24,14.000000,14.070000,13.900000,13.970000,10575100,SSI iBoard
2023-04-25,14.070000,14.370000,14.000000,14.240000,18462200,SSI iBoard
2023-04-26,14.240000,14.880000,14.130000,14.880000,26818700,SSI iBoard
2023-04-27,14.880000,14.880000,14.610000,14.680000,17137300,SSI iBoard
2023-04-28,14.680000,14.740000,14.470000,14.640000,15751900,SSI iBoard
2023-05-04,14.510000,14.610000,14.340000,14.410000,16542400,SSI iBoard
2023-05-05,14.410000,14.680000,14.340000,14.510000,10786600,SSI iBoard
2023-05-08,14.570000,14.710000,14.510000,14.610000,10451200,SSI iBoard
2023-05-09,14.610000,14.980000,14.610000,14.740000,22413800,SSI iBoard
2023-05-10,14.740000,14.810000,14.640000,14.680000,8739000,SSI iBoard
2023-05-11,14.740000,14.840000,14.610000,14.710000,13640100,SSI iBoard
2023-05-12,14.710000,15.220000,14.610000,15.120000,45105300,SSI iBoard
2023-05-15,15.180000,15.280000,14.950000,14.950000,17693100,SSI iBoard
2023-05-16,14.950000,15.080000,14.810000,14.880000,17805000,SSI iBoard
2023-05-17,14.880000,14.950000,14.710000,14.740000,25998700,SSI iBoard
2023-05-18,14.810000,15.010000,14.740000,14.840000,18610700,SSI iBoard
2023-05-19,14.880000,14.950000,14.640000,14.740000,11513300,SSI iBoard
2023-05-22,14.740000,14.950000,14.710000,14.810000,14869400,SSI iBoard
2023-05-23,14.840000,14.910000,14.610000,14.680000,13620100,SSI iBoard
2023-05-24,14.810000,14.810000,14.410000,14.410000,20272100,SSI iBoard
2023-05-25,14.410000,14.510000,14.340000,14.340000,13258500,SSI iBoard
2023-05-26,14.410000,14.470000,14.100000,14.270000,16088200,SSI iBoard
2023-05-29,14.410000,14.510000,14.340000,14.510000,11091800,SSI iBoard
2023-05-30,14.540000,14.610000,14.370000,14.440000,13457900,SSI iBoard
2023-05-31,14.470000,14.510000,14.300000,14.340000,13085700,SSI iBoard
2023-06-01,14.300000,14.470000,14.240000,14.470000,10836200,SSI iBoard
2023-06-02,14.540000,14.740000,14.510000,14.610000,18866500,SSI iBoard
2023-06-05,14.740000,14.910000,14.610000,14.640000,20044300,SSI iBoard
2023-06-06,14.680000,14.780000,14.570000,14.710000,11799900,SSI iBoard
2023-06-07,14.880000,15.420000,14.880000,15.280000,55514600,SSI iBoard
2023-06-08,15.350000,15.660000,15.350000,15.420000,42521400,SSI iBoard
2023-06-09,15.420000,15.490000,15.220000,15.490000,23873600,SSI iBoard
2023-06-12,15.620000,15.660000,15.220000,15.520000,22219200,SSI iBoard
2023-06-13,15.550000,15.860000,15.490000,15.830000,36944400,SSI iBoard
2023-06-14,15.860000,15.860000,15.620000,15.620000,23475800,SSI iBoard
2023-06-15,15.550000,15.720000,15.550000,15.660000,17473300,SSI iBoard
2023-06-16,15.720000,16.100000,15.660000,15.860000,33010000,SSI iBoard
2023-06-19,15.860000,15.890000,15.760000,15.790000,13180900,SSI iBoard
2023-06-20,15.790000,15.990000,15.760000,15.990000,14608300,SSI iBoard
2023-06-21,16.030000,16.670000,15.890000,16.640000,35605900,SSI iBoard
2023-06-22,16.700000,16.870000,16.470000,16.810000,23036300,SSI iBoard
2023-06-23,16.810000,17.280000,16.740000,17.180000,29157300,SSI iBoard
2023-06-26,17.180000,17.250000,16.700000,17.040000,20399200,SSI iBoard
2023-06-27,17.140000,17.450000,16.980000,17.450000,19943100,SSI iBoard
2023-06-28,17.580000,18.060000,17.520000,17.990000,30313300,SSI iBoard
2023-06-29,18.020000,18.060000,17.450000,17.450000,36803700,SSI iBoard
2023-06-30,17.380000,17.720000,17.350000,17.690000,23068600,SSI iBoard
2023-07-03,17.720000,17.890000,17.520000,17.720000,17057100,SSI iBoard
2023-07-04,17.690000,17.750000,17.520000,17.750000,19728200,SSI iBoard
2023-07-05,17.850000,18.400000,17.750000,18.230000,31804000,SSI iBoard
2023-07-06,18.190000,18.360000,17.920000,18.260000,27611200,SSI iBoard
2023-07-07,18.190000,18.560000,17.920000,18.560000,22614600,SSI iBoard
2023-07-10,18.560000,18.900000,18.500000,18.730000,24267700,SSI iBoard
2023-07-11,18.800000,18.970000,18.430000,18.460000,24014300,SSI iBoard
2023-07-12,18.460000,18.560000,18.020000,18.260000,27758200,SSI iBoard
2023-07-13,18.600000,18.600000,18.190000,18.290000,14006900,SSI iBoard
2023-07-14,18.360000,18.600000,18.290000,18.600000,17078400,SSI iBoard
2023-07-17,18.730000,18.770000,18.400000,18.460000,12534900,SSI iBoard
2023-07-18,18.460000,18.500000,18.290000,18.400000,12402500,SSI iBoard
2023-07-19,18.330000,18.730000,18.290000,18.530000,15378300,SSI iBoard
2023-07-20,18.460000,19.070000,18.460000,19.070000,30865300,SSI iBoard
2023-07-21,19.170000,19.210000,19.000000,19.210000,18455900,SSI iBoard
2023-07-24,19.240000,19.340000,18.940000,19.110000,17164400,SSI iBoard
2023-07-25,19.110000,19.170000,18.940000,19.110000,20225200,SSI iBoard
2023-07-26,19.110000,19.240000,19.040000,19.210000,22868600,SSI iBoard
2023-07-27,19.210000,19.410000,19.000000,19.210000,21315900,SSI iBoard
2023-07-28,19.210000,19.340000,19.040000,19.140000,22702200,SSI iBoard
2023-07-31,19.070000,19.110000,18.500000,19.070000,45529400,SSI iBoard
2023-08-01,19.000000,19.000000,18.600000,18.600000,28011400,SSI iBoard
2023-08-02,18.530000,18.830000,18.430000,18.600000,18524000,SSI iBoard
2023-08-03,18.500000,18.600000,17.920000,18.160000,58029600,SSI iBoard
2023-08-04,18.120000,18.600000,18.120000,18.500000,22170700,SSI iBoard
2023-08-07,18.630000,18.770000,18.460000,18.630000,23091900,SSI iBoard
2023-08-08,18.670000,18.870000,18.360000,18.400000,25568400,SSI iBoard
2023-08-09,18.400000,18.830000,18.290000,18.800000,42662800,SSI iBoard
2023-08-10,18.870000,18.870000,18.460000,18.500000,17064700,SSI iBoard
2023-08-11,18.530000,18.770000,18.360000,18.730000,23382000,SSI iBoard
2023-08-14,18.800000,19.170000,18.700000,19.040000,44946400,SSI iBoard
2023-08-15,19.040000,19.110000,18.830000,18.900000,17938500,SSI iBoard
2023-08-16,18.900000,18.940000,18.700000,18.900000,14994500,SSI iBoard
2023-08-17,18.940000,19.410000,18.940000,19.000000,46604700,SSI iBoard
2023-08-18,18.870000,18.940000,17.720000,17.920000,46358400,SSI iBoard
2023-08-21,17.890000,17.960000,17.520000,17.720000,31441300,SSI iBoard
2023-08-22,17.720000,17.820000,16.980000,17.690000,35171700,SSI iBoard
2023-08-23,17.820000,17.890000,17.350000,17.350000,21774300,SSI iBoard
2023-08-24,17.350000,17.790000,17.310000,17.790000,16596900,SSI iBoard
2023-08-25,17.720000,17.850000,17.550000,17.550000,21847700,SSI iBoard
2023-08-28,17.580000,18.160000,17.580000,18.160000,22819800,SSI iBoard
2023-08-29,18.190000,18.360000,18.060000,18.260000,17969600,SSI iBoard
2023-08-30,18.260000,18.430000,18.090000,18.400000,20143600,SSI iBoard
2023-08-31,18.530000,18.870000,18.460000,18.670000,25934100,SSI iBoard
2023-09-05,18.800000,18.900000,18.430000,18.800000,24501600,SSI iBoard
2023-09-06,18.770000,19.610000,18.530000,19.610000,52574600,SSI iBoard
2023-09-07,19.610000,19.820000,19.270000,19.380000,33671800,SSI iBoard
2023-09-08,19.270000,19.710000,19.210000,19.440000,33793700,SSI iBoard
2023-09-11,19.610000,19.650000,18.770000,18.940000,47697500,SSI iBoard
2023-09-12,18.940000,19.440000,18.730000,19.440000,22615400,SSI iBoard
2023-09-13,19.480000,19.880000,19.110000,19.210000,49193400,SSI iBoard
2023-09-14,19.210000,19.310000,18.770000,18.800000,34684000,SSI iBoard
2023-09-15,18.870000,19.000000,18.670000,18.670000,24750600,SSI iBoard
2023-09-18,18.670000,19.000000,18.400000,18.670000,20891200,SSI iBoard
2023-09-19,18.940000,19.040000,18.600000,19.040000,21032900,SSI iBoard
2023-09-20,19.040000,19.310000,18.970000,19.210000,26600700,SSI iBoard
2023-09-21,19.210000,19.680000,19.040000,19.210000,42921200,SSI iBoard
2023-09-22,18.770000,18.900000,18.090000,18.460000,50583500,SSI iBoard
2023-09-25,18.260000,18.600000,17.380000,17.580000,36873300,SSI iBoard
2023-09-26,17.480000,18.120000,17.480000,17.720000,30838600,SSI iBoard
2023-09-27,17.690000,18.060000,17.690000,17.920000,20325300,SSI iBoard
2023-09-28,17.990000,18.160000,17.720000,17.990000,16562600,SSI iBoard
2023-09-29,18.120000,18.160000,17.750000,17.790000,15019100,SSI iBoard
2023-10-02,17.790000,17.890000,17.580000,17.720000,11412300,SSI iBoard
2023-10-03,17.650000,17.650000,16.700000,16.770000,40638000,SSI iBoard
2023-10-04,16.570000,17.250000,16.230000,17.080000,21095200,SSI iBoard
2023-10-05,17.180000,17.250000,16.810000,16.840000,10424100,SSI iBoard
2023-10-06,16.810000,17.110000,16.670000,16.870000,15250000,SSI iBoard
2023-10-09,16.870000,17.310000,16.870000,17.250000,11432000,SSI iBoard
2023-10-10,17.380000,17.750000,17.310000,17.580000,20004700,SSI iBoard
2023-10-11,17.690000,17.750000,17.450000,17.720000,13502200,SSI iBoard
2023-10-12,17.790000,17.790000,17.310000,17.450000,22054300,SSI iBoard
2023-10-13,17.310000,17.410000,16.940000,17.410000,19572000,SSI iBoard
2023-10-16,17.410000,17.450000,16.910000,16.910000,16205000,SSI iBoard
2023-10-17,17.040000,17.210000,16.770000,16.770000,14705500,SSI iBoard
2023-10-18,16.770000,16.870000,15.690000,16.230000,30930100,SSI iBoard
2023-10-19,16.300000,16.370000,15.860000,16.030000,20808100,SSI iBoard
2023-10-20,16.030000,16.470000,15.790000,16.470000,16369100,SSI iBoard
2023-10-23,16.470000,16.470000,16.030000,16.230000,11948700,SSI iBoard
2023-10-24,16.260000,16.500000,15.990000,16.230000,9713100,SSI iBoard
2023-10-25,16.260000,16.640000,16.260000,16.260000,12062100,SSI iBoard
2023-10-26,16.100000,16.130000,15.280000,15.420000,31030600,SSI iBoard
2023-10-27,15.720000,15.890000,15.450000,15.790000,15016200,SSI iBoard
2023-10-30,15.790000,16.060000,15.550000,15.550000,16173500,SSI iBoard
2023-10-31,15.890000,15.890000,15.490000,15.550000,20792000,SSI iBoard
2023-11-01,15.550000,16.200000,15.520000,16.200000,19143800,SSI iBoard
2023-11-02,16.370000,17.310000,16.300000,17.080000,26641800,SSI iBoard
2023-11-03,17.180000,17.250000,16.740000,16.980000,20498300,SSI iBoard
2023-11-06,17.140000,17.520000,17.040000,17.410000,20380200,SSI iBoard
2023-11-07,17.450000,17.720000,17.210000,17.450000,19861700,SSI iBoard
2023-11-08,17.450000,18.230000,17.310000,18.230000,34851200,SSI iBoard
2023-11-09,18.230000,18.530000,17.990000,18.060000,31361600,SSI iBoard
2023-11-10,17.850000,18.330000,17.820000,17.920000,28030400,SSI iBoard
2023-11-13,17.920000,18.670000,17.920000,18.400000,44000700,SSI iBoard
2023-11-14,18.530000,18.600000,18.060000,18.260000,23257200,SSI iBoard
2023-11-15,18.630000,18.800000,18.260000,18.260000,34617300,SSI iBoard
2023-11-16,18.160000,18.400000,18.120000,18.400000,16261000,SSI iBoard
2023-11-17,18.400000,18.530000,17.790000,17.920000,38532000,SSI iBoard
2023-11-20,17.650000,18.190000,17.650000,18.020000,18250000,SSI iBoard
2023-11-21,18.260000,18.600000,18.230000,18.290000,26703200,SSI iBoard
2023-11-22,18.260000,18.400000,18.190000,18.400000,17015100,SSI iBoard
2023-11-23,18.460000,18.500000,17.480000,17.480000,21684500,SSI iBoard
2023-11-24,17.580000,17.850000,17.280000,17.850000,26228500,SSI iBoard
2023-11-27,17.920000,18.090000,17.720000,17.790000,16724600,SSI iBoard
2023-11-28,17.850000,18.060000,17.620000,18.060000,18863600,SSI iBoard
2023-11-29,18.060000,18.330000,18.020000,18.260000,22503000,SSI iBoard
2023-11-30,18.330000,18.400000,17.960000,17.960000,21208100,SSI iBoard
2023-12-01,18.120000,18.330000,17.890000,18.190000,15400100,SSI iBoard
2023-12-04,18.400000,18.770000,18.290000,18.600000,42341900,SSI iBoard
2023-12-05,18.600000,18.630000,18.360000,18.430000,22511100,SSI iBoard
2023-12-06,18.430000,18.670000,18.400000,18.670000,18648100,SSI iBoard
2023-12-07,18.700000,18.870000,18.230000,18.670000,49430900,SSI iBoard
2023-12-08,18.800000,19.110000,18.600000,18.730000,52783700,SSI iBoard
2023-12-11,18.730000,18.800000,18.460000,18.600000,17845400,SSI iBoard
2023-12-12,18.600000,19.070000,18.600000,18.900000,31681800,SSI iBoard
2023-12-13,19.000000,19.070000,18.460000,18.500000,33347700,SSI iBoard
2023-12-14,18.630000,18.630000,18.290000,18.290000,31777500,SSI iBoard
2023-12-15,18.330000,18.400000,18.090000,18.120000,34686700,SSI iBoard
2023-12-18,18.190000,18.260000,17.990000,17.990000,14875800,SSI iBoard
2023-12-19,17.990000,18.400000,17.960000,18.400000,20496200,SSI iBoard
2023-12-20,18.400000,18.500000,18.330000,18.400000,17661600,SSI iBoard
2023-12-21,18.330000,18.460000,18.230000,18.400000,14307400,SSI iBoard
2023-12-22,18.400000,18.500000,18.290000,18.290000,17429100,SSI iBoard
2023-12-25,18.360000,18.670000,18.360000,18.560000,20407300,SSI iBoard
2023-12-26,18.530000,18.870000,18.530000,18.800000,33743700,SSI iBoard
2023-12-27,18.830000,18.940000,18.770000,18.770000,19852100,SSI iBoard
2023-12-28,18.770000,19.070000,18.700000,18.900000,31308200,SSI iBoard
2023-12-29,18.900000,19.000000,18.800000,18.900000,20467100,SSI iBoard
2024-01-02,19.000000,19.040000,18.560000,18.560000,22187200,SSI iBoard
2024-01-03,18.530000,18.800000,18.530000,18.800000,18575400,SSI iBoard
2024-01-04,18.800000,19.000000,18.730000,18.770000,38538700,SSI iBoard
2024-01-05,18.770000,18.870000,18.630000,18.800000,17333400,SSI iBoard
2024-01-08,18.900000,19.110000,18.830000,18.830000,31243900,SSI iBoard
2024-01-09,18.870000,18.900000,18.600000,18.730000,28623900,SSI iBoard
2024-01-10,18.730000,18.770000,18.430000,18.500000,32642500,SSI iBoard
2024-01-11,18.560000,18.700000,18.530000,18.600000,15264900,SSI iBoard
2024-01-12,18.500000,18.560000,18.290000,18.360000,28626500,SSI iBoard
2024-01-15,18.400000,18.560000,18.330000,18.330000,12497100,SSI iBoard
2024-01-16,18.330000,18.800000,18.290000,18.800000,19767200,SSI iBoard
2024-01-17,18.830000,18.900000,18.700000,18.700000,23410200,SSI iBoard
2024-01-18,18.730000,18.830000,18.670000,18.700000,12639000,SSI iBoard
2024-01-19,18.770000,18.870000,18.670000,18.800000,14859900,SSI iBoard
2024-01-22,18.940000,19.380000,18.830000,19.140000,66067900,SSI iBoard
2024-01-23,19.240000,19.270000,19.110000,19.170000,21678300,SSI iBoard
2024-01-24,19.140000,19.270000,19.110000,19.110000,16136900,SSI iBoard
2024-01-25,19.110000,19.210000,18.940000,19.110000,15227000,SSI iBoard
2024-01-26,19.210000,19.270000,19.110000,19.170000,14372300,SSI iBoard
2024-01-29,19.170000,19.210000,18.940000,18.940000,21575000,SSI iBoard
2024-01-30,18.940000,19.000000,18.830000,18.940000,17529200,SSI iBoard
2024-01-31,18.900000,19.000000,18.770000,18.770000,24456900,SSI iBoard
2024-02-01,18.770000,19.000000,18.730000,18.830000,10636100,SSI iBoard
2024-02-02,18.730000,19.000000,18.730000,18.870000,14162200,SSI iBoard
2024-02-05,18.870000,19.140000,18.870000,18.940000,16231200,SSI iBoard
2024-02-06,19.040000,19.110000,18.940000,18.970000,14660300,SSI iBoard
2024-02-07,18.970000,19.140000,18.970000,19.040000,13808300,SSI iBoard
2024-02-15,19.140000,19.540000,19.110000,19.410000,36985800,SSI iBoard
2024-02-16,19.440000,19.480000,19.340000,19.340000,16718800,SSI iBoard
2024-02-19,19.380000,19.880000,19.240000,19.750000,42276100,SSI iBoard
2024-02-20,19.750000,19.850000,19.650000,19.750000,21391700,SSI iBoard
2024-02-21,19.680000,19.710000,19.410000,19.480000,31579600,SSI iBoard
2024-02-22,19.410000,19.480000,19.310000,19.310000,22413300,SSI iBoard
2024-02-23,19.310000,19.510000,19.210000,19.210000,27300800,SSI iBoard
2024-02-26,19.210000,19.480000,19.140000,19.480000,19221700,SSI iBoard
2024-02-27,19.540000,20.590000,19.480000,20.530000,86841500,SSI iBoard
2024-02-28,20.560000,20.930000,20.390000,20.690000,35201800,SSI iBoard
2024-02-29,20.800000,21.070000,20.630000,20.970000,33580500,SSI iBoard
2024-03-01,21.100000,21.100000,20.730000,20.860000,26958700,SSI iBoard
2024-03-04,20.970000,21.240000,20.760000,20.830000,28579500,SSI iBoard
2024-03-05,20.830000,21.170000,20.760000,21.070000,29917200,SSI iBoard
2024-03-06,21.030000,21.070000,20.630000,20.830000,28059400,SSI iBoard
2024-03-07,20.760000,21.200000,20.690000,20.970000,32262200,SSI iBoard
2024-03-08,20.970000,21.000000,20.460000,20.490000,47322200,SSI iBoard
2024-03-11,20.490000,20.690000,20.150000,20.220000,30415100,SSI iBoard
2024-03-12,20.190000,20.560000,20.150000,20.420000,30135400,SSI iBoard
2024-03-13,20.420000,20.860000,20.360000,20.830000,29367000,SSI iBoard
2024-03-14,20.900000,20.900000,20.460000,20.530000,30774000,SSI iBoard
2024-03-15,20.530000,20.760000,20.290000,20.360000,35823700,SSI iBoard
2024-03-18,20.390000,20.420000,19.610000,20.020000,50100700,SSI iBoard
2024-03-19,19.950000,20.690000,19.880000,20.150000,26973500,SSI iBoard
2024-03-20,20.190000,20.360000,20.120000,20.290000,12971200,SSI iBoard
2024-03-21,20.530000,20.660000,20.360000,20.460000,19972600,SSI iBoard
2024-03-22,20.530000,20.760000,20.420000,20.660000,37384100,SSI iBoard
2024-03-25,20.660000,20.930000,20.320000,20.420000,21350200,SSI iBoard
2024-03-26,20.420000,20.660000,20.360000,20.660000,11976300,SSI iBoard
2024-03-27,20.900000,21.030000,20.690000,20.690000,24329500,SSI iBoard
2024-03-28,20.860000,20.860000,20.590000,20.660000,19113700,SSI iBoard
2024-03-29,20.690000,20.690000,20.460000,20.460000,14821800,SSI iBoard
2024-04-01,20.420000,20.530000,20.260000,20.360000,20759400,SSI iBoard
2024-04-02,20.220000,20.560000,20.150000,20.560000,26298400,SSI iBoard
2024-04-03,20.530000,20.590000,20.260000,20.260000,21489800,SSI iBoard
2024-04-04,20.260000,20.320000,19.980000,20.020000,26371300,SSI iBoard
2024-04-05,19.920000,20.120000,19.780000,19.920000,24018800,SSI iBoard
2024-04-08,19.920000,20.150000,19.820000,20.020000,16708800,SSI iBoard
2024-04-09,20.020000,20.220000,19.980000,20.220000,9838000,SSI iBoard
2024-04-10,20.260000,20.360000,20.050000,20.050000,11134400,SSI iBoard
2024-04-11,19.920000,20.390000,19.920000,20.220000,19246200,SSI iBoard
2024-04-12,20.290000,20.360000,20.190000,20.260000,13916900,SSI iBoard
2024-04-15,20.190000,20.260000,19.000000,19.270000,31107300,SSI iBoard
2024-04-16,19.270000,19.310000,18.830000,19.170000,33424200,SSI iBoard
2024-04-17,19.270000,19.310000,18.870000,18.940000,15575000,SSI iBoard
2024-04-19,18.800000,19.170000,18.600000,18.800000,26138500,SSI iBoard
2024-04-22,19.070000,19.070000,18.830000,18.940000,12390900,SSI iBoard
2024-04-23,18.940000,18.970000,18.560000,18.670000,18359900,SSI iBoard
2024-04-24,18.870000,19.580000,18.770000,19.480000,23052000,SSI iBoard
2024-04-25,19.410000,19.410000,19.140000,19.310000,11236400,SSI iBoard
2024-04-26,19.140000,19.310000,18.970000,19.210000,18304000,SSI iBoard
2024-05-02,19.210000,19.210000,18.970000,19.170000,7322100,SSI iBoard
2024-05-03,19.170000,19.680000,19.170000,19.380000,16714800,SSI iBoard
2024-05-06,19.510000,19.850000,19.480000,19.820000,27108200,SSI iBoard
2024-05-07,19.880000,20.420000,19.780000,20.390000,30139200,SSI iBoard
2024-05-08,20.390000,20.970000,20.120000,20.760000,34289800,SSI iBoard
2024-05-09,20.900000,20.900000,20.320000,20.590000,19422700,SSI iBoard
2024-05-10,20.690000,20.730000,20.260000,20.590000,18981900,SSI iBoard
2024-05-13,20.660000,20.730000,20.360000,20.420000,13171500,SSI iBoard
2024-05-14,20.560000,20.760000,20.360000,20.420000,15664000,SSI iBoard
2024-05-15,20.460000,21.200000,20.460000,21.100000,45110300,SSI iBoard
2024-05-16,21.370000,21.540000,21.270000,21.370000,27403900,SSI iBoard
2024-05-17,21.370000,21.370000,21.070000,21.370000,28640900,SSI iBoard
2024-05-20,21.400000,21.740000,21.370000,21.640000,46490000,SSI iBoard
2024-05-21,21.640000,21.640000,21.270000,21.540000,20863500,SSI iBoard
2024-05-22,21.540000,21.610000,21.070000,21.170000,39782700,SSI iBoard
2024-05-23,21.460000,21.950000,21.280000,21.950000,37870200,SSI iBoard
2024-05-24,21.800000,21.950000,21.200000,21.500000,30151700,SSI iBoard
2024-05-27,21.500000,21.800000,21.310000,21.500000,15759100,SSI iBoard
2024-05-28,21.570000,21.720000,21.420000,21.690000,17564600,SSI iBoard
2024-05-29,21.650000,21.760000,21.280000,21.280000,21599400,SSI iBoard
2024-05-30,21.200000,21.240000,20.830000,21.020000,27257700,SSI iBoard
2024-05-31,21.130000,21.420000,20.870000,21.280000,17736800,SSI iBoard
2024-06-03,21.420000,21.650000,21.420000,21.570000,20634500,SSI iBoard
2024-06-04,21.570000,22.170000,21.570000,21.800000,39654300,SSI iBoard
2024-06-05,21.800000,21.950000,21.650000,21.760000,19195800,SSI iBoard
2024-06-06,21.760000,22.060000,21.500000,21.800000,20822600,SSI iBoard
2024-06-07,21.830000,21.870000,21.650000,21.800000,14882900,SSI iBoard
2024-06-10,21.870000,21.910000,21.690000,21.800000,20259700,SSI iBoard
2024-06-11,21.870000,22.060000,21.610000,21.650000,26986400,SSI iBoard
2024-06-12,21.570000,22.020000,21.570000,22.020000,19284400,SSI iBoard
2024-06-13,22.060000,22.090000,21.800000,21.950000,20548700,SSI iBoard
2024-06-14,21.950000,22.280000,21.650000,21.650000,34292400,SSI iBoard
2024-06-17,21.650000,22.280000,21.570000,21.910000,34373100,SSI iBoard
2024-06-18,21.950000,22.090000,21.870000,21.870000,16534100,SSI iBoard
2024-06-19,21.950000,21.980000,21.760000,21.830000,19178300,SSI iBoard
2024-06-20,21.760000,21.870000,21.540000,21.830000,27774000,SSI iBoard
2024-06-21,21.830000,21.830000,21.570000,21.610000,14287400,SSI iBoard
2024-06-24,21.570000,21.650000,21.020000,21.350000,37846100,SSI iBoard
2024-06-25,21.280000,21.610000,21.200000,21.350000,16655000,SSI iBoard
2024-06-26,21.390000,21.720000,21.280000,21.500000,19746800,SSI iBoard
2024-06-27,21.570000,21.610000,21.350000,21.460000,10080500,SSI iBoard
2024-06-28,21.390000,21.500000,21.050000,21.050000,22182300,SSI iBoard
2024-07-01,21.050000,21.200000,20.870000,21.090000,13557400,SSI iBoard
2024-07-02,21.090000,21.460000,21.020000,21.350000,21258400,SSI iBoard
2024-07-03,21.570000,21.650000,21.350000,21.390000,17252800,SSI iBoard
2024-07-04,21.460000,21.610000,21.280000,21.350000,9353000,SSI iBoard
2024-07-05,21.350000,21.540000,21.280000,21.310000,12362300,SSI iBoard
2024-07-08,21.350000,21.610000,21.310000,21.420000,18430100,SSI iBoard
2024-07-09,21.420000,21.720000,21.390000,21.570000,22548200,SSI iBoard
2024-07-10,21.650000,21.950000,21.540000,21.540000,30969800,SSI iBoard
2024-07-11,21.690000,21.760000,21.460000,21.460000,14512000,SSI iBoard
2024-07-12,21.500000,21.540000,21.160000,21.200000,18050400,SSI iBoard
2024-07-15,21.240000,21.390000,20.980000,21.160000,16287600,SSI iBoard
2024-07-16,21.200000,21.310000,21.130000,21.160000,12327400,SSI iBoard
2024-07-17,21.240000,21.280000,20.530000,20.980000,25546900,SSI iBoard
2024-07-18,20.980000,21.160000,20.870000,21.130000,20477300,SSI iBoard
2024-07-19,21.130000,21.130000,20.980000,20.980000,11865200,SSI iBoard
2024-07-22,20.900000,20.980000,20.640000,20.870000,18399400,SSI iBoard
2024-07-23,20.870000,20.980000,20.680000,20.680000,15056900,SSI iBoard
2024-07-24,20.640000,20.790000,20.160000,20.610000,19233100,SSI iBoard
2024-07-25,20.530000,20.570000,20.310000,20.350000,13319700,SSI iBoard
2024-07-26,20.350000,20.570000,20.350000,20.420000,8806900,SSI iBoard
2024-07-29,20.570000,20.900000,20.530000,20.760000,15443700,SSI iBoard
2024-07-30,20.830000,20.980000,20.760000,20.760000,15542800,SSI iBoard
2024-07-31,20.760000,20.760000,20.160000,20.230000,24285900,SSI iBoard
2024-08-01,20.460000,20.570000,19.790000,19.860000,30480400,SSI iBoard
2024-08-02,19.830000,20.310000,19.710000,20.270000,17545800,SSI iBoard
2024-08-05,19.940000,19.970000,19.190000,19.300000,45610000,SSI iBoard
2024-08-06,19.380000,19.680000,19.230000,19.570000,19759200,SSI iBoard
2024-08-07,19.680000,19.680000,19.300000,19.380000,15411700,SSI iBoard
2024-08-08,19.300000,19.420000,19.010000,19.040000,21915800,SSI iBoard
2024-08-09,19.270000,19.420000,19.120000,19.380000,12123200,SSI iBoard
2024-08-12,19.380000,19.420000,19.120000,19.230000,12576000,SSI iBoard
2024-08-13,19.270000,19.300000,18.750000,18.900000,26244600,SSI iBoard
2024-08-14,18.970000,19.120000,18.820000,18.930000,13691400,SSI iBoard
2024-08-15,18.930000,18.930000,18.750000,18.750000,16229400,SSI iBoard
2024-08-16,18.750000,19.120000,18.600000,19.040000,36326600,SSI iBoard
2024-08-19,19.190000,19.600000,19.120000,19.230000,24427500,SSI iBoard
2024-08-20,19.340000,19.490000,19.190000,19.190000,20447900,SSI iBoard
2024-08-21,19.230000,19.530000,19.190000,19.450000,24811600,SSI iBoard
2024-08-22,19.490000,19.530000,19.120000,19.160000,24029400,SSI iBoard
2024-08-23,19.160000,19.380000,18.900000,19.380000,22408300,SSI iBoard
2024-08-26,19.450000,19.640000,19.300000,19.340000,21643500,SSI iBoard
2024-08-27,19.340000,19.380000,19.120000,19.160000,12450500,SSI iBoard
2024-08-28,19.230000,19.300000,19.080000,19.120000,18656100,SSI iBoard
2024-08-29,19.190000,19.300000,19.040000,19.040000,16163400,SSI iBoard
2024-08-30,19.120000,19.160000,18.970000,18.970000,17965500,SSI iBoard
2024-09-04,18.820000,18.930000,18.670000,18.780000,19062500,SSI iBoard
2024-09-05,18.860000,18.860000,18.600000,18.640000,22563500,SSI iBoard
2024-09-06,18.640000,18.900000,18.410000,18.900000,22851500,SSI iBoard
2024-09-09,18.900000,19.490000,18.820000,19.040000,32645800,SSI iBoard
2024-09-10,19.160000,19.230000,18.710000,18.710000,15019200,SSI iBoard
2024-09-11,18.710000,19.010000,18.640000,18.860000,14212700,SSI iBoard
2024-09-12,18.900000,19.010000,18.670000,18.670000,9035800,SSI iBoard
2024-09-13,18.710000,18.820000,18.600000,18.600000,12428200,SSI iBoard
2024-09-16,18.600000,18.780000,18.490000,18.490000,14573600,SSI iBoard
2024-09-17,18.520000,18.780000,18.450000,18.780000,13173400,SSI iBoard
2024-09-18,18.780000,18.860000,18.670000,18.670000,13234500,SSI iBoard
2024-09-19,18.820000,18.970000,18.750000,18.780000,13677300,SSI iBoard
2024-09-20,18.970000,19.380000,18.930000,19.080000,44588800,SSI iBoard
2024-09-23,19.190000,19.420000,19.120000,19.120000,15513400,SSI iBoard
2024-09-24,19.120000,19.230000,19.080000,19.230000,10647000,SSI iBoard
2024-09-25,19.420000,19.640000,19.380000,19.490000,41009200,SSI iBoard
2024-09-26,19.570000,19.680000,19.380000,19.380000,21745200,SSI iBoard
2024-09-27,19.450000,19.570000,19.270000,19.380000,30540100,SSI iBoard
2024-09-30,19.490000,19.790000,19.450000,19.600000,37425200,SSI iBoard
2024-10-01,19.940000,20.090000,19.830000,19.900000,37852700,SSI iBoard
2024-10-02,19.860000,19.860000,19.570000,19.570000,21285700,SSI iBoard
2024-10-03,19.680000,19.830000,19.420000,19.490000,26798500,SSI iBoard
2024-10-04,19.490000,19.710000,19.420000,19.490000,17555300,SSI iBoard
2024-10-07,19.640000,19.710000,19.490000,19.640000,12466400,SSI iBoard
2024-10-08,19.640000,20.160000,19.600000,20.050000,38169900,SSI iBoard
2024-10-09,20.200000,20.460000,20.120000,20.460000,41613700,SSI iBoard
2024-10-10,20.530000,20.610000,20.270000,20.270000,23823900,SSI iBoard
2024-10-11,20.350000,20.420000,20.090000,20.310000,15761800,SSI iBoard
2024-10-14,20.350000,20.420000,20.120000,20.120000,17974700,SSI iBoard
2024-10-15,20.380000,20.420000,20.200000,20.200000,20160900,SSI iBoard
2024-10-16,20.200000,20.310000,20.160000,20.160000,11628300,SSI iBoard
2024-10-17,20.200000,20.270000,19.900000,20.270000,20560900,SSI iBoard
2024-10-18,20.270000,20.310000,20.050000,20.050000,16242400,SSI iBoard
2024-10-21,20.050000,20.120000,19.860000,19.900000,13894500,SSI iBoard
2024-10-22,19.830000,19.970000,19.710000,19.830000,18315000,SSI iBoard
2024-10-23,19.830000,19.860000,19.600000,19.680000,13607700,SSI iBoard
2024-10-24,19.710000,19.860000,19.600000,19.680000,15898900,SSI iBoard
2024-10-25,19.790000,19.830000,19.680000,19.680000,9445600,SSI iBoard
2024-10-28,19.710000,20.050000,19.710000,19.900000,11933000,SSI iBoard
2024-10-29,19.940000,20.200000,19.860000,20.120000,15733100,SSI iBoard
2024-10-30,20.120000,20.160000,19.940000,20.090000,11066500,SSI iBoard
2024-10-31,20.120000,20.120000,19.940000,20.010000,13325100,SSI iBoard
2024-11-01,19.940000,19.970000,19.680000,19.750000,13201400,SSI iBoard
2024-11-04,19.750000,19.750000,19.450000,19.570000,18309700,SSI iBoard
2024-11-05,19.570000,19.750000,19.490000,19.710000,8094800,SSI iBoard
2024-11-06,19.830000,20.200000,19.750000,20.050000,20992000,SSI iBoard
2024-11-07,20.160000,20.310000,20.050000,20.050000,15984800,SSI iBoard
2024-11-08,20.230000,20.460000,20.090000,20.090000,24762900,SSI iBoard
2024-11-11,20.120000,20.610000,20.050000,20.610000,40877500,SSI iBoard
2024-11-12,20.640000,20.760000,20.310000,20.460000,23963200,SSI iBoard
2024-11-13,20.230000,20.380000,19.970000,20.120000,22287600,SSI iBoard
2024-11-14,20.120000,20.160000,19.570000,19.570000,26564300,SSI iBoard
2024-11-15,19.570000,19.600000,19.270000,19.270000,27604300,SSI iBoard
2024-11-18,19.340000,19.380000,18.970000,19.190000,20599400,SSI iBoard
2024-11-19,19.230000,19.340000,18.930000,18.930000,15842800,SSI iBoard
2024-11-20,18.900000,19.340000,18.780000,19.040000,22750500,SSI iBoard
2024-11-21,19.080000,19.300000,19.010000,19.230000,12777100,SSI iBoard
2024-11-22,19.270000,19.530000,19.230000,19.420000,17266400,SSI iBoard
2024-11-25,19.420000,19.570000,19.380000,19.570000,12830400,SSI iBoard
2024-11-26,19.570000,19.710000,19.490000,19.600000,13180700,SSI iBoard
2024-11-27,19.600000,19.680000,19.420000,19.570000,7966600,SSI iBoard
2024-11-28,19.680000,19.900000,19.570000,19.640000,14131000,SSI iBoard
2024-11-29,19.680000,19.900000,19.570000,19.900000,13877300,SSI iBoard
2024-12-02,20.050000,20.200000,19.900000,20.010000,18575600,SSI iBoard
2024-12-03,19.970000,20.090000,19.790000,20.090000,15812100,SSI iBoard
2024-12-04,19.970000,19.970000,19.830000,19.860000,12508500,SSI iBoard
2024-12-05,19.860000,20.720000,19.640000,20.720000,44746700,SSI iBoard
2024-12-06,20.720000,20.760000,20.460000,20.530000,23751300,SSI iBoard
2024-12-09,20.570000,20.760000,20.460000,20.570000,15948700,SSI iBoard
2024-12-10,20.610000,20.980000,20.530000,20.760000,32689300,SSI iBoard
2024-12-11,20.760000,20.940000,20.530000,20.640000,17031500,SSI iBoard
2024-12-12,20.640000,20.760000,20.350000,20.460000,20965100,SSI iBoard
2024-12-13,20.310000,20.380000,20.160000,20.230000,17265900,SSI iBoard
2024-12-16,20.230000,20.350000,19.970000,20.090000,16652700,SSI iBoard
2024-12-17,20.090000,20.160000,19.970000,20.090000,10809400,SSI iBoard
2024-12-18,20.090000,20.350000,20.050000,20.350000,12794200,SSI iBoard
2024-12-19,20.090000,20.200000,19.940000,19.970000,30331800,SSI iBoard
2024-12-20,19.970000,20.050000,19.860000,19.860000,13746900,SSI iBoard
2024-12-23,19.900000,20.120000,19.900000,20.090000,12898800,SSI iBoard
2024-12-24,20.010000,20.010000,19.790000,19.860000,13462400,SSI iBoard
2024-12-25,19.900000,20.200000,19.900000,20.200000,17144300,SSI iBoard
2024-12-26,20.200000,20.230000,19.970000,20.090000,9975100,SSI iBoard
2024-12-27,20.090000,20.090000,19.940000,19.970000,11389200,SSI iBoard
2024-12-30,19.940000,19.970000,19.830000,19.900000,12168200,SSI iBoard
2024-12-31,19.900000,19.900000,19.790000,19.830000,10247400,SSI iBoard
2025-01-02,19.860000,20.120000,19.860000,20.090000,14961200,SSI iBoard
2025-01-03,20.010000,20.090000,19.790000,19.790000,13200100,SSI iBoard
2025-01-06,19.790000,19.860000,19.380000,19.380000,15250500,SSI iBoard
2025-01-07,19.450000,19.640000,19.380000,19.380000,14399600,SSI iBoard
2025-01-08,19.380000,19.530000,19.300000,19.530000,12957600,SSI iBoard
2025-01-09,19.570000,19.570000,19.270000,19.340000,9236900,SSI iBoard
2025-01-10,19.340000,19.420000,19.010000,19.010000,14273600,SSI iBoard
2025-01-13,19.010000,19.380000,18.930000,19.270000,13576000,SSI iBoard
2025-01-14,19.300000,19.340000,19.190000,19.230000,7660700,SSI iBoard
2025-01-15,19.340000,19.530000,19.270000,19.490000,11221600,SSI iBoard
2025-01-16,19.570000,19.680000,19.380000,19.570000,11206800,SSI iBoard
2025-01-17,19.570000,19.710000,19.420000,19.710000,13950100,SSI iBoard
2025-01-20,19.710000,19.900000,19.680000,19.680000,9654200,SSI iBoard
2025-01-21,19.790000,19.790000,19.490000,19.570000,10421500,SSI iBoard
2025-01-22,19.640000,19.640000,19.450000,19.450000,10280000,SSI iBoard
2025-01-23,19.490000,19.900000,19.450000,19.830000,15792000,SSI iBoard
2025-01-24,19.830000,19.830000,19.680000,19.750000,10401300,SSI iBoard
2025-02-03,19.710000,19.790000,19.530000,19.640000,16971700,SSI iBoard
2025-02-04,19.710000,20.090000,19.680000,19.970000,17358200,SSI iBoard
2025-02-05,19.970000,20.090000,19.900000,19.940000,14466500,SSI iBoard
2025-02-06,19.940000,20.050000,19.900000,19.940000,13535000,SSI iBoard
2025-02-07,19.940000,19.940000,19.790000,19.830000,12547400,SSI iBoard
2025-02-10,19.710000,19.710000,18.900000,18.900000,61096500,SSI iBoard
2025-02-11,18.930000,19.420000,18.930000,19.420000,28896000,SSI iBoard
2025-02-12,19.490000,19.490000,19.230000,19.230000,13651300,SSI iBoard
2025-02-13,19.300000,19.340000,19.230000,19.270000,9499100,SSI iBoard
2025-02-14,19.420000,19.570000,19.340000,19.420000,18580600,SSI iBoard
2025-02-17,19.450000,19.530000,19.380000,19.450000,14369400,SSI iBoard
2025-02-18,19.600000,19.790000,19.570000,19.750000,24939500,SSI iBoard
2025-02-19,19.790000,19.790000,19.640000,19.710000,13653000,SSI iBoard
2025-02-20,19.750000,19.790000,19.710000,19.750000,11910400,SSI iBoard
2025-02-21,19.750000,19.790000,19.640000,19.680000,11063800,SSI iBoard
2025-02-24,21.050000,21.050000,20.490000,20.610000,73891100,SSI iBoard
2025-02-25,20.530000,20.610000,20.230000,20.460000,31575300,SSI iBoard
2025-02-26,20.530000,20.790000,20.490000,20.640000,31819600,SSI iBoard
2025-02-27,20.680000,21.160000,20.530000,21.160000,51120800,SSI iBoard
2025-02-28,21.130000,21.130000,20.790000,20.830000,24214400,SSI iBoard
2025-03-03,20.870000,21.020000,20.830000,20.870000,20663700,SSI iBoard
2025-03-04,20.870000,20.870000,20.570000,20.720000,27424100,SSI iBoard
2025-03-05,20.720000,20.760000,20.490000,20.490000,30385500,SSI iBoard
2025-03-06,20.530000,20.790000,20.530000,20.790000,36975600,SSI iBoard
2025-03-07,20.830000,20.900000,20.640000,20.870000,33131200,SSI iBoard
2025-03-10,20.900000,20.980000,20.790000,20.790000,23580500,SSI iBoard
2025-03-11,20.530000,20.940000,20.530000,20.940000,26088500,SSI iBoard
2025-03-12,20.980000,20.980000,20.680000,20.680000,20641600,SSI iBoard
2025-03-13,20.720000,20.870000,20.610000,20.610000,24809400,SSI iBoard
2025-03-14,20.610000,20.720000,20.490000,20.490000,18279900,SSI iBoard
2025-03-17,20.760000,20.940000,20.640000,20.720000,19719700,SSI iBoard
2025-03-18,20.760000,20.870000,20.530000,20.530000,18741700,SSI iBoard
2025-03-19,20.530000,20.530000,20.160000,20.270000,37925600,SSI iBoard
2025-03-20,20.310000,20.420000,20.120000,20.200000,25022500,SSI iBoard
2025-03-21,20.160000,20.270000,20.120000,20.200000,18912200,SSI iBoard
2025-03-24,20.200000,20.270000,20.010000,20.200000,16229800,SSI iBoard
2025-03-25,20.270000,20.380000,20.160000,20.230000,20101000,SSI iBoard
2025-03-26,20.230000,20.790000,20.200000,20.490000,43980000,SSI iBoard
2025-03-27,20.610000,20.610000,20.420000,20.460000,12009700,SSI iBoard
2025-03-28,20.420000,20.460000,20.160000,20.200000,17070200,SSI iBoard
2025-03-31,20.120000,20.160000,19.900000,19.900000,26536400,SSI iBoard
2025-04-01,19.940000,20.120000,19.900000,20.090000,14018400,SSI iBoard
2025-04-02,20.200000,20.380000,20.160000,20.270000,16785400,SSI iBoard
2025-04-03,19.190000,19.680000,18.860000,18.860000,80695800,SSI iBoard
2025-04-04,17.560000,18.490000,17.560000,18.300000,73181200,SSI iBoard
2025-04-08,17.480000,17.850000,17.040000,17.040000,35443300,SSI iBoard
2025-04-09,15.850000,16.590000,15.850000,15.850000,77156800,SSI iBoard
2025-04-10,16.920000,16.920000,16.920000,16.920000,3062400,SSI iBoard
2025-04-11,18.000000,18.080000,17.480000,18.080000,76273700,SSI iBoard
2025-04-14,18.450000,19.160000,18.410000,18.860000,51203900,SSI iBoard
2025-04-15,18.710000,19.450000,18.640000,19.230000,50570600,SSI iBoard
2025-04-16,19.270000,19.340000,18.640000,18.970000,25705300,SSI iBoard
2025-04-17,18.750000,19.040000,18.450000,18.970000,24441000,SSI iBoard
2025-04-18,19.080000,19.160000,18.930000,18.930000,20765500,SSI iBoard
2025-04-21,18.930000,18.930000,18.560000,18.560000,17306200,SSI iBoard
2025-04-22,18.450000,18.670000,17.410000,18.640000,47447000,SSI iBoard
2025-04-23,18.970000,19.120000,18.860000,19.010000,22232700,SSI iBoard
2025-04-24,19.120000,19.120000,18.750000,19.040000,17212000,SSI iBoard
2025-04-25,18.930000,19.120000,18.780000,19.120000,24849000,SSI iBoard
2025-04-28,19.120000,19.120000,18.860000,19.080000,9757000,SSI iBoard
2025-04-29,19.080000,19.120000,18.900000,18.970000,14467400,SSI iBoard
2025-05-05,19.080000,19.160000,18.860000,19.120000,12548300,SSI iBoard
2025-05-06,19.160000,19.380000,18.930000,18.930000,20937300,SSI iBoard
2025-05-07,18.860000,18.970000,18.860000,18.900000,11501800,SSI iBoard
2025-05-08,18.900000,19.230000,18.820000,19.120000,19892200,SSI iBoard
2025-05-09,19.120000,19.160000,18.970000,19.080000,11008000,SSI iBoard
2025-05-12,19.010000,19.160000,18.410000,18.900000,64734900,SSI iBoard
2025-05-13,19.040000,19.340000,19.040000,19.190000,20304600,SSI iBoard
2025-05-14,19.270000,19.750000,19.230000,19.450000,34073700,SSI iBoard
2025-05-15,19.490000,19.490000,19.230000,19.450000,22616700,SSI iBoard
2025-05-16,19.450000,19.490000,19.190000,19.190000,16810600,SSI iBoard
2025-05-19,19.160000,19.300000,19.010000,19.080000,14995700,SSI iBoard
2025-05-20,19.040000,19.190000,19.040000,19.080000,17449000,SSI iBoard
2025-05-21,19.160000,19.420000,19.080000,19.160000,20150500,SSI iBoard
2025-05-22,19.160000,19.300000,19.010000,19.080000,24363700,SSI iBoard
2025-05-23,19.160000,19.230000,19.010000,19.040000,11096000,SSI iBoard
2025-05-26,19.080000,19.080000,18.640000,19.010000,27433800,SSI iBoard
2025-05-27,19.010000,19.450000,19.010000,19.010000,26892800,SSI iBoard
2025-05-28,19.160000,19.270000,19.010000,19.040000,15604800,SSI iBoard
2025-05-29,19.120000,19.190000,18.970000,19.010000,16434100,SSI iBoard
2025-05-30,19.080000,19.830000,19.080000,19.160000,64975400,SSI iBoard
2025-06-02,19.040000,19.080000,18.860000,19.010000,21933200,SSI iBoard
2025-06-03,19.190000,19.490000,19.160000,19.340000,31038500,SSI iBoard
2025-06-04,19.420000,19.640000,19.300000,19.300000,25685700,SSI iBoard
2025-06-05,19.340000,19.380000,19.120000,19.160000,18786300,SSI iBoard
2025-06-06,19.380000,19.710000,19.270000,19.380000,42244000,SSI iBoard
2025-06-09,19.420000,19.640000,19.300000,19.570000,24987900,SSI iBoard
2025-06-10,19.710000,19.970000,19.490000,19.490000,29410900,SSI iBoard
2025-06-11,19.570000,19.600000,19.340000,19.420000,16548100,SSI iBoard
2025-06-12,19.450000,20.160000,19.450000,19.940000,52217900,SSI iBoard
2025-06-13,19.790000,19.900000,19.570000,19.640000,38769800,SSI iBoard
2025-06-16,19.600000,20.090000,19.600000,19.900000,29735100,SSI iBoard
2025-06-17,20.010000,20.160000,19.900000,19.970000,26625600,SSI iBoard
2025-06-18,20.010000,20.230000,19.940000,20.200000,31468200,SSI iBoard
2025-06-19,20.200000,20.230000,19.940000,20.010000,23408200,SSI iBoard
2025-06-20,20.090000,20.160000,19.970000,20.090000,23416400,SSI iBoard
2025-06-23,19.970000,20.090000,19.790000,19.970000,22192800,SSI iBoard
2025-06-24,20.120000,20.230000,20.050000,20.090000,27870000,SSI iBoard
2025-06-25,20.160000,20.420000,20.050000,20.230000,38638800,SSI iBoard
2025-06-26,20.580000,20.670000,20.310000,20.350000,38371000,SSI iBoard
2025-06-27,20.490000,20.490000,20.310000,20.400000,16481800,SSI iBoard
2025-06-30,20.440000,20.490000,20.270000,20.270000,19885300,SSI iBoard
2025-07-01,20.310000,20.440000,20.180000,20.220000,19766000,SSI iBoard
2025-07-02,20.220000,20.440000,20.130000,20.440000,18902100,SSI iBoard
2025-07-03,20.530000,21.110000,20.530000,20.620000,42514500,SSI iBoard
2025-07-04,20.670000,20.760000,20.620000,20.760000,19401100,SSI iBoard
2025-07-07,21.160000,21.160000,20.890000,21.070000,35999600,SSI iBoard
2025-07-08,21.110000,22.140000,21.020000,22.050000,77477100,SSI iBoard
2025-07-09,22.140000,22.410000,21.960000,22.100000,43462900,SSI iBoard
2025-07-10,22.180000,22.500000,21.920000,22.450000,85282300,SSI iBoard
2025-07-11,22.540000,23.430000,22.360000,23.210000,65285300,SSI iBoard
2025-07-14,23.390000,23.610000,22.810000,22.990000,49438500,SSI iBoard
2025-07-15,23.030000,23.210000,22.760000,22.760000,46507000,SSI iBoard
2025-07-16,22.720000,23.390000,22.680000,23.300000,45893600,SSI iBoard
2025-07-17,23.390000,23.520000,23.120000,23.210000,56229600,SSI iBoard
2025-07-18,23.210000,23.300000,22.990000,23.120000,40723400,SSI iBoard
2025-07-21,23.570000,24.100000,23.300000,23.390000,55773600,SSI iBoard
2025-07-22,23.350000,23.610000,23.210000,23.610000,31504400,SSI iBoard
2025-07-23,23.700000,24.060000,23.570000,23.570000,43124000,SSI iBoard
2025-07-24,23.570000,23.610000,23.120000,23.210000,51907400,SSI iBoard
2025-07-25,23.210000,23.480000,23.120000,23.260000,51078400,SSI iBoard
2025-07-28,23.300000,23.970000,23.210000,23.520000,99592800,SSI iBoard
2025-07-29,23.610000,23.750000,22.630000,22.630000,82604800,SSI iBoard
2025-07-30,22.850000,22.990000,22.410000,22.680000,50186000,SSI iBoard
2025-07-31,22.720000,22.850000,22.100000,22.270000,85332500,SSI iBoard
2025-08-01,22.180000,22.590000,22.140000,22.450000,50798600,SSI iBoard
2025-08-04,22.410000,22.720000,22.270000,22.590000,37058100,SSI iBoard
2025-08-05,22.720000,24.150000,22.720000,23.570000,215999100,SSI iBoard
2025-08-06,23.880000,24.730000,23.790000,24.190000,96174200,SSI iBoard
2025-08-07,24.420000,25.490000,24.100000,25.440000,139119300,SSI iBoard
2025-08-08,25.530000,25.580000,24.640000,25.000000,121062500,SSI iBoard
2025-08-11,25.130000,25.400000,24.820000,25.130000,67223000,SSI iBoard
2025-08-12,25.310000,25.980000,25.130000,25.440000,84195900,SSI iBoard
2025-08-13,25.490000,25.530000,24.860000,25.090000,79765000,SSI iBoard
2025-08-14,25.180000,25.400000,25.000000,25.180000,76049900,SSI iBoard
2025-08-15,25.400000,25.710000,24.860000,25.000000,107927600,SSI iBoard
2025-08-18,25.260000,25.710000,25.180000,25.350000,69044400,SSI iBoard
2025-08-19,25.530000,25.620000,25.090000,25.130000,63021900,SSI iBoard
2025-08-20,25.180000,25.220000,24.150000,24.460000,101007400,SSI iBoard
2025-08-21,24.510000,24.820000,24.370000,24.460000,69981700,SSI iBoard
2025-08-22,24.060000,24.190000,23.210000,23.210000,132314200,SSI iBoard
2025-08-25,23.660000,23.880000,23.080000,23.170000,68320100,SSI iBoard
2025-08-26,23.300000,24.280000,23.300000,24.280000,51986200,SSI iBoard
2025-08-27,24.330000,24.330000,23.880000,23.880000,85992500,SSI iBoard
2025-08-28,24.060000,24.550000,23.970000,24.190000,63166300,SSI iBoard
2025-08-29,24.280000,24.860000,24.150000,24.550000,81735200,SSI iBoard
2025-09-03,24.460000,25.890000,24.330000,25.130000,119138500,SSI iBoard
2025-09-04,25.400000,26.690000,25.310000,26.650000,141435100,SSI iBoard
2025-09-05,26.780000,26.870000,25.710000,25.710000,95256400,SSI iBoard
2025-09-08,25.620000,26.560000,25.580000,25.800000,141768400,SSI iBoard
2025-09-09,26.070000,26.110000,25.180000,25.760000,73861200,SSI iBoard
2025-09-10,25.760000,26.070000,25.350000,25.760000,52455800,SSI iBoard
2025-09-11,25.620000,26.070000,25.000000,26.020000,71781900,SSI iBoard
2025-09-12,26.070000,26.870000,26.020000,26.780000,104621000,SSI iBoard
2025-09-15,27.010000,27.540000,26.870000,27.090000,88920500,SSI iBoard
2025-09-16,27.270000,27.270000,26.560000,26.740000,66855600,SSI iBoard
2025-09-17,26.690000,27.010000,26.070000,26.070000,124424600,SSI iBoard
2025-09-18,26.200000,26.250000,25.530000,26.020000,75687000,SSI iBoard
2025-09-19,26.160000,26.250000,25.710000,26.110000,45024800,SSI iBoard
2025-09-22,26.110000,26.110000,25.260000,25.350000,66073800,SSI iBoard
2025-09-23,25.490000,25.760000,25.400000,25.580000,24900000,SSI iBoard
2025-09-24,25.580000,25.930000,25.220000,25.930000,30738900,SSI iBoard
2025-09-25,26.020000,26.160000,25.670000,25.710000,34435400,SSI iBoard
2025-09-26,25.760000,26.070000,25.490000,25.490000,38128900,SSI iBoard
2025-09-29,25.490000,25.800000,25.350000,25.530000,38831200,SSI iBoard
2025-09-30,25.490000,25.530000,24.910000,25.130000,53737200,SSI iBoard
2025-10-01,25.260000,25.440000,25.090000,25.260000,29848500,SSI iBoard
2025-10-02,25.310000,25.580000,25.040000,25.090000,30165900,SSI iBoard
2025-10-03,25.090000,25.090000,24.420000,24.680000,58123500,SSI iBoard
2025-10-06,25.090000,26.070000,25.090000,26.070000,71269500,SSI iBoard
2025-10-07,26.070000,26.200000,25.890000,25.890000,41398600,SSI iBoard
2025-10-08,26.110000,26.250000,25.670000,26.070000,59953000,SSI iBoard
2025-10-09,26.250000,26.250000,25.760000,25.840000,42551700,SSI iBoard
2025-10-10,25.890000,26.560000,25.800000,26.420000,62702300,SSI iBoard
2025-10-13,25.930000,26.110000,25.760000,25.890000,80237700,SSI iBoard
2025-10-14,25.930000,26.110000,25.260000,25.310000,84307900,SSI iBoard
2025-10-15,25.350000,25.620000,25.180000,25.220000,34623200,SSI iBoard
2025-10-16,25.220000,25.710000,25.000000,25.220000,44715300,SSI iBoard
2025-10-17,25.260000,25.580000,25.000000,25.000000,46508200,SSI iBoard
2025-10-20,24.910000,25.220000,23.260000,23.260000,102963100,SSI iBoard
2025-10-21,23.480000,24.100000,23.210000,23.930000,74275800,SSI iBoard
2025-10-22,24.010000,24.010000,23.350000,23.840000,37268800,SSI iBoard
2025-10-23,23.880000,24.100000,23.660000,23.660000,23443400,SSI iBoard
2025-10-24,23.660000,23.840000,23.300000,23.570000,30587700,SSI iBoard
2025-10-27,23.880000,23.970000,23.430000,23.430000,27390800,SSI iBoard
2025-10-28,23.520000,23.930000,23.350000,23.930000,28512100,SSI iBoard
2025-10-29,24.010000,24.590000,24.010000,24.330000,39448900,SSI iBoard
2025-10-30,24.460000,24.460000,24.010000,24.010000,23693500,SSI iBoard
2025-10-31,24.010000,24.190000,23.840000,23.840000,19779100,SSI iBoard
2025-11-03,23.880000,24.010000,23.260000,23.260000,28356600,SSI iBoard
2025-11-04,23.350000,23.970000,23.170000,23.880000,37767100,SSI iBoard
2025-11-05,23.610000,23.880000,23.430000,23.480000,20835300,SSI iBoard
2025-11-06,23.520000,23.660000,23.300000,23.300000,21207600,SSI iBoard
2025-11-07,23.350000,23.700000,23.210000,23.260000,55100200,SSI iBoard
2025-11-10,23.390000,23.880000,23.300000,23.610000,48017900,SSI iBoard
2025-11-11,23.750000,24.010000,23.610000,23.750000,31332100,SSI iBoard
2025-11-12,23.790000,24.190000,23.790000,24.100000,30662900,SSI iBoard
2025-11-13,24.100000,24.150000,23.700000,23.700000,18927500,SSI iBoard
2025-11-14,23.660000,24.060000,23.660000,24.010000,22112200,SSI iBoard
2025-11-17,24.150000,24.420000,24.150000,24.370000,32158300,SSI iBoard
2025-11-18,24.330000,24.640000,24.240000,24.550000,35028300,SSI iBoard
2025-11-19,24.550000,25.310000,24.510000,24.640000,56320700,SSI iBoard
2025-11-20,24.730000,24.820000,24.240000,24.330000,23049300,SSI iBoard
2025-11-21,24.240000,24.510000,24.010000,24.460000,22607900,SSI iBoard
2025-11-24,24.460000,24.590000,24.190000,24.190000,14707800,SSI iBoard
2025-11-25,24.240000,24.420000,24.010000,24.010000,24346200,SSI iBoard
2025-11-26,24.060000,24.280000,23.970000,24.190000,19022200,SSI iBoard
2025-11-27,24.280000,24.370000,24.010000,24.010000,13956200,SSI iBoard
2025-11-28,24.010000,24.150000,23.700000,23.700000,20789300,SSI iBoard
2025-12-01,23.790000,23.880000,23.660000,23.660000,19747100,SSI iBoard
2025-12-02,23.700000,23.790000,23.390000,23.660000,26073200,SSI iBoard
2025-12-03,23.750000,23.970000,23.610000,23.930000,21527600,SSI iBoard
2025-12-04,24.060000,24.510000,24.010000,24.370000,35081200,SSI iBoard
2025-12-05,24.420000,24.420000,24.100000,24.100000,17662100,SSI iBoard
2025-12-08,24.010000,24.190000,23.880000,23.880000,21455600,SSI iBoard
2025-12-09,23.840000,24.010000,23.570000,23.570000,39911800,SSI iBoard
2025-12-10,23.790000,24.100000,23.750000,23.790000,19708000,SSI iBoard
2025-12-11,23.840000,24.010000,23.660000,23.700000,17142200,SSI iBoard
2025-12-12,23.750000,23.840000,23.210000,23.210000,37088200,SSI iBoard
2025-12-15,23.430000,23.570000,23.260000,23.430000,23939400,SSI iBoard
2025-12-16,23.520000,24.060000,23.430000,23.840000,29329900,SSI iBoard
2025-12-17,23.840000,23.840000,23.570000,23.570000,16546600,SSI iBoard
2025-12-18,23.570000,23.700000,23.430000,23.570000,18777900,SSI iBoard
2025-12-19,23.570000,23.840000,23.570000,23.840000,29580600,SSI iBoard
2025-12-22,23.840000,24.190000,23.750000,24.010000,54880900,SSI iBoard
2025-12-23,24.150000,24.280000,23.790000,23.880000,29588500,SSI iBoard
2025-12-24,23.970000,23.970000,23.660000,23.700000,23136900,SSI iBoard
2025-12-25,23.700000,23.790000,23.430000,23.430000,29780000,SSI iBoard
2025-12-26,24.190000,24.730000,23.790000,24.010000,94035000,SSI iBoard
2025-12-29,24.100000,24.100000,23.790000,23.840000,16525200,SSI iBoard
2025-12-30,23.840000,23.970000,23.660000,23.660000,24581900,SSI iBoard
2025-12-31,23.610000,23.750000,23.520000,23.570000,20149700,SSI iBoard
2026-01-05,23.570000,23.700000,22.940000,23.170000,46487900,SSI iBoard
2026-01-06,23.210000,23.390000,22.630000,23.170000,39616600,SSI iBoard
2026-01-07,23.170000,23.880000,23.170000,23.750000,37249700,SSI iBoard
2026-01-08,23.840000,23.930000,23.570000,23.570000,37518600,SSI iBoard
2026-01-09,23.930000,23.930000,23.390000,23.390000,35089300,SSI iBoard
2026-01-12,23.520000,24.640000,23.520000,24.550000,83534900,SSI iBoard
2026-01-13,24.770000,24.910000,24.100000,24.330000,45777400,SSI iBoard
2026-01-14,24.510000,24.640000,24.100000,24.330000,53908300,SSI iBoard
2026-01-15,24.330000,24.910000,24.330000,24.640000,61937700,SSI iBoard
2026-01-16,24.820000,25.220000,24.370000,24.640000,65577000,SSI iBoard
2026-01-19,24.910000,25.180000,24.680000,24.730000,40465900,SSI iBoard
2026-01-20,24.860000,24.950000,24.190000,24.330000,44169600,SSI iBoard
2026-01-21,24.240000,24.330000,23.790000,23.930000,37234300,SSI iBoard
2026-01-22,24.010000,24.370000,23.970000,23.970000,27732600,SSI iBoard
2026-01-23,24.190000,24.240000,23.880000,23.880000,24233600,SSI iBoard
2026-01-26,23.880000,23.930000,23.350000,23.480000,33759300,SSI iBoard
2026-01-27,23.520000,23.700000,23.390000,23.610000,21014200,SSI iBoard
2026-01-28,23.700000,24.190000,23.700000,23.840000,29982700,SSI iBoard
2026-01-29,23.930000,24.190000,23.930000,24.190000,27608700,SSI iBoard
2026-01-30,24.370000,24.550000,23.880000,23.930000,40558400,SSI iBoard
2026-02-02,23.930000,23.930000,23.430000,23.700000,44024300,SSI iBoard
2026-02-03,23.790000,24.190000,23.790000,23.880000,32029900,SSI iBoard
2026-02-04,23.970000,25.530000,23.970000,25.260000,145418100,SSI iBoard
2026-02-05,25.260000,25.310000,24.590000,24.590000,32887100,SSI iBoard
2026-02-06,24.420000,25.090000,23.930000,23.930000,67073000,SSI iBoard
2026-02-09,24.150000,24.370000,23.840000,23.880000,24310400,SSI iBoard
2026-02-10,24.010000,24.060000,23.570000,23.700000,32543400,SSI iBoard
2026-02-11,23.790000,24.190000,23.660000,23.970000,26495200,SSI iBoard
2026-02-12,24.100000,24.190000,23.880000,24.010000,13137000,SSI iBoard
2026-02-13,24.010000,24.240000,23.930000,23.970000,24069800,SSI iBoard
2026-02-23,24.190000,24.550000,24.190000,24.550000,36086500,SSI iBoard
2026-02-24,24.550000,25.350000,24.420000,25.260000,99498300,SSI iBoard
2026-02-25,25.350000,26.510000,25.350000,26.160000,136409200,SSI iBoard
2026-02-26,26.340000,26.380000,25.710000,26.250000,54496800,SSI iBoard
2026-02-27,26.200000,26.250000,25.710000,25.710000,47306500,SSI iBoard
2026-03-02,25.180000,26.110000,25.040000,25.440000,86907000,SSI iBoard
2026-03-03,25.710000,25.760000,24.640000,24.730000,69294100,SSI iBoard
2026-03-04,24.640000,24.860000,23.930000,24.730000,68275500,SSI iBoard
2026-03-05,24.950000,25.130000,24.190000,24.330000,47998900,SSI iBoard
2026-03-06,24.100000,24.640000,23.970000,24.330000,44351700,SSI iBoard
2026-03-09,22.760000,23.350000,22.630000,22.630000,120981900,SSI iBoard
2026-03-10,23.930000,24.190000,23.350000,24.190000,91236600,SSI iBoard
2026-03-11,24.240000,24.680000,24.060000,24.460000,49913200,SSI iBoard
2026-03-12,24.100000,24.240000,23.790000,23.930000,44045900,SSI iBoard
2026-03-13,23.840000,24.280000,23.660000,23.790000,28666500,SSI iBoard
2026-03-16,23.790000,24.060000,23.700000,23.880000,19880400,SSI iBoard
2026-03-17,24.100000,24.420000,24.010000,24.010000,24176300,SSI iBoard
2026-03-18,24.010000,24.240000,23.790000,23.930000,23058500,SSI iBoard
2026-03-19,23.660000,23.970000,23.520000,23.840000,36837300,SSI iBoard
2026-03-20,23.660000,23.700000,23.120000,23.120000,60885800,SSI iBoard
2026-03-23,22.900000,23.390000,22.540000,22.760000,44362900,SSI iBoard
2026-03-24,23.210000,23.480000,23.080000,23.170000,27778800,SSI iBoard
2026-03-25,23.480000,23.570000,23.300000,23.520000,22967100,SSI iBoard
2026-03-26,23.480000,23.520000,23.120000,23.120000,18424200,SSI iBoard
2026-03-27,23.170000,23.840000,23.080000,23.660000,26863700,SSI iBoard
2026-03-30,23.350000,24.190000,23.170000,24.010000,41276100,SSI iBoard
2026-03-31,24.150000,24.330000,23.930000,24.010000,23553000,SSI iBoard
2026-04-01,24.420000,24.510000,24.190000,24.240000,31503700,SSI iBoard
2026-04-02,24.100000,24.550000,23.880000,24.420000,50005700,SSI iBoard
2026-04-03,24.420000,24.460000,23.750000,23.790000,31383300,SSI iBoard
2026-04-06,23.790000,24.190000,23.750000,23.970000,19748100,SSI iBoard
2026-04-07,23.930000,24.190000,23.880000,23.930000,13164600,SSI iBoard
2026-04-08,24.550000,25.040000,24.460000,25.000000,67646600,SSI iBoard
2026-04-09,24.910000,25.530000,24.680000,25.220000,51607600,SSI iBoard
2026-04-10,25.530000,25.530000,25.000000,25.000000,35473400,SSI iBoard
2026-04-13,24.860000,25.130000,24.820000,24.820000,23005200,SSI iBoard
2026-04-14,25.090000,25.710000,24.950000,25.490000,61934200,SSI iBoard
2026-04-15,25.620000,25.670000,25.040000,25.040000,29753200,SSI iBoard
2026-04-16,25.040000,25.180000,24.770000,24.950000,27972100,SSI iBoard
2026-04-17,24.950000,25.220000,24.910000,25.000000,21399500,SSI iBoard
2026-04-20,25.130000,25.400000,25.040000,25.400000,26441700,SSI iBoard
2026-04-21,26.020000,26.290000,25.440000,25.490000,99647300,SSI iBoard
2026-04-22,25.490000,25.620000,25.040000,25.180000,27745600,SSI iBoard
2026-04-23,25.180000,25.310000,24.640000,24.820000,41133900,SSI iBoard
2026-04-24,24.910000,24.950000,24.550000,24.910000,23402000,SSI iBoard
2026-04-28,24.820000,25.000000,24.730000,24.770000,14071500,SSI iBoard
2026-04-29,24.680000,24.910000,24.640000,24.770000,17239200,SSI iBoard
2026-05-04,24.770000,24.950000,24.460000,24.640000,32374300,SSI iBoard
2026-05-05,24.680000,24.730000,24.280000,24.370000,30692800,SSI iBoard
2026-05-06,24.460000,24.820000,24.370000,24.640000,27672000,SSI iBoard
2026-05-07,24.820000,24.910000,24.640000,24.770000,20348100,SSI iBoard
2026-05-08,24.770000,24.910000,24.590000,24.860000,20678200,SSI iBoard
2026-05-11,25.000000,25.000000,24.550000,24.550000,23658100,SSI iBoard
2026-05-12,24.550000,24.730000,24.410000,24.450000,19170900,SSI iBoard
2026-05-13,24.500000,24.770000,24.360000,24.640000,21544700,SSI iBoard
2026-05-14,24.820000,24.910000,24.590000,24.590000,14047100,SSI iBoard
2026-05-15,24.590000,24.640000,24.050000,24.140000,75838200,SSI iBoard
2026-05-18,24.090000,24.270000,23.860000,24.050000,27485500,SSI iBoard
2026-05-19,24.090000,24.230000,23.860000,23.860000,25111900,SSI iBoard
2026-05-20,23.910000,24.000000,23.410000,23.820000,40983800,SSI iBoard
2026-05-21,23.950000,24.270000,23.910000,24.140000,30562500,SSI iBoard
2026-05-22,24.180000,24.230000,23.950000,23.950000,25794000,SSI iBoard
2026-05-25,24.250000,24.350000,24.100000,24.100000,26989100,SSI iBoard
2026-05-26,24.100000,24.250000,24.000000,24.250000,20723700,SSI iBoard
2026-05-27,24.400000,24.500000,24.150000,24.150000,23114500,SSI iBoard
2026-05-28,24.150000,24.250000,24.000000,24.000000,15668300,SSI iBoard
2026-05-29,24.050000,24.200000,23.900000,24.000000,16365900,SSI iBoard
2026-06-01,24.000000,24.150000,23.950000,24.050000,9668300,SSI iBoard
2026-06-02,24.000000,24.050000,23.700000,23.700000,25529600,SSI iBoard
2026-06-03,23.700000,24.150000,23.600000,24.150000,20573500,SSI iBoard
2026-06-04,24.150000,24.150000,23.900000,23.950000,10065300,SSI iBoard
2026-06-05,23.950000,24.050000,23.750000,23.750000,13891200,SSI iBoard
2026-06-08,23.650000,23.750000,23.300000,23.300000,22769900,SSI iBoard
2026-06-09,23.350000,23.550000,23.300000,23.550000,12441700,SSI iBoard
2026-06-10,23.550000,23.700000,23.450000,23.600000,7505500,SSI iBoard
2026-06-11,23.500000,23.550000,23.300000,23.300000,10177700,SSI iBoard
2026-06-12,23.550000,23.550000,23.200000,23.200000,13271400,SSI iBoard
2026-06-15,23.550000,24.350000,23.550000,24.350000,30695200,SSI iBoard
2026-06-16,24.250000,24.350000,24.100000,24.200000,14145800,SSI iBoard
2026-06-17,24.200000,24.300000,24.000000,24.000000,19039000,SSI iBoard
2026-06-18,24.050000,24.150000,23.650000,23.650000,18040500,SSI iBoard
2026-06-19,23.800000,23.900000,23.600000,23.600000,20055700,SSI iBoard
2026-06-22,23.700000,23.850000,23.600000,23.600000,10684400,SSI iBoard
2026-06-23,23.650000,23.700000,23.300000,23.300000,29071800,SSI iBoard
2026-06-24,23.400000,23.600000,23.300000,23.500000,12927300,SSI iBoard
2026-06-25,23.500000,23.600000,23.400000,23.400000,7659100,SSI iBoard
2026-06-26,23.400000,23.500000,23.350000,23.500000,15468600,SSI iBoard
2026-06-29,23.550000,23.650000,23.450000,23.650000,14158200,SSI iBoard
2026-06-30,23.700000,23.700000,23.250000,23.300000,30593200,SSI iBoard
2026-07-01,23.400000,23.550000,23.350000,23.450000,14937400,SSI iBoard
2026-07-02,23.500000,23.650000,23.350000,23.400000,13367500,SSI iBoard
2026-07-03,23.400000,23.500000,23.250000,23.250000,15935100,SSI iBoard
2026-07-06,23.400000,23.600000,23.000000,23.100000,21299300,SSI iBoard
2026-07-07,23.200000,23.250000,23.000000,23.100000,13839600,SSI iBoard
2026-07-08,23.150000,23.400000,23.050000,23.200000,12499500,SSI iBoard
2026-07-09,23.200000,23.250000,23.100000,23.200000,11643400,SSI iBoard
2026-07-10,23.200000,23.250000,22.950000,22.950000,11906800,SSI iBoard
2026-07-13,22.950000,22.950000,22.350000,22.400000,32309000,SSI iBoard
2026-07-14,22.300000,22.500000,22.000000,22.500000,22481900,SSI iBoard
2026-07-15,22.500000,22.600000,22.150000,22.400000,21464500,SSI iBoard
2026-07-16,22.300000,22.400000,21.800000,22.200000,22880600,SSI iBoard
2026-07-17,22.200000,22.350000,21.850000,21.850000,17006300,SSI iBoard
2026-07-20,21.750000,21.750000,20.500000,20.600000,53245200,SSI iBoard
2026-07-21,20.500000,21.150000,20.500000,20.800000,27198700,SSI iBoard
2026-07-22,20.900000,21.050000,20.500000,20.700000,43471900,SSI iBoard
2026-07-23,20.700000,21.000000,20.150000,20.800000,36967600,SSI iBoard
2026-07-24,20.700000,21.000000,20.600000,20.800000,17632000,SSI iBoard
2026-07-27,20.900000,21.000000,20.300000,20.350000,18166800,SSI iBoard
2026-07-28,20.150000,21.000000,20.100000,21.000000,29151700,SSI iBoard
2026-07-29,21.050000,21.650000,20.900000,21.650000,36250000,SSI iBoard
2026-07-30,21.650000,22.050000,21.500000,21.800000,29968000,SSI iBoard
2026-07-31,21.800000,21.850000,21.400000,21.700000,24111500,SSI iBoard
2026-08-03,21.700000,22.650000,21.650000,22.550000,44448000,SSI iBoard
2026-08-04,22.550000,22.600000,22.100000,22.150000,22694000,SSI iBoard
2026-08-05,22.350000,22.600000,21.950000,22.000000,27963700,SSI iBoard
2026-08-06,22.250000,22.300000,21.850000,21.850000,14369400,SSI iBoard
2026-08-07,21.900000,22.300000,21.750000,22.000000,13018100,SSI iBoard
2026-08-10,22.250000,22.300000,21.950000,22.100000,16732700,SSI iBoard
2026-08-11,22.200000,22.250000,22.050000,22.050000,13694600,SSI iBoard
2026-08-12,22.000000,22.350000,21.950000,22.100000,15925100,SSI iBoard
2026-08-13,22.200000,22.250000,21.700000,21.700000,25702700,SSI iBoard
2026-08-14,21.700000,21.800000,21.200000,21.250000,27443600,SSI iBoard
2026-08-17,21.250000,21.450000,21.050000,21.200000,18455500,SSI iBoard
2026-08-18,21.150000,21.400000,21.000000,21.000000,16367500,SSI iBoard
2026-08-19,21.100000,21.200000,20.900000,21.200000,15312500,SSI iBoard
2026-08-20,21.250000,21.450000,21.150000,21.150000,15156400,SSI iBoard
2026-08-21,21.150000,21.750000,21.050000,21.700000,25138400,SSI iBoard
2026-08-24,22.000000,22.300000,21.850000,22.250000,28790200,SSI iBoard
2026-08-25,22.250000,22.300000,21.800000,21.800000,25844100,SSI iBoard
2026-08-26,21.800000,22.100000,21.750000,22.050000,19394800,SSI iBoard
2026-08-27,22.050000,22.400000,22.050000,22.200000,19201900,SSI iBoard
2026-08-28,22.250000,22.350000,22.050000,22.100000,17126700,SSI iBoard
2026-09-03,22.000000,22.000000,21.550000,21.600000,26985600,SSI iBoard
2026-09-04,21.750000,21.800000,21.600000,21.700000,13920900,SSI iBoard
2026-09-07,21.800000,22.150000,21.550000,21.550000,19957800,SSI iBoard
2026-09-08,21.550000,21.900000,21.550000,21.850000,13387600,SSI iBoard
2026-09-09,21.900000,22.200000,21.850000,22.050000,22432800,SSI iBoard
2026-09-10,22.000000,22.050000,21.800000,21.850000,13391400,SSI iBoard
2026-09-11,21.750000,21.800000,21.300000,21.300000,22031700,SSI iBoard
2026-09-14,21.300000,21.400000,20.850000,20.900000,24046000,SSI iBoard
2026-09-15,21.000000,21.200000,21.000000,21.200000,11937200,SSI iBoard
2026-09-16,21.200000,21.250000,20.950000,20.950000,12277500,SSI iBoard
2026-09-17,20.800000,21.400000,20.750000,21.200000,17574100,SSI iBoard
2026-09-18,21.450000,21.550000,21.300000,21.550000,31124900,SSI iBoard
2026-09-21,21.550000,21.600000,21.100000,21.100000,15824000,SSI iBoard
2026-09-22,21.150000,21.250000,21.100000,21.150000,8104500,SSI iBoard
2026-09-23,21.150000,21.200000,21.050000,21.050000,10766000,SSI iBoard
2026-09-24,21.050000,21.100000,20.800000,20.800000,15528500,SSI iBoard
2026-09-25,20.800000,20.950000,20.650000,20.650000,14623900,SSI iBoard
2026-09-28,20.750000,20.800000,20.150000,20.200000,24184800,SSI iBoard
2026-09-29,20.200000,20.400000,20.150000,20.300000,18773900,SSI iBoard
2026-09-30,20.300000,20.500000,20.150000,20.150000,13350300,SSI iBoard
