date,open,high,low,close,volume,source
2006-07-12,12.550000,12.550000,12.550000,12.550000,763190,SSI iBoard
2006-07-13,12.870000,13.110000,12.870000,13.110000,1694670,SSI iBoard
2006-07-14,13.350000,13.350000,12.950000,12.950000,935410,SSI iBoard
2006-07-17,12.710000,12.710000,12.470000,12.470000,1320510,SSI iBoard
2006-07-18,12.140000,12.140000,12.140000,12.140000,721380,SSI iBoard
2006-07-19,12.060000,12.060000,11.740000,11.740000,747410,SSI iBoard
2006-07-20,11.580000,12.300000,11.580000,12.300000,988420,SSI iBoard
2006-07-21,12.140000,12.140000,12.060000,12.060000,603240,SSI iBoard
2006-07-24,12.060000,12.060000,11.820000,11.820000,311780,SSI iBoard
2006-07-25,11.660000,11.660000,11.260000,11.260000,342530,SSI iBoard
2006-07-26,10.860000,11.100000,10.860000,11.020000,311540,SSI iBoard
2006-07-27,11.020000,11.020000,10.940000,11.020000,400570,SSI iBoard
2006-07-28,11.100000,11.100000,10.860000,10.860000,289270,SSI iBoard
2006-07-31,10.460000,10.460000,10.370000,10.370000,200780,SSI iBoard
2006-08-01,9.890000,9.890000,9.890000,9.890000,167240,SSI iBoard
2006-08-02,9.410000,9.410000,9.410000,9.410000,476710,SSI iBoard
2006-08-03,9.810000,9.810000,9.810000,9.810000,542710,SSI iBoard
2006-08-04,10.290000,10.290000,10.290000,10.290000,117920,SSI iBoard
2006-08-07,10.460000,10.460000,9.890000,9.890000,538860,SSI iBoard
2006-08-08,9.890000,10.210000,9.890000,10.050000,246690,SSI iBoard
2006-08-09,9.730000,9.810000,9.650000,9.650000,1078960,SSI iBoard
2006-08-10,9.650000,9.810000,9.650000,9.810000,293470,SSI iBoard
2006-08-11,9.810000,9.970000,9.810000,9.970000,395920,SSI iBoard
2006-08-14,10.290000,10.460000,10.290000,10.460000,487760,SSI iBoard
2006-08-15,10.460000,10.460000,10.210000,10.210000,534520,SSI iBoard
2006-08-16,10.370000,10.460000,10.370000,10.460000,286200,SSI iBoard
2006-08-17,10.780000,10.780000,10.540000,10.540000,563530,SSI iBoard
2006-08-18,10.700000,10.700000,10.460000,10.460000,370910,SSI iBoard
2006-08-21,10.460000,10.460000,10.370000,10.370000,191270,SSI iBoard
2006-08-22,10.210000,10.210000,10.130000,10.130000,268930,SSI iBoard
2006-08-23,10.050000,10.290000,10.050000,10.290000,164010,SSI iBoard
2006-08-24,10.290000,10.290000,10.290000,10.290000,154360,SSI iBoard
2006-08-25,10.290000,10.290000,10.210000,10.210000,87030,SSI iBoard
2006-08-28,10.210000,10.370000,10.210000,10.370000,185880,SSI iBoard
2006-08-29,10.460000,10.460000,10.460000,10.460000,340960,SSI iBoard
2006-08-30,10.460000,10.460000,10.460000,10.460000,373920,SSI iBoard
2006-08-31,10.540000,10.540000,10.540000,10.540000,432700,SSI iBoard
2006-09-01,10.700000,10.860000,10.700000,10.860000,599270,SSI iBoard
2006-09-05,11.340000,11.340000,11.340000,11.340000,358380,SSI iBoard
2006-09-06,11.740000,11.740000,11.420000,11.420000,442200,SSI iBoard
2006-09-07,11.260000,11.260000,11.180000,11.180000,290910,SSI iBoard
2006-09-08,11.260000,11.260000,11.260000,11.260000,280320,SSI iBoard
2006-09-11,11.340000,11.340000,11.260000,11.260000,235040,SSI iBoard
2006-09-12,11.180000,11.180000,10.940000,10.940000,276340,SSI iBoard
2006-09-13,11.020000,11.260000,11.020000,11.260000,173700,SSI iBoard
2006-09-14,11.180000,11.180000,11.100000,11.100000,153820,SSI iBoard
2006-09-15,11.180000,11.260000,11.180000,11.260000,276270,SSI iBoard
2006-09-18,11.260000,11.260000,11.180000,11.180000,160300,SSI iBoard
2006-09-19,11.180000,11.180000,11.180000,11.180000,176660,SSI iBoard
2006-09-20,11.260000,11.260000,11.180000,11.180000,312200,SSI iBoard
2006-09-21,11.260000,11.260000,11.180000,11.180000,247000,SSI iBoard
2006-09-22,11.100000,11.180000,11.100000,11.180000,154130,SSI iBoard
2006-09-25,11.100000,11.180000,11.100000,11.180000,188410,SSI iBoard
2006-09-26,11.180000,11.180000,11.100000,11.180000,174710,SSI iBoard
2006-09-27,11.180000,11.180000,11.100000,11.100000,265890,SSI iBoard
2006-09-28,11.260000,11.580000,11.260000,11.580000,729790,SSI iBoard
2006-09-29,11.580000,11.580000,11.340000,11.340000,320830,SSI iBoard
2006-10-02,11.340000,11.420000,11.340000,11.420000,266150,SSI iBoard
2006-10-03,11.580000,11.580000,11.500000,11.580000,421820,SSI iBoard
2006-10-04,12.060000,12.060000,11.740000,11.740000,647480,SSI iBoard
2006-10-05,11.740000,11.740000,11.660000,11.660000,368720,SSI iBoard
2006-10-06,11.580000,11.740000,11.580000,11.740000,317810,SSI iBoard
2006-10-09,11.740000,11.740000,11.660000,11.660000,456440,SSI iBoard
2006-10-10,11.660000,11.660000,11.500000,11.500000,287780,SSI iBoard
2006-10-11,11.420000,11.500000,11.420000,11.420000,444880,SSI iBoard
2006-10-12,11.500000,11.500000,11.420000,11.420000,504170,SSI iBoard
2006-10-13,11.410000,11.410000,11.410000,11.410000,262250,SSI iBoard
2006-10-16,11.410000,11.410000,11.320000,11.320000,196690,SSI iBoard
2006-10-17,11.150000,11.150000,10.970000,10.970000,279980,SSI iBoard
2006-10-18,10.970000,10.970000,10.880000,10.880000,249990,SSI iBoard
2006-10-19,10.970000,11.060000,10.970000,11.060000,404320,SSI iBoard
2006-10-20,11.150000,11.150000,11.150000,11.150000,250130,SSI iBoard
2006-10-23,11.060000,11.060000,11.060000,11.060000,131650,SSI iBoard
2006-10-24,11.060000,11.060000,11.060000,11.060000,128990,SSI iBoard
2006-10-25,10.970000,11.060000,10.970000,10.970000,143870,SSI iBoard
2006-10-26,10.970000,10.970000,10.970000,10.970000,130360,SSI iBoard
2006-10-27,10.790000,10.790000,10.790000,10.790000,191620,SSI iBoard
2006-10-30,10.700000,10.700000,10.620000,10.620000,182090,SSI iBoard
2006-10-31,10.440000,10.530000,10.440000,10.530000,323500,SSI iBoard
2006-11-01,10.700000,10.880000,10.700000,10.880000,210180,SSI iBoard
2006-11-02,10.970000,10.970000,10.790000,10.790000,280390,SSI iBoard
2006-11-03,10.700000,10.700000,10.700000,10.700000,145590,SSI iBoard
2006-11-06,10.700000,10.790000,10.700000,10.790000,178510,SSI iBoard
2006-11-07,10.880000,10.880000,10.790000,10.790000,197790,SSI iBoard
2006-11-08,10.790000,10.790000,10.790000,10.790000,150920,SSI iBoard
2006-11-09,10.790000,10.790000,10.790000,10.790000,157120,SSI iBoard
2006-11-10,10.790000,10.790000,10.700000,10.700000,187530,SSI iBoard
2006-11-13,10.700000,10.790000,10.700000,10.790000,128790,SSI iBoard
2006-11-14,10.790000,11.060000,10.790000,11.060000,275600,SSI iBoard
2006-11-15,11.320000,11.320000,11.060000,11.060000,404230,SSI iBoard
2006-11-16,10.880000,10.880000,10.880000,10.880000,102170,SSI iBoard
2006-11-17,10.970000,11.060000,10.880000,11.060000,225060,SSI iBoard
2006-11-20,11.060000,11.060000,10.880000,10.880000,288090,SSI iBoard
2006-11-21,10.880000,10.880000,10.880000,10.880000,252180,SSI iBoard
2006-11-22,10.970000,10.970000,10.970000,10.970000,522740,SSI iBoard
2006-11-23,11.240000,11.500000,11.240000,11.500000,932860,SSI iBoard
2006-11-24,12.030000,12.030000,12.030000,12.030000,1422510,SSI iBoard
2006-11-27,12.560000,12.560000,11.500000,11.500000,1155520,SSI iBoard
2006-11-28,11.680000,11.850000,11.680000,11.680000,769620,SSI iBoard
2006-11-29,11.500000,11.500000,11.240000,11.240000,683560,SSI iBoard
2006-11-30,11.320000,11.410000,11.320000,11.320000,452420,SSI iBoard
2006-12-01,11.320000,11.320000,11.320000,11.320000,549720,SSI iBoard
2006-12-04,11.500000,11.500000,11.320000,11.320000,251050,SSI iBoard
2006-12-05,11.320000,11.320000,11.240000,11.240000,328060,SSI iBoard
2006-12-06,11.320000,11.320000,11.240000,11.240000,391760,SSI iBoard
2006-12-07,11.320000,11.770000,11.320000,11.770000,724950,SSI iBoard
2006-12-08,11.770000,11.770000,11.770000,11.770000,159600,SSI iBoard
2006-12-11,12.030000,12.030000,12.030000,12.030000,845050,SSI iBoard
2006-12-12,12.030000,12.030000,11.680000,11.680000,595410,SSI iBoard
2006-12-13,11.680000,11.680000,11.680000,11.680000,484060,SSI iBoard
2006-12-14,11.680000,11.680000,11.500000,11.500000,531450,SSI iBoard
2006-12-15,11.590000,11.850000,11.590000,11.850000,669860,SSI iBoard
2006-12-18,12.300000,12.300000,11.940000,11.940000,1196360,SSI iBoard
2006-12-19,12.210000,12.390000,12.210000,12.390000,1269640,SSI iBoard
2006-12-20,12.560000,12.920000,12.560000,12.920000,1236380,SSI iBoard
2006-12-21,13.450000,13.450000,12.560000,12.560000,1260800,SSI iBoard
2006-12-22,12.030000,12.120000,12.030000,12.120000,773240,SSI iBoard
2006-12-25,12.300000,12.650000,12.300000,12.650000,576660,SSI iBoard
2006-12-26,12.830000,12.830000,12.740000,12.740000,571160,SSI iBoard
2006-12-27,12.920000,12.920000,12.830000,12.830000,469440,SSI iBoard
2006-12-28,12.650000,12.650000,12.650000,12.650000,362220,SSI iBoard
2006-12-29,12.560000,12.740000,12.560000,12.740000,427680,SSI iBoard
2007-01-02,13.000000,13.000000,12.650000,12.650000,545960,SSI iBoard
2007-01-03,12.740000,12.920000,12.740000,12.920000,364880,SSI iBoard
2007-01-04,13.180000,13.450000,13.180000,13.450000,717040,SSI iBoard
2007-01-05,13.450000,13.450000,13.360000,13.360000,602830,SSI iBoard
2007-01-08,13.180000,13.180000,13.180000,13.180000,750770,SSI iBoard
2007-01-09,13.180000,13.180000,13.090000,13.090000,596710,SSI iBoard
2007-01-10,13.000000,13.090000,12.920000,12.920000,689330,SSI iBoard
2007-01-11,12.920000,12.920000,12.830000,12.830000,588080,SSI iBoard
2007-01-12,12.830000,12.830000,12.740000,12.740000,832080,SSI iBoard
2007-01-15,12.830000,12.830000,12.740000,12.830000,915790,SSI iBoard
2007-01-16,13.450000,13.450000,13.360000,13.450000,1315340,SSI iBoard
2007-01-17,14.070000,14.070000,14.070000,14.070000,1193260,SSI iBoard
2007-01-18,14.690000,14.690000,14.690000,14.690000,1327250,SSI iBoard
2007-01-19,15.390000,15.390000,15.390000,15.390000,499510,SSI iBoard
2007-01-22,16.100000,16.100000,16.100000,16.100000,134310,SSI iBoard
2007-01-23,16.900000,16.900000,16.900000,16.900000,44110,SSI iBoard
2007-01-24,17.690000,17.690000,17.690000,17.690000,154660,SSI iBoard
2007-01-25,16.810000,16.810000,16.810000,16.810000,1875550,SSI iBoard
2007-01-26,16.810000,17.340000,16.810000,17.340000,1316130,SSI iBoard
2007-01-29,17.600000,17.600000,17.600000,17.600000,857290,SSI iBoard
2007-01-30,17.600000,17.690000,17.600000,17.690000,970640,SSI iBoard
2007-01-31,17.690000,17.690000,17.340000,17.340000,837230,SSI iBoard
2007-02-01,17.340000,17.340000,16.990000,16.990000,759030,SSI iBoard
2007-02-02,16.810000,16.810000,16.810000,16.810000,494190,SSI iBoard
2007-02-05,17.070000,17.160000,16.990000,16.990000,667550,SSI iBoard
2007-02-06,17.070000,17.340000,17.070000,17.340000,672460,SSI iBoard
2007-02-07,17.690000,17.690000,17.690000,17.690000,881820,SSI iBoard
2007-02-08,17.690000,17.690000,17.160000,17.160000,527940,SSI iBoard
2007-02-09,16.810000,17.160000,16.810000,17.160000,540740,SSI iBoard
2007-02-12,17.160000,17.520000,17.160000,17.520000,440390,SSI iBoard
2007-02-13,17.690000,17.690000,17.520000,17.520000,501140,SSI iBoard
2007-02-14,17.430000,17.520000,17.430000,17.430000,505450,SSI iBoard
2007-02-15,17.520000,17.600000,17.340000,17.340000,770430,SSI iBoard
2007-02-26,18.050000,18.050000,18.050000,18.050000,795470,SSI iBoard
2007-02-27,18.930000,18.930000,18.930000,18.930000,1033090,SSI iBoard
2007-02-28,19.820000,19.820000,19.110000,19.110000,1526510,SSI iBoard
2007-03-01,19.990000,19.990000,19.460000,19.640000,1169600,SSI iBoard
2007-03-02,19.990000,20.520000,19.990000,20.520000,1173970,SSI iBoard
2007-03-05,21.410000,21.410000,21.410000,21.410000,199110,SSI iBoard
2007-03-06,22.470000,22.470000,22.470000,22.470000,157450,SSI iBoard
2007-03-07,23.530000,23.530000,23.530000,23.530000,213780,SSI iBoard
2007-03-08,24.590000,24.590000,24.590000,24.590000,356810,SSI iBoard
2007-03-09,25.660000,25.660000,24.770000,24.770000,1344220,SSI iBoard
2007-03-12,26.010000,26.010000,26.010000,26.010000,1124790,SSI iBoard
2007-03-13,27.250000,27.250000,27.250000,27.250000,1006080,SSI iBoard
2007-03-14,26.540000,26.540000,26.010000,26.010000,889080,SSI iBoard
2007-03-15,24.770000,24.770000,24.770000,24.770000,709830,SSI iBoard
2007-03-16,26.010000,26.010000,26.010000,26.010000,996470,SSI iBoard
2007-03-19,27.250000,27.250000,27.250000,27.250000,289600,SSI iBoard
2007-03-20,28.490000,28.490000,28.490000,28.490000,342780,SSI iBoard
2007-03-21,29.900000,29.900000,29.550000,29.550000,1984180,SSI iBoard
2007-03-22,29.550000,29.550000,29.190000,29.190000,1413610,SSI iBoard
2007-03-23,29.190000,29.190000,28.310000,28.310000,1043130,SSI iBoard
2007-03-26,27.420000,27.420000,26.890000,26.890000,869960,SSI iBoard
2007-03-27,25.660000,25.660000,25.660000,25.660000,690590,SSI iBoard
2007-03-28,24.420000,26.890000,24.420000,26.890000,2034740,SSI iBoard
2007-03-29,26.890000,27.250000,26.890000,27.250000,1304950,SSI iBoard
2007-03-30,27.250000,27.250000,26.190000,26.190000,985270,SSI iBoard
2007-04-02,25.120000,25.660000,25.120000,25.660000,687430,SSI iBoard
2007-04-03,25.660000,25.660000,25.480000,25.480000,698300,SSI iBoard
2007-04-04,25.830000,26.010000,25.830000,26.010000,578400,SSI iBoard
2007-04-05,26.010000,26.010000,25.830000,25.830000,420590,SSI iBoard
2007-04-06,25.480000,25.660000,25.480000,25.660000,662690,SSI iBoard
2007-04-09,26.190000,26.190000,26.010000,26.010000,373760,SSI iBoard
2007-04-10,26.190000,26.190000,25.830000,25.830000,630870,SSI iBoard
2007-04-11,25.830000,25.830000,25.830000,25.830000,391770,SSI iBoard
2007-04-12,25.830000,25.830000,25.660000,25.660000,444840,SSI iBoard
2007-04-13,25.480000,25.480000,25.120000,25.120000,522280,SSI iBoard
2007-04-16,24.420000,24.420000,23.890000,23.890000,746530,SSI iBoard
2007-04-17,23.710000,23.710000,23.710000,23.710000,966590,SSI iBoard
2007-04-18,24.770000,24.770000,24.770000,24.770000,293170,SSI iBoard
2007-04-19,26.010000,26.010000,26.010000,26.010000,1528840,SSI iBoard
2007-04-20,25.300000,25.300000,24.950000,24.950000,613990,SSI iBoard
2007-04-23,24.060000,24.060000,24.060000,24.060000,572720,SSI iBoard
2007-04-24,24.420000,24.590000,24.420000,24.420000,458430,SSI iBoard
2007-04-25,24.590000,24.770000,24.590000,24.770000,481340,SSI iBoard
2007-05-02,24.770000,24.770000,24.590000,24.590000,300400,SSI iBoard
2007-05-03,24.590000,24.590000,24.420000,24.420000,216950,SSI iBoard
2007-05-04,24.240000,24.420000,24.240000,24.420000,215300,SSI iBoard
2007-05-07,24.770000,25.120000,24.770000,25.120000,621190,SSI iBoard
2007-05-08,25.660000,25.660000,25.480000,25.480000,706620,SSI iBoard
2007-05-09,25.480000,25.480000,25.120000,25.120000,511170,SSI iBoard
2007-05-10,25.120000,25.120000,24.950000,24.950000,302700,SSI iBoard
2007-05-11,25.120000,26.190000,25.120000,26.190000,981410,SSI iBoard
2007-05-14,27.250000,27.250000,26.890000,26.890000,1254650,SSI iBoard
2007-05-15,26.890000,26.890000,26.540000,26.540000,723670,SSI iBoard
2007-05-16,26.360000,26.360000,26.360000,26.360000,700180,SSI iBoard
2007-05-17,26.540000,27.250000,26.540000,27.250000,1037760,SSI iBoard
2007-05-18,27.600000,27.780000,27.600000,27.780000,1132680,SSI iBoard
2007-05-21,27.960000,28.490000,27.960000,28.490000,1167960,SSI iBoard
2007-05-22,29.900000,29.900000,29.720000,29.720000,1559690,SSI iBoard
2007-05-23,29.550000,29.550000,28.840000,28.840000,909550,SSI iBoard
2007-05-24,28.660000,28.660000,28.310000,28.310000,886790,SSI iBoard
2007-05-25,28.490000,29.370000,28.490000,29.370000,1040270,SSI iBoard
2007-05-28,29.900000,29.900000,29.370000,29.370000,785270,SSI iBoard
2007-05-29,30.080000,30.080000,29.370000,29.370000,1768560,SSI iBoard
2007-05-30,28.660000,28.660000,28.490000,28.490000,1026180,SSI iBoard
2007-05-31,28.490000,28.490000,28.490000,28.490000,828810,SSI iBoard
2007-06-01,28.130000,28.130000,27.600000,27.600000,992530,SSI iBoard
2007-06-04,27.070000,27.070000,26.360000,26.360000,1212960,SSI iBoard
2007-06-05,25.660000,25.660000,25.480000,25.480000,1747130,SSI iBoard
2007-06-06,25.300000,25.480000,25.300000,25.480000,1834680,SSI iBoard
2007-06-07,26.670000,26.670000,26.670000,26.670000,338320,SSI iBoard
2007-06-08,27.860000,27.860000,26.670000,26.670000,2315260,SSI iBoard
2007-06-11,26.160000,26.160000,25.480000,25.480000,777460,SSI iBoard
2007-06-12,24.800000,24.800000,24.630000,24.630000,1036940,SSI iBoard
2007-06-13,24.630000,25.310000,24.630000,25.310000,809000,SSI iBoard
2007-06-14,25.480000,25.480000,25.480000,25.480000,794600,SSI iBoard
2007-06-15,25.480000,25.480000,25.140000,25.140000,475780,SSI iBoard
2007-06-18,24.800000,24.800000,24.800000,24.800000,392170,SSI iBoard
2007-06-19,24.800000,24.800000,24.460000,24.460000,638990,SSI iBoard
2007-06-20,24.290000,24.290000,24.120000,24.120000,896620,SSI iBoard
2007-06-21,23.780000,23.780000,23.270000,23.270000,1066620,SSI iBoard
2007-06-22,23.100000,23.100000,22.760000,22.760000,991370,SSI iBoard
2007-06-25,22.760000,23.270000,22.760000,23.270000,721200,SSI iBoard
2007-06-26,23.780000,23.780000,23.610000,23.610000,693090,SSI iBoard
2007-06-27,23.610000,23.610000,23.100000,23.100000,446000,SSI iBoard
2007-06-28,22.760000,22.760000,22.760000,22.760000,426320,SSI iBoard
2007-06-29,22.420000,22.420000,22.420000,22.420000,533490,SSI iBoard
2007-07-02,22.420000,22.420000,21.570000,21.570000,845440,SSI iBoard
2007-07-03,20.890000,20.890000,20.720000,20.720000,984330,SSI iBoard
2007-07-04,21.060000,21.740000,21.060000,21.740000,1052300,SSI iBoard
2007-07-05,21.740000,21.740000,21.230000,21.230000,737430,SSI iBoard
2007-07-06,21.060000,21.060000,21.060000,21.060000,618380,SSI iBoard
2007-07-09,21.060000,21.400000,21.060000,21.400000,369540,SSI iBoard
2007-07-10,21.570000,21.570000,21.570000,21.570000,703820,SSI iBoard
2007-07-11,21.740000,21.740000,21.740000,21.740000,719840,SSI iBoard
2007-07-12,21.400000,21.400000,21.230000,21.400000,478190,SSI iBoard
2007-07-13,21.060000,21.400000,21.060000,21.400000,385910,SSI iBoard
2007-07-16,21.060000,21.060000,20.890000,20.890000,516650,SSI iBoard
2007-07-17,20.720000,21.060000,20.720000,21.060000,710180,SSI iBoard
2007-07-18,21.060000,21.060000,21.060000,21.060000,470850,SSI iBoard
2007-07-19,20.890000,20.890000,20.720000,20.720000,362620,SSI iBoard
2007-07-20,20.720000,20.720000,20.720000,20.720000,594500,SSI iBoard
2007-07-23,20.720000,20.720000,20.550000,20.550000,465830,SSI iBoard
2007-07-24,20.380000,20.380000,20.380000,20.380000,284340,SSI iBoard
2007-07-25,20.380000,20.380000,20.210000,20.210000,242310,SSI iBoard
2007-07-26,20.040000,20.040000,19.870000,19.870000,332060,SSI iBoard
2007-07-27,19.870000,19.870000,19.870000,19.870000,304360,SSI iBoard
2007-07-30,19.360000,19.700000,19.190000,19.360000,241360,SSI iBoard
2007-07-31,18.680000,18.850000,18.510000,18.510000,543710,SSI iBoard
2007-08-01,18.680000,19.360000,18.510000,19.360000,524820,SSI iBoard
2007-08-02,19.530000,19.700000,19.360000,19.360000,670280,SSI iBoard
2007-08-03,19.020000,19.190000,19.020000,19.020000,319110,SSI iBoard
2007-08-06,18.850000,19.190000,18.680000,18.680000,394900,SSI iBoard
2007-08-07,18.850000,19.020000,18.850000,19.020000,359170,SSI iBoard
2007-08-08,19.020000,19.360000,19.020000,19.020000,421800,SSI iBoard
2007-08-09,19.360000,19.530000,19.190000,19.530000,448330,SSI iBoard
2007-08-10,19.700000,19.870000,19.190000,19.360000,571880,SSI iBoard
2007-08-13,19.020000,19.190000,19.020000,19.020000,283060,SSI iBoard
2007-08-14,19.020000,19.360000,19.020000,19.190000,244930,SSI iBoard
2007-08-15,19.190000,20.720000,17.660000,19.020000,345790,SSI iBoard
2007-08-16,18.680000,18.850000,18.510000,18.680000,523480,SSI iBoard
2007-08-17,18.340000,22.590000,18.510000,18.170000,558450,SSI iBoard
2007-08-20,17.660000,17.830000,17.500000,17.660000,726980,SSI iBoard
2007-08-21,18.510000,18.510000,17.660000,17.830000,2058810,SSI iBoard
2007-08-22,17.500000,17.660000,17.330000,17.330000,1220220,SSI iBoard
2007-08-23,17.330000,17.330000,17.160000,17.330000,988670,SSI iBoard
2007-08-24,18.170000,18.170000,17.660000,18.170000,1221980,SSI iBoard
2007-08-27,18.170000,18.340000,17.830000,18.170000,1285560,SSI iBoard
2007-08-28,18.170000,18.170000,18.000000,18.000000,445800,SSI iBoard
2007-08-29,17.830000,18.000000,17.830000,18.000000,674700,SSI iBoard
2007-08-30,18.000000,18.170000,17.830000,18.000000,637760,SSI iBoard
2007-08-31,18.000000,18.170000,18.000000,18.170000,926210,SSI iBoard
2007-09-04,18.510000,18.680000,18.340000,18.680000,827440,SSI iBoard
2007-09-05,19.020000,19.020000,18.510000,18.510000,1047040,SSI iBoard
2007-09-06,18.680000,18.850000,18.510000,18.680000,966110,SSI iBoard
2007-09-07,18.680000,18.850000,18.680000,18.680000,916000,SSI iBoard
2007-09-10,18.850000,19.020000,18.680000,18.680000,899330,SSI iBoard
2007-09-11,18.680000,18.680000,18.510000,18.510000,651500,SSI iBoard
2007-09-12,18.510000,18.680000,18.510000,18.680000,616110,SSI iBoard
2007-09-13,18.680000,18.850000,18.680000,18.680000,600640,SSI iBoard
2007-09-14,18.680000,18.850000,18.680000,18.850000,553950,SSI iBoard
2007-09-17,19.020000,19.190000,18.850000,19.190000,1034570,SSI iBoard
2007-09-18,19.700000,20.040000,19.530000,20.040000,1987730,SSI iBoard
2007-09-19,20.890000,20.890000,20.890000,20.890000,747910,SSI iBoard
2007-09-20,21.910000,21.910000,21.910000,21.910000,1638360,SSI iBoard
2007-09-21,21.910000,22.080000,21.230000,21.570000,3127520,SSI iBoard
2007-09-24,22.420000,22.590000,22.080000,22.590000,2135470,SSI iBoard
2007-09-25,23.610000,23.610000,23.440000,23.610000,1890080,SSI iBoard
2007-09-26,24.460000,24.460000,23.780000,24.120000,3515840,SSI iBoard
2007-09-27,23.780000,23.780000,23.270000,23.270000,2013360,SSI iBoard
2007-09-28,23.440000,23.780000,23.440000,23.780000,3038330,SSI iBoard
2007-10-01,23.950000,24.120000,23.950000,23.950000,2323070,SSI iBoard
2007-10-02,23.610000,23.780000,23.270000,23.610000,2651550,SSI iBoard
2007-10-03,23.270000,23.440000,23.270000,23.440000,2107030,SSI iBoard
2007-10-04,23.440000,23.440000,23.270000,23.270000,2189340,SSI iBoard
2007-10-05,23.100000,23.270000,23.100000,23.100000,2169250,SSI iBoard
2007-10-08,23.610000,24.120000,23.610000,24.120000,2305510,SSI iBoard
2007-10-09,25.140000,25.310000,24.800000,25.140000,3372370,SSI iBoard
2007-10-10,24.630000,25.140000,24.630000,24.630000,1768320,SSI iBoard
2007-10-11,24.800000,24.800000,24.460000,24.800000,1338390,SSI iBoard
2007-10-12,24.800000,24.800000,24.460000,24.800000,2106760,SSI iBoard
2007-10-15,24.800000,24.800000,24.630000,24.630000,1504190,SSI iBoard
2007-10-16,24.460000,24.460000,24.290000,24.290000,1406560,SSI iBoard
2007-10-17,24.120000,24.290000,24.120000,24.120000,1405030,SSI iBoard
2007-10-18,23.610000,23.780000,23.440000,23.440000,1735500,SSI iBoard
2007-10-19,24.460000,24.460000,23.270000,24.460000,1594200,SSI iBoard
2007-10-22,24.460000,24.460000,23.950000,23.950000,1312020,SSI iBoard
2007-10-23,23.780000,23.780000,23.610000,23.610000,980930,SSI iBoard
2007-10-24,23.610000,24.120000,23.440000,23.780000,1043610,SSI iBoard
2007-10-25,23.950000,23.950000,23.610000,23.610000,1118010,SSI iBoard
2007-10-26,23.610000,23.780000,23.440000,23.610000,1072580,SSI iBoard
2007-10-29,23.440000,23.610000,23.270000,23.270000,1001170,SSI iBoard
2007-10-30,23.100000,23.270000,23.100000,23.100000,941550,SSI iBoard
2007-10-31,22.930000,23.100000,22.760000,22.930000,1070850,SSI iBoard
2007-11-01,23.610000,23.780000,23.440000,23.610000,1243420,SSI iBoard
2007-11-02,23.440000,23.440000,23.100000,23.100000,697830,SSI iBoard
2007-11-05,22.760000,23.100000,22.590000,22.760000,1065790,SSI iBoard
2007-11-06,22.420000,22.760000,22.420000,22.420000,1186790,SSI iBoard
2007-11-07,22.760000,22.930000,22.590000,22.760000,983030,SSI iBoard
2007-11-08,22.930000,23.100000,22.760000,22.760000,776700,SSI iBoard
2007-11-09,22.420000,22.420000,22.250000,22.420000,897770,SSI iBoard
2007-11-12,21.740000,22.080000,21.570000,21.570000,1650760,SSI iBoard
2007-11-13,21.060000,21.400000,20.720000,20.720000,1600700,SSI iBoard
2007-11-14,21.740000,21.740000,21.740000,21.740000,992460,SSI iBoard
2007-11-15,22.760000,22.760000,22.080000,22.590000,2697970,SSI iBoard
2007-11-16,22.080000,22.420000,22.080000,22.080000,963270,SSI iBoard
2007-11-19,22.080000,22.250000,21.910000,22.080000,554530,SSI iBoard
2007-11-20,22.080000,22.250000,21.910000,21.910000,941320,SSI iBoard
2007-11-21,21.570000,21.740000,21.400000,21.740000,815580,SSI iBoard
2007-11-22,22.080000,22.420000,21.910000,22.080000,1004420,SSI iBoard
2007-11-23,22.420000,22.760000,22.080000,22.760000,1312270,SSI iBoard
2007-11-26,23.100000,23.440000,23.100000,23.440000,2681010,SSI iBoard
2007-11-27,23.440000,23.440000,22.930000,22.930000,942330,SSI iBoard
2007-11-28,23.100000,23.100000,22.930000,23.100000,1072540,SSI iBoard
2007-11-29,23.440000,23.440000,23.100000,23.270000,1100770,SSI iBoard
2007-11-30,23.270000,23.270000,22.930000,23.270000,1291470,SSI iBoard
2007-12-03,23.610000,23.780000,23.440000,23.780000,2122240,SSI iBoard
2007-12-04,23.950000,24.120000,23.780000,23.780000,1935740,SSI iBoard
2007-12-05,23.440000,23.610000,23.270000,23.270000,1388110,SSI iBoard
2007-12-06,23.270000,23.270000,23.100000,23.100000,984950,SSI iBoard
2007-12-07,23.100000,23.440000,22.930000,23.270000,1063270,SSI iBoard
2007-12-10,23.270000,23.270000,22.930000,22.930000,1021630,SSI iBoard
2007-12-11,22.760000,22.930000,22.590000,22.590000,1096070,SSI iBoard
2007-12-12,22.420000,22.930000,22.420000,22.590000,1617660,SSI iBoard
2007-12-13,22.420000,22.590000,22.250000,22.250000,890940,SSI iBoard
2007-12-14,22.250000,22.420000,22.080000,22.420000,626000,SSI iBoard
2007-12-17,22.250000,22.420000,22.250000,22.250000,798670,SSI iBoard
2007-12-18,22.080000,22.250000,22.080000,22.250000,674730,SSI iBoard
2007-12-19,22.590000,23.270000,22.420000,22.930000,1048910,SSI iBoard
2007-12-20,22.760000,22.760000,22.250000,22.420000,868510,SSI iBoard
2007-12-21,22.590000,22.590000,22.420000,22.590000,644670,SSI iBoard
2007-12-24,22.590000,22.590000,22.420000,22.590000,644050,SSI iBoard
2007-12-25,22.080000,22.250000,21.740000,21.910000,1520600,SSI iBoard
2007-12-26,22.420000,22.420000,21.570000,22.250000,772790,SSI iBoard
2007-12-27,22.080000,22.420000,22.080000,22.080000,712140,SSI iBoard
2007-12-28,22.250000,22.420000,22.080000,22.250000,586780,SSI iBoard
2008-01-02,22.080000,22.250000,21.910000,21.910000,401990,SSI iBoard
2008-01-03,21.570000,21.740000,21.570000,21.570000,614520,SSI iBoard
2008-01-04,21.570000,21.740000,21.570000,21.740000,462710,SSI iBoard
2008-01-07,21.400000,21.570000,21.230000,21.230000,673470,SSI iBoard
2008-01-08,21.570000,21.740000,21.400000,21.400000,722490,SSI iBoard
2008-01-09,21.230000,21.400000,20.890000,20.890000,848460,SSI iBoard
2008-01-10,20.550000,20.550000,20.210000,20.550000,1589280,SSI iBoard
2008-01-11,20.720000,21.060000,20.720000,20.890000,879290,SSI iBoard
2008-01-14,20.720000,20.720000,20.380000,20.380000,855060,SSI iBoard
2008-01-15,20.040000,20.040000,19.700000,19.700000,1579070,SSI iBoard
2008-01-16,20.550000,20.550000,20.380000,20.550000,790730,SSI iBoard
2008-01-17,21.400000,21.570000,20.380000,20.720000,1852760,SSI iBoard
2008-01-18,20.720000,21.230000,20.550000,21.060000,797810,SSI iBoard
2008-01-21,20.720000,20.890000,20.550000,20.890000,706520,SSI iBoard
2008-01-22,20.380000,20.720000,20.380000,20.380000,984810,SSI iBoard
2008-01-23,20.040000,20.040000,19.530000,19.870000,1264960,SSI iBoard
2008-01-24,19.530000,20.380000,19.530000,19.530000,991850,SSI iBoard
2008-01-25,19.700000,20.040000,19.530000,19.870000,873020,SSI iBoard
2008-01-28,20.040000,20.210000,19.700000,20.210000,821580,SSI iBoard
2008-01-29,20.040000,20.890000,20.040000,20.890000,1215860,SSI iBoard
2008-01-30,21.570000,21.910000,21.400000,21.910000,1767370,SSI iBoard
2008-01-31,21.230000,21.910000,21.060000,21.910000,1615820,SSI iBoard
2008-02-01,21.910000,22.080000,21.740000,21.910000,1162700,SSI iBoard
2008-02-12,21.740000,21.740000,21.230000,21.230000,507520,SSI iBoard
2008-02-13,21.060000,21.230000,20.720000,20.890000,757510,SSI iBoard
2008-02-14,21.230000,21.400000,21.060000,21.060000,824890,SSI iBoard
2008-02-15,21.060000,21.060000,20.720000,20.890000,544210,SSI iBoard
2008-02-18,20.040000,20.380000,19.870000,20.040000,2576520,SSI iBoard
2008-02-19,19.870000,20.040000,19.360000,19.870000,1434650,SSI iBoard
2008-02-20,19.870000,20.040000,19.020000,19.020000,1460080,SSI iBoard
2008-02-21,18.170000,18.170000,18.170000,18.170000,837840,SSI iBoard
2008-02-22,18.000000,18.000000,17.330000,18.000000,2903690,SSI iBoard
2008-02-25,18.510000,18.850000,18.170000,18.850000,1806110,SSI iBoard
2008-02-26,18.170000,18.510000,18.000000,18.000000,1524000,SSI iBoard
2008-02-27,17.830000,18.510000,17.660000,17.830000,1075170,SSI iBoard
2008-02-28,17.830000,18.000000,17.500000,17.660000,1322580,SSI iBoard
2008-02-29,17.660000,17.660000,17.330000,17.500000,1126520,SSI iBoard
2008-03-03,17.330000,17.500000,16.650000,16.650000,1902480,SSI iBoard
2008-03-04,15.830000,15.830000,15.830000,15.830000,1238100,SSI iBoard
2008-03-05,15.050000,15.050000,15.050000,15.050000,839590,SSI iBoard
2008-03-06,15.800000,15.800000,15.800000,15.800000,1083650,SSI iBoard
2008-03-07,16.580000,16.580000,16.580000,16.580000,251110,SSI iBoard
2008-03-10,17.330000,17.330000,16.650000,17.160000,3678390,SSI iBoard
2008-03-11,16.820000,16.990000,16.310000,16.310000,2477210,SSI iBoard
2008-03-12,16.480000,16.990000,16.310000,16.650000,1831430,SSI iBoard
2008-03-13,16.780000,16.820000,16.510000,16.710000,910700,SSI iBoard
2008-03-14,16.650000,16.680000,16.540000,16.580000,791690,SSI iBoard
2008-03-17,15.970000,16.310000,15.760000,15.760000,1901400,SSI iBoard
2008-03-18,14.980000,14.980000,14.980000,14.980000,789580,SSI iBoard
2008-03-19,14.610000,15.630000,14.270000,14.270000,3995780,SSI iBoard
2008-03-20,14.440000,14.540000,13.660000,13.660000,2089380,SSI iBoard
2008-03-21,13.280000,13.380000,12.980000,12.980000,2739960,SSI iBoard
2008-03-24,12.330000,12.330000,12.330000,12.330000,1060320,SSI iBoard
2008-03-25,11.720000,11.720000,11.720000,11.720000,769720,SSI iBoard
2008-03-26,11.890000,12.300000,11.890000,12.300000,3988170,SSI iBoard
2008-03-27,12.400000,12.400000,12.400000,12.400000,124040,SSI iBoard
2008-03-28,12.500000,12.500000,12.500000,12.500000,55000,SSI iBoard
2008-03-31,12.600000,12.600000,12.600000,12.600000,43730,SSI iBoard
2008-04-01,12.710000,12.710000,12.710000,12.710000,28570,SSI iBoard
2008-04-02,12.810000,12.810000,12.810000,12.810000,27920,SSI iBoard
2008-04-03,12.910000,12.910000,12.910000,12.910000,9010,SSI iBoard
2008-04-04,13.010000,13.010000,13.010000,13.010000,10920,SSI iBoard
2008-04-07,13.250000,13.250000,13.250000,13.250000,21910,SSI iBoard
2008-04-08,13.490000,13.490000,13.010000,13.490000,3637510,SSI iBoard
2008-04-09,13.690000,13.720000,13.590000,13.720000,1965990,SSI iBoard
2008-04-10,13.450000,13.450000,13.450000,13.450000,629960,SSI iBoard
2008-04-11,13.210000,13.210000,13.210000,13.210000,262360,SSI iBoard
2008-04-16,12.980000,12.980000,12.980000,12.980000,124960,SSI iBoard
2008-04-17,12.740000,13.210000,12.740000,13.210000,2453700,SSI iBoard
2008-04-18,12.980000,13.010000,12.980000,12.980000,1228000,SSI iBoard
2008-04-21,12.740000,12.740000,12.740000,12.740000,203040,SSI iBoard
2008-04-22,12.500000,12.500000,12.500000,12.500000,157010,SSI iBoard
2008-04-23,12.260000,12.260000,12.260000,12.260000,111190,SSI iBoard
2008-04-24,12.030000,12.260000,12.030000,12.030000,1997750,SSI iBoard
2008-04-25,11.790000,11.890000,11.790000,11.790000,2127780,SSI iBoard
2008-04-28,11.750000,11.790000,11.580000,11.580000,1789050,SSI iBoard
2008-04-29,11.720000,11.750000,11.380000,11.380000,1769600,SSI iBoard
2008-05-05,11.180000,11.380000,11.180000,11.180000,661830,SSI iBoard
2008-05-06,10.970000,10.970000,10.970000,10.970000,75630,SSI iBoard
2008-05-07,10.770000,10.770000,10.770000,10.770000,67740,SSI iBoard
2008-05-08,10.560000,10.560000,10.560000,10.560000,45520,SSI iBoard
2008-05-09,10.360000,10.360000,10.360000,10.360000,166420,SSI iBoard
2008-05-12,10.160000,10.160000,10.160000,10.160000,126130,SSI iBoard
2008-05-13,9.990000,9.990000,9.990000,9.990000,120780,SSI iBoard
2008-05-14,9.820000,9.820000,9.820000,9.820000,30620,SSI iBoard
2008-05-15,9.650000,9.650000,9.650000,9.650000,76900,SSI iBoard
2008-05-16,9.480000,9.480000,9.480000,9.480000,329920,SSI iBoard
2008-05-19,9.310000,9.310000,9.310000,9.310000,112750,SSI iBoard
2008-05-20,9.140000,9.140000,9.140000,9.140000,60720,SSI iBoard
2008-05-21,8.970000,8.970000,8.970000,8.970000,33420,SSI iBoard
2008-05-22,8.800000,8.800000,8.800000,8.800000,39270,SSI iBoard
2008-05-23,8.630000,8.630000,8.630000,8.630000,53830,SSI iBoard
2008-05-26,8.460000,8.460000,8.460000,8.460000,46980,SSI iBoard
2008-05-30,8.320000,8.320000,8.320000,8.320000,113350,SSI iBoard
2008-06-02,8.190000,8.190000,8.190000,8.190000,55000,SSI iBoard
2008-06-03,8.050000,8.050000,8.050000,8.050000,49010,SSI iBoard
2008-06-04,7.920000,7.920000,7.920000,7.920000,57800,SSI iBoard
2008-06-05,7.780000,7.780000,7.780000,7.780000,68810,SSI iBoard
2008-06-06,7.640000,7.640000,7.640000,7.640000,56610,SSI iBoard
2008-06-09,7.510000,7.510000,7.510000,7.510000,36230,SSI iBoard
2008-06-10,7.370000,7.370000,7.370000,7.370000,28230,SSI iBoard
2008-06-11,7.240000,7.470000,7.240000,7.240000,2736380,SSI iBoard
2008-06-12,7.100000,7.100000,7.100000,7.100000,901800,SSI iBoard
2008-06-13,6.960000,6.960000,6.960000,6.960000,1719330,SSI iBoard
2008-06-16,7.100000,7.100000,7.100000,7.100000,2033650,SSI iBoard
2008-06-17,7.240000,7.240000,7.240000,7.240000,118300,SSI iBoard
2008-06-18,7.100000,7.370000,7.100000,7.100000,5498700,SSI iBoard
2008-06-19,6.900000,6.900000,6.900000,6.900000,361810,SSI iBoard
2008-06-20,6.690000,6.690000,6.690000,6.690000,251780,SSI iBoard
2008-06-23,6.860000,6.860000,6.620000,6.860000,2735140,SSI iBoard
2008-06-24,6.860000,7.070000,6.790000,7.070000,1709030,SSI iBoard
2008-06-25,7.240000,7.270000,7.130000,7.270000,1536340,SSI iBoard
2008-06-26,7.410000,7.470000,7.070000,7.130000,2113170,SSI iBoard
2008-06-27,7.000000,7.340000,6.960000,7.340000,1550120,SSI iBoard
2008-06-30,7.300000,7.470000,7.240000,7.440000,1471770,SSI iBoard
2008-07-01,7.610000,7.640000,7.580000,7.640000,1202170,SSI iBoard
2008-07-02,7.850000,7.850000,7.470000,7.850000,3359180,SSI iBoard
2008-07-03,8.020000,8.050000,7.980000,8.050000,1225910,SSI iBoard
2008-07-04,8.290000,8.290000,8.290000,8.290000,1225200,SSI iBoard
2008-07-07,8.530000,8.530000,8.050000,8.050000,3757040,SSI iBoard
2008-07-08,7.810000,8.290000,7.810000,8.290000,2827110,SSI iBoard
2008-07-09,8.460000,8.530000,8.320000,8.530000,2778590,SSI iBoard
2008-07-10,8.760000,8.760000,8.760000,8.760000,1263930,SSI iBoard
2008-07-11,9.000000,9.000000,9.000000,9.000000,336910,SSI iBoard
2008-07-14,9.240000,9.240000,9.240000,9.240000,152780,SSI iBoard
2008-07-15,9.510000,9.510000,9.510000,9.510000,141750,SSI iBoard
2008-07-16,9.780000,9.780000,9.240000,9.780000,6616000,SSI iBoard
2008-07-17,10.060000,10.060000,10.060000,10.060000,556080,SSI iBoard
2008-07-18,9.780000,10.330000,9.780000,10.060000,5841120,SSI iBoard
2008-07-21,9.780000,9.780000,9.780000,9.780000,612140,SSI iBoard
2008-07-22,9.510000,9.510000,9.510000,9.510000,142930,SSI iBoard
2008-07-23,9.260000,9.260000,9.260000,9.260000,41450,SSI iBoard
2008-07-24,8.990000,9.490000,8.990000,8.990000,5096140,SSI iBoard
2008-07-25,8.750000,8.750000,8.750000,8.750000,1209220,SSI iBoard
2008-07-28,8.520000,8.990000,8.520000,8.990000,3247660,SSI iBoard
2008-07-29,9.220000,9.220000,9.220000,9.220000,356670,SSI iBoard
2008-07-30,8.950000,9.420000,8.950000,9.180000,4264500,SSI iBoard
2008-07-31,9.100000,9.340000,8.950000,9.220000,1829590,SSI iBoard
2008-08-01,8.950000,9.180000,8.950000,8.950000,2861530,SSI iBoard
2008-08-04,8.710000,8.710000,8.710000,8.710000,212800,SSI iBoard
2008-08-05,8.480000,8.480000,8.480000,8.480000,250390,SSI iBoard
2008-08-06,8.710000,8.710000,8.590000,8.710000,3859220,SSI iBoard
2008-08-07,8.950000,8.950000,8.520000,8.520000,2511980,SSI iBoard
2008-08-08,8.750000,8.750000,8.560000,8.750000,1649840,SSI iBoard
2008-08-11,8.990000,8.990000,8.990000,8.990000,316520,SSI iBoard
2008-08-12,9.220000,9.220000,9.020000,9.220000,3480660,SSI iBoard
2008-08-13,9.420000,9.490000,9.220000,9.490000,4306440,SSI iBoard
2008-08-14,9.770000,9.770000,9.770000,9.770000,1253810,SSI iBoard
2008-08-15,10.040000,10.040000,10.040000,10.040000,268020,SSI iBoard
2008-08-18,10.510000,10.510000,10.510000,10.510000,304980,SSI iBoard
2008-08-19,11.020000,11.020000,10.630000,11.020000,6259730,SSI iBoard
2008-08-20,10.940000,11.520000,10.630000,10.860000,7137620,SSI iBoard
2008-08-21,11.020000,11.370000,10.900000,11.370000,6383900,SSI iBoard
2008-08-22,11.920000,11.920000,11.450000,11.600000,4605430,SSI iBoard
2008-08-25,12.150000,12.150000,12.070000,12.150000,3017190,SSI iBoard
2008-08-26,12.740000,12.740000,12.740000,12.740000,983700,SSI iBoard
2008-08-27,13.360000,13.360000,12.740000,13.360000,7559350,SSI iBoard
2008-08-28,12.700000,13.130000,12.700000,12.700000,4720650,SSI iBoard
2008-08-29,12.070000,12.070000,12.070000,12.070000,3036160,SSI iBoard
2008-09-03,12.660000,12.660000,12.660000,12.660000,792690,SSI iBoard
2008-09-04,12.070000,12.890000,12.030000,12.850000,6373380,SSI iBoard
2008-09-05,12.230000,12.500000,12.230000,12.230000,2947750,SSI iBoard
2008-09-08,11.640000,11.640000,11.640000,11.640000,1355370,SSI iBoard
2008-09-09,11.170000,11.950000,11.090000,11.090000,5424560,SSI iBoard
2008-09-10,11.330000,11.330000,10.630000,10.940000,3266460,SSI iBoard
2008-09-11,10.740000,10.900000,10.470000,10.510000,4149030,SSI iBoard
2008-09-12,10.080000,10.240000,10.000000,10.000000,4749580,SSI iBoard
2008-09-15,10.350000,10.470000,9.960000,10.470000,4484390,SSI iBoard
2008-09-16,10.040000,10.160000,9.960000,9.960000,3393460,SSI iBoard
2008-09-17,9.490000,9.770000,9.490000,9.490000,2547410,SSI iBoard
2008-09-18,9.020000,9.020000,9.020000,9.020000,721170,SSI iBoard
2008-09-19,9.450000,9.450000,9.450000,9.450000,1997090,SSI iBoard
2008-09-22,9.920000,9.920000,9.920000,9.920000,766660,SSI iBoard
2008-09-23,9.570000,10.350000,9.570000,9.770000,4780250,SSI iBoard
2008-09-24,9.770000,9.770000,9.380000,9.450000,1872870,SSI iBoard
2008-09-25,9.650000,9.920000,9.570000,9.920000,1895560,SSI iBoard
2008-09-26,10.390000,10.390000,9.770000,10.160000,3006260,SSI iBoard
2008-09-29,9.960000,10.310000,9.770000,9.770000,2272160,SSI iBoard
2008-09-30,9.300000,9.300000,9.300000,9.300000,441940,SSI iBoard
2008-10-01,9.380000,9.530000,9.140000,9.380000,3109650,SSI iBoard
2008-10-02,9.770000,9.770000,9.380000,9.730000,1833580,SSI iBoard
2008-10-03,9.570000,9.730000,9.570000,9.570000,1105680,SSI iBoard
2008-10-06,9.260000,9.380000,9.100000,9.100000,2517420,SSI iBoard
2008-10-07,8.670000,8.670000,8.670000,8.670000,1650130,SSI iBoard
2008-10-08,8.240000,8.590000,8.240000,8.240000,4175540,SSI iBoard
2008-10-09,8.010000,8.630000,8.010000,8.280000,2847480,SSI iBoard
2008-10-10,7.930000,8.130000,7.890000,7.890000,3509630,SSI iBoard
2008-10-13,8.160000,8.160000,7.890000,8.010000,1661310,SSI iBoard
2008-10-14,8.400000,8.400000,8.400000,8.400000,36750,SSI iBoard
2008-10-15,8.790000,8.790000,8.520000,8.790000,3776850,SSI iBoard
2008-10-16,8.360000,8.710000,8.360000,8.480000,2260740,SSI iBoard
2008-10-17,8.590000,8.590000,8.480000,8.560000,1263300,SSI iBoard
2008-10-20,8.560000,8.590000,8.320000,8.360000,851010,SSI iBoard
2008-10-21,8.750000,8.750000,8.480000,8.750000,2482370,SSI iBoard
2008-10-22,8.590000,8.590000,8.480000,8.590000,998420,SSI iBoard
2008-10-23,8.280000,8.320000,8.160000,8.160000,1937030,SSI iBoard
2008-10-24,7.930000,8.050000,7.810000,7.890000,1987530,SSI iBoard
2008-10-27,7.500000,7.620000,7.500000,7.500000,1946980,SSI iBoard
2008-10-28,7.150000,7.420000,7.150000,7.420000,3256710,SSI iBoard
2008-10-29,7.770000,7.770000,7.580000,7.770000,2380740,SSI iBoard
2008-10-30,8.130000,8.130000,7.890000,8.130000,3295480,SSI iBoard
2008-10-31,8.520000,8.520000,8.520000,8.520000,1151500,SSI iBoard
2008-11-03,8.750000,8.870000,8.360000,8.590000,4027890,SSI iBoard
2008-11-04,8.590000,9.020000,8.590000,9.020000,3937070,SSI iBoard
2008-11-05,9.450000,9.450000,9.380000,9.450000,2587200,SSI iBoard
2008-11-06,9.450000,9.920000,9.380000,9.570000,7248270,SSI iBoard
2008-11-07,9.100000,9.380000,9.100000,9.100000,2443830,SSI iBoard
2008-11-10,8.990000,9.420000,8.950000,8.990000,4483890,SSI iBoard
2008-11-11,8.790000,8.870000,8.560000,8.560000,3706730,SSI iBoard
2008-11-12,8.560000,8.950000,8.280000,8.950000,2528350,SSI iBoard
2008-11-13,8.910000,9.180000,8.750000,9.020000,2833500,SSI iBoard
2008-11-14,9.380000,9.380000,9.140000,9.220000,2465090,SSI iBoard
2008-11-17,9.220000,9.340000,8.990000,9.060000,1711740,SSI iBoard
2008-11-18,9.060000,9.100000,8.870000,9.020000,2153190,SSI iBoard
2008-11-19,9.020000,9.140000,8.830000,8.830000,1957890,SSI iBoard
2008-11-20,8.440000,8.560000,8.400000,8.400000,3613420,SSI iBoard
2008-11-21,8.010000,8.280000,8.010000,8.050000,4252310,SSI iBoard
2008-11-24,8.160000,8.200000,8.010000,8.090000,2758000,SSI iBoard
2008-11-25,8.200000,8.200000,8.050000,8.130000,1611360,SSI iBoard
2008-11-26,8.050000,8.050000,7.770000,7.770000,2056650,SSI iBoard
2008-11-27,7.770000,7.770000,7.460000,7.500000,2534160,SSI iBoard
2008-11-28,7.810000,7.850000,7.700000,7.850000,1737900,SSI iBoard
2008-12-01,7.810000,8.130000,7.740000,7.930000,1771160,SSI iBoard
2008-12-02,7.700000,7.810000,7.660000,7.740000,1221470,SSI iBoard
2008-12-03,7.740000,7.770000,7.660000,7.700000,1471240,SSI iBoard
2008-12-04,7.700000,7.850000,7.660000,7.660000,1509900,SSI iBoard
2008-12-05,7.620000,7.620000,7.340000,7.420000,2292110,SSI iBoard
2008-12-08,7.150000,7.270000,7.070000,7.110000,2705620,SSI iBoard
2008-12-09,7.030000,7.270000,7.030000,7.190000,1717550,SSI iBoard
2008-12-10,7.150000,7.150000,6.990000,7.030000,1747650,SSI iBoard
2008-12-11,6.990000,7.150000,6.950000,7.070000,1503000,SSI iBoard
2008-12-12,7.340000,7.420000,7.270000,7.420000,2242530,SSI iBoard
2008-12-15,7.770000,7.770000,7.580000,7.770000,1906450,SSI iBoard
2008-12-16,7.660000,7.700000,7.420000,7.420000,2696040,SSI iBoard
2008-12-17,7.420000,7.500000,7.150000,7.500000,3108180,SSI iBoard
2008-12-18,7.500000,7.580000,7.420000,7.540000,1968230,SSI iBoard
2008-12-19,7.420000,7.540000,7.380000,7.500000,1482730,SSI iBoard
2008-12-22,7.540000,7.580000,7.420000,7.420000,1488230,SSI iBoard
2008-12-23,7.230000,7.310000,7.150000,7.230000,1706570,SSI iBoard
2008-12-24,7.230000,7.270000,7.150000,7.270000,1032160,SSI iBoard
2008-12-25,7.270000,7.340000,7.150000,7.150000,806190,SSI iBoard
2008-12-26,7.150000,7.230000,7.110000,7.150000,878170,SSI iBoard
2008-12-29,7.030000,7.110000,6.950000,6.950000,1226750,SSI iBoard
2008-12-30,7.030000,7.270000,6.910000,7.190000,1835610,SSI iBoard
2008-12-31,7.270000,7.310000,7.110000,7.190000,2809910,SSI iBoard
2009-01-02,7.070000,7.190000,7.070000,7.150000,314640,SSI iBoard
2009-01-05,7.150000,7.150000,7.070000,7.110000,344920,SSI iBoard
2009-01-06,7.150000,7.230000,7.110000,7.190000,719720,SSI iBoard
2009-01-07,7.380000,7.420000,7.270000,7.270000,926750,SSI iBoard
2009-01-08,7.190000,7.270000,7.150000,7.190000,473490,SSI iBoard
2009-01-09,7.190000,7.230000,7.150000,7.190000,417970,SSI iBoard
2009-01-12,7.110000,7.150000,7.070000,7.110000,399700,SSI iBoard
2009-01-13,7.030000,7.110000,6.990000,6.990000,686040,SSI iBoard
2009-01-14,6.990000,7.150000,6.990000,7.030000,399140,SSI iBoard
2009-01-15,6.990000,7.030000,6.950000,6.990000,387710,SSI iBoard
2009-01-16,7.030000,7.030000,6.950000,6.990000,503190,SSI iBoard
2009-01-19,6.990000,6.990000,6.910000,6.910000,535320,SSI iBoard
2009-01-20,6.840000,6.880000,6.800000,6.800000,706340,SSI iBoard
2009-01-21,6.720000,6.760000,6.680000,6.680000,748640,SSI iBoard
2009-01-22,6.680000,6.800000,6.680000,6.760000,398340,SSI iBoard
2009-01-23,6.840000,6.840000,6.760000,6.840000,580430,SSI iBoard
2009-02-02,6.680000,6.840000,6.680000,6.680000,264240,SSI iBoard
2009-02-03,6.600000,6.640000,6.410000,6.450000,618720,SSI iBoard
2009-02-04,6.490000,6.600000,6.410000,6.490000,528030,SSI iBoard
2009-02-05,6.450000,6.450000,6.330000,6.330000,585370,SSI iBoard
2009-02-06,6.290000,6.370000,6.210000,6.330000,1215630,SSI iBoard
2009-02-09,6.450000,6.520000,6.370000,6.520000,559770,SSI iBoard
2009-02-10,6.370000,6.410000,6.330000,6.330000,488550,SSI iBoard
2009-02-11,6.210000,6.290000,6.170000,6.250000,578920,SSI iBoard
2009-02-12,6.250000,6.330000,6.210000,6.210000,477560,SSI iBoard
2009-02-13,6.210000,6.250000,6.170000,6.210000,443610,SSI iBoard
2009-02-16,6.250000,6.250000,6.170000,6.170000,282250,SSI iBoard
2009-02-17,6.090000,6.130000,5.900000,5.940000,901200,SSI iBoard
2009-02-18,5.700000,5.780000,5.660000,5.660000,1223220,SSI iBoard
2009-02-19,5.660000,5.820000,5.550000,5.630000,937800,SSI iBoard
2009-02-20,5.630000,5.630000,5.510000,5.590000,618750,SSI iBoard
2009-02-23,5.390000,5.470000,5.310000,5.310000,1517170,SSI iBoard
2009-02-24,5.200000,5.230000,5.080000,5.080000,1761250,SSI iBoard
2009-02-25,5.310000,5.310000,5.310000,5.310000,513510,SSI iBoard
2009-02-26,5.510000,5.550000,5.310000,5.550000,4168860,SSI iBoard
2009-02-27,5.550000,5.820000,5.550000,5.780000,2043090,SSI iBoard
2009-03-02,5.780000,6.020000,5.780000,5.940000,1759870,SSI iBoard
2009-03-03,5.780000,5.900000,5.660000,5.660000,1623170,SSI iBoard
2009-03-04,5.660000,5.740000,5.510000,5.630000,2032500,SSI iBoard
2009-03-05,5.700000,5.780000,5.660000,5.700000,1576600,SSI iBoard
2009-03-06,5.630000,5.700000,5.590000,5.660000,940290,SSI iBoard
2009-03-09,5.740000,5.780000,5.700000,5.740000,736870,SSI iBoard
2009-03-10,5.780000,5.940000,5.700000,5.900000,1770500,SSI iBoard
2009-03-11,6.170000,6.170000,6.060000,6.170000,3558270,SSI iBoard
2009-03-12,6.020000,6.210000,5.900000,6.020000,3471240,SSI iBoard
2009-03-13,6.090000,6.170000,6.060000,6.060000,1417350,SSI iBoard
2009-03-16,6.130000,6.170000,6.060000,6.170000,1096460,SSI iBoard
2009-03-17,6.330000,6.450000,6.290000,6.450000,3110240,SSI iBoard
2009-03-18,6.760000,6.760000,6.640000,6.760000,3524590,SSI iBoard
2009-03-19,6.760000,7.030000,6.520000,6.520000,4284050,SSI iBoard
2009-03-20,6.450000,6.640000,6.450000,6.520000,2563930,SSI iBoard
2009-03-23,6.450000,6.520000,6.330000,6.410000,1951050,SSI iBoard
2009-03-24,6.720000,6.720000,6.640000,6.720000,3713140,SSI iBoard
2009-03-25,6.560000,6.760000,6.520000,6.600000,2887440,SSI iBoard
2009-03-26,6.640000,6.680000,6.560000,6.640000,3326200,SSI iBoard
2009-03-27,6.640000,6.680000,6.520000,6.520000,3137870,SSI iBoard
2009-03-30,6.330000,6.520000,6.330000,6.330000,2367150,SSI iBoard
2009-03-31,6.250000,6.370000,6.250000,6.330000,2058770,SSI iBoard
2009-04-01,6.490000,6.600000,6.330000,6.600000,2415640,SSI iBoard
2009-04-02,6.640000,6.640000,6.520000,6.560000,2880600,SSI iBoard
2009-04-03,6.760000,6.880000,6.720000,6.880000,10256650,SSI iBoard
2009-04-07,7.070000,7.190000,6.880000,7.190000,6700710,SSI iBoard
2009-04-08,7.110000,7.540000,7.070000,7.230000,6714250,SSI iBoard
2009-04-09,7.380000,7.420000,7.190000,7.380000,3873960,SSI iBoard
2009-04-10,7.740000,7.740000,7.740000,7.740000,4816910,SSI iBoard
2009-04-13,8.090000,8.090000,8.090000,8.090000,1730000,SSI iBoard
2009-04-14,8.480000,8.480000,8.280000,8.480000,10058320,SSI iBoard
2009-04-15,8.590000,8.870000,8.320000,8.750000,13284990,SSI iBoard
2009-04-16,9.180000,9.180000,9.020000,9.180000,8183840,SSI iBoard
2009-04-17,9.570000,9.570000,8.750000,8.990000,12194900,SSI iBoard
2009-04-20,8.560000,8.560000,8.560000,8.560000,1191080,SSI iBoard
2009-04-21,8.160000,8.160000,8.160000,8.160000,2411650,SSI iBoard
2009-04-22,8.360000,8.560000,8.010000,8.440000,8980670,SSI iBoard
2009-04-23,8.280000,8.520000,8.090000,8.090000,4751820,SSI iBoard
2009-04-24,7.890000,7.970000,7.700000,7.740000,5814800,SSI iBoard
2009-04-27,7.810000,8.010000,7.660000,7.700000,2813780,SSI iBoard
2009-04-28,7.970000,7.970000,7.700000,7.890000,2979710,SSI iBoard
2009-04-29,7.890000,8.200000,7.810000,8.200000,4328260,SSI iBoard
2009-05-04,8.590000,8.590000,8.590000,8.590000,544920,SSI iBoard
2009-05-05,9.020000,9.020000,9.020000,9.020000,916300,SSI iBoard
2009-05-06,9.380000,9.380000,8.710000,8.910000,14491540,SSI iBoard
2009-05-07,9.340000,9.340000,9.060000,9.340000,7911400,SSI iBoard
2009-05-08,9.420000,9.650000,9.340000,9.450000,8563120,SSI iBoard
2009-05-11,9.340000,9.730000,9.300000,9.450000,6854610,SSI iBoard
2009-05-12,9.450000,9.770000,9.300000,9.770000,7877390,SSI iBoard
2009-05-13,9.650000,9.880000,9.490000,9.490000,7853390,SSI iBoard
2009-05-14,9.300000,9.420000,9.100000,9.380000,5591140,SSI iBoard
2009-05-15,9.690000,9.840000,9.420000,9.840000,11030010,SSI iBoard
2009-05-18,9.840000,10.160000,9.810000,10.000000,7604150,SSI iBoard
2009-05-19,10.470000,10.470000,10.240000,10.470000,9596540,SSI iBoard
2009-05-20,10.350000,10.940000,10.270000,10.740000,9609870,SSI iBoard
2009-05-21,10.740000,10.900000,10.510000,10.590000,9545420,SSI iBoard
2009-05-22,10.310000,10.470000,10.080000,10.200000,10166600,SSI iBoard
2009-05-25,10.550000,10.700000,10.470000,10.700000,5999100,SSI iBoard
2009-05-26,10.940000,11.090000,10.700000,10.820000,6595590,SSI iBoard
2009-05-27,10.740000,10.940000,10.430000,10.550000,6269830,SSI iBoard
2009-05-28,10.350000,10.510000,10.160000,10.200000,5493450,SSI iBoard
2009-05-29,10.270000,10.390000,10.040000,10.350000,4873340,SSI iBoard
2009-06-01,10.630000,10.860000,10.510000,10.860000,5585520,SSI iBoard
2009-06-02,11.370000,11.370000,11.290000,11.370000,11695930,SSI iBoard
2009-06-03,11.330000,11.450000,11.210000,11.290000,6512490,SSI iBoard
2009-06-04,11.720000,11.840000,11.680000,11.800000,9748630,SSI iBoard
2009-06-05,12.380000,12.380000,12.380000,12.380000,3259550,SSI iBoard
2009-06-08,12.970000,12.970000,12.970000,12.970000,995870,SSI iBoard
2009-06-09,13.600000,13.600000,13.600000,13.600000,4339730,SSI iBoard
2009-06-10,14.260000,14.260000,13.990000,14.260000,22994630,SSI iBoard
2009-06-11,14.650000,14.730000,14.450000,14.960000,7371280,SSI iBoard
2009-06-12,15.700000,15.700000,15.240000,15.700000,10098960,SSI iBoard
2009-06-15,15.310000,16.100000,14.920000,15.240000,14189730,SSI iBoard
2009-06-16,14.490000,14.850000,14.490000,14.490000,8858570,SSI iBoard
2009-06-17,13.790000,14.850000,13.790000,14.850000,17333360,SSI iBoard
2009-06-18,15.200000,15.200000,14.650000,14.850000,7644460,SSI iBoard
2009-06-19,14.850000,14.880000,14.260000,14.380000,6492790,SSI iBoard
2009-06-22,13.750000,14.060000,13.670000,13.670000,7845160,SSI iBoard
2009-06-23,13.010000,13.010000,13.010000,13.010000,1411230,SSI iBoard
2009-06-24,13.630000,13.630000,13.280000,13.630000,9533710,SSI iBoard
2009-06-25,14.220000,14.220000,13.360000,13.400000,8405980,SSI iBoard
2009-06-26,13.280000,13.870000,13.280000,13.870000,6571010,SSI iBoard
2009-06-29,13.870000,14.260000,13.870000,14.020000,4691420,SSI iBoard
2009-06-30,14.140000,14.260000,13.480000,13.630000,7978740,SSI iBoard
2009-07-01,13.170000,13.600000,12.970000,12.970000,6676510,SSI iBoard
2009-07-02,12.890000,13.400000,12.500000,13.280000,6985650,SSI iBoard
2009-07-03,13.280000,13.360000,12.930000,13.240000,4704320,SSI iBoard
2009-07-06,13.360000,13.870000,13.320000,13.870000,5161800,SSI iBoard
2009-07-07,13.830000,14.180000,13.670000,13.670000,4271450,SSI iBoard
2009-07-08,13.990000,13.990000,13.600000,13.790000,6408430,SSI iBoard
2009-07-09,13.750000,13.870000,13.560000,13.560000,3535570,SSI iBoard
2009-07-10,13.520000,13.600000,13.090000,13.280000,5395950,SSI iBoard
2009-07-13,13.240000,13.240000,12.660000,12.660000,6066650,SSI iBoard
2009-07-14,12.580000,12.740000,12.150000,12.310000,5952350,SSI iBoard
2009-07-15,12.500000,12.890000,12.500000,12.850000,4110600,SSI iBoard
2009-07-16,13.440000,13.440000,13.170000,13.240000,4537470,SSI iBoard
2009-07-17,13.090000,13.170000,12.930000,12.930000,3414390,SSI iBoard
2009-07-20,12.460000,12.500000,12.310000,12.380000,6202790,SSI iBoard
2009-07-21,12.500000,12.770000,12.460000,12.660000,3998680,SSI iBoard
2009-07-22,12.810000,12.810000,12.500000,12.500000,3330460,SSI iBoard
2009-07-23,12.380000,13.130000,12.350000,13.130000,3974580,SSI iBoard
2009-07-24,13.750000,13.750000,13.750000,13.750000,2934710,SSI iBoard
2009-07-27,14.260000,14.420000,13.990000,14.420000,11539490,SSI iBoard
2009-07-28,14.380000,14.690000,13.990000,14.060000,8562350,SSI iBoard
2009-07-29,13.870000,14.380000,13.870000,13.870000,6228640,SSI iBoard
2009-07-30,13.670000,13.870000,13.320000,13.600000,5475760,SSI iBoard
2009-07-31,13.670000,14.220000,13.670000,14.220000,6836280,SSI iBoard
2009-08-03,14.060000,14.450000,13.990000,14.180000,5204980,SSI iBoard
2009-08-04,14.610000,14.770000,14.380000,14.610000,10313950,SSI iBoard
2009-08-05,14.450000,14.650000,14.420000,14.610000,5071900,SSI iBoard
2009-08-06,14.610000,14.730000,14.380000,14.380000,6647680,SSI iBoard
2009-08-07,14.450000,14.450000,14.300000,14.340000,4525140,SSI iBoard
2009-08-10,14.530000,14.690000,14.380000,14.490000,6140320,SSI iBoard
2009-08-11,14.490000,14.570000,14.420000,14.420000,3675610,SSI iBoard
2009-08-12,14.570000,14.610000,14.450000,14.530000,5361890,SSI iBoard
2009-08-13,14.850000,15.040000,14.690000,14.850000,8716920,SSI iBoard
2009-08-14,14.850000,15.120000,14.850000,15.040000,6886430,SSI iBoard
2009-08-17,15.040000,15.160000,14.880000,14.880000,5986700,SSI iBoard
2009-08-18,14.850000,14.960000,14.770000,14.810000,5584280,SSI iBoard
2009-08-19,14.920000,14.960000,14.810000,14.920000,3535430,SSI iBoard
2009-08-20,14.960000,15.000000,14.850000,14.850000,4951300,SSI iBoard
2009-08-21,15.040000,15.590000,14.960000,15.000000,7283680,SSI iBoard
2009-08-24,15.040000,15.160000,15.040000,15.080000,3897210,SSI iBoard
2009-08-25,15.040000,15.080000,14.850000,14.880000,4833510,SSI iBoard
2009-08-26,14.920000,15.000000,14.810000,14.850000,4693390,SSI iBoard
2009-08-27,14.850000,14.920000,14.770000,14.810000,3613800,SSI iBoard
2009-08-28,14.850000,14.880000,14.770000,14.880000,4010160,SSI iBoard
2009-08-31,15.120000,15.280000,15.000000,15.280000,7268970,SSI iBoard
2009-09-01,15.160000,15.390000,15.040000,15.310000,7435400,SSI iBoard
2009-09-03,15.240000,15.310000,15.120000,15.160000,4667290,SSI iBoard
2009-09-04,15.280000,15.310000,14.850000,14.850000,6419750,SSI iBoard
2009-09-07,14.850000,15.160000,14.810000,15.000000,7356150,SSI iBoard
2009-09-08,15.240000,15.240000,15.000000,15.120000,4661920,SSI iBoard
2009-09-09,15.120000,15.120000,14.920000,14.920000,4334640,SSI iBoard
2009-09-10,14.850000,14.920000,14.690000,14.730000,4170280,SSI iBoard
2009-09-11,14.850000,14.920000,14.650000,14.690000,5409950,SSI iBoard
2009-09-14,14.730000,14.850000,14.650000,14.770000,6348820,SSI iBoard
2009-09-15,14.850000,15.200000,14.730000,14.730000,6969570,SSI iBoard
2009-09-16,15.440000,15.440000,15.440000,15.440000,1761560,SSI iBoard
2009-09-17,16.170000,16.170000,15.630000,15.970000,15850050,SSI iBoard
2009-09-18,15.870000,15.920000,15.630000,15.680000,6808910,SSI iBoard
2009-09-21,15.530000,15.630000,15.140000,15.140000,7198140,SSI iBoard
2009-09-22,15.000000,15.290000,14.950000,15.040000,5913810,SSI iBoard
2009-09-23,15.630000,15.780000,15.340000,15.340000,7452220,SSI iBoard
2009-09-24,15.340000,15.480000,15.140000,15.340000,4396080,SSI iBoard
2009-09-25,15.530000,16.070000,15.480000,16.070000,15573970,SSI iBoard
2009-09-28,16.850000,16.850000,16.610000,16.850000,10081000,SSI iBoard
2009-09-29,17.100000,17.190000,16.360000,16.360000,8965230,SSI iBoard
2009-09-30,16.410000,16.460000,15.970000,16.120000,5449000,SSI iBoard
2009-10-01,16.120000,16.120000,15.730000,15.780000,6379760,SSI iBoard
2009-10-02,15.440000,15.580000,15.040000,15.340000,6788610,SSI iBoard
2009-10-05,15.480000,15.530000,15.190000,15.340000,3893870,SSI iBoard
2009-10-06,15.480000,15.480000,15.290000,15.290000,3642370,SSI iBoard
2009-10-07,15.480000,15.730000,15.440000,15.530000,2562550,SSI iBoard
2009-10-08,15.580000,15.630000,15.440000,15.630000,3041830,SSI iBoard
2009-10-09,15.780000,15.870000,15.630000,15.830000,3207060,SSI iBoard
2009-10-12,16.020000,16.120000,15.920000,16.070000,4027550,SSI iBoard
2009-10-13,15.970000,16.070000,15.830000,15.830000,3270540,SSI iBoard
2009-10-14,15.830000,16.360000,15.830000,16.360000,4741740,SSI iBoard
2009-10-15,17.050000,17.050000,16.410000,16.750000,8078690,SSI iBoard
2009-10-16,16.560000,16.710000,16.270000,16.270000,5366350,SSI iBoard
2009-10-19,16.120000,16.270000,15.970000,16.020000,2878820,SSI iBoard
2009-10-20,16.170000,16.170000,15.970000,15.970000,3361600,SSI iBoard
2009-10-21,15.730000,15.920000,15.680000,15.680000,4001730,SSI iBoard
2009-10-22,15.870000,15.970000,15.730000,15.870000,4228910,SSI iBoard
2009-10-23,16.120000,16.660000,15.920000,16.120000,15047270,SSI iBoard
2009-10-26,16.360000,16.510000,15.970000,16.020000,3573860,SSI iBoard
2009-10-27,15.780000,15.920000,15.390000,15.680000,6158620,SSI iBoard
2009-10-28,15.730000,15.780000,15.440000,15.440000,5023980,SSI iBoard
2009-10-29,15.140000,15.140000,14.700000,14.900000,6794730,SSI iBoard
2009-10-30,15.140000,15.290000,14.900000,15.140000,3401690,SSI iBoard
2009-11-02,14.410000,14.650000,14.410000,14.410000,6416880,SSI iBoard
2009-11-03,14.410000,14.560000,13.770000,13.970000,4500180,SSI iBoard
2009-11-04,14.020000,14.310000,13.870000,13.970000,4115490,SSI iBoard
2009-11-05,14.120000,14.510000,14.020000,14.410000,2745900,SSI iBoard
2009-11-06,14.650000,14.650000,14.170000,14.170000,2666610,SSI iBoard
2009-11-09,13.770000,14.170000,13.530000,13.530000,2942620,SSI iBoard
2009-11-10,13.730000,13.770000,13.290000,13.380000,3972740,SSI iBoard
2009-11-11,13.430000,13.680000,13.330000,13.680000,2733200,SSI iBoard
2009-11-12,13.820000,13.920000,13.630000,13.680000,3089030,SSI iBoard
2009-11-13,13.630000,13.680000,13.530000,13.580000,1527600,SSI iBoard
2009-11-16,13.580000,13.580000,13.240000,13.240000,3998520,SSI iBoard
2009-11-17,13.190000,13.330000,13.040000,13.190000,3768840,SSI iBoard
2009-11-18,13.190000,13.190000,13.040000,13.190000,1934810,SSI iBoard
2009-11-19,13.240000,13.380000,13.140000,13.380000,2443880,SSI iBoard
2009-11-20,13.380000,13.430000,13.240000,13.290000,1937980,SSI iBoard
2009-11-23,13.190000,13.290000,12.850000,12.900000,2242550,SSI iBoard
2009-11-24,12.750000,12.940000,12.460000,12.460000,2734330,SSI iBoard
2009-11-25,11.870000,12.210000,11.870000,11.870000,5431610,SSI iBoard
2009-11-26,11.280000,11.530000,11.280000,11.280000,2444950,SSI iBoard
2009-11-27,10.750000,11.820000,10.750000,11.820000,4966400,SSI iBoard
2009-11-30,11.970000,12.410000,11.920000,12.410000,3985390,SSI iBoard
2009-12-01,12.990000,12.990000,12.800000,12.990000,5410810,SSI iBoard
2009-12-02,12.600000,13.190000,12.360000,12.360000,4073980,SSI iBoard
2009-12-03,12.210000,12.460000,11.870000,12.360000,5195460,SSI iBoard
2009-12-04,12.360000,12.410000,12.160000,12.210000,3139880,SSI iBoard
2009-12-07,12.210000,12.310000,12.110000,12.160000,2555490,SSI iBoard
2009-12-08,12.110000,12.160000,11.720000,11.720000,1998770,SSI iBoard
2009-12-09,11.190000,11.380000,11.140000,11.190000,4342150,SSI iBoard
2009-12-10,11.380000,11.380000,11.040000,11.090000,2900710,SSI iBoard
2009-12-11,10.990000,11.140000,10.700000,10.750000,4037750,SSI iBoard
2009-12-14,11.230000,11.280000,11.090000,11.280000,5550210,SSI iBoard
2009-12-15,11.530000,11.720000,11.330000,11.530000,2601110,SSI iBoard
2009-12-16,11.480000,11.480000,10.990000,10.990000,3351260,SSI iBoard
2009-12-17,10.940000,11.380000,10.790000,11.330000,2683930,SSI iBoard
2009-12-18,11.480000,11.870000,11.430000,11.820000,5001200,SSI iBoard
2009-12-21,12.210000,12.310000,11.920000,12.260000,3604890,SSI iBoard
2009-12-22,12.260000,12.310000,11.870000,11.870000,4385340,SSI iBoard
2009-12-23,11.720000,11.920000,11.670000,11.770000,2732390,SSI iBoard
2009-12-24,11.720000,11.820000,11.530000,11.820000,3392430,SSI iBoard
2009-12-25,12.110000,12.210000,11.920000,12.110000,3125160,SSI iBoard
2009-12-28,11.870000,12.060000,11.820000,11.820000,3281530,SSI iBoard
2009-12-29,11.720000,11.820000,11.580000,11.580000,2298700,SSI iBoard
2009-12-30,11.580000,11.970000,11.580000,11.720000,2818640,SSI iBoard
2009-12-31,11.870000,12.060000,11.770000,11.770000,3532270,SSI iBoard
2010-01-04,11.770000,12.360000,11.770000,12.360000,3915650,SSI iBoard
2010-01-05,12.900000,12.940000,12.500000,12.700000,6943660,SSI iBoard
2010-01-06,12.650000,12.700000,12.410000,12.410000,2858960,SSI iBoard
2010-01-07,12.410000,12.500000,12.160000,12.160000,3161900,SSI iBoard
2010-01-08,12.750000,12.750000,12.210000,12.210000,5310660,SSI iBoard
2010-01-11,12.210000,12.360000,11.970000,12.020000,2797600,SSI iBoard
2010-01-12,11.970000,12.160000,11.630000,11.630000,2662780,SSI iBoard
2010-01-13,11.480000,11.770000,11.230000,11.720000,2823860,SSI iBoard
2010-01-14,11.920000,11.920000,11.630000,11.630000,2343700,SSI iBoard
2010-01-15,11.530000,11.630000,11.330000,11.430000,2607150,SSI iBoard
2010-01-18,11.430000,11.430000,11.090000,11.090000,2519720,SSI iBoard
2010-01-19,11.230000,11.380000,11.140000,11.230000,2099690,SSI iBoard
2010-01-20,11.090000,11.380000,11.090000,11.090000,1481840,SSI iBoard
2010-01-21,11.040000,11.230000,10.790000,10.940000,2123590,SSI iBoard
2010-01-22,10.890000,11.040000,10.840000,10.940000,1326430,SSI iBoard
2010-01-25,10.940000,10.990000,10.840000,10.890000,1117050,SSI iBoard
2010-01-26,11.090000,11.430000,11.090000,11.430000,1818090,SSI iBoard
2010-01-27,11.230000,11.380000,11.040000,11.040000,1068880,SSI iBoard
2010-01-28,11.040000,11.090000,10.890000,10.890000,1020840,SSI iBoard
2010-01-29,10.750000,10.990000,10.750000,10.840000,1292140,SSI iBoard
2010-02-01,10.940000,10.990000,10.840000,10.890000,848600,SSI iBoard
2010-02-02,10.940000,10.940000,10.840000,10.890000,1037620,SSI iBoard
2010-02-03,10.890000,10.940000,10.840000,10.890000,925380,SSI iBoard
2010-02-04,10.940000,11.090000,10.890000,11.040000,1389870,SSI iBoard
2010-02-05,10.890000,11.040000,10.840000,10.890000,1341270,SSI iBoard
2010-02-08,10.840000,11.190000,10.790000,11.190000,1742690,SSI iBoard
2010-02-09,11.040000,11.090000,10.890000,10.890000,1048730,SSI iBoard
2010-02-10,10.890000,11.040000,10.890000,10.990000,577290,SSI iBoard
2010-02-11,11.040000,11.530000,10.990000,11.530000,2848220,SSI iBoard
2010-02-12,11.670000,11.970000,11.530000,11.670000,2496910,SSI iBoard
2010-02-22,11.670000,11.920000,11.670000,11.670000,1840790,SSI iBoard
2010-02-23,11.580000,11.630000,11.330000,11.430000,1071070,SSI iBoard
2010-02-24,11.330000,11.530000,11.230000,11.480000,1265070,SSI iBoard
2010-02-25,11.480000,11.530000,11.230000,11.330000,2264710,SSI iBoard
2010-02-26,11.330000,11.480000,11.280000,11.480000,1131380,SSI iBoard
2010-03-01,11.720000,11.820000,11.580000,11.720000,3460920,SSI iBoard
2010-03-02,11.770000,11.770000,11.580000,11.580000,1844690,SSI iBoard
2010-03-03,11.720000,11.870000,11.670000,11.770000,2867170,SSI iBoard
2010-03-04,11.820000,11.870000,11.630000,11.630000,1858600,SSI iBoard
2010-03-05,11.630000,11.670000,11.580000,11.630000,1651560,SSI iBoard
2010-03-08,11.720000,11.820000,11.630000,11.670000,2246200,SSI iBoard
2010-03-09,11.670000,11.770000,11.630000,11.720000,2643980,SSI iBoard
2010-03-10,11.720000,11.820000,11.630000,11.670000,2476050,SSI iBoard
2010-03-11,11.720000,11.770000,11.580000,11.580000,2568640,SSI iBoard
2010-03-12,11.670000,11.670000,11.580000,11.670000,2251590,SSI iBoard
2010-03-15,11.630000,11.820000,11.630000,11.630000,2836720,SSI iBoard
2010-03-16,11.530000,11.580000,11.280000,11.280000,3329710,SSI iBoard
2010-03-17,11.190000,11.330000,11.140000,11.190000,2660440,SSI iBoard
2010-03-18,11.190000,11.230000,11.090000,11.190000,2026360,SSI iBoard
2010-03-19,11.040000,11.190000,11.040000,11.040000,2427150,SSI iBoard
2010-03-22,11.040000,11.140000,10.990000,11.040000,1941960,SSI iBoard
2010-03-23,10.990000,11.190000,10.940000,10.990000,2242520,SSI iBoard
2010-03-24,11.040000,11.140000,10.990000,11.090000,1224340,SSI iBoard
2010-03-25,11.040000,11.090000,10.940000,10.940000,2814130,SSI iBoard
2010-03-26,10.890000,10.940000,10.840000,10.840000,1734150,SSI iBoard
2010-03-29,10.790000,10.940000,10.790000,10.790000,1978560,SSI iBoard
2010-03-30,10.790000,10.840000,10.650000,10.650000,2430140,SSI iBoard
2010-03-31,10.650000,10.750000,10.600000,10.600000,1612840,SSI iBoard
2010-04-01,10.600000,10.990000,10.550000,10.840000,2471370,SSI iBoard
2010-04-02,10.840000,10.890000,10.750000,10.750000,1621940,SSI iBoard
2010-04-05,10.890000,10.890000,10.750000,10.750000,1544520,SSI iBoard
2010-04-06,10.790000,10.840000,10.750000,10.840000,2191010,SSI iBoard
2010-04-07,10.890000,10.890000,10.790000,10.890000,1775930,SSI iBoard
2010-04-08,10.750000,10.890000,10.750000,10.750000,1339300,SSI iBoard
2010-04-09,10.840000,10.890000,10.750000,10.790000,1988810,SSI iBoard
2010-04-12,10.840000,10.840000,10.750000,10.750000,1971210,SSI iBoard
2010-04-13,10.750000,10.790000,10.650000,10.700000,1493600,SSI iBoard
2010-04-14,10.700000,10.750000,10.600000,10.700000,1798760,SSI iBoard
2010-04-15,10.750000,10.750000,10.600000,10.650000,1775920,SSI iBoard
2010-04-16,10.750000,10.750000,10.600000,10.600000,1208320,SSI iBoard
2010-04-19,10.500000,10.600000,10.500000,10.500000,1252790,SSI iBoard
2010-04-20,10.450000,10.600000,10.360000,10.360000,1883700,SSI iBoard
2010-04-21,10.400000,10.500000,10.310000,10.450000,1817830,SSI iBoard
2010-04-22,10.600000,10.940000,10.550000,10.790000,2043620,SSI iBoard
2010-04-26,10.840000,10.890000,10.750000,10.840000,2516290,SSI iBoard
2010-04-27,10.750000,10.840000,10.700000,10.840000,1635530,SSI iBoard
2010-04-28,10.750000,10.790000,10.650000,10.750000,2049490,SSI iBoard
2010-04-29,10.650000,10.750000,10.650000,10.650000,2067460,SSI iBoard
2010-05-04,10.840000,11.140000,10.840000,11.140000,7553940,SSI iBoard
2010-05-05,11.090000,11.480000,11.040000,11.040000,4056450,SSI iBoard
2010-05-06,11.140000,11.190000,11.040000,11.090000,1859050,SSI iBoard
2010-05-07,10.990000,11.040000,10.840000,10.940000,3256180,SSI iBoard
2010-05-10,10.840000,10.890000,10.650000,10.650000,2914530,SSI iBoard
2010-05-11,10.790000,10.840000,10.700000,10.790000,2192010,SSI iBoard
2010-05-12,10.700000,10.750000,10.600000,10.600000,2448900,SSI iBoard
2010-05-13,10.650000,10.750000,10.600000,10.650000,2976180,SSI iBoard
2010-05-14,10.650000,10.700000,10.600000,10.600000,1935740,SSI iBoard
2010-05-17,10.550000,10.600000,10.360000,10.400000,2395660,SSI iBoard
2010-05-18,10.310000,10.360000,10.260000,10.310000,2100890,SSI iBoard
2010-05-19,9.960000,10.260000,9.960000,9.960000,2383930,SSI iBoard
2010-05-20,10.010000,10.450000,10.010000,10.450000,4276520,SSI iBoard
2010-05-21,10.450000,10.450000,10.060000,10.110000,2392360,SSI iBoard
2010-05-24,10.160000,10.260000,10.110000,10.260000,1356590,SSI iBoard
2010-05-25,10.110000,10.210000,10.110000,10.160000,776330,SSI iBoard
2010-05-26,10.160000,10.210000,10.110000,10.110000,1334190,SSI iBoard
2010-05-27,10.060000,10.110000,10.010000,10.110000,884310,SSI iBoard
2010-05-28,10.260000,10.310000,10.110000,10.160000,2303990,SSI iBoard
2010-05-31,10.160000,10.210000,10.060000,10.060000,941250,SSI iBoard
2010-06-01,10.010000,10.110000,10.010000,10.010000,1401210,SSI iBoard
2010-06-02,9.920000,9.960000,9.820000,9.920000,2972510,SSI iBoard
2010-06-03,9.920000,10.060000,9.920000,9.920000,1460460,SSI iBoard
2010-06-04,9.920000,10.110000,9.920000,10.060000,2536090,SSI iBoard
2010-06-07,9.920000,10.060000,9.920000,9.960000,1243960,SSI iBoard
2010-06-08,10.160000,10.160000,9.960000,10.010000,4942980,SSI iBoard
2010-06-09,10.010000,10.110000,10.010000,10.010000,1137990,SSI iBoard
2010-06-10,10.010000,10.110000,10.010000,10.110000,1397910,SSI iBoard
2010-06-11,10.160000,10.210000,10.110000,10.110000,1023590,SSI iBoard
2010-06-14,10.110000,10.210000,10.110000,10.160000,824080,SSI iBoard
2010-06-15,10.160000,10.260000,10.160000,10.160000,768840,SSI iBoard
2010-06-16,10.160000,10.260000,10.160000,10.260000,1026960,SSI iBoard
2010-06-17,10.210000,10.210000,10.110000,10.160000,985270,SSI iBoard
2010-06-18,10.110000,10.210000,10.110000,10.160000,1656860,SSI iBoard
2010-06-21,10.210000,10.310000,10.160000,10.310000,1846050,SSI iBoard
2010-06-22,10.650000,10.650000,10.360000,10.400000,13728450,SSI iBoard
2010-06-23,10.360000,10.450000,10.310000,10.310000,676740,SSI iBoard
2010-06-24,10.310000,10.400000,10.260000,10.260000,702580,SSI iBoard
2010-06-25,10.160000,10.210000,10.010000,10.010000,1416600,SSI iBoard
2010-06-28,10.110000,10.210000,10.060000,10.060000,1164430,SSI iBoard
2010-06-29,10.260000,10.260000,10.160000,10.260000,1184920,SSI iBoard
2010-06-30,10.160000,10.260000,10.160000,10.160000,1599770,SSI iBoard
2010-07-01,10.160000,10.260000,10.110000,10.210000,1209150,SSI iBoard
2010-07-02,10.260000,10.260000,10.160000,10.210000,1903910,SSI iBoard
2010-07-05,10.160000,10.260000,10.160000,10.210000,2061920,SSI iBoard
2010-07-06,10.110000,10.210000,10.060000,10.110000,5223190,SSI iBoard
2020-02-26,11.000000,11.400000,10.950000,11.200000,8381260,SSI iBoard
2020-02-27,11.300000,11.700000,11.150000,11.650000,13069630,SSI iBoard
2020-02-28,11.350000,11.750000,11.350000,11.600000,11942990,SSI iBoard
2020-03-02,11.800000,12.400000,11.750000,12.350000,27550640,SSI iBoard
2020-03-03,12.600000,12.700000,12.150000,12.250000,15552620,SSI iBoard
2020-03-04,12.200000,12.600000,12.100000,12.500000,12163500,SSI iBoard
2020-03-05,12.650000,12.700000,12.200000,12.200000,17517480,SSI iBoard
2020-03-06,12.100000,12.400000,12.100000,12.250000,12062750,SSI iBoard
2020-03-09,11.500000,11.700000,11.400000,11.400000,17015340,SSI iBoard
2020-03-10,11.000000,11.500000,10.850000,11.400000,15319250,SSI iBoard
2020-03-11,11.450000,11.500000,10.650000,10.650000,18789590,SSI iBoard
2020-03-12,10.000000,10.250000,9.930000,9.950000,20133520,SSI iBoard
2020-03-13,9.300000,10.550000,9.280000,10.400000,16337900,SSI iBoard
2020-03-16,10.400000,10.500000,9.800000,9.990000,9159620,SSI iBoard
2020-03-17,9.900000,10.200000,9.560000,10.200000,8611390,SSI iBoard
2020-03-18,10.400000,10.400000,10.000000,10.000000,8306390,SSI iBoard
2020-03-19,9.900000,9.960000,9.600000,9.750000,7516500,SSI iBoard
2020-03-20,9.810000,9.920000,9.740000,9.800000,4889230,SSI iBoard
2020-03-23,9.300000,9.500000,9.120000,9.120000,10633200,SSI iBoard
2020-03-24,9.120000,9.170000,8.800000,8.800000,7815200,SSI iBoard
2020-03-25,9.150000,9.260000,8.900000,9.110000,9894240,SSI iBoard
2020-03-26,9.110000,9.110000,8.700000,8.700000,7221630,SSI iBoard
2020-03-27,8.750000,8.750000,8.210000,8.210000,11651840,SSI iBoard
2020-03-30,7.700000,7.990000,7.640000,7.640000,16130350,SSI iBoard
2020-03-31,7.860000,7.860000,7.120000,7.300000,12191270,SSI iBoard
2020-04-01,7.200000,7.810000,7.200000,7.810000,8807420,SSI iBoard
2020-04-03,7.990000,8.350000,7.900000,8.350000,10672810,SSI iBoard
2020-04-06,8.900000,8.930000,8.610000,8.930000,12901110,SSI iBoard
2020-04-07,9.400000,9.400000,9.010000,9.180000,17284520,SSI iBoard
2020-04-08,9.000000,9.290000,8.800000,9.280000,8761230,SSI iBoard
2020-04-09,9.400000,9.490000,9.180000,9.180000,9350390,SSI iBoard
2020-04-10,9.150000,9.230000,8.950000,9.010000,10709980,SSI iBoard
2020-04-13,9.010000,9.240000,9.010000,9.040000,7684370,SSI iBoard
2020-04-14,9.100000,9.160000,8.940000,9.160000,8530630,SSI iBoard
2020-04-15,9.200000,9.800000,9.180000,9.700000,14857170,SSI iBoard
2020-04-16,9.500000,9.950000,9.500000,9.720000,7634020,SSI iBoard
2020-04-17,9.900000,9.940000,9.720000,9.730000,8375490,SSI iBoard
2020-04-20,9.700000,9.850000,9.540000,9.550000,11284390,SSI iBoard
2020-04-21,9.350000,9.450000,8.970000,8.980000,16193310,SSI iBoard
2020-04-22,8.730000,9.290000,8.730000,9.170000,8168410,SSI iBoard
2020-04-23,9.350000,9.380000,9.150000,9.150000,5414960,SSI iBoard
2020-04-24,9.150000,9.200000,9.040000,9.100000,4794810,SSI iBoard
2020-04-27,9.180000,9.230000,8.990000,8.990000,7382460,SSI iBoard
2020-04-28,9.080000,9.120000,8.940000,8.980000,7077710,SSI iBoard
2020-04-29,9.000000,9.250000,9.000000,9.100000,3844890,SSI iBoard
2020-05-04,9.100000,9.100000,8.980000,8.980000,4402500,SSI iBoard
2020-05-05,8.980000,9.090000,8.930000,8.970000,4803310,SSI iBoard
2020-05-06,9.000000,9.140000,8.930000,9.140000,8419490,SSI iBoard
2020-05-07,9.180000,9.380000,9.170000,9.340000,12175430,SSI iBoard
2020-05-08,9.400000,9.770000,9.400000,9.520000,15592700,SSI iBoard
2020-05-11,9.670000,9.750000,9.540000,9.690000,10595020,SSI iBoard
2020-05-12,9.690000,9.750000,9.460000,9.700000,11311610,SSI iBoard
2020-05-13,9.700000,10.150000,9.550000,9.960000,19002960,SSI iBoard
2020-05-14,9.880000,10.300000,9.790000,10.050000,12577730,SSI iBoard
2020-05-15,10.200000,10.200000,9.800000,9.800000,9211120,SSI iBoard
2020-05-18,9.780000,9.850000,9.680000,9.730000,9965320,SSI iBoard
2020-05-19,9.920000,10.150000,9.860000,9.900000,15436660,SSI iBoard
2020-05-20,9.900000,10.550000,9.860000,10.400000,24361810,SSI iBoard
2020-05-21,10.500000,10.550000,10.250000,10.500000,8922570,SSI iBoard
2020-05-22,10.300000,10.600000,10.200000,10.200000,14870140,SSI iBoard
2020-05-25,10.250000,10.400000,10.100000,10.250000,9448390,SSI iBoard
2020-05-26,10.300000,10.450000,10.300000,10.400000,9396730,SSI iBoard
2020-05-27,10.450000,10.550000,10.000000,10.100000,15368550,SSI iBoard
2020-05-28,10.100000,10.600000,10.050000,10.300000,16769210,SSI iBoard
2020-05-29,10.200000,10.450000,10.200000,10.300000,6856490,SSI iBoard
2020-06-01,10.400000,10.750000,10.350000,10.750000,18020090,SSI iBoard
2020-06-02,10.850000,10.900000,10.500000,10.500000,13896530,SSI iBoard
2020-06-03,10.600000,10.700000,10.500000,10.650000,8714660,SSI iBoard
2020-06-04,10.750000,10.900000,10.600000,10.600000,13972710,SSI iBoard
2020-06-05,10.700000,10.750000,10.450000,10.550000,16799980,SSI iBoard
2020-06-08,10.700000,10.850000,10.650000,10.700000,17094920,SSI iBoard
2020-06-09,10.750000,10.900000,10.650000,10.750000,14170310,SSI iBoard
2020-06-10,10.750000,11.500000,10.600000,11.500000,30631060,SSI iBoard
2020-06-11,12.150000,12.300000,11.050000,11.050000,38094150,SSI iBoard
2020-06-12,11.200000,11.800000,11.000000,11.800000,31670570,SSI iBoard
2020-06-15,12.100000,12.600000,11.750000,12.050000,31268310,SSI iBoard
2020-06-16,12.500000,12.500000,11.900000,11.900000,18761140,SSI iBoard
2020-06-17,11.850000,11.950000,11.550000,11.600000,15663170,SSI iBoard
2020-06-18,11.400000,11.750000,11.350000,11.400000,13243590,SSI iBoard
2020-06-19,11.550000,11.950000,11.400000,11.900000,15350170,SSI iBoard
2020-06-22,12.000000,12.000000,11.650000,11.700000,10790120,SSI iBoard
2020-06-23,11.650000,11.800000,11.400000,11.550000,12607230,SSI iBoard
2020-06-24,11.600000,11.650000,11.200000,11.200000,11843150,SSI iBoard
2020-06-25,11.150000,11.500000,10.950000,11.450000,10662480,SSI iBoard
2020-06-26,11.600000,11.650000,11.200000,11.300000,6481490,SSI iBoard
2020-06-29,11.300000,11.300000,10.900000,10.950000,13159470,SSI iBoard
2020-06-30,11.100000,11.200000,10.600000,10.700000,10862380,SSI iBoard
2020-07-01,10.800000,11.350000,10.750000,11.200000,9138780,SSI iBoard
2020-07-02,11.200000,11.300000,11.000000,11.050000,4903810,SSI iBoard
2020-07-03,11.150000,11.200000,11.000000,11.000000,3885370,SSI iBoard
2020-07-06,11.050000,11.600000,11.050000,11.550000,16285280,SSI iBoard
2020-07-07,11.600000,11.700000,11.400000,11.450000,8914970,SSI iBoard
2020-07-08,11.400000,11.700000,11.350000,11.500000,9193690,SSI iBoard
2020-07-09,11.700000,11.850000,11.500000,11.800000,14045940,SSI iBoard
2020-07-10,11.700000,11.800000,11.500000,11.550000,8382730,SSI iBoard
2020-07-13,11.650000,11.700000,11.450000,11.450000,6095670,SSI iBoard
2020-07-14,11.400000,11.650000,11.350000,11.550000,6750550,SSI iBoard
2020-07-15,11.650000,11.700000,11.550000,11.550000,5535210,SSI iBoard
2020-07-16,11.550000,11.600000,11.450000,11.600000,5104280,SSI iBoard
2020-07-17,11.600000,11.750000,11.500000,11.600000,9198320,SSI iBoard
2020-07-20,11.650000,11.700000,11.450000,11.450000,8089560,SSI iBoard
2020-07-21,11.450000,11.600000,11.400000,11.500000,7047320,SSI iBoard
2020-07-22,11.550000,11.600000,11.250000,11.300000,8504960,SSI iBoard
2020-07-23,11.350000,11.400000,11.100000,11.250000,8264440,SSI iBoard
2020-07-24,11.150000,11.250000,10.600000,10.900000,20162440,SSI iBoard
2020-07-27,10.400000,10.650000,10.150000,10.150000,26014460,SSI iBoard
2020-07-28,10.200000,10.600000,10.100000,10.550000,13933220,SSI iBoard
2020-07-29,10.250000,10.350000,9.950000,10.150000,14831390,SSI iBoard
2020-07-30,10.200000,10.350000,10.150000,10.200000,6312810,SSI iBoard
2020-07-31,9.900000,10.250000,9.900000,10.100000,5740090,SSI iBoard
2020-08-03,10.150000,10.450000,10.050000,10.350000,9792690,SSI iBoard
2020-08-04,10.500000,10.500000,10.350000,10.500000,6786090,SSI iBoard
2020-08-05,10.500000,10.700000,10.400000,10.650000,8289610,SSI iBoard
2020-08-06,10.600000,10.700000,10.500000,10.500000,5678190,SSI iBoard
2020-08-07,10.550000,10.550000,10.400000,10.450000,7123120,SSI iBoard
2020-08-10,10.550000,10.800000,10.550000,10.600000,11949300,SSI iBoard
2020-08-11,10.700000,10.750000,10.500000,10.650000,7719420,SSI iBoard
2020-08-12,10.650000,10.800000,10.600000,10.750000,8772530,SSI iBoard
2020-08-13,10.750000,10.900000,10.750000,10.850000,6495400,SSI iBoard
2020-08-14,10.850000,10.850000,10.650000,10.700000,8807480,SSI iBoard
2020-08-17,10.700000,10.750000,10.550000,10.650000,5192680,SSI iBoard
2020-08-18,10.650000,10.800000,10.600000,10.750000,5212200,SSI iBoard
2020-08-19,10.800000,10.800000,10.700000,10.800000,4210320,SSI iBoard
2020-08-20,10.750000,10.850000,10.650000,10.650000,6059540,SSI iBoard
2020-08-21,10.700000,11.050000,10.650000,11.050000,12934020,SSI iBoard
2020-08-24,11.100000,11.400000,11.100000,11.300000,14295580,SSI iBoard
2020-08-25,11.300000,11.400000,11.200000,11.250000,9624650,SSI iBoard
2020-08-26,11.250000,11.300000,11.100000,11.200000,9988740,SSI iBoard
2020-08-27,11.250000,11.350000,11.150000,11.300000,6803050,SSI iBoard
2020-08-28,11.400000,11.450000,11.300000,11.350000,10087760,SSI iBoard
2020-08-31,11.500000,11.550000,11.200000,11.200000,8672820,SSI iBoard
2020-09-01,11.200000,11.350000,11.150000,11.300000,4572030,SSI iBoard
2020-09-03,11.400000,11.450000,11.300000,11.400000,11143030,SSI iBoard
2020-09-04,11.250000,11.350000,11.200000,11.300000,9881990,SSI iBoard
2020-09-07,11.400000,11.400000,11.200000,11.200000,6937040,SSI iBoard
2020-09-08,11.250000,11.250000,11.100000,11.250000,6011590,SSI iBoard
2020-09-09,11.150000,11.300000,11.050000,11.300000,8875270,SSI iBoard
2020-09-10,11.350000,11.400000,11.200000,11.200000,5248510,SSI iBoard
2020-09-11,11.150000,11.250000,11.100000,11.150000,5393090,SSI iBoard
2020-09-14,11.200000,11.350000,11.200000,11.300000,6799070,SSI iBoard
2020-09-15,11.350000,11.800000,11.250000,11.600000,24122170,SSI iBoard
2020-09-16,11.650000,11.700000,11.550000,11.550000,10179630,SSI iBoard
2020-09-17,11.550000,11.700000,11.450000,11.450000,11363380,SSI iBoard
2020-09-18,11.450000,11.650000,11.450000,11.650000,8721320,SSI iBoard
2020-09-21,11.800000,12.050000,11.750000,11.750000,17853730,SSI iBoard
2020-09-22,11.750000,12.550000,11.650000,12.550000,45707880,SSI iBoard
2020-09-23,12.700000,13.250000,12.500000,12.650000,24791380,SSI iBoard
2020-09-24,12.600000,12.700000,12.400000,12.450000,17728750,SSI iBoard
2020-09-25,12.450000,13.300000,12.400000,13.300000,39321600,SSI iBoard
2020-09-28,13.700000,14.050000,13.600000,13.800000,28883470,SSI iBoard
2020-09-29,13.800000,13.950000,13.300000,13.300000,22791400,SSI iBoard
2020-09-30,13.300000,13.900000,12.950000,13.800000,28314430,SSI iBoard
2020-10-01,14.000000,14.200000,13.650000,13.750000,13285440,SSI iBoard
2020-10-02,13.750000,13.900000,13.150000,13.450000,23206500,SSI iBoard
2020-10-05,13.650000,13.800000,13.400000,13.700000,22603020,SSI iBoard
2020-10-06,13.750000,14.400000,13.700000,14.200000,27112100,SSI iBoard
2020-10-07,14.050000,14.300000,13.700000,13.700000,19465920,SSI iBoard
2020-10-08,13.800000,13.850000,13.450000,13.550000,21328780,SSI iBoard
2020-10-09,13.600000,13.800000,13.450000,13.550000,12474800,SSI iBoard
2020-10-12,13.700000,13.800000,13.300000,13.300000,17962060,SSI iBoard
2020-10-13,13.300000,13.600000,13.200000,13.450000,12669050,SSI iBoard
2020-10-14,13.500000,13.750000,13.350000,13.500000,12364650,SSI iBoard
2020-10-15,13.600000,14.000000,13.450000,13.850000,20799860,SSI iBoard
2020-10-16,13.850000,13.950000,13.700000,13.750000,13048220,SSI iBoard
2020-10-19,13.800000,14.300000,13.750000,14.100000,20547610,SSI iBoard
2020-10-20,14.000000,14.350000,13.950000,14.200000,17698150,SSI iBoard
2020-10-21,14.350000,14.750000,14.300000,14.400000,25828950,SSI iBoard
2020-10-22,14.350000,14.700000,14.200000,14.600000,18152400,SSI iBoard
2020-10-23,14.800000,14.800000,14.500000,14.550000,13634620,SSI iBoard
2020-10-26,14.500000,14.650000,14.100000,14.100000,26821200,SSI iBoard
2020-10-27,14.100000,14.200000,13.300000,13.300000,37138550,SSI iBoard
2020-10-28,13.300000,13.650000,13.100000,13.100000,22628960,SSI iBoard
2020-10-29,13.000000,13.500000,13.000000,13.500000,13046030,SSI iBoard
2020-10-30,13.500000,13.550000,13.050000,13.300000,8184700,SSI iBoard
2020-11-02,13.400000,13.450000,13.250000,13.450000,5463810,SSI iBoard
2020-11-03,13.500000,13.700000,13.450000,13.600000,12021500,SSI iBoard
2020-11-04,13.700000,13.900000,13.500000,13.650000,9734960,SSI iBoard
2020-11-05,13.650000,13.700000,13.350000,13.350000,8295550,SSI iBoard
2020-11-06,13.500000,13.500000,13.250000,13.350000,6207220,SSI iBoard
2020-11-09,13.500000,13.700000,13.400000,13.700000,7874430,SSI iBoard
2020-11-10,13.950000,14.000000,13.600000,13.600000,9473760,SSI iBoard
2020-11-11,13.700000,13.700000,13.450000,13.600000,7954210,SSI iBoard
2020-11-12,13.600000,13.750000,13.600000,13.700000,6757380,SSI iBoard
2020-11-13,13.700000,13.950000,13.700000,13.900000,15076240,SSI iBoard
2020-11-16,14.050000,14.100000,13.650000,13.650000,12294300,SSI iBoard
2020-11-17,13.700000,13.900000,13.600000,13.850000,9076100,SSI iBoard
2020-11-18,13.850000,14.400000,13.800000,14.200000,22974320,SSI iBoard
2020-11-19,14.200000,14.400000,14.050000,14.200000,12623080,SSI iBoard
2020-11-20,14.250000,14.250000,14.050000,14.150000,9539770,SSI iBoard
2020-11-23,14.250000,14.700000,14.050000,14.600000,27268530,SSI iBoard
2020-11-24,14.600000,14.650000,14.200000,14.500000,16805930,SSI iBoard
2020-11-25,14.550000,14.600000,14.350000,14.350000,12055730,SSI iBoard
2020-11-26,14.350000,14.650000,14.350000,14.500000,21860890,SSI iBoard
2020-11-27,14.600000,14.600000,14.350000,14.500000,11455070,SSI iBoard
2020-11-30,14.550000,15.000000,14.500000,14.650000,18682960,SSI iBoard
2020-12-01,14.450000,15.500000,14.400000,15.450000,37839250,SSI iBoard
2020-12-02,15.450000,15.800000,15.150000,15.400000,21124570,SSI iBoard
2020-12-03,15.550000,15.900000,15.450000,15.650000,20877740,SSI iBoard
2020-12-04,15.700000,16.100000,15.500000,15.600000,24514030,SSI iBoard
2020-12-07,15.600000,15.750000,15.550000,15.550000,14994850,SSI iBoard
2020-12-08,15.650000,15.900000,15.500000,15.850000,19849710,SSI iBoard
2020-12-09,15.900000,16.200000,15.900000,15.900000,18897260,SSI iBoard
2020-12-10,15.950000,16.050000,15.450000,15.550000,21848500,SSI iBoard
2020-12-11,15.700000,15.900000,15.500000,15.800000,15443500,SSI iBoard
2020-12-14,15.950000,16.100000,15.800000,15.950000,15678170,SSI iBoard
2020-12-15,15.850000,16.050000,15.800000,15.950000,17651510,SSI iBoard
2020-12-16,16.300000,16.800000,16.250000,16.600000,23929920,SSI iBoard
2020-12-17,16.500000,16.950000,16.400000,16.600000,23515290,SSI iBoard
2020-12-18,16.800000,17.150000,16.650000,17.000000,25115670,SSI iBoard
2020-12-21,17.200000,17.300000,16.900000,17.000000,25779000,SSI iBoard
2020-12-22,17.000000,17.350000,16.900000,17.150000,34461030,SSI iBoard
2020-12-23,17.200000,17.300000,16.700000,16.700000,26091720,SSI iBoard
2020-12-24,16.800000,16.850000,15.800000,16.500000,29370800,SSI iBoard
2020-12-25,16.500000,16.950000,16.250000,16.950000,20824680,SSI iBoard
2020-12-28,17.050000,17.100000,16.550000,16.750000,23669440,SSI iBoard
2020-12-29,16.750000,16.900000,16.600000,16.700000,13078710,SSI iBoard
2020-12-30,17.000000,17.250000,16.800000,16.800000,35805500,SSI iBoard
2020-12-31,17.000000,17.000000,16.750000,16.900000,14969830,SSI iBoard
2021-01-04,17.050000,17.700000,16.900000,17.550000,46809600,SSI iBoard
2021-01-05,17.550000,17.950000,17.450000,17.700000,23399500,SSI iBoard
2021-01-06,17.900000,18.350000,17.700000,18.000000,31193600,SSI iBoard
2021-01-07,18.050000,18.450000,17.850000,18.450000,39683500,SSI iBoard
2021-01-08,18.800000,19.500000,18.650000,19.400000,34889200,SSI iBoard
2021-01-11,20.000000,20.400000,19.800000,20.100000,33493100,SSI iBoard
2021-01-12,19.900000,20.050000,19.500000,19.800000,27236800,SSI iBoard
2021-01-13,19.800000,20.050000,19.400000,19.500000,26650000,SSI iBoard
2021-01-14,19.650000,20.250000,19.000000,20.100000,27462300,SSI iBoard
2021-01-15,20.500000,21.500000,20.500000,21.100000,51692600,SSI iBoard
2021-01-18,21.700000,21.700000,20.250000,20.600000,59659200,SSI iBoard
2021-01-19,20.350000,20.450000,19.200000,19.200000,45045700,SSI iBoard
2021-01-20,19.400000,19.600000,17.950000,19.000000,34426700,SSI iBoard
2021-01-21,19.400000,20.000000,18.850000,20.000000,34477100,SSI iBoard
2021-01-22,20.000000,20.200000,19.700000,19.950000,29967400,SSI iBoard
2021-01-25,19.700000,19.900000,19.350000,19.350000,28071700,SSI iBoard
2021-01-26,19.300000,19.300000,18.050000,18.100000,32302200,SSI iBoard
2021-01-27,17.800000,18.650000,17.000000,17.250000,32158500,SSI iBoard
2021-01-28,16.150000,16.950000,16.050000,16.050000,45050900,SSI iBoard
2021-01-29,15.500000,17.150000,15.500000,16.900000,31230400,SSI iBoard
2021-02-01,17.000000,17.450000,16.100000,16.100000,23123900,SSI iBoard
2021-02-02,16.400000,17.200000,16.000000,17.150000,20756400,SSI iBoard
2021-02-03,17.350000,18.200000,17.150000,18.000000,27109800,SSI iBoard
2021-02-04,17.900000,18.150000,17.550000,17.600000,18651000,SSI iBoard
2021-02-05,17.650000,18.300000,17.600000,18.300000,18060300,SSI iBoard
2021-02-08,18.300000,18.450000,17.100000,17.400000,24037300,SSI iBoard
2021-02-09,17.500000,18.200000,17.100000,18.150000,18229600,SSI iBoard
2021-02-17,18.300000,18.800000,18.200000,18.750000,21031200,SSI iBoard
2021-02-18,18.700000,18.800000,18.450000,18.600000,22503900,SSI iBoard
2021-02-19,18.400000,19.000000,18.250000,18.700000,22590900,SSI iBoard
2021-02-22,18.800000,19.200000,18.550000,18.600000,25991000,SSI iBoard
2021-02-23,18.650000,19.000000,18.500000,18.800000,24897200,SSI iBoard
2021-02-24,18.950000,19.150000,18.300000,18.350000,24698800,SSI iBoard
2021-02-25,18.600000,18.650000,18.200000,18.500000,18339100,SSI iBoard
2021-02-26,18.250000,18.550000,18.200000,18.350000,17421100,SSI iBoard
2021-03-01,18.600000,19.150000,18.500000,19.100000,35781100,SSI iBoard
2021-03-02,19.600000,19.600000,19.050000,19.150000,21137900,SSI iBoard
2021-03-03,19.150000,19.300000,19.000000,19.000000,16624600,SSI iBoard
2021-03-04,19.050000,19.150000,18.300000,18.350000,23543500,SSI iBoard
2021-03-05,18.350000,18.850000,18.150000,18.700000,24861800,SSI iBoard
2021-03-08,19.000000,19.150000,18.500000,18.600000,13653100,SSI iBoard
2021-03-09,18.500000,18.700000,18.300000,18.550000,14770300,SSI iBoard
2021-03-10,18.650000,18.900000,18.400000,18.700000,18970000,SSI iBoard
2021-03-11,19.000000,19.350000,18.850000,19.300000,34594300,SSI iBoard
2021-03-12,19.400000,19.500000,19.000000,19.200000,19941500,SSI iBoard
2021-03-15,19.200000,19.350000,18.900000,18.900000,22954100,SSI iBoard
2021-03-16,18.950000,19.150000,18.750000,18.900000,23799400,SSI iBoard
2021-03-17,19.000000,19.750000,19.000000,19.600000,38324900,SSI iBoard
2021-03-18,19.850000,19.950000,19.600000,19.700000,19877400,SSI iBoard
2021-03-19,19.600000,19.900000,19.550000,19.600000,24328900,SSI iBoard
2021-03-22,19.700000,19.700000,19.150000,19.200000,32816300,SSI iBoard
2021-03-23,19.200000,19.200000,18.750000,18.800000,25297500,SSI iBoard
2021-03-24,18.550000,18.850000,18.300000,18.400000,22973200,SSI iBoard
2021-03-25,18.600000,19.050000,18.450000,18.750000,28724300,SSI iBoard
2021-03-26,18.750000,19.100000,18.300000,18.950000,23365100,SSI iBoard
2021-03-29,19.050000,19.250000,18.900000,19.200000,36995400,SSI iBoard
2021-03-30,19.250000,20.500000,19.000000,20.500000,99978500,SSI iBoard
2021-03-31,21.450000,21.900000,21.250000,21.450000,56674000,SSI iBoard
2021-04-01,21.400000,21.650000,21.100000,21.600000,33202800,SSI iBoard
2021-04-02,21.900000,22.950000,21.800000,22.600000,56039200,SSI iBoard
2021-04-05,23.000000,23.300000,22.600000,23.150000,46163800,SSI iBoard
2021-04-06,22.600000,23.200000,22.600000,22.750000,42374000,SSI iBoard
2021-04-07,22.300000,22.600000,22.100000,22.300000,51625800,SSI iBoard
2021-04-08,22.500000,22.600000,22.000000,22.200000,26665400,SSI iBoard
2021-04-09,22.200000,22.900000,22.200000,22.700000,25317200,SSI iBoard
2021-04-12,23.000000,23.850000,22.750000,23.450000,49313400,SSI iBoard
2021-04-13,23.450000,23.550000,22.600000,22.700000,46627800,SSI iBoard
2021-04-14,22.500000,22.950000,22.200000,22.900000,35105800,SSI iBoard
2021-04-15,23.000000,23.000000,22.200000,22.350000,36947400,SSI iBoard
2021-04-16,23.000000,22.800000,21.800000,22.100000,41485000,SSI iBoard
2021-04-19,22.300000,22.900000,22.000000,22.900000,29032100,SSI iBoard
2021-04-20,23.000000,23.150000,22.300000,22.500000,29744900,SSI iBoard
2021-04-22,22.500000,22.600000,21.000000,21.000000,35450900,SSI iBoard
2021-04-23,21.300000,22.450000,20.900000,22.450000,45227000,SSI iBoard
2021-04-26,22.900000,23.200000,22.450000,22.550000,41629500,SSI iBoard
2021-04-27,22.550000,23.250000,22.300000,23.100000,47546500,SSI iBoard
2021-04-28,23.100000,24.350000,22.900000,24.200000,71125700,SSI iBoard
2021-04-29,24.250000,24.600000,23.850000,23.900000,38893400,SSI iBoard
2021-05-04,23.300000,24.200000,23.150000,24.100000,54307900,SSI iBoard
2021-05-05,24.150000,25.100000,24.050000,24.700000,51677300,SSI iBoard
2021-05-06,24.550000,24.900000,24.300000,24.400000,34269000,SSI iBoard
2021-05-07,24.250000,24.550000,23.800000,24.000000,48458300,SSI iBoard
2021-05-10,24.250000,24.500000,23.700000,24.300000,41488900,SSI iBoard
2021-05-11,24.450000,25.450000,24.450000,24.650000,58012000,SSI iBoard
2021-05-12,24.850000,26.350000,24.800000,26.350000,59475300,SSI iBoard
2021-05-13,26.050000,27.150000,26.050000,26.300000,47105300,SSI iBoard
2021-05-14,26.600000,26.850000,26.150000,26.400000,32742600,SSI iBoard
2021-05-17,26.500000,26.700000,25.850000,25.950000,39752100,SSI iBoard
2021-05-18,25.900000,27.400000,25.650000,27.300000,44745200,SSI iBoard
2021-05-19,27.300000,28.700000,27.300000,28.500000,46484200,SSI iBoard
2021-05-20,28.450000,29.550000,28.100000,29.400000,57268100,SSI iBoard
2021-05-21,29.250000,29.800000,28.800000,28.850000,45792800,SSI iBoard
2021-05-24,28.850000,29.250000,28.800000,28.900000,31595200,SSI iBoard
2021-05-25,28.950000,29.750000,28.900000,29.350000,24123100,SSI iBoard
2021-05-26,29.600000,29.800000,29.350000,29.500000,31489600,SSI iBoard
2021-05-27,29.550000,30.300000,29.000000,29.800000,46751500,SSI iBoard
2021-05-28,30.400000,31.850000,30.000000,31.850000,73839900,SSI iBoard
2021-05-31,32.150000,33.900000,31.900000,33.800000,42128800,SSI iBoard
2021-06-01,33.500000,33.550000,32.350000,32.400000,47063500,SSI iBoard
2021-06-02,31.600000,32.400000,31.200000,32.200000,51657300,SSI iBoard
2021-06-03,33.200000,33.200000,32.200000,32.750000,30950700,SSI iBoard
2021-06-04,32.200000,33.000000,31.800000,32.150000,37481900,SSI iBoard
2021-06-07,31.800000,32.000000,30.000000,30.700000,38824700,SSI iBoard
2021-06-08,30.200000,31.300000,28.600000,28.600000,47297600,SSI iBoard
2021-06-09,28.500000,30.350000,28.000000,29.600000,37519500,SSI iBoard
2021-06-10,29.600000,30.050000,28.800000,28.900000,23976800,SSI iBoard
2021-06-11,29.100000,30.800000,28.800000,30.500000,36442200,SSI iBoard
2021-06-14,30.700000,31.300000,30.400000,30.800000,26889200,SSI iBoard
2021-06-15,30.800000,30.800000,29.800000,30.100000,29659500,SSI iBoard
2021-06-16,29.600000,30.200000,29.000000,29.200000,30686500,SSI iBoard
2021-06-17,28.550000,29.650000,28.550000,29.400000,19581100,SSI iBoard
2021-06-18,29.900000,30.100000,29.500000,29.650000,16991300,SSI iBoard
2021-06-21,29.500000,30.300000,29.350000,29.850000,24072800,SSI iBoard
2021-06-22,30.150000,30.750000,29.850000,30.200000,25185700,SSI iBoard
2021-06-23,30.200000,30.350000,29.750000,29.750000,24112800,SSI iBoard
2021-06-24,29.750000,29.900000,28.850000,29.000000,21749700,SSI iBoard
2021-06-25,29.000000,29.500000,28.900000,29.500000,15572700,SSI iBoard
2021-06-28,29.800000,30.400000,29.450000,30.200000,19303900,SSI iBoard
2021-06-29,30.500000,31.500000,30.400000,31.000000,36074600,SSI iBoard
2021-06-30,30.950000,31.400000,30.500000,30.600000,16495700,SSI iBoard
2021-07-01,30.600000,31.250000,30.450000,31.000000,29589500,SSI iBoard
2021-07-02,31.100000,31.950000,31.100000,31.500000,41478500,SSI iBoard
2021-07-05,31.600000,32.600000,30.900000,32.600000,53687900,SSI iBoard
2021-07-06,32.800000,33.100000,30.350000,30.350000,38579900,SSI iBoard
2021-07-07,30.650000,31.150000,30.000000,31.050000,41481100,SSI iBoard
2021-07-08,31.000000,31.300000,30.100000,30.200000,32240500,SSI iBoard
2021-07-09,30.000000,30.500000,29.000000,29.100000,38413800,SSI iBoard
2021-07-12,29.150000,29.200000,27.100000,28.400000,62616700,SSI iBoard
2021-07-13,28.800000,29.000000,28.050000,28.700000,18442600,SSI iBoard
2021-07-14,28.700000,28.700000,27.000000,27.400000,25268600,SSI iBoard
2021-07-15,27.100000,28.800000,27.100000,28.800000,25368800,SSI iBoard
2021-07-16,28.900000,29.100000,28.400000,28.450000,19474900,SSI iBoard
2021-07-19,27.500000,27.950000,26.700000,27.500000,38557500,SSI iBoard
2021-07-20,27.800000,28.100000,27.200000,28.100000,23884800,SSI iBoard
2021-07-21,28.300000,28.400000,27.800000,27.850000,14144600,SSI iBoard
2021-07-22,27.850000,28.150000,27.650000,28.000000,16617400,SSI iBoard
2021-07-23,28.300000,29.950000,27.900000,28.700000,63584600,SSI iBoard
2021-07-26,28.900000,29.300000,28.350000,28.700000,15097600,SSI iBoard
2021-07-27,29.000000,29.750000,28.700000,29.100000,29764400,SSI iBoard
2021-07-28,28.900000,29.450000,28.700000,28.900000,17532900,SSI iBoard
2021-07-29,29.100000,29.400000,29.000000,29.300000,16102300,SSI iBoard
2021-07-30,29.400000,30.350000,29.250000,29.900000,32248600,SSI iBoard
2021-08-02,29.800000,30.400000,29.300000,29.300000,26509200,SSI iBoard
2021-08-03,29.400000,29.800000,29.250000,29.800000,26539400,SSI iBoard
2021-08-04,29.800000,30.800000,29.650000,30.650000,48352900,SSI iBoard
2021-08-05,30.600000,31.250000,30.300000,31.050000,30721500,SSI iBoard
2021-08-06,31.000000,31.150000,30.300000,30.300000,30921200,SSI iBoard
2021-08-09,30.300000,30.800000,30.100000,30.700000,20906000,SSI iBoard
2021-08-10,30.850000,31.000000,30.300000,30.600000,24370800,SSI iBoard
2021-08-11,30.500000,30.850000,30.350000,30.400000,26155800,SSI iBoard
2021-08-12,30.300000,30.500000,29.600000,29.600000,27936600,SSI iBoard
2021-08-13,29.600000,29.800000,29.150000,29.700000,22964600,SSI iBoard
2021-08-16,29.850000,30.400000,29.400000,30.300000,24095900,SSI iBoard
2021-08-17,30.300000,30.600000,30.000000,30.150000,20325100,SSI iBoard
2021-08-18,30.000000,30.150000,29.550000,29.950000,22196200,SSI iBoard
2021-08-19,29.800000,30.050000,29.600000,29.950000,16698400,SSI iBoard
2021-08-20,29.800000,29.900000,28.000000,28.300000,42106300,SSI iBoard
2021-08-23,28.200000,28.500000,27.000000,27.000000,29889700,SSI iBoard
2021-08-24,26.900000,27.850000,26.650000,27.250000,25860800,SSI iBoard
2021-08-25,27.350000,27.550000,27.100000,27.350000,8164000,SSI iBoard
2021-08-26,27.500000,27.550000,26.850000,27.100000,13170400,SSI iBoard
2021-08-27,27.000000,27.300000,26.550000,27.300000,16479200,SSI iBoard
2021-08-30,27.350000,27.950000,27.200000,27.900000,11734700,SSI iBoard
2021-08-31,28.000000,28.000000,27.300000,27.350000,11977600,SSI iBoard
2021-09-01,27.200000,27.500000,27.200000,27.200000,10287300,SSI iBoard
2021-09-06,27.200000,27.850000,27.100000,27.550000,16262200,SSI iBoard
2021-09-07,27.750000,28.350000,27.550000,27.900000,13779100,SSI iBoard
2021-09-08,27.900000,28.100000,27.300000,27.300000,9670400,SSI iBoard
2021-09-09,27.150000,27.500000,27.100000,27.350000,9342700,SSI iBoard
2021-09-10,27.500000,27.600000,27.150000,27.200000,10699600,SSI iBoard
2021-09-13,27.250000,27.300000,26.800000,26.900000,10646300,SSI iBoard
2021-09-14,26.900000,27.200000,26.650000,26.650000,12638800,SSI iBoard
2021-09-15,26.650000,26.900000,26.550000,26.600000,10157900,SSI iBoard
2021-09-16,26.900000,26.950000,26.600000,26.750000,5187000,SSI iBoard
2021-09-17,26.900000,27.100000,26.700000,26.800000,16365100,SSI iBoard
2021-09-20,27.000000,27.500000,26.900000,27.100000,17459500,SSI iBoard
2021-09-21,26.850000,27.050000,26.500000,26.800000,14211800,SSI iBoard
2021-09-22,26.800000,26.850000,26.550000,26.700000,8394800,SSI iBoard
2021-09-23,26.750000,27.000000,26.600000,26.600000,12776800,SSI iBoard
2021-09-24,26.700000,27.200000,26.600000,26.750000,13849400,SSI iBoard
2021-09-27,27.000000,27.100000,26.500000,26.500000,10520000,SSI iBoard
2021-09-28,26.350000,26.600000,26.200000,26.550000,9950300,SSI iBoard
2021-09-29,26.500000,26.550000,25.700000,25.800000,19931200,SSI iBoard
2021-09-30,25.850000,26.150000,25.700000,25.700000,10103000,SSI iBoard
2021-10-01,25.650000,25.650000,24.500000,24.700000,24145000,SSI iBoard
2021-10-04,24.500000,24.800000,24.050000,24.300000,15741600,SSI iBoard
2021-10-05,24.400000,25.750000,24.400000,25.750000,13478800,SSI iBoard
2021-10-06,25.800000,25.800000,25.450000,25.500000,11698400,SSI iBoard
2021-10-07,25.500000,25.750000,24.900000,25.500000,10015400,SSI iBoard
2021-10-08,25.600000,26.000000,25.300000,25.700000,9327300,SSI iBoard
2021-10-11,25.900000,26.600000,25.900000,26.500000,16455900,SSI iBoard
2021-10-12,26.750000,26.800000,26.350000,26.600000,11680000,SSI iBoard
2021-10-13,26.700000,26.750000,26.200000,26.250000,9597600,SSI iBoard
2021-10-14,26.200000,26.700000,26.200000,26.400000,8760700,SSI iBoard
2021-10-15,26.500000,27.200000,26.400000,26.850000,18823000,SSI iBoard
2021-10-18,27.000000,27.200000,26.850000,26.900000,14767900,SSI iBoard
2021-10-19,26.900000,26.950000,26.200000,26.200000,8316500,SSI iBoard
2021-10-20,26.400000,26.750000,25.650000,26.300000,14904000,SSI iBoard
2021-10-21,26.500000,26.600000,26.000000,26.100000,8665200,SSI iBoard
2021-10-22,26.400000,26.400000,26.000000,26.200000,6241800,SSI iBoard
2021-10-25,26.000000,26.250000,25.600000,25.600000,15093200,SSI iBoard
2021-10-26,25.600000,25.750000,25.200000,25.600000,10164000,SSI iBoard
2021-10-27,25.750000,26.650000,25.650000,26.500000,18102100,SSI iBoard
2021-10-28,26.600000,26.700000,26.000000,26.700000,11057400,SSI iBoard
2021-10-29,26.600000,26.700000,26.200000,26.600000,10004300,SSI iBoard
2021-11-01,26.600000,27.050000,26.200000,26.600000,14694700,SSI iBoard
2021-11-02,26.700000,26.800000,26.500000,26.650000,9856900,SSI iBoard
2021-11-03,26.800000,28.450000,26.500000,27.900000,41004200,SSI iBoard
2021-11-04,27.900000,28.150000,27.450000,27.450000,13509500,SSI iBoard
2021-11-05,27.500000,27.750000,27.350000,27.650000,9439300,SSI iBoard
2021-11-08,27.650000,28.000000,27.300000,27.850000,22636800,SSI iBoard
2021-11-09,28.050000,28.800000,27.300000,28.100000,26353000,SSI iBoard
2021-11-10,28.200000,28.750000,28.150000,28.450000,16093600,SSI iBoard
2021-11-11,28.550000,28.600000,27.700000,27.700000,22523900,SSI iBoard
2021-11-12,27.450000,28.450000,27.300000,28.100000,17017200,SSI iBoard
2021-11-15,28.400000,28.400000,27.650000,27.950000,12698200,SSI iBoard
2021-11-16,28.000000,28.800000,27.700000,28.050000,22035100,SSI iBoard
2021-11-17,28.100000,28.300000,27.600000,28.000000,10324800,SSI iBoard
2021-11-18,28.150000,28.150000,27.550000,27.650000,12176100,SSI iBoard
2021-11-19,27.700000,28.450000,27.000000,27.900000,22040300,SSI iBoard
2021-11-22,28.000000,29.500000,27.900000,28.800000,35710300,SSI iBoard
2021-11-23,28.950000,28.950000,28.300000,28.500000,10730300,SSI iBoard
2021-11-24,28.500000,30.450000,28.350000,30.450000,67319900,SSI iBoard
2021-11-25,31.000000,31.250000,30.350000,30.650000,28507400,SSI iBoard
2021-11-26,30.700000,31.450000,30.500000,30.850000,29138700,SSI iBoard
2021-11-29,30.100000,30.600000,29.800000,29.900000,38634400,SSI iBoard
2021-11-30,30.250000,30.300000,28.650000,28.900000,35420000,SSI iBoard
2021-12-01,28.800000,29.900000,28.750000,29.900000,19243000,SSI iBoard
2021-12-02,29.900000,30.050000,29.300000,29.300000,13458600,SSI iBoard
2021-12-03,29.400000,29.550000,28.000000,28.000000,23483000,SSI iBoard
2021-12-06,28.000000,28.400000,26.400000,27.000000,26472000,SSI iBoard
2021-12-07,27.300000,28.100000,26.900000,28.050000,12829200,SSI iBoard
2021-12-08,28.050000,28.800000,27.800000,28.600000,15748100,SSI iBoard
2021-12-09,28.500000,28.900000,28.400000,28.850000,11915400,SSI iBoard
2021-12-10,28.850000,29.050000,28.400000,28.600000,9892400,SSI iBoard
2021-12-13,28.600000,29.000000,28.350000,28.650000,10709100,SSI iBoard
2021-12-14,28.550000,28.800000,28.100000,28.100000,11426600,SSI iBoard
2021-12-15,28.100000,28.900000,27.700000,28.350000,15191400,SSI iBoard
2021-12-16,28.700000,28.700000,28.000000,28.600000,11084400,SSI iBoard
2021-12-17,28.650000,28.700000,28.000000,28.300000,9269300,SSI iBoard
2021-12-20,28.250000,28.700000,28.150000,28.650000,13058500,SSI iBoard
2021-12-21,28.650000,28.800000,28.200000,28.200000,9480400,SSI iBoard
2021-12-22,28.450000,28.600000,27.200000,27.650000,12051600,SSI iBoard
2021-12-23,27.600000,27.800000,26.900000,27.400000,14265800,SSI iBoard
2021-12-24,27.400000,28.250000,27.400000,28.200000,10410800,SSI iBoard
2021-12-27,28.450000,28.450000,27.850000,28.100000,7405300,SSI iBoard
2021-12-28,28.250000,30.050000,28.050000,30.050000,45046600,SSI iBoard
2021-12-29,30.500000,30.800000,29.500000,29.500000,16201800,SSI iBoard
2021-12-30,29.600000,31.050000,29.600000,30.500000,26157300,SSI iBoard
2021-12-31,30.700000,32.300000,30.500000,31.500000,35409200,SSI iBoard
2022-01-04,32.000000,32.850000,31.700000,32.100000,32861600,SSI iBoard
2022-01-05,31.900000,32.800000,31.700000,32.550000,36939600,SSI iBoard
2022-01-06,32.500000,33.900000,32.400000,32.700000,38537500,SSI iBoard
2022-01-07,32.700000,32.950000,31.950000,31.950000,28165900,SSI iBoard
2022-01-10,31.950000,32.950000,31.150000,31.600000,28376500,SSI iBoard
2022-01-11,31.800000,33.300000,31.700000,32.450000,29595900,SSI iBoard
2022-01-12,32.500000,34.700000,31.650000,34.700000,62422400,SSI iBoard
2022-01-13,35.400000,36.200000,34.300000,34.300000,43947500,SSI iBoard
2022-01-14,33.800000,35.450000,33.750000,35.000000,26697800,SSI iBoard
2022-01-17,35.500000,35.600000,32.600000,32.600000,44370800,SSI iBoard
2022-01-18,32.600000,34.500000,32.550000,33.900000,39676700,SSI iBoard
2022-01-19,34.300000,34.400000,32.700000,32.900000,20802100,SSI iBoard
2022-01-20,32.600000,33.900000,31.800000,33.800000,30983900,SSI iBoard
2022-01-21,33.600000,35.250000,33.350000,34.600000,39140700,SSI iBoard
2022-01-24,34.400000,34.950000,33.000000,33.300000,30187300,SSI iBoard
2022-01-25,33.100000,34.800000,33.000000,34.700000,24092400,SSI iBoard
2022-01-26,35.000000,36.500000,34.800000,35.550000,48906400,SSI iBoard
2022-01-27,35.300000,35.950000,34.750000,35.400000,23697100,SSI iBoard
2022-01-28,35.200000,36.200000,35.200000,35.550000,22212200,SSI iBoard
2022-02-07,36.000000,36.300000,35.450000,35.600000,18652400,SSI iBoard
2022-02-08,35.350000,36.200000,35.350000,35.850000,18823800,SSI iBoard
2022-02-09,36.000000,36.700000,35.000000,35.050000,32928900,SSI iBoard
2022-02-10,35.000000,35.250000,34.200000,34.750000,33959900,SSI iBoard
2022-02-11,34.750000,35.350000,34.450000,35.300000,18450500,SSI iBoard
2022-02-14,34.850000,35.000000,32.850000,32.850000,37421900,SSI iBoard
2022-02-15,33.100000,33.900000,32.700000,33.500000,31169300,SSI iBoard
2022-02-16,33.750000,34.100000,33.100000,33.600000,20057100,SSI iBoard
2022-02-17,33.600000,34.250000,33.450000,33.900000,15739300,SSI iBoard
2022-02-18,33.600000,33.800000,33.200000,33.350000,18494900,SSI iBoard
2022-02-21,33.350000,33.550000,32.800000,33.200000,21150600,SSI iBoard
2022-02-22,32.900000,33.700000,32.800000,33.700000,24415700,SSI iBoard
2022-02-23,33.900000,33.950000,33.600000,33.600000,13866100,SSI iBoard
2022-02-24,33.400000,33.700000,32.000000,32.900000,30479000,SSI iBoard
2022-02-25,33.100000,33.550000,32.900000,33.000000,17789600,SSI iBoard
2022-02-28,33.000000,33.350000,32.800000,32.850000,16458800,SSI iBoard
2022-03-01,33.000000,33.000000,32.650000,32.650000,16919600,SSI iBoard
2022-03-02,32.500000,32.550000,31.100000,31.250000,45276000,SSI iBoard
2022-03-03,31.550000,31.900000,31.100000,31.850000,19790900,SSI iBoard
2022-03-04,31.850000,32.550000,31.500000,32.000000,13257500,SSI iBoard
2022-03-07,31.200000,32.000000,31.200000,31.500000,16727500,SSI iBoard
2022-03-08,31.050000,31.650000,30.650000,30.850000,16477900,SSI iBoard
2022-03-09,31.000000,31.300000,30.500000,31.100000,14911000,SSI iBoard
2022-03-10,31.750000,32.000000,31.550000,31.550000,12219700,SSI iBoard
2022-03-11,31.400000,32.450000,31.300000,32.050000,15987700,SSI iBoard
2022-03-14,32.050000,32.600000,31.850000,32.500000,20978200,SSI iBoard
2022-03-15,32.500000,33.150000,32.350000,32.700000,17471800,SSI iBoard
2022-03-16,32.800000,32.950000,32.550000,32.900000,11148500,SSI iBoard
2022-03-17,33.000000,33.150000,32.650000,32.800000,10884800,SSI iBoard
2022-03-18,32.800000,33.250000,32.550000,33.100000,26734000,SSI iBoard
2022-03-21,33.100000,33.450000,32.800000,33.100000,12852100,SSI iBoard
2022-03-22,33.350000,34.200000,33.350000,34.050000,24584000,SSI iBoard
2022-03-23,34.000000,34.300000,33.650000,34.000000,15498400,SSI iBoard
2022-03-24,34.000000,34.050000,33.600000,33.650000,9921600,SSI iBoard
2022-03-25,33.600000,34.000000,33.600000,33.650000,11344100,SSI iBoard
2022-03-28,33.500000,33.550000,31.800000,31.850000,36749100,SSI iBoard
2022-03-29,32.100000,32.350000,31.750000,32.300000,12694700,SSI iBoard
2022-03-30,31.950000,32.650000,31.500000,32.250000,15931800,SSI iBoard
2022-03-31,32.100000,32.450000,31.700000,31.700000,9023400,SSI iBoard
2022-04-01,31.650000,32.250000,31.550000,32.200000,9156000,SSI iBoard
2022-04-04,32.500000,32.700000,32.150000,32.200000,10191000,SSI iBoard
2022-04-05,32.050000,32.300000,31.800000,31.800000,8729900,SSI iBoard
2022-04-06,31.800000,32.600000,31.550000,32.350000,12151500,SSI iBoard
2022-04-07,32.400000,32.900000,31.750000,31.900000,11478600,SSI iBoard
2022-04-08,31.900000,31.950000,30.900000,31.000000,18745300,SSI iBoard
2022-04-12,31.150000,31.450000,30.500000,30.800000,9624800,SSI iBoard
2022-04-13,31.000000,31.500000,30.700000,31.350000,6924200,SSI iBoard
2022-04-14,31.350000,31.500000,30.750000,30.800000,6467600,SSI iBoard
2022-04-15,30.700000,31.000000,30.100000,30.100000,10461600,SSI iBoard
2022-04-18,30.100000,30.200000,29.000000,29.000000,14856200,SSI iBoard
2022-04-19,29.100000,29.400000,27.500000,27.500000,15852000,SSI iBoard
2022-04-20,27.800000,28.200000,27.450000,27.550000,12024300,SSI iBoard
2022-04-21,27.400000,28.350000,27.100000,27.650000,9902300,SSI iBoard
2022-04-22,28.100000,29.000000,27.800000,28.800000,11530600,SSI iBoard
2022-04-25,28.800000,29.000000,26.800000,26.800000,14386300,SSI iBoard
2022-04-26,26.600000,27.500000,25.650000,27.400000,11114800,SSI iBoard
2022-04-27,27.000000,28.200000,26.450000,28.200000,8593800,SSI iBoard
2022-04-28,27.850000,28.200000,27.400000,27.700000,6523900,SSI iBoard
2022-04-29,27.550000,28.150000,27.400000,27.700000,11168500,SSI iBoard
2022-05-04,27.700000,27.700000,26.700000,26.750000,8979400,SSI iBoard
2022-05-05,27.000000,27.050000,25.900000,26.900000,13505600,SSI iBoard
2022-05-06,26.000000,26.600000,25.400000,25.500000,15245000,SSI iBoard
2022-05-09,25.100000,25.100000,23.750000,23.750000,23972900,SSI iBoard
2022-05-10,22.550000,23.900000,22.550000,23.900000,18391700,SSI iBoard
2022-05-11,23.900000,24.000000,22.800000,23.550000,13068000,SSI iBoard
2022-05-12,23.450000,23.450000,21.950000,21.950000,24214900,SSI iBoard
2022-05-13,21.500000,21.950000,20.450000,20.450000,22537200,SSI iBoard
2022-05-16,21.100000,21.300000,19.050000,19.050000,35190100,SSI iBoard
2022-05-17,18.700000,20.350000,18.600000,20.350000,30818300,SSI iBoard
2022-05-18,20.950000,21.750000,20.700000,21.750000,27100600,SSI iBoard
2022-05-19,21.300000,22.400000,21.250000,21.750000,22221600,SSI iBoard
2022-05-20,21.750000,22.050000,21.500000,21.600000,14328800,SSI iBoard
2022-05-23,21.750000,21.750000,20.150000,20.350000,30824100,SSI iBoard
2022-05-24,20.350000,21.750000,20.100000,21.750000,17952200,SSI iBoard
2022-05-25,22.000000,22.850000,22.000000,22.750000,20351500,SSI iBoard
2022-05-26,22.600000,22.750000,22.300000,22.400000,15266200,SSI iBoard
2022-05-27,22.500000,22.700000,22.100000,22.250000,15040300,SSI iBoard
2022-05-30,22.450000,23.000000,22.250000,22.800000,16390500,SSI iBoard
2022-05-31,22.600000,22.800000,22.350000,22.350000,12812300,SSI iBoard
2022-06-01,22.300000,22.600000,22.000000,22.250000,14727100,SSI iBoard
2022-06-02,22.350000,22.400000,21.450000,21.550000,15929800,SSI iBoard
2022-06-03,21.500000,21.700000,20.950000,21.150000,12083400,SSI iBoard
2022-06-06,21.150000,21.400000,20.500000,20.500000,17162600,SSI iBoard
2022-06-07,20.500000,20.550000,19.800000,20.200000,16797600,SSI iBoard
2022-06-08,20.400000,21.600000,20.300000,21.600000,11493800,SSI iBoard
2022-06-09,22.250000,22.350000,21.700000,22.300000,16071100,SSI iBoard
2022-06-10,21.800000,22.700000,21.750000,21.900000,17446000,SSI iBoard
2022-06-13,21.050000,21.600000,20.500000,20.600000,16680200,SSI iBoard
2022-06-14,20.350000,21.250000,20.350000,20.900000,12472300,SSI iBoard
2022-06-15,21.000000,21.050000,19.950000,20.700000,13262200,SSI iBoard
2022-06-16,21.100000,21.250000,20.800000,21.000000,11245300,SSI iBoard
2022-06-17,20.500000,20.500000,19.800000,20.250000,12492500,SSI iBoard
2022-06-20,20.300000,20.550000,18.850000,18.850000,16894800,SSI iBoard
2022-06-21,18.850000,19.600000,18.700000,19.200000,10840400,SSI iBoard
2022-06-22,19.700000,20.500000,19.600000,20.500000,9689900,SSI iBoard
2022-06-23,20.150000,21.700000,20.150000,21.300000,15465200,SSI iBoard
2022-06-24,21.300000,21.800000,21.050000,21.200000,11596900,SSI iBoard
2022-06-27,21.400000,21.750000,21.150000,21.500000,9786600,SSI iBoard
2022-06-28,21.500000,22.800000,21.350000,22.550000,24887500,SSI iBoard
2022-06-29,22.100000,23.300000,22.100000,22.600000,13808600,SSI iBoard
2022-06-30,22.550000,22.750000,21.500000,21.500000,18789800,SSI iBoard
2022-07-01,21.400000,22.050000,20.700000,22.000000,16869800,SSI iBoard
2022-07-04,22.300000,22.950000,22.100000,22.350000,22132700,SSI iBoard
2022-07-05,22.400000,23.600000,22.350000,23.050000,30049300,SSI iBoard
2022-07-06,22.600000,23.400000,22.450000,22.500000,17725300,SSI iBoard
2022-07-07,22.500000,23.150000,22.100000,22.600000,15935900,SSI iBoard
2022-07-08,23.000000,23.050000,22.350000,22.500000,15739700,SSI iBoard
2022-07-11,22.250000,22.450000,21.650000,22.050000,21170600,SSI iBoard
2022-07-12,22.150000,22.800000,21.950000,22.600000,12469100,SSI iBoard
2022-07-13,22.600000,23.400000,22.600000,23.050000,17150700,SSI iBoard
2022-07-14,22.900000,23.350000,22.800000,23.300000,12876400,SSI iBoard
2022-07-15,23.400000,23.750000,22.950000,23.000000,16982600,SSI iBoard
2022-07-18,23.050000,23.400000,22.550000,22.550000,14305700,SSI iBoard
2022-07-19,22.550000,23.150000,22.450000,22.950000,11691000,SSI iBoard
2022-07-20,23.250000,23.500000,22.950000,23.050000,11199600,SSI iBoard
2022-07-21,23.050000,23.600000,23.000000,23.100000,17945400,SSI iBoard
2022-07-22,23.300000,23.500000,23.000000,23.000000,11581700,SSI iBoard
2022-07-25,23.000000,23.300000,22.800000,22.850000,6665200,SSI iBoard
2022-07-26,22.950000,22.950000,22.700000,22.950000,9279700,SSI iBoard
2022-07-27,22.850000,23.050000,22.750000,23.050000,9170900,SSI iBoard
2022-07-28,23.350000,24.650000,23.250000,24.450000,40238200,SSI iBoard
2022-07-29,24.650000,24.900000,24.300000,24.700000,17762000,SSI iBoard
2022-08-01,24.500000,25.600000,24.500000,25.200000,16701100,SSI iBoard
2022-08-02,25.000000,25.500000,24.850000,24.950000,18607500,SSI iBoard
2022-08-03,24.850000,25.650000,24.750000,25.450000,14338500,SSI iBoard
2022-08-04,25.650000,25.700000,25.100000,25.200000,13127200,SSI iBoard
2022-08-05,25.100000,25.250000,24.850000,25.250000,12665800,SSI iBoard
2022-08-08,25.250000,25.650000,25.100000,25.300000,7664100,SSI iBoard
2022-08-09,25.300000,25.500000,25.000000,25.250000,7863800,SSI iBoard
2022-08-10,25.200000,25.300000,24.900000,24.900000,8967800,SSI iBoard
2022-08-11,25.200000,25.600000,24.800000,25.200000,15664300,SSI iBoard
2022-08-12,25.050000,25.650000,25.050000,25.650000,8391200,SSI iBoard
2022-08-15,25.900000,26.350000,25.650000,25.650000,13671000,SSI iBoard
2022-08-16,25.800000,25.800000,25.350000,25.550000,9490900,SSI iBoard
2022-08-17,25.550000,25.600000,25.300000,25.400000,11130300,SSI iBoard
2022-08-18,25.200000,25.650000,25.000000,25.200000,12921000,SSI iBoard
2022-08-19,25.250000,25.500000,25.050000,25.100000,7722200,SSI iBoard
2022-08-22,25.000000,25.200000,24.700000,24.700000,9667900,SSI iBoard
2022-08-23,24.600000,25.000000,24.300000,25.000000,9877300,SSI iBoard
2022-08-24,25.100000,25.550000,24.800000,25.400000,13326500,SSI iBoard
2022-08-25,25.550000,25.650000,25.400000,25.650000,8891300,SSI iBoard
2022-08-26,25.700000,25.800000,25.100000,25.100000,10738200,SSI iBoard
2022-08-29,24.700000,24.850000,24.050000,24.850000,15059400,SSI iBoard
2022-08-30,24.900000,25.100000,24.650000,24.650000,8084200,SSI iBoard
2022-08-31,24.550000,24.900000,24.400000,24.800000,7673100,SSI iBoard
2022-09-05,24.700000,24.850000,24.600000,24.700000,5292400,SSI iBoard
2022-09-06,24.700000,25.050000,24.650000,24.700000,6307900,SSI iBoard
2022-09-07,24.700000,25.450000,24.350000,24.350000,22424200,SSI iBoard
2022-09-08,24.700000,24.700000,23.900000,23.900000,10363500,SSI iBoard
2022-09-09,24.000000,24.050000,22.650000,23.750000,21144800,SSI iBoard
2022-09-12,23.750000,23.900000,23.100000,23.100000,5734900,SSI iBoard
2022-09-13,23.000000,23.450000,23.000000,23.050000,6532800,SSI iBoard
2022-09-14,22.650000,23.050000,22.500000,23.050000,10170600,SSI iBoard
2022-09-15,23.250000,23.350000,22.800000,23.050000,8396500,SSI iBoard
2022-09-16,22.950000,23.000000,22.450000,22.450000,16349600,SSI iBoard
2022-09-19,22.600000,22.650000,21.600000,21.600000,10742400,SSI iBoard
2022-09-20,21.900000,22.300000,21.650000,22.150000,6368400,SSI iBoard
2022-09-21,22.050000,22.100000,21.750000,21.750000,3707700,SSI iBoard
2022-09-22,21.450000,21.950000,21.450000,21.950000,5220700,SSI iBoard
2022-09-23,21.800000,22.000000,21.450000,21.450000,6962300,SSI iBoard
2022-09-26,20.950000,21.000000,20.250000,20.500000,16606500,SSI iBoard
2022-09-27,20.800000,20.800000,20.400000,20.500000,5440900,SSI iBoard
2022-09-28,20.200000,20.600000,20.150000,20.300000,6498700,SSI iBoard
2022-09-29,20.600000,20.700000,19.700000,19.700000,7927300,SSI iBoard
2022-09-30,19.600000,20.800000,19.500000,20.600000,16490500,SSI iBoard
2022-10-03,20.300000,20.400000,19.200000,19.200000,14937100,SSI iBoard
2022-10-04,19.750000,19.750000,18.600000,18.750000,15971100,SSI iBoard
2022-10-05,19.350000,19.500000,19.000000,19.250000,10610300,SSI iBoard
2022-10-06,19.350000,19.350000,17.950000,18.000000,18656100,SSI iBoard
2022-10-07,17.600000,17.600000,16.750000,16.750000,40976500,SSI iBoard
2022-10-10,16.200000,17.250000,15.750000,17.000000,34119100,SSI iBoard
2022-10-11,16.950000,17.000000,15.850000,15.850000,24976900,SSI iBoard
2022-10-12,15.950000,16.950000,15.900000,16.950000,15160800,SSI iBoard
2022-10-13,17.050000,17.700000,16.950000,17.650000,16491000,SSI iBoard
2022-10-14,18.100000,18.100000,17.450000,17.650000,25065100,SSI iBoard
2022-10-17,17.450000,18.150000,17.300000,18.150000,12846000,SSI iBoard
2022-10-18,18.500000,18.650000,17.500000,17.700000,14148300,SSI iBoard
2022-10-19,17.750000,17.850000,16.900000,17.300000,17992600,SSI iBoard
2022-10-20,17.250000,17.750000,16.900000,17.150000,13245100,SSI iBoard
2022-10-21,17.100000,17.250000,15.950000,15.950000,22530300,SSI iBoard
2022-10-24,16.050000,16.350000,14.850000,14.850000,27147400,SSI iBoard
2022-10-25,14.900000,15.850000,14.050000,14.900000,22832700,SSI iBoard
2022-10-26,15.150000,15.400000,14.800000,15.000000,7624800,SSI iBoard
2022-10-27,15.000000,16.050000,15.000000,16.050000,21985200,SSI iBoard
2022-10-28,16.450000,16.850000,16.100000,16.150000,18824600,SSI iBoard
2022-10-31,16.200000,16.500000,15.600000,16.150000,16782900,SSI iBoard
2022-11-01,16.500000,17.250000,16.350000,16.900000,29458400,SSI iBoard
2022-11-02,16.900000,17.300000,16.750000,16.900000,19123400,SSI iBoard
2022-11-03,16.800000,17.450000,16.800000,17.250000,19534000,SSI iBoard
2022-11-04,17.050000,17.250000,16.050000,16.600000,32100600,SSI iBoard
2022-11-07,16.350000,16.700000,15.500000,15.500000,20698900,SSI iBoard
2022-11-08,15.500000,16.550000,15.300000,16.450000,22034700,SSI iBoard
2022-11-09,16.800000,17.050000,15.800000,16.250000,35899100,SSI iBoard
2022-11-10,16.000000,16.250000,15.150000,15.150000,37391500,SSI iBoard
2022-11-11,15.600000,16.200000,15.450000,15.600000,39517200,SSI iBoard
2022-11-14,15.450000,16.100000,14.850000,15.850000,36929800,SSI iBoard
2022-11-15,15.750000,16.000000,14.850000,15.100000,27646400,SSI iBoard
2022-11-16,14.800000,16.150000,14.450000,16.150000,29344400,SSI iBoard
2022-11-17,16.900000,17.250000,16.600000,17.200000,35148700,SSI iBoard
2022-11-18,16.950000,17.650000,16.450000,17.100000,32563700,SSI iBoard
2022-11-21,17.300000,17.400000,16.700000,16.700000,17502900,SSI iBoard
2022-11-22,16.600000,17.850000,16.600000,16.900000,30775500,SSI iBoard
2022-11-23,16.900000,17.900000,16.900000,17.500000,25665600,SSI iBoard
2022-11-24,17.300000,18.200000,16.900000,18.200000,18314400,SSI iBoard
2022-11-25,18.500000,18.950000,18.000000,18.900000,24962000,SSI iBoard
2022-11-28,19.100000,19.750000,19.050000,19.700000,28234200,SSI iBoard
2022-11-29,19.500000,19.950000,18.900000,19.750000,26282100,SSI iBoard
2022-11-30,19.550000,20.200000,19.150000,20.000000,25462700,SSI iBoard
2022-12-01,20.200000,21.100000,19.500000,19.500000,39125200,SSI iBoard
2022-12-02,19.800000,20.850000,19.500000,20.850000,27685300,SSI iBoard
2022-12-05,22.300000,22.300000,21.850000,22.300000,38505100,SSI iBoard
2022-12-06,22.250000,22.650000,20.750000,20.750000,49350900,SSI iBoard
2022-12-07,20.550000,20.900000,19.700000,20.300000,27772200,SSI iBoard
2022-12-08,20.750000,21.700000,20.750000,21.700000,20042500,SSI iBoard
2022-12-09,22.500000,22.600000,21.900000,22.400000,26467900,SSI iBoard
2022-12-12,22.500000,22.600000,21.300000,21.300000,20770500,SSI iBoard
2022-12-13,21.350000,22.600000,21.050000,22.550000,25986500,SSI iBoard
2022-12-14,23.000000,23.500000,22.700000,23.250000,21018800,SSI iBoard
2022-12-15,23.100000,23.650000,22.650000,23.250000,20332000,SSI iBoard
2022-12-16,22.850000,23.200000,22.550000,22.800000,25278700,SSI iBoard
2022-12-19,23.000000,23.400000,22.400000,22.400000,23175600,SSI iBoard
2022-12-20,22.000000,22.450000,21.250000,22.450000,28918700,SSI iBoard
2022-12-21,22.750000,23.800000,22.300000,23.550000,35449400,SSI iBoard
2022-12-22,23.750000,24.150000,23.100000,23.400000,17470200,SSI iBoard
2022-12-23,23.450000,23.700000,22.900000,23.500000,13227800,SSI iBoard
2022-12-26,23.450000,23.550000,21.900000,21.900000,20485300,SSI iBoard
2022-12-27,22.000000,23.000000,21.850000,22.500000,20842100,SSI iBoard
2022-12-28,22.600000,23.000000,22.050000,22.900000,15196800,SSI iBoard
2022-12-29,22.700000,22.950000,22.350000,22.350000,9448000,SSI iBoard
2022-12-30,22.600000,22.700000,22.200000,22.500000,10618600,SSI iBoard
2023-01-03,22.500000,23.600000,22.500000,23.500000,16251000,SSI iBoard
2023-01-04,23.600000,24.100000,23.300000,23.300000,18036600,SSI iBoard
2023-01-05,23.400000,24.250000,23.400000,24.200000,19217000,SSI iBoard
2023-01-06,24.250000,25.100000,24.100000,24.300000,25666300,SSI iBoard
2023-01-09,24.600000,25.000000,24.200000,24.650000,13239000,SSI iBoard
2023-01-10,24.650000,25.300000,24.150000,24.950000,14761200,SSI iBoard
2023-01-11,25.250000,25.400000,24.700000,24.700000,10080600,SSI iBoard
2023-01-12,24.900000,24.950000,24.550000,24.950000,7154600,SSI iBoard
2023-01-13,25.150000,25.450000,24.950000,25.300000,13353500,SSI iBoard
2023-01-16,25.400000,25.550000,25.000000,25.500000,7925000,SSI iBoard
2023-01-17,25.500000,26.550000,25.500000,26.550000,14388000,SSI iBoard
2023-01-18,26.550000,26.850000,26.550000,26.800000,8512500,SSI iBoard
2023-01-19,26.550000,27.000000,26.500000,26.800000,12060500,SSI iBoard
2023-01-27,27.100000,27.400000,26.650000,26.650000,8531800,SSI iBoard
2023-01-30,26.500000,26.650000,25.850000,25.850000,18539200,SSI iBoard
2023-01-31,25.850000,27.100000,25.150000,27.100000,25362500,SSI iBoard
2023-02-01,27.100000,27.300000,25.400000,25.650000,16199300,SSI iBoard
2023-02-02,25.700000,26.350000,25.400000,26.150000,18433700,SSI iBoard
2023-02-03,26.350000,27.150000,26.050000,26.050000,30634000,SSI iBoard
2023-02-06,26.100000,26.400000,25.600000,25.700000,19359900,SSI iBoard
2023-02-07,25.900000,26.300000,25.550000,25.750000,19755100,SSI iBoard
2023-02-08,25.900000,25.950000,25.000000,25.000000,28192600,SSI iBoard
2023-02-09,25.200000,25.700000,24.200000,24.450000,37343600,SSI iBoard
2023-02-10,24.500000,24.800000,23.650000,23.650000,16166300,SSI iBoard
2023-02-13,23.800000,24.500000,23.350000,24.500000,17392800,SSI iBoard
2023-02-14,24.500000,24.850000,24.050000,24.400000,9246400,SSI iBoard
2023-02-15,24.100000,24.600000,22.950000,23.350000,33356400,SSI iBoard
2023-02-16,23.750000,24.250000,23.450000,23.900000,15366000,SSI iBoard
2023-02-17,24.600000,24.900000,24.350000,24.400000,17975900,SSI iBoard
2023-02-20,24.300000,25.700000,24.200000,25.700000,20147300,SSI iBoard
2023-02-21,25.950000,26.100000,25.350000,25.350000,16561800,SSI iBoard
2023-02-22,25.100000,25.500000,24.700000,24.700000,18524900,SSI iBoard
2023-02-23,24.600000,25.000000,24.050000,25.000000,14252800,SSI iBoard
2023-02-24,25.050000,25.050000,24.300000,24.300000,8464100,SSI iBoard
2023-02-27,24.000000,24.200000,23.600000,23.600000,13398600,SSI iBoard
2023-02-28,23.950000,24.000000,23.600000,23.750000,6462100,SSI iBoard
2023-03-01,23.600000,25.400000,23.600000,25.400000,21605400,SSI iBoard
2023-03-02,25.400000,25.700000,25.200000,25.600000,11122900,SSI iBoard
2023-03-03,25.650000,25.750000,25.000000,25.000000,11814300,SSI iBoard
2023-03-06,25.250000,25.600000,24.700000,24.900000,18558000,SSI iBoard
2023-03-07,25.050000,25.300000,24.850000,25.000000,15476600,SSI iBoard
2023-03-08,24.850000,25.350000,24.850000,25.350000,13744200,SSI iBoard
2023-03-09,25.500000,27.100000,25.450000,26.500000,42575200,SSI iBoard
2023-03-10,26.500000,26.850000,25.950000,26.000000,23483500,SSI iBoard
2023-03-13,25.600000,25.750000,25.000000,25.000000,29609000,SSI iBoard
2023-03-14,24.900000,25.050000,24.100000,24.400000,25329600,SSI iBoard
2023-03-15,25.100000,25.500000,24.900000,25.350000,20097700,SSI iBoard
2023-03-16,24.800000,24.950000,24.500000,24.600000,19670500,SSI iBoard
2023-03-17,24.750000,25.050000,24.550000,25.050000,21263500,SSI iBoard
2023-03-20,25.000000,25.050000,24.200000,24.200000,16972100,SSI iBoard
2023-03-21,24.500000,24.650000,24.150000,24.600000,10858100,SSI iBoard
2023-03-22,24.750000,25.250000,24.600000,24.800000,16551000,SSI iBoard
2023-03-23,24.550000,25.150000,24.500000,25.000000,12242200,SSI iBoard
2023-03-24,25.250000,25.550000,25.050000,25.050000,16106400,SSI iBoard
2023-03-27,25.050000,25.700000,24.950000,25.500000,16704000,SSI iBoard
2023-03-28,25.900000,26.000000,25.300000,25.400000,17176400,SSI iBoard
2023-03-29,25.500000,25.650000,25.150000,25.350000,16807400,SSI iBoard
2023-03-30,25.700000,26.450000,25.400000,26.000000,39396200,SSI iBoard
2023-03-31,26.000000,26.350000,25.850000,26.200000,22409800,SSI iBoard
2023-04-03,26.600000,27.050000,26.500000,26.750000,25291900,SSI iBoard
2023-04-04,26.750000,26.950000,26.500000,26.900000,17729100,SSI iBoard
2023-04-05,26.900000,26.900000,25.900000,26.250000,39446300,SSI iBoard
2023-04-06,26.250000,26.400000,25.650000,25.650000,26271200,SSI iBoard
2023-04-07,25.750000,26.000000,25.500000,26.000000,15461800,SSI iBoard
2023-04-10,26.100000,26.500000,25.850000,25.950000,16465400,SSI iBoard
2023-04-11,25.900000,25.950000,25.600000,25.950000,13353600,SSI iBoard
2023-04-12,25.950000,26.400000,25.800000,26.100000,20359600,SSI iBoard
2023-04-13,26.200000,26.550000,26.050000,26.450000,16207400,SSI iBoard
2023-04-14,26.700000,26.750000,25.700000,25.700000,16397700,SSI iBoard
2023-04-17,25.800000,26.050000,25.650000,25.900000,10198100,SSI iBoard
2023-04-18,25.900000,26.100000,25.800000,25.900000,10113700,SSI iBoard
2023-04-19,26.000000,26.000000,25.500000,25.500000,14169900,SSI iBoard
2023-04-20,25.600000,25.800000,25.500000,25.700000,9010300,SSI iBoard
2023-04-21,25.700000,25.800000,25.500000,25.600000,8711200,SSI iBoard
2023-04-24,25.650000,25.900000,25.450000,25.550000,7659200,SSI iBoard
2023-04-25,25.750000,25.900000,24.900000,25.050000,15450700,SSI iBoard
2023-04-26,25.050000,25.400000,24.650000,25.400000,12437000,SSI iBoard
2023-04-27,25.400000,25.500000,25.150000,25.150000,6548900,SSI iBoard
2023-04-28,25.250000,25.450000,25.150000,25.300000,6775000,SSI iBoard
2023-05-04,25.050000,25.300000,24.950000,25.150000,8447400,SSI iBoard
2023-05-05,25.050000,25.250000,24.850000,24.950000,7684600,SSI iBoard
2023-05-08,25.000000,25.700000,25.000000,25.650000,10204600,SSI iBoard
2023-05-09,25.650000,25.900000,25.600000,25.750000,7317100,SSI iBoard
2023-05-10,25.800000,26.450000,25.750000,26.350000,14508700,SSI iBoard
2023-05-11,26.400000,26.750000,26.300000,26.400000,14943800,SSI iBoard
2023-05-12,26.550000,26.850000,26.350000,26.800000,16486600,SSI iBoard
2023-05-15,27.000000,27.600000,26.900000,27.000000,29853900,SSI iBoard
2023-05-16,27.000000,27.550000,27.000000,27.400000,13149900,SSI iBoard
2023-05-17,27.400000,27.500000,26.900000,27.000000,17690100,SSI iBoard
2023-05-18,27.150000,27.500000,27.000000,27.200000,15189700,SSI iBoard
2023-05-19,27.350000,27.950000,27.200000,27.850000,24344500,SSI iBoard
2023-05-22,28.000000,28.500000,27.800000,28.150000,17738400,SSI iBoard
2023-05-23,28.200000,28.300000,27.700000,27.950000,17308100,SSI iBoard
2023-05-24,28.000000,28.050000,27.300000,27.400000,21756500,SSI iBoard
2023-05-25,27.200000,27.500000,26.850000,27.000000,35282200,SSI iBoard
2023-05-26,27.250000,27.250000,26.850000,27.200000,11437800,SSI iBoard
2023-05-29,27.400000,27.700000,27.300000,27.700000,9984100,SSI iBoard
2023-05-30,27.950000,27.950000,27.400000,27.700000,9099700,SSI iBoard
2023-05-31,27.700000,27.900000,27.550000,27.700000,15062400,SSI iBoard
2023-06-01,27.650000,28.000000,27.650000,28.000000,8842400,SSI iBoard
2023-06-02,28.200000,28.800000,28.150000,28.300000,17871000,SSI iBoard
2023-06-05,28.550000,28.650000,28.050000,28.050000,14176900,SSI iBoard
2023-06-06,28.050000,28.300000,27.750000,28.300000,17184500,SSI iBoard
2023-06-07,28.700000,28.800000,28.150000,28.350000,12976500,SSI iBoard
2023-06-08,28.300000,28.400000,27.600000,27.600000,20255700,SSI iBoard
2023-06-09,27.700000,28.100000,27.250000,28.100000,12851200,SSI iBoard
2023-06-12,28.150000,28.200000,27.500000,28.200000,11276200,SSI iBoard
2023-06-13,28.200000,28.400000,27.950000,28.200000,9048400,SSI iBoard
2023-06-14,28.250000,28.450000,27.800000,27.800000,16588600,SSI iBoard
2023-06-15,27.800000,27.900000,27.600000,27.800000,11049600,SSI iBoard
2023-06-16,28.050000,29.600000,28.000000,29.000000,44855200,SSI iBoard
2023-06-19,29.150000,29.150000,28.750000,28.750000,8516000,SSI iBoard
2023-06-20,28.900000,29.250000,28.700000,29.250000,10685100,SSI iBoard
2023-06-21,29.250000,29.550000,29.100000,29.400000,16888300,SSI iBoard
2023-06-22,29.700000,30.200000,29.500000,30.000000,21640300,SSI iBoard
2023-06-23,30.200000,30.650000,30.000000,30.300000,16889100,SSI iBoard
2023-06-26,30.200000,30.250000,29.250000,29.600000,31159200,SSI iBoard
2023-06-27,29.550000,29.750000,29.450000,29.600000,11224400,SSI iBoard
2023-06-28,29.700000,30.000000,29.550000,29.900000,13693600,SSI iBoard
2023-06-29,29.950000,30.050000,29.300000,29.550000,14837600,SSI iBoard
2023-06-30,29.550000,29.800000,29.300000,29.800000,8144800,SSI iBoard
2023-07-03,29.800000,29.950000,29.450000,29.700000,7045400,SSI iBoard
2023-07-04,29.700000,29.850000,29.300000,29.850000,17233800,SSI iBoard
2023-07-05,29.850000,30.250000,29.650000,29.900000,14555700,SSI iBoard
2023-07-06,29.850000,29.900000,29.100000,29.100000,26337200,SSI iBoard
2023-07-07,29.100000,29.600000,29.000000,29.600000,9708200,SSI iBoard
2023-07-10,29.800000,29.950000,29.500000,29.850000,11191900,SSI iBoard
2023-07-11,30.050000,30.350000,29.850000,30.000000,17902700,SSI iBoard
2023-07-12,29.800000,29.900000,29.300000,29.800000,32137800,SSI iBoard
2023-07-13,29.650000,30.000000,29.650000,30.000000,11703900,SSI iBoard
2023-07-14,30.200000,30.200000,27.900000,29.000000,74861900,SSI iBoard
2023-07-17,28.850000,28.900000,28.000000,28.000000,41707400,SSI iBoard
2023-07-18,28.000000,28.450000,27.900000,28.450000,23016500,SSI iBoard
2023-07-19,28.450000,28.600000,28.200000,28.250000,11967700,SSI iBoard
2023-07-20,28.250000,28.300000,27.600000,27.850000,27253400,SSI iBoard
2023-07-21,27.950000,28.750000,27.800000,28.750000,29526800,SSI iBoard
2023-07-24,28.750000,28.900000,28.450000,28.700000,17378100,SSI iBoard
2023-07-25,28.600000,29.150000,28.400000,28.500000,19697700,SSI iBoard
2023-07-26,28.500000,28.500000,28.200000,28.300000,13249800,SSI iBoard
2023-07-27,28.300000,28.450000,27.900000,28.100000,21100800,SSI iBoard
2023-07-28,28.100000,28.750000,28.100000,28.650000,19908800,SSI iBoard
2023-07-31,28.900000,29.100000,28.500000,28.950000,21200800,SSI iBoard
2023-08-01,29.100000,29.700000,28.900000,28.950000,41823000,SSI iBoard
2023-08-02,28.900000,29.300000,28.800000,29.100000,18419000,SSI iBoard
2023-08-03,29.150000,29.200000,28.600000,28.600000,20537400,SSI iBoard
2023-08-04,28.600000,28.950000,28.500000,28.950000,18096200,SSI iBoard
2023-08-07,29.050000,30.250000,29.050000,30.050000,49624600,SSI iBoard
2023-08-08,30.350000,30.400000,29.750000,29.800000,15546300,SSI iBoard
2023-08-09,29.850000,31.200000,29.650000,31.200000,37815900,SSI iBoard
2023-08-10,31.150000,31.300000,30.550000,30.550000,13398600,SSI iBoard
2023-08-11,30.750000,32.100000,30.550000,31.850000,33178800,SSI iBoard
2023-08-14,31.900000,32.000000,31.500000,31.900000,16893000,SSI iBoard
2023-08-15,31.900000,32.000000,31.450000,31.500000,16928700,SSI iBoard
2023-08-16,31.500000,32.900000,31.200000,32.900000,44953500,SSI iBoard
2023-08-17,32.600000,32.800000,32.250000,32.350000,14884100,SSI iBoard
2023-08-18,32.100000,32.450000,30.300000,31.300000,45150600,SSI iBoard
2023-08-21,31.600000,32.700000,31.300000,31.800000,35255100,SSI iBoard
2023-08-22,32.000000,32.150000,30.500000,32.150000,32920900,SSI iBoard
2023-08-23,32.100000,32.200000,30.750000,30.900000,38653900,SSI iBoard
2023-08-24,31.100000,31.700000,30.900000,31.550000,14088400,SSI iBoard
2023-08-25,31.300000,31.500000,30.950000,31.100000,17148500,SSI iBoard
2023-08-28,31.150000,31.900000,30.950000,31.650000,18709800,SSI iBoard
2023-08-29,31.800000,31.900000,31.350000,31.750000,17672400,SSI iBoard
2023-08-30,31.800000,32.500000,31.800000,32.500000,27237000,SSI iBoard
2023-08-31,32.500000,32.650000,32.350000,32.650000,18726700,SSI iBoard
2023-09-05,32.700000,33.150000,32.400000,32.700000,22518900,SSI iBoard
2023-09-06,32.600000,33.050000,32.150000,33.050000,23144500,SSI iBoard
2023-09-07,33.000000,33.250000,32.650000,33.000000,20729300,SSI iBoard
2023-09-08,32.800000,32.950000,32.500000,32.500000,18547100,SSI iBoard
2023-09-11,32.700000,32.700000,31.550000,31.600000,32699500,SSI iBoard
2023-09-12,31.800000,32.350000,31.350000,32.350000,14337200,SSI iBoard
2023-09-13,32.500000,32.550000,31.850000,31.950000,17037500,SSI iBoard
2023-09-14,32.000000,32.450000,31.800000,31.800000,14940900,SSI iBoard
2023-09-15,32.300000,33.150000,32.100000,32.500000,34137000,SSI iBoard
2023-09-18,32.300000,33.050000,32.300000,32.600000,15196000,SSI iBoard
2023-09-19,32.700000,33.600000,32.650000,33.300000,33669800,SSI iBoard
2023-09-20,33.300000,33.550000,33.200000,33.250000,10589700,SSI iBoard
2023-09-21,33.200000,33.700000,32.350000,32.350000,31019800,SSI iBoard
2023-09-22,32.000000,33.000000,31.350000,32.900000,35946000,SSI iBoard
2023-09-25,32.800000,33.150000,31.400000,31.650000,25662800,SSI iBoard
2023-09-26,31.950000,32.200000,31.350000,31.350000,17056300,SSI iBoard
2023-09-27,31.500000,31.800000,30.550000,31.800000,19340500,SSI iBoard
2023-09-28,31.700000,31.700000,30.450000,30.750000,29418900,SSI iBoard
2023-09-29,31.000000,31.250000,30.650000,30.650000,12280500,SSI iBoard
2023-10-02,30.750000,31.100000,30.600000,30.850000,10885000,SSI iBoard
2023-10-03,30.650000,30.650000,29.050000,29.200000,33380900,SSI iBoard
2023-10-04,28.900000,30.600000,28.850000,30.200000,20419400,SSI iBoard
2023-10-05,30.100000,30.350000,29.850000,29.900000,10308800,SSI iBoard
2023-10-06,29.850000,30.950000,29.650000,30.950000,13108100,SSI iBoard
2023-10-09,30.950000,31.300000,30.600000,31.200000,9199800,SSI iBoard
2023-10-10,31.350000,31.650000,31.250000,31.250000,11506300,SSI iBoard
2023-10-11,31.250000,31.800000,31.150000,31.750000,8374300,SSI iBoard
2023-10-12,31.950000,31.950000,31.300000,31.600000,8160500,SSI iBoard
2023-10-13,31.200000,31.600000,31.000000,31.500000,11308800,SSI iBoard
2023-10-16,31.400000,31.450000,30.200000,30.200000,25870900,SSI iBoard
2023-10-17,30.450000,30.700000,30.000000,30.000000,11770400,SSI iBoard
2023-10-18,30.100000,30.300000,29.350000,29.700000,20147600,SSI iBoard
2023-10-19,29.500000,29.900000,28.950000,29.000000,20421700,SSI iBoard
2023-10-20,29.000000,30.300000,28.850000,30.100000,18953900,SSI iBoard
2023-10-23,29.800000,30.100000,29.400000,29.700000,13702000,SSI iBoard
2023-10-24,30.000000,30.200000,29.750000,30.000000,11931200,SSI iBoard
2023-10-25,30.000000,30.200000,29.550000,29.550000,8074600,SSI iBoard
2023-10-26,29.000000,29.200000,27.700000,28.100000,40837400,SSI iBoard
2023-10-27,28.550000,29.250000,28.150000,28.700000,16878600,SSI iBoard
2023-10-30,28.750000,28.800000,27.000000,27.000000,21271700,SSI iBoard
2023-10-31,27.100000,27.550000,26.550000,27.000000,27998300,SSI iBoard
2023-11-01,27.500000,27.700000,27.100000,27.650000,8556100,SSI iBoard
2023-11-02,27.950000,29.050000,27.900000,29.000000,15521400,SSI iBoard
2023-11-03,29.200000,29.200000,28.400000,28.500000,18856700,SSI iBoard
2023-11-06,28.650000,29.500000,28.600000,29.450000,26745600,SSI iBoard
2023-11-07,29.150000,29.300000,28.900000,29.000000,11144900,SSI iBoard
2023-11-08,28.900000,30.100000,28.750000,30.000000,20906400,SSI iBoard
2023-11-09,30.050000,30.300000,29.650000,29.650000,22227400,SSI iBoard
2023-11-10,29.400000,30.000000,29.250000,29.500000,13739800,SSI iBoard
2023-11-13,29.500000,29.600000,29.000000,29.250000,15892800,SSI iBoard
2023-11-14,29.600000,30.450000,29.500000,30.000000,18566200,SSI iBoard
2023-11-15,30.600000,30.700000,29.800000,30.000000,16567100,SSI iBoard
2023-11-16,29.900000,30.200000,29.750000,30.200000,9783300,SSI iBoard
2023-11-17,30.250000,30.400000,29.050000,29.350000,22164800,SSI iBoard
2023-11-20,28.700000,29.450000,28.700000,29.200000,16240800,SSI iBoard
2023-11-21,29.550000,29.600000,29.100000,29.300000,7021500,SSI iBoard
2023-11-22,29.300000,29.450000,28.750000,29.100000,19080700,SSI iBoard
2023-11-23,29.150000,29.300000,28.200000,28.200000,16575800,SSI iBoard
2023-11-24,28.400000,28.400000,27.500000,28.300000,23863000,SSI iBoard
2023-11-27,28.200000,28.200000,27.400000,27.400000,19828300,SSI iBoard
2023-11-28,27.500000,28.150000,26.850000,28.150000,17252700,SSI iBoard
2023-11-29,28.050000,28.250000,27.800000,27.800000,12029500,SSI iBoard
2023-11-30,27.800000,28.100000,27.500000,27.500000,13608300,SSI iBoard
2023-12-01,27.500000,27.650000,27.050000,27.500000,13635000,SSI iBoard
2023-12-04,27.600000,28.350000,27.550000,28.200000,19614700,SSI iBoard
2023-12-05,28.150000,28.300000,27.800000,27.800000,12589600,SSI iBoard
2023-12-06,27.700000,28.100000,27.700000,28.100000,14176100,SSI iBoard
2023-12-07,28.300000,28.950000,28.050000,28.550000,29262200,SSI iBoard
2023-12-08,28.700000,28.850000,28.200000,28.200000,14678400,SSI iBoard
2023-12-11,28.300000,28.400000,27.850000,27.850000,14345000,SSI iBoard
2023-12-12,27.950000,28.100000,27.800000,28.000000,6953400,SSI iBoard
2023-12-13,28.000000,28.200000,27.450000,27.450000,20639100,SSI iBoard
2023-12-14,27.700000,27.750000,27.100000,27.100000,14265300,SSI iBoard
2023-12-15,27.100000,27.450000,27.050000,27.100000,12858200,SSI iBoard
2023-12-18,27.100000,27.200000,26.300000,26.300000,21729000,SSI iBoard
2023-12-19,26.300000,26.600000,25.850000,26.600000,18259600,SSI iBoard
2023-12-20,26.700000,26.950000,26.450000,26.950000,8217200,SSI iBoard
2023-12-21,26.750000,26.850000,26.500000,26.600000,10018700,SSI iBoard
2023-12-22,26.600000,27.450000,26.300000,27.200000,22251300,SSI iBoard
2023-12-25,27.250000,27.800000,27.250000,27.500000,12751000,SSI iBoard
2023-12-26,27.600000,27.600000,27.150000,27.500000,13847000,SSI iBoard
2023-12-27,27.500000,27.650000,27.350000,27.400000,10685200,SSI iBoard
2023-12-28,27.450000,27.800000,27.350000,27.600000,10407400,SSI iBoard
2023-12-29,27.650000,28.100000,27.600000,27.950000,16014900,SSI iBoard
2024-01-02,28.000000,28.150000,27.750000,27.750000,14813300,SSI iBoard
2024-01-03,27.750000,28.500000,27.600000,28.500000,19990700,SSI iBoard
2024-01-04,28.600000,29.550000,28.500000,28.600000,31414000,SSI iBoard
2024-01-05,29.000000,29.450000,28.850000,29.300000,31291500,SSI iBoard
2024-01-08,29.600000,29.650000,29.000000,29.200000,15853600,SSI iBoard
2024-01-09,29.200000,29.500000,29.100000,29.200000,16760900,SSI iBoard
2024-01-10,29.100000,29.800000,29.100000,29.450000,25102500,SSI iBoard
2024-01-11,29.700000,29.950000,29.200000,29.500000,24449200,SSI iBoard
2024-01-12,29.300000,30.150000,29.100000,29.900000,41145100,SSI iBoard
2024-01-15,30.100000,30.250000,29.700000,29.800000,13057500,SSI iBoard
2024-01-16,29.750000,29.900000,29.600000,29.900000,13163500,SSI iBoard
2024-01-17,29.900000,30.050000,29.700000,29.700000,15239500,SSI iBoard
2024-01-18,29.750000,30.250000,29.650000,29.800000,14262500,SSI iBoard
2024-01-19,30.000000,30.300000,29.950000,30.300000,19382800,SSI iBoard
2024-01-22,30.500000,30.600000,30.150000,30.250000,13400000,SSI iBoard
2024-01-23,30.350000,30.700000,30.250000,30.500000,17926900,SSI iBoard
2024-01-24,30.450000,31.250000,30.400000,30.750000,24678500,SSI iBoard
2024-01-25,31.000000,31.000000,30.300000,30.500000,17446300,SSI iBoard
2024-01-26,30.700000,30.700000,30.200000,30.300000,15139100,SSI iBoard
2024-01-29,30.300000,30.650000,30.300000,30.350000,8935200,SSI iBoard
2024-01-30,30.350000,30.700000,30.300000,30.700000,11432400,SSI iBoard
2024-01-31,30.750000,30.900000,29.800000,29.900000,34436400,SSI iBoard
2024-02-01,29.900000,30.150000,29.700000,29.800000,10674100,SSI iBoard
2024-02-02,29.950000,30.150000,29.750000,29.900000,10080500,SSI iBoard
2024-02-05,30.000000,30.850000,29.850000,30.600000,20315900,SSI iBoard
2024-02-06,30.800000,31.100000,30.700000,30.800000,13437900,SSI iBoard
2024-02-07,30.750000,31.200000,30.750000,31.100000,12202200,SSI iBoard
2024-02-15,31.200000,31.700000,31.000000,31.250000,17188200,SSI iBoard
2024-02-16,31.300000,31.400000,30.750000,30.800000,20794300,SSI iBoard
2024-02-19,30.950000,30.950000,30.450000,30.700000,15780500,SSI iBoard
2024-02-20,30.700000,31.050000,30.550000,30.700000,16158900,SSI iBoard
2024-02-21,31.000000,32.000000,30.850000,31.500000,44463100,SSI iBoard
2024-02-22,31.400000,31.500000,31.000000,31.050000,15526000,SSI iBoard
2024-02-23,31.150000,31.550000,30.650000,30.650000,33551000,SSI iBoard
2024-02-26,30.650000,30.750000,30.150000,30.500000,24763200,SSI iBoard
2024-02-27,30.600000,30.850000,30.350000,30.750000,15451600,SSI iBoard
2024-02-28,30.850000,31.500000,30.750000,31.400000,28484800,SSI iBoard
2024-02-29,31.600000,31.800000,31.100000,31.550000,23713600,SSI iBoard
2024-03-01,31.750000,32.200000,31.700000,31.950000,27190200,SSI iBoard
2024-03-04,32.100000,32.200000,31.650000,31.750000,17157800,SSI iBoard
2024-03-05,31.750000,31.950000,31.550000,31.900000,12352400,SSI iBoard
2024-03-06,31.800000,32.150000,31.350000,31.550000,18418500,SSI iBoard
2024-03-07,31.550000,31.600000,31.150000,31.300000,17422800,SSI iBoard
2024-03-08,31.350000,31.500000,30.600000,30.650000,34885800,SSI iBoard
2024-03-11,30.600000,30.700000,30.100000,30.200000,20137400,SSI iBoard
2024-03-12,30.100000,30.550000,30.100000,30.250000,13195300,SSI iBoard
2024-03-13,30.300000,30.850000,30.150000,30.850000,16466100,SSI iBoard
2024-03-14,30.900000,30.950000,30.400000,30.450000,15812300,SSI iBoard
2024-03-15,30.450000,30.750000,30.200000,30.500000,17494500,SSI iBoard
2024-03-18,30.500000,30.700000,29.700000,30.250000,26184800,SSI iBoard
2024-03-19,30.300000,30.550000,29.900000,30.400000,13159300,SSI iBoard
2024-03-20,30.400000,31.250000,30.150000,31.150000,28145900,SSI iBoard
2024-03-21,31.250000,31.500000,31.100000,31.500000,15677800,SSI iBoard
2024-03-22,31.650000,32.400000,31.550000,31.650000,32805000,SSI iBoard
2024-03-25,31.600000,31.700000,30.800000,30.850000,25048000,SSI iBoard
2024-03-26,30.800000,31.000000,30.750000,31.000000,19270400,SSI iBoard
2024-03-27,31.000000,31.200000,30.650000,30.900000,15097000,SSI iBoard
2024-03-28,31.200000,32.000000,30.800000,32.000000,31997700,SSI iBoard
2024-03-29,32.250000,32.600000,31.600000,31.600000,34573900,SSI iBoard
2024-04-01,31.500000,31.700000,31.050000,31.400000,24131300,SSI iBoard
2024-04-02,30.500000,30.950000,29.600000,30.200000,105089800,SSI iBoard
2024-04-03,30.500000,30.800000,30.100000,30.100000,26957600,SSI iBoard
2024-04-04,30.100000,30.200000,29.650000,29.700000,30271800,SSI iBoard
2024-04-05,29.500000,29.850000,29.150000,29.600000,25456900,SSI iBoard
2024-04-08,29.300000,29.450000,28.950000,29.000000,26854100,SSI iBoard
2024-04-09,29.000000,29.250000,28.700000,29.150000,17950600,SSI iBoard
2024-04-10,29.300000,29.450000,29.100000,29.100000,14930400,SSI iBoard
2024-04-11,28.900000,29.100000,28.750000,28.850000,10462800,SSI iBoard
2024-04-12,29.100000,29.400000,28.900000,29.100000,15445100,SSI iBoard
2024-04-15,29.000000,29.400000,27.500000,27.500000,24337900,SSI iBoard
2024-04-16,27.650000,27.800000,27.200000,27.300000,22651800,SSI iBoard
2024-04-17,27.600000,27.600000,26.800000,26.800000,12961400,SSI iBoard
2024-04-19,26.400000,28.000000,26.150000,26.800000,23052500,SSI iBoard
2024-04-22,27.400000,28.150000,27.100000,27.650000,13422600,SSI iBoard
2024-04-23,27.550000,28.150000,27.550000,27.800000,18401000,SSI iBoard
2024-04-24,27.900000,28.600000,27.800000,28.600000,13991900,SSI iBoard
2024-04-25,28.600000,28.650000,28.200000,28.450000,9380100,SSI iBoard
2024-04-26,28.250000,28.950000,28.100000,28.200000,11932400,SSI iBoard
2024-05-02,28.350000,28.350000,27.500000,27.600000,10054400,SSI iBoard
2024-05-03,27.800000,28.050000,27.500000,27.550000,8851200,SSI iBoard
2024-05-06,27.950000,28.150000,27.650000,28.100000,8810000,SSI iBoard
2024-05-07,28.150000,28.350000,28.100000,28.300000,8560700,SSI iBoard
2024-05-08,28.300000,28.350000,27.850000,27.950000,9179100,SSI iBoard
2024-05-09,28.000000,28.150000,27.800000,27.800000,7552300,SSI iBoard
2024-05-10,27.900000,28.000000,27.600000,27.600000,6903400,SSI iBoard
2024-05-13,27.700000,27.700000,27.200000,27.250000,7861600,SSI iBoard
2024-05-14,27.300000,27.550000,27.200000,27.250000,7428600,SSI iBoard
2024-05-15,27.350000,27.900000,27.300000,27.800000,9801400,SSI iBoard
2024-05-16,28.100000,28.650000,28.100000,28.400000,16790800,SSI iBoard
2024-05-17,28.500000,28.550000,28.300000,28.500000,7138700,SSI iBoard
2024-05-20,28.750000,28.750000,28.200000,28.300000,10164400,SSI iBoard
2024-05-21,28.300000,28.450000,27.850000,28.300000,9961400,SSI iBoard
2024-05-22,28.300000,28.400000,27.950000,28.000000,7853200,SSI iBoard
2024-05-23,27.900000,28.550000,27.700000,28.550000,10710600,SSI iBoard
2024-05-24,28.450000,29.250000,28.300000,28.700000,28342000,SSI iBoard
2024-05-27,28.800000,28.950000,28.350000,28.700000,6564000,SSI iBoard
2024-05-28,28.800000,29.000000,28.600000,28.850000,9012300,SSI iBoard
2024-05-29,28.900000,28.900000,28.250000,28.250000,10808900,SSI iBoard
2024-05-30,28.000000,28.250000,27.600000,27.850000,16001700,SSI iBoard
2024-05-31,28.050000,28.200000,27.800000,27.850000,5567800,SSI iBoard
2024-06-03,28.100000,29.750000,28.100000,29.750000,28580200,SSI iBoard
2024-06-04,30.500000,30.600000,29.850000,29.950000,20232100,SSI iBoard
2024-06-05,30.000000,30.400000,29.600000,29.600000,15295100,SSI iBoard
2024-06-06,29.950000,31.100000,29.650000,30.700000,31379700,SSI iBoard
2024-06-07,30.700000,31.100000,30.700000,30.750000,12983500,SSI iBoard
2024-06-10,31.200000,31.700000,31.050000,31.100000,14942300,SSI iBoard
2024-06-11,31.200000,31.350000,30.700000,31.200000,14064100,SSI iBoard
2024-06-12,31.250000,31.350000,30.900000,31.350000,10808500,SSI iBoard
2024-06-13,31.500000,31.900000,31.250000,31.650000,19842400,SSI iBoard
2024-06-14,31.650000,31.900000,30.550000,30.550000,15865800,SSI iBoard
2024-06-17,30.400000,30.800000,30.250000,30.500000,14506900,SSI iBoard
2024-06-18,30.550000,31.150000,30.550000,30.550000,11579400,SSI iBoard
2024-06-19,30.600000,31.200000,30.450000,30.900000,13605100,SSI iBoard
2024-06-20,31.100000,31.100000,30.000000,30.750000,21298600,SSI iBoard
2024-06-21,30.700000,31.350000,30.450000,30.650000,11453900,SSI iBoard
2024-06-24,30.650000,30.750000,29.400000,29.500000,20293700,SSI iBoard
2024-06-25,29.700000,29.800000,29.250000,29.600000,11199300,SSI iBoard
2024-06-26,29.400000,29.650000,28.950000,29.500000,14572000,SSI iBoard
2024-06-27,29.300000,29.500000,29.100000,29.200000,6435800,SSI iBoard
2024-06-28,29.050000,29.400000,28.800000,28.800000,9182400,SSI iBoard
2024-07-01,29.000000,29.350000,28.800000,29.300000,5212400,SSI iBoard
2024-07-02,29.350000,29.750000,29.250000,29.600000,5431700,SSI iBoard
2024-07-03,29.550000,30.100000,29.550000,29.900000,6484600,SSI iBoard
2024-07-04,29.900000,29.950000,29.600000,29.900000,4385800,SSI iBoard
2024-07-05,29.900000,30.150000,29.600000,30.100000,6500200,SSI iBoard
2024-07-08,30.000000,30.300000,29.750000,30.150000,11712100,SSI iBoard
2024-07-09,30.150000,30.400000,29.950000,30.350000,11044600,SSI iBoard
2024-07-10,30.350000,30.450000,29.850000,29.850000,7896500,SSI iBoard
2024-07-11,30.000000,30.150000,29.850000,29.850000,5412300,SSI iBoard
2024-07-12,30.000000,30.150000,29.700000,29.750000,8716700,SSI iBoard
2024-07-15,29.800000,29.950000,29.600000,29.750000,3659300,SSI iBoard
2024-07-16,29.750000,30.200000,29.750000,29.900000,7816800,SSI iBoard
2024-07-17,30.100000,31.200000,29.950000,30.400000,25058400,SSI iBoard
2024-07-18,30.400000,30.600000,29.950000,30.600000,10719300,SSI iBoard
2024-07-19,30.550000,30.850000,30.150000,30.300000,8140200,SSI iBoard
2024-07-22,30.300000,30.600000,29.900000,30.000000,10809000,SSI iBoard
2024-07-23,30.100000,30.300000,29.000000,29.000000,11984600,SSI iBoard
2024-07-24,29.000000,29.450000,28.600000,29.200000,12412500,SSI iBoard
2024-07-25,29.150000,29.150000,28.600000,28.800000,8570900,SSI iBoard
2024-07-26,28.800000,29.100000,28.750000,29.100000,5366200,SSI iBoard
2024-07-29,29.200000,29.400000,28.800000,29.100000,5947800,SSI iBoard
2024-07-30,29.050000,29.150000,28.800000,28.900000,4458200,SSI iBoard
2024-07-31,29.000000,29.250000,28.850000,29.000000,6032600,SSI iBoard
2024-08-01,29.000000,29.250000,28.050000,28.050000,11998200,SSI iBoard
2024-08-02,28.000000,28.550000,27.950000,28.400000,10783600,SSI iBoard
2024-08-05,28.200000,28.400000,27.000000,27.200000,21028700,SSI iBoard
2024-08-06,27.550000,28.450000,27.300000,28.400000,8945400,SSI iBoard
2024-08-07,28.400000,28.500000,27.900000,28.400000,7957500,SSI iBoard
2024-08-08,28.050000,28.600000,28.000000,28.250000,5944200,SSI iBoard
2024-08-09,28.650000,28.950000,28.200000,28.850000,9925300,SSI iBoard
2024-08-12,28.850000,29.350000,28.600000,29.200000,9701500,SSI iBoard
2024-08-13,29.200000,29.500000,29.150000,29.150000,7059600,SSI iBoard
2024-08-14,29.250000,29.400000,29.200000,29.200000,5866500,SSI iBoard
2024-08-15,29.200000,29.300000,28.750000,28.950000,3730700,SSI iBoard
2024-08-16,28.950000,29.450000,28.950000,29.350000,8293900,SSI iBoard
2024-08-19,29.500000,29.700000,29.350000,29.650000,5992100,SSI iBoard
2024-08-20,29.650000,29.800000,29.500000,29.650000,6413400,SSI iBoard
2024-08-21,29.650000,29.950000,29.400000,29.950000,8881200,SSI iBoard
2024-08-22,30.000000,30.050000,29.800000,29.900000,4940600,SSI iBoard
2024-08-23,29.900000,30.000000,29.650000,29.950000,5876500,SSI iBoard
2024-08-26,30.050000,30.200000,29.750000,29.750000,7701300,SSI iBoard
2024-08-27,29.750000,29.850000,29.600000,29.600000,4245000,SSI iBoard
2024-08-28,29.700000,29.850000,29.550000,29.550000,4655800,SSI iBoard
2024-08-29,29.650000,30.900000,29.650000,30.450000,25193800,SSI iBoard
2024-08-30,30.550000,30.650000,30.350000,30.550000,5079700,SSI iBoard
2024-09-04,30.400000,30.400000,29.950000,30.100000,9433600,SSI iBoard
2024-09-05,30.100000,30.150000,29.400000,29.600000,10457600,SSI iBoard
2024-09-06,29.550000,29.900000,29.500000,29.900000,8550100,SSI iBoard
2024-09-09,29.650000,29.750000,29.500000,29.500000,4193600,SSI iBoard
2024-09-10,29.700000,29.750000,29.150000,29.200000,7772100,SSI iBoard
2024-09-11,29.150000,29.700000,29.100000,29.600000,6358300,SSI iBoard
2024-09-12,29.650000,29.800000,29.550000,29.700000,5852700,SSI iBoard
2024-09-13,29.700000,29.950000,29.550000,29.800000,6158600,SSI iBoard
2024-09-16,29.800000,29.900000,29.550000,29.550000,4878700,SSI iBoard
2024-09-17,29.650000,29.850000,29.450000,29.850000,5758400,SSI iBoard
2024-09-18,29.850000,30.600000,29.800000,30.250000,14764700,SSI iBoard
2024-09-19,30.350000,30.600000,30.300000,30.500000,7185600,SSI iBoard
2024-09-20,30.700000,31.300000,30.600000,30.850000,23258900,SSI iBoard
2024-09-23,30.900000,31.300000,30.800000,30.800000,6037200,SSI iBoard
2024-09-24,30.850000,32.050000,30.800000,31.850000,24839400,SSI iBoard
2024-09-25,32.000000,32.700000,31.850000,32.700000,28614000,SSI iBoard
2024-09-26,32.800000,33.200000,32.600000,32.750000,25838600,SSI iBoard
2024-09-27,32.900000,33.650000,32.800000,33.600000,22047200,SSI iBoard
2024-09-30,33.550000,33.650000,33.200000,33.350000,12432400,SSI iBoard
2024-10-01,33.400000,34.400000,33.400000,33.500000,16258900,SSI iBoard
2024-10-02,33.500000,33.900000,33.400000,33.550000,11383200,SSI iBoard
2024-10-03,33.550000,34.200000,33.550000,33.750000,19074200,SSI iBoard
2024-10-04,33.700000,33.800000,33.100000,33.100000,14347400,SSI iBoard
2024-10-07,33.400000,34.150000,33.350000,33.800000,14756600,SSI iBoard
2024-10-08,33.850000,34.200000,33.550000,33.700000,13909400,SSI iBoard
2024-10-09,33.700000,34.300000,33.600000,34.150000,17686600,SSI iBoard
2024-10-10,34.500000,34.800000,33.600000,33.600000,20748300,SSI iBoard
2024-10-11,33.650000,33.800000,33.400000,33.800000,7702400,SSI iBoard
2024-10-14,34.100000,34.200000,33.600000,33.900000,12932200,SSI iBoard
2024-10-15,33.950000,34.200000,33.600000,33.700000,12425100,SSI iBoard
2024-10-16,33.650000,33.750000,33.150000,33.600000,18409100,SSI iBoard
2024-10-17,33.700000,34.600000,33.250000,34.600000,27209600,SSI iBoard
2024-10-18,35.100000,36.450000,34.700000,35.550000,32868800,SSI iBoard
2024-10-21,35.650000,36.100000,35.250000,35.250000,13537800,SSI iBoard
2024-10-22,35.250000,35.900000,34.900000,35.000000,17680700,SSI iBoard
2024-10-23,35.100000,35.800000,34.650000,35.800000,12097200,SSI iBoard
2024-10-24,35.800000,35.800000,33.400000,33.400000,32157700,SSI iBoard
2024-10-25,33.650000,34.000000,33.300000,33.450000,19673700,SSI iBoard
2024-10-28,33.300000,34.100000,33.300000,33.750000,11423600,SSI iBoard
2024-10-29,33.850000,34.300000,33.800000,34.050000,10111000,SSI iBoard
2024-10-30,34.200000,35.200000,33.950000,34.800000,17096800,SSI iBoard
2024-10-31,34.800000,35.700000,34.600000,35.200000,17764700,SSI iBoard
2024-11-01,35.000000,35.250000,34.950000,35.000000,9112000,SSI iBoard
2024-11-04,35.000000,35.350000,34.650000,34.900000,11339100,SSI iBoard
2024-11-05,34.850000,35.300000,34.850000,34.850000,6852800,SSI iBoard
2024-11-06,35.000000,35.500000,34.800000,35.500000,6934000,SSI iBoard
2024-11-07,35.600000,35.800000,35.400000,35.600000,8231800,SSI iBoard
2024-11-08,35.850000,36.000000,35.000000,35.500000,9413400,SSI iBoard
2024-11-11,35.400000,35.550000,33.400000,33.800000,32893000,SSI iBoard
2024-11-12,33.800000,33.900000,33.250000,33.550000,14613800,SSI iBoard
2024-11-13,33.500000,33.500000,32.400000,33.400000,15006400,SSI iBoard
2024-11-14,33.550000,33.550000,32.500000,32.500000,9004900,SSI iBoard
2024-11-15,32.400000,32.850000,32.200000,32.400000,12216400,SSI iBoard
2024-11-18,32.550000,32.700000,31.900000,32.600000,10149900,SSI iBoard
2024-11-19,32.600000,32.600000,31.750000,31.950000,7271700,SSI iBoard
2024-11-20,31.700000,32.750000,31.300000,32.400000,8575900,SSI iBoard
2024-11-21,32.400000,33.050000,32.250000,33.050000,8026600,SSI iBoard
2024-11-22,33.000000,33.150000,32.600000,32.650000,5610500,SSI iBoard
2024-11-25,32.700000,33.150000,32.650000,32.850000,5082200,SSI iBoard
2024-11-26,33.000000,33.350000,32.950000,33.200000,6126800,SSI iBoard
2024-11-27,33.100000,33.300000,32.800000,33.200000,5196000,SSI iBoard
2024-11-28,33.200000,33.600000,32.950000,33.150000,8503500,SSI iBoard
2024-11-29,33.050000,33.300000,32.800000,33.300000,6626200,SSI iBoard
2024-12-02,33.400000,33.400000,32.850000,33.100000,5222300,SSI iBoard
2024-12-03,33.150000,33.150000,32.600000,32.600000,8715400,SSI iBoard
2024-12-04,32.550000,32.600000,32.150000,32.400000,5780600,SSI iBoard
2024-12-05,32.350000,34.000000,32.250000,33.950000,13198900,SSI iBoard
2024-12-06,33.900000,33.950000,33.600000,33.800000,5016000,SSI iBoard
2024-12-09,33.700000,34.100000,33.600000,34.000000,5819800,SSI iBoard
2024-12-10,34.050000,34.200000,33.500000,33.500000,5671300,SSI iBoard
2024-12-11,33.800000,33.900000,33.500000,33.650000,5182000,SSI iBoard
2024-12-12,33.650000,34.100000,33.650000,33.800000,4826000,SSI iBoard
2024-12-13,33.800000,34.200000,33.550000,34.000000,7644600,SSI iBoard
2024-12-16,34.000000,34.100000,33.850000,34.100000,4502700,SSI iBoard
2024-12-17,34.100000,34.200000,33.850000,34.100000,3703800,SSI iBoard
2024-12-18,34.100000,34.200000,33.850000,34.200000,4850900,SSI iBoard
2024-12-19,33.800000,34.000000,33.550000,33.900000,8676200,SSI iBoard
2024-12-20,33.750000,33.950000,33.500000,33.850000,7578900,SSI iBoard
2024-12-23,34.150000,35.000000,34.100000,34.500000,10898800,SSI iBoard
2024-12-24,34.550000,34.750000,34.350000,34.700000,6484800,SSI iBoard
2024-12-25,34.800000,36.500000,34.750000,36.250000,24376900,SSI iBoard
2024-12-26,36.450000,37.400000,36.350000,37.100000,16442000,SSI iBoard
2024-12-27,37.200000,37.400000,36.900000,37.400000,11145700,SSI iBoard
2024-12-30,37.350000,37.850000,36.800000,37.850000,10631900,SSI iBoard
2024-12-31,37.550000,37.550000,36.900000,36.900000,9388400,SSI iBoard
2025-01-02,36.950000,37.200000,36.600000,37.000000,5957100,SSI iBoard
2025-01-03,36.950000,36.950000,36.100000,36.100000,8642600,SSI iBoard
2025-01-06,36.100000,36.600000,36.050000,36.250000,9584000,SSI iBoard
2025-01-07,36.450000,37.050000,36.350000,36.900000,7377300,SSI iBoard
2025-01-08,36.700000,36.900000,36.500000,36.700000,6074100,SSI iBoard
2025-01-09,36.800000,36.900000,36.400000,36.400000,5593400,SSI iBoard
2025-01-10,36.400000,36.550000,35.200000,35.200000,15560200,SSI iBoard
2025-01-13,35.000000,35.350000,34.700000,35.300000,8382600,SSI iBoard
2025-01-14,35.300000,35.400000,34.900000,35.400000,4412700,SSI iBoard
2025-01-15,35.400000,35.450000,35.100000,35.100000,6977700,SSI iBoard
2025-01-16,35.400000,35.800000,35.050000,35.450000,9548300,SSI iBoard
2025-01-17,35.400000,35.800000,35.150000,35.750000,5715900,SSI iBoard
2025-01-20,35.850000,36.350000,35.750000,35.950000,6359200,SSI iBoard
2025-01-21,36.450000,36.450000,35.900000,36.050000,5396100,SSI iBoard
2025-01-22,36.200000,36.650000,36.150000,36.350000,7602200,SSI iBoard
2025-01-23,36.650000,37.550000,36.450000,37.000000,10155400,SSI iBoard
2025-01-24,37.300000,37.350000,36.900000,37.000000,4818200,SSI iBoard
2025-02-03,36.800000,36.900000,36.300000,36.550000,9000500,SSI iBoard
2025-02-04,36.700000,37.800000,36.650000,37.300000,12650000,SSI iBoard
2025-02-05,37.450000,37.500000,37.000000,37.250000,5279300,SSI iBoard
2025-02-06,37.500000,37.850000,37.300000,37.350000,8268500,SSI iBoard
2025-02-07,37.350000,38.100000,37.200000,37.450000,11948300,SSI iBoard
2025-02-10,37.400000,38.850000,37.200000,38.450000,21128100,SSI iBoard
2025-02-11,38.400000,38.700000,38.150000,38.500000,5513100,SSI iBoard
2025-02-12,38.500000,38.850000,38.300000,38.650000,8553900,SSI iBoard
2025-02-13,38.500000,38.800000,38.400000,38.800000,4741600,SSI iBoard
2025-02-14,39.300000,39.300000,38.250000,38.250000,8007000,SSI iBoard
2025-02-17,38.250000,38.500000,38.100000,38.300000,6088300,SSI iBoard
2025-02-18,38.300000,39.150000,38.150000,38.650000,8042000,SSI iBoard
2025-02-19,38.650000,39.100000,38.500000,38.750000,7478000,SSI iBoard
2025-02-20,38.900000,39.050000,38.550000,38.750000,7041600,SSI iBoard
2025-02-21,38.750000,38.950000,38.300000,38.850000,8170200,SSI iBoard
2025-02-24,38.850000,39.600000,38.700000,39.400000,7261100,SSI iBoard
2025-02-25,39.500000,39.700000,39.250000,39.250000,6148600,SSI iBoard
2025-02-26,39.250000,39.350000,38.550000,38.550000,15149500,SSI iBoard
2025-02-27,38.550000,38.650000,38.100000,38.300000,12864400,SSI iBoard
2025-02-28,38.250000,38.700000,38.250000,38.250000,5601900,SSI iBoard
2025-03-03,38.350000,38.850000,38.350000,38.850000,5444600,SSI iBoard
2025-03-04,38.650000,39.400000,38.500000,39.200000,9150800,SSI iBoard
2025-03-05,39.300000,39.700000,38.800000,38.800000,9606400,SSI iBoard
2025-03-06,38.850000,39.550000,38.750000,39.500000,7514100,SSI iBoard
2025-03-07,39.650000,39.900000,39.400000,39.750000,11663800,SSI iBoard
2025-03-10,40.000000,40.300000,39.200000,40.000000,15036900,SSI iBoard
2025-03-11,39.400000,39.900000,39.400000,39.900000,5687100,SSI iBoard
2025-03-12,40.000000,40.050000,39.300000,39.750000,10908500,SSI iBoard
2025-03-13,39.650000,39.700000,38.950000,39.000000,16107200,SSI iBoard
2025-03-14,38.800000,39.050000,38.350000,38.850000,12595200,SSI iBoard
2025-03-17,39.000000,39.200000,38.500000,38.850000,5677600,SSI iBoard
2025-03-18,38.950000,39.100000,38.400000,38.400000,6627800,SSI iBoard
2025-03-19,38.400000,38.600000,37.900000,38.400000,12163700,SSI iBoard
2025-03-20,38.400000,39.000000,38.100000,38.900000,8974900,SSI iBoard
2025-03-21,38.950000,39.000000,38.350000,38.650000,6529400,SSI iBoard
2025-03-24,38.700000,38.700000,37.900000,38.600000,9208700,SSI iBoard
2025-03-25,38.750000,38.800000,38.350000,38.650000,5559800,SSI iBoard
2025-03-26,38.650000,39.200000,38.450000,38.600000,10412200,SSI iBoard
2025-03-27,38.400000,38.600000,38.150000,38.250000,5286900,SSI iBoard
2025-03-28,38.250000,38.700000,37.950000,38.250000,6500900,SSI iBoard
2025-03-31,38.000000,38.750000,37.950000,38.300000,7858700,SSI iBoard
2025-04-01,38.650000,39.700000,38.300000,39.700000,12024400,SSI iBoard
2025-04-02,39.650000,39.750000,39.250000,39.250000,8155200,SSI iBoard
2025-04-03,38.100000,38.500000,36.550000,36.550000,90990400,SSI iBoard
2025-04-04,34.100000,37.500000,34.100000,37.400000,38581000,SSI iBoard
2025-04-08,36.000000,36.900000,34.800000,34.800000,50377200,SSI iBoard
2025-04-09,33.000000,36.000000,32.400000,33.100000,30887500,SSI iBoard
2025-04-10,35.400000,35.400000,35.400000,35.400000,231100,SSI iBoard
2025-04-11,35.400000,37.850000,35.400000,37.850000,45803600,SSI iBoard
2025-04-14,37.950000,38.500000,37.550000,37.800000,12950500,SSI iBoard
2025-04-15,37.450000,38.450000,37.100000,38.450000,16839800,SSI iBoard
2025-04-16,38.600000,38.850000,38.050000,38.150000,9915900,SSI iBoard
2025-04-17,38.000000,38.500000,37.950000,38.300000,12994500,SSI iBoard
2025-04-18,38.600000,39.150000,38.500000,38.550000,14439400,SSI iBoard
2025-04-21,38.550000,41.200000,37.850000,40.450000,34146600,SSI iBoard
2025-04-22,40.450000,40.650000,37.650000,40.650000,32019500,SSI iBoard
2025-04-23,41.050000,41.200000,40.150000,40.200000,13621800,SSI iBoard
2025-04-24,40.200000,40.450000,39.500000,40.200000,13836900,SSI iBoard
2025-04-25,40.200000,40.500000,39.150000,39.150000,23650700,SSI iBoard
2025-04-28,39.250000,39.300000,38.750000,39.250000,9043800,SSI iBoard
2025-04-29,39.200000,39.400000,38.900000,39.100000,4551800,SSI iBoard
2025-05-05,39.200000,39.650000,38.950000,39.500000,5167000,SSI iBoard
2025-05-06,39.400000,39.700000,38.850000,38.850000,8137000,SSI iBoard
2025-05-07,38.950000,39.150000,38.550000,38.850000,9004500,SSI iBoard
2025-05-08,38.850000,39.600000,38.750000,39.500000,9549200,SSI iBoard
2025-05-09,39.400000,40.150000,39.300000,39.750000,15287300,SSI iBoard
2025-05-12,39.800000,40.050000,39.750000,40.000000,17745900,SSI iBoard
2025-05-13,40.350000,40.400000,39.600000,40.100000,13378200,SSI iBoard
2025-05-14,40.200000,40.300000,39.700000,40.000000,11857000,SSI iBoard
2025-05-15,40.200000,41.100000,40.050000,40.700000,18297100,SSI iBoard
2025-05-16,40.700000,40.750000,39.800000,39.800000,8322100,SSI iBoard
2025-05-19,39.500000,39.650000,38.950000,39.000000,15035800,SSI iBoard
2025-05-20,39.000000,39.650000,39.000000,39.500000,10361100,SSI iBoard
2025-05-21,39.500000,42.250000,39.500000,41.800000,39103400,SSI iBoard
2025-05-22,41.750000,42.000000,41.000000,41.100000,9149500,SSI iBoard
2025-05-23,41.100000,41.800000,40.800000,41.800000,10650200,SSI iBoard
2025-05-26,41.500000,41.750000,40.300000,41.550000,10359000,SSI iBoard
2025-05-27,41.550000,42.100000,41.100000,41.500000,8067700,SSI iBoard
2025-05-28,41.700000,41.700000,41.050000,41.050000,7824600,SSI iBoard
2025-05-29,41.150000,41.400000,40.750000,41.300000,7364400,SSI iBoard
2025-05-30,41.350000,41.350000,40.550000,40.700000,8819800,SSI iBoard
2025-06-02,40.700000,42.200000,40.500000,41.800000,11981200,SSI iBoard
2025-06-03,41.900000,42.000000,41.550000,41.600000,5967100,SSI iBoard
2025-06-04,41.700000,41.750000,41.000000,41.000000,7724000,SSI iBoard
2025-06-05,41.000000,41.900000,41.000000,41.350000,10652000,SSI iBoard
2025-06-06,41.300000,42.450000,41.100000,41.750000,15985000,SSI iBoard
2025-06-09,41.950000,42.200000,41.600000,41.950000,7225300,SSI iBoard
2025-06-10,42.100000,44.000000,42.000000,42.900000,15151600,SSI iBoard
2025-06-11,43.150000,43.300000,42.600000,42.850000,6729600,SSI iBoard
2025-06-12,43.200000,45.750000,43.200000,45.000000,20238200,SSI iBoard
2025-06-13,44.700000,45.200000,44.250000,44.900000,13819300,SSI iBoard
2025-06-16,44.600000,45.500000,44.550000,45.500000,8042500,SSI iBoard
2025-06-17,45.550000,46.400000,45.500000,46.000000,8798900,SSI iBoard
2025-06-18,46.000000,47.800000,45.700000,47.200000,12882100,SSI iBoard
2025-06-19,47.200000,47.450000,46.700000,47.150000,8489700,SSI iBoard
2025-06-20,47.300000,47.500000,46.150000,46.600000,10921500,SSI iBoard
2025-06-23,46.250000,47.200000,46.150000,46.450000,6599000,SSI iBoard
2025-06-24,46.850000,47.200000,46.150000,46.500000,10511600,SSI iBoard
2025-06-25,46.500000,47.350000,46.450000,46.800000,6595600,SSI iBoard
2025-06-26,47.000000,47.200000,46.200000,46.800000,9648600,SSI iBoard
2025-06-27,47.050000,47.100000,46.350000,46.350000,5470600,SSI iBoard
2025-06-30,46.600000,47.050000,46.350000,46.700000,6019100,SSI iBoard
2025-07-01,46.800000,46.950000,46.450000,46.950000,6104200,SSI iBoard
2025-07-02,47.300000,48.100000,47.000000,47.550000,9449300,SSI iBoard
2025-07-03,47.400000,47.700000,46.400000,46.650000,14989200,SSI iBoard
2025-07-04,46.700000,47.200000,46.200000,47.050000,9440800,SSI iBoard
2025-07-07,47.100000,48.500000,47.100000,47.550000,8252600,SSI iBoard
2025-07-08,47.700000,48.050000,47.200000,47.650000,6020400,SSI iBoard
2025-07-09,48.000000,48.100000,47.350000,47.800000,9776500,SSI iBoard
2025-07-10,47.900000,47.900000,47.250000,47.650000,8376100,SSI iBoard
2025-07-11,47.800000,48.500000,47.350000,47.650000,10780900,SSI iBoard
2025-07-14,47.750000,48.100000,47.200000,47.950000,8661400,SSI iBoard
2025-07-15,48.200000,49.200000,47.700000,47.700000,9831600,SSI iBoard
2025-07-16,47.800000,48.150000,47.250000,47.800000,9529800,SSI iBoard
2025-07-17,48.050000,48.400000,47.600000,47.700000,9050500,SSI iBoard
2025-07-18,48.000000,50.500000,47.400000,50.200000,26073200,SSI iBoard
2025-07-21,50.700000,50.800000,49.150000,49.500000,10525200,SSI iBoard
2025-07-22,49.200000,49.500000,48.700000,49.500000,9543900,SSI iBoard
2025-07-23,49.700000,49.700000,48.500000,48.700000,15205900,SSI iBoard
2025-07-24,48.800000,49.500000,48.500000,49.000000,10168300,SSI iBoard
2025-07-25,49.450000,49.500000,48.800000,48.800000,7947800,SSI iBoard
2025-07-28,48.800000,49.300000,48.350000,49.100000,15097200,SSI iBoard
2025-07-29,49.100000,50.800000,48.000000,48.000000,24137000,SSI iBoard
2025-07-30,48.850000,50.300000,48.100000,49.300000,17249500,SSI iBoard
2025-07-31,49.900000,50.700000,49.250000,49.950000,18161500,SSI iBoard
2025-08-01,50.300000,50.800000,49.100000,49.400000,13980500,SSI iBoard
2025-08-04,48.900000,50.000000,48.500000,50.000000,10261900,SSI iBoard
2025-08-05,50.400000,53.500000,49.650000,51.700000,34970000,SSI iBoard
2025-08-06,52.600000,54.100000,52.200000,54.100000,12203200,SSI iBoard
2025-08-07,54.800000,55.200000,52.900000,54.600000,14247000,SSI iBoard
2025-08-08,54.400000,54.400000,52.500000,54.000000,15418000,SSI iBoard
2025-08-11,53.600000,53.800000,52.700000,53.700000,11099300,SSI iBoard
2025-08-12,53.600000,54.800000,53.000000,54.000000,7085300,SSI iBoard
2025-08-13,54.400000,54.400000,52.900000,53.900000,8805500,SSI iBoard
2025-08-14,54.300000,56.300000,53.700000,55.400000,16179400,SSI iBoard
2025-08-15,55.900000,56.000000,53.000000,53.900000,13248000,SSI iBoard
2025-08-18,53.900000,53.900000,52.200000,52.800000,12871600,SSI iBoard
2025-08-19,52.700000,53.900000,52.300000,53.200000,10619300,SSI iBoard
2025-08-20,53.400000,54.400000,51.700000,54.100000,25005100,SSI iBoard
2025-08-21,54.800000,57.800000,54.700000,57.800000,26950700,SSI iBoard
2025-08-22,57.400000,59.100000,54.600000,55.500000,21576300,SSI iBoard
2025-08-25,56.200000,56.500000,51.700000,53.000000,22715200,SSI iBoard
2025-08-26,52.500000,55.000000,52.400000,55.000000,12289300,SSI iBoard
2025-08-27,55.300000,56.400000,54.100000,55.600000,15918500,SSI iBoard
2025-08-28,55.900000,56.200000,54.400000,54.800000,8394200,SSI iBoard
2025-08-29,55.200000,55.800000,54.300000,55.600000,13870300,SSI iBoard
2025-09-03,56.000000,56.300000,55.200000,56.300000,7512300,SSI iBoard
2025-09-04,56.700000,56.800000,55.700000,56.400000,7720900,SSI iBoard
2025-09-05,56.900000,57.100000,54.800000,56.000000,11299600,SSI iBoard
2025-09-08,55.700000,56.200000,53.900000,54.000000,11396400,SSI iBoard
2025-09-09,53.900000,54.300000,53.100000,54.200000,6237400,SSI iBoard
2025-09-10,54.500000,54.900000,53.400000,53.900000,7469300,SSI iBoard
2025-09-11,54.200000,55.700000,52.600000,55.400000,12854900,SSI iBoard
2025-09-12,55.900000,55.900000,55.100000,55.400000,6397200,SSI iBoard
2025-09-15,55.200000,56.000000,54.500000,56.000000,8931100,SSI iBoard
2025-09-16,56.400000,56.900000,55.900000,56.100000,6628000,SSI iBoard
2025-09-17,56.300000,56.600000,55.500000,56.200000,8281600,SSI iBoard
2025-09-18,56.500000,57.300000,55.800000,57.000000,8193300,SSI iBoard
2025-09-19,57.400000,57.500000,55.200000,55.200000,14993400,SSI iBoard
2025-09-22,55.500000,55.700000,53.600000,54.800000,8456900,SSI iBoard
2025-09-23,55.200000,55.700000,54.500000,55.400000,5215300,SSI iBoard
2025-09-24,55.400000,57.000000,54.500000,57.000000,6866400,SSI iBoard
2025-09-25,57.200000,57.200000,56.000000,56.900000,6594300,SSI iBoard
2025-09-26,56.900000,56.900000,55.900000,56.500000,6010100,SSI iBoard
2025-09-29,56.500000,56.600000,55.400000,56.600000,5361700,SSI iBoard
2025-09-30,56.600000,57.100000,56.000000,56.900000,8892800,SSI iBoard
2025-10-01,57.100000,59.800000,56.700000,59.800000,18440100,SSI iBoard
2025-10-02,60.000000,60.300000,58.000000,58.700000,8412100,SSI iBoard
2025-10-03,58.600000,58.600000,57.000000,57.000000,9437900,SSI iBoard
2025-10-06,58.000000,59.800000,57.100000,59.800000,10349900,SSI iBoard
2025-10-07,60.000000,60.400000,58.500000,58.500000,7496400,SSI iBoard
2025-10-08,58.600000,60.000000,58.500000,59.900000,10390300,SSI iBoard
2025-10-09,60.300000,61.000000,59.700000,60.000000,9593000,SSI iBoard
2025-10-10,60.200000,60.400000,59.200000,60.400000,8202400,SSI iBoard
2025-10-13,59.900000,61.000000,59.300000,61.000000,7743200,SSI iBoard
2025-10-14,61.100000,61.300000,60.100000,60.600000,7039200,SSI iBoard
2025-10-15,60.200000,60.800000,60.000000,60.000000,3805800,SSI iBoard
2025-10-16,60.100000,60.400000,58.500000,59.500000,10235300,SSI iBoard
2025-10-17,59.000000,59.300000,58.100000,59.000000,6674400,SSI iBoard
2025-10-20,58.600000,58.800000,54.900000,54.900000,13295700,SSI iBoard
2025-10-21,55.500000,55.600000,53.000000,55.600000,11955700,SSI iBoard
2025-10-22,55.700000,55.700000,53.500000,55.400000,5680600,SSI iBoard
2025-10-23,55.400000,55.900000,54.700000,55.600000,5822500,SSI iBoard
2025-10-24,55.200000,55.500000,53.600000,54.500000,7394000,SSI iBoard
2025-10-27,54.500000,55.300000,53.500000,54.600000,4852600,SSI iBoard
2025-10-28,54.400000,56.800000,53.600000,56.800000,6598200,SSI iBoard
2025-10-29,56.800000,58.100000,56.500000,57.200000,5986100,SSI iBoard
2025-10-30,57.200000,57.300000,56.400000,56.900000,3281900,SSI iBoard
2025-10-31,56.700000,57.200000,55.500000,55.500000,3469600,SSI iBoard
2025-11-03,55.400000,55.800000,52.300000,52.300000,6619800,SSI iBoard
2025-11-04,52.000000,54.800000,51.700000,53.900000,11567100,SSI iBoard
2025-11-05,53.500000,54.500000,53.200000,53.500000,4422600,SSI iBoard
2025-11-06,53.500000,53.800000,51.900000,51.900000,7748900,SSI iBoard
2025-11-07,51.700000,51.900000,48.350000,48.350000,20318100,SSI iBoard
2025-11-10,48.500000,49.400000,48.350000,48.500000,8290900,SSI iBoard
2025-11-11,48.700000,49.650000,47.450000,49.650000,8621000,SSI iBoard
2025-11-12,49.700000,50.600000,48.850000,50.600000,8640000,SSI iBoard
2025-11-13,50.500000,50.500000,48.550000,48.700000,17041000,SSI iBoard
2025-11-14,48.600000,48.650000,47.400000,48.050000,14304600,SSI iBoard
2025-11-17,48.100000,49.050000,47.900000,48.900000,10169700,SSI iBoard
2025-11-18,48.900000,49.650000,48.500000,49.500000,8541600,SSI iBoard
2025-11-19,49.450000,50.300000,49.050000,49.500000,9515600,SSI iBoard
2025-11-20,49.500000,49.800000,49.100000,49.500000,5896100,SSI iBoard
2025-11-21,49.050000,51.300000,48.900000,51.300000,10132900,SSI iBoard
2025-11-24,51.500000,51.500000,50.000000,50.000000,6116900,SSI iBoard
2025-11-25,50.000000,51.000000,49.750000,50.000000,5219100,SSI iBoard
2025-11-26,50.100000,51.200000,49.950000,49.950000,7616300,SSI iBoard
2025-11-27,49.800000,50.600000,49.300000,49.300000,3672600,SSI iBoard
2025-11-28,49.000000,49.550000,48.600000,48.600000,4671200,SSI iBoard
2025-12-01,48.700000,49.600000,48.650000,49.000000,3344100,SSI iBoard
2025-12-02,49.000000,49.650000,49.000000,49.400000,5477800,SSI iBoard
2025-12-03,49.200000,50.900000,49.200000,49.700000,7311300,SSI iBoard
2025-12-04,50.000000,51.000000,49.950000,50.200000,7179800,SSI iBoard
2025-12-05,50.600000,50.600000,49.200000,49.200000,6092100,SSI iBoard
2025-12-08,49.200000,49.250000,48.700000,48.700000,4224200,SSI iBoard
2025-12-09,48.350000,49.250000,48.050000,48.550000,10646500,SSI iBoard
2025-12-10,48.450000,48.650000,48.400000,48.600000,5984100,SSI iBoard
2025-12-11,48.400000,48.600000,47.700000,47.700000,6162200,SSI iBoard
2025-12-12,47.700000,48.500000,46.000000,46.000000,8811500,SSI iBoard
2025-12-15,46.050000,47.200000,45.950000,46.800000,6054400,SSI iBoard
2025-12-16,46.500000,48.200000,46.500000,47.050000,5417200,SSI iBoard
2025-12-17,47.200000,47.800000,47.100000,47.200000,4055200,SSI iBoard
2025-12-18,47.000000,48.000000,46.900000,48.000000,5520600,SSI iBoard
2025-12-19,47.700000,49.000000,47.700000,49.000000,7229300,SSI iBoard
2025-12-22,49.300000,52.400000,48.600000,52.400000,13019000,SSI iBoard
2025-12-23,54.700000,56.000000,54.200000,56.000000,8408800,SSI iBoard
2025-12-24,58.800000,58.800000,56.600000,58.700000,19984100,SSI iBoard
2025-12-25,58.300000,58.600000,55.900000,55.900000,15350700,SSI iBoard
2025-12-26,55.500000,57.500000,53.100000,57.500000,17485500,SSI iBoard
2025-12-29,58.200000,60.400000,58.100000,59.900000,22403400,SSI iBoard
2025-12-30,60.300000,60.800000,58.500000,60.000000,19183500,SSI iBoard
2025-12-31,59.600000,60.200000,58.000000,58.000000,14589500,SSI iBoard
2026-01-05,58.200000,58.300000,56.000000,57.900000,18337600,SSI iBoard
2026-01-06,57.500000,58.700000,56.700000,56.700000,12705700,SSI iBoard
2026-01-07,55.600000,55.900000,52.800000,53.400000,53941300,SSI iBoard
2026-01-08,53.700000,55.200000,53.100000,53.500000,16488100,SSI iBoard
2026-01-09,53.600000,54.300000,51.500000,51.800000,21551500,SSI iBoard
2026-01-12,51.500000,54.300000,51.100000,53.800000,21181100,SSI iBoard
2026-01-13,53.800000,55.200000,53.700000,54.100000,18230000,SSI iBoard
2026-01-14,53.900000,55.100000,53.800000,54.100000,14857600,SSI iBoard
2026-01-15,53.800000,57.800000,53.700000,57.800000,23196000,SSI iBoard
2026-01-16,59.400000,60.600000,57.900000,58.400000,18237000,SSI iBoard
2026-01-19,58.000000,58.700000,57.600000,58.300000,8938300,SSI iBoard
2026-01-20,58.200000,60.900000,58.100000,58.100000,16114900,SSI iBoard
2026-01-21,57.600000,62.100000,57.200000,62.100000,25967900,SSI iBoard
2026-01-22,63.000000,66.400000,63.000000,63.500000,17206700,SSI iBoard
2026-01-23,63.200000,66.100000,62.600000,62.600000,16451000,SSI iBoard
2026-01-26,63.000000,63.800000,61.600000,62.000000,14884400,SSI iBoard
2026-01-27,62.000000,63.300000,61.000000,61.900000,12496700,SSI iBoard
2026-01-28,62.000000,65.600000,61.900000,63.200000,12810300,SSI iBoard
2026-01-29,64.000000,64.400000,62.600000,62.800000,7052500,SSI iBoard
2026-01-30,62.800000,65.000000,62.700000,63.000000,9372100,SSI iBoard
2026-02-02,63.000000,64.000000,62.000000,63.500000,12216000,SSI iBoard
2026-02-03,64.000000,64.500000,62.700000,63.000000,10152200,SSI iBoard
2026-02-04,62.800000,64.600000,62.600000,63.800000,11683400,SSI iBoard
2026-02-05,63.800000,65.000000,62.300000,62.300000,10907100,SSI iBoard
2026-02-06,61.800000,62.400000,60.800000,61.500000,14979600,SSI iBoard
2026-02-09,61.600000,62.100000,60.300000,60.300000,5613100,SSI iBoard
2026-02-10,60.300000,60.700000,59.000000,59.500000,15767700,SSI iBoard
2026-02-11,59.300000,62.900000,59.300000,61.100000,8440100,SSI iBoard
2026-02-12,61.200000,62.700000,61.100000,61.100000,4636600,SSI iBoard
2026-02-13,61.200000,62.600000,61.100000,62.600000,8998200,SSI iBoard
2026-02-23,62.500000,63.700000,62.500000,62.900000,5818900,SSI iBoard
2026-02-24,63.200000,64.200000,63.000000,63.400000,7967200,SSI iBoard
2026-02-25,63.400000,67.800000,63.400000,66.700000,20065800,SSI iBoard
2026-02-26,66.800000,67.300000,65.600000,67.000000,8140000,SSI iBoard
2026-02-27,66.900000,67.200000,65.500000,65.500000,7079500,SSI iBoard
2026-03-02,65.100000,70.000000,64.100000,67.000000,22266500,SSI iBoard
2026-03-03,67.000000,70.200000,67.000000,67.800000,10142700,SSI iBoard
2026-03-04,67.600000,68.100000,65.300000,66.700000,15992100,SSI iBoard
2026-03-05,67.600000,68.700000,64.900000,64.900000,11705000,SSI iBoard
2026-03-06,64.900000,65.400000,62.600000,63.800000,9695500,SSI iBoard
2026-03-09,59.400000,64.100000,59.400000,60.800000,34718500,SSI iBoard
2026-03-10,63.000000,65.000000,62.600000,65.000000,21117100,SSI iBoard
2026-03-11,65.100000,67.400000,64.500000,66.300000,9254700,SSI iBoard
2026-03-12,65.600000,67.100000,65.100000,65.700000,6081700,SSI iBoard
2026-03-13,65.000000,67.000000,64.900000,65.800000,6921900,SSI iBoard
2026-03-16,65.700000,68.900000,65.600000,66.600000,10881400,SSI iBoard
2026-03-17,67.000000,69.200000,67.000000,67.600000,8825000,SSI iBoard
2026-03-18,67.700000,68.800000,62.900000,63.300000,33645200,SSI iBoard
2026-03-19,63.300000,64.700000,62.100000,63.400000,11631900,SSI iBoard
2026-03-20,63.100000,64.000000,62.700000,63.400000,9388100,SSI iBoard
2026-03-23,62.400000,62.900000,60.000000,60.000000,8986900,SSI iBoard
2026-03-24,61.100000,62.000000,60.500000,60.800000,6025600,SSI iBoard
2026-03-25,61.300000,62.700000,61.100000,62.200000,5688900,SSI iBoard
2026-03-26,62.000000,62.100000,60.300000,60.600000,5034300,SSI iBoard
2026-03-27,60.500000,60.700000,59.700000,59.900000,9368300,SSI iBoard
2026-03-30,58.900000,63.400000,58.100000,61.200000,7574900,SSI iBoard
2026-03-31,61.200000,62.700000,61.200000,62.200000,5233600,SSI iBoard
2026-04-01,62.800000,63.700000,62.200000,62.200000,3187200,SSI iBoard
2026-04-02,61.600000,62.100000,60.700000,61.100000,6494800,SSI iBoard
2026-04-03,60.800000,62.300000,60.600000,60.800000,4610800,SSI iBoard
2026-04-06,60.800000,62.100000,59.600000,61.200000,4204600,SSI iBoard
2026-04-07,61.500000,62.000000,61.000000,61.700000,2931800,SSI iBoard
2026-04-08,63.500000,66.000000,63.100000,66.000000,9822700,SSI iBoard
2026-04-09,65.900000,68.800000,65.500000,66.300000,11522600,SSI iBoard
2026-04-10,66.300000,68.700000,66.100000,66.900000,10148800,SSI iBoard
2026-04-13,66.300000,68.700000,66.000000,67.300000,5230900,SSI iBoard
2026-04-14,67.900000,68.200000,66.100000,66.100000,4179900,SSI iBoard
2026-04-15,66.400000,66.500000,64.300000,64.300000,6883400,SSI iBoard
2026-04-16,64.500000,65.500000,63.500000,63.800000,4595200,SSI iBoard
2026-04-17,64.000000,65.200000,63.900000,64.000000,3714500,SSI iBoard
2026-04-20,64.500000,65.200000,64.100000,64.200000,2566400,SSI iBoard
2026-04-21,68.000000,68.600000,66.900000,67.700000,14144000,SSI iBoard
2026-04-22,68.400000,69.200000,66.500000,66.500000,8519100,SSI iBoard
2026-04-23,66.700000,67.000000,65.200000,65.400000,7987700,SSI iBoard
2026-04-24,65.400000,65.500000,64.800000,64.900000,2756500,SSI iBoard
2026-04-28,65.900000,69.300000,65.100000,68.100000,8214800,SSI iBoard
2026-04-29,67.800000,68.900000,67.300000,67.500000,4951500,SSI iBoard
2026-05-04,67.600000,68.100000,66.200000,66.200000,4121200,SSI iBoard
2026-05-05,66.200000,67.000000,65.800000,66.600000,3623900,SSI iBoard
2026-05-06,66.600000,69.800000,66.600000,68.900000,7606000,SSI iBoard
2026-05-07,69.000000,73.700000,68.400000,73.700000,18877100,SSI iBoard
2026-05-08,74.000000,74.800000,72.300000,73.500000,4750300,SSI iBoard
2026-05-11,73.000000,73.300000,71.900000,72.200000,3266700,SSI iBoard
2026-05-12,72.300000,76.800000,71.900000,76.800000,6934600,SSI iBoard
2026-05-13,76.000000,76.600000,73.500000,73.500000,10029200,SSI iBoard
2026-05-14,73.000000,75.100000,72.800000,73.600000,4387600,SSI iBoard
2026-05-15,73.900000,74.400000,72.800000,72.900000,3743400,SSI iBoard
2026-05-18,72.900000,74.000000,71.600000,72.100000,5605300,SSI iBoard
2026-05-19,72.100000,73.300000,71.600000,72.300000,4823500,SSI iBoard
2026-05-20,71.700000,72.400000,70.100000,71.600000,5903700,SSI iBoard
2026-05-21,71.800000,72.800000,70.700000,70.800000,5478500,SSI iBoard
2026-05-22,71.100000,71.800000,70.500000,71.200000,4564100,SSI iBoard
2026-05-25,71.200000,72.000000,70.000000,70.000000,4541800,SSI iBoard
2026-05-26,70.300000,70.900000,69.300000,69.600000,5384000,SSI iBoard
2026-05-27,70.000000,70.500000,68.300000,68.300000,5709900,SSI iBoard
2026-05-28,68.400000,69.400000,68.000000,68.000000,7107900,SSI iBoard
2026-05-29,68.000000,68.800000,68.000000,68.000000,2629200,SSI iBoard
2026-06-01,68.400000,69.600000,67.000000,67.000000,5044700,SSI iBoard
2026-06-02,67.200000,67.600000,66.300000,66.600000,6788500,SSI iBoard
2026-06-03,66.500000,67.600000,66.100000,66.100000,5310300,SSI iBoard
2026-06-04,66.300000,70.500000,66.200000,70.400000,10815200,SSI iBoard
2026-06-05,70.500000,70.500000,69.200000,69.800000,3820900,SSI iBoard
2026-06-08,69.200000,71.000000,68.600000,69.800000,4880800,SSI iBoard
2026-06-09,70.000000,73.500000,69.200000,72.000000,8269000,SSI iBoard
2026-06-10,72.100000,72.300000,70.600000,70.600000,3159300,SSI iBoard
2026-06-11,70.700000,72.500000,70.000000,71.300000,4074600,SSI iBoard
2026-06-12,71.500000,73.000000,70.900000,70.900000,5420000,SSI iBoard
2026-06-15,71.100000,73.000000,71.100000,71.800000,4486600,SSI iBoard
2026-06-16,72.100000,73.000000,71.300000,71.300000,2756600,SSI iBoard
2026-06-17,71.300000,73.500000,71.200000,72.100000,6158700,SSI iBoard
2026-06-18,72.500000,72.500000,70.900000,70.900000,3321200,SSI iBoard
2026-06-19,71.200000,72.300000,70.700000,72.300000,7599400,SSI iBoard
2026-06-22,72.200000,72.800000,71.200000,71.200000,1971200,SSI iBoard
2026-06-23,71.400000,75.500000,70.900000,71.700000,8901600,SSI iBoard
2026-06-24,71.800000,73.600000,71.200000,71.200000,3739700,SSI iBoard
2026-06-25,71.200000,73.300000,71.200000,72.200000,6085200,SSI iBoard
2026-06-26,72.000000,75.000000,72.000000,73.700000,6865100,SSI iBoard
2026-06-29,73.900000,76.200000,73.700000,74.900000,8809100,SSI iBoard
2026-06-30,74.900000,75.600000,73.700000,73.800000,2833300,SSI iBoard
2026-07-01,73.800000,74.000000,73.200000,73.200000,3050100,SSI iBoard
2026-07-02,73.000000,74.100000,72.600000,72.600000,2656100,SSI iBoard
2026-07-03,72.900000,72.900000,72.000000,72.000000,2644200,SSI iBoard
2026-07-06,72.300000,72.600000,70.800000,70.800000,3503000,SSI iBoard
2026-07-07,70.700000,72.000000,70.600000,70.800000,2796900,SSI iBoard
2026-07-08,71.400000,72.000000,70.900000,70.900000,2344200,SSI iBoard
2026-07-09,71.100000,71.600000,71.000000,71.000000,1550100,SSI iBoard
2026-07-10,71.200000,71.800000,70.100000,70.100000,2145300,SSI iBoard
2026-07-13,70.300000,70.300000,68.500000,68.500000,4346600,SSI iBoard
2026-07-14,68.300000,71.100000,68.300000,70.400000,4375100,SSI iBoard
2026-07-15,70.600000,71.600000,69.800000,69.800000,3008400,SSI iBoard
2026-07-16,69.500000,72.500000,69.500000,71.800000,7250100,SSI iBoard
2026-07-17,72.000000,74.200000,71.600000,73.500000,7097200,SSI iBoard
2026-07-20,72.700000,73.800000,69.000000,73.000000,5188900,SSI iBoard
2026-07-21,73.000000,73.900000,72.200000,72.700000,4771800,SSI iBoard
2026-07-22,72.900000,73.700000,71.000000,71.000000,8575100,SSI iBoard
2026-07-23,71.200000,73.900000,70.600000,72.000000,6397700,SSI iBoard
2026-07-24,73.000000,74.000000,71.700000,73.500000,6106500,SSI iBoard
2026-07-27,73.500000,75.000000,72.500000,72.500000,2395500,SSI iBoard
2026-07-28,72.400000,73.600000,71.800000,72.500000,1780100,SSI iBoard
2026-07-29,72.900000,72.900000,71.500000,71.500000,2832200,SSI iBoard
2026-07-30,71.700000,73.000000,71.000000,71.600000,2420000,SSI iBoard
2026-07-31,71.500000,72.300000,71.100000,71.300000,2789200,SSI iBoard
2026-08-03,71.800000,72.500000,71.300000,71.500000,3070900,SSI iBoard
2026-08-04,72.100000,74.100000,71.900000,74.100000,4940100,SSI iBoard
2026-08-05,74.500000,74.900000,73.200000,73.200000,2746300,SSI iBoard
2026-08-06,73.200000,73.600000,72.200000,72.200000,1486200,SSI iBoard
2026-08-07,72.500000,76.100000,72.400000,74.600000,6083800,SSI iBoard
2026-08-10,75.000000,76.100000,74.300000,74.600000,2084300,SSI iBoard
2026-08-11,74.900000,75.300000,74.200000,74.300000,1542200,SSI iBoard
2026-08-12,74.300000,75.400000,74.100000,74.100000,1566500,SSI iBoard
2026-08-13,74.700000,74.800000,73.100000,73.100000,2354000,SSI iBoard
2026-08-14,73.100000,73.500000,72.300000,72.300000,2386900,SSI iBoard
2026-08-17,72.500000,75.000000,72.500000,74.200000,3942200,SSI iBoard
2026-08-18,74.400000,76.000000,73.700000,75.200000,4725400,SSI iBoard
2026-08-19,75.300000,76.000000,74.100000,74.800000,4934700,SSI iBoard
2026-08-20,75.000000,75.800000,73.600000,74.500000,2238300,SSI iBoard
2026-08-21,74.600000,75.400000,74.100000,74.700000,1953800,SSI iBoard
2026-08-24,75.200000,75.400000,74.800000,74.900000,1338500,SSI iBoard
2026-08-25,75.200000,75.400000,74.100000,74.200000,3352700,SSI iBoard
2026-08-26,74.500000,75.200000,73.800000,74.600000,3360400,SSI iBoard
2026-08-27,74.300000,75.500000,73.500000,73.500000,2707500,SSI iBoard
2026-08-28,74.000000,76.600000,74.000000,75.500000,9129600,SSI iBoard
2026-09-03,75.200000,75.900000,74.300000,74.500000,2405800,SSI iBoard
2026-09-04,74.500000,77.400000,74.500000,77.300000,5480800,SSI iBoard
2026-09-07,77.500000,77.700000,76.500000,76.600000,2140500,SSI iBoard
2026-09-08,76.500000,77.000000,75.900000,76.100000,1868400,SSI iBoard
2026-09-09,76.200000,78.000000,76.200000,76.700000,4406100,SSI iBoard
2026-09-10,76.700000,79.000000,76.700000,78.000000,3168900,SSI iBoard
2026-09-11,78.200000,79.000000,77.200000,77.300000,8252800,SSI iBoard
2026-09-14,77.300000,77.900000,75.800000,76.400000,2531100,SSI iBoard
2026-09-15,76.700000,77.000000,75.800000,76.000000,2216700,SSI iBoard
2026-09-16,76.300000,76.900000,75.600000,75.800000,2318100,SSI iBoard
2026-09-17,75.800000,77.100000,75.700000,76.200000,2555400,SSI iBoard
2026-09-18,76.500000,78.200000,76.200000,78.200000,5077900,SSI iBoard
2026-09-21,78.000000,78.200000,76.700000,76.700000,1907900,SSI iBoard
2026-09-22,76.700000,77.900000,76.600000,76.700000,1778400,SSI iBoard
2026-09-23,76.900000,77.800000,76.700000,76.900000,1487500,SSI iBoard
2026-09-24,77.100000,77.800000,76.500000,76.900000,2073800,SSI iBoard
2026-09-25,77.000000,77.900000,76.500000,76.500000,1606900,SSI iBoard
2026-09-28,77.100000,77.900000,76.600000,77.200000,2221800,SSI iBoard
2026-09-29,77.500000,77.800000,75.600000,75.800000,2357000,SSI iBoard
2026-09-30,75.900000,76.300000,73.900000,74.000000,2742800,SSI iBoard
