date,open,high,low,close,volume,source
2018-06-04,15.790000,16.190000,15.790000,15.790000,2811840,SSI iBoard
2018-06-05,15.280000,16.350000,14.800000,14.800000,1357500,SSI iBoard
2018-06-06,14.650000,14.800000,14.030000,14.190000,1605480,SSI iBoard
2018-06-07,14.570000,15.170000,14.360000,15.170000,1376540,SSI iBoard
2018-06-08,15.570000,16.220000,15.340000,16.220000,2008500,SSI iBoard
2018-06-11,16.160000,16.810000,15.910000,16.810000,1229830,SSI iBoard
2018-06-12,16.650000,16.650000,15.870000,16.190000,1139130,SSI iBoard
2018-06-13,16.190000,16.650000,16.110000,16.250000,772670,SSI iBoard
2018-06-14,16.420000,16.420000,15.960000,16.190000,617130,SSI iBoard
2018-06-15,16.270000,16.270000,15.960000,16.220000,723460,SSI iBoard
2018-06-18,16.050000,16.190000,15.110000,15.420000,825810,SSI iBoard
2018-06-19,14.660000,14.960000,14.340000,14.650000,2092720,SSI iBoard
2018-06-20,14.650000,14.880000,14.360000,14.680000,554870,SSI iBoard
2018-06-21,14.710000,14.710000,14.390000,14.680000,497790,SSI iBoard
2018-06-22,14.660000,14.660000,14.430000,14.650000,328710,SSI iBoard
2018-06-25,14.800000,14.960000,14.760000,14.790000,918340,SSI iBoard
2018-06-26,14.560000,14.730000,14.530000,14.650000,493790,SSI iBoard
2018-06-27,14.420000,14.650000,14.420000,14.430000,394860,SSI iBoard
2018-06-28,14.340000,14.420000,13.650000,14.220000,1319230,SSI iBoard
2018-06-29,14.030000,14.190000,13.420000,14.140000,1583700,SSI iBoard
2018-07-02,14.160000,14.160000,13.420000,13.550000,669570,SSI iBoard
2018-07-03,13.490000,13.620000,12.610000,12.610000,2112230,SSI iBoard
2018-07-04,12.410000,12.490000,11.730000,12.490000,1102650,SSI iBoard
2018-07-05,13.350000,13.350000,12.490000,13.020000,1583450,SSI iBoard
2018-07-06,12.950000,13.420000,12.490000,13.320000,1160990,SSI iBoard
2018-07-09,13.420000,13.510000,12.890000,13.190000,631240,SSI iBoard
2018-07-10,13.190000,13.190000,12.720000,12.790000,549100,SSI iBoard
2018-07-11,12.540000,12.540000,11.910000,11.910000,1134570,SSI iBoard
2018-07-12,11.610000,12.030000,11.610000,12.030000,686180,SSI iBoard
2018-07-13,12.210000,12.260000,12.030000,12.120000,406500,SSI iBoard
2018-07-16,12.030000,12.120000,11.910000,12.120000,430160,SSI iBoard
2018-07-17,12.120000,12.720000,11.890000,12.540000,1174520,SSI iBoard
2018-07-18,12.720000,13.190000,12.630000,12.930000,1139340,SSI iBoard
2018-07-19,12.950000,12.950000,12.720000,12.910000,680430,SSI iBoard
2018-07-20,12.720000,12.910000,12.580000,12.910000,1473990,SSI iBoard
2018-07-23,12.630000,12.890000,12.310000,12.310000,878370,SSI iBoard
2018-07-24,12.490000,12.720000,12.170000,12.210000,1019120,SSI iBoard
2018-07-25,12.400000,12.420000,11.520000,12.380000,3348190,SSI iBoard
2018-07-26,12.030000,12.140000,11.800000,11.940000,645430,SSI iBoard
2018-07-27,11.940000,12.120000,11.840000,12.010000,1427670,SSI iBoard
2018-07-30,12.010000,12.120000,11.980000,12.080000,1438740,SSI iBoard
2018-07-31,12.100000,12.910000,12.030000,12.860000,4690660,SSI iBoard
2018-08-01,12.910000,13.260000,12.560000,12.750000,2060620,SSI iBoard
2018-08-02,12.630000,13.190000,12.490000,13.190000,3507500,SSI iBoard
2018-08-03,13.230000,13.370000,12.950000,13.120000,2418140,SSI iBoard
2018-08-06,12.950000,13.090000,12.860000,12.950000,1478320,SSI iBoard
2018-08-07,12.840000,13.050000,12.680000,12.930000,1670400,SSI iBoard
2018-08-08,13.020000,13.020000,12.680000,12.840000,1406450,SSI iBoard
2018-08-09,12.910000,13.090000,12.680000,12.680000,2342630,SSI iBoard
2018-08-10,12.680000,12.820000,12.210000,12.580000,2362660,SSI iBoard
2018-08-13,12.490000,12.790000,12.400000,12.700000,1369550,SSI iBoard
2018-08-14,12.720000,12.720000,12.490000,12.580000,850440,SSI iBoard
2018-08-15,12.490000,12.580000,12.260000,12.260000,1030610,SSI iBoard
2018-08-16,12.260000,12.450000,12.010000,12.260000,1576340,SSI iBoard
2018-08-17,12.260000,12.450000,12.260000,12.260000,691890,SSI iBoard
2018-08-20,12.350000,12.350000,11.980000,12.260000,847610,SSI iBoard
2018-08-21,12.260000,12.330000,12.140000,12.260000,904270,SSI iBoard
2018-08-22,12.350000,12.680000,12.280000,12.330000,1386850,SSI iBoard
2018-08-23,12.490000,12.560000,12.330000,12.380000,1031560,SSI iBoard
2018-08-24,12.380000,12.470000,12.260000,12.310000,817010,SSI iBoard
2018-08-27,12.310000,12.420000,12.260000,12.260000,1480540,SSI iBoard
2018-08-28,12.310000,12.400000,12.120000,12.140000,1630740,SSI iBoard
2018-08-29,12.140000,12.190000,12.080000,12.100000,778240,SSI iBoard
2018-08-30,12.100000,12.170000,12.050000,12.170000,887840,SSI iBoard
2018-08-31,12.170000,12.420000,12.170000,12.170000,1723040,SSI iBoard
2018-09-04,12.170000,12.310000,12.050000,12.080000,991610,SSI iBoard
2018-09-05,12.080000,12.140000,11.910000,11.940000,1052150,SSI iBoard
2018-09-06,11.940000,11.980000,11.470000,11.470000,2694080,SSI iBoard
2018-09-07,11.570000,11.710000,11.520000,11.680000,2154200,SSI iBoard
2018-09-10,11.750000,11.800000,11.570000,11.800000,1297720,SSI iBoard
2018-09-11,11.770000,11.800000,11.710000,11.750000,780150,SSI iBoard
2018-09-12,11.800000,11.820000,11.570000,11.570000,1460210,SSI iBoard
2018-09-13,11.570000,11.750000,11.570000,11.660000,1105010,SSI iBoard
2018-09-14,11.660000,11.750000,11.640000,11.680000,1343360,SSI iBoard
2018-09-17,11.680000,12.490000,11.640000,12.050000,2714630,SSI iBoard
2018-09-18,12.050000,12.100000,11.820000,12.100000,1059520,SSI iBoard
2018-09-19,12.120000,12.510000,12.120000,12.310000,2934180,SSI iBoard
2018-09-20,12.310000,12.950000,12.310000,12.950000,5779740,SSI iBoard
2018-09-21,12.950000,13.160000,12.860000,13.090000,4008110,SSI iBoard
2018-09-24,13.090000,13.160000,12.930000,13.000000,2213810,SSI iBoard
2018-09-25,12.950000,13.050000,12.860000,12.950000,2261840,SSI iBoard
2018-09-26,12.950000,13.580000,12.860000,13.370000,4516320,SSI iBoard
2018-09-27,13.510000,13.720000,13.490000,13.600000,3663710,SSI iBoard
2018-09-28,13.650000,13.720000,13.420000,13.490000,3943650,SSI iBoard
2018-10-01,13.490000,13.530000,13.230000,13.260000,2816100,SSI iBoard
2018-10-02,13.230000,13.600000,13.230000,13.460000,3139750,SSI iBoard
2018-10-03,13.600000,13.650000,13.490000,13.580000,1405830,SSI iBoard
2018-10-04,13.650000,13.970000,13.580000,13.970000,3273230,SSI iBoard
2018-10-05,13.930000,14.000000,13.760000,13.790000,3156560,SSI iBoard
2018-10-08,13.460000,13.760000,13.460000,13.580000,2101380,SSI iBoard
2018-10-09,13.600000,13.760000,13.490000,13.760000,2656380,SSI iBoard
2018-10-10,13.790000,13.930000,13.720000,13.740000,1689250,SSI iBoard
2018-10-11,13.050000,13.460000,12.820000,12.890000,4366960,SSI iBoard
2018-10-12,12.890000,13.320000,12.630000,13.280000,2298230,SSI iBoard
2018-10-15,13.280000,13.300000,12.950000,13.050000,2085500,SSI iBoard
2018-10-16,13.020000,13.370000,13.020000,13.280000,1363410,SSI iBoard
2018-10-17,13.560000,13.560000,13.390000,13.460000,1972280,SSI iBoard
2018-10-18,13.320000,13.460000,13.280000,13.370000,1487880,SSI iBoard
2018-10-19,13.140000,13.420000,13.000000,13.420000,1454000,SSI iBoard
2018-10-22,13.420000,13.510000,13.320000,13.320000,2026290,SSI iBoard
2018-10-23,13.320000,13.320000,12.400000,12.860000,2307530,SSI iBoard
2018-10-24,12.910000,12.950000,12.260000,12.260000,1535430,SSI iBoard
2018-10-25,11.660000,12.170000,11.610000,12.080000,2454470,SSI iBoard
2018-10-26,12.450000,12.450000,11.800000,11.960000,1747390,SSI iBoard
2018-10-29,11.940000,12.030000,11.800000,11.890000,1473740,SSI iBoard
2018-10-30,11.890000,12.080000,11.840000,11.940000,1327540,SSI iBoard
2018-10-31,12.080000,12.450000,12.080000,12.450000,1230140,SSI iBoard
2018-11-01,12.470000,12.470000,12.080000,12.080000,802870,SSI iBoard
2018-11-02,12.310000,12.470000,12.120000,12.310000,1048790,SSI iBoard
2018-11-05,12.350000,12.470000,12.260000,12.420000,920120,SSI iBoard
2018-11-06,12.680000,12.680000,12.380000,12.470000,1174180,SSI iBoard
2018-11-07,12.350000,12.580000,12.350000,12.490000,1180500,SSI iBoard
2018-11-08,12.720000,12.720000,12.470000,12.490000,710570,SSI iBoard
2018-11-09,12.420000,12.470000,12.190000,12.190000,1090990,SSI iBoard
2018-11-12,12.170000,12.260000,11.960000,12.170000,784460,SSI iBoard
2018-11-13,11.890000,12.030000,11.890000,11.910000,947810,SSI iBoard
2018-11-14,11.840000,12.030000,11.640000,11.680000,1692450,SSI iBoard
2018-11-15,11.680000,11.820000,11.590000,11.680000,971850,SSI iBoard
2018-11-16,11.800000,12.210000,11.770000,11.890000,645780,SSI iBoard
2018-11-19,11.890000,12.350000,11.890000,12.260000,1754860,SSI iBoard
2018-11-20,12.170000,12.280000,12.080000,12.210000,1534530,SSI iBoard
2018-11-21,12.030000,12.400000,11.980000,12.260000,1028070,SSI iBoard
2018-11-22,12.450000,12.450000,11.400000,12.260000,901490,SSI iBoard
2018-11-23,12.260000,12.310000,12.080000,12.080000,643390,SSI iBoard
2018-11-26,12.030000,12.240000,12.010000,12.010000,1195560,SSI iBoard
2018-11-27,12.170000,12.260000,12.010000,12.030000,1040020,SSI iBoard
2018-11-28,12.030000,12.100000,11.980000,12.100000,668970,SSI iBoard
2018-11-29,12.240000,12.310000,12.050000,12.050000,1304530,SSI iBoard
2018-11-30,12.140000,12.170000,12.030000,12.050000,635260,SSI iBoard
2018-12-03,12.260000,12.580000,12.170000,12.580000,3059840,SSI iBoard
2018-12-04,12.580000,12.930000,12.580000,12.860000,2885160,SSI iBoard
2018-12-05,12.720000,13.090000,12.630000,12.950000,3540000,SSI iBoard
2018-12-06,12.950000,13.160000,12.910000,13.020000,2977170,SSI iBoard
2018-12-07,13.050000,13.190000,12.860000,12.950000,2249340,SSI iBoard
2018-12-10,12.910000,13.120000,12.820000,13.070000,3389080,SSI iBoard
2018-12-11,13.120000,13.190000,13.000000,13.090000,2451470,SSI iBoard
2018-12-12,13.190000,13.370000,13.090000,13.370000,3106230,SSI iBoard
2018-12-13,13.420000,13.490000,13.280000,13.280000,2502500,SSI iBoard
2018-12-14,13.190000,13.320000,13.190000,13.260000,2395670,SSI iBoard
2018-12-17,13.090000,13.190000,12.680000,12.680000,3335920,SSI iBoard
2018-12-18,12.490000,12.720000,12.350000,12.720000,3565390,SSI iBoard
2018-12-19,12.680000,12.720000,12.470000,12.720000,1152330,SSI iBoard
2018-12-20,12.580000,12.820000,12.540000,12.610000,1096130,SSI iBoard
2018-12-21,12.490000,12.630000,12.350000,12.630000,1436860,SSI iBoard
2018-12-24,12.630000,12.680000,12.450000,12.450000,1250440,SSI iBoard
2018-12-25,12.120000,12.280000,11.940000,12.210000,2408040,SSI iBoard
2018-12-26,12.170000,12.310000,12.010000,12.030000,1965260,SSI iBoard
2018-12-27,12.260000,12.330000,12.050000,12.050000,2093990,SSI iBoard
2018-12-28,12.170000,12.170000,11.960000,11.960000,1849440,SSI iBoard
2019-01-02,12.030000,12.050000,11.840000,11.840000,1329030,SSI iBoard
2019-01-03,11.890000,11.910000,11.570000,11.570000,1811430,SSI iBoard
2019-01-04,11.570000,11.570000,10.760000,11.540000,2970830,SSI iBoard
2019-01-07,11.640000,11.800000,11.610000,11.610000,1436930,SSI iBoard
2019-01-08,11.640000,11.660000,11.590000,11.610000,843170,SSI iBoard
2019-01-09,11.660000,12.030000,11.610000,11.940000,3192180,SSI iBoard
2019-01-10,11.940000,12.010000,11.910000,11.940000,1644380,SSI iBoard
2019-01-11,11.960000,12.170000,11.960000,12.030000,1623150,SSI iBoard
2019-01-14,11.980000,12.050000,11.910000,11.960000,2002420,SSI iBoard
2019-01-15,11.960000,12.260000,11.960000,12.260000,1853220,SSI iBoard
2019-01-16,12.310000,12.380000,12.240000,12.260000,1782580,SSI iBoard
2019-01-17,12.260000,12.420000,12.210000,12.330000,1858980,SSI iBoard
2019-01-18,12.400000,12.470000,12.260000,12.380000,1598890,SSI iBoard
2019-01-21,12.450000,12.720000,12.450000,12.680000,1951730,SSI iBoard
2019-01-22,12.770000,12.770000,12.400000,12.400000,2368670,SSI iBoard
2019-01-23,12.450000,12.450000,12.280000,12.280000,2092730,SSI iBoard
2019-01-24,12.350000,12.420000,12.240000,12.330000,1537670,SSI iBoard
2019-01-25,12.470000,12.610000,12.330000,12.330000,1710030,SSI iBoard
2019-01-28,12.380000,12.400000,12.050000,12.120000,1864000,SSI iBoard
2019-01-29,12.120000,12.260000,11.980000,12.260000,2058540,SSI iBoard
2019-01-30,12.260000,12.350000,12.170000,12.310000,1017170,SSI iBoard
2019-01-31,12.310000,12.310000,12.170000,12.260000,2606420,SSI iBoard
2019-02-01,12.260000,12.580000,12.170000,12.580000,7859690,SSI iBoard
2019-02-11,12.490000,12.630000,12.400000,12.510000,2504660,SSI iBoard
2019-02-12,12.560000,12.790000,12.470000,12.700000,4957590,SSI iBoard
2019-02-13,12.700000,12.840000,12.680000,12.750000,2519920,SSI iBoard
2019-02-14,12.720000,12.770000,12.610000,12.630000,2290940,SSI iBoard
2019-02-15,12.580000,12.790000,12.540000,12.610000,3355310,SSI iBoard
2019-02-18,12.630000,12.750000,12.610000,12.650000,2160450,SSI iBoard
2019-02-19,12.680000,13.050000,12.680000,12.750000,7850600,SSI iBoard
2019-02-20,12.790000,12.860000,12.700000,12.750000,2760520,SSI iBoard
2019-02-21,12.770000,12.820000,12.630000,12.720000,2102120,SSI iBoard
2019-02-22,12.720000,12.950000,12.680000,12.820000,6443060,SSI iBoard
2019-02-25,12.910000,12.950000,12.820000,12.840000,3849680,SSI iBoard
2019-02-26,12.820000,12.890000,12.610000,12.700000,3078620,SSI iBoard
2019-02-27,12.700000,12.720000,12.510000,12.580000,4709200,SSI iBoard
2019-02-28,12.540000,12.580000,12.210000,12.260000,4845650,SSI iBoard
2019-03-01,12.310000,12.420000,12.210000,12.310000,2342280,SSI iBoard
2019-03-04,12.350000,12.540000,12.350000,12.490000,2834780,SSI iBoard
2019-03-05,12.420000,12.580000,12.350000,12.400000,3227790,SSI iBoard
2019-03-06,12.400000,12.450000,12.330000,12.400000,1004950,SSI iBoard
2019-03-07,12.450000,12.510000,12.380000,12.380000,1428410,SSI iBoard
2019-03-08,12.280000,12.330000,12.140000,12.140000,2892590,SSI iBoard
2019-03-11,12.260000,12.260000,12.140000,12.170000,894870,SSI iBoard
2019-03-12,12.310000,12.400000,12.140000,12.400000,1884510,SSI iBoard
2019-03-13,12.450000,12.750000,12.450000,12.560000,4603520,SSI iBoard
2019-03-14,12.580000,12.610000,12.470000,12.490000,1377040,SSI iBoard
2019-03-15,12.450000,12.580000,12.380000,12.420000,1750100,SSI iBoard
2019-03-18,12.470000,12.610000,12.400000,12.510000,3348820,SSI iBoard
2019-03-19,12.510000,12.580000,12.350000,12.380000,2078600,SSI iBoard
2019-03-20,12.380000,12.380000,12.210000,12.310000,1701020,SSI iBoard
2019-03-21,12.380000,12.380000,12.080000,12.080000,2858380,SSI iBoard
2019-03-22,12.100000,12.170000,12.010000,12.080000,2631920,SSI iBoard
2019-03-25,11.800000,11.980000,11.770000,11.840000,2295560,SSI iBoard
2019-03-26,11.840000,11.980000,11.750000,11.800000,2041810,SSI iBoard
2019-03-27,11.890000,11.940000,11.770000,11.910000,1426910,SSI iBoard
2019-03-28,11.870000,11.940000,11.820000,11.820000,798820,SSI iBoard
2019-03-29,11.820000,11.940000,11.820000,11.840000,1656270,SSI iBoard
2019-04-01,11.890000,11.890000,11.800000,11.820000,1213000,SSI iBoard
2019-04-02,11.890000,11.960000,11.770000,11.800000,1197560,SSI iBoard
2019-04-03,11.800000,11.840000,11.750000,11.770000,883080,SSI iBoard
2019-04-04,11.800000,11.820000,11.710000,11.770000,1084530,SSI iBoard
2019-04-05,11.800000,11.800000,11.750000,11.750000,790380,SSI iBoard
2019-04-08,11.750000,11.750000,11.610000,11.680000,1689220,SSI iBoard
2019-04-09,11.750000,11.870000,11.680000,11.730000,1526530,SSI iBoard
2019-04-10,11.710000,11.800000,11.570000,11.610000,1488230,SSI iBoard
2019-04-11,11.590000,11.660000,11.570000,11.610000,837020,SSI iBoard
2019-04-12,11.570000,11.610000,11.500000,11.520000,1318580,SSI iBoard
2019-04-16,11.400000,11.450000,11.290000,11.360000,2097030,SSI iBoard
2019-04-17,11.450000,11.590000,11.400000,11.450000,1022100,SSI iBoard
2019-04-18,11.450000,11.470000,11.220000,11.220000,1478350,SSI iBoard
2019-04-19,11.340000,11.340000,11.200000,11.200000,1116030,SSI iBoard
2019-04-22,11.200000,11.240000,10.940000,10.990000,1544290,SSI iBoard
2019-04-23,10.920000,11.030000,10.900000,10.920000,1850200,SSI iBoard
2019-04-24,10.970000,11.270000,10.970000,11.270000,1995110,SSI iBoard
2019-04-25,11.290000,11.290000,11.170000,11.170000,681910,SSI iBoard
2019-04-26,11.130000,11.200000,11.100000,11.170000,898530,SSI iBoard
2019-05-02,11.150000,11.200000,11.010000,11.030000,891770,SSI iBoard
2019-05-03,11.030000,11.100000,10.940000,11.100000,1727710,SSI iBoard
2019-05-06,10.940000,11.060000,10.690000,10.780000,1903780,SSI iBoard
2019-05-07,10.970000,10.970000,10.690000,10.730000,1294740,SSI iBoard
2019-05-08,10.640000,10.640000,10.480000,10.620000,1748140,SSI iBoard
2019-05-09,10.590000,10.730000,10.550000,10.550000,1330990,SSI iBoard
2019-05-10,10.640000,10.710000,10.550000,10.710000,1679270,SSI iBoard
2019-05-13,10.760000,10.780000,10.690000,10.730000,1130890,SSI iBoard
2019-05-14,10.640000,10.730000,10.570000,10.640000,1432870,SSI iBoard
2019-05-15,10.690000,11.130000,10.640000,11.080000,3260220,SSI iBoard
2019-05-16,11.150000,11.150000,10.940000,10.990000,2139740,SSI iBoard
2019-05-17,10.970000,11.010000,10.900000,10.920000,1740280,SSI iBoard
2019-05-20,10.900000,11.060000,10.830000,11.030000,2117630,SSI iBoard
2019-05-21,11.030000,11.240000,11.030000,11.130000,3217110,SSI iBoard
2019-05-22,11.150000,11.200000,10.970000,10.970000,1706530,SSI iBoard
2019-05-23,10.940000,11.030000,10.900000,10.940000,1377230,SSI iBoard
2019-05-24,10.900000,10.970000,10.730000,10.730000,2380690,SSI iBoard
2019-05-27,10.730000,10.800000,10.690000,10.710000,888140,SSI iBoard
2019-05-28,10.690000,10.830000,10.590000,10.690000,1428370,SSI iBoard
2019-05-29,10.660000,10.690000,10.530000,10.530000,2073420,SSI iBoard
2019-05-30,10.530000,10.660000,10.410000,10.620000,1454130,SSI iBoard
2019-05-31,10.620000,10.640000,10.460000,10.460000,1452700,SSI iBoard
2019-06-03,10.360000,10.410000,9.950000,9.950000,2710010,SSI iBoard
2019-06-04,10.060000,10.090000,9.760000,9.810000,2334950,SSI iBoard
2019-06-05,9.990000,10.090000,9.850000,9.850000,1078360,SSI iBoard
2019-06-06,9.850000,9.950000,9.670000,9.880000,1377350,SSI iBoard
2019-06-07,9.880000,9.990000,9.880000,9.990000,1426730,SSI iBoard
2019-06-10,10.090000,10.130000,9.850000,9.950000,1692190,SSI iBoard
2019-06-11,9.950000,10.040000,9.920000,9.950000,907130,SSI iBoard
2019-06-12,9.950000,9.990000,9.850000,9.850000,672440,SSI iBoard
2019-06-13,9.850000,9.850000,9.760000,9.790000,845890,SSI iBoard
2019-06-14,9.810000,9.920000,9.810000,9.810000,1082100,SSI iBoard
2019-06-17,9.850000,9.880000,9.620000,9.620000,2217430,SSI iBoard
2019-06-18,9.670000,9.690000,9.300000,9.390000,3167100,SSI iBoard
2019-06-19,9.530000,9.550000,9.250000,9.300000,2057320,SSI iBoard
2019-06-20,9.530000,9.550000,9.250000,9.300000,2057320,SSI iBoard
2019-06-21,9.620000,9.760000,9.580000,9.620000,1724400,SSI iBoard
2019-06-24,9.580000,9.740000,9.550000,9.670000,1664740,SSI iBoard
2019-06-25,9.550000,9.670000,9.550000,9.600000,1564890,SSI iBoard
2019-06-26,9.510000,9.580000,9.390000,9.440000,1838710,SSI iBoard
2019-06-27,9.440000,9.480000,9.350000,9.350000,1584550,SSI iBoard
2019-06-28,9.420000,9.440000,9.230000,9.420000,2795060,SSI iBoard
2019-07-01,9.510000,9.760000,9.510000,9.720000,4072480,SSI iBoard
2019-07-02,9.760000,9.830000,9.600000,9.670000,2795670,SSI iBoard
2019-07-03,9.600000,9.720000,9.550000,9.620000,1983500,SSI iBoard
2019-07-04,9.650000,9.950000,9.620000,9.900000,3900680,SSI iBoard
2019-07-05,9.920000,9.990000,9.810000,9.880000,1549360,SSI iBoard
2019-07-08,9.850000,9.880000,9.510000,9.670000,3362170,SSI iBoard
2019-07-09,9.580000,9.670000,9.530000,9.580000,1946360,SSI iBoard
2019-07-10,9.650000,9.720000,9.580000,9.580000,906800,SSI iBoard
2019-07-11,9.670000,9.760000,9.620000,9.720000,1912930,SSI iBoard
2019-07-12,9.760000,9.810000,9.580000,9.580000,2769760,SSI iBoard
2019-07-15,9.650000,9.830000,9.600000,9.790000,2857380,SSI iBoard
2019-07-16,9.790000,9.900000,9.760000,9.810000,2278750,SSI iBoard
2019-07-17,9.850000,9.850000,9.720000,9.760000,2701360,SSI iBoard
2019-07-18,9.690000,9.760000,9.620000,9.670000,2824630,SSI iBoard
2019-07-19,9.720000,9.850000,9.720000,9.810000,3346840,SSI iBoard
2019-07-22,9.790000,9.850000,9.690000,9.740000,2774500,SSI iBoard
2019-07-23,9.740000,9.790000,9.720000,9.740000,1565740,SSI iBoard
2019-07-24,9.760000,9.810000,9.670000,9.690000,2120730,SSI iBoard
2019-07-25,9.690000,9.720000,9.670000,9.670000,1729230,SSI iBoard
2019-07-26,9.650000,9.690000,9.600000,9.620000,1245510,SSI iBoard
2019-07-29,9.720000,9.740000,9.600000,9.620000,2419230,SSI iBoard
2019-07-30,9.670000,9.670000,9.550000,9.580000,1551320,SSI iBoard
2019-07-31,9.580000,9.580000,9.510000,9.510000,1219550,SSI iBoard
2019-08-01,9.530000,9.580000,9.480000,9.580000,1192180,SSI iBoard
2019-08-02,9.440000,9.580000,9.420000,9.510000,3516660,SSI iBoard
2019-08-05,9.440000,9.510000,9.390000,9.440000,2653940,SSI iBoard
2019-08-06,9.350000,9.390000,9.210000,9.370000,1970250,SSI iBoard
2019-08-07,9.390000,9.440000,9.280000,9.300000,1212000,SSI iBoard
2019-08-08,9.300000,9.370000,9.250000,9.350000,1798980,SSI iBoard
2019-08-09,9.350000,9.390000,9.300000,9.350000,875180,SSI iBoard
2019-08-12,9.350000,9.420000,9.350000,9.370000,840220,SSI iBoard
2019-08-13,9.350000,9.580000,9.320000,9.550000,2100020,SSI iBoard
2019-08-14,9.650000,9.690000,9.580000,9.650000,1250150,SSI iBoard
2019-08-15,9.440000,9.720000,9.440000,9.720000,2105150,SSI iBoard
2019-08-16,9.720000,10.180000,9.670000,10.130000,6269250,SSI iBoard
2019-08-19,10.130000,10.130000,9.950000,9.970000,1938330,SSI iBoard
2019-08-20,9.990000,10.040000,9.880000,9.970000,1342680,SSI iBoard
2019-08-21,10.020000,10.090000,9.900000,10.020000,2062850,SSI iBoard
2019-08-22,10.020000,10.110000,9.990000,10.020000,1593030,SSI iBoard
2019-08-23,9.990000,10.020000,9.920000,10.020000,1304670,SSI iBoard
2019-08-26,9.810000,9.880000,9.690000,9.830000,3277300,SSI iBoard
2019-08-27,9.880000,9.970000,9.850000,9.920000,1805340,SSI iBoard
2019-08-28,9.900000,9.950000,9.880000,9.900000,736990,SSI iBoard
2019-08-29,9.900000,9.900000,9.760000,9.880000,948710,SSI iBoard
2019-08-30,9.900000,9.950000,9.830000,9.950000,1236390,SSI iBoard
2019-09-03,9.990000,10.020000,9.900000,9.900000,1136630,SSI iBoard
2019-09-04,9.830000,10.090000,9.830000,10.040000,1989740,SSI iBoard
2019-09-05,10.040000,10.390000,10.040000,10.270000,4417320,SSI iBoard
2019-09-06,10.340000,10.390000,10.220000,10.270000,1189570,SSI iBoard
2019-09-09,10.270000,10.270000,10.020000,10.040000,2274060,SSI iBoard
2019-09-10,9.990000,10.130000,9.920000,9.920000,2538930,SSI iBoard
2019-09-11,9.950000,10.020000,9.900000,10.060000,1009440,SSI iBoard
2019-09-12,10.060000,10.180000,10.040000,10.160000,1835330,SSI iBoard
2019-09-13,10.130000,10.480000,10.130000,10.480000,5546230,SSI iBoard
2019-09-16,10.480000,10.530000,10.390000,10.460000,1846340,SSI iBoard
2019-09-17,10.410000,10.500000,10.390000,10.460000,1689630,SSI iBoard
2019-09-18,10.410000,10.530000,10.360000,10.460000,2613940,SSI iBoard
2019-09-19,10.460000,10.620000,10.410000,10.620000,3116360,SSI iBoard
2019-09-20,10.640000,10.730000,10.620000,10.710000,2046450,SSI iBoard
2019-09-23,10.730000,10.760000,10.480000,10.480000,2643620,SSI iBoard
2019-09-24,10.480000,10.550000,10.430000,10.460000,2698720,SSI iBoard
2019-09-25,10.460000,10.530000,10.360000,10.480000,1603250,SSI iBoard
2019-09-26,10.480000,10.710000,10.480000,10.690000,2315980,SSI iBoard
2019-09-27,10.690000,10.800000,10.640000,10.730000,2199880,SSI iBoard
2019-09-30,10.780000,10.870000,10.710000,10.800000,2640100,SSI iBoard
2019-10-01,10.800000,10.970000,10.710000,10.990000,2328320,SSI iBoard
2019-10-02,10.970000,11.080000,10.920000,10.990000,2720060,SSI iBoard
2019-10-03,10.870000,11.010000,10.800000,11.010000,2152040,SSI iBoard
2019-10-04,11.030000,11.080000,10.870000,10.920000,2380040,SSI iBoard
2019-10-07,10.940000,10.940000,10.710000,10.710000,2959530,SSI iBoard
2019-10-08,10.710000,10.870000,10.710000,10.900000,1939340,SSI iBoard
2019-10-09,10.920000,10.940000,10.850000,10.940000,1287970,SSI iBoard
2019-10-10,10.900000,10.990000,10.900000,10.940000,721560,SSI iBoard
2019-10-11,10.920000,10.970000,10.900000,10.920000,859400,SSI iBoard
2019-10-14,10.970000,11.200000,10.920000,11.060000,5147390,SSI iBoard
2019-10-15,11.030000,11.220000,10.920000,11.220000,2505730,SSI iBoard
2019-10-16,11.240000,11.360000,11.240000,11.310000,2027890,SSI iBoard
2019-10-17,11.290000,11.290000,11.170000,11.290000,2372790,SSI iBoard
2019-10-18,11.290000,11.380000,11.240000,11.290000,1217000,SSI iBoard
2019-10-21,11.290000,11.290000,10.920000,11.060000,1602090,SSI iBoard
2019-10-22,11.060000,11.100000,10.990000,11.100000,1259780,SSI iBoard
2019-10-23,11.100000,11.100000,11.010000,11.080000,1210010,SSI iBoard
2019-10-24,11.100000,11.100000,10.990000,11.030000,1437210,SSI iBoard
2019-10-25,11.060000,11.060000,10.970000,11.030000,1383270,SSI iBoard
2019-10-28,11.080000,11.100000,10.990000,11.010000,1637090,SSI iBoard
2019-10-29,11.010000,11.010000,10.900000,10.970000,1432590,SSI iBoard
2019-10-30,10.970000,11.100000,10.920000,11.010000,1505720,SSI iBoard
2019-10-31,11.010000,11.080000,10.970000,10.970000,1249530,SSI iBoard
2019-11-01,10.970000,11.030000,10.920000,10.990000,1276580,SSI iBoard
2019-11-04,11.060000,11.290000,10.990000,11.270000,3950490,SSI iBoard
2019-11-05,11.340000,11.520000,11.290000,11.450000,2664570,SSI iBoard
2019-11-06,11.500000,11.500000,11.400000,11.450000,1670500,SSI iBoard
2019-11-07,11.470000,11.470000,11.400000,11.470000,1200940,SSI iBoard
2019-11-08,11.470000,11.640000,11.470000,11.610000,4107220,SSI iBoard
2019-11-11,11.660000,11.800000,11.590000,11.640000,3594060,SSI iBoard
2019-11-12,11.590000,11.660000,11.570000,11.640000,1410930,SSI iBoard
2019-11-13,11.710000,11.710000,11.450000,11.450000,3308350,SSI iBoard
2019-11-14,11.430000,11.450000,11.310000,11.430000,1789980,SSI iBoard
2019-11-15,11.430000,11.540000,11.290000,11.520000,1355990,SSI iBoard
2019-11-18,11.520000,11.540000,11.310000,11.310000,1327810,SSI iBoard
2019-11-19,11.310000,11.470000,11.310000,11.450000,986340,SSI iBoard
2019-11-20,11.470000,11.520000,11.240000,11.290000,1185900,SSI iBoard
2019-11-21,11.270000,11.290000,10.870000,10.870000,4049470,SSI iBoard
2019-11-22,11.100000,11.100000,10.550000,10.660000,2348690,SSI iBoard
2019-11-25,10.690000,10.780000,10.570000,10.780000,1110080,SSI iBoard
2019-11-26,10.830000,10.870000,10.780000,10.850000,995420,SSI iBoard
2019-11-27,10.870000,10.920000,10.800000,10.800000,816030,SSI iBoard
2019-11-28,10.800000,10.800000,10.590000,10.590000,1133640,SSI iBoard
2019-11-29,10.640000,10.690000,10.530000,10.590000,754400,SSI iBoard
2019-12-02,10.620000,10.660000,10.460000,10.500000,1156110,SSI iBoard
2019-12-03,10.500000,10.530000,10.340000,10.430000,1530470,SSI iBoard
2019-12-04,10.430000,10.850000,10.430000,10.850000,1112220,SSI iBoard
2019-12-05,10.850000,10.900000,10.690000,10.760000,588750,SSI iBoard
2019-12-06,10.760000,10.830000,10.690000,10.710000,509280,SSI iBoard
2019-12-09,10.710000,10.760000,10.500000,10.550000,799820,SSI iBoard
2019-12-10,10.530000,10.550000,10.320000,10.360000,1281250,SSI iBoard
2019-12-11,10.410000,10.530000,10.410000,10.500000,795470,SSI iBoard
2019-12-12,10.480000,10.780000,10.480000,10.710000,1024340,SSI iBoard
2019-12-13,10.730000,10.760000,10.640000,10.710000,903570,SSI iBoard
2019-12-16,10.640000,10.710000,10.590000,10.710000,837370,SSI iBoard
2019-12-17,10.690000,10.710000,10.530000,10.530000,797100,SSI iBoard
2019-12-18,10.500000,10.550000,10.460000,10.460000,681130,SSI iBoard
2019-12-19,10.460000,10.530000,10.320000,10.340000,1746590,SSI iBoard
2019-12-20,10.360000,10.550000,10.360000,10.550000,653220,SSI iBoard
2019-12-23,10.640000,10.760000,10.590000,10.690000,2394730,SSI iBoard
2019-12-24,10.710000,10.710000,10.570000,10.640000,419130,SSI iBoard
2019-12-25,10.640000,10.710000,10.620000,10.640000,598950,SSI iBoard
2019-12-26,10.640000,10.660000,10.590000,10.660000,855750,SSI iBoard
2019-12-27,10.660000,10.730000,10.620000,10.730000,819850,SSI iBoard
2019-12-30,10.870000,11.080000,10.800000,10.850000,2452800,SSI iBoard
2019-12-31,10.850000,10.990000,10.850000,10.900000,731740,SSI iBoard
2020-01-02,10.900000,11.030000,10.870000,11.010000,1387610,SSI iBoard
2020-01-03,11.060000,11.080000,10.940000,10.940000,756700,SSI iBoard
2020-01-06,10.830000,10.830000,10.660000,10.660000,1162990,SSI iBoard
2020-01-07,10.660000,10.730000,10.640000,10.730000,1043300,SSI iBoard
2020-01-08,10.550000,10.660000,10.460000,10.530000,1710390,SSI iBoard
2020-01-09,10.640000,10.690000,10.570000,10.660000,2009840,SSI iBoard
2020-01-10,10.640000,10.870000,10.640000,10.710000,3679110,SSI iBoard
2020-01-13,10.640000,10.710000,10.530000,10.620000,892360,SSI iBoard
2020-01-14,10.620000,10.660000,10.590000,10.590000,1804950,SSI iBoard
2020-01-15,10.590000,10.640000,10.550000,10.590000,1929280,SSI iBoard
2020-01-16,10.590000,10.800000,10.590000,10.780000,4383720,SSI iBoard
2020-01-17,10.830000,10.920000,10.780000,10.830000,1875160,SSI iBoard
2020-01-20,10.780000,10.850000,10.730000,10.800000,2019730,SSI iBoard
2020-01-21,10.850000,11.130000,10.830000,11.130000,7458340,SSI iBoard
2020-01-22,11.220000,11.220000,11.080000,11.200000,2309150,SSI iBoard
2020-01-30,10.870000,11.010000,10.530000,10.590000,4013510,SSI iBoard
2020-01-31,10.480000,10.590000,9.990000,9.990000,6118460,SSI iBoard
2020-02-03,9.480000,10.220000,9.420000,9.920000,4258750,SSI iBoard
2020-02-04,9.950000,10.130000,9.810000,10.060000,2196570,SSI iBoard
2020-02-05,10.180000,10.250000,9.970000,10.060000,2433210,SSI iBoard
2020-02-06,10.020000,10.390000,9.950000,10.340000,2677150,SSI iBoard
2020-02-07,10.340000,10.340000,10.130000,10.250000,1965440,SSI iBoard
2020-02-10,10.130000,10.180000,10.020000,10.110000,1304360,SSI iBoard
2020-02-11,10.110000,10.320000,10.110000,10.250000,1296950,SSI iBoard
2020-02-12,10.320000,10.620000,10.270000,10.480000,3157240,SSI iBoard
2020-02-13,10.430000,10.480000,10.360000,10.460000,1823230,SSI iBoard
2020-02-14,10.690000,10.830000,10.590000,10.780000,4375740,SSI iBoard
2020-02-17,10.830000,11.060000,10.760000,11.010000,6393370,SSI iBoard
2020-02-18,11.010000,11.150000,10.900000,10.970000,4268770,SSI iBoard
2020-02-19,10.920000,10.970000,10.850000,10.940000,1980690,SSI iBoard
2020-02-20,10.970000,11.060000,10.780000,10.870000,2950950,SSI iBoard
2020-02-21,10.830000,10.970000,10.690000,10.690000,2959980,SSI iBoard
2020-02-24,10.530000,10.530000,9.950000,9.950000,7508070,SSI iBoard
2020-02-25,9.720000,10.290000,9.620000,10.270000,3236900,SSI iBoard
2020-02-26,10.060000,10.410000,9.990000,10.340000,2243500,SSI iBoard
2020-02-27,10.340000,10.530000,10.270000,10.530000,2324050,SSI iBoard
2020-02-28,10.180000,10.360000,10.110000,10.290000,2433150,SSI iBoard
2020-03-02,10.360000,10.480000,10.220000,10.410000,2567350,SSI iBoard
2020-03-03,10.570000,10.640000,10.410000,10.410000,2162150,SSI iBoard
2020-03-04,10.340000,10.460000,10.270000,10.430000,1936620,SSI iBoard
2020-03-05,10.430000,10.570000,10.320000,10.270000,2022250,SSI iBoard
2020-03-06,10.270000,10.270000,10.090000,10.200000,2247920,SSI iBoard
2020-03-09,9.550000,9.720000,9.510000,9.510000,4584600,SSI iBoard
2020-03-10,9.440000,9.720000,9.300000,9.580000,3161970,SSI iBoard
2020-03-11,9.620000,9.690000,8.930000,8.930000,5626550,SSI iBoard
2020-03-12,8.330000,8.560000,8.300000,8.300000,4054760,SSI iBoard
2020-03-13,7.730000,8.580000,7.730000,8.440000,4332700,SSI iBoard
2020-03-16,8.440000,8.440000,7.960000,8.070000,3645430,SSI iBoard
2020-03-17,7.870000,8.300000,7.800000,8.300000,3112070,SSI iBoard
2020-03-18,8.370000,8.420000,8.190000,8.300000,1908520,SSI iBoard
2020-03-19,8.140000,8.240000,7.930000,7.980000,2214980,SSI iBoard
2020-03-20,8.070000,8.100000,7.930000,8.030000,1810790,SSI iBoard
2020-03-23,7.500000,7.870000,7.470000,7.470000,3265510,SSI iBoard
2020-03-24,7.630000,7.630000,7.400000,7.400000,2968790,SSI iBoard
2020-03-25,7.630000,7.730000,7.540000,7.680000,2952270,SSI iBoard
2020-03-26,7.680000,7.680000,7.450000,7.450000,1487540,SSI iBoard
2020-03-27,7.470000,7.500000,7.220000,7.400000,2746330,SSI iBoard
2020-03-30,6.990000,7.170000,6.890000,6.890000,3360230,SSI iBoard
2020-03-31,6.940000,7.170000,6.480000,6.940000,1578850,SSI iBoard
2020-04-01,6.940000,7.220000,6.640000,7.170000,1316380,SSI iBoard
2020-04-03,7.170000,7.380000,7.170000,7.330000,1433510,SSI iBoard
2020-04-06,7.500000,7.840000,7.450000,7.840000,2966040,SSI iBoard
2020-04-07,7.870000,7.960000,7.770000,7.840000,2424610,SSI iBoard
2020-04-08,7.770000,7.770000,7.540000,7.730000,1408000,SSI iBoard
2020-04-09,7.910000,7.930000,7.800000,7.800000,2165650,SSI iBoard
2020-04-10,7.730000,7.840000,7.700000,7.750000,1495400,SSI iBoard
2020-04-13,7.750000,8.140000,7.750000,7.960000,2564400,SSI iBoard
2020-04-14,8.030000,8.030000,7.820000,7.930000,1446850,SSI iBoard
2020-04-15,8.000000,8.120000,7.960000,8.120000,2536130,SSI iBoard
2020-04-16,8.100000,8.120000,7.960000,8.120000,1858330,SSI iBoard
2020-04-17,8.240000,8.260000,8.100000,8.210000,2252420,SSI iBoard
2020-04-20,8.280000,8.300000,8.100000,8.170000,1774710,SSI iBoard
2020-04-21,8.000000,8.050000,7.730000,7.800000,3045020,SSI iBoard
2020-04-22,7.520000,7.960000,7.520000,7.820000,1742290,SSI iBoard
2020-04-23,7.960000,8.000000,7.840000,7.840000,1401680,SSI iBoard
2020-04-24,7.910000,7.930000,7.820000,7.910000,851770,SSI iBoard
2020-04-27,7.910000,7.980000,7.870000,7.890000,784520,SSI iBoard
2020-04-28,7.930000,7.930000,7.800000,7.910000,921180,SSI iBoard
2020-04-29,7.910000,8.120000,7.870000,7.960000,2860010,SSI iBoard
2020-05-04,7.960000,8.190000,7.930000,8.050000,2018840,SSI iBoard
2020-05-05,8.100000,8.140000,8.030000,8.050000,546010,SSI iBoard
2020-05-06,8.120000,8.120000,7.980000,8.120000,1175100,SSI iBoard
2020-05-07,8.120000,8.190000,8.070000,8.190000,2409540,SSI iBoard
2020-05-08,8.190000,8.740000,8.190000,8.740000,7260470,SSI iBoard
2020-05-11,9.020000,9.350000,8.950000,9.350000,4765680,SSI iBoard
2020-05-12,9.300000,9.600000,9.070000,9.530000,3383520,SSI iBoard
2020-05-13,9.390000,9.580000,9.160000,9.530000,4746350,SSI iBoard
2020-05-14,9.440000,9.530000,9.300000,9.480000,3351270,SSI iBoard
2020-05-15,9.530000,9.530000,9.250000,9.370000,2995800,SSI iBoard
2020-05-18,9.280000,9.600000,9.210000,9.550000,3017660,SSI iBoard
2020-05-19,9.880000,9.900000,9.690000,9.850000,4135900,SSI iBoard
2020-05-20,9.720000,9.810000,9.690000,9.740000,1911850,SSI iBoard
2020-05-21,9.740000,10.180000,9.650000,10.180000,3539410,SSI iBoard
2020-05-22,9.990000,9.990000,9.740000,9.740000,3322040,SSI iBoard
2020-05-25,9.760000,9.850000,9.690000,9.740000,1962970,SSI iBoard
2020-05-26,9.760000,9.850000,9.720000,9.790000,2220450,SSI iBoard
2020-05-27,9.810000,9.900000,9.670000,9.670000,2673490,SSI iBoard
2020-05-28,9.670000,9.810000,9.620000,9.670000,1584390,SSI iBoard
2020-05-29,9.650000,9.690000,9.580000,9.580000,1101170,SSI iBoard
2020-06-01,9.620000,9.850000,9.620000,9.850000,2341100,SSI iBoard
2020-06-02,9.950000,9.950000,9.760000,9.790000,2469400,SSI iBoard
2020-06-03,9.790000,9.920000,9.790000,9.880000,2064360,SSI iBoard
2020-06-04,9.900000,9.920000,9.810000,9.810000,2216760,SSI iBoard
2020-06-05,9.830000,9.920000,9.760000,9.920000,2251740,SSI iBoard
2020-06-08,9.970000,10.130000,9.970000,10.040000,3315180,SSI iBoard
2020-06-09,10.040000,10.090000,9.950000,9.990000,1702620,SSI iBoard
2020-06-10,9.880000,10.160000,9.830000,10.110000,2295880,SSI iBoard
2020-06-11,10.130000,10.130000,9.670000,9.670000,3478310,SSI iBoard
2020-06-12,9.530000,9.830000,9.480000,9.790000,3715000,SSI iBoard
2020-06-15,9.760000,9.760000,9.280000,9.300000,2302220,SSI iBoard
2020-06-16,9.480000,9.530000,9.390000,9.530000,1487150,SSI iBoard
2020-06-17,9.530000,9.530000,9.370000,9.390000,1416900,SSI iBoard
2020-06-18,9.390000,9.460000,9.350000,9.350000,625890,SSI iBoard
2020-06-19,9.350000,9.480000,9.350000,9.480000,632650,SSI iBoard
2020-06-22,9.690000,9.690000,9.480000,9.600000,1166650,SSI iBoard
2020-06-23,9.600000,9.620000,9.530000,9.550000,1173850,SSI iBoard
2020-06-24,9.580000,9.600000,9.440000,9.480000,860730,SSI iBoard
2020-06-25,9.350000,9.440000,9.300000,9.350000,1162400,SSI iBoard
2020-06-26,9.480000,9.480000,9.320000,9.420000,668030,SSI iBoard
2020-06-29,9.250000,9.300000,9.070000,9.090000,1752070,SSI iBoard
2020-06-30,9.140000,9.210000,8.840000,9.040000,1290510,SSI iBoard
2020-07-01,9.020000,9.210000,9.000000,9.160000,751460,SSI iBoard
2020-07-02,9.230000,9.230000,9.020000,9.140000,820250,SSI iBoard
2020-07-03,9.140000,9.160000,9.040000,9.160000,593390,SSI iBoard
2020-07-06,9.160000,9.370000,9.160000,9.370000,1220550,SSI iBoard
2020-07-07,9.390000,9.440000,9.350000,9.370000,895150,SSI iBoard
2020-07-08,9.350000,9.370000,9.300000,9.300000,676840,SSI iBoard
2020-07-09,9.370000,9.690000,9.300000,9.690000,3146430,SSI iBoard
2020-07-10,9.650000,9.690000,9.460000,9.460000,1398740,SSI iBoard
2020-07-13,9.620000,9.620000,9.250000,9.390000,1725580,SSI iBoard
2020-07-14,9.350000,9.390000,9.250000,9.300000,1809120,SSI iBoard
2020-07-15,9.390000,9.600000,9.390000,9.530000,1697190,SSI iBoard
2020-07-16,9.530000,9.720000,9.440000,9.720000,1662150,SSI iBoard
2020-07-17,9.580000,9.620000,9.510000,9.530000,1180670,SSI iBoard
2020-07-20,9.480000,9.550000,9.460000,9.480000,1164560,SSI iBoard
2020-07-21,9.480000,9.510000,9.390000,9.480000,818210,SSI iBoard
2020-07-22,9.530000,9.530000,9.370000,9.370000,1224170,SSI iBoard
2020-07-23,9.350000,9.390000,9.300000,9.390000,861140,SSI iBoard
2020-07-24,9.390000,9.390000,8.790000,9.020000,2951240,SSI iBoard
2020-07-27,8.840000,8.880000,8.400000,8.400000,2677650,SSI iBoard
2020-07-28,8.420000,8.700000,8.330000,8.670000,2883870,SSI iBoard
2020-07-29,8.470000,8.510000,8.100000,8.400000,1841250,SSI iBoard
2020-07-30,8.420000,8.790000,8.100000,8.610000,974910,SSI iBoard
2020-07-31,8.420000,8.630000,8.400000,8.400000,2304460,SSI iBoard
2020-08-03,8.440000,8.610000,8.400000,8.610000,1247760,SSI iBoard
2020-08-04,8.740000,8.840000,8.670000,8.720000,1210770,SSI iBoard
2020-08-05,8.740000,9.000000,8.650000,9.000000,1917290,SSI iBoard
2020-08-06,8.980000,9.020000,8.840000,8.880000,1860660,SSI iBoard
2020-08-07,8.930000,8.950000,8.810000,8.860000,920100,SSI iBoard
2020-08-10,8.930000,9.110000,8.930000,8.980000,2743500,SSI iBoard
2020-08-11,9.040000,9.040000,8.930000,9.000000,1334060,SSI iBoard
2020-08-12,9.000000,9.110000,9.000000,9.090000,1634530,SSI iBoard
2020-08-13,9.140000,9.180000,9.070000,9.160000,1584180,SSI iBoard
2020-08-14,9.160000,9.350000,9.090000,9.160000,2588850,SSI iBoard
2020-08-17,9.140000,9.320000,9.140000,9.300000,2732690,SSI iBoard
2020-08-18,9.300000,9.350000,9.250000,9.280000,1410740,SSI iBoard
2020-08-19,9.300000,9.370000,9.250000,9.350000,1132620,SSI iBoard
2020-08-20,9.350000,9.370000,9.180000,9.250000,3659990,SSI iBoard
2020-08-21,9.300000,9.440000,9.300000,9.420000,2817550,SSI iBoard
2020-08-24,9.600000,9.720000,9.480000,9.690000,2749740,SSI iBoard
2020-08-25,9.720000,9.900000,9.720000,9.850000,3775640,SSI iBoard
2020-08-26,9.810000,9.850000,9.720000,9.760000,2116830,SSI iBoard
2020-08-27,9.760000,9.810000,9.720000,9.790000,1792750,SSI iBoard
2020-08-28,9.850000,10.110000,9.830000,9.990000,5154230,SSI iBoard
2020-08-31,9.990000,10.090000,9.830000,9.850000,1793790,SSI iBoard
2020-09-01,9.850000,10.040000,9.760000,10.040000,2171350,SSI iBoard
2020-09-03,10.060000,10.220000,10.040000,10.180000,3326470,SSI iBoard
2020-09-04,10.040000,10.130000,10.040000,10.110000,2276910,SSI iBoard
2020-09-07,10.110000,10.160000,9.810000,9.810000,2350940,SSI iBoard
2020-09-08,9.880000,9.950000,9.740000,9.950000,1935300,SSI iBoard
2020-09-09,9.760000,9.950000,9.690000,9.810000,2762390,SSI iBoard
2020-09-10,9.850000,9.990000,9.850000,9.920000,1524900,SSI iBoard
2020-09-11,9.830000,9.920000,9.760000,9.850000,1236940,SSI iBoard
2020-09-14,9.850000,9.970000,9.850000,9.950000,1578270,SSI iBoard
2020-09-15,9.950000,9.970000,9.880000,9.880000,1835310,SSI iBoard
2020-09-16,9.880000,9.920000,9.830000,9.900000,1258880,SSI iBoard
2020-09-17,9.900000,9.990000,9.830000,9.850000,3654030,SSI iBoard
2020-09-18,9.900000,10.090000,9.880000,10.090000,5334940,SSI iBoard
2020-09-21,10.180000,10.320000,10.180000,10.320000,5874890,SSI iBoard
2020-09-22,10.270000,10.390000,10.200000,10.340000,3669840,SSI iBoard
2020-09-23,10.340000,10.410000,10.290000,10.320000,2941250,SSI iBoard
2020-09-24,10.290000,10.390000,10.220000,10.390000,3988170,SSI iBoard
2020-09-25,10.390000,10.410000,10.290000,10.360000,3497970,SSI iBoard
2020-09-28,10.340000,10.640000,10.290000,10.570000,2811640,SSI iBoard
2020-09-29,10.590000,10.640000,10.430000,10.430000,2973020,SSI iBoard
2020-09-30,10.430000,10.460000,10.320000,10.460000,2357980,SSI iBoard
2020-10-01,10.480000,10.590000,10.460000,10.550000,3497290,SSI iBoard
2020-10-02,10.590000,10.640000,10.340000,10.430000,4381810,SSI iBoard
2020-10-05,10.430000,10.530000,10.290000,10.430000,5363760,SSI iBoard
2020-10-06,10.500000,10.530000,10.270000,10.360000,6850730,SSI iBoard
2020-10-07,10.320000,10.340000,10.090000,10.090000,12159210,SSI iBoard
2020-10-08,10.130000,10.180000,9.880000,9.880000,14366760,SSI iBoard
2020-10-09,9.950000,10.160000,9.850000,9.880000,13523760,SSI iBoard
2020-10-12,10.040000,10.110000,9.810000,9.810000,14203730,SSI iBoard
2020-10-13,9.830000,10.020000,9.810000,9.880000,14215200,SSI iBoard
2020-10-14,9.990000,10.570000,9.990000,10.570000,48630920,SSI iBoard
2020-10-15,10.850000,11.010000,10.550000,10.570000,25323170,SSI iBoard
2020-10-16,10.590000,10.780000,10.460000,10.480000,27075400,SSI iBoard
2020-10-19,10.620000,10.800000,10.570000,10.640000,28506770,SSI iBoard
2020-10-20,10.640000,11.170000,10.640000,11.060000,34662420,SSI iBoard
2020-10-21,11.200000,11.290000,10.970000,10.990000,20951070,SSI iBoard
2020-10-22,10.970000,11.100000,10.870000,11.060000,24408740,SSI iBoard
2020-10-23,11.150000,11.200000,11.030000,11.100000,28288440,SSI iBoard
2020-10-26,11.290000,11.540000,10.800000,10.800000,24707670,SSI iBoard
2020-10-27,11.010000,11.080000,10.780000,10.780000,30805330,SSI iBoard
2020-10-28,10.780000,10.850000,10.360000,10.360000,32092220,SSI iBoard
2020-10-29,10.220000,10.500000,10.090000,10.090000,36149460,SSI iBoard
2020-10-30,10.220000,10.290000,9.880000,9.880000,28887760,SSI iBoard
2020-11-02,9.990000,10.110000,9.900000,9.900000,22943680,SSI iBoard
2020-11-03,10.090000,10.390000,10.020000,10.180000,27962010,SSI iBoard
2020-11-04,10.340000,10.460000,10.250000,10.250000,21927670,SSI iBoard
2020-11-05,10.250000,10.340000,10.090000,10.090000,19766660,SSI iBoard
2020-11-06,10.130000,10.180000,9.950000,9.990000,15368880,SSI iBoard
2020-11-09,10.110000,10.270000,10.090000,10.200000,17624180,SSI iBoard
2020-11-10,10.410000,10.430000,10.200000,10.220000,21221910,SSI iBoard
2020-11-11,10.270000,10.360000,10.180000,10.200000,14433190,SSI iBoard
2020-11-12,10.220000,10.320000,10.180000,10.320000,10771120,SSI iBoard
2020-11-13,10.360000,10.710000,10.360000,10.640000,22376970,SSI iBoard
2020-11-16,10.830000,10.830000,10.550000,10.590000,25236270,SSI iBoard
2020-11-17,10.640000,10.800000,10.570000,10.800000,17457030,SSI iBoard
2020-11-18,10.780000,10.920000,10.690000,10.800000,22760740,SSI iBoard
2020-11-19,10.800000,10.920000,10.730000,10.830000,16935520,SSI iBoard
2020-11-20,10.870000,10.870000,10.780000,10.830000,13546080,SSI iBoard
2020-11-23,10.830000,10.940000,10.690000,10.920000,17857230,SSI iBoard
2020-11-24,10.970000,11.100000,10.830000,10.940000,22530770,SSI iBoard
2020-11-25,11.080000,11.080000,10.900000,10.920000,13655890,SSI iBoard
2020-11-26,10.940000,10.970000,10.830000,10.920000,13091570,SSI iBoard
2020-11-27,10.920000,11.060000,10.900000,10.970000,12261190,SSI iBoard
2020-11-30,11.080000,11.290000,10.970000,11.150000,24645230,SSI iBoard
2020-12-01,11.010000,11.340000,10.940000,11.340000,22797760,SSI iBoard
2020-12-02,11.380000,11.710000,11.380000,11.610000,27463650,SSI iBoard
2020-12-03,11.610000,11.800000,11.570000,11.570000,17490250,SSI iBoard
2020-12-04,11.500000,11.570000,11.450000,11.470000,16507860,SSI iBoard
2020-12-07,11.470000,11.660000,11.470000,11.590000,13044510,SSI iBoard
2020-12-08,11.660000,11.660000,11.520000,11.570000,14341140,SSI iBoard
2020-12-09,11.610000,11.980000,11.590000,11.910000,19001670,SSI iBoard
2020-12-10,12.030000,12.030000,11.710000,11.710000,18133060,SSI iBoard
2020-12-11,11.710000,11.870000,11.590000,11.870000,14116670,SSI iBoard
2020-12-14,11.980000,12.170000,11.890000,12.120000,15694300,SSI iBoard
2020-12-15,12.080000,12.190000,12.010000,12.100000,13700860,SSI iBoard
2020-12-16,12.240000,12.930000,12.210000,12.930000,29092450,SSI iBoard
2020-12-17,12.950000,13.580000,12.930000,13.120000,29802380,SSI iBoard
2020-12-18,13.190000,13.530000,13.190000,13.510000,15252570,SSI iBoard
2020-12-21,13.650000,13.830000,13.460000,13.600000,22777010,SSI iBoard
2020-12-22,13.490000,13.650000,13.440000,13.510000,17109090,SSI iBoard
2020-12-23,13.510000,13.530000,13.190000,13.280000,19453550,SSI iBoard
2020-12-24,13.370000,13.370000,12.450000,12.930000,26106600,SSI iBoard
2020-12-25,12.930000,13.690000,12.820000,13.670000,17113750,SSI iBoard
2020-12-28,13.830000,14.020000,13.650000,13.740000,14471300,SSI iBoard
2020-12-29,13.720000,13.830000,13.650000,13.760000,12909770,SSI iBoard
2020-12-30,13.790000,14.130000,13.740000,13.830000,16579440,SSI iBoard
2020-12-31,13.860000,14.690000,13.830000,14.570000,16486510,SSI iBoard
2021-01-04,14.810000,15.450000,14.760000,15.270000,18607800,SSI iBoard
2021-01-05,15.150000,15.430000,15.060000,15.290000,14280100,SSI iBoard
2021-01-06,15.360000,15.780000,15.240000,15.360000,20222300,SSI iBoard
2021-01-07,15.610000,16.010000,15.450000,16.010000,16387200,SSI iBoard
2021-01-08,16.190000,16.770000,16.150000,16.520000,16947900,SSI iBoard
2021-01-11,16.540000,16.770000,16.290000,16.310000,13980300,SSI iBoard
2021-01-12,16.190000,16.420000,15.960000,16.240000,16418200,SSI iBoard
2021-01-13,16.400000,16.660000,16.240000,16.260000,11399600,SSI iBoard
2021-01-14,16.350000,16.560000,16.120000,16.540000,11995200,SSI iBoard
2021-01-15,16.790000,17.370000,16.770000,17.050000,17357400,SSI iBoard
2021-01-18,17.210000,17.210000,16.610000,16.750000,13377400,SSI iBoard
2021-01-19,16.610000,16.840000,15.590000,15.680000,22796500,SSI iBoard
2021-01-20,15.820000,16.080000,14.810000,15.960000,25772300,SSI iBoard
2021-01-21,16.310000,16.750000,15.960000,16.750000,14253300,SSI iBoard
2021-01-22,16.860000,17.070000,16.560000,16.790000,12347400,SSI iBoard
2021-01-25,16.540000,16.820000,16.470000,16.560000,15639600,SSI iBoard
2021-01-26,16.420000,16.560000,15.500000,16.190000,18111400,SSI iBoard
2021-01-27,15.850000,16.310000,15.110000,15.500000,18775400,SSI iBoard
2021-01-28,14.570000,15.270000,14.430000,14.430000,27121100,SSI iBoard
2021-01-29,13.690000,15.430000,13.690000,14.810000,27420900,SSI iBoard
2021-02-01,14.810000,15.500000,14.600000,14.900000,15146700,SSI iBoard
2021-02-02,14.900000,15.780000,14.780000,15.730000,13498900,SSI iBoard
2021-02-03,15.960000,16.420000,15.730000,16.190000,18238700,SSI iBoard
2021-02-04,16.190000,16.470000,16.010000,16.190000,14141400,SSI iBoard
2021-02-05,16.330000,16.790000,16.240000,16.790000,14358200,SSI iBoard
2021-02-08,16.790000,16.890000,15.730000,16.190000,21272800,SSI iBoard
2021-02-09,16.290000,16.840000,16.050000,16.660000,16738000,SSI iBoard
2021-02-17,17.070000,17.770000,16.890000,17.770000,21134000,SSI iBoard
2021-02-18,17.810000,18.140000,17.580000,18.000000,15791300,SSI iBoard
2021-02-19,17.670000,18.090000,17.670000,17.900000,12801300,SSI iBoard
2021-02-22,17.880000,17.970000,17.580000,17.860000,14466800,SSI iBoard
2021-02-23,17.950000,18.670000,17.950000,18.410000,26384200,SSI iBoard
2021-02-24,18.600000,18.600000,18.000000,18.090000,14395400,SSI iBoard
2021-02-25,18.280000,18.280000,17.810000,18.090000,16440500,SSI iBoard
2021-02-26,17.720000,18.210000,17.720000,18.160000,15265000,SSI iBoard
2021-03-01,18.370000,18.620000,18.180000,18.600000,12622200,SSI iBoard
2021-03-02,18.830000,18.850000,18.510000,18.650000,8576800,SSI iBoard
2021-03-03,18.670000,18.740000,18.510000,18.670000,8441900,SSI iBoard
2021-03-04,18.690000,18.740000,17.860000,18.070000,16228300,SSI iBoard
2021-03-05,18.000000,18.210000,17.720000,18.140000,11169600,SSI iBoard
2021-03-08,18.280000,18.370000,17.810000,17.970000,10807100,SSI iBoard
2021-03-09,17.860000,18.180000,17.670000,18.020000,10594100,SSI iBoard
2021-03-10,18.040000,18.230000,17.810000,18.180000,9050000,SSI iBoard
2021-03-11,18.370000,18.740000,18.250000,18.580000,15369300,SSI iBoard
2021-03-12,18.690000,18.740000,18.390000,18.530000,8046800,SSI iBoard
2021-03-15,18.600000,18.740000,18.460000,18.550000,8638500,SSI iBoard
2021-03-16,18.550000,18.600000,18.180000,18.440000,11577300,SSI iBoard
2021-03-17,18.510000,18.690000,18.370000,18.650000,9542800,SSI iBoard
2021-03-18,19.060000,19.410000,18.830000,19.410000,16410100,SSI iBoard
2021-03-19,19.200000,19.500000,19.200000,19.430000,7413700,SSI iBoard
2021-03-22,19.430000,19.430000,19.040000,19.110000,10554500,SSI iBoard
2021-03-23,19.020000,19.150000,18.690000,18.710000,12997700,SSI iBoard
2021-03-24,18.410000,18.710000,18.180000,18.180000,13792100,SSI iBoard
2021-03-25,18.230000,18.410000,18.140000,18.210000,10420800,SSI iBoard
2021-03-26,18.110000,18.340000,17.770000,18.230000,10188400,SSI iBoard
2021-03-29,18.370000,18.390000,18.110000,18.300000,8380600,SSI iBoard
2021-03-30,18.370000,18.690000,18.250000,18.530000,10768300,SSI iBoard
2021-03-31,18.600000,18.950000,18.530000,18.690000,10304100,SSI iBoard
2021-04-01,18.740000,18.970000,18.620000,18.970000,11065800,SSI iBoard
2021-04-02,19.250000,19.340000,19.060000,19.080000,8261300,SSI iBoard
2021-04-05,19.290000,19.340000,19.040000,19.200000,11025600,SSI iBoard
2021-04-06,19.180000,19.660000,19.020000,19.520000,14957000,SSI iBoard
2021-04-07,19.430000,19.690000,19.340000,19.520000,7728400,SSI iBoard
2021-04-08,19.620000,19.640000,19.290000,19.410000,7518800,SSI iBoard
2021-04-09,19.290000,19.430000,19.200000,19.250000,8022500,SSI iBoard
2021-04-12,19.430000,19.570000,19.250000,19.500000,14990200,SSI iBoard
2021-04-13,19.660000,19.660000,19.200000,19.250000,15104100,SSI iBoard
2021-04-14,19.020000,19.410000,18.920000,19.340000,9753300,SSI iBoard
2021-04-15,19.410000,19.410000,18.920000,18.920000,14745100,SSI iBoard
2021-04-16,19.410000,19.060000,18.320000,18.710000,15488700,SSI iBoard
2021-04-19,18.880000,19.290000,18.510000,19.250000,11234400,SSI iBoard
2021-04-20,19.220000,19.390000,18.880000,19.040000,11225000,SSI iBoard
2021-04-22,18.830000,19.020000,18.370000,18.370000,8352800,SSI iBoard
2021-04-23,18.390000,18.760000,18.090000,18.740000,10600700,SSI iBoard
2021-04-26,18.740000,18.880000,18.250000,18.250000,12155400,SSI iBoard
2021-04-27,18.250000,18.550000,18.210000,18.280000,7370000,SSI iBoard
2021-04-28,18.280000,18.690000,18.280000,18.480000,6065200,SSI iBoard
2021-04-29,18.530000,19.320000,18.480000,18.970000,17966700,SSI iBoard
2021-05-04,18.650000,20.080000,18.550000,20.080000,31749800,SSI iBoard
2021-05-05,20.540000,21.470000,20.520000,21.260000,28214800,SSI iBoard
2021-05-06,20.870000,21.950000,20.840000,21.790000,26766000,SSI iBoard
2021-05-07,21.650000,22.120000,21.470000,21.770000,22027500,SSI iBoard
2021-05-10,21.650000,22.390000,21.610000,22.250000,19611400,SSI iBoard
2021-05-11,22.250000,22.320000,21.740000,21.740000,16021800,SSI iBoard
2021-05-12,21.610000,22.790000,21.610000,22.790000,23553400,SSI iBoard
2021-05-13,22.650000,23.060000,22.210000,22.210000,18045200,SSI iBoard
2021-05-14,22.620000,22.650000,22.280000,22.510000,13905300,SSI iBoard
2021-05-17,22.550000,22.720000,22.020000,22.140000,17123600,SSI iBoard
2021-05-18,22.070000,22.620000,22.000000,22.370000,16910000,SSI iBoard
2021-05-19,22.390000,23.230000,22.390000,23.180000,17467900,SSI iBoard
2021-05-20,23.460000,23.500000,23.090000,23.230000,13171300,SSI iBoard
2021-05-21,23.130000,23.920000,23.060000,23.500000,18850300,SSI iBoard
2021-05-24,23.460000,23.690000,23.320000,23.550000,14666700,SSI iBoard
2021-05-25,23.690000,24.100000,23.690000,23.870000,10560300,SSI iBoard
2021-05-26,23.870000,24.520000,23.690000,24.430000,16505900,SSI iBoard
2021-05-27,24.610000,24.750000,23.500000,23.780000,15941600,SSI iBoard
2021-05-28,23.920000,24.660000,23.690000,24.520000,20002700,SSI iBoard
2021-05-31,24.610000,24.840000,24.150000,24.840000,17054600,SSI iBoard
2021-06-01,25.030000,25.120000,24.520000,24.570000,12358200,SSI iBoard
2021-06-02,24.470000,24.660000,23.970000,24.430000,24560900,SSI iBoard
2021-06-03,24.660000,25.490000,24.430000,25.350000,23735700,SSI iBoard
2021-06-04,25.350000,25.540000,24.980000,25.260000,13371600,SSI iBoard
2021-06-07,24.520000,25.170000,23.600000,24.240000,20392100,SSI iBoard
2021-06-08,24.200000,24.470000,22.670000,22.900000,25295000,SSI iBoard
2021-06-09,22.990000,23.640000,22.670000,23.500000,22397000,SSI iBoard
2021-06-10,23.500000,23.690000,23.130000,23.180000,10935100,SSI iBoard
2021-06-11,23.360000,24.610000,23.180000,24.340000,29600800,SSI iBoard
2021-06-14,24.380000,24.660000,24.060000,24.380000,16827800,SSI iBoard
2021-06-15,24.340000,24.610000,24.060000,24.200000,19611800,SSI iBoard
2021-06-16,23.830000,24.150000,23.360000,23.460000,20575900,SSI iBoard
2021-06-17,22.900000,23.500000,22.900000,23.230000,18677800,SSI iBoard
2021-06-18,23.600000,23.780000,23.410000,23.600000,9956600,SSI iBoard
2021-06-21,23.360000,23.600000,23.130000,23.320000,14920700,SSI iBoard
2021-06-22,23.500000,23.730000,23.270000,23.550000,17224200,SSI iBoard
2021-06-23,23.550000,24.100000,23.410000,23.640000,13102300,SSI iBoard
2021-06-24,23.730000,23.920000,23.410000,23.550000,10692100,SSI iBoard
2021-06-25,23.600000,23.870000,23.320000,23.870000,10947700,SSI iBoard
2021-06-28,24.290000,24.980000,24.150000,24.800000,25721100,SSI iBoard
2021-06-29,24.800000,24.890000,24.430000,24.750000,16059200,SSI iBoard
2021-06-30,24.710000,24.890000,24.340000,24.380000,11461700,SSI iBoard
2021-07-01,24.470000,24.750000,24.100000,24.660000,19326700,SSI iBoard
2021-07-02,25.080000,25.400000,24.800000,25.120000,29377200,SSI iBoard
2021-07-05,25.350000,26.880000,24.890000,26.830000,47547200,SSI iBoard
2021-07-06,26.740000,27.110000,24.980000,24.980000,23008200,SSI iBoard
2021-07-07,25.450000,26.190000,24.800000,26.190000,37766000,SSI iBoard
2021-07-08,25.820000,26.560000,25.720000,26.190000,27362400,SSI iBoard
2021-07-09,25.960000,27.070000,25.720000,26.190000,38234300,SSI iBoard
2021-07-12,25.680000,26.140000,24.380000,24.750000,58235500,SSI iBoard
2021-07-13,25.030000,25.120000,24.430000,24.940000,20072400,SSI iBoard
2021-07-14,24.840000,24.890000,23.410000,23.600000,33443400,SSI iBoard
2021-07-15,23.600000,24.610000,23.500000,24.100000,20322400,SSI iBoard
2021-07-16,24.340000,24.470000,23.870000,23.870000,13987500,SSI iBoard
2021-07-19,23.130000,23.550000,22.210000,22.210000,39327900,SSI iBoard
2021-07-20,22.350000,22.950000,21.740000,22.900000,23861200,SSI iBoard
2021-07-21,23.410000,23.780000,22.950000,23.270000,18598700,SSI iBoard
2021-07-22,23.180000,23.830000,23.040000,23.640000,13886900,SSI iBoard
2021-07-23,23.410000,23.640000,22.900000,22.900000,20067800,SSI iBoard
2021-07-26,22.670000,22.970000,22.530000,22.670000,14424400,SSI iBoard
2021-07-27,23.130000,23.270000,22.920000,23.020000,13266100,SSI iBoard
2021-07-28,23.020000,23.270000,22.900000,22.990000,7468600,SSI iBoard
2021-07-29,23.180000,23.500000,23.130000,23.410000,12542100,SSI iBoard
2021-07-30,23.460000,23.870000,23.360000,23.640000,16932500,SSI iBoard
2021-08-02,23.600000,23.780000,23.410000,23.500000,14030000,SSI iBoard
2021-08-03,23.500000,24.060000,23.500000,23.970000,22927700,SSI iBoard
2021-08-04,24.290000,24.340000,23.970000,24.060000,19177300,SSI iBoard
2021-08-05,24.010000,24.380000,23.920000,24.290000,12021200,SSI iBoard
2021-08-06,24.290000,24.610000,23.970000,23.970000,16084300,SSI iBoard
2021-08-09,23.830000,24.380000,23.730000,24.290000,15208100,SSI iBoard
2021-08-10,24.520000,24.520000,24.010000,24.200000,12265300,SSI iBoard
2021-08-11,24.200000,24.750000,24.010000,24.200000,20471000,SSI iBoard
2021-08-12,24.240000,24.520000,24.060000,24.060000,11779000,SSI iBoard
2021-08-13,24.060000,24.150000,23.640000,24.150000,15402000,SSI iBoard
2021-08-16,24.200000,25.170000,24.100000,24.980000,30299500,SSI iBoard
2021-08-17,25.120000,25.310000,24.430000,24.660000,16002700,SSI iBoard
2021-08-18,24.520000,24.750000,24.290000,24.430000,12905800,SSI iBoard
2021-08-19,24.290000,24.660000,24.100000,24.520000,18765300,SSI iBoard
2021-08-20,24.430000,24.520000,23.040000,23.360000,31461200,SSI iBoard
2021-08-23,23.270000,23.500000,22.550000,22.550000,26003500,SSI iBoard
2021-08-24,22.550000,22.760000,22.390000,22.670000,16213400,SSI iBoard
2021-08-25,22.620000,22.760000,22.440000,22.740000,9431100,SSI iBoard
2021-08-26,22.810000,22.830000,22.300000,22.350000,10111900,SSI iBoard
2021-08-27,22.120000,22.280000,21.740000,22.230000,19689500,SSI iBoard
2021-08-30,22.490000,22.860000,22.250000,22.760000,12298900,SSI iBoard
2021-08-31,22.900000,22.900000,21.740000,22.440000,7773900,SSI iBoard
2021-09-01,22.300000,22.650000,22.300000,22.350000,8530000,SSI iBoard
2021-09-06,22.510000,22.650000,22.160000,22.650000,12880500,SSI iBoard
2021-09-07,22.690000,23.320000,22.690000,22.970000,11611100,SSI iBoard
2021-09-08,22.950000,22.970000,22.490000,22.580000,7150900,SSI iBoard
2021-09-09,22.440000,22.900000,22.440000,22.810000,7854400,SSI iBoard
2021-09-10,23.040000,23.040000,22.670000,22.810000,7222000,SSI iBoard
2021-09-13,22.740000,22.880000,22.620000,22.650000,6802200,SSI iBoard
2021-09-14,22.650000,22.720000,22.440000,22.440000,6142500,SSI iBoard
2021-09-15,22.300000,22.580000,22.250000,22.390000,5037600,SSI iBoard
2021-09-16,22.620000,22.740000,22.490000,22.720000,5523500,SSI iBoard
2021-09-17,22.760000,23.090000,22.760000,23.020000,8274500,SSI iBoard
2021-09-20,23.360000,23.870000,23.180000,23.460000,13074700,SSI iBoard
2021-09-21,23.180000,23.550000,23.020000,23.320000,10058100,SSI iBoard
2021-09-22,23.550000,23.550000,23.090000,23.360000,4960100,SSI iBoard
2021-09-23,23.410000,23.730000,23.130000,23.230000,8627900,SSI iBoard
2021-09-24,23.460000,23.830000,23.270000,23.410000,7364700,SSI iBoard
2021-09-27,23.460000,23.640000,22.900000,22.900000,6850300,SSI iBoard
2021-09-28,22.810000,23.060000,22.580000,23.040000,5568700,SSI iBoard
2021-09-29,22.760000,23.020000,22.620000,22.860000,5676700,SSI iBoard
2021-09-30,22.990000,23.320000,22.950000,22.950000,5275100,SSI iBoard
2021-10-01,22.950000,23.040000,22.620000,22.670000,6502800,SSI iBoard
2021-10-04,22.580000,22.650000,22.350000,22.370000,9510600,SSI iBoard
2021-10-05,22.490000,22.760000,22.490000,22.720000,5889900,SSI iBoard
2021-10-06,22.880000,23.360000,22.760000,23.270000,8579800,SSI iBoard
2021-10-07,23.410000,23.500000,23.130000,23.130000,5414900,SSI iBoard
2021-10-08,23.180000,23.550000,23.130000,23.460000,7634900,SSI iBoard
2021-10-11,23.600000,24.520000,23.600000,24.520000,23096400,SSI iBoard
2021-10-12,24.710000,24.710000,24.340000,24.520000,14216500,SSI iBoard
2021-10-13,24.520000,24.610000,24.200000,24.240000,14188100,SSI iBoard
2021-10-14,24.290000,24.520000,24.150000,24.290000,19788700,SSI iBoard
2021-10-15,24.470000,24.470000,24.200000,24.340000,11950400,SSI iBoard
2021-10-18,24.610000,24.800000,24.380000,24.470000,15018000,SSI iBoard
2021-10-19,24.470000,24.520000,24.060000,24.380000,14167300,SSI iBoard
2021-10-20,24.430000,24.940000,24.290000,24.610000,22695300,SSI iBoard
2021-10-21,24.980000,24.980000,24.470000,24.470000,15317400,SSI iBoard
2021-10-22,24.470000,24.520000,24.150000,24.200000,11640600,SSI iBoard
2021-10-25,24.100000,24.100000,23.500000,23.550000,28527000,SSI iBoard
2021-10-26,23.320000,23.600000,23.110000,23.600000,20157800,SSI iBoard
2021-10-27,23.690000,23.970000,23.550000,23.830000,16750100,SSI iBoard
2021-10-28,24.060000,24.100000,23.830000,23.970000,13859600,SSI iBoard
2021-10-29,24.010000,24.060000,23.730000,23.870000,12744400,SSI iBoard
2021-11-01,23.920000,24.290000,23.830000,23.870000,25398000,SSI iBoard
2021-11-02,23.970000,23.970000,23.830000,23.870000,15468300,SSI iBoard
2021-11-03,24.200000,25.080000,24.060000,24.840000,39738000,SSI iBoard
2021-11-04,24.840000,25.080000,24.430000,24.660000,18683600,SSI iBoard
2021-11-05,24.750000,24.750000,24.380000,24.520000,13453700,SSI iBoard
2021-11-08,24.430000,24.660000,24.200000,24.340000,21189500,SSI iBoard
2021-11-09,24.520000,24.660000,24.200000,24.200000,21533900,SSI iBoard
2021-11-10,24.340000,24.380000,23.870000,23.920000,19484600,SSI iBoard
2021-11-11,23.920000,24.240000,23.460000,23.830000,21838500,SSI iBoard
2021-11-12,23.780000,24.380000,23.640000,24.290000,12719800,SSI iBoard
2021-11-15,24.430000,24.520000,24.010000,24.060000,11079700,SSI iBoard
2021-11-16,24.060000,24.470000,23.870000,24.060000,12519700,SSI iBoard
2021-11-17,24.060000,24.240000,23.920000,24.150000,12113200,SSI iBoard
2021-11-18,24.060000,24.150000,23.780000,23.830000,12833900,SSI iBoard
2021-11-19,23.970000,24.710000,23.690000,24.200000,29907300,SSI iBoard
2021-11-22,24.200000,25.350000,24.200000,24.570000,23613400,SSI iBoard
2021-11-23,24.710000,24.750000,24.240000,24.340000,10596400,SSI iBoard
2021-11-24,24.340000,25.770000,24.200000,25.680000,52375300,SSI iBoard
2021-11-25,25.910000,25.910000,25.310000,25.400000,17981000,SSI iBoard
2021-11-26,25.490000,25.680000,24.940000,24.980000,21915600,SSI iBoard
2021-11-29,24.520000,24.710000,24.100000,24.200000,28236300,SSI iBoard
2021-11-30,24.570000,24.570000,23.830000,23.970000,24494700,SSI iBoard
2021-12-01,23.870000,24.240000,23.830000,24.240000,11339500,SSI iBoard
2021-12-02,24.240000,24.340000,23.920000,23.920000,8970600,SSI iBoard
2021-12-03,24.060000,24.150000,23.230000,23.230000,15571600,SSI iBoard
2021-12-06,23.270000,23.600000,22.510000,22.670000,22907100,SSI iBoard
2021-12-07,22.950000,23.270000,22.830000,23.130000,8982100,SSI iBoard
2021-12-08,23.230000,23.500000,23.090000,23.130000,7649900,SSI iBoard
2021-12-09,23.130000,23.320000,23.060000,23.320000,5203500,SSI iBoard
2021-12-10,23.360000,23.550000,23.180000,23.230000,7507300,SSI iBoard
2021-12-13,23.270000,23.320000,23.110000,23.130000,7440600,SSI iBoard
2021-12-14,23.130000,23.500000,23.060000,23.180000,7138200,SSI iBoard
2021-12-15,23.270000,23.500000,23.110000,23.230000,6818200,SSI iBoard
2021-12-16,23.360000,23.360000,23.060000,23.060000,6325600,SSI iBoard
2021-12-17,23.130000,23.180000,23.040000,23.060000,7903900,SSI iBoard
2021-12-20,23.060000,23.130000,22.830000,22.900000,7689900,SSI iBoard
2021-12-21,22.900000,22.990000,22.760000,22.790000,7255100,SSI iBoard
2021-12-22,22.810000,22.900000,22.350000,22.620000,12625100,SSI iBoard
2021-12-23,22.600000,22.600000,21.880000,21.910000,13503100,SSI iBoard
2021-12-24,21.950000,22.740000,21.950000,22.620000,6139300,SSI iBoard
2021-12-27,22.860000,22.860000,22.440000,22.600000,4727500,SSI iBoard
2021-12-28,22.790000,22.830000,22.530000,22.740000,7473500,SSI iBoard
2021-12-29,22.740000,22.970000,22.670000,22.720000,6141700,SSI iBoard
2021-12-30,22.760000,23.020000,22.670000,22.810000,5321600,SSI iBoard
2021-12-31,22.900000,23.360000,22.880000,23.130000,9547100,SSI iBoard
2022-01-04,23.360000,23.690000,23.270000,23.550000,11334600,SSI iBoard
2022-01-05,23.550000,23.690000,23.270000,23.360000,9569600,SSI iBoard
2022-01-06,23.230000,23.320000,22.950000,23.090000,10716700,SSI iBoard
2022-01-07,23.090000,23.180000,22.860000,22.880000,7832200,SSI iBoard
2022-01-10,22.900000,22.950000,22.510000,22.510000,8771400,SSI iBoard
2022-01-11,22.620000,22.720000,22.390000,22.420000,7296500,SSI iBoard
2022-01-12,22.420000,23.320000,22.390000,23.320000,12044200,SSI iBoard
2022-01-13,23.550000,23.970000,23.230000,23.360000,14417100,SSI iBoard
2022-01-14,23.130000,23.320000,22.900000,23.020000,5187100,SSI iBoard
2022-01-17,22.990000,23.360000,22.490000,22.490000,10990600,SSI iBoard
2022-01-18,22.490000,22.880000,22.440000,22.550000,7885200,SSI iBoard
2022-01-19,22.670000,22.860000,22.580000,22.600000,4221900,SSI iBoard
2022-01-20,22.510000,22.860000,22.490000,22.600000,6430300,SSI iBoard
2022-01-21,22.670000,23.500000,22.620000,23.040000,10321600,SSI iBoard
2022-01-24,23.110000,23.780000,23.040000,23.270000,16269200,SSI iBoard
2022-01-25,23.690000,24.100000,23.600000,24.010000,14466300,SSI iBoard
2022-01-26,24.240000,24.660000,24.060000,24.240000,15042300,SSI iBoard
2022-01-27,24.060000,24.380000,23.830000,24.010000,8044000,SSI iBoard
2022-01-28,24.010000,24.520000,23.870000,24.430000,10292900,SSI iBoard
2022-02-07,24.840000,24.890000,24.430000,24.430000,9809900,SSI iBoard
2022-02-08,24.430000,25.120000,24.430000,24.890000,16481000,SSI iBoard
2022-02-09,24.980000,25.400000,24.800000,24.800000,17391000,SSI iBoard
2022-02-10,24.800000,25.080000,24.570000,24.800000,11224900,SSI iBoard
2022-02-11,24.750000,24.890000,24.520000,24.840000,7847800,SSI iBoard
2022-02-14,24.610000,24.610000,23.830000,23.830000,18771500,SSI iBoard
2022-02-15,23.870000,24.100000,23.730000,23.970000,8584300,SSI iBoard
2022-02-16,24.150000,24.150000,23.830000,23.870000,6174400,SSI iBoard
2022-02-17,23.870000,24.290000,23.870000,24.150000,7301000,SSI iBoard
2022-02-18,23.920000,24.060000,23.830000,23.870000,6543700,SSI iBoard
2022-02-21,23.870000,23.920000,23.500000,23.830000,8654200,SSI iBoard
2022-02-22,23.600000,23.920000,23.410000,23.780000,10561000,SSI iBoard
2022-02-23,23.920000,24.150000,23.780000,23.920000,6188300,SSI iBoard
2022-02-24,23.830000,24.010000,23.040000,23.360000,15534300,SSI iBoard
2022-02-25,23.600000,23.730000,23.360000,23.460000,6665900,SSI iBoard
2022-02-28,23.360000,23.550000,23.230000,23.320000,7106100,SSI iBoard
2022-03-01,23.460000,23.460000,23.180000,23.270000,6945900,SSI iBoard
2022-03-02,23.180000,23.180000,22.760000,22.760000,17893700,SSI iBoard
2022-03-03,22.900000,23.090000,22.740000,22.970000,7391900,SSI iBoard
2022-03-04,23.020000,23.320000,22.900000,23.110000,7022700,SSI iBoard
2022-03-07,22.900000,22.950000,22.720000,22.790000,8122400,SSI iBoard
2022-03-08,22.670000,22.900000,22.580000,22.670000,8766400,SSI iBoard
2022-03-09,22.670000,22.830000,22.620000,22.720000,6957800,SSI iBoard
2022-03-10,23.040000,23.040000,22.790000,22.790000,4387100,SSI iBoard
2022-03-11,22.760000,22.760000,22.530000,22.620000,6422600,SSI iBoard
2022-03-14,22.580000,22.620000,22.350000,22.440000,5161200,SSI iBoard
2022-03-15,22.490000,22.670000,22.440000,22.490000,3829700,SSI iBoard
2022-03-16,22.580000,22.880000,22.580000,22.690000,4542000,SSI iBoard
2022-03-17,22.880000,22.900000,22.670000,22.670000,3249200,SSI iBoard
2022-03-18,22.740000,22.860000,22.720000,22.760000,2909700,SSI iBoard
2022-03-21,22.790000,22.920000,22.720000,22.880000,3921900,SSI iBoard
2022-03-22,22.920000,23.270000,22.900000,23.090000,5953800,SSI iBoard
2022-03-23,23.090000,23.230000,22.950000,22.950000,3409900,SSI iBoard
2022-03-24,22.950000,23.040000,22.810000,22.810000,3214000,SSI iBoard
2022-03-25,22.860000,22.880000,22.740000,22.790000,3175400,SSI iBoard
2022-03-28,22.740000,22.740000,22.370000,22.580000,6597500,SSI iBoard
2022-03-29,22.620000,22.740000,22.510000,22.620000,4272400,SSI iBoard
2022-03-30,22.620000,23.090000,22.620000,22.740000,5598900,SSI iBoard
2022-03-31,22.900000,22.990000,22.810000,22.920000,5248700,SSI iBoard
2022-04-01,22.920000,23.320000,22.860000,23.270000,9575500,SSI iBoard
2022-04-04,23.320000,23.410000,22.970000,22.970000,9775600,SSI iBoard
2022-04-05,22.860000,22.900000,22.690000,22.690000,5803000,SSI iBoard
2022-04-06,22.620000,23.090000,22.530000,23.090000,9012200,SSI iBoard
2022-04-07,23.090000,23.270000,22.810000,22.810000,5971000,SSI iBoard
2022-04-08,22.860000,22.860000,22.580000,22.600000,7030100,SSI iBoard
2022-04-12,22.530000,22.620000,22.160000,22.210000,8278800,SSI iBoard
2022-04-13,22.390000,22.420000,22.160000,22.210000,6722300,SSI iBoard
2022-04-14,22.230000,22.370000,21.810000,21.880000,8324100,SSI iBoard
2022-04-15,21.880000,21.880000,21.100000,21.100000,18618800,SSI iBoard
2022-04-18,21.280000,21.400000,20.730000,20.750000,11505300,SSI iBoard
2022-04-19,20.820000,21.030000,20.130000,20.220000,7232900,SSI iBoard
2022-04-20,20.220000,20.450000,19.920000,19.920000,7909800,SSI iBoard
2022-04-21,19.890000,20.360000,19.850000,20.170000,10019500,SSI iBoard
2022-04-22,20.360000,20.700000,20.150000,20.400000,6684800,SSI iBoard
2022-04-25,20.450000,20.500000,18.990000,18.990000,12317000,SSI iBoard
2022-04-26,18.780000,19.430000,17.970000,19.200000,11120700,SSI iBoard
2022-04-27,19.200000,19.520000,18.920000,19.250000,6154800,SSI iBoard
2022-04-28,19.270000,19.800000,19.270000,19.570000,4729300,SSI iBoard
2022-04-29,19.570000,20.360000,19.520000,20.360000,9795500,SSI iBoard
2022-05-04,20.130000,20.200000,19.430000,19.430000,6384600,SSI iBoard
2022-05-05,19.820000,19.820000,19.150000,19.710000,4804200,SSI iBoard
2022-05-06,19.290000,19.570000,19.200000,19.200000,4889500,SSI iBoard
2022-05-09,19.060000,19.150000,17.860000,17.860000,12361700,SSI iBoard
2022-05-10,17.330000,17.970000,17.330000,17.900000,10236300,SSI iBoard
2022-05-11,18.040000,18.250000,17.790000,18.040000,4071500,SSI iBoard
2022-05-12,18.040000,18.040000,16.790000,16.790000,7306300,SSI iBoard
2022-05-13,16.790000,17.030000,15.640000,15.640000,15203300,SSI iBoard
2022-05-16,16.240000,16.560000,15.080000,15.080000,11689600,SSI iBoard
2022-05-17,15.080000,16.120000,15.060000,16.120000,9447600,SSI iBoard
2022-05-18,16.520000,17.070000,16.350000,16.680000,8689300,SSI iBoard
2022-05-19,16.380000,16.840000,16.290000,16.560000,5692200,SSI iBoard
2022-05-20,16.560000,16.860000,16.350000,16.520000,5443200,SSI iBoard
2022-05-23,16.560000,16.750000,16.120000,16.120000,5290600,SSI iBoard
2022-05-24,16.100000,16.310000,15.920000,16.310000,4270100,SSI iBoard
2022-05-25,16.590000,16.960000,16.420000,16.890000,6709700,SSI iBoard
2022-05-26,16.980000,17.230000,16.910000,16.980000,4687800,SSI iBoard
2022-05-27,17.070000,17.330000,17.050000,17.330000,5777300,SSI iBoard
2022-05-30,17.580000,17.580000,17.330000,17.470000,4224300,SSI iBoard
2022-05-31,17.330000,17.400000,17.190000,17.190000,5119800,SSI iBoard
2022-06-01,17.120000,17.440000,16.960000,17.050000,3829000,SSI iBoard
2022-06-02,17.070000,17.120000,16.660000,16.840000,3533700,SSI iBoard
2022-06-03,16.820000,17.050000,16.680000,16.860000,3040200,SSI iBoard
2022-06-06,16.860000,17.030000,16.660000,16.680000,3845100,SSI iBoard
2022-06-07,16.660000,16.750000,16.190000,16.750000,4640800,SSI iBoard
2022-06-08,16.790000,17.330000,16.730000,17.230000,6456800,SSI iBoard
2022-06-09,17.230000,17.370000,17.140000,17.300000,5776000,SSI iBoard
2022-06-10,17.120000,18.000000,17.100000,17.560000,8194200,SSI iBoard
2022-06-13,17.120000,17.230000,16.630000,16.660000,6673500,SSI iBoard
2022-06-14,16.330000,16.790000,16.290000,16.540000,3740800,SSI iBoard
2022-06-15,16.520000,16.730000,16.220000,16.520000,5449100,SSI iBoard
2022-06-16,16.610000,16.890000,16.470000,16.680000,5916100,SSI iBoard
2022-06-17,16.220000,16.380000,15.660000,15.960000,4994900,SSI iBoard
2022-06-20,15.960000,16.290000,15.270000,15.270000,4004000,SSI iBoard
2022-06-21,15.310000,15.640000,15.180000,15.270000,4900200,SSI iBoard
2022-06-22,15.610000,16.330000,15.480000,16.100000,6208200,SSI iBoard
2022-06-23,16.100000,16.840000,15.980000,16.630000,4708100,SSI iBoard
2022-06-24,16.630000,16.700000,16.420000,16.420000,2969100,SSI iBoard
2022-06-27,16.450000,16.630000,16.420000,16.450000,4282300,SSI iBoard
2022-06-28,16.420000,17.100000,16.350000,16.980000,5342500,SSI iBoard
2022-06-29,16.750000,17.190000,16.750000,17.000000,3048300,SSI iBoard
2022-06-30,16.910000,17.160000,16.450000,16.450000,3566500,SSI iBoard
2022-07-01,16.470000,16.770000,16.120000,16.660000,3473300,SSI iBoard
2022-07-04,16.770000,16.980000,16.680000,16.820000,3148000,SSI iBoard
2022-07-05,16.930000,17.700000,16.820000,17.470000,10888900,SSI iBoard
2022-07-06,17.350000,17.770000,17.210000,17.400000,6055300,SSI iBoard
2022-07-07,17.330000,17.580000,17.120000,17.490000,3567400,SSI iBoard
2022-07-08,17.560000,17.580000,17.280000,17.370000,4058400,SSI iBoard
2022-07-11,17.140000,17.260000,16.420000,16.470000,8452700,SSI iBoard
2022-07-12,16.560000,16.700000,16.490000,16.700000,3916500,SSI iBoard
2022-07-13,16.730000,17.030000,16.660000,16.700000,3156800,SSI iBoard
2022-07-14,16.610000,16.790000,16.590000,16.630000,2902000,SSI iBoard
2022-07-15,16.700000,16.910000,16.700000,16.700000,4094300,SSI iBoard
2022-07-18,16.790000,17.050000,16.700000,16.790000,2990600,SSI iBoard
2022-07-19,16.770000,16.790000,16.540000,16.700000,2566900,SSI iBoard
2022-07-20,16.890000,16.930000,16.750000,16.790000,4923800,SSI iBoard
2022-07-21,16.930000,17.070000,16.790000,17.050000,5488700,SSI iBoard
2022-07-22,17.260000,17.530000,17.140000,17.160000,4424700,SSI iBoard
2022-07-25,17.050000,17.160000,17.000000,17.030000,2340300,SSI iBoard
2022-07-26,17.030000,17.140000,16.910000,16.930000,2794900,SSI iBoard
2022-07-27,16.840000,16.930000,16.840000,16.930000,1654100,SSI iBoard
2022-07-28,17.070000,17.350000,17.030000,17.260000,5604300,SSI iBoard
2022-07-29,17.350000,17.530000,17.190000,17.530000,5486300,SSI iBoard
2022-08-01,17.510000,17.950000,17.400000,17.860000,6875400,SSI iBoard
2022-08-02,17.770000,17.860000,17.600000,17.720000,4609900,SSI iBoard
2022-08-03,17.720000,17.770000,17.510000,17.650000,4944700,SSI iBoard
2022-08-04,17.700000,17.970000,17.670000,17.770000,4630800,SSI iBoard
2022-08-05,17.770000,17.950000,17.720000,17.770000,3914900,SSI iBoard
2022-08-08,17.810000,18.340000,17.810000,18.140000,7998700,SSI iBoard
2022-08-09,18.230000,18.340000,18.040000,18.110000,4306400,SSI iBoard
2022-08-10,17.970000,18.070000,17.900000,17.950000,3001500,SSI iBoard
2022-08-11,18.090000,18.180000,17.740000,17.810000,4920200,SSI iBoard
2022-08-12,17.810000,17.950000,17.700000,17.950000,2817400,SSI iBoard
2022-08-15,18.040000,18.210000,17.970000,18.090000,4366600,SSI iBoard
2022-08-16,18.070000,18.140000,18.020000,18.040000,3042300,SSI iBoard
2022-08-17,18.070000,18.210000,18.040000,18.180000,4459300,SSI iBoard
2022-08-18,18.090000,18.280000,18.020000,18.090000,5337200,SSI iBoard
2022-08-19,18.070000,18.140000,18.020000,18.040000,2566900,SSI iBoard
2022-08-22,17.970000,18.090000,17.840000,17.900000,3086100,SSI iBoard
2022-08-23,17.880000,17.950000,17.740000,17.950000,3339900,SSI iBoard
2022-08-24,17.950000,18.390000,17.950000,18.160000,3993200,SSI iBoard
2022-08-25,18.180000,18.370000,18.180000,18.300000,3706900,SSI iBoard
2022-08-26,18.320000,18.480000,18.280000,18.280000,4353000,SSI iBoard
2022-08-29,17.950000,18.090000,17.810000,17.930000,4474600,SSI iBoard
2022-08-30,17.950000,18.110000,17.930000,17.930000,3807500,SSI iBoard
2022-08-31,17.930000,18.110000,17.880000,18.020000,2265500,SSI iBoard
2022-09-05,17.970000,18.000000,17.840000,17.860000,2788600,SSI iBoard
2022-09-06,17.840000,18.040000,17.840000,17.880000,2340700,SSI iBoard
2022-09-07,17.880000,17.900000,17.370000,17.370000,4269000,SSI iBoard
2022-09-08,17.470000,17.530000,17.280000,17.300000,2473200,SSI iBoard
2022-09-09,17.440000,17.440000,17.120000,17.420000,2951100,SSI iBoard
2022-09-12,17.420000,17.490000,17.330000,17.350000,1289900,SSI iBoard
2022-09-13,17.300000,17.400000,17.260000,17.260000,1687000,SSI iBoard
2022-09-14,16.890000,17.120000,16.890000,17.030000,2794500,SSI iBoard
2022-09-15,17.120000,17.140000,16.930000,16.930000,1611900,SSI iBoard
2022-09-16,16.840000,16.960000,16.660000,16.660000,2188200,SSI iBoard
2022-09-19,16.660000,16.660000,16.120000,16.220000,3777300,SSI iBoard
2022-09-20,16.450000,16.450000,16.150000,16.220000,1989200,SSI iBoard
2022-09-21,16.190000,16.240000,15.960000,15.960000,2073000,SSI iBoard
2022-09-22,15.870000,16.030000,15.780000,15.980000,2922800,SSI iBoard
2022-09-23,15.940000,16.010000,15.750000,15.820000,2265200,SSI iBoard
2022-09-26,15.660000,15.660000,15.240000,15.380000,5217000,SSI iBoard
2022-09-27,15.520000,15.680000,15.360000,15.500000,2336300,SSI iBoard
2022-09-28,15.430000,15.590000,15.360000,15.380000,2069900,SSI iBoard
2022-09-29,15.590000,15.590000,15.270000,15.270000,2640300,SSI iBoard
2022-09-30,15.270000,15.360000,14.900000,15.040000,5240200,SSI iBoard
2022-10-03,15.040000,15.080000,14.000000,14.000000,6076000,SSI iBoard
2022-10-04,14.250000,14.340000,13.880000,14.020000,5966900,SSI iBoard
2022-10-05,14.340000,14.370000,14.110000,14.110000,3986800,SSI iBoard
2022-10-06,14.110000,14.250000,13.560000,13.560000,5573700,SSI iBoard
2022-10-07,13.370000,13.370000,12.610000,12.610000,14349900,SSI iBoard
2022-10-10,11.940000,12.470000,11.730000,11.940000,18275400,SSI iBoard
2022-10-11,11.940000,11.940000,11.100000,11.100000,21188700,SSI iBoard
2022-10-12,11.100000,11.750000,10.900000,11.470000,9605400,SSI iBoard
2022-10-13,11.470000,11.710000,11.150000,11.710000,9386700,SSI iBoard
2022-10-14,12.260000,12.260000,11.800000,11.890000,6333400,SSI iBoard
2022-10-17,11.800000,11.800000,11.270000,11.610000,7760900,SSI iBoard
2022-10-18,11.840000,11.980000,11.640000,11.710000,5030200,SSI iBoard
2022-10-19,11.710000,11.800000,11.380000,11.660000,4571000,SSI iBoard
2022-10-20,11.610000,11.610000,11.360000,11.380000,5210100,SSI iBoard
2022-10-21,11.500000,11.500000,10.590000,10.590000,9633400,SSI iBoard
2022-10-24,10.660000,10.800000,9.850000,9.850000,11800600,SSI iBoard
2022-10-25,9.850000,10.390000,9.250000,9.850000,9593300,SSI iBoard
2022-10-26,10.040000,10.090000,9.740000,9.900000,3153400,SSI iBoard
2022-10-27,9.950000,10.570000,9.950000,10.570000,5222800,SSI iBoard
2022-10-28,10.920000,11.290000,10.870000,11.290000,12484200,SSI iBoard
2022-10-31,11.380000,11.470000,10.870000,11.380000,7284700,SSI iBoard
2022-11-01,11.570000,12.030000,11.570000,11.870000,8603400,SSI iBoard
2022-11-02,11.890000,11.940000,11.590000,11.660000,5442300,SSI iBoard
2022-11-03,11.400000,11.960000,11.400000,11.960000,6663000,SSI iBoard
2022-11-04,11.570000,11.800000,11.130000,11.800000,12626400,SSI iBoard
2022-11-07,11.770000,11.940000,10.990000,10.990000,6326200,SSI iBoard
2022-11-08,10.990000,11.520000,10.640000,11.170000,5353800,SSI iBoard
2022-11-09,11.340000,11.610000,11.200000,11.270000,3645200,SSI iBoard
2022-11-10,11.100000,11.150000,10.480000,10.530000,7580100,SSI iBoard
2022-11-11,10.870000,11.080000,10.550000,10.550000,5479500,SSI iBoard
2022-11-14,10.270000,10.360000,9.850000,10.270000,5828500,SSI iBoard
2022-11-15,10.200000,10.200000,9.550000,9.580000,10943000,SSI iBoard
2022-11-16,8.930000,10.220000,8.930000,10.220000,18062800,SSI iBoard
2022-11-17,10.500000,10.660000,10.270000,10.620000,5977300,SSI iBoard
2022-11-18,10.570000,10.800000,10.090000,10.500000,6390000,SSI iBoard
2022-11-21,10.480000,10.690000,10.290000,10.290000,4508400,SSI iBoard
2022-11-22,10.200000,10.660000,10.110000,10.110000,7548800,SSI iBoard
2022-11-23,10.180000,10.360000,10.040000,10.180000,3771800,SSI iBoard
2022-11-24,10.180000,10.270000,9.950000,10.250000,3471500,SSI iBoard
2022-11-25,10.340000,10.640000,10.270000,10.640000,5208100,SSI iBoard
2022-11-28,10.780000,11.380000,10.760000,11.380000,9058600,SSI iBoard
2022-11-29,11.540000,11.840000,11.270000,11.660000,7876400,SSI iBoard
2022-11-30,11.660000,11.980000,11.540000,11.980000,8860700,SSI iBoard
2022-12-01,12.140000,12.820000,12.140000,12.680000,16532500,SSI iBoard
2022-12-02,12.490000,13.420000,12.420000,13.320000,9001200,SSI iBoard
2022-12-05,13.650000,13.790000,13.320000,13.420000,8445100,SSI iBoard
2022-12-06,13.320000,13.420000,12.490000,12.510000,14489700,SSI iBoard
2022-12-07,12.490000,12.560000,12.010000,12.210000,7114400,SSI iBoard
2022-12-08,12.400000,13.050000,12.260000,13.050000,10144300,SSI iBoard
2022-12-09,13.160000,13.190000,12.820000,13.070000,4407800,SSI iBoard
2022-12-12,13.070000,13.210000,12.580000,12.580000,6189600,SSI iBoard
2022-12-13,12.580000,13.320000,12.490000,13.320000,7316900,SSI iBoard
2022-12-14,13.650000,13.740000,13.320000,13.320000,7999600,SSI iBoard
2022-12-15,13.320000,13.670000,13.230000,13.650000,7681000,SSI iBoard
2022-12-16,13.420000,13.560000,13.230000,13.490000,6469000,SSI iBoard
2022-12-19,13.490000,14.180000,13.440000,13.530000,9319200,SSI iBoard
2022-12-20,13.420000,13.530000,12.610000,12.820000,11750600,SSI iBoard
2022-12-21,12.980000,13.050000,12.170000,12.820000,6560300,SSI iBoard
2022-12-22,12.840000,13.140000,12.610000,12.820000,3604900,SSI iBoard
2022-12-23,12.820000,12.910000,12.470000,12.770000,2878800,SSI iBoard
2022-12-26,12.610000,12.680000,11.890000,11.890000,7542600,SSI iBoard
2022-12-27,11.840000,12.170000,11.750000,12.170000,4426300,SSI iBoard
2022-12-28,12.080000,12.240000,11.910000,12.100000,3298700,SSI iBoard
2022-12-29,12.080000,12.170000,11.910000,12.010000,2934700,SSI iBoard
2022-12-30,12.010000,12.080000,11.960000,11.960000,2181900,SSI iBoard
2023-01-03,11.910000,12.700000,11.910000,12.700000,3786800,SSI iBoard
2023-01-04,12.700000,12.860000,12.610000,12.630000,3185500,SSI iBoard
2023-01-05,12.630000,12.860000,12.560000,12.790000,2716900,SSI iBoard
2023-01-06,12.700000,13.140000,12.630000,12.820000,4803900,SSI iBoard
2023-01-09,12.860000,12.930000,12.770000,12.840000,2387700,SSI iBoard
2023-01-10,12.840000,12.950000,12.630000,12.700000,2613300,SSI iBoard
2023-01-11,12.700000,12.950000,12.630000,12.790000,3136500,SSI iBoard
2023-01-12,12.790000,12.930000,12.770000,12.890000,2124100,SSI iBoard
2023-01-13,12.910000,13.090000,12.860000,12.860000,2810200,SSI iBoard
2023-01-16,12.890000,13.000000,12.790000,13.000000,2492900,SSI iBoard
2023-01-17,13.140000,13.560000,13.120000,13.420000,6179200,SSI iBoard
2023-01-18,13.460000,13.490000,13.370000,13.460000,3241200,SSI iBoard
2023-01-19,13.350000,13.560000,13.350000,13.460000,4742400,SSI iBoard
2023-01-27,13.580000,13.740000,13.420000,13.440000,5539200,SSI iBoard
2023-01-30,13.440000,13.440000,13.210000,13.280000,5917000,SSI iBoard
2023-01-31,13.260000,13.600000,12.980000,13.600000,6148400,SSI iBoard
2023-02-01,13.650000,13.650000,12.950000,13.050000,5944500,SSI iBoard
2023-02-02,13.050000,13.140000,12.770000,12.950000,3795200,SSI iBoard
2023-02-03,13.000000,13.050000,12.540000,12.540000,6448000,SSI iBoard
2023-02-06,12.540000,12.950000,12.510000,12.930000,3183300,SSI iBoard
2023-02-07,12.930000,12.980000,12.680000,12.680000,3288400,SSI iBoard
2023-02-08,12.720000,12.930000,12.680000,12.890000,2709000,SSI iBoard
2023-02-09,12.820000,12.890000,12.630000,12.630000,2757300,SSI iBoard
2023-02-10,12.650000,12.720000,12.450000,12.470000,2626000,SSI iBoard
2023-02-13,12.420000,12.450000,12.190000,12.310000,2897200,SSI iBoard
2023-02-14,12.260000,12.680000,12.260000,12.420000,2949800,SSI iBoard
2023-02-15,12.420000,12.770000,12.310000,12.680000,2633000,SSI iBoard
2023-02-16,12.770000,12.910000,12.580000,12.910000,2247700,SSI iBoard
2023-02-17,12.840000,12.860000,12.720000,12.860000,1784300,SSI iBoard
2023-02-20,12.840000,13.230000,12.820000,13.230000,2743200,SSI iBoard
2023-02-21,13.230000,13.390000,13.120000,13.140000,2590900,SSI iBoard
2023-02-22,12.980000,13.020000,12.720000,12.720000,2373000,SSI iBoard
2023-02-23,12.720000,12.930000,12.490000,12.930000,3597400,SSI iBoard
2023-02-24,12.930000,12.930000,12.560000,12.610000,1972500,SSI iBoard
2023-02-27,12.580000,12.580000,12.310000,12.490000,2377000,SSI iBoard
2023-02-28,12.490000,12.580000,12.260000,12.260000,2104000,SSI iBoard
2023-03-01,12.120000,12.650000,12.050000,12.630000,2204200,SSI iBoard
2023-03-02,12.750000,12.770000,12.490000,12.580000,1549900,SSI iBoard
2023-03-03,12.580000,12.650000,12.280000,12.400000,1875800,SSI iBoard
2023-03-06,12.490000,12.700000,12.350000,12.580000,2568900,SSI iBoard
2023-03-07,12.580000,12.720000,12.510000,12.540000,2340300,SSI iBoard
2023-03-08,12.450000,12.680000,12.400000,12.630000,1945300,SSI iBoard
2023-03-09,12.720000,12.890000,12.580000,12.860000,3286200,SSI iBoard
2023-03-10,12.720000,12.770000,12.490000,12.560000,2129800,SSI iBoard
2023-03-13,12.280000,12.470000,12.280000,12.380000,3114300,SSI iBoard
2023-03-14,12.330000,12.380000,12.170000,12.170000,2469900,SSI iBoard
2023-03-15,12.400000,12.680000,12.400000,12.580000,2361600,SSI iBoard
2023-03-16,12.450000,12.470000,12.190000,12.380000,2661700,SSI iBoard
2023-03-17,12.400000,12.540000,12.310000,12.330000,1199600,SSI iBoard
2023-03-20,12.260000,12.310000,12.140000,12.140000,2286500,SSI iBoard
2023-03-21,12.260000,12.310000,12.080000,12.190000,1997800,SSI iBoard
2023-03-22,12.240000,12.310000,12.120000,12.120000,2471700,SSI iBoard
2023-03-23,12.120000,12.190000,11.960000,12.120000,2369000,SSI iBoard
2023-03-24,12.210000,12.350000,12.170000,12.240000,1955600,SSI iBoard
2023-03-27,12.240000,12.350000,12.190000,12.260000,1537100,SSI iBoard
2023-03-28,12.350000,12.820000,12.350000,12.750000,7664400,SSI iBoard
2023-03-29,12.750000,13.090000,12.720000,12.950000,5720700,SSI iBoard
2023-03-30,13.120000,13.190000,12.820000,12.820000,4898700,SSI iBoard
2023-03-31,12.860000,13.140000,12.860000,13.120000,7220300,SSI iBoard
2023-04-03,13.420000,13.580000,13.280000,13.560000,12424400,SSI iBoard
2023-04-04,13.560000,13.650000,13.440000,13.650000,7303300,SSI iBoard
2023-04-05,13.600000,13.690000,13.510000,13.650000,4329800,SSI iBoard
2023-04-06,13.580000,13.970000,13.580000,13.690000,7828100,SSI iBoard
2023-04-07,13.720000,13.740000,13.600000,13.670000,4094900,SSI iBoard
2023-04-10,13.720000,14.250000,13.690000,13.970000,5660400,SSI iBoard
2023-04-11,13.970000,14.060000,13.690000,14.060000,5209800,SSI iBoard
2023-04-12,14.060000,14.320000,13.930000,14.200000,4505500,SSI iBoard
2023-04-13,14.160000,14.320000,13.970000,13.970000,3214600,SSI iBoard
2023-04-14,13.970000,14.060000,13.370000,13.370000,9435600,SSI iBoard
2023-04-17,13.420000,13.630000,13.300000,13.630000,3014200,SSI iBoard
2023-04-18,13.600000,13.600000,13.370000,13.490000,2553900,SSI iBoard
2023-04-19,13.510000,13.600000,13.420000,13.420000,2611900,SSI iBoard
2023-04-20,13.370000,13.420000,13.210000,13.350000,2314000,SSI iBoard
2023-04-21,13.420000,13.420000,13.280000,13.280000,2354900,SSI iBoard
2023-04-24,13.280000,13.760000,13.260000,13.650000,3483000,SSI iBoard
2023-04-25,13.720000,13.810000,13.420000,13.420000,2086300,SSI iBoard
2023-04-26,13.510000,13.880000,13.350000,13.880000,3239100,SSI iBoard
2023-04-27,13.970000,13.970000,13.810000,13.830000,2031600,SSI iBoard
2023-04-28,13.860000,13.860000,13.650000,13.650000,2477700,SSI iBoard
2023-05-04,13.650000,13.650000,13.370000,13.440000,1917900,SSI iBoard
2023-05-05,13.440000,13.510000,13.160000,13.280000,3437700,SSI iBoard
2023-05-08,13.370000,13.600000,13.280000,13.600000,2847500,SSI iBoard
2023-05-09,13.630000,13.650000,13.440000,13.560000,1990400,SSI iBoard
2023-05-10,13.580000,13.600000,13.460000,13.560000,2523100,SSI iBoard
2023-05-11,13.650000,13.650000,13.460000,13.460000,2514400,SSI iBoard
2023-05-12,13.460000,13.560000,13.420000,13.560000,2625300,SSI iBoard
2023-05-15,13.630000,13.950000,13.600000,13.830000,7336200,SSI iBoard
2023-05-16,13.930000,13.930000,13.760000,13.790000,2075700,SSI iBoard
2023-05-17,13.740000,13.830000,13.530000,13.530000,3659200,SSI iBoard
2023-05-18,13.530000,13.740000,13.530000,13.670000,3215500,SSI iBoard
2023-05-19,13.670000,13.760000,13.530000,13.720000,3397600,SSI iBoard
2023-05-22,13.740000,14.160000,13.740000,14.110000,9444100,SSI iBoard
2023-05-23,14.200000,14.200000,13.880000,14.040000,4205200,SSI iBoard
2023-05-24,14.060000,14.130000,13.760000,13.790000,4818900,SSI iBoard
2023-05-25,13.790000,13.830000,13.690000,13.790000,2521600,SSI iBoard
2023-05-26,13.830000,13.860000,13.720000,13.830000,1794600,SSI iBoard
2023-05-29,13.880000,13.970000,13.790000,13.970000,2765200,SSI iBoard
2023-05-30,14.060000,14.090000,13.880000,13.970000,2100900,SSI iBoard
2023-05-31,13.970000,14.020000,13.830000,13.860000,3944600,SSI iBoard
2023-06-01,13.880000,14.020000,13.760000,14.020000,4776200,SSI iBoard
2023-06-02,14.250000,14.900000,14.200000,14.900000,13798700,SSI iBoard
2023-06-05,15.010000,15.180000,14.760000,14.760000,5861900,SSI iBoard
2023-06-06,14.760000,15.130000,14.690000,15.130000,6000100,SSI iBoard
2023-06-07,15.060000,15.150000,14.900000,15.080000,4964100,SSI iBoard
2023-06-08,15.130000,15.150000,14.690000,14.690000,5741200,SSI iBoard
2023-06-09,14.710000,15.040000,14.620000,14.990000,5315500,SSI iBoard
2023-06-12,14.920000,15.200000,14.760000,15.130000,4136800,SSI iBoard
2023-06-13,15.130000,15.220000,14.990000,15.180000,3529000,SSI iBoard
2023-06-14,15.270000,15.480000,15.060000,15.080000,5374800,SSI iBoard
2023-06-15,15.080000,15.220000,14.990000,15.110000,3863700,SSI iBoard
2023-06-16,15.110000,15.480000,15.040000,15.060000,6928400,SSI iBoard
2023-06-19,15.060000,15.060000,14.780000,14.850000,3674300,SSI iBoard
2023-06-20,14.900000,14.920000,14.780000,14.870000,2084400,SSI iBoard
2023-06-21,14.870000,15.040000,14.850000,15.040000,2506800,SSI iBoard
2023-06-22,15.220000,15.340000,15.080000,15.080000,4395200,SSI iBoard
2023-06-23,15.110000,15.380000,15.060000,15.220000,4144400,SSI iBoard
2023-06-26,15.220000,15.410000,15.060000,15.410000,4044900,SSI iBoard
2023-06-27,15.410000,15.450000,15.220000,15.240000,3665500,SSI iBoard
2023-06-28,15.240000,15.410000,15.150000,15.410000,4303400,SSI iBoard
2023-06-29,15.410000,15.450000,15.110000,15.110000,3538900,SSI iBoard
2023-06-30,15.110000,15.180000,14.970000,14.970000,2448500,SSI iBoard
2023-07-03,15.130000,15.130000,14.810000,14.810000,3753900,SSI iBoard
2023-07-04,14.810000,14.850000,14.740000,14.810000,4327000,SSI iBoard
2023-07-05,14.870000,14.990000,14.780000,14.780000,4323800,SSI iBoard
2023-07-06,14.780000,14.830000,14.430000,14.600000,6311500,SSI iBoard
2023-07-07,14.570000,14.710000,14.480000,14.600000,3274400,SSI iBoard
2023-07-10,14.810000,14.850000,14.670000,14.810000,4982800,SSI iBoard
2023-07-11,14.900000,14.970000,14.780000,14.780000,5708100,SSI iBoard
2023-07-12,14.760000,14.810000,14.620000,14.640000,4341600,SSI iBoard
2023-07-13,14.670000,14.810000,14.640000,14.780000,4412100,SSI iBoard
2023-07-14,14.900000,14.900000,14.670000,14.780000,4472000,SSI iBoard
2023-07-17,14.850000,14.850000,14.710000,14.760000,3652700,SSI iBoard
2023-07-18,14.760000,14.940000,14.710000,14.940000,6508500,SSI iBoard
2023-07-19,15.110000,15.220000,14.920000,14.940000,5556900,SSI iBoard
2023-07-20,14.990000,14.990000,14.710000,14.760000,5263800,SSI iBoard
2023-07-21,14.740000,14.940000,14.740000,14.940000,5206200,SSI iBoard
2023-07-24,15.010000,15.040000,14.870000,15.010000,4832200,SSI iBoard
2023-07-25,15.180000,15.640000,15.130000,15.500000,13269100,SSI iBoard
2023-07-26,15.500000,15.520000,15.360000,15.480000,3413000,SSI iBoard
2023-07-27,15.430000,15.480000,15.130000,15.310000,7797000,SSI iBoard
2023-07-28,15.290000,15.640000,15.270000,15.640000,5630800,SSI iBoard
2023-07-31,15.780000,16.010000,15.730000,15.870000,7648800,SSI iBoard
2023-08-01,16.010000,16.010000,15.730000,15.730000,8659400,SSI iBoard
2023-08-02,15.680000,15.780000,15.610000,15.680000,4644300,SSI iBoard
2023-08-03,15.730000,15.750000,15.500000,15.500000,4171200,SSI iBoard
2023-08-04,15.570000,15.820000,15.480000,15.550000,12322800,SSI iBoard
2023-08-07,15.820000,15.940000,15.730000,15.890000,5256500,SSI iBoard
2023-08-08,15.920000,15.960000,15.710000,15.730000,5539100,SSI iBoard
2023-08-09,15.750000,15.820000,15.640000,15.730000,4668500,SSI iBoard
2023-08-10,15.730000,15.750000,15.500000,15.500000,6166000,SSI iBoard
2023-08-11,15.520000,15.640000,15.310000,15.570000,5907600,SSI iBoard
2023-08-14,15.610000,15.640000,15.480000,15.640000,4574500,SSI iBoard
2023-08-15,15.680000,15.920000,15.660000,15.750000,4610800,SSI iBoard
2023-08-16,15.730000,16.350000,15.710000,16.330000,13197300,SSI iBoard
2023-08-17,16.330000,16.330000,16.050000,16.050000,5308300,SSI iBoard
2023-08-18,15.980000,15.980000,15.010000,15.040000,13220000,SSI iBoard
2023-08-21,15.040000,15.240000,14.850000,15.150000,5356600,SSI iBoard
2023-08-22,15.150000,15.310000,14.760000,15.310000,6716400,SSI iBoard
2023-08-23,15.730000,15.820000,15.360000,15.360000,9087900,SSI iBoard
2023-08-24,15.500000,15.710000,15.450000,15.640000,4814900,SSI iBoard
2023-08-25,15.590000,15.660000,15.450000,15.570000,3638000,SSI iBoard
2023-08-28,15.660000,15.780000,15.550000,15.730000,4017200,SSI iBoard
2023-08-29,15.730000,15.850000,15.610000,15.680000,3702500,SSI iBoard
2023-08-30,15.730000,15.870000,15.680000,15.730000,4267500,SSI iBoard
2023-08-31,15.780000,15.960000,15.780000,15.960000,4121700,SSI iBoard
2023-09-05,16.100000,16.260000,16.080000,16.190000,7998900,SSI iBoard
2023-09-06,16.220000,16.350000,16.120000,16.290000,4653200,SSI iBoard
2023-09-07,16.310000,16.730000,16.240000,16.540000,9044800,SSI iBoard
2023-09-08,16.590000,16.610000,16.350000,16.350000,4602900,SSI iBoard
2023-09-11,16.470000,16.470000,15.940000,15.980000,10812100,SSI iBoard
2023-09-12,15.980000,16.330000,15.920000,16.330000,4935900,SSI iBoard
2023-09-13,16.380000,16.400000,16.120000,16.190000,4978100,SSI iBoard
2023-09-14,16.240000,16.540000,16.150000,16.150000,7642600,SSI iBoard
2023-09-15,16.240000,16.420000,16.150000,16.150000,4523900,SSI iBoard
2023-09-18,16.120000,16.190000,15.730000,15.780000,7730100,SSI iBoard
2023-09-19,15.870000,15.890000,15.640000,15.680000,5864300,SSI iBoard
2023-09-20,15.680000,15.960000,15.660000,15.890000,3426300,SSI iBoard
2023-09-21,15.890000,15.960000,15.730000,15.870000,3165600,SSI iBoard
2023-09-22,15.710000,15.850000,15.450000,15.730000,7542500,SSI iBoard
2023-09-25,15.730000,15.820000,15.150000,15.180000,4230500,SSI iBoard
2023-09-26,15.180000,15.270000,14.990000,14.990000,4755900,SSI iBoard
2023-09-27,14.920000,15.080000,14.920000,15.080000,3553500,SSI iBoard
2023-09-28,15.080000,15.680000,14.740000,15.570000,6556500,SSI iBoard
2023-09-29,15.500000,15.590000,15.310000,15.570000,2907800,SSI iBoard
2023-10-02,15.570000,15.570000,15.270000,15.340000,2138300,SSI iBoard
2023-10-03,15.220000,15.220000,14.760000,15.040000,4650100,SSI iBoard
2023-10-04,14.920000,15.110000,14.810000,14.920000,2796000,SSI iBoard
2023-10-05,14.970000,15.080000,14.710000,14.710000,2442600,SSI iBoard
2023-10-06,14.690000,14.920000,14.620000,14.830000,2551600,SSI iBoard
2023-10-09,14.850000,14.870000,14.760000,14.850000,2793700,SSI iBoard
2023-10-10,14.940000,15.110000,14.920000,15.040000,2660000,SSI iBoard
2023-10-11,15.110000,15.110000,14.940000,15.080000,2199600,SSI iBoard
2023-10-12,15.130000,15.200000,15.040000,15.040000,2464200,SSI iBoard
2023-10-13,14.990000,15.010000,14.810000,14.900000,1949500,SSI iBoard
2023-10-16,14.830000,14.940000,14.710000,14.710000,2476400,SSI iBoard
2023-10-17,14.780000,14.900000,14.690000,14.690000,1820000,SSI iBoard
2023-10-18,14.690000,14.710000,14.340000,14.460000,4719900,SSI iBoard
2023-10-19,14.460000,14.530000,14.180000,14.180000,2785000,SSI iBoard
2023-10-20,14.200000,14.530000,14.130000,14.390000,2434100,SSI iBoard
2023-10-23,14.390000,14.570000,14.110000,14.300000,2788400,SSI iBoard
2023-10-24,14.500000,14.710000,14.370000,14.500000,2173100,SSI iBoard
2023-10-25,14.430000,14.620000,14.430000,14.430000,2122800,SSI iBoard
2023-10-26,14.250000,14.320000,13.510000,13.790000,6676400,SSI iBoard
2023-10-27,13.880000,14.060000,13.460000,13.670000,3872700,SSI iBoard
2023-10-30,13.510000,13.530000,13.000000,13.000000,6594400,SSI iBoard
2023-10-31,13.050000,13.190000,12.580000,12.820000,6087100,SSI iBoard
2023-11-01,13.090000,13.160000,12.700000,13.050000,4479300,SSI iBoard
2023-11-02,13.320000,13.690000,13.190000,13.580000,4705900,SSI iBoard
2023-11-03,13.860000,14.340000,13.670000,14.340000,8102700,SSI iBoard
2023-11-06,14.250000,14.340000,14.020000,14.340000,3301400,SSI iBoard
2023-11-07,14.160000,14.320000,14.090000,14.160000,1508300,SSI iBoard
2023-11-08,14.160000,14.760000,13.970000,14.710000,3874600,SSI iBoard
2023-11-09,14.740000,14.780000,14.480000,14.570000,4253500,SSI iBoard
2023-11-10,14.430000,14.570000,14.200000,14.370000,4074300,SSI iBoard
2023-11-13,14.480000,14.480000,14.180000,14.300000,2458800,SSI iBoard
2023-11-14,14.410000,14.690000,14.300000,14.570000,3979700,SSI iBoard
2023-11-15,14.810000,14.900000,14.570000,14.600000,3671500,SSI iBoard
2023-11-16,14.570000,14.710000,14.570000,14.670000,2240400,SSI iBoard
2023-11-17,14.670000,14.780000,14.200000,14.410000,5082600,SSI iBoard
2023-11-20,14.110000,14.460000,14.090000,14.340000,4320400,SSI iBoard
2023-11-21,14.500000,14.500000,14.250000,14.250000,2243600,SSI iBoard
2023-11-22,14.300000,14.340000,14.180000,14.320000,1836200,SSI iBoard
2023-11-23,14.430000,14.480000,14.060000,14.060000,3280100,SSI iBoard
2023-11-24,14.040000,14.160000,13.630000,13.900000,4696800,SSI iBoard
2023-11-27,13.860000,13.860000,13.560000,13.560000,3048100,SSI iBoard
2023-11-28,13.560000,13.860000,13.320000,13.860000,3736900,SSI iBoard
2023-11-29,13.830000,14.020000,13.690000,13.830000,1779600,SSI iBoard
2023-11-30,13.760000,13.900000,13.650000,13.650000,2756300,SSI iBoard
2023-12-01,13.690000,13.810000,13.580000,13.760000,2696100,SSI iBoard
2023-12-04,13.790000,14.110000,13.790000,13.970000,4761000,SSI iBoard
2023-12-05,14.000000,14.020000,13.830000,13.900000,3093500,SSI iBoard
2023-12-06,13.880000,14.110000,13.880000,14.060000,2489700,SSI iBoard
2023-12-07,14.130000,14.370000,14.020000,14.270000,5844300,SSI iBoard
2023-12-08,14.270000,14.340000,14.160000,14.320000,2749400,SSI iBoard
2023-12-11,14.320000,14.340000,14.180000,14.270000,1614200,SSI iBoard
2023-12-12,14.270000,14.370000,14.230000,14.370000,2167900,SSI iBoard
2023-12-13,14.410000,14.410000,14.110000,14.110000,3108700,SSI iBoard
2023-12-14,14.250000,14.270000,14.130000,14.130000,2552800,SSI iBoard
2023-12-15,14.130000,14.250000,14.060000,14.160000,2153100,SSI iBoard
2023-12-18,14.160000,14.180000,13.900000,13.900000,2378300,SSI iBoard
2023-12-19,13.880000,14.160000,13.790000,14.160000,2109500,SSI iBoard
2023-12-20,14.020000,14.130000,13.950000,14.040000,1746600,SSI iBoard
2023-12-21,14.020000,14.180000,13.950000,14.180000,2482700,SSI iBoard
2023-12-22,14.110000,14.250000,14.090000,14.160000,1853900,SSI iBoard
2023-12-25,14.250000,14.340000,14.160000,14.320000,2572700,SSI iBoard
2023-12-26,14.270000,14.340000,14.230000,14.250000,1507400,SSI iBoard
2023-12-27,14.270000,14.410000,14.270000,14.270000,2015600,SSI iBoard
2023-12-28,14.300000,14.640000,14.300000,14.570000,5753400,SSI iBoard
2023-12-29,14.670000,14.780000,14.570000,14.710000,4231700,SSI iBoard
2024-01-02,14.760000,14.920000,14.710000,14.850000,3710100,SSI iBoard
2024-01-03,14.760000,15.080000,14.740000,15.080000,5610600,SSI iBoard
2024-01-04,15.080000,15.570000,15.060000,15.310000,10073900,SSI iBoard
2024-01-05,15.310000,15.450000,15.270000,15.360000,3569900,SSI iBoard
2024-01-08,15.500000,15.800000,15.430000,15.780000,6323800,SSI iBoard
2024-01-09,15.730000,15.960000,15.640000,15.960000,6900500,SSI iBoard
2024-01-10,15.980000,16.050000,15.850000,15.920000,7189800,SSI iBoard
2024-01-11,15.870000,16.010000,15.640000,15.800000,6731000,SSI iBoard
2024-01-12,15.660000,16.050000,15.520000,16.030000,10186600,SSI iBoard
2024-01-15,16.050000,16.100000,15.870000,15.870000,3727300,SSI iBoard
2024-01-16,15.780000,15.820000,15.640000,15.800000,4458700,SSI iBoard
2024-01-17,15.800000,16.030000,15.730000,15.750000,4420000,SSI iBoard
2024-01-18,15.850000,16.010000,15.750000,15.920000,4108200,SSI iBoard
2024-01-19,16.010000,16.260000,15.960000,16.170000,7947400,SSI iBoard
2024-01-22,16.330000,16.330000,16.050000,16.170000,4313700,SSI iBoard
2024-01-23,16.420000,16.660000,16.380000,16.400000,10075300,SSI iBoard
2024-01-24,16.310000,16.450000,16.310000,16.310000,3141400,SSI iBoard
2024-01-25,16.310000,16.310000,16.150000,16.190000,4271400,SSI iBoard
2024-01-26,16.220000,16.420000,16.190000,16.380000,3145200,SSI iBoard
2024-01-29,16.400000,16.490000,16.290000,16.310000,3145300,SSI iBoard
2024-01-30,16.240000,16.310000,16.050000,16.290000,5207300,SSI iBoard
2024-01-31,16.290000,16.310000,15.920000,15.980000,5380200,SSI iBoard
2024-02-01,15.940000,16.030000,15.730000,15.800000,6209900,SSI iBoard
2024-02-02,15.730000,15.940000,15.730000,15.800000,7864700,SSI iBoard
2024-02-05,15.940000,16.660000,15.920000,16.420000,9600300,SSI iBoard
2024-02-06,16.490000,16.750000,16.470000,16.490000,4013800,SSI iBoard
2024-02-07,16.560000,17.260000,16.560000,17.260000,11167100,SSI iBoard
2024-02-15,17.350000,18.020000,17.330000,17.770000,13071500,SSI iBoard
2024-02-16,17.810000,17.900000,17.530000,17.810000,7217800,SSI iBoard
2024-02-19,17.840000,18.070000,17.790000,18.000000,9734800,SSI iBoard
2024-02-20,17.950000,18.040000,17.810000,18.000000,5413200,SSI iBoard
2024-02-21,17.930000,18.210000,17.860000,18.040000,7674900,SSI iBoard
2024-02-22,18.040000,18.670000,18.020000,18.650000,9645200,SSI iBoard
2024-02-23,18.850000,19.590000,18.510000,18.550000,16442400,SSI iBoard
2024-02-26,18.600000,19.200000,18.600000,19.060000,9615100,SSI iBoard
2024-02-27,19.150000,19.410000,18.970000,19.410000,8413100,SSI iBoard
2024-02-28,19.450000,19.590000,19.220000,19.520000,7524100,SSI iBoard
2024-02-29,19.640000,19.640000,19.130000,19.520000,9026500,SSI iBoard
2024-03-01,19.290000,19.360000,19.080000,19.360000,9291100,SSI iBoard
2024-03-04,19.320000,19.520000,19.130000,19.360000,8435000,SSI iBoard
2024-03-05,19.340000,19.520000,19.150000,19.520000,6316800,SSI iBoard
2024-03-06,19.450000,20.130000,19.340000,19.780000,11167400,SSI iBoard
2024-03-07,19.820000,20.030000,19.620000,19.710000,7214000,SSI iBoard
2024-03-08,19.640000,19.710000,18.970000,18.970000,20127300,SSI iBoard
2024-03-11,18.920000,19.060000,18.460000,18.690000,11182600,SSI iBoard
2024-03-12,18.670000,19.110000,18.550000,19.060000,8497100,SSI iBoard
2024-03-13,19.060000,19.430000,18.950000,19.430000,7892700,SSI iBoard
2024-03-14,19.480000,19.480000,19.080000,19.150000,6636800,SSI iBoard
2024-03-15,19.080000,19.270000,18.690000,19.150000,7540800,SSI iBoard
2024-03-18,19.060000,19.060000,18.230000,18.550000,11297200,SSI iBoard
2024-03-19,18.600000,18.690000,18.320000,18.650000,5330900,SSI iBoard
2024-03-20,18.690000,19.640000,18.530000,19.570000,16882000,SSI iBoard
2024-03-21,19.710000,20.870000,19.710000,20.870000,16923300,SSI iBoard
2024-03-22,21.050000,21.050000,20.380000,20.770000,10791500,SSI iBoard
2024-03-25,21.100000,21.470000,20.430000,20.730000,10737400,SSI iBoard
2024-03-26,20.730000,21.370000,20.590000,21.260000,7755900,SSI iBoard
2024-03-27,21.370000,21.370000,20.870000,21.070000,4640100,SSI iBoard
2024-03-28,22.530000,22.530000,22.070000,22.210000,30022800,SSI iBoard
2024-03-29,22.180000,22.280000,22.000000,22.000000,6403800,SSI iBoard
2024-04-01,22.000000,22.070000,21.680000,21.950000,8561000,SSI iBoard
2024-04-02,22.020000,22.210000,21.740000,22.050000,13559100,SSI iBoard
2024-04-03,21.930000,22.180000,21.650000,21.650000,8776700,SSI iBoard
2024-04-04,21.510000,21.630000,21.260000,21.280000,10756900,SSI iBoard
2024-04-05,21.050000,21.240000,20.890000,20.910000,12129600,SSI iBoard
2024-04-08,20.820000,21.210000,20.770000,21.050000,9964400,SSI iBoard
2024-04-09,21.050000,21.190000,20.910000,21.190000,5384200,SSI iBoard
2024-04-10,21.280000,21.650000,21.100000,21.120000,7754300,SSI iBoard
2024-04-11,20.840000,21.120000,20.800000,20.870000,11371200,SSI iBoard
2024-04-12,21.030000,21.950000,20.870000,21.930000,13456300,SSI iBoard
2024-04-15,21.840000,21.950000,20.450000,20.540000,13735800,SSI iBoard
2024-04-16,20.800000,21.050000,20.450000,21.050000,15151800,SSI iBoard
2024-04-17,21.050000,21.100000,20.660000,20.750000,7454000,SSI iBoard
2024-04-19,20.360000,20.660000,20.060000,20.590000,14444400,SSI iBoard
2024-04-22,20.980000,21.140000,20.770000,20.940000,6813500,SSI iBoard
2024-04-23,21.050000,21.980000,21.050000,21.370000,15592800,SSI iBoard
2024-04-24,21.650000,21.770000,21.470000,21.740000,7532200,SSI iBoard
2024-04-25,21.740000,21.740000,21.190000,21.350000,7161400,SSI iBoard
2024-04-26,21.280000,21.700000,21.120000,21.560000,5678300,SSI iBoard
2024-05-02,21.650000,21.720000,21.440000,21.680000,4351500,SSI iBoard
2024-05-03,21.980000,22.580000,21.930000,22.300000,13660600,SSI iBoard
2024-05-06,22.440000,22.530000,22.160000,22.370000,7906500,SSI iBoard
2024-05-07,22.370000,22.370000,22.070000,22.160000,9058500,SSI iBoard
2024-05-08,22.160000,22.760000,21.880000,22.300000,15386300,SSI iBoard
2024-05-09,22.490000,22.620000,22.120000,22.420000,8705600,SSI iBoard
2024-05-10,22.580000,22.580000,22.160000,22.440000,7679300,SSI iBoard
2024-05-13,22.440000,22.510000,22.210000,22.390000,6004900,SSI iBoard
2024-05-14,22.420000,22.420000,22.140000,22.160000,7472800,SSI iBoard
2024-05-15,22.160000,22.280000,22.090000,22.250000,9678900,SSI iBoard
2024-05-16,22.440000,23.110000,22.390000,23.090000,20864900,SSI iBoard
2024-05-17,23.020000,23.130000,22.970000,23.020000,6345600,SSI iBoard
2024-05-20,23.110000,23.360000,22.920000,22.990000,9304700,SSI iBoard
2024-05-21,22.950000,22.990000,22.450000,22.520000,11258500,SSI iBoard
2024-05-22,22.540000,22.660000,22.110000,22.140000,14666400,SSI iBoard
2024-05-23,22.090000,22.260000,21.870000,22.180000,7238900,SSI iBoard
2024-05-24,22.020000,22.540000,21.850000,22.140000,14617600,SSI iBoard
2024-05-27,22.140000,22.230000,21.950000,22.180000,5007700,SSI iBoard
2024-05-28,22.180000,22.400000,22.090000,22.370000,6014900,SSI iBoard
2024-05-29,22.420000,22.450000,22.140000,22.180000,6948600,SSI iBoard
2024-05-30,21.970000,22.330000,21.870000,22.330000,7573700,SSI iBoard
2024-05-31,22.330000,22.420000,22.090000,22.420000,5677200,SSI iBoard
2024-06-03,22.660000,22.760000,22.470000,22.490000,10681000,SSI iBoard
2024-06-04,22.660000,22.800000,22.420000,22.710000,9962000,SSI iBoard
2024-06-05,22.760000,22.780000,22.520000,22.660000,9260100,SSI iBoard
2024-06-06,22.680000,22.900000,22.520000,22.900000,13114900,SSI iBoard
2024-06-07,23.380000,23.710000,23.230000,23.420000,15463100,SSI iBoard
2024-06-10,23.610000,23.610000,23.070000,23.330000,8633400,SSI iBoard
2024-06-11,23.610000,23.780000,23.450000,23.540000,16586900,SSI iBoard
2024-06-12,23.540000,23.610000,23.380000,23.570000,9157900,SSI iBoard
2024-06-13,23.610000,23.660000,23.520000,23.570000,8424900,SSI iBoard
2024-06-14,23.610000,23.640000,23.420000,23.420000,9835600,SSI iBoard
2024-06-17,23.400000,23.400000,23.140000,23.190000,9687200,SSI iBoard
2024-06-18,23.190000,23.420000,22.990000,23.280000,10243100,SSI iBoard
2024-06-19,23.380000,23.380000,22.970000,23.040000,17027300,SSI iBoard
2024-06-20,23.420000,24.000000,23.380000,23.660000,34583800,SSI iBoard
2024-06-21,23.810000,23.810000,23.090000,23.380000,11686300,SSI iBoard
2024-06-24,23.380000,23.380000,22.520000,22.850000,14021100,SSI iBoard
2024-06-25,22.850000,22.900000,22.330000,22.900000,12070000,SSI iBoard
2024-06-26,22.850000,22.900000,22.470000,22.900000,7388500,SSI iBoard
2024-06-27,22.570000,22.610000,22.280000,22.370000,12338200,SSI iBoard
2024-06-28,22.370000,22.420000,21.470000,22.280000,21090100,SSI iBoard
2024-07-01,22.040000,22.040000,21.610000,21.610000,9012800,SSI iBoard
2024-07-02,21.800000,22.140000,21.610000,21.850000,9248300,SSI iBoard
2024-07-03,21.900000,22.470000,21.850000,22.420000,10183800,SSI iBoard
2024-07-04,22.420000,22.470000,22.230000,22.420000,5683100,SSI iBoard
2024-07-05,22.280000,22.420000,22.140000,22.420000,8377700,SSI iBoard
2024-07-08,22.420000,22.420000,22.040000,22.370000,6699200,SSI iBoard
2024-07-09,22.230000,22.420000,22.180000,22.280000,11389200,SSI iBoard
2024-07-10,22.330000,22.370000,22.040000,22.090000,10290600,SSI iBoard
2024-07-11,22.090000,22.280000,21.750000,21.750000,15419800,SSI iBoard
2024-07-12,21.800000,21.950000,21.750000,21.750000,5523200,SSI iBoard
2024-07-15,21.800000,21.850000,21.560000,21.610000,6044600,SSI iBoard
2024-07-16,21.610000,21.800000,21.520000,21.660000,11029900,SSI iBoard
2024-07-17,21.800000,23.090000,21.750000,22.610000,27351200,SSI iBoard
2024-07-18,22.610000,22.760000,22.230000,22.610000,11221300,SSI iBoard
2024-07-19,22.660000,22.660000,22.040000,22.330000,14092100,SSI iBoard
2024-07-22,22.230000,22.710000,21.950000,22.570000,14480100,SSI iBoard
2024-07-23,22.710000,22.710000,21.950000,21.990000,12471200,SSI iBoard
2024-07-24,21.800000,22.140000,21.800000,21.950000,10819000,SSI iBoard
2024-07-25,21.800000,21.850000,21.520000,21.710000,8303700,SSI iBoard
2024-07-26,21.660000,21.800000,21.560000,21.710000,6322500,SSI iBoard
2024-07-29,21.800000,21.900000,21.710000,21.710000,5198700,SSI iBoard
2024-07-30,21.660000,21.900000,21.560000,21.900000,6723500,SSI iBoard
2024-07-31,21.950000,22.280000,21.900000,22.180000,11002900,SSI iBoard
2024-08-01,22.140000,22.180000,21.520000,21.950000,11637400,SSI iBoard
2024-08-02,21.520000,22.420000,21.520000,22.420000,13700300,SSI iBoard
2024-08-05,21.950000,21.950000,21.280000,21.280000,16810500,SSI iBoard
2024-08-06,21.370000,21.560000,21.040000,21.280000,17667600,SSI iBoard
2024-08-07,21.370000,21.370000,20.750000,20.800000,19624800,SSI iBoard
2024-08-08,20.610000,20.660000,19.800000,19.890000,41051900,SSI iBoard
2024-08-09,20.040000,20.320000,20.040000,20.130000,14966900,SSI iBoard
2024-08-12,20.230000,20.280000,20.040000,20.280000,10346600,SSI iBoard
2024-08-13,20.230000,20.230000,19.940000,20.040000,11492700,SSI iBoard
2024-08-14,20.080000,20.320000,19.940000,20.230000,11836400,SSI iBoard
2024-08-15,20.230000,20.230000,19.990000,20.180000,9559800,SSI iBoard
2024-08-16,20.180000,20.560000,20.080000,20.470000,21418700,SSI iBoard
2024-08-19,20.560000,20.940000,20.420000,20.900000,15706900,SSI iBoard
2024-08-20,20.940000,21.040000,20.800000,20.850000,12413000,SSI iBoard
2024-08-21,20.700000,21.090000,20.560000,20.990000,20036300,SSI iBoard
2024-08-22,20.990000,21.610000,20.990000,21.320000,20780600,SSI iBoard
2024-08-23,21.320000,21.470000,21.180000,21.370000,11973100,SSI iBoard
2024-08-26,21.470000,21.610000,21.370000,21.470000,16940600,SSI iBoard
2024-08-27,21.470000,21.660000,21.420000,21.610000,15067700,SSI iBoard
2024-08-28,21.660000,22.090000,21.560000,21.950000,19145000,SSI iBoard
2024-08-29,21.950000,22.180000,21.950000,21.950000,16097600,SSI iBoard
2024-08-30,21.950000,22.280000,21.950000,22.280000,13276300,SSI iBoard
2024-09-04,21.990000,22.180000,21.800000,21.950000,13719600,SSI iBoard
2024-09-05,21.850000,21.990000,21.660000,21.750000,11375000,SSI iBoard
2024-09-06,21.750000,21.900000,21.610000,21.750000,12161700,SSI iBoard
2024-09-09,21.660000,21.800000,21.560000,21.610000,12271500,SSI iBoard
2024-09-10,21.660000,21.710000,21.180000,21.230000,14110600,SSI iBoard
2024-09-11,21.130000,21.230000,20.940000,21.090000,11246200,SSI iBoard
2024-09-12,21.280000,21.370000,21.130000,21.280000,9122600,SSI iBoard
2024-09-13,21.280000,21.320000,21.130000,21.180000,10103800,SSI iBoard
2024-09-16,21.180000,21.660000,21.180000,21.180000,11594300,SSI iBoard
2024-09-17,21.130000,21.710000,21.130000,21.710000,7238500,SSI iBoard
2024-09-18,21.710000,22.040000,21.660000,21.950000,15057800,SSI iBoard
2024-09-19,22.140000,22.140000,21.850000,22.140000,13432600,SSI iBoard
2024-09-20,22.230000,22.610000,22.230000,22.470000,30615100,SSI iBoard
2024-09-23,22.470000,22.660000,22.280000,22.280000,8232000,SSI iBoard
2024-09-24,22.230000,22.520000,22.230000,22.470000,11039500,SSI iBoard
2024-09-25,22.660000,22.850000,22.520000,22.710000,23428400,SSI iBoard
2024-09-26,22.710000,23.280000,22.570000,22.990000,26218200,SSI iBoard
2024-09-27,23.090000,23.230000,22.950000,23.090000,16810100,SSI iBoard
2024-09-30,23.040000,23.230000,22.850000,23.090000,21491800,SSI iBoard
2024-10-01,23.090000,23.660000,23.040000,23.520000,40736400,SSI iBoard
2024-10-02,23.420000,24.000000,23.230000,23.760000,28212200,SSI iBoard
2024-10-03,23.810000,24.040000,23.230000,23.230000,29754600,SSI iBoard
2024-10-04,23.230000,23.330000,22.950000,22.950000,21424400,SSI iBoard
2024-10-07,23.140000,23.230000,22.900000,23.040000,12843900,SSI iBoard
2024-10-08,23.090000,23.470000,23.090000,23.280000,16248500,SSI iBoard
2024-10-09,23.280000,23.610000,23.190000,23.520000,21677200,SSI iBoard
2024-10-10,23.760000,23.850000,23.420000,23.420000,18247800,SSI iBoard
2024-10-11,23.420000,23.470000,23.140000,23.330000,13916200,SSI iBoard
2024-10-14,23.420000,23.470000,23.230000,23.230000,11945500,SSI iBoard
2024-10-15,23.230000,23.470000,23.040000,23.140000,14126800,SSI iBoard
2024-10-16,23.090000,23.190000,22.990000,23.090000,9019700,SSI iBoard
2024-10-17,23.090000,23.280000,22.990000,23.230000,9422800,SSI iBoard
2024-10-18,23.330000,23.660000,23.280000,23.330000,15418700,SSI iBoard
2024-10-21,23.330000,23.380000,22.990000,23.040000,9745000,SSI iBoard
2024-10-22,23.090000,23.280000,22.900000,23.090000,16879300,SSI iBoard
2024-10-23,23.090000,23.190000,22.660000,23.090000,16761400,SSI iBoard
2024-10-24,23.040000,23.090000,22.470000,22.570000,14256700,SSI iBoard
2024-10-25,22.660000,22.760000,22.330000,22.420000,14325400,SSI iBoard
2024-10-28,22.420000,22.610000,22.370000,22.570000,7020100,SSI iBoard
2024-10-29,22.610000,22.760000,22.610000,22.660000,6285800,SSI iBoard
2024-10-30,22.710000,22.900000,22.660000,22.900000,11087000,SSI iBoard
2024-10-31,22.900000,22.990000,22.760000,22.800000,8621600,SSI iBoard
2024-11-01,22.760000,22.900000,22.610000,22.610000,14550800,SSI iBoard
2024-11-04,22.660000,22.660000,22.330000,22.370000,13930100,SSI iBoard
2024-11-05,22.420000,22.570000,22.370000,22.370000,9921800,SSI iBoard
2024-11-06,22.520000,22.950000,22.520000,22.800000,15680200,SSI iBoard
2024-11-07,23.040000,23.040000,22.760000,22.760000,8601500,SSI iBoard
2024-11-08,22.900000,22.900000,22.370000,22.520000,13097100,SSI iBoard
2024-11-11,22.610000,22.610000,21.990000,22.140000,15357300,SSI iBoard
2024-11-12,22.330000,22.330000,21.850000,21.990000,12489700,SSI iBoard
2024-11-13,21.950000,22.090000,21.660000,22.090000,13323900,SSI iBoard
2024-11-14,21.950000,21.990000,21.710000,21.750000,7429400,SSI iBoard
2024-11-15,21.750000,21.750000,21.370000,21.420000,14453100,SSI iBoard
2024-11-18,21.370000,21.660000,21.180000,21.420000,12110400,SSI iBoard
2024-11-19,21.520000,21.520000,21.180000,21.370000,6936100,SSI iBoard
2024-11-20,21.280000,21.800000,21.230000,21.800000,10247500,SSI iBoard
2024-11-21,21.750000,22.140000,21.560000,22.140000,11213000,SSI iBoard
2024-11-22,22.140000,22.470000,22.090000,22.420000,14405800,SSI iBoard
2024-11-25,22.420000,22.520000,22.330000,22.420000,7187600,SSI iBoard
2024-11-26,22.420000,22.610000,22.370000,22.470000,6757500,SSI iBoard
2024-11-27,22.420000,22.520000,22.280000,22.420000,6388200,SSI iBoard
2024-11-28,22.570000,22.610000,22.330000,22.520000,8136900,SSI iBoard
2024-11-29,22.420000,22.520000,22.280000,22.520000,8447400,SSI iBoard
2024-12-02,22.610000,22.610000,22.330000,22.570000,6569300,SSI iBoard
2024-12-03,22.570000,22.660000,22.370000,22.570000,8333300,SSI iBoard
2024-12-04,22.370000,22.520000,22.330000,22.370000,8179300,SSI iBoard
2024-12-05,22.370000,23.090000,22.280000,23.090000,14188900,SSI iBoard
2024-12-06,23.090000,23.140000,22.850000,23.040000,10921300,SSI iBoard
2024-12-09,22.990000,23.190000,22.850000,23.040000,7597400,SSI iBoard
2024-12-10,22.950000,23.090000,22.900000,22.950000,7039400,SSI iBoard
2024-12-11,22.950000,23.190000,22.900000,23.040000,10341200,SSI iBoard
2024-12-12,23.090000,23.380000,23.040000,23.140000,18543300,SSI iBoard
2024-12-13,23.190000,23.420000,22.990000,23.230000,11020400,SSI iBoard
2024-12-16,23.190000,23.280000,22.990000,23.190000,6356400,SSI iBoard
2024-12-17,23.280000,23.280000,23.040000,23.090000,5387400,SSI iBoard
2024-12-18,23.140000,23.190000,22.990000,23.090000,5786300,SSI iBoard
2024-12-19,22.900000,22.950000,22.660000,22.660000,15028500,SSI iBoard
2024-12-20,22.760000,22.850000,22.710000,22.710000,4594100,SSI iBoard
2024-12-23,22.900000,22.950000,22.710000,22.800000,3208600,SSI iBoard
2024-12-24,22.950000,22.950000,22.710000,22.900000,5175500,SSI iBoard
2024-12-25,22.900000,23.760000,22.850000,23.330000,18370600,SSI iBoard
2024-12-26,23.380000,23.420000,23.190000,23.230000,5475600,SSI iBoard
2024-12-27,23.380000,23.760000,23.330000,23.470000,15395600,SSI iBoard
2024-12-30,23.610000,23.610000,23.230000,23.280000,10145800,SSI iBoard
2024-12-31,23.230000,23.520000,23.230000,23.520000,9403700,SSI iBoard
2025-01-02,23.520000,23.570000,23.190000,23.230000,7834500,SSI iBoard
2025-01-03,23.230000,23.230000,22.520000,22.520000,17426900,SSI iBoard
2025-01-06,22.520000,22.760000,22.420000,22.520000,8132700,SSI iBoard
2025-01-07,22.800000,22.800000,22.470000,22.570000,7615500,SSI iBoard
2025-01-08,22.710000,23.190000,22.570000,22.850000,11947100,SSI iBoard
2025-01-09,22.950000,22.950000,22.660000,22.850000,4709000,SSI iBoard
2025-01-10,22.900000,22.900000,22.330000,22.330000,6232100,SSI iBoard
2025-01-13,22.140000,22.710000,22.090000,22.710000,7939900,SSI iBoard
2025-01-14,22.470000,22.660000,22.420000,22.520000,4180100,SSI iBoard
2025-01-15,22.710000,22.800000,22.570000,22.610000,6720200,SSI iBoard
2025-01-16,22.760000,22.850000,22.520000,22.760000,8074100,SSI iBoard
2025-01-17,22.760000,23.280000,22.660000,23.280000,10016400,SSI iBoard
2025-01-20,23.280000,23.380000,23.140000,23.280000,5183100,SSI iBoard
2025-01-21,23.280000,23.380000,23.040000,23.090000,8127000,SSI iBoard
2025-01-22,23.330000,23.330000,23.040000,23.090000,7455200,SSI iBoard
2025-01-23,23.230000,23.710000,23.140000,23.470000,21069200,SSI iBoard
2025-01-24,23.660000,23.710000,23.520000,23.610000,10331500,SSI iBoard
2025-02-03,23.380000,23.570000,23.140000,23.140000,10885100,SSI iBoard
2025-02-04,23.230000,23.570000,23.190000,23.520000,12471500,SSI iBoard
2025-02-05,23.710000,23.760000,23.420000,23.570000,9430900,SSI iBoard
2025-02-06,23.760000,24.330000,23.660000,24.040000,37579600,SSI iBoard
2025-02-07,24.280000,24.620000,24.040000,24.570000,26585000,SSI iBoard
2025-02-10,24.570000,25.050000,24.280000,24.570000,22152900,SSI iBoard
2025-02-11,24.900000,24.950000,24.570000,24.710000,15667000,SSI iBoard
2025-02-12,24.810000,24.810000,24.520000,24.520000,11524500,SSI iBoard
2025-02-13,24.430000,24.810000,24.380000,24.760000,11953600,SSI iBoard
2025-02-14,24.900000,25.000000,24.710000,24.810000,10239600,SSI iBoard
2025-02-17,24.810000,24.900000,24.520000,24.520000,10972700,SSI iBoard
2025-02-18,24.520000,24.900000,24.470000,24.660000,10757000,SSI iBoard
2025-02-19,24.760000,24.950000,24.620000,24.900000,12938100,SSI iBoard
2025-02-20,25.000000,25.380000,24.860000,25.330000,21179500,SSI iBoard
2025-02-21,25.380000,25.380000,25.190000,25.280000,8800600,SSI iBoard
2025-02-24,25.190000,25.430000,25.090000,25.280000,11762200,SSI iBoard
2025-02-25,25.380000,25.570000,25.140000,25.190000,14496400,SSI iBoard
2025-02-26,25.190000,25.330000,25.090000,25.090000,9946900,SSI iBoard
2025-02-27,25.190000,25.190000,24.810000,25.050000,12505900,SSI iBoard
2025-02-28,25.050000,25.090000,24.860000,24.900000,12220900,SSI iBoard
2025-03-03,24.950000,25.090000,24.860000,24.900000,9359400,SSI iBoard
2025-03-04,24.900000,26.290000,24.810000,26.240000,40196300,SSI iBoard
2025-03-05,26.240000,26.330000,26.050000,26.050000,13269400,SSI iBoard
2025-03-06,26.190000,26.430000,26.100000,26.430000,12570100,SSI iBoard
2025-03-07,26.430000,26.620000,26.190000,26.480000,14922200,SSI iBoard
2025-03-10,26.480000,27.000000,26.430000,26.520000,13907700,SSI iBoard
2025-03-11,26.240000,26.720000,26.190000,26.720000,15313400,SSI iBoard
2025-03-12,26.810000,26.950000,26.520000,26.570000,10861400,SSI iBoard
2025-03-13,26.520000,26.520000,26.000000,26.050000,18991700,SSI iBoard
2025-03-14,25.860000,26.140000,25.860000,26.050000,10662000,SSI iBoard
2025-03-17,26.100000,26.190000,25.900000,26.190000,11002100,SSI iBoard
2025-03-18,26.240000,26.330000,26.050000,26.140000,7945400,SSI iBoard
2025-03-19,26.050000,26.100000,25.900000,26.000000,12083700,SSI iBoard
2025-03-20,26.240000,26.290000,25.860000,26.190000,14430700,SSI iBoard
2025-03-21,26.100000,26.290000,26.050000,26.100000,7447300,SSI iBoard
2025-03-24,26.100000,26.910000,25.950000,26.720000,21083700,SSI iBoard
2025-03-25,26.810000,26.910000,26.570000,26.620000,8130100,SSI iBoard
2025-03-26,26.620000,27.190000,26.520000,26.720000,24089300,SSI iBoard
2025-03-27,26.720000,26.860000,26.480000,26.480000,7518900,SSI iBoard
2025-03-28,26.480000,26.520000,26.190000,26.290000,12353600,SSI iBoard
2025-03-31,26.140000,26.240000,25.950000,26.240000,12983300,SSI iBoard
2025-04-01,26.240000,26.720000,26.140000,26.670000,9054500,SSI iBoard
2025-04-02,26.720000,26.860000,26.570000,26.620000,6668600,SSI iBoard
2025-04-03,25.710000,25.950000,24.760000,24.760000,58893200,SSI iBoard
2025-04-04,23.040000,24.570000,23.040000,24.520000,56795800,SSI iBoard
2025-04-08,23.850000,23.850000,22.850000,22.850000,33465800,SSI iBoard
2025-04-09,21.280000,23.760000,21.280000,22.520000,40792200,SSI iBoard
2025-04-10,24.090000,24.090000,24.090000,24.090000,1241800,SSI iBoard
2025-04-11,25.280000,25.380000,24.430000,25.380000,47940500,SSI iBoard
2025-04-14,25.380000,25.480000,24.900000,25.330000,19905300,SSI iBoard
2025-04-15,24.860000,25.140000,24.620000,24.810000,21183400,SSI iBoard
2025-04-16,24.950000,25.240000,24.570000,24.620000,18147100,SSI iBoard
2025-04-17,24.430000,24.810000,24.380000,24.810000,14259300,SSI iBoard
2025-04-18,25.280000,25.280000,24.810000,24.810000,16887000,SSI iBoard
2025-04-21,24.810000,25.090000,24.430000,24.570000,12192200,SSI iBoard
2025-04-22,24.090000,24.470000,22.850000,24.000000,29523500,SSI iBoard
2025-04-23,24.570000,25.090000,24.000000,24.900000,18232600,SSI iBoard
2025-04-24,24.810000,24.900000,24.520000,24.570000,8915900,SSI iBoard
2025-04-25,24.760000,24.860000,24.230000,24.760000,19491800,SSI iBoard
2025-04-28,24.810000,24.900000,24.620000,24.810000,11163200,SSI iBoard
2025-04-29,24.810000,25.380000,24.810000,25.090000,18134300,SSI iBoard
2025-05-05,25.430000,25.430000,24.950000,25.280000,9048300,SSI iBoard
2025-05-06,25.280000,25.950000,25.190000,25.620000,24407100,SSI iBoard
2025-05-07,25.620000,25.860000,25.380000,25.760000,13694100,SSI iBoard
2025-05-08,25.760000,26.190000,25.620000,26.140000,18382100,SSI iBoard
2025-05-09,26.050000,26.720000,26.000000,26.330000,18296500,SSI iBoard
2025-05-12,26.380000,28.100000,26.330000,28.050000,46701100,SSI iBoard
2025-05-13,28.150000,28.340000,27.810000,28.050000,13206500,SSI iBoard
2025-05-14,28.000000,29.100000,27.960000,28.480000,19728500,SSI iBoard
2025-05-15,28.530000,28.810000,28.190000,28.530000,17783500,SSI iBoard
2025-05-16,28.530000,28.530000,27.910000,28.100000,20031000,SSI iBoard
2025-05-19,27.860000,28.580000,27.770000,28.150000,20464800,SSI iBoard
2025-05-20,28.150000,29.670000,28.150000,29.530000,38192300,SSI iBoard
2025-05-21,29.580000,29.960000,29.290000,29.480000,19486900,SSI iBoard
2025-05-22,29.240000,29.770000,28.910000,29.100000,28001500,SSI iBoard
2025-05-23,29.150000,29.200000,28.430000,28.770000,17854600,SSI iBoard
2025-05-26,28.770000,28.960000,28.150000,28.960000,20226200,SSI iBoard
2025-05-27,29.200000,29.820000,28.960000,29.200000,23572600,SSI iBoard
2025-05-28,29.290000,29.390000,28.860000,29.100000,18570300,SSI iBoard
2025-05-29,29.100000,29.390000,28.910000,29.390000,14712100,SSI iBoard
2025-05-30,29.390000,29.390000,29.050000,29.050000,9979500,SSI iBoard
2025-06-02,29.010000,29.530000,28.810000,29.430000,13955600,SSI iBoard
2025-06-03,29.480000,30.440000,29.480000,30.150000,23860200,SSI iBoard
2025-06-04,30.250000,30.250000,29.770000,29.910000,15682100,SSI iBoard
2025-06-05,29.910000,30.150000,29.630000,29.670000,15787800,SSI iBoard
2025-06-06,29.580000,29.580000,28.910000,28.910000,28354600,SSI iBoard
2025-06-09,28.910000,29.050000,28.390000,28.390000,20750500,SSI iBoard
2025-06-10,28.580000,29.100000,28.480000,28.670000,15103700,SSI iBoard
2025-06-11,28.960000,28.960000,28.580000,28.720000,6090700,SSI iBoard
2025-06-12,28.960000,29.720000,28.860000,29.530000,24550800,SSI iBoard
2025-06-13,29.290000,30.060000,29.100000,29.770000,27415200,SSI iBoard
2025-06-16,29.580000,30.870000,29.530000,30.820000,23148300,SSI iBoard
2025-06-17,31.060000,31.100000,30.580000,30.910000,17962300,SSI iBoard
2025-06-18,30.910000,31.820000,30.720000,31.300000,17756300,SSI iBoard
2025-06-19,31.300000,32.440000,31.300000,32.440000,23284100,SSI iBoard
2025-06-20,32.630000,33.250000,32.350000,32.440000,17106000,SSI iBoard
2025-06-23,32.060000,32.440000,31.870000,32.250000,18895500,SSI iBoard
2025-06-24,32.490000,33.160000,32.150000,32.440000,25166100,SSI iBoard
2025-06-25,32.580000,32.680000,32.250000,32.250000,13115100,SSI iBoard
2025-06-26,32.440000,32.870000,32.250000,32.490000,12610700,SSI iBoard
2025-06-27,32.540000,32.680000,32.300000,32.390000,9837600,SSI iBoard
2025-06-30,32.540000,33.110000,32.440000,32.630000,13910000,SSI iBoard
2025-07-01,32.630000,32.970000,32.490000,32.820000,12545400,SSI iBoard
2025-07-02,32.920000,33.490000,32.870000,33.390000,16948700,SSI iBoard
2025-07-03,33.540000,33.680000,33.200000,33.250000,22273300,SSI iBoard
2025-07-04,33.250000,33.390000,33.060000,33.350000,12159000,SSI iBoard
2025-07-07,33.590000,33.820000,33.490000,33.680000,12244900,SSI iBoard
2025-07-08,33.680000,33.920000,33.490000,33.680000,12974100,SSI iBoard
2025-07-09,33.820000,33.970000,33.110000,33.300000,31885200,SSI iBoard
2025-07-10,33.300000,33.390000,33.060000,33.200000,14459300,SSI iBoard
2025-07-11,33.200000,33.870000,33.200000,33.350000,18592100,SSI iBoard
2025-07-14,33.350000,33.490000,32.730000,33.490000,18132100,SSI iBoard
2025-07-15,33.540000,34.110000,33.200000,33.200000,18005600,SSI iBoard
2025-07-16,33.200000,33.820000,33.010000,33.630000,15009100,SSI iBoard
2025-07-17,33.780000,33.970000,33.490000,33.540000,16136500,SSI iBoard
2025-07-18,33.540000,34.830000,33.440000,34.590000,36570000,SSI iBoard
2025-07-21,34.630000,34.830000,33.730000,33.820000,23119500,SSI iBoard
2025-07-22,33.540000,33.820000,33.300000,33.730000,26975100,SSI iBoard
2025-07-23,33.780000,33.820000,33.300000,33.390000,27862300,SSI iBoard
2025-07-24,33.440000,33.970000,33.350000,33.440000,19279700,SSI iBoard
2025-07-25,33.490000,33.590000,33.350000,33.590000,18898200,SSI iBoard
2025-07-28,33.630000,34.210000,33.590000,33.970000,30577800,SSI iBoard
2025-07-29,34.110000,34.110000,32.350000,32.350000,45002200,SSI iBoard
2025-07-30,32.580000,33.010000,32.150000,32.920000,30546900,SSI iBoard
2025-07-31,33.010000,33.390000,32.250000,32.440000,26760600,SSI iBoard
2025-08-01,32.580000,33.110000,32.490000,32.540000,20619700,SSI iBoard
2025-08-04,32.540000,33.730000,32.440000,33.730000,23096800,SSI iBoard
2025-08-05,34.160000,36.070000,34.160000,35.300000,92362100,SSI iBoard
2025-08-06,36.260000,37.210000,35.490000,36.450000,30371700,SSI iBoard
2025-08-07,36.730000,37.120000,36.070000,36.640000,30075200,SSI iBoard
2025-08-08,36.970000,36.970000,35.680000,36.110000,31007000,SSI iBoard
2025-08-11,36.210000,36.690000,35.880000,36.020000,24602200,SSI iBoard
2025-08-12,36.070000,36.260000,35.490000,35.970000,22622400,SSI iBoard
2025-08-13,36.070000,36.260000,35.210000,35.780000,27538600,SSI iBoard
2025-08-14,36.020000,37.400000,36.020000,36.640000,38004200,SSI iBoard
2025-08-15,37.120000,37.160000,35.880000,35.880000,31153200,SSI iBoard
2025-08-18,36.450000,36.880000,35.920000,36.210000,21688500,SSI iBoard
2025-08-19,36.500000,37.640000,36.350000,37.400000,37483600,SSI iBoard
2025-08-20,38.590000,39.020000,37.120000,38.640000,52927800,SSI iBoard
2025-08-21,39.410000,40.550000,39.120000,39.640000,37569600,SSI iBoard
2025-08-22,38.640000,39.210000,36.880000,37.210000,53106000,SSI iBoard
2025-08-25,37.740000,37.830000,35.590000,35.830000,39313700,SSI iBoard
2025-08-26,36.260000,37.590000,35.260000,37.550000,29545200,SSI iBoard
2025-08-27,37.690000,38.830000,37.120000,37.160000,25051600,SSI iBoard
2025-08-28,37.780000,37.780000,37.020000,37.780000,18621100,SSI iBoard
2025-08-29,38.260000,38.400000,37.780000,37.780000,23178500,SSI iBoard
2025-09-03,38.210000,38.260000,37.640000,37.780000,13486800,SSI iBoard
2025-09-04,37.780000,38.120000,37.590000,37.780000,16817900,SSI iBoard
2025-09-05,38.120000,39.070000,37.690000,37.690000,35382100,SSI iBoard
2025-09-08,37.690000,37.780000,36.260000,36.260000,31844700,SSI iBoard
2025-09-09,36.780000,36.880000,36.110000,36.730000,27379900,SSI iBoard
2025-09-10,37.450000,37.970000,36.830000,37.210000,25909000,SSI iBoard
2025-09-11,37.120000,37.210000,35.970000,36.920000,20441400,SSI iBoard
2025-09-12,37.260000,37.310000,36.730000,36.830000,18385600,SSI iBoard
2025-09-15,36.780000,37.210000,36.780000,37.210000,16479300,SSI iBoard
2025-09-16,37.830000,38.260000,37.450000,37.550000,30137900,SSI iBoard
2025-09-17,37.550000,37.640000,36.730000,36.920000,15622100,SSI iBoard
2025-09-18,36.920000,37.020000,36.450000,37.020000,13628900,SSI iBoard
2025-09-19,37.020000,37.020000,36.350000,36.640000,10813500,SSI iBoard
2025-09-22,36.540000,36.640000,35.590000,35.780000,21457800,SSI iBoard
2025-09-23,35.830000,36.260000,35.780000,35.780000,8090400,SSI iBoard
2025-09-24,35.780000,37.020000,35.450000,37.020000,14155200,SSI iBoard
2025-09-25,37.020000,37.160000,36.780000,37.120000,11877200,SSI iBoard
2025-09-26,37.120000,37.160000,36.640000,36.920000,11437300,SSI iBoard
2025-09-29,36.830000,37.020000,36.640000,36.970000,10121500,SSI iBoard
2025-09-30,37.270000,37.270000,36.730000,37.070000,11108100,SSI iBoard
2025-10-01,37.070000,37.800000,37.020000,37.760000,13225600,SSI iBoard
2025-10-02,38.050000,38.390000,37.610000,38.050000,16259200,SSI iBoard
2025-10-03,37.760000,37.850000,37.270000,37.560000,11272100,SSI iBoard
2025-10-06,38.150000,38.590000,37.710000,38.590000,23149900,SSI iBoard
2025-10-07,39.180000,39.180000,38.150000,38.200000,11813100,SSI iBoard
2025-10-08,38.440000,38.590000,37.660000,37.800000,20604100,SSI iBoard
2025-10-09,37.800000,38.290000,37.760000,38.150000,18770600,SSI iBoard
2025-10-10,38.290000,39.080000,38.200000,38.540000,20313000,SSI iBoard
2025-10-13,38.490000,40.650000,38.440000,40.450000,43313300,SSI iBoard
2025-10-14,40.890000,41.130000,39.710000,39.960000,25929200,SSI iBoard
2025-10-15,40.160000,40.500000,39.710000,39.960000,13321200,SSI iBoard
2025-10-16,40.350000,40.400000,39.960000,40.400000,20239100,SSI iBoard
2025-10-17,40.790000,40.790000,39.620000,39.810000,18690000,SSI iBoard
2025-10-20,39.810000,39.810000,37.070000,37.070000,30048800,SSI iBoard
2025-10-21,37.320000,37.660000,35.750000,36.870000,28577600,SSI iBoard
2025-10-22,37.320000,37.360000,35.650000,37.220000,15701400,SSI iBoard
2025-10-23,37.270000,37.270000,36.040000,36.480000,15619200,SSI iBoard
2025-10-24,36.240000,36.240000,35.310000,35.360000,23396700,SSI iBoard
2025-10-27,35.550000,35.750000,34.330000,34.330000,15906600,SSI iBoard
2025-10-28,34.330000,35.650000,33.300000,35.260000,26134800,SSI iBoard
2025-10-29,35.160000,36.140000,34.920000,35.650000,13116300,SSI iBoard
2025-10-30,35.750000,35.850000,34.870000,34.960000,10507900,SSI iBoard
2025-10-31,34.960000,35.450000,34.380000,34.380000,12256900,SSI iBoard
2025-11-03,34.380000,34.770000,32.910000,32.910000,16737200,SSI iBoard
2025-11-04,32.910000,34.470000,32.760000,34.280000,16062100,SSI iBoard
2025-11-05,34.180000,34.180000,33.350000,33.400000,11242500,SSI iBoard
2025-11-06,33.450000,33.790000,32.810000,32.910000,13684100,SSI iBoard
2025-11-07,32.910000,33.250000,32.320000,32.320000,16083600,SSI iBoard
2025-11-10,32.610000,32.910000,32.270000,32.710000,8793300,SSI iBoard
2025-11-11,32.760000,33.300000,32.660000,32.960000,11239700,SSI iBoard
2025-11-12,33.010000,34.280000,32.910000,34.280000,12025800,SSI iBoard
2025-11-13,33.940000,34.770000,33.890000,34.380000,12530800,SSI iBoard
2025-11-14,34.080000,34.620000,33.990000,34.380000,5603100,SSI iBoard
2025-11-17,34.380000,34.520000,33.990000,34.430000,9499500,SSI iBoard
2025-11-18,34.470000,34.620000,34.230000,34.620000,8594800,SSI iBoard
2025-11-19,34.670000,34.670000,34.030000,34.080000,6830700,SSI iBoard
2025-11-20,34.130000,34.280000,33.890000,33.890000,6941100,SSI iBoard
2025-11-21,33.790000,33.790000,32.810000,33.540000,8560200,SSI iBoard
2025-11-24,33.590000,33.690000,33.200000,33.250000,8275900,SSI iBoard
2025-11-25,33.300000,33.300000,32.760000,32.760000,9145600,SSI iBoard
2025-11-26,32.910000,33.200000,32.810000,33.150000,7859900,SSI iBoard
2025-11-27,33.250000,33.500000,33.010000,33.050000,8857300,SSI iBoard
2025-11-28,33.050000,33.200000,32.610000,33.050000,8390800,SSI iBoard
2025-12-01,33.010000,33.010000,32.520000,32.520000,7034700,SSI iBoard
2025-12-02,32.520000,33.590000,32.470000,33.500000,14025300,SSI iBoard
2025-12-03,33.540000,34.280000,33.540000,34.180000,16220500,SSI iBoard
2025-12-04,34.280000,34.770000,34.080000,34.670000,12020600,SSI iBoard
2025-12-05,34.770000,34.770000,33.990000,33.990000,7316700,SSI iBoard
2025-12-08,33.940000,34.080000,33.450000,33.500000,6283600,SSI iBoard
2025-12-09,33.500000,33.500000,32.810000,33.100000,10774500,SSI iBoard
2025-12-10,33.050000,33.450000,33.010000,33.010000,5381400,SSI iBoard
2025-12-11,33.050000,33.300000,32.710000,32.710000,6610500,SSI iBoard
2025-12-12,32.760000,32.910000,31.340000,31.340000,19124300,SSI iBoard
2025-12-15,31.340000,31.630000,30.850000,31.340000,10487300,SSI iBoard
2025-12-16,31.340000,32.420000,29.870000,32.320000,14017600,SSI iBoard
2025-12-17,32.320000,32.470000,31.880000,31.930000,6749600,SSI iBoard
2025-12-18,32.120000,32.420000,31.830000,32.320000,9090400,SSI iBoard
2025-12-19,32.520000,32.960000,32.420000,32.910000,9184900,SSI iBoard
2025-12-22,33.150000,34.470000,33.050000,34.470000,16562200,SSI iBoard
2025-12-23,34.570000,34.620000,34.030000,34.080000,12785000,SSI iBoard
2025-12-24,33.990000,34.470000,33.590000,34.230000,10571000,SSI iBoard
2025-12-25,34.230000,35.060000,33.300000,33.300000,10946100,SSI iBoard
2025-12-26,32.810000,33.640000,32.370000,33.200000,12160300,SSI iBoard
2025-12-29,33.250000,33.740000,33.100000,33.350000,6596700,SSI iBoard
2025-12-30,33.500000,33.690000,33.050000,33.640000,7265300,SSI iBoard
2025-12-31,34.080000,34.180000,33.540000,34.180000,9454000,SSI iBoard
2026-01-05,33.940000,34.230000,33.100000,34.230000,8187500,SSI iBoard
2026-01-06,34.230000,35.260000,33.500000,35.260000,25180300,SSI iBoard
2026-01-07,35.500000,35.750000,35.210000,35.650000,13319400,SSI iBoard
2026-01-08,35.750000,35.900000,34.770000,35.260000,21044200,SSI iBoard
2026-01-09,36.290000,36.380000,35.450000,35.900000,28290500,SSI iBoard
2026-01-12,35.940000,37.220000,35.700000,37.220000,23390400,SSI iBoard
2026-01-13,37.320000,37.410000,36.380000,36.580000,20065400,SSI iBoard
2026-01-14,36.430000,36.530000,35.260000,35.750000,24159300,SSI iBoard
2026-01-15,35.260000,35.850000,34.570000,34.870000,27274000,SSI iBoard
2026-01-16,34.920000,35.600000,34.870000,35.060000,9580800,SSI iBoard
2026-01-19,35.160000,35.700000,35.060000,35.550000,9996300,SSI iBoard
2026-01-20,35.600000,35.850000,34.920000,35.210000,15678200,SSI iBoard
2026-01-21,35.060000,35.160000,34.280000,35.060000,11159500,SSI iBoard
2026-01-22,35.110000,35.500000,34.920000,35.260000,8784900,SSI iBoard
2026-01-23,35.450000,36.140000,35.210000,35.750000,20704300,SSI iBoard
2026-01-26,35.940000,35.940000,34.920000,34.920000,9416700,SSI iBoard
2026-01-27,34.770000,35.060000,34.030000,34.230000,12126400,SSI iBoard
2026-01-28,34.280000,34.570000,33.640000,33.790000,11482000,SSI iBoard
2026-01-29,33.940000,34.280000,33.450000,34.180000,8593000,SSI iBoard
2026-01-30,34.130000,35.160000,34.080000,35.160000,11603200,SSI iBoard
2026-02-02,34.570000,35.010000,34.030000,34.280000,9657500,SSI iBoard
2026-02-03,34.870000,34.870000,33.990000,33.990000,14012600,SSI iBoard
2026-02-04,33.990000,34.180000,33.640000,33.840000,11708700,SSI iBoard
2026-02-05,34.230000,34.380000,34.030000,34.130000,10700200,SSI iBoard
2026-02-06,33.790000,33.890000,33.400000,33.890000,12492400,SSI iBoard
2026-02-09,34.280000,34.280000,33.790000,34.030000,7754700,SSI iBoard
2026-02-10,34.080000,34.280000,33.740000,33.890000,9951100,SSI iBoard
2026-02-11,33.990000,34.620000,33.890000,34.570000,11045000,SSI iBoard
2026-02-12,34.670000,35.010000,34.470000,34.720000,7542700,SSI iBoard
2026-02-13,34.470000,34.770000,34.470000,34.720000,6059700,SSI iBoard
2026-02-23,34.770000,35.160000,34.720000,35.110000,9141000,SSI iBoard
2026-02-24,35.110000,35.160000,35.010000,35.060000,10872100,SSI iBoard
2026-02-25,35.060000,35.700000,34.960000,35.260000,12384800,SSI iBoard
2026-02-26,35.360000,35.700000,35.260000,35.700000,9305800,SSI iBoard
2026-02-27,35.310000,35.650000,35.110000,35.500000,7958700,SSI iBoard
2026-03-02,35.060000,35.060000,33.940000,33.940000,17516400,SSI iBoard
2026-03-03,33.940000,34.230000,32.910000,32.910000,17273500,SSI iBoard
2026-03-04,32.810000,33.010000,31.140000,31.830000,30866600,SSI iBoard
2026-03-05,32.320000,32.420000,31.540000,31.540000,15754300,SSI iBoard
2026-03-06,31.440000,31.440000,30.700000,30.800000,14743000,SSI iBoard
2026-03-09,28.650000,29.190000,28.650000,28.650000,33386400,SSI iBoard
2026-03-10,30.170000,30.170000,29.140000,29.680000,18772700,SSI iBoard
2026-03-11,29.430000,30.700000,29.330000,30.460000,12998900,SSI iBoard
2026-03-12,29.920000,30.360000,29.280000,29.380000,18068400,SSI iBoard
2026-03-13,29.380000,29.680000,29.040000,29.380000,9833600,SSI iBoard
2026-03-16,29.380000,29.820000,29.380000,29.580000,8138100,SSI iBoard
2026-03-17,29.630000,30.260000,29.480000,29.680000,13156600,SSI iBoard
2026-03-18,29.870000,30.170000,29.530000,29.680000,6834600,SSI iBoard
2026-03-19,29.530000,29.680000,29.280000,29.430000,16386600,SSI iBoard
2026-03-20,29.380000,29.480000,29.240000,29.240000,7919000,SSI iBoard
2026-03-23,28.890000,28.940000,28.300000,28.300000,15397100,SSI iBoard
2026-03-24,28.700000,29.240000,28.550000,29.240000,9251700,SSI iBoard
2026-03-25,29.680000,30.260000,29.430000,30.170000,10014500,SSI iBoard
2026-03-26,30.070000,30.070000,29.530000,29.530000,7432100,SSI iBoard
2026-03-27,29.530000,30.070000,29.430000,30.020000,7624800,SSI iBoard
2026-03-30,29.430000,29.870000,29.140000,29.870000,6340300,SSI iBoard
2026-03-31,29.870000,30.120000,29.770000,30.070000,8861500,SSI iBoard
2026-04-01,30.700000,30.700000,30.170000,30.170000,8787500,SSI iBoard
2026-04-02,29.870000,29.920000,29.480000,29.720000,7864700,SSI iBoard
2026-04-03,29.770000,29.870000,29.140000,29.140000,8900100,SSI iBoard
2026-04-06,29.090000,29.090000,28.400000,28.450000,12541800,SSI iBoard
2026-04-07,28.650000,28.700000,27.770000,28.110000,15385300,SSI iBoard
2026-04-08,29.140000,30.070000,28.890000,30.070000,18128900,SSI iBoard
2026-04-09,30.310000,30.950000,29.970000,30.260000,20809500,SSI iBoard
2026-04-10,30.410000,31.980000,30.410000,31.590000,30690500,SSI iBoard
2026-04-13,30.850000,31.490000,30.850000,31.240000,10921700,SSI iBoard
2026-04-14,31.730000,31.880000,31.190000,31.390000,9838400,SSI iBoard
2026-04-15,31.730000,31.880000,31.190000,31.190000,12297700,SSI iBoard
2026-04-16,31.190000,31.440000,31.140000,31.240000,8572900,SSI iBoard
2026-04-17,31.490000,31.780000,31.340000,31.590000,12197000,SSI iBoard
2026-04-20,31.730000,32.220000,31.680000,31.930000,12615300,SSI iBoard
2026-04-21,31.980000,32.170000,31.830000,32.030000,10355500,SSI iBoard
2026-04-22,32.420000,32.810000,32.220000,32.320000,15089100,SSI iBoard
2026-04-23,32.320000,33.010000,32.220000,32.610000,12864900,SSI iBoard
2026-04-24,32.710000,33.590000,32.610000,33.540000,24933500,SSI iBoard
2026-04-28,34.280000,34.280000,33.790000,33.890000,16775400,SSI iBoard
2026-04-29,33.790000,33.890000,32.810000,33.150000,16456400,SSI iBoard
2026-05-04,33.100000,33.250000,32.610000,32.860000,11611400,SSI iBoard
2026-05-05,32.760000,32.760000,32.030000,32.610000,10590600,SSI iBoard
2026-05-06,32.760000,33.200000,32.520000,33.200000,7863100,SSI iBoard
2026-05-07,33.350000,33.500000,33.010000,33.010000,9746800,SSI iBoard
2026-05-08,32.960000,33.250000,32.860000,33.150000,10525100,SSI iBoard
2026-05-11,33.250000,33.250000,33.050000,33.100000,10445400,SSI iBoard
2026-05-12,33.100000,33.150000,32.960000,33.100000,9674900,SSI iBoard
2026-05-13,33.200000,33.200000,32.860000,32.910000,11500800,SSI iBoard
2026-05-14,32.910000,33.300000,32.910000,33.300000,10236700,SSI iBoard
2026-05-15,33.640000,34.080000,33.250000,33.350000,22577300,SSI iBoard
2026-05-18,33.300000,33.500000,33.050000,33.300000,12191600,SSI iBoard
2026-05-19,33.500000,33.600000,32.600000,32.600000,15755800,SSI iBoard
2026-05-20,32.200000,32.450000,31.050000,32.450000,19950800,SSI iBoard
2026-05-21,32.500000,32.600000,32.200000,32.250000,9017000,SSI iBoard
2026-05-22,32.400000,32.400000,31.650000,32.200000,7157000,SSI iBoard
2026-05-25,32.050000,32.800000,32.050000,32.550000,6800800,SSI iBoard
2026-05-26,32.500000,33.000000,32.450000,32.900000,5439700,SSI iBoard
2026-05-27,33.100000,33.700000,32.900000,33.650000,16305800,SSI iBoard
2026-05-28,33.600000,33.600000,32.600000,32.600000,8065900,SSI iBoard
2026-05-29,32.650000,33.050000,32.650000,32.750000,6878700,SSI iBoard
2026-06-01,32.850000,32.950000,32.350000,32.350000,5957400,SSI iBoard
2026-06-02,32.350000,32.400000,31.900000,31.900000,8472100,SSI iBoard
2026-06-03,31.900000,32.000000,31.450000,31.550000,11052800,SSI iBoard
2026-06-04,31.650000,31.900000,31.450000,31.450000,6761500,SSI iBoard
2026-06-05,31.500000,32.000000,31.500000,31.700000,5839000,SSI iBoard
2026-06-08,31.500000,31.600000,30.850000,30.850000,9610500,SSI iBoard
2026-06-09,30.900000,31.200000,30.800000,30.900000,9572400,SSI iBoard
2026-06-10,31.050000,31.250000,30.900000,30.950000,4691800,SSI iBoard
2026-06-11,30.950000,31.050000,30.800000,30.850000,6590700,SSI iBoard
2026-06-12,31.300000,31.450000,31.050000,31.250000,10931200,SSI iBoard
2026-06-15,31.700000,31.950000,31.250000,31.700000,10553500,SSI iBoard
2026-06-16,31.800000,31.900000,31.550000,31.750000,7120000,SSI iBoard
2026-06-17,31.750000,31.800000,31.350000,31.450000,16629400,SSI iBoard
2026-06-18,31.450000,31.500000,31.150000,31.200000,8917000,SSI iBoard
2026-06-19,31.250000,31.300000,30.900000,30.950000,10874100,SSI iBoard
2026-06-22,31.150000,31.150000,30.900000,30.900000,5678600,SSI iBoard
2026-06-23,31.000000,33.050000,31.000000,32.050000,28233400,SSI iBoard
2026-06-24,32.500000,32.950000,32.000000,32.500000,17964000,SSI iBoard
2026-06-25,32.700000,33.500000,32.450000,33.400000,20973800,SSI iBoard
2026-06-26,33.400000,33.450000,32.900000,33.400000,10271000,SSI iBoard
2026-06-29,33.300000,33.900000,33.250000,33.800000,14115800,SSI iBoard
2026-06-30,33.850000,33.850000,33.450000,33.500000,9363600,SSI iBoard
2026-07-01,33.550000,34.500000,33.500000,34.300000,14899400,SSI iBoard
2026-07-02,34.350000,34.600000,33.800000,33.850000,12377100,SSI iBoard
2026-07-03,33.950000,33.950000,33.200000,33.600000,15380400,SSI iBoard
2026-07-06,33.600000,33.950000,33.200000,33.750000,10686300,SSI iBoard
2026-07-07,33.750000,33.850000,33.350000,33.850000,7544400,SSI iBoard
2026-07-08,33.850000,34.200000,33.750000,33.750000,12585200,SSI iBoard
2026-07-09,33.550000,33.650000,33.150000,33.150000,11473700,SSI iBoard
2026-07-10,33.150000,33.200000,32.300000,32.400000,16294000,SSI iBoard
2026-07-13,32.250000,32.350000,31.500000,32.350000,19906700,SSI iBoard
2026-07-14,32.150000,32.300000,31.750000,32.200000,11243700,SSI iBoard
2026-07-15,32.050000,32.200000,31.500000,31.500000,8134600,SSI iBoard
2026-07-16,31.300000,31.900000,30.750000,31.900000,14633400,SSI iBoard
2026-07-17,31.900000,31.900000,31.450000,31.450000,7054000,SSI iBoard
2026-07-20,31.400000,31.400000,29.950000,29.950000,14287800,SSI iBoard
2026-07-21,30.000000,30.200000,29.600000,29.800000,10138100,SSI iBoard
2026-07-22,29.900000,30.300000,29.000000,29.000000,19146900,SSI iBoard
2026-07-23,29.050000,29.950000,28.350000,29.250000,16985100,SSI iBoard
2026-07-24,28.900000,29.200000,28.500000,28.600000,10695100,SSI iBoard
2026-07-27,28.700000,29.050000,28.250000,28.250000,10295400,SSI iBoard
2026-07-28,28.150000,28.600000,27.800000,28.500000,10441600,SSI iBoard
2026-07-29,28.150000,28.550000,28.150000,28.400000,8541800,SSI iBoard
2026-07-30,28.600000,29.750000,28.400000,29.300000,19699200,SSI iBoard
2026-07-31,29.550000,29.550000,28.950000,28.950000,11594700,SSI iBoard
2026-08-03,29.150000,30.300000,29.150000,29.950000,13434400,SSI iBoard
2026-08-04,29.900000,29.950000,29.550000,29.650000,9310400,SSI iBoard
2026-08-05,29.900000,30.050000,29.550000,29.650000,12029900,SSI iBoard
2026-08-06,29.700000,29.750000,29.200000,29.200000,11006100,SSI iBoard
2026-08-07,29.150000,29.700000,28.900000,29.700000,22690400,SSI iBoard
2026-08-10,29.700000,31.350000,29.500000,31.350000,34812900,SSI iBoard
2026-08-11,31.150000,31.550000,30.700000,31.000000,18021000,SSI iBoard
2026-08-12,31.000000,31.500000,30.900000,31.500000,15306400,SSI iBoard
2026-08-13,31.500000,32.100000,31.300000,31.700000,33919400,SSI iBoard
2026-08-14,31.700000,32.150000,31.450000,32.000000,15485400,SSI iBoard
2026-08-17,31.850000,32.050000,31.600000,31.800000,10961200,SSI iBoard
2026-08-18,31.850000,31.850000,30.600000,30.850000,14744200,SSI iBoard
2026-08-19,30.650000,31.100000,30.650000,31.000000,8372700,SSI iBoard
2026-08-20,31.200000,31.300000,30.850000,31.000000,6415500,SSI iBoard
2026-08-21,30.800000,31.700000,30.750000,31.650000,9772000,SSI iBoard
2026-08-24,31.650000,31.900000,31.450000,31.450000,10086100,SSI iBoard
2026-08-25,31.450000,31.900000,31.200000,31.300000,14732000,SSI iBoard
2026-08-26,31.250000,33.450000,31.000000,33.450000,39167000,SSI iBoard
2026-08-27,33.500000,35.200000,33.450000,34.100000,32608700,SSI iBoard
2026-08-28,33.350000,33.650000,32.700000,33.400000,27675200,SSI iBoard
2026-09-03,33.100000,33.100000,32.100000,32.100000,25003600,SSI iBoard
2026-09-04,32.200000,32.800000,32.000000,32.600000,12024400,SSI iBoard
2026-09-07,32.600000,32.650000,31.900000,31.900000,11450100,SSI iBoard
2026-09-08,31.900000,32.250000,31.850000,31.950000,7754000,SSI iBoard
2026-09-09,32.000000,32.700000,32.000000,32.400000,10974600,SSI iBoard
2026-09-10,32.200000,32.500000,32.150000,32.400000,5852200,SSI iBoard
2026-09-11,32.200000,32.300000,31.600000,31.600000,15192300,SSI iBoard
2026-09-14,31.450000,32.200000,31.400000,31.850000,11777000,SSI iBoard
2026-09-15,31.850000,32.400000,31.850000,32.200000,9080700,SSI iBoard
2026-09-16,32.400000,32.450000,31.900000,32.450000,9514400,SSI iBoard
2026-09-17,32.200000,32.700000,32.200000,32.650000,12488900,SSI iBoard
2026-09-18,32.800000,33.000000,31.600000,31.600000,15676600,SSI iBoard
2026-09-21,32.000000,32.250000,31.600000,32.250000,14620400,SSI iBoard
2026-09-22,32.200000,32.700000,32.050000,32.300000,11125400,SSI iBoard
2026-09-23,32.250000,33.450000,32.200000,33.150000,39007100,SSI iBoard
2026-09-24,32.750000,33.150000,32.750000,32.950000,16336800,SSI iBoard
2026-09-25,32.900000,33.700000,32.850000,33.250000,27899800,SSI iBoard
2026-09-28,33.200000,33.250000,32.400000,32.850000,21588800,SSI iBoard
2026-09-29,32.550000,32.800000,32.250000,32.600000,15103700,SSI iBoard
2026-09-30,32.800000,32.850000,32.300000,32.550000,16570700,SSI iBoard
