date,open,high,low,close,volume,source
2009-07-01,9.510000,9.510000,8.980000,9.130000,6248390,SSI iBoard
2009-07-02,8.980000,9.060000,8.680000,8.760000,1515670,SSI iBoard
2009-07-03,8.530000,8.610000,8.450000,8.450000,899720,SSI iBoard
2009-07-06,8.450000,8.830000,8.450000,8.830000,1571740,SSI iBoard
2009-07-07,8.680000,8.760000,8.530000,8.530000,1115420,SSI iBoard
2009-07-08,8.300000,8.450000,8.230000,8.380000,763030,SSI iBoard
2009-07-09,8.230000,8.450000,8.080000,8.150000,982430,SSI iBoard
2009-07-10,8.000000,8.080000,7.780000,7.780000,1973450,SSI iBoard
2009-07-13,7.550000,7.780000,7.400000,7.400000,812260,SSI iBoard
2009-07-14,7.430000,7.430000,7.170000,7.220000,847840,SSI iBoard
2009-07-15,7.250000,7.520000,7.250000,7.400000,807250,SSI iBoard
2009-07-16,7.550000,7.550000,7.460000,7.520000,638990,SSI iBoard
2009-07-17,7.470000,7.500000,7.370000,7.410000,311000,SSI iBoard
2009-07-20,7.110000,7.140000,7.050000,7.070000,869220,SSI iBoard
2009-07-21,7.130000,7.200000,7.070000,7.080000,483900,SSI iBoard
2009-07-22,7.170000,7.190000,7.130000,7.170000,411780,SSI iBoard
2009-07-23,7.100000,7.520000,7.100000,7.520000,929090,SSI iBoard
2009-07-24,7.850000,7.850000,7.850000,7.850000,624760,SSI iBoard
2009-07-27,8.230000,8.230000,7.930000,8.230000,1535460,SSI iBoard
2009-07-28,8.230000,8.450000,7.930000,8.000000,1192800,SSI iBoard
2009-07-30,7.850000,7.930000,7.620000,7.780000,606660,SSI iBoard
2009-07-31,8.080000,8.150000,8.000000,8.150000,1125450,SSI iBoard
2009-08-03,8.530000,8.530000,8.300000,8.530000,2707260,SSI iBoard
2009-08-05,8.760000,8.910000,8.610000,8.760000,1654270,SSI iBoard
2009-08-06,8.760000,8.910000,8.530000,8.610000,1656340,SSI iBoard
2009-08-07,8.530000,8.680000,8.530000,8.530000,1017420,SSI iBoard
2009-08-10,8.610000,8.760000,8.530000,8.680000,689300,SSI iBoard
2009-08-11,8.610000,8.760000,8.530000,8.610000,1207840,SSI iBoard
2009-08-12,8.680000,8.680000,8.530000,8.530000,996150,SSI iBoard
2009-08-13,8.680000,8.680000,8.530000,8.610000,896790,SSI iBoard
2009-08-14,8.530000,8.680000,8.530000,8.610000,709790,SSI iBoard
2009-08-17,8.530000,8.610000,8.450000,8.450000,622790,SSI iBoard
2009-08-18,8.300000,8.450000,8.300000,8.380000,927850,SSI iBoard
2009-08-19,8.530000,8.530000,8.300000,8.380000,719390,SSI iBoard
2009-08-20,8.450000,8.450000,8.300000,8.380000,578130,SSI iBoard
2009-08-21,8.450000,8.760000,8.450000,8.450000,1444220,SSI iBoard
2009-08-24,8.610000,8.610000,8.450000,8.530000,634370,SSI iBoard
2009-08-25,8.530000,8.530000,8.380000,8.380000,577480,SSI iBoard
2009-08-26,8.450000,8.530000,8.380000,8.450000,516120,SSI iBoard
2009-08-27,8.450000,8.450000,8.380000,8.450000,538870,SSI iBoard
2009-08-28,8.530000,8.530000,8.450000,8.530000,639140,SSI iBoard
2009-08-31,8.680000,8.680000,8.530000,8.680000,874340,SSI iBoard
2009-09-01,8.530000,8.680000,8.530000,8.610000,847070,SSI iBoard
2009-09-03,8.450000,8.530000,8.230000,8.450000,1078760,SSI iBoard
2009-09-04,8.450000,8.450000,8.230000,8.230000,1015060,SSI iBoard
2009-09-07,8.000000,8.230000,7.850000,8.000000,954060,SSI iBoard
2009-09-08,8.150000,8.150000,8.000000,8.080000,687300,SSI iBoard
2009-09-09,8.080000,8.150000,8.000000,8.080000,682660,SSI iBoard
2009-09-10,8.000000,8.080000,8.000000,8.000000,412250,SSI iBoard
2009-09-11,8.000000,8.080000,7.930000,8.000000,416470,SSI iBoard
2009-09-14,8.000000,8.080000,7.930000,8.000000,588470,SSI iBoard
2009-09-15,8.080000,8.080000,7.930000,7.930000,727020,SSI iBoard
2009-09-16,10.570000,8.300000,8.300000,8.300000,879780,SSI iBoard
2009-09-17,8.680000,8.680000,8.150000,8.450000,2195540,SSI iBoard
2009-09-18,8.300000,8.530000,8.150000,8.530000,850000,SSI iBoard
2009-09-21,8.530000,8.530000,8.300000,8.300000,761980,SSI iBoard
2009-09-22,8.150000,8.300000,8.150000,8.150000,658880,SSI iBoard
2009-09-23,8.300000,8.450000,8.230000,8.230000,757950,SSI iBoard
2009-09-24,8.150000,8.230000,8.080000,8.080000,541670,SSI iBoard
2009-09-25,8.080000,8.450000,8.000000,8.380000,933140,SSI iBoard
2009-09-28,8.450000,8.450000,8.230000,8.230000,561480,SSI iBoard
2009-09-29,8.300000,8.300000,8.080000,8.150000,750310,SSI iBoard
2009-09-30,8.150000,8.230000,8.000000,8.080000,712000,SSI iBoard
2009-10-01,8.080000,8.080000,7.930000,7.930000,875180,SSI iBoard
2009-10-02,7.780000,7.780000,7.550000,7.700000,1416100,SSI iBoard
2009-10-05,7.780000,7.780000,7.550000,7.700000,606370,SSI iBoard
2009-10-06,7.780000,7.780000,7.620000,7.620000,460990,SSI iBoard
2009-10-07,7.700000,7.780000,7.620000,7.700000,596580,SSI iBoard
2009-10-08,7.780000,7.780000,7.620000,7.700000,448600,SSI iBoard
2009-10-09,7.780000,7.850000,7.700000,7.780000,794860,SSI iBoard
2009-10-12,7.850000,8.000000,7.780000,8.000000,759120,SSI iBoard
2009-10-13,8.000000,8.000000,7.700000,7.850000,513610,SSI iBoard
2009-10-14,7.780000,8.230000,7.780000,8.230000,1359110,SSI iBoard
2009-10-15,8.610000,8.610000,8.450000,8.610000,3378300,SSI iBoard
2009-10-16,8.680000,8.910000,8.530000,8.530000,2239820,SSI iBoard
2009-10-19,8.300000,8.530000,8.230000,8.300000,1015080,SSI iBoard
2009-10-20,8.380000,8.450000,8.230000,8.230000,909450,SSI iBoard
2009-10-21,8.230000,8.230000,8.150000,8.150000,1038410,SSI iBoard
2009-10-22,8.230000,8.300000,8.150000,8.300000,865390,SSI iBoard
2009-10-23,8.380000,8.680000,8.300000,8.530000,3946240,SSI iBoard
2009-10-26,8.610000,8.680000,8.230000,8.300000,1130810,SSI iBoard
2009-10-27,8.000000,8.230000,7.930000,8.000000,1594080,SSI iBoard
2009-10-28,8.150000,8.150000,7.930000,8.000000,623620,SSI iBoard
2009-10-29,7.780000,7.930000,7.620000,7.700000,3489050,SSI iBoard
2009-10-30,7.930000,8.000000,7.700000,7.850000,1302800,SSI iBoard
2009-11-02,8.000000,8.000000,7.620000,8.000000,2142950,SSI iBoard
2009-11-03,7.930000,8.000000,7.620000,7.780000,1390550,SSI iBoard
2009-11-04,7.850000,7.930000,7.700000,7.780000,788110,SSI iBoard
2009-11-05,7.780000,8.080000,7.780000,8.000000,997290,SSI iBoard
2009-11-06,8.000000,8.080000,7.780000,7.780000,905910,SSI iBoard
2009-11-09,7.700000,7.850000,7.620000,7.620000,1193030,SSI iBoard
2009-11-10,7.700000,7.780000,7.490000,7.490000,813300,SSI iBoard
2009-11-11,7.550000,7.620000,7.470000,7.550000,657810,SSI iBoard
2009-11-12,7.620000,7.700000,7.520000,7.620000,948480,SSI iBoard
2009-11-13,7.550000,7.550000,7.490000,7.520000,703390,SSI iBoard
2009-11-16,7.470000,7.550000,7.470000,7.490000,770120,SSI iBoard
2009-11-17,7.460000,7.470000,7.380000,7.380000,601790,SSI iBoard
2009-11-18,7.320000,7.370000,7.260000,7.290000,536330,SSI iBoard
2009-11-19,7.310000,7.440000,7.250000,7.380000,533380,SSI iBoard
2009-11-20,7.380000,7.380000,7.280000,7.280000,585050,SSI iBoard
2009-11-23,7.250000,7.260000,7.130000,7.130000,771170,SSI iBoard
2009-11-24,7.100000,7.110000,6.990000,6.990000,585000,SSI iBoard
2009-11-25,6.640000,6.940000,6.640000,6.640000,1319610,SSI iBoard
2009-11-26,6.420000,6.480000,6.310000,6.310000,1859930,SSI iBoard
2009-11-27,6.010000,6.610000,6.010000,6.610000,947680,SSI iBoard
2009-11-30,6.760000,6.930000,6.720000,6.930000,715590,SSI iBoard
2009-12-01,7.260000,7.260000,7.170000,7.260000,1443350,SSI iBoard
2009-12-02,7.100000,7.380000,6.900000,7.100000,796240,SSI iBoard
2009-12-03,6.940000,7.170000,6.900000,7.100000,485690,SSI iBoard
2009-12-04,7.130000,7.130000,6.940000,6.980000,267060,SSI iBoard
2009-12-07,6.880000,6.990000,6.880000,6.940000,275960,SSI iBoard
2009-12-08,6.940000,6.940000,6.720000,6.750000,537020,SSI iBoard
2009-12-09,6.490000,6.550000,6.450000,6.490000,865220,SSI iBoard
2009-12-10,6.580000,6.580000,6.450000,6.450000,533130,SSI iBoard
2009-12-11,6.340000,6.420000,6.140000,6.160000,749300,SSI iBoard
2009-12-14,6.460000,6.460000,6.310000,6.460000,459670,SSI iBoard
2009-12-15,6.460000,6.780000,6.420000,6.780000,976610,SSI iBoard
2009-12-16,6.780000,6.790000,6.490000,6.490000,889550,SSI iBoard
2009-12-17,6.460000,6.790000,6.340000,6.640000,462480,SSI iBoard
2009-12-18,6.790000,6.980000,6.790000,6.980000,722180,SSI iBoard
2009-12-21,6.980000,7.250000,6.980000,7.190000,561830,SSI iBoard
2009-12-22,6.940000,7.130000,6.940000,7.040000,387540,SSI iBoard
2009-12-23,7.040000,7.040000,6.940000,6.980000,296080,SSI iBoard
2009-12-24,6.880000,6.940000,6.870000,6.940000,396050,SSI iBoard
2009-12-25,7.250000,7.250000,7.100000,7.100000,685690,SSI iBoard
2009-12-28,6.960000,7.010000,6.930000,6.940000,264190,SSI iBoard
2009-12-29,6.790000,7.020000,6.790000,6.820000,342830,SSI iBoard
2009-12-30,6.760000,6.930000,6.760000,6.880000,208290,SSI iBoard
2009-12-31,6.940000,7.100000,6.880000,7.100000,398120,SSI iBoard
2010-01-04,7.100000,7.440000,7.100000,7.440000,598640,SSI iBoard
2010-01-05,7.700000,7.780000,7.440000,7.520000,935140,SSI iBoard
2010-01-06,7.260000,7.520000,7.250000,7.250000,479840,SSI iBoard
2010-01-07,7.250000,7.260000,7.100000,7.100000,207490,SSI iBoard
2010-01-08,7.190000,7.220000,7.080000,7.100000,351610,SSI iBoard
2010-01-11,7.170000,7.170000,6.760000,7.100000,207120,SSI iBoard
2010-01-12,7.020000,7.100000,6.870000,6.870000,269580,SSI iBoard
2010-01-13,6.570000,7.100000,6.570000,7.100000,469510,SSI iBoard
2010-01-14,7.100000,7.130000,6.940000,7.010000,129590,SSI iBoard
2010-01-15,6.870000,6.930000,6.840000,6.840000,213500,SSI iBoard
2010-01-18,6.790000,6.790000,6.570000,6.570000,332360,SSI iBoard
2010-01-19,6.640000,6.750000,6.610000,6.750000,208770,SSI iBoard
2010-01-20,6.610000,6.850000,6.610000,6.610000,154590,SSI iBoard
2010-01-21,6.610000,6.640000,6.490000,6.490000,441690,SSI iBoard
2010-01-22,6.490000,6.570000,6.370000,6.420000,331220,SSI iBoard
2010-01-25,6.390000,6.430000,6.390000,6.420000,161220,SSI iBoard
2010-01-26,6.460000,6.600000,6.430000,6.460000,279270,SSI iBoard
2010-01-27,6.510000,6.570000,6.450000,6.460000,168830,SSI iBoard
2010-01-28,6.420000,6.490000,6.390000,6.390000,134440,SSI iBoard
2010-01-29,6.390000,6.390000,6.340000,6.340000,162850,SSI iBoard
2010-02-01,6.340000,6.400000,6.310000,6.310000,108370,SSI iBoard
2010-02-02,6.490000,6.490000,6.340000,6.390000,260860,SSI iBoard
2010-02-03,6.490000,6.570000,6.460000,6.570000,334020,SSI iBoard
2010-02-04,6.570000,6.640000,6.550000,6.600000,256860,SSI iBoard
2010-02-05,6.640000,6.640000,6.570000,6.600000,220730,SSI iBoard
2010-02-08,6.480000,6.600000,6.480000,6.600000,146740,SSI iBoard
2010-02-09,6.520000,6.550000,6.430000,6.430000,80320,SSI iBoard
2010-02-10,6.490000,6.610000,6.490000,6.570000,77640,SSI iBoard
2010-02-11,6.580000,6.720000,6.580000,6.720000,229520,SSI iBoard
2010-02-12,6.790000,6.810000,6.700000,6.720000,191060,SSI iBoard
2010-02-22,6.790000,6.900000,6.790000,6.820000,282530,SSI iBoard
2010-02-23,6.820000,6.820000,6.730000,6.820000,473230,SSI iBoard
2010-02-24,6.840000,7.020000,6.760000,7.020000,708110,SSI iBoard
2010-02-25,7.020000,7.100000,6.910000,7.100000,664780,SSI iBoard
2010-02-26,7.070000,7.400000,7.050000,7.400000,896140,SSI iBoard
2010-03-01,7.520000,7.550000,7.400000,7.520000,569580,SSI iBoard
2010-03-02,7.340000,7.380000,7.160000,7.160000,438130,SSI iBoard
2010-03-03,7.170000,7.250000,7.100000,7.220000,200550,SSI iBoard
2010-03-04,7.250000,7.250000,7.110000,7.110000,180180,SSI iBoard
2010-03-05,7.080000,7.170000,7.080000,7.080000,131760,SSI iBoard
2010-03-08,7.080000,7.160000,7.020000,7.080000,349730,SSI iBoard
2010-03-09,7.080000,7.250000,7.080000,7.250000,423380,SSI iBoard
2010-03-10,7.400000,7.450000,7.390000,7.420000,268350,SSI iBoard
2010-03-11,7.460000,7.460000,7.360000,7.360000,90870,SSI iBoard
2010-03-12,7.400000,7.400000,7.290000,7.360000,200050,SSI iBoard
2010-03-15,7.280000,7.370000,7.280000,7.280000,335920,SSI iBoard
2010-03-16,7.200000,7.200000,7.090000,7.090000,289410,SSI iBoard
2010-03-17,6.970000,7.200000,6.970000,6.970000,212650,SSI iBoard
2010-03-18,6.970000,7.050000,6.950000,6.980000,262660,SSI iBoard
2010-03-19,6.910000,6.980000,6.910000,6.910000,326180,SSI iBoard
2010-03-22,6.890000,7.090000,6.890000,6.940000,192140,SSI iBoard
2010-03-23,6.950000,7.120000,6.940000,6.950000,200810,SSI iBoard
2010-03-24,6.970000,7.000000,6.940000,7.000000,124330,SSI iBoard
2010-03-25,6.910000,6.950000,6.810000,6.840000,135370,SSI iBoard
2010-03-26,6.840000,7.050000,6.810000,7.050000,284850,SSI iBoard
2010-03-29,6.950000,7.050000,6.940000,6.950000,165200,SSI iBoard
2010-03-30,6.890000,6.940000,6.840000,6.840000,119080,SSI iBoard
2010-03-31,6.830000,6.940000,6.810000,6.810000,148860,SSI iBoard
2010-04-01,6.840000,6.840000,6.800000,6.840000,268010,SSI iBoard
2010-04-02,6.970000,6.970000,6.810000,6.860000,190480,SSI iBoard
2010-04-05,6.950000,6.970000,6.890000,6.920000,265780,SSI iBoard
2010-04-06,6.920000,6.940000,6.890000,6.890000,248550,SSI iBoard
2010-04-07,6.890000,6.890000,6.830000,6.860000,167350,SSI iBoard
2010-04-08,6.800000,6.860000,6.800000,6.800000,266300,SSI iBoard
2010-04-09,6.750000,6.840000,6.750000,6.810000,230040,SSI iBoard
2010-04-12,6.830000,6.890000,6.810000,6.890000,295540,SSI iBoard
2010-04-13,6.840000,6.890000,6.800000,6.800000,117080,SSI iBoard
2010-04-14,6.750000,6.800000,6.740000,6.750000,83880,SSI iBoard
2010-04-15,6.810000,6.810000,6.740000,6.750000,300830,SSI iBoard
2010-04-16,6.750000,6.770000,6.690000,6.690000,226720,SSI iBoard
2010-04-19,6.630000,6.670000,6.630000,6.630000,154570,SSI iBoard
2010-04-20,6.630000,6.640000,6.550000,6.570000,200870,SSI iBoard
2010-04-21,6.550000,6.580000,6.550000,6.580000,146630,SSI iBoard
2010-04-22,6.630000,6.860000,6.610000,6.780000,210380,SSI iBoard
2010-04-26,6.720000,6.810000,6.720000,6.720000,205770,SSI iBoard
2010-04-27,6.740000,6.810000,6.720000,6.800000,273440,SSI iBoard
2010-04-28,6.740000,6.780000,6.720000,6.740000,111590,SSI iBoard
2010-04-29,6.660000,6.700000,6.660000,6.660000,167650,SSI iBoard
2010-05-04,6.660000,6.950000,6.660000,6.840000,331060,SSI iBoard
2010-05-05,6.810000,6.810000,6.700000,6.700000,102950,SSI iBoard
2010-05-06,6.660000,6.700000,6.640000,6.640000,209480,SSI iBoard
2010-05-07,6.580000,6.610000,6.530000,6.580000,285430,SSI iBoard
2010-05-10,6.550000,6.600000,6.460000,6.580000,443310,SSI iBoard
2010-05-11,6.660000,6.660000,6.530000,6.580000,261630,SSI iBoard
2010-05-12,6.500000,6.550000,6.430000,6.430000,431400,SSI iBoard
2010-05-13,6.570000,6.570000,6.430000,6.460000,324040,SSI iBoard
2010-05-14,6.520000,6.520000,6.460000,6.460000,227070,SSI iBoard
2010-05-17,6.490000,6.490000,6.350000,6.410000,347520,SSI iBoard
2010-05-18,6.290000,6.410000,6.290000,6.410000,206540,SSI iBoard
2010-05-19,6.290000,6.360000,6.290000,6.290000,429800,SSI iBoard
2010-05-20,6.190000,6.320000,6.190000,6.320000,443540,SSI iBoard
2010-05-21,6.070000,6.180000,6.050000,6.050000,583870,SSI iBoard
2010-05-24,6.050000,6.190000,6.050000,6.190000,281430,SSI iBoard
2010-05-25,6.190000,6.220000,6.180000,6.220000,378760,SSI iBoard
2010-05-26,6.210000,6.240000,6.190000,6.190000,309750,SSI iBoard
2010-05-27,6.190000,6.210000,6.180000,6.210000,230180,SSI iBoard
2010-05-28,6.270000,6.350000,6.210000,6.350000,232910,SSI iBoard
2010-05-31,6.350000,6.350000,6.300000,6.320000,265480,SSI iBoard
2010-06-01,6.350000,6.350000,6.270000,6.350000,186910,SSI iBoard
2010-06-02,6.330000,6.360000,6.320000,6.350000,373100,SSI iBoard
2010-06-03,6.350000,6.380000,6.350000,6.350000,381990,SSI iBoard
2010-06-04,6.420000,6.450000,6.400000,6.420000,339560,SSI iBoard
2010-06-07,6.250000,6.370000,6.250000,6.270000,254160,SSI iBoard
2010-06-08,6.270000,6.290000,6.250000,6.250000,269320,SSI iBoard
2010-06-09,6.220000,6.270000,6.220000,6.240000,215320,SSI iBoard
2010-06-10,6.240000,6.270000,6.220000,6.250000,191400,SSI iBoard
2010-06-11,6.350000,6.350000,6.290000,6.320000,48210,SSI iBoard
2010-06-14,6.320000,6.340000,6.300000,6.300000,79290,SSI iBoard
2010-06-15,6.350000,6.400000,6.320000,6.400000,243940,SSI iBoard
2010-06-16,6.470000,6.540000,6.450000,6.540000,207980,SSI iBoard
2010-06-17,6.540000,6.690000,6.500000,6.690000,434550,SSI iBoard
2010-06-18,6.620000,6.770000,6.620000,6.620000,674600,SSI iBoard
2010-06-21,6.690000,6.690000,6.600000,6.640000,119230,SSI iBoard
2010-06-22,6.500000,6.670000,6.500000,6.650000,164040,SSI iBoard
2010-06-23,6.490000,6.670000,6.490000,6.620000,103900,SSI iBoard
2010-06-24,6.640000,6.650000,6.620000,6.620000,152680,SSI iBoard
2010-06-25,6.570000,6.590000,6.370000,6.370000,128320,SSI iBoard
2010-06-28,6.370000,6.540000,6.370000,6.540000,50970,SSI iBoard
2010-06-29,6.540000,6.850000,6.540000,6.850000,408480,SSI iBoard
2010-06-30,6.780000,6.820000,6.600000,6.820000,488910,SSI iBoard
2010-07-01,6.700000,6.780000,6.540000,6.540000,39510,SSI iBoard
2010-07-02,6.620000,6.620000,6.450000,6.520000,94670,SSI iBoard
2010-07-05,6.550000,6.590000,6.500000,6.590000,145630,SSI iBoard
2010-07-06,6.490000,6.620000,6.450000,6.470000,55750,SSI iBoard
2010-07-07,6.470000,6.590000,6.450000,6.450000,43960,SSI iBoard
2010-07-08,6.450000,6.570000,6.450000,6.450000,52320,SSI iBoard
2010-07-09,6.450000,6.540000,6.440000,6.440000,18950,SSI iBoard
2010-07-12,6.440000,6.450000,6.390000,6.390000,24100,SSI iBoard
2010-07-13,6.540000,6.620000,6.450000,6.620000,111090,SSI iBoard
2010-07-14,6.400000,6.620000,6.400000,6.400000,81300,SSI iBoard
2010-07-15,6.520000,6.520000,6.450000,6.450000,39380,SSI iBoard
2010-07-16,6.540000,6.540000,6.470000,6.470000,94420,SSI iBoard
2010-07-19,6.520000,6.520000,6.490000,6.520000,122320,SSI iBoard
2010-07-20,6.540000,6.540000,6.470000,6.490000,146500,SSI iBoard
2010-07-21,6.450000,6.450000,6.400000,6.400000,70110,SSI iBoard
2010-07-22,6.400000,6.420000,6.320000,6.320000,107000,SSI iBoard
2010-07-23,6.290000,6.320000,6.270000,6.290000,127830,SSI iBoard
2010-07-26,6.270000,6.290000,6.120000,6.160000,133550,SSI iBoard
2010-07-27,6.290000,6.290000,6.120000,6.120000,66980,SSI iBoard
2010-07-28,6.120000,6.250000,6.110000,6.110000,64740,SSI iBoard
2010-07-29,6.270000,6.270000,6.120000,6.120000,24000,SSI iBoard
2010-07-30,6.120000,6.210000,6.120000,6.210000,39300,SSI iBoard
2010-08-02,6.210000,6.240000,6.120000,6.120000,26370,SSI iBoard
2010-08-03,6.190000,6.190000,6.110000,6.110000,73530,SSI iBoard
2010-08-04,6.120000,6.120000,6.070000,6.120000,64130,SSI iBoard
2010-08-05,6.170000,6.170000,6.140000,6.160000,79450,SSI iBoard
2010-08-06,6.170000,6.170000,6.140000,6.160000,114610,SSI iBoard
2010-08-09,6.070000,6.170000,5.910000,5.910000,111670,SSI iBoard
2010-08-10,5.840000,5.870000,5.730000,5.740000,186800,SSI iBoard
2010-08-11,5.790000,5.840000,5.730000,5.760000,114600,SSI iBoard
2010-08-12,5.660000,5.760000,5.580000,5.740000,162530,SSI iBoard
2010-08-13,5.630000,5.730000,5.630000,5.730000,53260,SSI iBoard
2010-08-16,5.760000,5.910000,5.730000,5.910000,103380,SSI iBoard
2010-08-17,5.920000,6.040000,5.860000,6.040000,159010,SSI iBoard
2010-08-18,6.040000,6.040000,5.940000,5.970000,54130,SSI iBoard
2010-08-19,5.940000,5.970000,5.940000,5.970000,80750,SSI iBoard
2010-08-20,5.970000,6.140000,5.960000,6.140000,205430,SSI iBoard
2010-08-23,6.090000,6.160000,6.070000,6.120000,170400,SSI iBoard
2010-08-24,6.120000,6.120000,6.040000,6.040000,110180,SSI iBoard
2010-08-25,5.940000,5.960000,5.820000,5.960000,135930,SSI iBoard
2010-08-26,5.960000,5.990000,5.920000,5.970000,231230,SSI iBoard
2010-08-27,6.090000,6.090000,5.940000,6.090000,233600,SSI iBoard
2010-08-30,6.160000,6.270000,6.160000,6.250000,91950,SSI iBoard
2010-08-31,6.350000,6.350000,6.250000,6.350000,516550,SSI iBoard
2010-09-01,6.220000,6.350000,6.140000,6.350000,168180,SSI iBoard
2010-09-06,6.420000,6.420000,6.290000,6.290000,318190,SSI iBoard
2010-09-07,6.210000,6.210000,6.160000,6.190000,102770,SSI iBoard
2010-09-08,6.120000,6.290000,6.120000,6.290000,184680,SSI iBoard
2010-09-09,6.320000,6.350000,6.250000,6.270000,126490,SSI iBoard
2010-09-10,6.270000,6.290000,6.120000,6.120000,55360,SSI iBoard
2010-09-13,6.240000,6.240000,6.070000,6.190000,114600,SSI iBoard
2010-09-14,6.120000,6.270000,6.120000,6.170000,40380,SSI iBoard
2010-09-15,6.250000,6.250000,6.090000,6.160000,202130,SSI iBoard
2010-09-16,6.060000,6.160000,6.060000,6.060000,142660,SSI iBoard
2010-09-17,6.090000,6.220000,6.060000,6.220000,238640,SSI iBoard
2010-09-20,6.220000,6.220000,6.090000,6.090000,147180,SSI iBoard
2010-09-21,6.170000,6.170000,5.890000,5.890000,408250,SSI iBoard
2010-09-22,6.020000,6.020000,5.920000,5.960000,84790,SSI iBoard
2010-09-23,5.890000,6.110000,5.890000,6.110000,134410,SSI iBoard
2010-09-24,6.110000,6.110000,6.040000,6.040000,40990,SSI iBoard
2010-09-27,6.010000,6.010000,5.940000,5.960000,132350,SSI iBoard
2010-09-28,5.920000,6.040000,5.920000,6.040000,115620,SSI iBoard
2010-09-29,5.970000,6.040000,5.940000,6.020000,60990,SSI iBoard
2010-09-30,6.060000,6.060000,5.920000,5.990000,257980,SSI iBoard
2010-10-01,5.960000,6.020000,5.940000,5.960000,53730,SSI iBoard
2010-10-04,6.020000,6.020000,5.940000,5.960000,299090,SSI iBoard
2010-10-05,5.920000,5.990000,5.920000,5.990000,213200,SSI iBoard
2010-10-06,5.990000,6.090000,5.990000,6.090000,387140,SSI iBoard
2010-10-07,6.090000,6.090000,6.020000,6.040000,149940,SSI iBoard
2010-10-08,6.040000,6.060000,6.010000,6.040000,195810,SSI iBoard
2010-10-11,5.960000,6.040000,5.960000,6.040000,111880,SSI iBoard
2010-10-12,5.990000,6.020000,5.960000,5.960000,61240,SSI iBoard
2010-10-13,5.960000,6.020000,5.940000,6.020000,130930,SSI iBoard
2010-10-14,6.040000,6.040000,6.020000,6.020000,74470,SSI iBoard
2010-10-15,6.040000,6.040000,5.990000,6.020000,167580,SSI iBoard
2010-10-18,5.940000,5.970000,5.940000,5.940000,140980,SSI iBoard
2010-10-19,5.890000,5.920000,5.820000,5.870000,141430,SSI iBoard
2010-10-20,5.870000,5.870000,5.770000,5.770000,180010,SSI iBoard
2010-10-21,5.790000,5.790000,5.730000,5.790000,114640,SSI iBoard
2010-10-22,5.820000,5.820000,5.730000,5.760000,134950,SSI iBoard
2010-10-25,5.630000,5.710000,5.630000,5.640000,170760,SSI iBoard
2010-10-26,5.690000,5.760000,5.640000,5.690000,115340,SSI iBoard
2010-10-27,5.790000,5.790000,5.680000,5.760000,92540,SSI iBoard
2010-10-28,5.760000,5.760000,5.680000,5.760000,61130,SSI iBoard
2010-10-29,5.760000,5.790000,5.760000,5.760000,69730,SSI iBoard
2010-11-01,5.790000,5.790000,5.740000,5.790000,128990,SSI iBoard
2010-11-02,5.690000,5.730000,5.660000,5.660000,135750,SSI iBoard
2010-11-03,5.660000,5.660000,5.590000,5.640000,156210,SSI iBoard
2010-11-04,5.680000,5.710000,5.630000,5.630000,109890,SSI iBoard
2010-11-05,5.730000,5.730000,5.630000,5.690000,103610,SSI iBoard
2010-11-08,5.630000,5.630000,5.540000,5.540000,134860,SSI iBoard
2010-11-09,5.540000,5.540000,5.440000,5.460000,371880,SSI iBoard
2010-11-10,5.490000,5.490000,5.430000,5.460000,166720,SSI iBoard
2010-11-11,5.330000,5.380000,5.300000,5.300000,86640,SSI iBoard
2010-11-12,5.300000,5.360000,5.150000,5.360000,128420,SSI iBoard
2010-11-15,5.380000,5.380000,5.210000,5.230000,122910,SSI iBoard
2010-11-16,5.180000,5.180000,5.150000,5.160000,151250,SSI iBoard
2010-11-17,5.210000,5.250000,5.010000,5.010000,140980,SSI iBoard
2010-11-18,5.110000,5.130000,5.030000,5.130000,79740,SSI iBoard
2010-11-19,5.180000,5.180000,5.110000,5.130000,73010,SSI iBoard
2010-11-22,4.960000,5.260000,4.960000,5.260000,104950,SSI iBoard
2010-11-23,5.260000,5.460000,5.250000,5.460000,230250,SSI iBoard
2010-11-24,5.460000,5.460000,5.310000,5.460000,184840,SSI iBoard
2010-11-25,5.460000,5.580000,5.460000,5.560000,194510,SSI iBoard
2010-11-26,5.480000,5.560000,5.410000,5.440000,90250,SSI iBoard
2010-11-29,5.440000,5.630000,5.410000,5.630000,216300,SSI iBoard
2010-11-30,5.630000,5.760000,5.480000,5.590000,177300,SSI iBoard
2010-12-01,5.610000,5.610000,5.460000,5.460000,142660,SSI iBoard
2010-12-02,5.410000,5.460000,5.390000,5.430000,238560,SSI iBoard
2010-12-03,5.460000,5.690000,5.440000,5.490000,424060,SSI iBoard
2010-12-06,5.540000,5.560000,5.490000,5.530000,303890,SSI iBoard
2010-12-07,5.460000,5.490000,5.410000,5.410000,168110,SSI iBoard
2010-12-08,5.440000,5.440000,5.250000,5.260000,157380,SSI iBoard
2010-12-09,5.150000,5.410000,5.150000,5.310000,213300,SSI iBoard
2010-12-10,5.430000,5.430000,5.360000,5.410000,373060,SSI iBoard
2010-12-13,5.660000,5.680000,5.590000,5.640000,1371960,SSI iBoard
2010-12-14,5.920000,5.920000,5.880000,5.920000,528020,SSI iBoard
2010-12-15,6.200000,6.200000,6.160000,6.200000,1363040,SSI iBoard
2010-12-16,6.380000,6.380000,6.120000,6.200000,1264350,SSI iBoard
2010-12-17,6.200000,6.500000,6.180000,6.500000,2517270,SSI iBoard
2010-12-20,6.500000,6.620000,6.460000,6.520000,726860,SSI iBoard
2010-12-21,6.340000,6.480000,6.220000,6.400000,690870,SSI iBoard
2010-12-22,6.420000,6.420000,6.120000,6.120000,528780,SSI iBoard
2010-12-23,6.120000,6.180000,6.060000,6.080000,394720,SSI iBoard
2010-12-24,6.080000,6.120000,5.920000,5.920000,359650,SSI iBoard
2010-12-27,6.020000,6.020000,5.920000,5.980000,175340,SSI iBoard
2010-12-28,5.840000,6.060000,5.840000,5.960000,306560,SSI iBoard
2010-12-29,6.020000,6.120000,5.860000,6.120000,454830,SSI iBoard
2010-12-30,5.940000,6.220000,5.940000,6.220000,576580,SSI iBoard
2010-12-31,6.220000,6.520000,6.120000,6.520000,738700,SSI iBoard
2011-01-04,6.520000,6.520000,6.320000,6.320000,252610,SSI iBoard
2011-01-05,6.300000,6.320000,6.120000,6.140000,483730,SSI iBoard
2011-01-06,6.020000,6.180000,6.020000,6.180000,133800,SSI iBoard
2011-01-07,6.220000,6.240000,6.160000,6.160000,98300,SSI iBoard
2011-01-10,6.140000,6.220000,6.080000,6.220000,243150,SSI iBoard
2011-01-11,6.160000,6.220000,6.120000,6.160000,203040,SSI iBoard
2011-01-12,6.160000,6.200000,6.120000,6.120000,96690,SSI iBoard
2011-01-13,6.100000,6.220000,6.080000,6.220000,168560,SSI iBoard
2011-01-14,6.220000,6.400000,6.220000,6.400000,445950,SSI iBoard
2011-01-17,6.380000,6.380000,6.300000,6.320000,151110,SSI iBoard
2011-01-18,6.220000,6.360000,6.220000,6.320000,231270,SSI iBoard
2011-01-19,6.320000,6.360000,6.260000,6.340000,400940,SSI iBoard
2011-01-20,6.320000,6.340000,6.300000,6.320000,203390,SSI iBoard
2011-01-21,6.340000,6.620000,6.340000,6.620000,1167690,SSI iBoard
2011-01-24,6.940000,6.940000,6.900000,6.940000,1105190,SSI iBoard
2011-01-25,7.080000,7.080000,6.720000,6.860000,531940,SSI iBoard
2011-01-26,6.860000,6.900000,6.800000,6.880000,443810,SSI iBoard
2011-01-27,6.820000,6.940000,6.780000,6.940000,674360,SSI iBoard
2011-01-28,7.160000,7.240000,7.020000,7.240000,1098240,SSI iBoard
2011-02-08,7.300000,7.610000,7.240000,7.610000,1219290,SSI iBoard
2011-02-09,7.930000,7.970000,7.420000,7.630000,1037900,SSI iBoard
2011-02-10,7.630000,7.710000,7.420000,7.570000,841890,SSI iBoard
2011-02-11,7.610000,7.610000,7.400000,7.460000,529160,SSI iBoard
2011-02-14,7.530000,7.530000,7.120000,7.120000,581230,SSI iBoard
2011-02-15,6.920000,7.200000,6.900000,7.200000,485930,SSI iBoard
2011-02-16,7.140000,7.300000,7.080000,7.080000,434270,SSI iBoard
2011-02-17,6.960000,7.080000,6.920000,7.060000,354380,SSI iBoard
2011-02-18,7.020000,7.040000,6.940000,7.020000,793200,SSI iBoard
2011-02-21,6.820000,6.820000,6.680000,6.680000,669870,SSI iBoard
2011-02-22,6.400000,6.560000,6.400000,6.400000,469630,SSI iBoard
2011-02-23,6.420000,6.660000,6.420000,6.600000,339480,SSI iBoard
2011-02-24,6.460000,6.520000,6.280000,6.360000,546130,SSI iBoard
2011-02-28,6.480000,6.680000,6.420000,6.500000,438150,SSI iBoard
2011-03-01,6.500000,6.580000,6.460000,6.560000,145090,SSI iBoard
2011-03-02,6.420000,6.520000,6.260000,6.320000,327500,SSI iBoard
2011-03-04,6.220000,6.320000,6.180000,6.300000,161330,SSI iBoard
2011-03-07,6.260000,6.420000,6.260000,6.420000,186970,SSI iBoard
2011-03-08,6.440000,6.620000,6.400000,6.420000,280060,SSI iBoard
2011-03-09,6.440000,6.440000,6.280000,6.320000,269320,SSI iBoard
2011-03-10,6.280000,6.520000,6.280000,6.420000,761310,SSI iBoard
2011-03-11,6.440000,6.560000,6.320000,6.400000,707890,SSI iBoard
2011-03-14,6.200000,6.480000,6.200000,6.200000,643010,SSI iBoard
2011-03-15,6.060000,6.200000,6.040000,6.040000,602560,SSI iBoard
2011-03-16,5.980000,6.180000,5.980000,6.060000,662120,SSI iBoard
2011-03-17,6.120000,6.160000,6.020000,6.020000,696450,SSI iBoard
2011-03-18,6.100000,6.320000,6.040000,6.320000,1402730,SSI iBoard
2011-03-21,6.600000,6.620000,6.460000,6.600000,1485540,SSI iBoard
2011-03-22,6.500000,6.560000,6.360000,6.360000,645510,SSI iBoard
2011-03-23,6.380000,6.400000,6.260000,6.340000,782960,SSI iBoard
2011-03-24,6.320000,6.340000,6.200000,6.200000,536250,SSI iBoard
2011-03-25,6.160000,6.260000,6.160000,6.220000,444570,SSI iBoard
2011-03-28,6.220000,6.260000,6.180000,6.220000,394130,SSI iBoard
2011-03-29,6.320000,6.400000,6.180000,6.220000,471160,SSI iBoard
2011-03-30,6.180000,6.200000,6.120000,6.160000,765800,SSI iBoard
2011-03-31,6.140000,6.260000,6.140000,6.260000,596140,SSI iBoard
2011-04-01,6.220000,6.220000,6.140000,6.160000,335780,SSI iBoard
2011-04-04,6.120000,6.160000,6.040000,6.100000,457360,SSI iBoard
2011-04-05,6.100000,6.120000,6.060000,6.080000,348310,SSI iBoard
2011-04-06,6.120000,6.280000,6.100000,6.220000,448590,SSI iBoard
2011-04-07,6.140000,6.220000,6.140000,6.140000,195900,SSI iBoard
2011-04-08,6.100000,6.140000,6.100000,6.120000,240130,SSI iBoard
2011-04-13,6.020000,6.120000,6.020000,6.020000,582580,SSI iBoard
2011-04-14,6.020000,6.060000,6.000000,6.000000,559500,SSI iBoard
2011-04-15,6.000000,6.020000,5.900000,5.900000,367410,SSI iBoard
2011-04-19,5.740000,5.840000,5.740000,5.760000,382580,SSI iBoard
2011-04-20,5.780000,5.820000,5.760000,5.820000,504590,SSI iBoard
2011-04-21,5.820000,5.820000,5.740000,5.740000,272980,SSI iBoard
2011-04-22,5.740000,5.760000,5.660000,5.660000,161130,SSI iBoard
2011-04-25,5.800000,5.800000,5.720000,5.760000,272740,SSI iBoard
2011-04-26,5.700000,5.740000,5.640000,5.640000,180720,SSI iBoard
2011-04-27,5.720000,5.720000,5.640000,5.680000,263740,SSI iBoard
2011-04-28,5.640000,5.680000,5.620000,5.620000,134600,SSI iBoard
2011-04-29,5.620000,5.720000,5.620000,5.700000,312770,SSI iBoard
2011-05-04,5.720000,5.720000,5.680000,5.700000,178410,SSI iBoard
2011-05-05,5.660000,5.720000,5.660000,5.660000,163010,SSI iBoard
2011-05-06,5.620000,5.780000,5.620000,5.780000,249160,SSI iBoard
2011-05-09,5.780000,5.780000,5.720000,5.740000,124810,SSI iBoard
2011-05-10,5.740000,5.760000,5.660000,5.660000,194160,SSI iBoard
2011-05-11,5.660000,5.680000,5.640000,5.660000,161420,SSI iBoard
2011-05-12,5.700000,5.700000,5.620000,5.640000,141780,SSI iBoard
2011-05-13,5.640000,5.640000,5.620000,5.640000,204180,SSI iBoard
2011-05-16,5.920000,5.920000,5.840000,5.920000,481780,SSI iBoard
2011-05-17,6.200000,6.200000,6.200000,6.200000,184120,SSI iBoard
2011-05-18,6.500000,6.500000,6.200000,6.400000,2245670,SSI iBoard
2011-05-19,6.360000,6.360000,6.240000,6.280000,638710,SSI iBoard
2011-05-20,6.080000,6.160000,5.980000,6.020000,643170,SSI iBoard
2011-05-24,5.580000,5.580000,5.460000,5.460000,761200,SSI iBoard
2011-05-25,5.200000,5.220000,5.200000,5.200000,600260,SSI iBoard
2011-05-26,4.960000,5.440000,4.960000,5.440000,710490,SSI iBoard
2011-05-27,5.620000,5.700000,5.460000,5.700000,346620,SSI iBoard
2011-05-30,5.740000,5.740000,5.420000,5.420000,215080,SSI iBoard
2011-05-31,5.320000,5.620000,5.240000,5.620000,313180,SSI iBoard
2011-06-01,5.620000,5.900000,5.520000,5.900000,613680,SSI iBoard
2011-06-02,5.920000,6.160000,5.920000,6.120000,708540,SSI iBoard
2011-06-03,6.220000,6.220000,5.840000,5.840000,671470,SSI iBoard
2011-06-06,5.640000,5.920000,5.640000,5.880000,318950,SSI iBoard
2011-06-07,6.020000,6.140000,6.000000,6.140000,479880,SSI iBoard
2011-06-08,6.040000,6.140000,5.860000,5.860000,355780,SSI iBoard
2011-06-09,5.860000,5.980000,5.860000,5.880000,143050,SSI iBoard
2011-06-10,5.900000,6.020000,5.880000,5.900000,223420,SSI iBoard
2011-06-13,5.900000,5.900000,5.840000,5.880000,171620,SSI iBoard
2011-06-14,5.860000,6.020000,5.820000,5.840000,223190,SSI iBoard
2011-06-15,5.720000,5.820000,5.680000,5.680000,283010,SSI iBoard
2011-06-16,5.720000,5.820000,5.700000,5.760000,106540,SSI iBoard
2011-06-17,5.800000,5.800000,5.540000,5.540000,695210,SSI iBoard
2011-06-20,5.540000,5.660000,5.540000,5.580000,104510,SSI iBoard
2011-06-21,5.600000,5.820000,5.600000,5.800000,277890,SSI iBoard
2011-06-22,5.820000,5.860000,5.740000,5.800000,183720,SSI iBoard
2011-06-23,5.720000,5.760000,5.640000,5.640000,154890,SSI iBoard
2011-06-24,5.640000,5.680000,5.540000,5.540000,244760,SSI iBoard
2011-06-27,5.660000,5.660000,5.560000,5.640000,181460,SSI iBoard
2011-06-28,5.580000,5.660000,5.580000,5.600000,73750,SSI iBoard
2011-06-29,5.600000,5.620000,5.600000,5.620000,140990,SSI iBoard
2011-06-30,5.620000,5.660000,5.560000,5.560000,135730,SSI iBoard
2011-07-01,5.600000,5.640000,5.540000,5.600000,98080,SSI iBoard
2011-07-04,5.660000,5.660000,5.540000,5.580000,112380,SSI iBoard
2011-07-05,5.580000,5.720000,5.580000,5.700000,289030,SSI iBoard
2011-07-06,5.700000,5.700000,5.640000,5.640000,126510,SSI iBoard
2011-07-07,5.700000,5.700000,5.620000,5.640000,136680,SSI iBoard
2011-07-08,5.640000,5.640000,5.600000,5.600000,200110,SSI iBoard
2011-07-11,5.600000,5.660000,5.600000,5.640000,316360,SSI iBoard
2011-07-12,5.660000,5.660000,5.600000,5.620000,159570,SSI iBoard
2011-07-13,5.620000,5.680000,5.620000,5.620000,234430,SSI iBoard
2011-07-14,5.640000,5.900000,5.640000,5.900000,514250,SSI iBoard
2011-07-15,5.900000,5.940000,5.740000,5.740000,448370,SSI iBoard
2011-07-18,5.780000,6.020000,5.780000,6.020000,240220,SSI iBoard
2011-07-19,6.020000,6.070000,5.960000,6.020000,100920,SSI iBoard
2011-07-20,6.020000,6.230000,6.020000,6.200000,564770,SSI iBoard
2011-07-21,6.450000,6.450000,6.270000,6.400000,692270,SSI iBoard
2011-07-22,6.400000,6.400000,6.290000,6.290000,331180,SSI iBoard
2011-07-25,6.200000,6.290000,6.200000,6.290000,216190,SSI iBoard
2011-07-26,6.250000,6.290000,6.160000,6.160000,183340,SSI iBoard
2011-07-27,6.180000,6.340000,6.110000,6.340000,455750,SSI iBoard
2011-07-28,6.340000,6.470000,6.290000,6.360000,795160,SSI iBoard
2011-07-29,6.320000,6.360000,6.290000,6.320000,355190,SSI iBoard
2011-08-01,6.320000,6.380000,6.270000,6.270000,350700,SSI iBoard
2011-08-02,6.250000,6.290000,6.230000,6.250000,203910,SSI iBoard
2011-08-03,6.250000,6.250000,6.020000,6.070000,374250,SSI iBoard
2011-08-04,6.070000,6.250000,6.070000,6.160000,487660,SSI iBoard
2011-08-05,6.090000,6.160000,6.090000,6.110000,248140,SSI iBoard
2011-08-08,6.090000,6.110000,6.050000,6.050000,254000,SSI iBoard
2011-08-09,6.000000,6.000000,5.840000,5.890000,350600,SSI iBoard
2011-08-10,5.980000,6.020000,5.930000,5.930000,313960,SSI iBoard
2011-08-11,5.890000,5.980000,5.890000,5.980000,146650,SSI iBoard
2011-08-12,5.980000,6.050000,5.980000,6.050000,143240,SSI iBoard
2011-08-15,6.050000,6.050000,6.000000,6.020000,73200,SSI iBoard
2011-08-16,5.960000,6.050000,5.960000,6.020000,123460,SSI iBoard
2011-08-17,6.020000,6.180000,6.020000,6.180000,408550,SSI iBoard
2011-08-18,6.180000,6.250000,6.160000,6.250000,527070,SSI iBoard
2011-08-19,6.160000,6.200000,6.090000,6.140000,309330,SSI iBoard
2011-08-22,6.180000,6.200000,6.140000,6.140000,390020,SSI iBoard
2011-08-23,6.070000,6.110000,6.070000,6.070000,198590,SSI iBoard
2011-08-24,6.070000,6.140000,6.020000,6.020000,355540,SSI iBoard
2011-08-25,6.020000,6.090000,6.020000,6.070000,122120,SSI iBoard
2011-08-26,6.070000,6.090000,6.050000,6.050000,238140,SSI iBoard
2011-08-29,6.070000,6.110000,6.020000,6.090000,397310,SSI iBoard
2011-08-30,6.180000,6.230000,6.140000,6.140000,518270,SSI iBoard
2011-08-31,6.140000,6.230000,6.110000,6.180000,548340,SSI iBoard
2011-09-01,6.230000,6.470000,6.230000,6.470000,1659870,SSI iBoard
2011-09-05,6.630000,6.630000,6.320000,6.360000,489740,SSI iBoard
2011-09-06,6.290000,6.360000,6.270000,6.320000,323300,SSI iBoard
2011-09-07,6.380000,6.400000,6.340000,6.360000,358230,SSI iBoard
2011-09-08,6.400000,6.450000,6.320000,6.320000,840420,SSI iBoard
2011-09-09,6.290000,6.320000,6.270000,6.290000,383840,SSI iBoard
2011-09-12,6.230000,6.290000,6.110000,6.140000,429280,SSI iBoard
2011-09-13,6.160000,6.290000,6.160000,6.200000,355790,SSI iBoard
2011-09-14,6.160000,6.250000,6.070000,6.070000,508440,SSI iBoard
2011-09-15,6.070000,6.070000,5.980000,6.070000,312090,SSI iBoard
2011-09-16,6.070000,6.140000,5.930000,5.930000,241330,SSI iBoard
2011-09-19,5.980000,6.160000,5.980000,6.160000,185780,SSI iBoard
2011-09-20,6.000000,6.110000,6.000000,6.000000,286510,SSI iBoard
2011-09-21,6.000000,6.070000,5.980000,6.000000,134670,SSI iBoard
2011-09-22,5.980000,6.110000,5.980000,6.090000,201490,SSI iBoard
2011-09-23,6.000000,6.050000,5.960000,5.960000,303580,SSI iBoard
2011-09-26,5.980000,5.980000,5.910000,5.930000,256070,SSI iBoard
2011-09-27,5.960000,6.070000,5.960000,5.980000,307140,SSI iBoard
2011-09-28,6.270000,6.270000,6.250000,6.270000,721650,SSI iBoard
2011-09-29,6.290000,6.290000,6.110000,6.160000,536090,SSI iBoard
2011-09-30,6.110000,6.180000,6.090000,6.140000,186250,SSI iBoard
2011-10-03,6.140000,6.140000,6.070000,6.070000,439350,SSI iBoard
2011-10-04,6.020000,6.070000,5.960000,6.000000,288660,SSI iBoard
2011-10-05,6.000000,6.050000,5.960000,5.980000,378420,SSI iBoard
2011-10-06,5.980000,6.020000,5.960000,6.000000,398630,SSI iBoard
2011-10-07,6.000000,6.020000,5.960000,5.960000,254380,SSI iBoard
2011-10-10,6.000000,6.000000,5.930000,5.980000,152410,SSI iBoard
2011-10-11,5.980000,5.980000,5.910000,5.930000,291760,SSI iBoard
2011-10-12,5.930000,5.930000,5.890000,5.890000,310890,SSI iBoard
2011-10-13,5.890000,5.890000,5.750000,5.870000,349150,SSI iBoard
2011-10-14,5.870000,5.960000,5.870000,5.910000,339760,SSI iBoard
2011-10-17,5.910000,5.910000,5.870000,5.890000,154560,SSI iBoard
2011-10-18,5.840000,5.870000,5.820000,5.820000,382840,SSI iBoard
2011-10-19,5.820000,5.820000,5.750000,5.780000,267830,SSI iBoard
2011-10-20,5.780000,5.800000,5.730000,5.780000,236700,SSI iBoard
2011-10-21,5.780000,5.980000,5.780000,5.980000,359160,SSI iBoard
2011-10-24,5.980000,5.980000,5.930000,5.960000,138990,SSI iBoard
2011-10-25,5.980000,5.980000,5.910000,5.910000,164110,SSI iBoard
2011-10-26,5.910000,5.960000,5.890000,5.960000,191960,SSI iBoard
2011-10-27,5.910000,5.960000,5.910000,5.960000,123670,SSI iBoard
2011-10-28,5.960000,5.980000,5.890000,5.960000,298260,SSI iBoard
2011-10-31,6.000000,6.020000,5.890000,5.890000,137010,SSI iBoard
2011-11-01,5.910000,5.910000,5.840000,5.870000,116840,SSI iBoard
2011-11-02,5.890000,5.890000,5.800000,5.800000,126140,SSI iBoard
2011-11-03,5.800000,5.820000,5.710000,5.730000,219470,SSI iBoard
2011-11-04,5.870000,5.870000,5.710000,5.710000,163410,SSI iBoard
2011-11-07,5.640000,5.710000,5.550000,5.550000,163040,SSI iBoard
2011-11-08,5.620000,5.620000,5.440000,5.480000,425600,SSI iBoard
2011-11-09,5.480000,5.480000,5.280000,5.350000,326580,SSI iBoard
2011-11-10,5.350000,5.350000,5.280000,5.280000,343650,SSI iBoard
2011-11-11,5.240000,5.350000,5.120000,5.240000,168960,SSI iBoard
2011-11-14,5.190000,5.190000,5.080000,5.170000,317800,SSI iBoard
2011-11-15,5.170000,5.210000,5.100000,5.170000,633710,SSI iBoard
2011-11-16,5.170000,5.370000,5.170000,5.370000,354790,SSI iBoard
2011-11-17,5.480000,5.480000,5.390000,5.460000,389870,SSI iBoard
2011-11-18,5.480000,5.480000,5.350000,5.440000,389990,SSI iBoard
2011-11-21,5.370000,5.440000,5.300000,5.300000,200780,SSI iBoard
2011-11-22,5.350000,5.370000,5.300000,5.350000,219760,SSI iBoard
2011-11-23,5.350000,5.390000,5.300000,5.370000,228040,SSI iBoard
2011-11-24,5.390000,5.440000,5.370000,5.370000,255870,SSI iBoard
2011-11-28,5.280000,5.390000,5.210000,5.210000,216050,SSI iBoard
2011-11-29,5.210000,5.280000,5.080000,5.100000,403950,SSI iBoard
2011-11-30,5.120000,5.170000,4.990000,4.990000,286220,SSI iBoard
2011-12-01,5.060000,5.080000,4.940000,4.990000,328810,SSI iBoard
2011-12-02,5.010000,5.060000,4.970000,5.060000,342300,SSI iBoard
2011-12-05,5.060000,5.120000,5.060000,5.100000,325960,SSI iBoard
2011-12-06,5.080000,5.100000,4.990000,4.990000,405030,SSI iBoard
2011-12-07,5.010000,5.010000,4.940000,4.940000,144630,SSI iBoard
2011-12-08,4.940000,4.970000,4.810000,4.810000,503030,SSI iBoard
2011-12-09,4.830000,4.830000,4.720000,4.740000,252610,SSI iBoard
2011-12-12,4.700000,4.740000,4.610000,4.630000,347980,SSI iBoard
2011-12-13,4.630000,4.650000,4.580000,4.630000,328070,SSI iBoard
2011-12-14,4.610000,4.630000,4.540000,4.540000,342600,SSI iBoard
2011-12-15,4.540000,4.540000,4.450000,4.490000,660180,SSI iBoard
2011-12-16,4.520000,4.720000,4.520000,4.720000,622510,SSI iBoard
2011-12-19,4.720000,4.940000,4.720000,4.940000,875290,SSI iBoard
2011-12-20,4.940000,4.970000,4.790000,4.790000,248770,SSI iBoard
2011-12-21,4.790000,4.900000,4.790000,4.880000,204380,SSI iBoard
2011-12-22,4.650000,4.880000,4.650000,4.650000,436670,SSI iBoard
2011-12-23,4.490000,4.610000,4.470000,4.580000,418480,SSI iBoard
2011-12-26,4.580000,4.610000,4.430000,4.430000,343200,SSI iBoard
2011-12-27,4.430000,4.450000,4.360000,4.360000,428840,SSI iBoard
2011-12-28,4.360000,4.560000,4.360000,4.560000,230060,SSI iBoard
2011-12-29,4.630000,4.720000,4.490000,4.720000,341420,SSI iBoard
2011-12-30,4.720000,4.900000,4.610000,4.900000,488620,SSI iBoard
2012-01-03,4.850000,4.850000,4.670000,4.670000,206450,SSI iBoard
2012-01-04,4.580000,4.580000,4.520000,4.560000,177420,SSI iBoard
2012-01-05,4.490000,4.580000,4.490000,4.540000,165210,SSI iBoard
2012-01-06,4.540000,4.540000,4.430000,4.450000,298140,SSI iBoard
2012-01-09,4.450000,4.610000,4.450000,4.580000,367990,SSI iBoard
2012-01-10,4.540000,4.650000,4.540000,4.630000,419840,SSI iBoard
2012-01-11,4.720000,4.740000,4.630000,4.630000,583520,SSI iBoard
2012-01-12,4.650000,4.810000,4.650000,4.720000,722700,SSI iBoard
2012-01-13,4.720000,4.790000,4.720000,4.740000,473910,SSI iBoard
2012-01-16,4.790000,4.940000,4.760000,4.830000,515750,SSI iBoard
2012-01-17,4.850000,4.880000,4.810000,4.810000,439490,SSI iBoard
2012-01-18,4.830000,4.880000,4.810000,4.880000,206100,SSI iBoard
2012-01-19,4.880000,5.100000,4.880000,5.100000,485130,SSI iBoard
2012-01-20,5.170000,5.240000,5.100000,5.190000,682000,SSI iBoard
2012-01-30,5.170000,5.440000,5.170000,5.440000,803590,SSI iBoard
2012-01-31,5.550000,5.620000,5.460000,5.480000,789540,SSI iBoard
2012-02-01,5.480000,5.480000,5.260000,5.350000,937600,SSI iBoard
2012-02-02,5.510000,5.600000,5.440000,5.600000,824600,SSI iBoard
2012-02-03,5.620000,5.840000,5.510000,5.510000,623560,SSI iBoard
2012-02-06,5.510000,5.510000,5.420000,5.460000,404650,SSI iBoard
2012-02-07,5.510000,5.570000,5.390000,5.510000,502100,SSI iBoard
2012-02-08,5.510000,5.730000,5.510000,5.730000,801310,SSI iBoard
2012-02-09,5.710000,5.840000,5.640000,5.660000,410610,SSI iBoard
2012-02-10,5.620000,5.660000,5.530000,5.530000,924610,SSI iBoard
2012-02-13,5.420000,5.620000,5.390000,5.440000,673710,SSI iBoard
2012-02-14,5.440000,5.660000,5.440000,5.660000,445320,SSI iBoard
2012-02-15,5.710000,5.750000,5.620000,5.620000,529300,SSI iBoard
2012-02-16,5.530000,5.710000,5.530000,5.620000,465620,SSI iBoard
2012-02-17,5.660000,5.780000,5.660000,5.730000,517780,SSI iBoard
2012-02-20,5.820000,6.000000,5.820000,6.000000,634580,SSI iBoard
2012-02-21,6.270000,6.270000,6.020000,6.050000,905480,SSI iBoard
2012-02-22,6.140000,6.320000,6.070000,6.320000,1040520,SSI iBoard
2012-02-23,6.290000,6.400000,6.230000,6.400000,1053020,SSI iBoard
2012-02-24,6.570000,6.710000,6.450000,6.590000,793320,SSI iBoard
2012-02-27,6.570000,6.660000,6.500000,6.640000,662410,SSI iBoard
2012-02-28,6.590000,6.590000,6.450000,6.450000,1190840,SSI iBoard
2012-02-29,6.360000,6.500000,6.330000,6.380000,877660,SSI iBoard
2012-03-01,6.380000,6.660000,6.360000,6.660000,921140,SSI iBoard
2012-03-02,6.660000,6.900000,6.660000,6.800000,756280,SSI iBoard
2012-03-05,6.920000,7.130000,6.920000,7.130000,1627870,SSI iBoard
2012-03-06,7.440000,7.440000,6.780000,6.780000,1170940,SSI iBoard
2012-03-07,6.690000,6.780000,6.570000,6.780000,1003090,SSI iBoard
2012-03-08,6.620000,6.800000,6.450000,6.450000,1009420,SSI iBoard
2012-03-09,6.450000,6.570000,6.310000,6.550000,968870,SSI iBoard
2012-03-12,6.400000,6.450000,6.290000,6.290000,532070,SSI iBoard
2012-03-13,6.430000,6.430000,6.310000,6.400000,366290,SSI iBoard
2012-03-14,6.520000,6.520000,6.400000,6.500000,729850,SSI iBoard
2012-03-15,6.520000,6.660000,6.400000,6.640000,851080,SSI iBoard
2012-03-16,6.690000,6.690000,6.330000,6.330000,1169140,SSI iBoard
2012-03-19,6.400000,6.640000,6.400000,6.640000,1289700,SSI iBoard
2012-03-20,6.660000,6.970000,6.660000,6.970000,1819480,SSI iBoard
2012-03-21,6.970000,7.160000,6.970000,6.990000,1083450,SSI iBoard
2012-03-22,6.990000,7.160000,6.970000,7.040000,1412870,SSI iBoard
2012-03-23,7.040000,7.110000,6.940000,6.940000,1025350,SSI iBoard
2012-03-26,6.940000,6.990000,6.870000,6.920000,755570,SSI iBoard
2012-03-27,6.920000,6.920000,6.690000,6.690000,652340,SSI iBoard
2012-03-28,6.690000,6.800000,6.590000,6.800000,716070,SSI iBoard
2012-03-29,6.900000,6.970000,6.730000,6.730000,577290,SSI iBoard
2012-03-30,6.780000,6.800000,6.690000,6.800000,612500,SSI iBoard
2012-04-03,6.760000,6.900000,6.760000,6.830000,320890,SSI iBoard
2012-04-04,6.870000,6.900000,6.780000,6.780000,324620,SSI iBoard
2012-04-05,6.760000,6.830000,6.760000,6.780000,231220,SSI iBoard
2012-04-06,6.780000,6.850000,6.760000,6.760000,259430,SSI iBoard
2012-04-09,6.800000,6.800000,6.710000,6.760000,458350,SSI iBoard
2012-04-10,6.760000,6.900000,6.760000,6.850000,515200,SSI iBoard
2012-04-11,6.870000,6.940000,6.830000,6.940000,785390,SSI iBoard
2012-04-12,7.010000,7.270000,6.990000,7.230000,1502870,SSI iBoard
2012-04-13,7.250000,7.370000,7.160000,7.320000,904860,SSI iBoard
2012-04-16,7.370000,7.670000,7.320000,7.650000,783270,SSI iBoard
2012-04-17,7.670000,8.020000,7.650000,8.020000,1139680,SSI iBoard
2012-04-18,7.950000,8.210000,7.790000,7.930000,1231280,SSI iBoard
2012-04-19,7.930000,8.000000,7.790000,7.860000,1044740,SSI iBoard
2012-04-20,7.930000,7.930000,7.670000,7.720000,563060,SSI iBoard
2012-04-23,7.700000,7.790000,7.670000,7.700000,404510,SSI iBoard
2012-04-24,7.720000,7.720000,7.580000,7.650000,643880,SSI iBoard
2012-04-25,7.770000,7.770000,7.600000,7.650000,560280,SSI iBoard
2012-04-26,7.720000,7.720000,7.620000,7.620000,507420,SSI iBoard
2012-04-27,7.740000,7.840000,7.650000,7.740000,587740,SSI iBoard
2012-05-02,7.790000,7.790000,7.650000,7.740000,333090,SSI iBoard
2012-05-03,7.740000,7.740000,7.600000,7.700000,270240,SSI iBoard
2012-05-04,7.650000,7.930000,7.650000,7.770000,588220,SSI iBoard
2012-05-07,7.910000,7.950000,7.810000,7.910000,635210,SSI iBoard
2012-05-08,7.950000,8.070000,7.910000,7.910000,801940,SSI iBoard
2012-05-09,7.880000,8.120000,7.880000,8.020000,1012160,SSI iBoard
2012-05-10,8.160000,8.420000,8.120000,8.280000,1467910,SSI iBoard
2012-05-11,8.330000,8.680000,8.280000,8.520000,1566700,SSI iBoard
2012-05-14,8.560000,8.940000,8.560000,8.680000,1561680,SSI iBoard
2012-05-15,8.680000,8.730000,8.260000,8.260000,1511260,SSI iBoard
2012-05-16,8.280000,8.310000,7.910000,7.980000,1051710,SSI iBoard
2012-05-17,7.980000,8.120000,7.620000,7.620000,1584180,SSI iBoard
2012-05-18,7.530000,7.650000,7.250000,7.510000,1158820,SSI iBoard
2012-05-21,7.620000,7.790000,7.460000,7.700000,475800,SSI iBoard
2012-05-22,7.620000,7.670000,7.440000,7.510000,436130,SSI iBoard
2012-05-23,7.390000,7.440000,7.130000,7.130000,843060,SSI iBoard
2012-05-24,7.060000,7.130000,6.800000,6.850000,1244600,SSI iBoard
2012-05-25,7.110000,7.180000,6.970000,7.180000,687850,SSI iBoard
2012-05-28,7.250000,7.390000,7.130000,7.180000,401320,SSI iBoard
2012-05-29,7.180000,7.180000,6.920000,6.970000,810110,SSI iBoard
2012-05-30,6.870000,7.250000,6.870000,7.060000,429460,SSI iBoard
2012-05-31,7.090000,7.090000,6.920000,6.920000,401240,SSI iBoard
2012-06-01,6.970000,7.010000,6.920000,6.940000,201700,SSI iBoard
2012-06-04,6.830000,6.920000,6.620000,6.620000,1069900,SSI iBoard
2012-06-05,6.620000,6.730000,6.550000,6.730000,670600,SSI iBoard
2012-06-06,6.760000,6.940000,6.710000,6.900000,352000,SSI iBoard
2012-06-07,7.090000,7.200000,6.990000,7.060000,569340,SSI iBoard
2012-06-08,7.130000,7.200000,7.010000,7.060000,897450,SSI iBoard
2012-06-11,7.010000,7.060000,6.800000,6.940000,1171120,SSI iBoard
2012-06-12,6.900000,7.040000,6.900000,6.900000,578180,SSI iBoard
2012-06-13,6.970000,6.990000,6.870000,6.940000,248560,SSI iBoard
2012-06-14,6.850000,6.940000,6.850000,6.850000,329880,SSI iBoard
2012-06-15,6.970000,7.160000,6.850000,7.010000,1483180,SSI iBoard
2012-06-18,7.160000,7.160000,7.010000,7.110000,495860,SSI iBoard
2012-06-19,7.110000,7.110000,6.900000,6.900000,392770,SSI iBoard
2012-06-20,6.940000,7.040000,6.870000,6.990000,143200,SSI iBoard
2012-06-21,7.110000,7.110000,6.990000,7.010000,564070,SSI iBoard
2012-06-22,7.040000,7.040000,6.940000,6.940000,421500,SSI iBoard
2012-06-25,6.900000,7.010000,6.850000,6.900000,350220,SSI iBoard
2012-06-26,6.900000,6.900000,6.760000,6.760000,501020,SSI iBoard
2012-06-27,6.850000,6.850000,6.760000,6.760000,250800,SSI iBoard
2012-06-28,6.850000,6.870000,6.760000,6.850000,558770,SSI iBoard
2012-06-29,7.010000,7.010000,6.870000,6.920000,713320,SSI iBoard
2012-07-02,6.850000,7.010000,6.830000,6.870000,428830,SSI iBoard
2012-07-03,6.800000,6.850000,6.590000,6.590000,516120,SSI iBoard
2012-07-04,6.620000,6.690000,6.570000,6.590000,207820,SSI iBoard
2012-07-05,6.660000,6.710000,6.570000,6.710000,260550,SSI iBoard
2012-07-06,6.690000,6.760000,6.620000,6.690000,147130,SSI iBoard
2012-07-09,6.620000,6.690000,6.570000,6.570000,241370,SSI iBoard
2012-07-10,6.570000,6.640000,6.520000,6.520000,419510,SSI iBoard
2012-07-11,6.570000,6.570000,6.520000,6.570000,130200,SSI iBoard
2012-07-12,6.640000,6.640000,6.570000,6.570000,194680,SSI iBoard
2012-07-13,6.570000,6.780000,6.570000,6.710000,518760,SSI iBoard
2012-07-16,6.760000,6.780000,6.640000,6.640000,124200,SSI iBoard
2012-07-17,6.590000,6.800000,6.590000,6.640000,307000,SSI iBoard
2012-07-18,6.640000,6.730000,6.640000,6.660000,336700,SSI iBoard
2012-07-19,6.660000,6.900000,6.640000,6.900000,542920,SSI iBoard
2012-07-20,6.970000,6.970000,6.730000,6.730000,593290,SSI iBoard
2012-07-23,6.640000,6.760000,6.620000,6.730000,286360,SSI iBoard
2012-07-24,6.620000,6.730000,6.620000,6.620000,122260,SSI iBoard
2012-07-25,6.640000,6.660000,6.590000,6.620000,167730,SSI iBoard
2012-07-26,6.620000,6.690000,6.590000,6.620000,167980,SSI iBoard
2012-07-27,6.690000,6.690000,6.570000,6.620000,150500,SSI iBoard
2012-07-30,6.480000,6.620000,6.480000,6.550000,126270,SSI iBoard
2012-07-31,6.690000,6.690000,6.550000,6.550000,377730,SSI iBoard
2012-08-01,6.500000,6.520000,6.430000,6.450000,287220,SSI iBoard
2012-08-02,6.450000,6.550000,6.430000,6.450000,116090,SSI iBoard
2012-08-03,6.450000,6.500000,6.430000,6.450000,144950,SSI iBoard
2012-08-06,6.430000,6.570000,6.430000,6.480000,216410,SSI iBoard
2012-08-07,6.480000,6.570000,6.480000,6.520000,215390,SSI iBoard
2012-08-08,6.520000,6.570000,6.520000,6.550000,171670,SSI iBoard
2012-08-09,6.550000,6.620000,6.550000,6.620000,301100,SSI iBoard
2012-08-10,6.570000,6.590000,6.520000,6.520000,161440,SSI iBoard
2012-08-13,6.520000,6.570000,6.500000,6.500000,106630,SSI iBoard
2012-08-14,6.570000,6.660000,6.550000,6.590000,421060,SSI iBoard
2012-08-15,6.550000,6.640000,6.520000,6.550000,289330,SSI iBoard
2012-08-16,6.590000,6.590000,6.520000,6.520000,126480,SSI iBoard
2012-08-17,6.570000,6.590000,6.550000,6.570000,180360,SSI iBoard
2012-08-20,6.550000,6.730000,6.550000,6.660000,309140,SSI iBoard
2012-08-21,6.570000,6.570000,6.330000,6.330000,957750,SSI iBoard
2012-08-22,6.120000,6.310000,6.050000,6.190000,1156560,SSI iBoard
2012-08-23,5.980000,6.010000,5.890000,5.890000,658510,SSI iBoard
2012-08-24,5.610000,6.170000,5.610000,6.120000,1187880,SSI iBoard
2012-08-27,5.890000,5.910000,5.820000,5.820000,540580,SSI iBoard
2012-08-28,5.870000,5.980000,5.700000,5.870000,295550,SSI iBoard
2012-08-29,5.790000,6.050000,5.790000,5.980000,527300,SSI iBoard
2012-08-30,6.010000,6.030000,5.960000,6.010000,358540,SSI iBoard
2012-08-31,6.030000,6.030000,5.820000,5.820000,511390,SSI iBoard
2012-09-04,5.820000,6.010000,5.820000,5.910000,318900,SSI iBoard
2012-09-05,5.910000,5.980000,5.840000,5.910000,282630,SSI iBoard
2012-09-06,5.910000,5.910000,5.870000,5.910000,236550,SSI iBoard
2012-09-07,5.940000,5.960000,5.890000,5.960000,500270,SSI iBoard
2012-09-10,5.870000,5.890000,5.680000,5.680000,828840,SSI iBoard
2012-09-11,5.630000,5.790000,5.610000,5.630000,353590,SSI iBoard
2012-09-12,5.630000,5.750000,5.630000,5.680000,147150,SSI iBoard
2012-09-13,5.680000,5.870000,5.630000,5.870000,315970,SSI iBoard
2012-09-14,5.980000,6.150000,5.910000,6.120000,1052920,SSI iBoard
2012-09-17,6.120000,6.430000,6.050000,6.360000,1311050,SSI iBoard
2012-09-18,6.330000,6.330000,6.050000,6.050000,602330,SSI iBoard
2012-09-19,5.980000,6.080000,5.840000,6.010000,741190,SSI iBoard
2012-09-20,5.960000,5.960000,5.720000,5.820000,598550,SSI iBoard
2012-09-21,5.870000,5.980000,5.820000,5.980000,1275070,SSI iBoard
2012-09-24,5.940000,5.960000,5.820000,5.820000,150850,SSI iBoard
2012-09-25,5.870000,5.940000,5.820000,5.840000,314450,SSI iBoard
2012-09-26,5.820000,5.910000,5.820000,5.890000,369840,SSI iBoard
2012-09-27,6.030000,6.030000,5.870000,5.890000,473460,SSI iBoard
2012-09-28,5.870000,5.890000,5.770000,5.770000,346220,SSI iBoard
2012-10-01,5.770000,5.790000,5.610000,5.610000,266790,SSI iBoard
2012-10-02,5.610000,5.650000,5.580000,5.580000,234110,SSI iBoard
2012-10-03,5.610000,5.680000,5.610000,5.630000,397080,SSI iBoard
2012-10-04,5.630000,5.700000,5.630000,5.650000,216780,SSI iBoard
2012-10-05,5.650000,5.790000,5.650000,5.750000,170620,SSI iBoard
2012-10-08,5.750000,5.840000,5.750000,5.840000,103200,SSI iBoard
2012-10-09,5.840000,5.840000,5.790000,5.820000,262470,SSI iBoard
2012-10-10,5.820000,5.820000,5.720000,5.790000,168270,SSI iBoard
2012-10-11,5.820000,5.870000,5.770000,5.790000,302120,SSI iBoard
2012-10-12,5.790000,5.790000,5.700000,5.720000,301430,SSI iBoard
2012-10-15,5.700000,5.720000,5.610000,5.630000,201160,SSI iBoard
2012-10-16,5.630000,5.770000,5.630000,5.720000,608540,SSI iBoard
2012-10-17,5.720000,5.750000,5.630000,5.630000,289210,SSI iBoard
2012-10-18,5.630000,5.680000,5.610000,5.650000,273130,SSI iBoard
2012-10-19,5.630000,5.680000,5.510000,5.610000,317820,SSI iBoard
2012-10-22,5.650000,5.650000,5.580000,5.650000,141010,SSI iBoard
2012-10-23,5.700000,5.720000,5.650000,5.650000,170850,SSI iBoard
2012-10-24,5.610000,5.680000,5.610000,5.650000,92680,SSI iBoard
2012-10-25,5.650000,5.650000,5.580000,5.610000,177170,SSI iBoard
2012-10-26,5.650000,5.650000,5.580000,5.610000,38580,SSI iBoard
2012-10-29,5.560000,5.610000,5.540000,5.580000,140920,SSI iBoard
2012-10-30,5.580000,5.580000,5.540000,5.540000,193650,SSI iBoard
2012-10-31,5.470000,5.540000,5.440000,5.470000,204080,SSI iBoard
2012-11-01,5.420000,5.470000,5.400000,5.420000,196810,SSI iBoard
2012-11-02,5.280000,5.300000,5.160000,5.160000,476600,SSI iBoard
2012-11-05,5.070000,5.260000,5.020000,5.020000,222800,SSI iBoard
2012-11-06,5.000000,5.070000,4.930000,4.930000,293160,SSI iBoard
2012-11-07,4.930000,5.160000,4.930000,5.160000,224990,SSI iBoard
2012-11-08,5.180000,5.420000,5.180000,5.420000,679950,SSI iBoard
2012-11-09,5.420000,5.510000,5.400000,5.510000,384490,SSI iBoard
2012-11-12,5.440000,5.510000,5.420000,5.490000,109060,SSI iBoard
2012-11-13,5.510000,5.560000,5.370000,5.400000,191400,SSI iBoard
2012-11-14,5.400000,5.610000,5.400000,5.540000,361620,SSI iBoard
2012-11-15,5.680000,5.680000,5.610000,5.680000,612860,SSI iBoard
2012-11-16,5.700000,5.700000,5.580000,5.580000,113140,SSI iBoard
2012-11-19,5.580000,5.610000,5.510000,5.510000,187250,SSI iBoard
2012-11-20,5.510000,5.540000,5.470000,5.490000,54040,SSI iBoard
2012-11-21,5.440000,5.490000,5.420000,5.490000,89300,SSI iBoard
2012-11-22,5.540000,5.540000,5.470000,5.470000,112160,SSI iBoard
2012-11-23,5.470000,5.510000,5.420000,5.420000,36490,SSI iBoard
2012-11-26,5.400000,5.420000,5.350000,5.350000,54310,SSI iBoard
2012-11-27,5.400000,5.400000,5.350000,5.350000,45380,SSI iBoard
2012-11-28,5.330000,5.370000,5.330000,5.370000,28060,SSI iBoard
2012-11-29,5.540000,5.540000,5.420000,5.490000,279940,SSI iBoard
2012-11-30,5.630000,5.630000,5.470000,5.470000,422030,SSI iBoard
2012-12-03,5.440000,5.560000,5.440000,5.470000,146900,SSI iBoard
2012-12-04,5.510000,5.630000,5.510000,5.610000,296390,SSI iBoard
2012-12-05,5.650000,5.870000,5.630000,5.820000,616260,SSI iBoard
2012-12-06,5.840000,5.960000,5.820000,5.910000,447180,SSI iBoard
2012-12-07,5.940000,5.940000,5.790000,5.790000,163330,SSI iBoard
2012-12-10,5.770000,5.840000,5.750000,5.790000,91080,SSI iBoard
2012-12-11,5.720000,5.910000,5.720000,5.910000,372770,SSI iBoard
2012-12-12,5.870000,6.010000,5.870000,5.960000,424460,SSI iBoard
2012-12-13,5.980000,5.980000,5.890000,5.960000,214710,SSI iBoard
2012-12-14,5.960000,6.080000,5.870000,5.870000,307590,SSI iBoard
2012-12-17,5.910000,6.150000,5.910000,6.150000,811260,SSI iBoard
2012-12-18,6.330000,6.360000,6.290000,6.290000,681340,SSI iBoard
2012-12-19,6.220000,6.290000,6.220000,6.240000,515770,SSI iBoard
2012-12-20,6.260000,6.260000,6.150000,6.190000,558040,SSI iBoard
2012-12-21,6.100000,6.150000,6.050000,6.100000,1077970,SSI iBoard
2012-12-24,6.100000,6.150000,6.010000,6.120000,162430,SSI iBoard
2012-12-25,6.190000,6.290000,6.170000,6.240000,499120,SSI iBoard
2012-12-26,6.120000,6.260000,6.120000,6.260000,117050,SSI iBoard
2012-12-27,6.380000,6.380000,6.260000,6.360000,680880,SSI iBoard
2012-12-28,6.260000,6.400000,6.260000,6.380000,480040,SSI iBoard
2013-01-02,6.380000,6.520000,6.380000,6.520000,168190,SSI iBoard
2013-01-03,6.550000,6.690000,6.330000,6.690000,500650,SSI iBoard
2013-01-04,6.570000,6.920000,6.520000,6.850000,501540,SSI iBoard
2013-01-07,6.570000,7.040000,6.570000,7.040000,1312740,SSI iBoard
2013-01-08,7.180000,7.390000,7.060000,7.390000,1035220,SSI iBoard
2013-01-09,7.060000,7.440000,7.040000,7.440000,1583320,SSI iBoard
2013-01-10,7.460000,7.620000,7.200000,7.620000,645400,SSI iBoard
2013-01-11,7.720000,7.720000,7.510000,7.530000,432980,SSI iBoard
2013-01-14,7.390000,7.480000,7.230000,7.480000,384930,SSI iBoard
2013-01-15,7.370000,7.510000,7.320000,7.510000,509000,SSI iBoard
2013-01-16,7.390000,7.720000,7.390000,7.530000,449000,SSI iBoard
2013-01-17,7.620000,7.620000,7.390000,7.390000,358750,SSI iBoard
2013-01-18,7.510000,7.510000,7.370000,7.410000,299790,SSI iBoard
2013-01-21,7.230000,7.440000,7.230000,7.300000,269410,SSI iBoard
2013-01-22,7.320000,7.320000,7.180000,7.180000,184710,SSI iBoard
2013-01-23,6.990000,7.180000,6.970000,7.130000,530180,SSI iBoard
2013-01-24,7.160000,7.270000,7.130000,7.270000,211230,SSI iBoard
2013-01-25,7.270000,7.620000,7.270000,7.620000,426490,SSI iBoard
2013-01-28,7.620000,7.740000,7.600000,7.700000,453400,SSI iBoard
2013-01-29,7.720000,7.980000,7.670000,7.980000,915570,SSI iBoard
2013-01-30,7.980000,8.070000,7.880000,8.050000,767730,SSI iBoard
2013-01-31,7.860000,7.980000,7.860000,7.980000,321460,SSI iBoard
2013-02-01,7.930000,8.050000,7.700000,8.050000,433080,SSI iBoard
2013-02-04,8.050000,8.050000,7.880000,7.910000,214910,SSI iBoard
2013-02-05,7.910000,7.910000,7.790000,7.910000,288720,SSI iBoard
2013-02-06,7.910000,8.090000,7.910000,8.090000,983270,SSI iBoard
2013-02-07,8.090000,8.140000,8.050000,8.090000,121570,SSI iBoard
2013-02-08,8.140000,8.140000,8.070000,8.090000,232830,SSI iBoard
2013-02-18,8.090000,8.090000,8.050000,8.050000,228560,SSI iBoard
2013-02-19,8.020000,8.050000,7.910000,7.950000,529020,SSI iBoard
2013-02-20,7.670000,8.000000,7.670000,8.000000,394040,SSI iBoard
2013-02-21,8.020000,8.020000,7.510000,7.510000,375710,SSI iBoard
2013-02-22,7.510000,7.790000,7.390000,7.670000,518270,SSI iBoard
2013-02-25,7.620000,7.860000,7.620000,7.860000,178380,SSI iBoard
2013-02-26,8.150000,8.150000,7.520000,7.520000,240960,SSI iBoard
2013-02-27,7.520000,7.620000,7.450000,7.520000,259470,SSI iBoard
2013-02-28,7.660000,7.980000,7.590000,7.860000,327730,SSI iBoard
2013-03-01,7.860000,7.910000,7.810000,7.880000,269070,SSI iBoard
2013-03-04,7.880000,7.960000,7.790000,7.810000,371070,SSI iBoard
2013-03-05,7.930000,7.930000,7.690000,7.690000,215070,SSI iBoard
2013-03-06,7.690000,7.840000,7.690000,7.840000,157520,SSI iBoard
2013-03-07,7.840000,7.840000,7.760000,7.840000,266560,SSI iBoard
2013-03-08,7.860000,7.880000,7.810000,7.860000,274220,SSI iBoard
2013-03-11,7.790000,7.840000,7.690000,7.840000,260040,SSI iBoard
2013-03-12,7.760000,7.860000,7.760000,7.860000,158530,SSI iBoard
2013-03-13,7.880000,7.910000,7.840000,7.910000,254430,SSI iBoard
2013-03-14,7.910000,7.930000,7.790000,7.790000,371790,SSI iBoard
2013-03-15,7.760000,8.010000,7.760000,8.010000,671530,SSI iBoard
2013-03-18,8.010000,8.010000,7.860000,7.930000,94990,SSI iBoard
2013-03-19,7.930000,7.930000,7.810000,7.810000,138660,SSI iBoard
2013-03-20,7.810000,7.880000,7.790000,7.860000,116040,SSI iBoard
2013-03-21,7.910000,7.910000,7.810000,7.840000,200370,SSI iBoard
2013-03-22,7.790000,7.840000,7.710000,7.740000,62100,SSI iBoard
2013-03-25,7.740000,7.860000,7.740000,7.790000,205300,SSI iBoard
2013-03-26,7.790000,7.810000,7.740000,7.740000,50010,SSI iBoard
2013-03-27,7.690000,7.860000,7.640000,7.860000,159520,SSI iBoard
2013-03-28,7.880000,7.880000,7.740000,7.790000,132670,SSI iBoard
2013-03-29,7.790000,7.810000,7.540000,7.790000,129060,SSI iBoard
2013-04-01,7.660000,7.790000,7.660000,7.790000,152250,SSI iBoard
2013-04-02,7.790000,7.860000,7.760000,7.840000,679970,SSI iBoard
2013-04-03,7.880000,7.880000,7.740000,7.790000,339260,SSI iBoard
2013-04-04,7.690000,7.790000,7.690000,7.710000,203140,SSI iBoard
2013-04-05,7.790000,7.790000,7.520000,7.570000,294150,SSI iBoard
2013-04-08,7.570000,7.660000,7.570000,7.660000,162030,SSI iBoard
2013-04-09,7.590000,7.660000,7.570000,7.590000,120270,SSI iBoard
2013-04-10,7.590000,7.640000,7.080000,7.080000,502130,SSI iBoard
2013-04-11,7.110000,7.300000,7.060000,7.180000,566150,SSI iBoard
2013-04-12,7.150000,7.180000,6.930000,6.980000,354980,SSI iBoard
2013-04-15,6.930000,6.960000,6.570000,6.640000,329800,SSI iBoard
2013-04-16,6.550000,6.890000,6.380000,6.810000,589680,SSI iBoard
2013-04-17,6.640000,6.890000,6.640000,6.860000,367680,SSI iBoard
2013-04-18,6.720000,6.760000,6.640000,6.640000,484490,SSI iBoard
2013-04-22,6.620000,6.640000,6.500000,6.500000,426580,SSI iBoard
2013-04-23,6.500000,6.640000,6.500000,6.570000,363270,SSI iBoard
2013-04-24,6.570000,6.640000,6.470000,6.470000,314110,SSI iBoard
2013-04-25,6.570000,6.670000,6.570000,6.670000,136300,SSI iBoard
2013-04-26,6.760000,6.790000,6.670000,6.670000,236810,SSI iBoard
2013-05-02,6.690000,6.690000,6.620000,6.620000,37320,SSI iBoard
2013-05-03,6.570000,6.620000,6.570000,6.620000,116280,SSI iBoard
2013-05-06,6.690000,6.840000,6.640000,6.810000,320990,SSI iBoard
2013-05-07,6.840000,6.890000,6.760000,6.790000,299510,SSI iBoard
2013-05-08,6.790000,6.840000,6.760000,6.840000,119680,SSI iBoard
2013-05-09,6.840000,6.840000,6.740000,6.760000,167260,SSI iBoard
2013-05-10,6.760000,6.840000,6.670000,6.690000,195930,SSI iBoard
2013-05-13,6.640000,6.760000,6.640000,6.760000,92860,SSI iBoard
2013-05-14,6.720000,6.740000,6.620000,6.620000,199140,SSI iBoard
2013-05-15,6.670000,6.810000,6.640000,6.790000,242740,SSI iBoard
2013-05-16,6.810000,7.180000,6.790000,7.150000,942020,SSI iBoard
2013-05-17,7.060000,7.110000,6.960000,6.960000,189370,SSI iBoard
2013-05-20,6.960000,7.200000,6.960000,7.150000,398580,SSI iBoard
2013-05-21,7.180000,7.350000,7.150000,7.180000,287420,SSI iBoard
2013-05-22,7.300000,7.300000,7.180000,7.180000,361120,SSI iBoard
2013-05-23,7.180000,7.180000,6.930000,6.960000,514520,SSI iBoard
2013-05-24,7.060000,7.080000,6.890000,6.930000,522000,SSI iBoard
2013-05-27,7.060000,7.280000,7.060000,7.180000,804540,SSI iBoard
2013-05-28,7.250000,7.250000,7.180000,7.230000,727480,SSI iBoard
2013-05-29,7.280000,7.280000,7.200000,7.200000,628100,SSI iBoard
2013-05-30,7.230000,7.470000,7.200000,7.470000,1205890,SSI iBoard
2013-05-31,7.540000,7.640000,7.470000,7.520000,689950,SSI iBoard
2013-06-03,7.450000,7.570000,7.450000,7.540000,401000,SSI iBoard
2013-06-04,7.490000,7.540000,7.350000,7.350000,651470,SSI iBoard
2013-06-05,7.350000,7.450000,7.320000,7.450000,334390,SSI iBoard
2013-06-06,7.370000,7.660000,7.370000,7.620000,388650,SSI iBoard
2013-06-07,7.690000,7.810000,7.690000,7.790000,594630,SSI iBoard
2013-06-10,7.740000,7.930000,7.690000,7.710000,698650,SSI iBoard
2013-06-11,7.760000,7.760000,7.590000,7.620000,706730,SSI iBoard
2013-06-12,7.490000,7.660000,7.420000,7.420000,743040,SSI iBoard
2013-06-13,7.420000,7.540000,7.400000,7.520000,303570,SSI iBoard
2013-06-14,7.520000,7.570000,7.450000,7.450000,497930,SSI iBoard
2013-06-17,7.450000,7.640000,7.450000,7.450000,482070,SSI iBoard
2013-06-18,7.450000,7.590000,7.450000,7.540000,434260,SSI iBoard
2013-06-19,7.470000,7.570000,7.470000,7.540000,284760,SSI iBoard
2013-06-20,7.520000,7.520000,7.420000,7.520000,606070,SSI iBoard
2013-06-21,7.520000,7.540000,7.450000,7.490000,1335940,SSI iBoard
2013-06-24,7.400000,7.470000,7.130000,7.180000,856880,SSI iBoard
2013-06-25,7.130000,7.130000,6.690000,6.740000,778690,SSI iBoard
2013-06-26,6.690000,6.760000,6.520000,6.570000,1080010,SSI iBoard
2013-06-27,6.620000,6.760000,6.570000,6.720000,537660,SSI iBoard
2013-06-28,6.790000,6.840000,6.720000,6.810000,250140,SSI iBoard
2013-07-01,6.790000,6.790000,6.670000,6.670000,190510,SSI iBoard
2013-07-02,6.670000,6.760000,6.670000,6.760000,74490,SSI iBoard
2013-07-03,6.790000,6.810000,6.670000,6.670000,246800,SSI iBoard
2013-07-04,6.670000,6.760000,6.670000,6.670000,235290,SSI iBoard
2013-07-05,6.740000,6.740000,6.670000,6.690000,108700,SSI iBoard
2013-07-08,6.640000,6.720000,6.640000,6.720000,117450,SSI iBoard
2013-07-09,6.690000,6.740000,6.670000,6.720000,105910,SSI iBoard
2013-07-10,6.670000,6.740000,6.640000,6.640000,238650,SSI iBoard
2013-07-11,6.640000,6.690000,6.590000,6.690000,189980,SSI iBoard
2013-07-12,6.720000,6.760000,6.690000,6.760000,155760,SSI iBoard
2013-07-15,6.790000,6.810000,6.740000,6.760000,269500,SSI iBoard
2013-07-16,6.720000,6.790000,6.720000,6.740000,190580,SSI iBoard
2013-07-17,6.740000,6.740000,6.690000,6.740000,226070,SSI iBoard
2013-07-18,6.720000,6.760000,6.690000,6.720000,241470,SSI iBoard
2013-07-19,6.760000,6.890000,6.740000,6.810000,607350,SSI iBoard
2013-07-22,6.810000,6.860000,6.760000,6.790000,115210,SSI iBoard
2013-07-23,6.790000,6.960000,6.760000,6.890000,551970,SSI iBoard
2013-07-24,6.810000,6.890000,6.720000,6.720000,458990,SSI iBoard
2013-07-25,6.720000,6.790000,6.690000,6.690000,184080,SSI iBoard
2013-07-26,6.690000,6.760000,6.640000,6.690000,231630,SSI iBoard
2013-07-29,6.620000,6.740000,6.520000,6.570000,220170,SSI iBoard
2013-07-30,6.570000,6.640000,6.570000,6.620000,132300,SSI iBoard
2013-07-31,6.590000,6.640000,6.520000,6.520000,143940,SSI iBoard
2013-08-01,6.590000,6.590000,6.500000,6.500000,357500,SSI iBoard
2013-08-02,6.550000,6.590000,6.520000,6.570000,87330,SSI iBoard
2013-08-05,6.570000,6.590000,6.550000,6.590000,89320,SSI iBoard
2013-08-06,6.590000,6.670000,6.550000,6.670000,422260,SSI iBoard
2013-08-07,6.690000,6.690000,6.590000,6.590000,188380,SSI iBoard
2013-08-08,6.590000,6.640000,6.550000,6.550000,122680,SSI iBoard
2013-08-09,6.570000,6.570000,6.520000,6.550000,168040,SSI iBoard
2013-08-12,6.520000,6.570000,6.520000,6.520000,230110,SSI iBoard
2013-08-13,6.520000,6.570000,6.470000,6.470000,370930,SSI iBoard
2013-08-14,6.470000,6.500000,6.470000,6.500000,207680,SSI iBoard
2013-08-15,6.500000,6.620000,6.500000,6.570000,241320,SSI iBoard
2013-08-16,6.570000,6.620000,6.570000,6.570000,214020,SSI iBoard
2013-08-19,6.570000,6.640000,6.550000,6.550000,683340,SSI iBoard
2013-08-20,6.550000,6.550000,6.500000,6.500000,523600,SSI iBoard
2013-08-21,6.520000,6.520000,6.470000,6.520000,257190,SSI iBoard
2013-08-22,6.470000,6.520000,6.350000,6.350000,630520,SSI iBoard
2013-08-23,6.420000,6.420000,6.130000,6.130000,1079540,SSI iBoard
2013-08-26,6.080000,6.200000,5.990000,6.130000,845580,SSI iBoard
2013-08-27,6.110000,6.130000,6.080000,6.110000,173520,SSI iBoard
2013-08-28,6.080000,6.080000,5.960000,5.990000,960680,SSI iBoard
2013-08-29,5.990000,6.030000,5.670000,5.670000,1183920,SSI iBoard
2013-08-30,5.690000,6.010000,5.690000,6.010000,1140480,SSI iBoard
2013-09-03,5.960000,6.030000,5.770000,5.770000,321820,SSI iBoard
2013-09-04,5.770000,5.860000,5.690000,5.740000,497700,SSI iBoard
2013-09-05,5.820000,5.910000,5.720000,5.860000,214020,SSI iBoard
2013-09-06,5.910000,5.960000,5.840000,5.960000,529910,SSI iBoard
2013-09-09,5.960000,5.960000,5.770000,5.770000,645580,SSI iBoard
2013-09-10,5.840000,5.840000,5.790000,5.820000,346140,SSI iBoard
2013-09-11,5.860000,6.010000,5.840000,5.910000,403970,SSI iBoard
2013-09-12,5.910000,5.960000,5.890000,5.910000,339720,SSI iBoard
2013-09-13,5.940000,5.990000,5.940000,5.960000,326650,SSI iBoard
2013-09-16,6.110000,6.180000,6.080000,6.130000,718300,SSI iBoard
2013-09-17,6.180000,6.350000,6.160000,6.280000,1104560,SSI iBoard
2013-09-18,6.280000,6.280000,6.130000,6.130000,352070,SSI iBoard
2013-09-19,6.180000,6.250000,6.130000,6.130000,541550,SSI iBoard
2013-09-20,6.180000,6.200000,6.060000,6.200000,1632120,SSI iBoard
2013-09-23,6.180000,6.180000,6.060000,6.160000,248800,SSI iBoard
2013-09-24,6.160000,6.280000,6.110000,6.200000,196450,SSI iBoard
2013-09-25,6.230000,6.300000,6.160000,6.230000,239890,SSI iBoard
2013-09-26,6.250000,6.280000,6.110000,6.230000,314840,SSI iBoard
2013-09-27,6.230000,6.300000,6.200000,6.280000,305180,SSI iBoard
2013-09-30,6.300000,6.570000,6.300000,6.550000,850970,SSI iBoard
2013-10-01,6.550000,6.760000,6.550000,6.740000,1317150,SSI iBoard
2013-10-02,6.720000,6.860000,6.720000,6.790000,636820,SSI iBoard
2013-10-03,6.790000,6.790000,6.670000,6.740000,416050,SSI iBoard
2013-10-04,6.740000,6.890000,6.670000,6.840000,409850,SSI iBoard
2013-10-07,6.890000,6.930000,6.840000,6.910000,376080,SSI iBoard
2013-10-08,6.910000,7.060000,6.860000,7.060000,790490,SSI iBoard
2013-10-09,6.980000,7.060000,6.960000,6.960000,335050,SSI iBoard
2013-10-10,6.960000,7.010000,6.910000,6.910000,221130,SSI iBoard
2013-10-11,6.960000,7.030000,6.960000,7.010000,432490,SSI iBoard
2013-10-14,7.010000,7.060000,7.010000,7.010000,358640,SSI iBoard
2013-10-15,7.010000,7.060000,6.960000,7.030000,246130,SSI iBoard
2013-10-16,7.060000,7.280000,7.030000,7.250000,549920,SSI iBoard
2013-10-17,7.280000,7.280000,7.150000,7.180000,244580,SSI iBoard
2013-10-18,7.180000,7.230000,7.130000,7.230000,183840,SSI iBoard
2013-10-21,7.250000,7.250000,7.180000,7.200000,149520,SSI iBoard
2013-10-22,7.200000,7.230000,7.130000,7.150000,237630,SSI iBoard
2013-10-23,7.200000,7.350000,7.200000,7.320000,767030,SSI iBoard
2013-10-24,7.250000,7.320000,7.250000,7.280000,275800,SSI iBoard
2013-10-25,7.300000,7.300000,7.250000,7.300000,313500,SSI iBoard
2013-10-28,7.300000,7.300000,7.150000,7.180000,127840,SSI iBoard
2013-10-29,7.080000,7.200000,7.080000,7.200000,200890,SSI iBoard
2013-10-30,7.180000,7.250000,7.150000,7.150000,102450,SSI iBoard
2013-10-31,7.230000,7.250000,7.150000,7.180000,306730,SSI iBoard
2013-11-01,7.230000,7.230000,7.150000,7.150000,55140,SSI iBoard
2013-11-04,7.130000,7.150000,7.030000,7.030000,302890,SSI iBoard
2013-11-05,7.060000,7.150000,7.030000,7.150000,160270,SSI iBoard
2013-11-06,7.200000,7.230000,7.150000,7.230000,100630,SSI iBoard
2013-11-07,7.230000,7.280000,7.200000,7.250000,336660,SSI iBoard
2013-11-08,7.150000,7.280000,7.150000,7.250000,177490,SSI iBoard
2013-11-11,7.150000,7.300000,7.150000,7.300000,350210,SSI iBoard
2013-11-12,7.280000,7.280000,7.200000,7.230000,238320,SSI iBoard
2013-11-13,7.180000,7.230000,7.180000,7.180000,237390,SSI iBoard
2013-11-14,7.150000,7.230000,7.150000,7.200000,83190,SSI iBoard
2013-11-15,7.200000,7.230000,7.200000,7.230000,100880,SSI iBoard
2013-11-18,7.230000,7.300000,7.230000,7.250000,155410,SSI iBoard
2013-11-19,7.060000,7.200000,7.060000,7.080000,484590,SSI iBoard
2013-11-20,7.080000,7.130000,7.030000,7.130000,498340,SSI iBoard
2013-11-21,7.110000,7.180000,7.030000,7.030000,508680,SSI iBoard
2013-11-22,7.060000,7.060000,7.010000,7.030000,214450,SSI iBoard
2013-11-25,7.080000,7.080000,7.010000,7.030000,226190,SSI iBoard
2013-11-26,7.030000,7.060000,6.960000,6.960000,179560,SSI iBoard
2013-11-27,6.960000,7.010000,6.860000,6.890000,579660,SSI iBoard
2013-11-28,6.890000,6.890000,6.810000,6.890000,192780,SSI iBoard
2013-11-29,6.890000,6.930000,6.860000,6.930000,247990,SSI iBoard
2013-12-02,6.930000,6.960000,6.890000,6.910000,68290,SSI iBoard
2013-12-03,6.890000,6.930000,6.890000,6.910000,335130,SSI iBoard
2013-12-04,6.910000,6.910000,6.840000,6.840000,176890,SSI iBoard
2013-12-05,6.840000,6.840000,6.670000,6.690000,797050,SSI iBoard
2013-12-06,6.760000,6.810000,6.740000,6.790000,88990,SSI iBoard
2013-12-09,6.810000,6.810000,6.740000,6.810000,217550,SSI iBoard
2013-12-10,6.810000,6.810000,6.740000,6.760000,134190,SSI iBoard
2013-12-11,6.740000,6.760000,6.640000,6.640000,176860,SSI iBoard
2013-12-12,6.640000,6.640000,6.550000,6.570000,300100,SSI iBoard
2013-12-13,6.550000,6.570000,6.500000,6.500000,337670,SSI iBoard
2013-12-16,6.470000,6.520000,6.420000,6.450000,538500,SSI iBoard
2013-12-17,6.450000,6.550000,6.450000,6.520000,305950,SSI iBoard
2013-12-18,6.500000,6.590000,6.500000,6.550000,1290810,SSI iBoard
2013-12-19,6.550000,6.670000,6.520000,6.620000,2255780,SSI iBoard
2013-12-20,6.620000,6.620000,6.520000,6.520000,2834510,SSI iBoard
2013-12-23,6.570000,6.590000,6.520000,6.590000,809720,SSI iBoard
2013-12-24,6.570000,6.570000,6.500000,6.550000,1112870,SSI iBoard
2013-12-25,6.550000,6.550000,6.470000,6.520000,600280,SSI iBoard
2013-12-26,6.520000,6.570000,6.500000,6.570000,621860,SSI iBoard
2013-12-27,6.570000,6.590000,6.520000,6.520000,602070,SSI iBoard
2013-12-30,6.500000,6.550000,6.420000,6.420000,883410,SSI iBoard
2013-12-31,6.470000,6.550000,6.420000,6.520000,377610,SSI iBoard
2014-01-02,6.550000,6.550000,6.470000,6.500000,333900,SSI iBoard
2014-01-03,6.500000,6.640000,6.500000,6.620000,813360,SSI iBoard
2014-01-06,6.640000,6.670000,6.570000,6.590000,375890,SSI iBoard
2014-01-07,6.690000,6.790000,6.670000,6.740000,2372530,SSI iBoard
2014-01-08,6.760000,6.840000,6.720000,6.840000,1474370,SSI iBoard
2014-01-09,6.840000,6.910000,6.810000,6.890000,697120,SSI iBoard
2014-01-10,6.890000,6.910000,6.760000,6.760000,855370,SSI iBoard
2014-01-13,6.760000,6.760000,6.590000,6.690000,1691140,SSI iBoard
2014-01-14,6.690000,6.760000,6.670000,6.740000,983210,SSI iBoard
2014-01-15,6.760000,6.790000,6.690000,6.740000,729090,SSI iBoard
2014-01-16,6.740000,6.790000,6.690000,6.740000,1361150,SSI iBoard
2014-01-17,6.790000,7.010000,6.790000,6.910000,2643720,SSI iBoard
2014-01-20,6.960000,7.280000,6.930000,7.110000,2886110,SSI iBoard
2014-01-21,7.150000,7.200000,6.930000,7.200000,1899570,SSI iBoard
2014-01-22,7.230000,7.230000,7.080000,7.110000,1489060,SSI iBoard
2014-01-23,7.110000,7.180000,7.060000,7.130000,1020730,SSI iBoard
2014-01-24,7.130000,7.130000,6.980000,7.030000,1152110,SSI iBoard
2014-01-27,7.030000,7.030000,6.930000,6.930000,743890,SSI iBoard
2014-02-06,6.930000,6.930000,6.760000,6.790000,1232150,SSI iBoard
2014-02-07,6.810000,6.860000,6.740000,6.760000,693300,SSI iBoard
2014-02-10,6.790000,6.890000,6.740000,6.890000,488760,SSI iBoard
2014-02-11,6.910000,6.960000,6.860000,6.890000,954100,SSI iBoard
2014-02-12,6.890000,7.060000,6.890000,7.060000,1140490,SSI iBoard
2014-02-13,7.110000,7.150000,7.030000,7.030000,924000,SSI iBoard
2014-02-14,7.030000,7.110000,7.030000,7.060000,638900,SSI iBoard
2014-02-17,7.060000,7.080000,6.960000,7.010000,702690,SSI iBoard
2014-02-18,6.980000,7.060000,6.980000,7.060000,686890,SSI iBoard
2014-02-19,7.080000,7.110000,7.030000,7.080000,810790,SSI iBoard
2014-02-20,7.110000,7.230000,7.010000,7.080000,1245820,SSI iBoard
2014-02-21,7.110000,7.110000,7.030000,7.060000,489570,SSI iBoard
2014-02-24,7.080000,7.110000,7.030000,7.080000,430120,SSI iBoard
2014-02-25,7.080000,7.150000,7.080000,7.150000,1179140,SSI iBoard
2014-02-26,7.250000,7.420000,7.250000,7.370000,1692630,SSI iBoard
2014-02-27,7.370000,7.540000,7.370000,7.420000,1604570,SSI iBoard
2014-02-28,7.420000,7.640000,7.300000,7.450000,1322660,SSI iBoard
2014-03-03,7.540000,7.540000,7.250000,7.250000,1194230,SSI iBoard
2014-03-04,7.150000,7.350000,7.110000,7.250000,996660,SSI iBoard
2014-03-05,7.250000,7.370000,7.250000,7.300000,678050,SSI iBoard
2014-03-06,7.300000,7.320000,7.250000,7.300000,553810,SSI iBoard
2014-03-07,7.300000,7.350000,7.280000,7.280000,760200,SSI iBoard
2014-03-10,7.280000,7.540000,7.280000,7.490000,893900,SSI iBoard
2014-03-11,7.490000,7.640000,7.490000,7.570000,1440940,SSI iBoard
2014-03-12,7.540000,7.620000,7.450000,7.450000,1081320,SSI iBoard
2014-03-13,7.450000,7.590000,7.450000,7.590000,796550,SSI iBoard
2014-03-14,7.640000,7.640000,7.490000,7.620000,820920,SSI iBoard
2014-03-17,7.520000,7.540000,7.450000,7.490000,910890,SSI iBoard
2014-03-18,7.490000,7.490000,7.400000,7.420000,576830,SSI iBoard
2014-03-19,7.420000,7.540000,7.420000,7.520000,801270,SSI iBoard
2014-03-20,7.520000,7.540000,7.450000,7.470000,689800,SSI iBoard
2014-03-21,7.490000,7.740000,7.470000,7.570000,3372760,SSI iBoard
2014-03-24,7.690000,7.790000,7.660000,7.740000,1332010,SSI iBoard
2014-03-25,7.760000,7.810000,7.640000,7.710000,1244340,SSI iBoard
2014-03-26,7.690000,7.710000,7.350000,7.400000,1491940,SSI iBoard
2014-03-27,7.400000,7.470000,7.320000,7.400000,1248890,SSI iBoard
2014-03-28,7.400000,7.570000,7.400000,7.490000,980460,SSI iBoard
2014-03-31,7.490000,7.640000,7.450000,7.490000,1075020,SSI iBoard
2014-04-01,7.520000,7.710000,7.400000,7.570000,1542170,SSI iBoard
2014-04-02,7.570000,7.660000,7.450000,7.590000,752860,SSI iBoard
2014-04-03,7.640000,7.660000,7.570000,7.620000,619120,SSI iBoard
2014-04-04,7.660000,7.660000,7.590000,7.620000,354790,SSI iBoard
2014-04-07,7.570000,7.690000,7.570000,7.640000,504290,SSI iBoard
2014-04-08,7.620000,7.660000,7.620000,7.660000,772700,SSI iBoard
2014-04-10,7.690000,7.710000,7.590000,7.590000,870900,SSI iBoard
2014-04-11,7.590000,7.590000,7.520000,7.540000,658470,SSI iBoard
2014-04-14,7.540000,7.540000,7.450000,7.470000,659610,SSI iBoard
2014-04-15,7.490000,7.490000,7.280000,7.300000,945980,SSI iBoard
2014-04-16,7.300000,7.350000,6.810000,7.150000,799140,SSI iBoard
2014-04-17,7.250000,7.250000,7.130000,7.150000,1063560,SSI iBoard
2014-04-18,7.250000,7.250000,7.030000,7.030000,669860,SSI iBoard
2014-04-21,6.930000,7.130000,6.930000,6.930000,555160,SSI iBoard
2014-04-22,6.930000,7.130000,6.930000,7.060000,455180,SSI iBoard
2014-04-23,7.110000,7.230000,7.030000,7.060000,1228250,SSI iBoard
2014-04-24,7.060000,7.080000,7.010000,7.060000,495860,SSI iBoard
2014-04-25,7.060000,7.080000,6.980000,7.060000,618400,SSI iBoard
2014-04-28,6.930000,7.060000,6.910000,6.930000,843660,SSI iBoard
2014-04-29,7.010000,7.030000,6.910000,7.010000,168700,SSI iBoard
2014-05-05,6.930000,7.010000,6.570000,6.590000,613130,SSI iBoard
2014-05-06,6.570000,6.620000,6.300000,6.450000,569510,SSI iBoard
2014-05-07,6.570000,6.570000,6.420000,6.500000,312630,SSI iBoard
2014-05-08,6.450000,6.450000,6.060000,6.060000,1770040,SSI iBoard
2014-05-09,5.860000,6.200000,5.860000,6.180000,907580,SSI iBoard
2014-05-12,6.080000,6.180000,5.770000,5.790000,1179560,SSI iBoard
2014-05-13,5.790000,5.910000,5.720000,5.910000,764660,SSI iBoard
2014-05-14,5.910000,6.330000,5.910000,6.330000,1159110,SSI iBoard
2014-05-15,6.330000,6.470000,6.080000,6.300000,1470070,SSI iBoard
2014-05-16,6.200000,6.570000,6.200000,6.570000,630360,SSI iBoard
2014-05-19,6.590000,6.670000,6.470000,6.670000,574880,SSI iBoard
2014-05-20,6.570000,6.670000,6.450000,6.640000,280870,SSI iBoard
2014-05-21,6.670000,6.670000,6.550000,6.620000,289340,SSI iBoard
2014-05-22,6.620000,6.640000,6.570000,6.570000,463230,SSI iBoard
2014-05-23,6.570000,6.570000,6.400000,6.400000,493560,SSI iBoard
2014-05-26,6.520000,6.640000,6.400000,6.640000,319920,SSI iBoard
2014-05-27,6.640000,6.930000,6.620000,6.930000,482210,SSI iBoard
2014-05-28,6.930000,7.080000,6.930000,7.030000,849320,SSI iBoard
2014-05-29,7.060000,7.110000,6.910000,6.960000,360170,SSI iBoard
2014-05-30,6.960000,7.060000,6.910000,7.060000,397450,SSI iBoard
2014-06-02,7.080000,7.080000,6.910000,7.060000,306000,SSI iBoard
2014-06-03,7.060000,7.060000,7.010000,7.030000,229670,SSI iBoard
2014-06-04,6.960000,7.010000,6.890000,6.930000,68300,SSI iBoard
2014-06-05,6.810000,6.910000,6.790000,6.790000,208520,SSI iBoard
2014-06-06,6.930000,7.060000,6.890000,7.010000,331530,SSI iBoard
2014-06-09,7.030000,7.080000,6.980000,7.010000,373710,SSI iBoard
2014-06-10,7.030000,7.060000,6.960000,6.960000,304310,SSI iBoard
2014-06-11,7.010000,7.080000,6.980000,7.080000,329650,SSI iBoard
2014-06-12,7.180000,7.400000,7.150000,7.250000,535340,SSI iBoard
2014-06-13,7.320000,7.350000,7.280000,7.320000,286880,SSI iBoard
2014-06-16,7.280000,7.280000,7.180000,7.280000,692070,SSI iBoard
2014-06-17,7.250000,7.300000,7.230000,7.300000,513190,SSI iBoard
2014-06-18,7.610000,7.690000,7.520000,7.580000,1258160,SSI iBoard
2014-06-19,7.520000,7.550000,7.350000,7.460000,472560,SSI iBoard
2014-06-20,7.460000,7.550000,7.260000,7.260000,1663210,SSI iBoard
2014-06-23,7.260000,7.670000,7.260000,7.640000,1147970,SSI iBoard
2014-06-24,7.610000,7.670000,7.580000,7.580000,645440,SSI iBoard
2014-06-25,7.580000,7.690000,7.580000,7.670000,730210,SSI iBoard
2014-06-26,7.670000,7.750000,7.640000,7.690000,829790,SSI iBoard
2014-06-27,7.690000,7.720000,7.670000,7.670000,480590,SSI iBoard
2014-06-30,7.720000,7.720000,7.610000,7.640000,65430,SSI iBoard
2014-07-01,7.670000,7.670000,7.550000,7.580000,452640,SSI iBoard
2014-07-02,7.640000,7.640000,7.520000,7.550000,307940,SSI iBoard
2014-07-03,7.580000,7.610000,7.520000,7.550000,251340,SSI iBoard
2014-07-04,7.550000,7.640000,7.520000,7.610000,419000,SSI iBoard
2014-07-07,7.640000,7.690000,7.610000,7.670000,481630,SSI iBoard
2014-07-08,7.670000,7.670000,7.610000,7.640000,177750,SSI iBoard
2014-07-09,7.640000,7.640000,7.550000,7.550000,261180,SSI iBoard
2014-07-10,7.550000,7.610000,7.490000,7.490000,272570,SSI iBoard
2014-07-11,7.520000,7.520000,7.460000,7.490000,290530,SSI iBoard
2014-07-14,7.490000,7.520000,7.430000,7.490000,115020,SSI iBoard
2014-07-15,7.520000,7.550000,7.490000,7.520000,265080,SSI iBoard
2014-07-16,7.520000,7.640000,7.520000,7.610000,392220,SSI iBoard
2014-07-17,7.580000,7.640000,7.550000,7.550000,203220,SSI iBoard
2014-07-18,7.610000,7.640000,7.550000,7.640000,391340,SSI iBoard
2014-07-21,7.640000,7.670000,7.550000,7.640000,237300,SSI iBoard
2014-07-22,7.580000,7.610000,7.520000,7.520000,128580,SSI iBoard
2014-07-23,7.490000,7.580000,7.490000,7.550000,54230,SSI iBoard
2014-07-24,7.520000,7.580000,7.520000,7.580000,178060,SSI iBoard
2014-07-25,7.520000,7.610000,7.520000,7.520000,202600,SSI iBoard
2014-07-28,7.520000,7.520000,7.400000,7.460000,192670,SSI iBoard
2014-07-29,7.430000,7.520000,7.400000,7.520000,167520,SSI iBoard
2014-07-30,7.460000,7.520000,7.400000,7.460000,92210,SSI iBoard
2014-07-31,7.430000,7.490000,7.400000,7.460000,164230,SSI iBoard
2014-08-01,7.430000,7.520000,7.430000,7.520000,148610,SSI iBoard
2014-08-04,7.430000,7.550000,7.430000,7.550000,247230,SSI iBoard
2014-08-05,7.550000,7.640000,7.490000,7.640000,529870,SSI iBoard
2014-08-06,7.640000,7.640000,7.580000,7.580000,133380,SSI iBoard
2014-08-07,7.550000,7.580000,7.550000,7.580000,319690,SSI iBoard
2014-08-08,7.550000,7.610000,7.550000,7.550000,165270,SSI iBoard
2014-08-11,7.520000,7.580000,7.460000,7.490000,219270,SSI iBoard
2014-08-12,7.490000,7.550000,7.490000,7.520000,67530,SSI iBoard
2014-08-13,7.520000,7.580000,7.520000,7.580000,206990,SSI iBoard
2014-08-14,7.580000,7.580000,7.490000,7.550000,205890,SSI iBoard
2014-08-15,7.490000,7.550000,7.460000,7.490000,199200,SSI iBoard
2014-08-18,7.490000,7.550000,7.490000,7.520000,192610,SSI iBoard
2014-08-19,7.520000,7.550000,7.490000,7.520000,377640,SSI iBoard
2014-08-20,7.490000,7.780000,7.490000,7.720000,1362550,SSI iBoard
2014-08-21,7.720000,7.930000,7.690000,7.930000,1269510,SSI iBoard
2014-08-22,7.930000,8.020000,7.900000,7.930000,782990,SSI iBoard
2014-08-25,7.930000,7.990000,7.870000,7.990000,1071600,SSI iBoard
2014-08-26,7.990000,8.130000,7.900000,8.130000,1074900,SSI iBoard
2014-08-27,8.040000,8.100000,7.960000,8.040000,397700,SSI iBoard
2014-08-28,8.040000,8.070000,7.930000,8.020000,435590,SSI iBoard
2014-08-29,8.020000,8.190000,8.020000,8.160000,764530,SSI iBoard
2014-09-03,8.160000,8.310000,8.160000,8.250000,497010,SSI iBoard
2014-09-04,8.190000,8.390000,8.100000,8.390000,1262820,SSI iBoard
2014-09-05,8.390000,8.570000,8.310000,8.540000,586820,SSI iBoard
2014-09-08,8.540000,8.570000,8.480000,8.540000,331740,SSI iBoard
2014-09-09,8.540000,8.540000,8.310000,8.340000,720410,SSI iBoard
2014-09-10,8.390000,8.390000,8.190000,8.340000,626170,SSI iBoard
2014-09-11,8.310000,8.370000,8.250000,8.310000,131340,SSI iBoard
2014-09-12,8.280000,8.310000,8.190000,8.310000,170420,SSI iBoard
2014-09-15,8.310000,8.310000,8.070000,8.100000,549300,SSI iBoard
2014-09-16,8.070000,8.100000,7.840000,7.990000,766540,SSI iBoard
2014-09-17,7.990000,8.020000,7.900000,7.930000,307610,SSI iBoard
2014-09-18,7.930000,8.100000,7.930000,7.960000,107130,SSI iBoard
2014-09-19,7.870000,7.960000,7.670000,7.670000,1531950,SSI iBoard
2014-09-22,7.810000,7.900000,7.810000,7.810000,522460,SSI iBoard
2014-09-23,7.810000,7.870000,7.780000,7.810000,139320,SSI iBoard
2014-09-24,7.810000,7.870000,7.750000,7.780000,748120,SSI iBoard
2014-09-25,7.750000,7.780000,7.640000,7.720000,818580,SSI iBoard
2014-09-26,7.810000,7.810000,7.690000,7.690000,556060,SSI iBoard
2014-09-29,7.670000,7.670000,7.610000,7.640000,996190,SSI iBoard
2014-09-30,7.580000,7.690000,7.580000,7.610000,1088850,SSI iBoard
2014-10-01,7.720000,7.750000,7.610000,7.690000,1156710,SSI iBoard
2014-10-02,7.720000,7.990000,7.720000,7.990000,631980,SSI iBoard
2014-10-03,8.020000,8.040000,7.990000,8.020000,838150,SSI iBoard
2014-10-06,7.960000,8.020000,7.900000,7.930000,420510,SSI iBoard
2014-10-07,7.930000,7.960000,7.870000,7.930000,241160,SSI iBoard
2014-10-08,7.930000,7.930000,7.840000,7.870000,142470,SSI iBoard
2014-10-09,7.870000,7.990000,7.840000,7.930000,303110,SSI iBoard
2014-10-10,7.960000,7.960000,7.870000,7.870000,242990,SSI iBoard
2014-10-13,7.870000,7.870000,7.780000,7.870000,213690,SSI iBoard
2014-10-14,7.810000,7.870000,7.780000,7.780000,105230,SSI iBoard
2014-10-15,7.720000,7.840000,7.670000,7.840000,268140,SSI iBoard
2014-10-16,7.780000,7.810000,7.690000,7.780000,372630,SSI iBoard
2014-10-17,7.720000,7.750000,7.580000,7.690000,544860,SSI iBoard
2014-10-20,7.690000,7.840000,7.670000,7.750000,86000,SSI iBoard
2014-10-21,7.780000,7.810000,7.720000,7.780000,82890,SSI iBoard
2014-10-22,7.720000,7.840000,7.720000,7.780000,204730,SSI iBoard
2014-10-23,7.750000,7.780000,7.690000,7.720000,315030,SSI iBoard
2014-10-24,7.690000,7.780000,7.690000,7.720000,115150,SSI iBoard
2014-10-27,7.720000,7.750000,7.580000,7.580000,151010,SSI iBoard
2014-10-28,7.580000,7.720000,7.580000,7.720000,225500,SSI iBoard
2014-10-29,7.640000,7.750000,7.640000,7.670000,122130,SSI iBoard
2014-10-30,7.720000,7.780000,7.670000,7.780000,170230,SSI iBoard
2014-10-31,7.810000,8.100000,7.780000,8.070000,855140,SSI iBoard
2014-11-03,8.070000,8.220000,8.040000,8.220000,581720,SSI iBoard
2014-11-04,8.220000,8.220000,8.020000,8.020000,352520,SSI iBoard
2014-11-05,8.040000,8.040000,7.960000,7.990000,209710,SSI iBoard
2014-11-06,7.990000,8.020000,7.900000,7.930000,127270,SSI iBoard
2014-11-07,7.870000,8.070000,7.870000,7.930000,195560,SSI iBoard
2014-11-10,7.900000,8.070000,7.900000,7.960000,338860,SSI iBoard
2014-11-11,7.930000,7.990000,7.930000,7.930000,170350,SSI iBoard
2014-11-12,7.960000,8.020000,7.960000,7.960000,101700,SSI iBoard
2014-11-13,7.990000,8.020000,7.960000,7.960000,171600,SSI iBoard
2014-11-14,7.960000,8.020000,7.960000,8.020000,188030,SSI iBoard
2014-11-17,7.960000,8.070000,7.960000,7.960000,166070,SSI iBoard
2014-11-18,8.020000,8.020000,7.870000,7.870000,114620,SSI iBoard
2014-11-19,7.960000,7.960000,7.750000,7.750000,119230,SSI iBoard
2014-11-20,7.750000,7.930000,7.750000,7.930000,206200,SSI iBoard
2014-11-21,7.930000,8.100000,7.930000,8.020000,456310,SSI iBoard
2014-11-24,7.870000,7.990000,7.870000,7.990000,224230,SSI iBoard
2014-11-25,7.990000,8.100000,7.990000,8.040000,383160,SSI iBoard
2014-11-26,8.100000,8.100000,7.870000,7.870000,492430,SSI iBoard
2014-11-27,7.870000,7.990000,7.870000,7.960000,36380,SSI iBoard
2014-11-28,7.960000,8.130000,7.960000,8.070000,648600,SSI iBoard
2014-12-01,7.960000,8.250000,7.930000,8.220000,542630,SSI iBoard
2014-12-02,8.220000,8.220000,8.160000,8.190000,289470,SSI iBoard
2014-12-03,8.100000,8.370000,8.100000,8.370000,653260,SSI iBoard
2014-12-04,8.310000,8.600000,8.310000,8.540000,703580,SSI iBoard
2014-12-05,8.540000,9.040000,8.540000,8.830000,1092600,SSI iBoard
2014-12-08,8.740000,9.270000,8.720000,9.150000,835330,SSI iBoard
2014-12-09,9.150000,9.410000,9.060000,9.210000,1044670,SSI iBoard
2014-12-10,9.180000,9.180000,8.630000,8.740000,823420,SSI iBoard
2014-12-11,8.450000,8.830000,8.390000,8.660000,743660,SSI iBoard
2014-12-12,8.660000,9.040000,8.510000,9.040000,243360,SSI iBoard
2014-12-15,8.890000,8.980000,8.630000,8.860000,629530,SSI iBoard
2014-12-16,8.860000,9.060000,8.720000,8.920000,854290,SSI iBoard
2014-12-17,8.800000,8.980000,8.770000,8.830000,1415730,SSI iBoard
2014-12-18,8.890000,8.950000,8.800000,8.860000,1108650,SSI iBoard
2014-12-19,8.800000,8.980000,8.250000,8.250000,4879410,SSI iBoard
2014-12-22,8.370000,8.690000,8.370000,8.690000,521470,SSI iBoard
2014-12-23,8.540000,9.040000,8.540000,8.920000,1385040,SSI iBoard
2014-12-24,8.830000,8.980000,8.720000,8.800000,436330,SSI iBoard
2014-12-25,8.740000,8.830000,8.690000,8.720000,405750,SSI iBoard
2014-12-26,8.720000,9.040000,8.600000,8.980000,1898200,SSI iBoard
2014-12-29,9.010000,9.360000,8.980000,9.240000,1415520,SSI iBoard
2014-12-30,9.240000,9.440000,9.240000,9.330000,1208200,SSI iBoard
2014-12-31,9.300000,9.410000,9.210000,9.300000,854260,SSI iBoard
2015-01-05,9.240000,9.360000,9.150000,9.300000,310010,SSI iBoard
2015-01-06,9.300000,9.910000,9.300000,9.910000,1684600,SSI iBoard
2015-01-07,9.940000,10.090000,9.650000,9.790000,1430340,SSI iBoard
2015-01-08,9.820000,10.200000,9.790000,10.090000,904240,SSI iBoard
2015-01-09,10.170000,10.780000,10.170000,10.760000,2286680,SSI iBoard
2015-01-12,10.780000,11.020000,10.700000,10.840000,3059730,SSI iBoard
2015-01-13,10.780000,10.870000,10.640000,10.780000,1496280,SSI iBoard
2015-01-14,10.730000,11.110000,10.730000,10.900000,2338820,SSI iBoard
2015-01-15,10.840000,11.020000,10.730000,10.730000,1083780,SSI iBoard
2015-01-16,10.730000,10.730000,10.520000,10.580000,678030,SSI iBoard
2015-01-19,10.610000,10.840000,10.320000,10.320000,922600,SSI iBoard
2015-01-20,10.320000,10.520000,10.290000,10.490000,802390,SSI iBoard
2015-01-21,10.490000,10.490000,10.320000,10.320000,536600,SSI iBoard
2015-01-22,10.320000,10.760000,10.170000,10.550000,1904310,SSI iBoard
2015-01-23,10.640000,11.080000,10.580000,10.810000,1369330,SSI iBoard
2015-01-26,10.810000,10.930000,10.670000,10.670000,498570,SSI iBoard
2015-01-27,10.640000,10.730000,10.350000,10.580000,1039610,SSI iBoard
2015-01-28,10.580000,10.960000,10.490000,10.900000,1341830,SSI iBoard
2015-01-29,10.900000,10.900000,10.730000,10.760000,591880,SSI iBoard
2015-01-30,10.730000,10.730000,10.380000,10.410000,1161160,SSI iBoard
2015-02-02,10.350000,10.520000,10.320000,10.410000,608170,SSI iBoard
2015-02-03,10.380000,10.430000,9.710000,9.710000,1492700,SSI iBoard
2015-02-04,9.470000,9.710000,9.300000,9.650000,1365870,SSI iBoard
2015-02-05,9.760000,10.200000,9.760000,10.170000,814650,SSI iBoard
2015-02-06,10.200000,10.490000,10.200000,10.490000,688720,SSI iBoard
2015-02-09,10.430000,10.700000,10.350000,10.550000,1011240,SSI iBoard
2015-02-10,10.610000,10.760000,10.580000,10.610000,592970,SSI iBoard
2015-02-11,10.610000,10.870000,10.580000,10.810000,531780,SSI iBoard
2015-02-12,10.900000,10.900000,10.580000,10.580000,578600,SSI iBoard
2015-02-13,10.580000,10.730000,10.580000,10.640000,388300,SSI iBoard
2015-02-24,10.780000,11.370000,10.700000,11.370000,1012520,SSI iBoard
2015-02-25,11.340000,11.630000,11.110000,11.110000,890900,SSI iBoard
2015-02-26,11.220000,11.630000,11.190000,11.480000,740750,SSI iBoard
2015-02-27,11.510000,11.510000,11.050000,11.190000,701990,SSI iBoard
2015-03-02,11.160000,11.280000,10.990000,11.190000,310940,SSI iBoard
2015-03-03,11.160000,11.370000,11.080000,11.220000,565220,SSI iBoard
2015-03-04,11.310000,11.310000,11.110000,11.310000,446280,SSI iBoard
2015-03-05,11.280000,11.280000,11.050000,11.050000,692720,SSI iBoard
2015-03-06,11.020000,11.080000,10.700000,10.870000,1411330,SSI iBoard
2015-03-09,10.870000,10.870000,10.520000,10.610000,1180460,SSI iBoard
2015-03-10,10.520000,10.780000,10.520000,10.730000,596890,SSI iBoard
2015-03-11,10.730000,10.760000,10.610000,10.640000,576700,SSI iBoard
2015-03-12,10.610000,10.760000,10.610000,10.730000,378150,SSI iBoard
2015-03-13,10.780000,10.900000,10.700000,10.700000,498020,SSI iBoard
2015-03-16,10.200000,10.580000,10.200000,10.290000,2068770,SSI iBoard
2015-03-17,10.350000,10.520000,10.350000,10.410000,600760,SSI iBoard
2015-03-18,10.380000,10.460000,10.290000,10.430000,305040,SSI iBoard
2015-03-19,10.380000,10.380000,10.290000,10.350000,1024340,SSI iBoard
2015-03-20,10.290000,10.610000,10.290000,10.490000,4058430,SSI iBoard
2015-03-23,10.490000,10.550000,10.230000,10.260000,989730,SSI iBoard
2015-03-24,10.200000,10.320000,10.060000,10.290000,1639950,SSI iBoard
2015-03-25,10.230000,10.350000,10.200000,10.320000,661510,SSI iBoard
2015-03-26,10.170000,10.410000,10.170000,10.200000,1339170,SSI iBoard
2015-03-27,10.200000,10.380000,10.170000,10.290000,1452040,SSI iBoard
2015-03-30,10.230000,10.350000,10.230000,10.230000,664600,SSI iBoard
2015-03-31,10.230000,10.380000,10.200000,10.230000,677180,SSI iBoard
2015-04-01,10.230000,10.290000,10.140000,10.200000,881700,SSI iBoard
2015-04-02,10.200000,10.430000,10.170000,10.410000,538520,SSI iBoard
2015-04-03,10.410000,10.430000,10.350000,10.410000,435220,SSI iBoard
2015-04-06,10.350000,10.410000,10.350000,10.350000,346120,SSI iBoard
2015-04-07,10.350000,10.460000,10.230000,10.430000,696080,SSI iBoard
2015-04-08,10.410000,10.430000,10.320000,10.350000,1039830,SSI iBoard
2015-04-09,10.320000,10.550000,10.320000,10.430000,532290,SSI iBoard
2015-04-10,10.430000,10.610000,10.430000,10.490000,566250,SSI iBoard
2015-04-13,10.550000,10.610000,10.490000,10.610000,666920,SSI iBoard
2015-04-14,10.670000,10.700000,10.580000,10.610000,1090910,SSI iBoard
2015-04-15,10.580000,10.700000,10.580000,10.670000,685160,SSI iBoard
2015-04-16,10.670000,10.960000,10.640000,10.870000,1034230,SSI iBoard
2015-04-17,10.870000,10.990000,10.870000,10.900000,918190,SSI iBoard
2015-04-20,10.930000,10.930000,10.760000,10.870000,526550,SSI iBoard
2015-04-21,10.810000,10.870000,10.670000,10.700000,685380,SSI iBoard
2015-04-22,10.700000,10.810000,10.700000,10.780000,669760,SSI iBoard
2015-04-23,10.780000,10.810000,10.700000,10.780000,408610,SSI iBoard
2015-04-24,10.840000,10.870000,10.780000,10.840000,185110,SSI iBoard
2015-04-27,10.810000,10.870000,10.550000,10.550000,201080,SSI iBoard
2015-05-04,10.550000,10.700000,10.350000,10.380000,511240,SSI iBoard
2015-05-05,10.380000,10.840000,10.350000,10.840000,473810,SSI iBoard
2015-05-06,10.780000,10.900000,10.700000,10.810000,429770,SSI iBoard
2015-05-07,10.810000,10.990000,10.760000,10.960000,686100,SSI iBoard
2015-05-08,10.960000,11.400000,10.870000,11.280000,1036170,SSI iBoard
2015-05-11,11.280000,11.430000,11.250000,11.340000,312920,SSI iBoard
2015-05-12,11.400000,11.400000,11.160000,11.250000,432980,SSI iBoard
2015-05-13,11.250000,11.250000,10.930000,11.110000,364050,SSI iBoard
2015-05-14,11.020000,11.220000,11.020000,11.160000,61900,SSI iBoard
2015-05-15,11.160000,11.340000,11.050000,11.190000,465740,SSI iBoard
2015-05-18,11.050000,11.280000,10.990000,11.250000,556660,SSI iBoard
2015-05-19,11.160000,11.510000,11.110000,11.400000,350870,SSI iBoard
2015-05-20,11.400000,11.570000,11.370000,11.540000,482750,SSI iBoard
2015-05-21,11.660000,11.800000,11.570000,11.660000,685570,SSI iBoard
2015-05-22,11.750000,12.330000,11.660000,12.300000,1282150,SSI iBoard
2015-05-25,12.180000,12.360000,12.130000,12.240000,686420,SSI iBoard
2015-05-26,12.240000,12.710000,12.210000,12.530000,1016490,SSI iBoard
2015-05-27,12.300000,12.710000,12.300000,12.500000,757720,SSI iBoard
2015-05-28,12.420000,12.880000,12.390000,12.560000,1048640,SSI iBoard
2015-05-29,12.480000,12.820000,12.450000,12.620000,1080710,SSI iBoard
2015-06-01,12.620000,13.410000,12.620000,13.320000,1207510,SSI iBoard
2015-06-02,13.380000,14.050000,13.350000,13.380000,2101670,SSI iBoard
2015-06-03,13.410000,13.550000,12.820000,12.970000,667560,SSI iBoard
2015-06-04,12.910000,13.260000,12.800000,12.970000,403010,SSI iBoard
2015-06-05,12.820000,13.320000,12.740000,13.150000,602160,SSI iBoard
2015-06-08,13.150000,13.380000,13.000000,13.200000,452900,SSI iBoard
2015-06-09,13.120000,13.200000,12.800000,12.880000,691070,SSI iBoard
2015-06-10,12.940000,12.940000,12.480000,12.620000,630440,SSI iBoard
2015-06-11,12.710000,13.000000,12.500000,12.740000,805370,SSI iBoard
2015-06-12,12.710000,12.820000,12.680000,12.710000,257260,SSI iBoard
2015-06-15,12.710000,13.200000,12.710000,13.200000,454090,SSI iBoard
2015-06-16,13.200000,13.260000,12.970000,12.970000,360950,SSI iBoard
2015-06-17,12.820000,13.150000,12.800000,12.940000,272520,SSI iBoard
2015-06-18,12.910000,13.230000,12.910000,13.090000,462680,SSI iBoard
2015-06-19,13.060000,13.550000,13.030000,13.550000,1800460,SSI iBoard
2015-06-22,13.580000,13.870000,13.580000,13.870000,614680,SSI iBoard
2015-06-23,13.850000,13.900000,13.700000,13.870000,400240,SSI iBoard
2015-06-24,13.870000,13.900000,13.670000,13.670000,503260,SSI iBoard
2015-06-25,13.670000,13.820000,13.550000,13.670000,497890,SSI iBoard
2015-06-26,13.910000,13.970000,13.310000,13.310000,689150,SSI iBoard
2015-06-29,13.160000,14.060000,13.130000,14.000000,801070,SSI iBoard
2015-06-30,13.880000,14.560000,13.880000,14.530000,1268430,SSI iBoard
2015-07-01,14.530000,14.560000,14.090000,14.440000,543510,SSI iBoard
2015-07-02,14.410000,15.340000,14.380000,15.340000,977550,SSI iBoard
2015-07-03,15.340000,16.380000,15.340000,16.230000,784290,SSI iBoard
2015-07-06,16.230000,16.530000,15.780000,16.230000,1229700,SSI iBoard
2015-07-07,16.080000,16.680000,15.930000,16.080000,1003450,SSI iBoard
2015-07-08,16.080000,16.230000,15.040000,15.490000,1655430,SSI iBoard
2015-07-09,15.340000,16.230000,15.040000,15.640000,1079840,SSI iBoard
2015-07-10,16.080000,16.080000,15.640000,15.640000,464880,SSI iBoard
2015-07-13,15.780000,15.930000,15.490000,15.640000,525230,SSI iBoard
2015-07-14,15.640000,15.780000,14.890000,15.640000,514730,SSI iBoard
2015-07-15,15.640000,15.640000,15.190000,15.190000,400670,SSI iBoard
2015-07-16,15.190000,15.490000,14.890000,15.190000,375790,SSI iBoard
2015-07-17,15.340000,15.490000,15.190000,15.190000,343320,SSI iBoard
2015-07-20,15.190000,15.190000,14.680000,14.710000,426470,SSI iBoard
2015-07-21,14.710000,15.040000,14.560000,14.650000,605660,SSI iBoard
2015-07-22,14.650000,15.640000,14.590000,15.490000,1103990,SSI iBoard
2015-07-23,15.640000,15.780000,15.340000,15.340000,399180,SSI iBoard
2015-07-24,15.340000,15.490000,15.040000,15.040000,353890,SSI iBoard
2015-07-27,15.040000,15.340000,14.890000,15.190000,925380,SSI iBoard
2015-07-28,15.340000,15.780000,15.190000,15.340000,748360,SSI iBoard
2015-07-29,15.340000,15.490000,15.190000,15.190000,396810,SSI iBoard
2015-07-30,15.190000,15.190000,14.890000,15.190000,320770,SSI iBoard
2015-07-31,15.340000,15.340000,14.860000,14.860000,373390,SSI iBoard
2015-08-03,14.830000,14.830000,13.940000,14.270000,1106740,SSI iBoard
2015-08-04,14.210000,14.330000,13.700000,13.700000,747010,SSI iBoard
2015-08-05,13.700000,13.940000,13.610000,13.730000,1028160,SSI iBoard
2015-08-06,13.730000,13.970000,13.370000,13.430000,892770,SSI iBoard
2015-08-07,13.430000,13.490000,13.100000,13.370000,1371930,SSI iBoard
2015-08-10,13.280000,13.820000,13.280000,13.820000,412410,SSI iBoard
2015-08-11,13.940000,14.270000,13.790000,14.030000,1507950,SSI iBoard
2015-08-12,13.880000,13.940000,13.490000,13.550000,1038470,SSI iBoard
2015-08-13,13.550000,13.550000,13.070000,13.100000,1183060,SSI iBoard
2015-08-14,13.100000,13.220000,12.630000,12.900000,1536800,SSI iBoard
2015-08-17,12.930000,13.040000,12.000000,12.210000,1552820,SSI iBoard
2015-08-18,12.210000,12.660000,12.150000,12.660000,1044970,SSI iBoard
2015-08-19,12.600000,12.960000,12.270000,12.900000,1125290,SSI iBoard
2015-08-20,12.750000,12.960000,12.570000,12.780000,768710,SSI iBoard
2015-08-21,12.570000,12.630000,12.090000,12.630000,1153140,SSI iBoard
2015-08-24,12.510000,12.510000,11.760000,11.760000,2073440,SSI iBoard
2015-08-25,11.320000,12.120000,11.320000,11.940000,1945960,SSI iBoard
2015-08-26,11.940000,12.450000,11.940000,12.210000,1029560,SSI iBoard
2015-08-27,12.420000,12.750000,12.300000,12.390000,1471170,SSI iBoard
2015-08-28,12.390000,12.930000,12.390000,12.930000,2136610,SSI iBoard
2015-08-31,12.960000,12.980000,12.660000,12.660000,1309110,SSI iBoard
2015-09-01,12.690000,12.810000,12.510000,12.660000,657910,SSI iBoard
2015-09-03,12.600000,12.750000,12.300000,12.390000,1436900,SSI iBoard
2015-09-04,12.390000,12.600000,12.390000,12.510000,545040,SSI iBoard
2015-09-07,12.510000,12.690000,12.480000,12.540000,593370,SSI iBoard
2015-09-08,12.540000,13.220000,12.510000,13.220000,2703220,SSI iBoard
2015-09-09,13.490000,13.880000,13.400000,13.640000,1813760,SSI iBoard
2015-09-10,13.400000,13.940000,13.340000,13.700000,1389010,SSI iBoard
2015-09-11,13.550000,13.730000,13.280000,13.340000,892160,SSI iBoard
2015-09-14,13.310000,13.610000,12.870000,12.870000,1161100,SSI iBoard
2015-09-15,12.870000,12.930000,12.690000,12.720000,728090,SSI iBoard
2015-09-16,12.810000,13.130000,12.810000,13.100000,573270,SSI iBoard
2015-09-17,13.190000,13.190000,12.980000,12.980000,389220,SSI iBoard
2015-09-18,13.100000,13.340000,13.100000,13.100000,3095740,SSI iBoard
2015-09-21,13.100000,13.340000,13.100000,13.310000,368840,SSI iBoard
2015-09-22,13.310000,13.430000,13.220000,13.280000,297400,SSI iBoard
2015-09-23,13.220000,13.280000,13.100000,13.250000,748260,SSI iBoard
2015-09-24,13.310000,13.400000,13.130000,13.130000,551100,SSI iBoard
2015-09-25,13.130000,13.190000,13.070000,13.100000,468130,SSI iBoard
2015-09-28,13.130000,13.130000,12.810000,12.810000,1007870,SSI iBoard
2015-09-29,12.720000,12.780000,12.600000,12.750000,906190,SSI iBoard
2015-09-30,12.840000,12.930000,12.780000,12.780000,343930,SSI iBoard
2015-10-01,12.810000,12.870000,12.780000,12.810000,280230,SSI iBoard
2015-10-02,12.840000,12.960000,12.720000,12.900000,346420,SSI iBoard
2015-10-05,12.900000,13.010000,12.810000,12.960000,336080,SSI iBoard
2015-10-06,13.100000,13.520000,13.100000,13.490000,1309620,SSI iBoard
2015-10-07,13.580000,13.820000,13.460000,13.460000,1526700,SSI iBoard
2015-10-08,13.520000,14.030000,13.520000,13.970000,1338160,SSI iBoard
2015-10-09,14.150000,14.150000,13.850000,13.850000,711050,SSI iBoard
2015-10-12,13.940000,14.410000,13.880000,14.330000,1523040,SSI iBoard
2015-10-13,14.240000,14.300000,14.150000,14.270000,738570,SSI iBoard
2015-10-14,14.270000,14.270000,14.060000,14.060000,921110,SSI iBoard
2015-10-15,14.120000,14.180000,14.030000,14.120000,504420,SSI iBoard
2015-10-16,14.120000,14.240000,13.910000,13.910000,682110,SSI iBoard
2015-10-19,13.910000,13.910000,13.700000,13.700000,872090,SSI iBoard
2015-10-20,13.730000,13.730000,13.490000,13.520000,939520,SSI iBoard
2015-10-21,13.520000,13.880000,13.520000,13.580000,664260,SSI iBoard
2015-10-22,13.700000,13.760000,13.580000,13.760000,360190,SSI iBoard
2015-10-23,13.880000,14.030000,13.850000,13.970000,760300,SSI iBoard
2015-10-26,14.030000,14.060000,13.910000,13.910000,758050,SSI iBoard
2015-10-27,13.880000,13.970000,13.820000,13.880000,395950,SSI iBoard
2015-10-28,13.880000,13.910000,13.700000,13.730000,662770,SSI iBoard
2015-10-29,13.760000,13.910000,13.700000,13.910000,758130,SSI iBoard
2015-10-30,13.910000,14.210000,13.910000,14.210000,1711470,SSI iBoard
2015-11-02,14.210000,14.440000,14.180000,14.210000,1229570,SSI iBoard
2015-11-03,14.210000,14.350000,14.030000,14.350000,715650,SSI iBoard
2015-11-04,14.380000,14.530000,14.350000,14.350000,935950,SSI iBoard
2015-11-05,14.240000,14.330000,14.210000,14.270000,374890,SSI iBoard
2015-11-06,14.270000,14.440000,14.090000,14.300000,832310,SSI iBoard
2015-11-09,14.300000,14.680000,14.240000,14.620000,1119460,SSI iBoard
2015-11-10,14.590000,14.620000,14.380000,14.380000,613510,SSI iBoard
2015-11-11,14.380000,14.470000,14.210000,14.210000,491500,SSI iBoard
2015-11-12,14.150000,14.210000,13.910000,14.180000,879940,SSI iBoard
2015-11-13,14.210000,14.240000,14.030000,14.150000,571470,SSI iBoard
2015-11-16,14.030000,14.180000,13.970000,14.030000,426970,SSI iBoard
2015-11-17,14.030000,14.300000,14.000000,14.060000,448710,SSI iBoard
2015-11-18,14.000000,14.150000,14.000000,14.060000,302580,SSI iBoard
2015-11-19,14.120000,14.120000,13.970000,14.000000,359250,SSI iBoard
2015-11-20,14.000000,14.090000,14.000000,14.000000,268060,SSI iBoard
2015-11-23,14.030000,14.060000,13.910000,13.910000,463650,SSI iBoard
2015-11-24,13.910000,13.910000,13.700000,13.760000,402700,SSI iBoard
2015-11-25,13.820000,13.820000,13.550000,13.700000,391200,SSI iBoard
2015-11-26,13.640000,13.700000,13.520000,13.520000,281040,SSI iBoard
2015-11-27,13.430000,13.520000,13.130000,13.190000,673400,SSI iBoard
2015-11-30,13.160000,13.190000,12.780000,12.780000,977620,SSI iBoard
2015-12-01,12.780000,12.930000,12.510000,12.540000,880030,SSI iBoard
2015-12-02,12.540000,12.720000,12.510000,12.570000,1737010,SSI iBoard
2015-12-03,12.510000,12.840000,12.510000,12.690000,986090,SSI iBoard
2015-12-04,12.780000,12.780000,12.540000,12.600000,483880,SSI iBoard
2015-12-07,12.540000,12.540000,12.120000,12.150000,1415520,SSI iBoard
2015-12-08,12.150000,12.870000,11.910000,12.840000,909680,SSI iBoard
2015-12-09,12.840000,12.840000,12.270000,12.330000,892100,SSI iBoard
2015-12-10,12.330000,12.450000,12.210000,12.270000,406020,SSI iBoard
2015-12-11,12.270000,12.480000,12.150000,12.300000,579040,SSI iBoard
2015-12-14,12.360000,12.480000,12.270000,12.390000,634120,SSI iBoard
2015-12-15,12.390000,12.980000,12.390000,12.870000,1248200,SSI iBoard
2015-12-16,12.960000,13.160000,12.900000,12.960000,663090,SSI iBoard
2015-12-17,13.010000,13.160000,12.980000,13.100000,675360,SSI iBoard
2015-12-18,12.960000,13.130000,12.270000,12.270000,3155650,SSI iBoard
2015-12-21,12.510000,12.660000,12.510000,12.660000,1032900,SSI iBoard
2015-12-22,12.720000,12.780000,12.600000,12.660000,502820,SSI iBoard
2015-12-23,12.540000,12.690000,12.510000,12.630000,846590,SSI iBoard
2015-12-24,12.690000,12.750000,12.570000,12.570000,228290,SSI iBoard
2015-12-25,12.600000,12.780000,12.570000,12.660000,587920,SSI iBoard
2015-12-28,12.750000,12.810000,12.660000,12.660000,431580,SSI iBoard
2015-12-29,12.660000,13.130000,12.630000,13.100000,1440210,SSI iBoard
2015-12-30,13.130000,13.370000,13.070000,13.190000,1125780,SSI iBoard
2015-12-31,13.250000,13.250000,13.040000,13.070000,749830,SSI iBoard
2016-01-04,13.040000,13.100000,12.690000,12.870000,761750,SSI iBoard
2016-01-05,12.780000,12.930000,12.630000,12.660000,1133260,SSI iBoard
2016-01-06,12.660000,12.870000,12.660000,12.810000,699490,SSI iBoard
2016-01-07,12.750000,12.780000,12.510000,12.660000,935460,SSI iBoard
2016-01-08,12.600000,12.690000,12.420000,12.570000,676340,SSI iBoard
2016-01-11,12.570000,12.630000,12.450000,12.480000,742390,SSI iBoard
2016-01-12,12.510000,12.720000,12.510000,12.720000,481040,SSI iBoard
2016-01-13,12.750000,12.780000,12.600000,12.600000,448800,SSI iBoard
2016-01-14,12.450000,12.570000,12.360000,12.450000,641380,SSI iBoard
2016-01-15,12.450000,12.510000,12.090000,12.090000,880150,SSI iBoard
2016-01-18,11.760000,11.910000,11.320000,11.500000,1614080,SSI iBoard
2016-01-19,11.500000,12.030000,11.500000,12.000000,771340,SSI iBoard
2016-01-20,11.910000,12.210000,11.760000,11.910000,733790,SSI iBoard
2016-01-21,11.760000,11.910000,11.640000,11.730000,654450,SSI iBoard
2016-01-22,11.910000,11.940000,11.500000,11.790000,777540,SSI iBoard
2016-01-25,11.910000,12.480000,11.910000,12.420000,1367810,SSI iBoard
2016-01-26,12.060000,12.300000,12.000000,12.090000,656340,SSI iBoard
2016-01-27,12.300000,12.300000,12.060000,12.060000,582060,SSI iBoard
2016-01-28,12.000000,12.150000,12.000000,12.060000,562170,SSI iBoard
2016-01-29,12.060000,12.330000,12.000000,12.330000,1019250,SSI iBoard
2016-02-01,12.330000,12.360000,12.120000,12.120000,223320,SSI iBoard
2016-02-02,12.030000,12.150000,12.000000,12.030000,603810,SSI iBoard
2016-02-03,11.910000,11.910000,11.700000,11.790000,802180,SSI iBoard
2016-02-04,11.910000,12.090000,11.910000,11.910000,286750,SSI iBoard
2016-02-05,11.790000,12.030000,11.790000,11.940000,268300,SSI iBoard
2016-02-15,11.850000,12.090000,11.730000,12.000000,800790,SSI iBoard
2016-02-16,11.940000,12.150000,11.940000,12.000000,390050,SSI iBoard
2016-02-17,12.000000,12.090000,11.850000,11.850000,827530,SSI iBoard
2016-02-18,11.910000,12.180000,11.880000,12.000000,735780,SSI iBoard
2016-02-19,12.090000,12.090000,11.940000,11.940000,473670,SSI iBoard
2016-02-22,11.940000,12.060000,11.910000,12.030000,653090,SSI iBoard
2016-02-23,12.120000,12.390000,12.120000,12.210000,1130660,SSI iBoard
2016-02-24,12.210000,12.810000,12.120000,12.600000,1653800,SSI iBoard
2016-02-25,12.660000,12.810000,12.390000,12.450000,1236220,SSI iBoard
2016-02-26,12.510000,12.510000,12.300000,12.510000,493160,SSI iBoard
2016-02-29,12.450000,12.510000,12.210000,12.210000,887030,SSI iBoard
2016-03-01,12.210000,12.360000,12.120000,12.120000,849900,SSI iBoard
2016-03-02,12.240000,12.480000,12.210000,12.420000,647420,SSI iBoard
2016-03-03,12.480000,12.540000,12.360000,12.390000,464550,SSI iBoard
2016-03-04,12.390000,12.660000,12.360000,12.450000,681190,SSI iBoard
2016-03-07,12.510000,12.570000,12.420000,12.450000,567700,SSI iBoard
2016-03-08,12.450000,12.510000,12.330000,12.390000,775770,SSI iBoard
2016-03-09,12.420000,12.480000,12.300000,12.330000,469530,SSI iBoard
2016-03-10,12.360000,12.420000,12.210000,12.390000,643780,SSI iBoard
2016-03-11,12.450000,12.480000,12.360000,12.390000,510750,SSI iBoard
2016-03-14,12.420000,12.420000,12.300000,12.420000,807110,SSI iBoard
2016-03-15,12.360000,12.540000,12.360000,12.510000,1294120,SSI iBoard
2016-03-16,12.540000,12.960000,12.540000,12.870000,1864950,SSI iBoard
2016-03-17,12.960000,13.010000,12.720000,12.720000,1074970,SSI iBoard
2016-03-18,12.690000,12.750000,12.570000,12.660000,3546350,SSI iBoard
2016-03-21,12.900000,13.070000,12.750000,12.780000,1862820,SSI iBoard
2016-03-22,12.810000,12.900000,12.750000,12.900000,592130,SSI iBoard
2016-03-23,12.900000,12.900000,12.750000,12.780000,645700,SSI iBoard
2016-03-24,12.780000,12.810000,12.510000,12.540000,825250,SSI iBoard
2016-03-25,12.510000,12.750000,12.390000,12.750000,1381530,SSI iBoard
2016-03-28,12.780000,12.810000,12.690000,12.750000,533900,SSI iBoard
2016-03-29,12.780000,12.780000,12.510000,12.510000,325890,SSI iBoard
2016-03-30,12.390000,12.600000,12.390000,12.540000,444490,SSI iBoard
2016-03-31,12.510000,12.570000,12.210000,12.210000,937910,SSI iBoard
2016-04-01,12.210000,12.330000,12.150000,12.180000,554870,SSI iBoard
2016-04-04,12.270000,12.300000,12.060000,12.180000,439520,SSI iBoard
2016-04-05,12.180000,12.330000,12.120000,12.210000,610190,SSI iBoard
2016-04-06,12.210000,12.510000,12.180000,12.510000,920280,SSI iBoard
2016-04-07,12.570000,12.570000,12.240000,12.420000,594270,SSI iBoard
2016-04-08,12.360000,12.420000,12.300000,12.330000,653640,SSI iBoard
2016-04-11,12.330000,12.510000,12.180000,12.390000,985640,SSI iBoard
2016-04-12,12.390000,12.690000,12.210000,12.540000,970780,SSI iBoard
2016-04-13,12.600000,12.630000,12.450000,12.480000,633990,SSI iBoard
2016-04-14,12.480000,12.660000,12.450000,12.600000,774160,SSI iBoard
2016-04-15,12.660000,12.960000,12.600000,12.660000,1187790,SSI iBoard
2016-04-19,12.690000,12.900000,12.570000,12.630000,983900,SSI iBoard
2016-04-20,12.660000,12.750000,12.540000,12.750000,769750,SSI iBoard
2016-04-21,12.750000,12.870000,12.690000,12.780000,818280,SSI iBoard
2016-04-22,12.780000,13.640000,12.780000,13.610000,2478140,SSI iBoard
2016-04-25,13.670000,13.940000,13.670000,13.670000,1300050,SSI iBoard
2016-04-26,13.550000,14.060000,13.550000,14.060000,835300,SSI iBoard
2016-04-27,14.060000,14.150000,13.670000,13.700000,1194570,SSI iBoard
2016-04-28,13.700000,13.940000,13.610000,13.760000,693290,SSI iBoard
2016-04-29,13.580000,13.940000,13.580000,13.700000,726380,SSI iBoard
2016-05-04,13.640000,13.910000,13.460000,13.730000,747740,SSI iBoard
2016-05-05,13.850000,14.240000,13.790000,14.030000,1076200,SSI iBoard
2016-05-06,14.120000,14.530000,14.060000,14.470000,1525690,SSI iBoard
2016-05-09,14.470000,14.680000,14.300000,14.300000,831230,SSI iBoard
2016-05-10,14.300000,14.470000,14.180000,14.470000,544750,SSI iBoard
2016-05-11,14.470000,14.650000,14.380000,14.590000,713460,SSI iBoard
2016-05-12,14.590000,14.680000,14.300000,14.300000,488750,SSI iBoard
2016-05-13,14.300000,14.380000,14.000000,14.180000,679240,SSI iBoard
2016-05-16,14.120000,14.380000,14.060000,14.380000,377280,SSI iBoard
2016-05-17,14.350000,14.530000,14.270000,14.380000,663200,SSI iBoard
2016-05-18,14.380000,14.830000,14.350000,14.590000,1259090,SSI iBoard
2016-05-19,14.590000,14.590000,14.330000,14.330000,402860,SSI iBoard
2016-05-20,14.470000,14.530000,14.060000,14.120000,1038420,SSI iBoard
2016-05-23,14.090000,14.240000,13.730000,13.730000,701070,SSI iBoard
2016-05-24,13.820000,13.850000,13.550000,13.670000,757630,SSI iBoard
2016-05-25,13.850000,13.910000,13.700000,13.700000,272480,SSI iBoard
2016-05-26,13.700000,13.790000,13.490000,13.490000,722940,SSI iBoard
2016-05-27,13.520000,13.580000,13.340000,13.490000,591480,SSI iBoard
2016-05-30,13.610000,13.940000,13.520000,13.940000,535160,SSI iBoard
2016-05-31,13.970000,14.150000,13.880000,13.910000,490340,SSI iBoard
2016-06-01,13.850000,14.000000,13.850000,13.970000,370980,SSI iBoard
2016-06-02,13.940000,14.090000,13.880000,14.030000,290780,SSI iBoard
2016-06-03,14.000000,14.150000,14.000000,14.090000,440430,SSI iBoard
2016-06-06,14.030000,14.440000,14.030000,14.240000,783790,SSI iBoard
2016-06-07,14.300000,14.380000,14.210000,14.330000,435960,SSI iBoard
2016-06-08,14.330000,14.470000,14.240000,14.270000,912800,SSI iBoard
2016-06-09,14.270000,14.380000,14.210000,14.330000,401410,SSI iBoard
2016-06-10,14.330000,14.620000,14.330000,14.440000,885040,SSI iBoard
2016-06-13,14.440000,14.560000,14.380000,14.410000,1201150,SSI iBoard
2016-06-14,14.330000,14.470000,14.240000,14.380000,789760,SSI iBoard
2016-06-15,14.350000,14.350000,14.210000,14.240000,603140,SSI iBoard
2016-06-16,14.270000,14.330000,14.180000,14.210000,627180,SSI iBoard
2016-06-17,14.090000,14.210000,14.030000,14.030000,946910,SSI iBoard
2016-06-20,14.030000,14.090000,13.790000,13.970000,622260,SSI iBoard
2016-06-21,13.970000,14.030000,13.940000,14.000000,527750,SSI iBoard
2016-06-22,14.000000,14.030000,13.850000,13.940000,483280,SSI iBoard
2016-06-23,13.970000,14.300000,13.940000,14.300000,688340,SSI iBoard
2016-06-24,14.270000,14.300000,13.310000,13.940000,827980,SSI iBoard
2016-06-27,13.820000,13.820000,13.520000,13.760000,341850,SSI iBoard
2016-06-28,13.640000,13.940000,13.640000,13.820000,403030,SSI iBoard
2016-06-29,13.880000,14.120000,13.880000,14.090000,544530,SSI iBoard
2016-06-30,14.030000,14.150000,14.000000,14.090000,478490,SSI iBoard
2016-07-01,14.090000,14.240000,14.000000,14.150000,523850,SSI iBoard
2016-07-04,14.150000,14.710000,14.150000,14.650000,1206430,SSI iBoard
2016-07-05,14.710000,15.490000,14.710000,15.040000,1658790,SSI iBoard
2016-07-06,14.890000,15.340000,14.860000,14.890000,592020,SSI iBoard
2016-07-07,15.040000,15.190000,14.830000,15.190000,714940,SSI iBoard
2016-07-08,15.190000,15.640000,14.890000,15.190000,834180,SSI iBoard
2016-07-11,15.340000,15.930000,15.190000,15.490000,1538540,SSI iBoard
2016-07-12,15.490000,16.080000,15.490000,16.080000,725030,SSI iBoard
2016-07-13,16.080000,17.120000,16.080000,17.120000,1442560,SSI iBoard
2016-07-14,17.270000,17.420000,16.680000,16.680000,921830,SSI iBoard
2016-07-15,16.680000,16.980000,16.080000,16.080000,850920,SSI iBoard
2016-07-18,15.930000,16.680000,15.780000,16.530000,736570,SSI iBoard
2016-07-19,16.680000,16.980000,16.380000,16.680000,559050,SSI iBoard
2016-07-20,16.830000,16.830000,16.080000,16.380000,422540,SSI iBoard
2016-07-21,16.380000,16.530000,15.780000,16.530000,657360,SSI iBoard
2016-07-22,16.380000,16.530000,15.490000,15.490000,886600,SSI iBoard
2016-07-25,15.490000,15.930000,15.340000,15.780000,318900,SSI iBoard
2016-07-26,15.780000,16.080000,15.490000,15.780000,268770,SSI iBoard
2016-07-27,15.640000,16.230000,15.640000,16.230000,402240,SSI iBoard
2016-07-28,16.230000,16.380000,15.930000,16.380000,91390,SSI iBoard
2016-07-29,16.230000,16.380000,15.930000,16.080000,225610,SSI iBoard
2016-08-01,16.080000,16.080000,15.780000,15.780000,365040,SSI iBoard
2016-08-02,15.780000,15.780000,15.190000,15.340000,634560,SSI iBoard
2016-08-03,15.190000,15.340000,14.740000,15.040000,324230,SSI iBoard
2016-08-04,15.190000,16.080000,15.040000,15.490000,537660,SSI iBoard
2016-08-05,15.640000,15.640000,15.040000,15.190000,327970,SSI iBoard
2016-08-08,15.340000,15.490000,15.040000,15.490000,348760,SSI iBoard
2016-08-09,15.490000,15.780000,15.340000,15.780000,181050,SSI iBoard
2016-08-10,15.640000,16.080000,15.640000,15.930000,310040,SSI iBoard
2016-08-11,15.930000,16.680000,15.930000,16.680000,737430,SSI iBoard
2016-08-12,16.530000,16.680000,15.930000,16.230000,331030,SSI iBoard
2016-08-15,15.930000,16.380000,15.930000,16.230000,165580,SSI iBoard
2016-08-16,16.080000,16.380000,15.930000,16.080000,513280,SSI iBoard
2016-08-17,16.080000,16.080000,15.490000,15.780000,635370,SSI iBoard
2016-08-18,16.080000,16.380000,15.780000,15.780000,577820,SSI iBoard
2016-08-19,15.780000,16.230000,15.780000,15.930000,250570,SSI iBoard
2016-08-22,16.380000,16.380000,15.930000,15.930000,466900,SSI iBoard
2016-08-23,15.780000,16.080000,15.640000,15.780000,559330,SSI iBoard
2016-08-24,15.930000,16.230000,15.930000,16.080000,275230,SSI iBoard
2016-08-25,16.080000,16.230000,15.930000,16.080000,453540,SSI iBoard
2016-08-26,16.680000,17.120000,16.530000,17.120000,1821780,SSI iBoard
2016-08-29,17.720000,18.020000,17.120000,17.120000,1324350,SSI iBoard
2016-08-30,16.830000,16.980000,16.380000,16.530000,1550890,SSI iBoard
2016-08-31,16.530000,16.830000,15.930000,16.080000,2593570,SSI iBoard
2016-09-01,16.230000,16.380000,15.340000,15.640000,3427730,SSI iBoard
2016-09-05,15.640000,15.640000,14.830000,15.040000,4191860,SSI iBoard
2016-09-06,15.190000,15.340000,14.890000,15.040000,1844160,SSI iBoard
2016-09-07,15.190000,15.490000,14.890000,15.040000,1582570,SSI iBoard
2016-09-08,15.190000,15.190000,14.890000,15.040000,1899730,SSI iBoard
2016-09-09,15.590000,16.040000,15.500000,15.870000,3353710,SSI iBoard
2016-09-12,15.830000,15.830000,15.180000,15.360000,1033010,SSI iBoard
2016-09-13,15.380000,15.380000,14.770000,14.770000,2161880,SSI iBoard
2016-09-14,14.580000,15.340000,14.580000,14.970000,1555400,SSI iBoard
2016-09-15,15.090000,15.220000,14.770000,14.770000,717270,SSI iBoard
2016-09-16,14.770000,14.810000,14.360000,14.360000,7265480,SSI iBoard
2016-09-19,14.640000,15.110000,14.640000,15.030000,1527320,SSI iBoard
2016-09-20,15.050000,15.420000,14.890000,15.360000,1203310,SSI iBoard
2016-09-21,15.180000,15.420000,15.180000,15.360000,1739860,SSI iBoard
2016-09-22,15.500000,15.710000,15.360000,15.380000,1593200,SSI iBoard
2016-09-23,15.380000,15.440000,15.260000,15.320000,836780,SSI iBoard
2016-09-26,15.320000,15.570000,15.200000,15.420000,1147450,SSI iBoard
2016-09-27,15.420000,15.850000,15.340000,15.830000,2049090,SSI iBoard
2016-09-28,15.910000,16.080000,15.810000,16.000000,1753620,SSI iBoard
2016-09-29,16.000000,16.060000,15.590000,15.710000,1749200,SSI iBoard
2016-09-30,15.710000,15.910000,15.590000,15.710000,1402860,SSI iBoard
2016-10-03,15.710000,15.830000,15.460000,15.550000,1293590,SSI iBoard
2016-10-04,15.550000,15.830000,15.500000,15.550000,1653180,SSI iBoard
2016-10-05,15.790000,15.830000,15.650000,15.670000,931670,SSI iBoard
2016-10-06,15.670000,15.850000,15.670000,15.730000,1173090,SSI iBoard
2016-10-07,15.770000,15.850000,15.500000,15.570000,1316880,SSI iBoard
2016-10-10,15.570000,15.670000,15.180000,15.380000,1014570,SSI iBoard
2016-10-11,15.460000,15.500000,15.010000,15.500000,2070950,SSI iBoard
2016-10-12,15.500000,15.570000,15.360000,15.420000,532610,SSI iBoard
2016-10-13,15.460000,15.460000,15.220000,15.300000,587930,SSI iBoard
2016-10-14,15.300000,15.460000,15.260000,15.260000,840790,SSI iBoard
2016-10-17,15.260000,15.260000,14.930000,14.930000,1573680,SSI iBoard
2016-10-18,14.930000,15.140000,14.810000,14.950000,943960,SSI iBoard
2016-10-19,15.090000,15.260000,15.010000,15.050000,960210,SSI iBoard
2016-10-20,15.090000,15.180000,15.050000,15.050000,590370,SSI iBoard
2016-10-21,15.050000,15.180000,15.010000,15.050000,775760,SSI iBoard
2016-10-24,15.090000,15.180000,14.810000,14.810000,682740,SSI iBoard
2016-10-25,14.810000,14.810000,14.520000,14.660000,1336590,SSI iBoard
2016-10-26,14.660000,14.680000,14.480000,14.480000,694100,SSI iBoard
2016-10-27,14.480000,14.890000,14.480000,14.890000,844890,SSI iBoard
2016-10-28,14.890000,14.930000,14.720000,14.890000,435980,SSI iBoard
2016-10-31,14.890000,14.950000,14.770000,14.770000,672940,SSI iBoard
2016-11-01,14.680000,14.850000,14.640000,14.720000,519580,SSI iBoard
2016-11-02,14.680000,14.750000,14.520000,14.520000,508170,SSI iBoard
2016-11-03,14.420000,14.460000,14.250000,14.360000,984650,SSI iBoard
2016-11-04,14.440000,14.440000,14.310000,14.360000,613830,SSI iBoard
2016-11-07,14.400000,14.890000,14.380000,14.870000,1085380,SSI iBoard
2016-11-08,14.930000,14.950000,14.770000,14.930000,1088300,SSI iBoard
2016-11-09,14.890000,14.890000,14.360000,14.770000,1690880,SSI iBoard
2016-11-10,14.930000,15.010000,14.910000,14.930000,792150,SSI iBoard
2016-11-11,14.970000,15.090000,14.790000,14.870000,898610,SSI iBoard
2016-11-14,14.870000,14.870000,14.660000,14.680000,745100,SSI iBoard
2016-11-15,14.660000,14.870000,14.660000,14.680000,278870,SSI iBoard
2016-11-16,14.680000,14.720000,14.600000,14.680000,455210,SSI iBoard
2016-11-17,14.680000,14.680000,14.500000,14.620000,737730,SSI iBoard
2016-11-18,14.560000,14.620000,14.540000,14.580000,628230,SSI iBoard
2016-11-21,14.580000,14.680000,14.560000,14.640000,592840,SSI iBoard
2016-11-22,14.640000,14.770000,14.620000,14.770000,623270,SSI iBoard
2016-11-23,14.810000,14.950000,14.770000,14.890000,938330,SSI iBoard
2016-11-24,14.810000,14.910000,14.720000,14.770000,632950,SSI iBoard
2016-11-25,14.770000,14.810000,14.640000,14.680000,689900,SSI iBoard
2016-11-28,14.640000,14.640000,14.500000,14.560000,1062520,SSI iBoard
2016-11-29,14.480000,14.560000,14.270000,14.360000,1322100,SSI iBoard
2016-11-30,14.190000,14.440000,14.110000,14.440000,2063550,SSI iBoard
2016-12-01,14.560000,14.560000,14.440000,14.460000,866550,SSI iBoard
2016-12-02,14.440000,14.500000,14.400000,14.480000,751530,SSI iBoard
2016-12-05,14.400000,14.420000,14.310000,14.310000,548780,SSI iBoard
2016-12-06,14.340000,14.340000,13.950000,14.010000,1338320,SSI iBoard
2016-12-07,14.010000,14.110000,14.010000,14.110000,779510,SSI iBoard
2016-12-08,14.110000,14.540000,14.030000,14.360000,677500,SSI iBoard
2016-12-09,14.270000,14.420000,14.270000,14.380000,566840,SSI iBoard
2016-12-12,14.190000,14.360000,14.190000,14.310000,557230,SSI iBoard
2016-12-13,14.310000,14.310000,14.050000,14.110000,775830,SSI iBoard
2016-12-14,14.050000,14.290000,14.050000,14.270000,500040,SSI iBoard
2016-12-15,14.270000,14.480000,14.150000,14.360000,540870,SSI iBoard
2016-12-16,14.360000,14.400000,14.230000,14.400000,1269760,SSI iBoard
2016-12-19,14.400000,14.480000,14.360000,14.420000,847210,SSI iBoard
2016-12-20,14.480000,14.480000,14.290000,14.340000,449350,SSI iBoard
2016-12-21,14.310000,14.440000,14.230000,14.340000,314930,SSI iBoard
2016-12-22,14.400000,14.400000,14.290000,14.310000,422940,SSI iBoard
2016-12-23,14.340000,14.600000,14.290000,14.600000,985440,SSI iBoard
2016-12-26,14.620000,14.850000,14.600000,14.810000,1005930,SSI iBoard
2016-12-27,14.850000,14.930000,14.770000,14.770000,821630,SSI iBoard
2016-12-28,14.810000,14.810000,14.600000,14.600000,647070,SSI iBoard
2016-12-29,14.720000,14.720000,14.520000,14.540000,482410,SSI iBoard
2016-12-30,14.540000,14.640000,14.520000,14.540000,565850,SSI iBoard
2017-01-03,14.600000,15.380000,14.600000,15.280000,2018750,SSI iBoard
2017-01-04,15.380000,15.420000,15.090000,15.180000,1339740,SSI iBoard
2017-01-05,15.140000,15.300000,15.110000,15.240000,855250,SSI iBoard
2017-01-06,15.260000,15.750000,15.220000,15.550000,2495910,SSI iBoard
2017-01-09,15.670000,15.980000,15.630000,15.870000,2379510,SSI iBoard
2017-01-10,15.750000,15.850000,15.730000,15.750000,1234210,SSI iBoard
2017-01-11,15.750000,15.890000,15.690000,15.770000,1498220,SSI iBoard
2017-01-12,15.750000,15.790000,15.500000,15.550000,1863070,SSI iBoard
2017-01-13,15.420000,15.710000,15.360000,15.360000,1164660,SSI iBoard
2017-01-16,15.380000,15.500000,15.200000,15.320000,641920,SSI iBoard
2017-01-17,15.380000,16.060000,15.380000,15.980000,2340000,SSI iBoard
2017-01-18,15.890000,16.060000,15.710000,15.710000,1143460,SSI iBoard
2017-01-19,15.750000,15.790000,15.590000,15.590000,521040,SSI iBoard
2017-01-20,15.670000,15.790000,15.590000,15.590000,908930,SSI iBoard
2017-01-23,15.730000,15.730000,15.570000,15.630000,717890,SSI iBoard
2017-01-24,15.610000,15.830000,15.590000,15.830000,899030,SSI iBoard
2017-01-25,15.960000,16.120000,15.750000,16.120000,1352580,SSI iBoard
2017-02-02,16.240000,16.240000,15.960000,16.180000,1368580,SSI iBoard
2017-02-03,16.200000,16.200000,15.870000,15.870000,1546040,SSI iBoard
2017-02-06,15.870000,15.960000,15.750000,15.870000,1288900,SSI iBoard
2017-02-07,15.910000,16.100000,15.890000,16.100000,1527190,SSI iBoard
2017-02-08,16.160000,16.320000,16.040000,16.300000,1792740,SSI iBoard
2017-02-09,16.350000,16.370000,16.200000,16.280000,1203520,SSI iBoard
2017-02-10,16.260000,16.260000,16.120000,16.120000,1754030,SSI iBoard
2017-02-13,16.120000,16.120000,15.870000,15.930000,1490330,SSI iBoard
2017-02-14,15.930000,16.040000,15.790000,15.870000,1325510,SSI iBoard
2017-02-15,15.930000,16.120000,15.830000,16.000000,1419820,SSI iBoard
2017-02-16,16.080000,16.220000,15.790000,15.830000,1359740,SSI iBoard
2017-02-17,15.870000,15.890000,15.710000,15.710000,1220700,SSI iBoard
2017-02-20,15.790000,15.790000,15.550000,15.570000,1322360,SSI iBoard
2017-02-21,15.590000,15.770000,15.570000,15.750000,1076370,SSI iBoard
2017-02-22,15.790000,15.790000,15.500000,15.550000,802090,SSI iBoard
2017-02-23,15.550000,15.670000,15.400000,15.420000,1453770,SSI iBoard
2017-02-24,15.500000,15.520000,15.300000,15.360000,785650,SSI iBoard
2017-02-27,15.260000,15.730000,15.260000,15.670000,902460,SSI iBoard
2017-02-28,15.670000,15.670000,15.340000,15.340000,703780,SSI iBoard
2017-03-01,15.340000,15.420000,15.260000,15.260000,753500,SSI iBoard
2017-03-02,15.420000,15.460000,15.140000,15.140000,1147120,SSI iBoard
2017-03-03,15.260000,15.420000,15.140000,15.380000,516470,SSI iBoard
2017-03-06,15.590000,15.590000,15.300000,15.300000,510190,SSI iBoard
2017-03-07,15.380000,15.380000,15.220000,15.380000,561990,SSI iBoard
2017-03-08,15.300000,15.670000,15.300000,15.460000,892080,SSI iBoard
2017-03-09,15.570000,15.750000,15.500000,15.500000,1001970,SSI iBoard
2017-03-10,15.550000,15.670000,15.320000,15.380000,596520,SSI iBoard
2017-03-13,15.220000,15.340000,15.200000,15.200000,885720,SSI iBoard
2017-03-14,15.200000,15.340000,15.200000,15.200000,502570,SSI iBoard
2017-03-15,15.280000,15.280000,15.160000,15.160000,561660,SSI iBoard
2017-03-16,15.180000,15.280000,15.160000,15.220000,574840,SSI iBoard
2017-03-17,15.220000,15.400000,15.160000,15.180000,3101080,SSI iBoard
2017-03-20,15.340000,15.550000,15.340000,15.400000,1083060,SSI iBoard
2017-03-21,15.550000,15.590000,15.420000,15.590000,975510,SSI iBoard
2017-03-22,15.590000,15.730000,15.420000,15.460000,1941850,SSI iBoard
2017-03-23,15.460000,15.790000,15.420000,15.690000,1640470,SSI iBoard
2017-03-24,15.790000,15.810000,15.480000,15.590000,1411600,SSI iBoard
2017-03-27,15.590000,15.750000,15.480000,15.500000,1677100,SSI iBoard
2017-03-28,15.500000,15.610000,15.320000,15.340000,1950220,SSI iBoard
2017-03-29,15.280000,15.380000,15.240000,15.300000,1380040,SSI iBoard
2017-03-30,15.300000,15.420000,15.260000,15.260000,1000760,SSI iBoard
2017-03-31,15.260000,15.340000,15.140000,15.140000,1648790,SSI iBoard
2017-04-03,15.140000,15.200000,14.890000,14.930000,2231080,SSI iBoard
2017-04-04,14.970000,15.220000,14.950000,15.090000,1012810,SSI iBoard
2017-04-05,15.090000,15.300000,15.090000,15.110000,620740,SSI iBoard
2017-04-07,15.010000,15.140000,15.010000,15.090000,746360,SSI iBoard
2017-04-10,15.140000,15.220000,15.050000,15.050000,701010,SSI iBoard
2017-04-11,15.050000,15.180000,15.050000,15.140000,494890,SSI iBoard
2017-04-12,15.180000,15.180000,15.030000,15.090000,925540,SSI iBoard
2017-04-13,15.030000,15.240000,15.030000,15.070000,771230,SSI iBoard
2017-04-14,15.050000,15.070000,14.770000,14.910000,1028920,SSI iBoard
2017-04-17,14.910000,14.950000,14.560000,14.560000,1031640,SSI iBoard
2017-04-18,14.560000,14.700000,14.520000,14.700000,534340,SSI iBoard
2017-04-19,14.680000,14.810000,14.640000,14.720000,571690,SSI iBoard
2017-04-20,14.720000,14.720000,14.520000,14.520000,1002210,SSI iBoard
2017-04-21,14.520000,14.720000,14.520000,14.560000,517030,SSI iBoard
2017-04-24,14.560000,14.660000,14.400000,14.400000,450210,SSI iBoard
2017-04-25,14.400000,14.480000,14.340000,14.400000,656130,SSI iBoard
2017-04-26,14.400000,14.440000,14.360000,14.380000,709260,SSI iBoard
2017-04-27,14.440000,14.480000,14.230000,14.290000,2240170,SSI iBoard
2017-04-28,14.270000,14.460000,14.250000,14.400000,1522920,SSI iBoard
2017-05-03,14.400000,14.770000,14.380000,14.560000,899880,SSI iBoard
2017-05-04,14.560000,15.010000,14.520000,14.890000,2186490,SSI iBoard
2017-05-05,14.890000,14.890000,14.720000,14.810000,783900,SSI iBoard
2017-05-08,14.810000,14.890000,14.640000,14.660000,863080,SSI iBoard
2017-05-09,14.660000,15.010000,14.620000,14.950000,1633890,SSI iBoard
2017-05-10,14.950000,15.180000,14.950000,15.070000,1447800,SSI iBoard
2017-05-11,15.090000,15.180000,15.070000,15.090000,1216160,SSI iBoard
2017-05-12,15.070000,15.090000,14.910000,14.950000,898130,SSI iBoard
2017-05-15,14.930000,14.970000,14.830000,14.890000,1127830,SSI iBoard
2017-05-16,14.810000,14.930000,14.770000,14.790000,1005430,SSI iBoard
2017-05-17,14.770000,14.910000,14.770000,14.850000,1250660,SSI iBoard
2017-05-18,14.810000,14.990000,14.810000,14.910000,1050880,SSI iBoard
2017-05-19,14.930000,15.070000,14.890000,15.070000,1089810,SSI iBoard
2017-05-22,15.220000,15.670000,15.070000,15.380000,3432310,SSI iBoard
2017-05-23,15.380000,15.460000,15.260000,15.260000,1332510,SSI iBoard
2017-05-24,15.240000,15.610000,15.200000,15.480000,1579160,SSI iBoard
2017-05-25,15.500000,15.520000,15.220000,15.220000,1692550,SSI iBoard
2017-05-26,15.200000,15.280000,15.050000,15.050000,1241870,SSI iBoard
2017-05-29,15.220000,15.340000,14.930000,14.930000,1697170,SSI iBoard
2017-05-30,15.050000,15.050000,14.850000,14.890000,1368210,SSI iBoard
2017-05-31,15.050000,15.050000,14.680000,14.850000,1478930,SSI iBoard
2017-06-01,14.930000,15.030000,14.850000,14.890000,972860,SSI iBoard
2017-06-02,14.890000,14.970000,14.810000,14.890000,1088530,SSI iBoard
2017-06-05,14.930000,15.300000,14.910000,15.260000,1909000,SSI iBoard
2017-06-06,15.300000,15.850000,15.260000,15.850000,4750190,SSI iBoard
2017-06-07,15.870000,15.930000,15.670000,15.710000,2419330,SSI iBoard
2017-06-08,15.670000,15.710000,15.500000,15.550000,1634700,SSI iBoard
2017-06-09,15.630000,15.830000,15.550000,15.750000,1972850,SSI iBoard
2017-06-12,15.750000,15.770000,15.570000,15.730000,971550,SSI iBoard
2017-06-13,15.610000,15.850000,15.590000,15.810000,986280,SSI iBoard
2017-06-14,15.810000,16.160000,15.810000,16.080000,2818810,SSI iBoard
2017-06-15,16.080000,16.240000,16.020000,16.200000,2996650,SSI iBoard
2017-06-16,16.350000,16.350000,16.100000,16.200000,2708280,SSI iBoard
2017-06-19,16.350000,16.410000,16.160000,16.280000,1526720,SSI iBoard
2017-06-20,16.320000,16.320000,16.120000,16.200000,2278990,SSI iBoard
2017-06-21,16.120000,16.140000,15.590000,15.850000,2270290,SSI iBoard
2017-06-22,15.870000,15.890000,15.630000,15.630000,1355410,SSI iBoard
2017-06-23,15.610000,15.670000,15.480000,15.630000,1880570,SSI iBoard
2017-06-26,15.710000,15.830000,15.650000,15.790000,1214450,SSI iBoard
2017-06-27,15.910000,15.930000,15.690000,15.690000,1026510,SSI iBoard
2017-06-28,15.690000,15.710000,15.520000,15.610000,1400580,SSI iBoard
2017-06-29,15.710000,15.730000,15.550000,15.670000,841580,SSI iBoard
2017-06-30,15.710000,15.830000,15.630000,15.790000,854400,SSI iBoard
2017-07-03,15.790000,16.060000,15.750000,15.960000,1812960,SSI iBoard
2017-07-04,16.000000,16.000000,15.790000,15.870000,819980,SSI iBoard
2017-07-05,16.000000,16.000000,15.770000,15.930000,799160,SSI iBoard
2017-07-06,15.910000,16.200000,15.910000,16.140000,2378800,SSI iBoard
2017-07-07,16.200000,16.260000,15.870000,15.870000,1164990,SSI iBoard
2017-07-10,15.960000,16.040000,15.590000,15.630000,1364350,SSI iBoard
2017-07-11,15.590000,15.710000,15.420000,15.710000,1103920,SSI iBoard
2017-07-12,15.790000,15.790000,15.520000,15.590000,1299690,SSI iBoard
2017-07-13,15.790000,15.790000,15.590000,15.670000,467540,SSI iBoard
2017-07-14,15.670000,15.730000,15.610000,15.690000,386280,SSI iBoard
2017-07-17,15.690000,15.730000,15.460000,15.460000,703340,SSI iBoard
2017-07-18,15.420000,15.590000,15.400000,15.480000,1396110,SSI iBoard
2017-07-19,15.500000,15.570000,15.380000,15.420000,1170570,SSI iBoard
2017-07-20,15.380000,15.420000,15.220000,15.360000,1086130,SSI iBoard
2017-07-21,15.420000,15.460000,15.180000,15.180000,1058900,SSI iBoard
2017-07-24,15.180000,15.300000,15.030000,15.300000,914230,SSI iBoard
2017-07-25,15.260000,15.320000,15.140000,15.300000,483370,SSI iBoard
2017-07-26,15.360000,15.420000,15.260000,15.340000,1240450,SSI iBoard
2017-07-27,15.340000,15.400000,15.320000,15.320000,661800,SSI iBoard
2017-07-28,15.320000,15.500000,15.300000,15.380000,1246630,SSI iBoard
2017-07-31,15.380000,15.550000,15.380000,15.480000,1097910,SSI iBoard
2017-08-01,15.590000,15.870000,15.590000,15.750000,1710380,SSI iBoard
2017-08-02,15.630000,15.750000,15.500000,15.630000,943280,SSI iBoard
2017-08-03,15.710000,15.750000,15.630000,15.710000,677010,SSI iBoard
2017-08-04,15.710000,15.750000,15.550000,15.610000,755620,SSI iBoard
2017-08-07,15.630000,15.690000,15.590000,15.610000,748690,SSI iBoard
2017-08-08,15.610000,15.980000,15.610000,15.750000,1643470,SSI iBoard
2017-08-09,15.750000,15.810000,15.380000,15.500000,1227850,SSI iBoard
2017-08-10,15.400000,15.550000,15.360000,15.460000,1133390,SSI iBoard
2017-08-11,15.360000,15.400000,15.300000,15.360000,580140,SSI iBoard
2017-08-14,15.360000,15.500000,15.360000,15.440000,363540,SSI iBoard
2017-08-15,15.420000,15.460000,15.300000,15.300000,466800,SSI iBoard
2017-08-16,15.300000,15.400000,15.280000,15.380000,388380,SSI iBoard
2017-08-17,15.380000,15.400000,15.240000,15.300000,521370,SSI iBoard
2017-08-18,15.300000,15.500000,15.240000,15.380000,720950,SSI iBoard
2017-08-21,15.380000,15.420000,15.300000,15.340000,257280,SSI iBoard
2017-08-22,15.380000,15.380000,15.140000,15.140000,547530,SSI iBoard
2017-08-23,15.180000,15.220000,15.050000,15.180000,551970,SSI iBoard
2017-08-24,15.240000,15.360000,15.140000,15.200000,326460,SSI iBoard
2017-08-25,15.200000,15.340000,15.200000,15.240000,222240,SSI iBoard
2017-08-28,15.240000,15.360000,15.220000,15.360000,664630,SSI iBoard
2017-08-29,15.360000,15.380000,15.180000,15.180000,691290,SSI iBoard
2017-08-30,15.180000,15.300000,15.140000,15.180000,697600,SSI iBoard
2017-08-31,15.140000,15.360000,15.110000,15.220000,697650,SSI iBoard
2017-09-01,15.340000,15.380000,15.220000,15.360000,655740,SSI iBoard
2017-09-05,15.340000,15.710000,15.240000,15.650000,1658120,SSI iBoard
2017-09-06,15.590000,15.650000,15.480000,15.590000,589690,SSI iBoard
2017-09-07,15.590000,15.590000,15.460000,15.460000,558020,SSI iBoard
2017-09-08,15.590000,15.630000,15.440000,15.460000,753240,SSI iBoard
2017-09-11,15.500000,15.960000,15.460000,15.460000,1858420,SSI iBoard
2017-09-12,15.460000,15.630000,15.440000,15.610000,1335940,SSI iBoard
2017-09-13,15.750000,15.750000,15.550000,15.610000,774520,SSI iBoard
2017-09-14,15.670000,15.790000,15.550000,15.710000,2432090,SSI iBoard
2017-09-15,15.710000,15.750000,15.550000,15.590000,2799180,SSI iBoard
2017-09-18,15.590000,15.670000,15.420000,15.420000,2916990,SSI iBoard
2017-09-19,15.360000,15.500000,15.300000,15.340000,2466890,SSI iBoard
2017-09-20,15.360000,15.670000,15.360000,15.500000,2168280,SSI iBoard
2017-09-21,15.500000,15.650000,15.480000,15.520000,1215880,SSI iBoard
2017-09-22,15.520000,15.550000,15.420000,15.440000,1052820,SSI iBoard
2017-09-25,15.440000,15.480000,15.360000,15.380000,1065690,SSI iBoard
2017-09-26,15.380000,15.460000,15.300000,15.440000,871840,SSI iBoard
2017-09-27,15.550000,15.590000,15.400000,15.460000,1377060,SSI iBoard
2017-09-28,15.590000,15.690000,15.550000,15.610000,1573710,SSI iBoard
2017-09-29,15.610000,15.820000,15.590000,15.760000,2122200,SSI iBoard
2017-10-02,15.840000,15.970000,15.690000,15.780000,1205110,SSI iBoard
2017-10-03,15.840000,15.880000,15.710000,15.760000,1417210,SSI iBoard
2017-10-04,15.710000,16.340000,15.710000,16.260000,4836990,SSI iBoard
2017-10-05,16.430000,16.760000,16.220000,16.220000,5672370,SSI iBoard
2017-10-06,16.220000,16.410000,16.200000,16.360000,2322970,SSI iBoard
2017-10-09,16.490000,16.620000,16.410000,16.510000,2500440,SSI iBoard
2017-10-10,16.510000,16.720000,16.430000,16.620000,2583380,SSI iBoard
2017-10-11,16.680000,16.720000,16.360000,16.490000,2835470,SSI iBoard
2017-10-12,16.490000,16.530000,16.360000,16.360000,1767480,SSI iBoard
2017-10-13,16.340000,16.510000,16.340000,16.490000,1784200,SSI iBoard
2017-10-16,16.530000,16.550000,16.320000,16.360000,1542490,SSI iBoard
2017-10-17,16.360000,17.180000,16.340000,17.180000,3062770,SSI iBoard
2017-10-18,17.140000,17.350000,16.990000,17.060000,3053330,SSI iBoard
2017-10-19,17.060000,17.140000,16.890000,16.970000,1482080,SSI iBoard
2017-10-20,16.990000,17.310000,16.950000,17.100000,2072400,SSI iBoard
2017-10-23,17.120000,17.330000,16.680000,16.720000,3568930,SSI iBoard
2017-10-24,16.700000,16.890000,16.550000,16.760000,1212060,SSI iBoard
2017-10-25,16.760000,17.100000,16.760000,17.080000,1385130,SSI iBoard
2017-10-26,17.080000,17.290000,16.850000,17.010000,1922030,SSI iBoard
2017-10-27,17.010000,17.600000,16.950000,17.600000,2347090,SSI iBoard
2017-10-30,17.730000,18.000000,17.390000,17.560000,3808170,SSI iBoard
2017-10-31,17.560000,17.640000,17.350000,17.350000,1322440,SSI iBoard
2017-11-01,17.430000,17.540000,17.330000,17.430000,2149100,SSI iBoard
2017-11-02,17.430000,17.980000,17.220000,17.220000,2341010,SSI iBoard
2017-11-03,17.350000,17.560000,17.100000,17.560000,1399850,SSI iBoard
2017-11-06,17.600000,17.980000,17.520000,17.810000,2460760,SSI iBoard
2017-11-07,17.810000,17.960000,17.600000,17.790000,1712940,SSI iBoard
2017-11-08,17.790000,18.440000,17.680000,18.270000,2695690,SSI iBoard
2017-11-09,18.350000,18.440000,18.060000,18.060000,1899000,SSI iBoard
2017-11-10,18.020000,18.290000,17.940000,18.060000,21873700,SSI iBoard
2017-11-13,18.230000,18.310000,18.020000,18.190000,2104320,SSI iBoard
2017-11-14,18.230000,18.610000,18.170000,18.350000,3008230,SSI iBoard
2017-11-15,18.350000,18.520000,18.270000,18.270000,1304050,SSI iBoard
2017-11-16,18.330000,18.790000,18.270000,18.730000,2077060,SSI iBoard
2017-11-17,18.770000,18.920000,18.580000,18.610000,2063770,SSI iBoard
2017-11-20,18.610000,18.860000,18.580000,18.860000,1783000,SSI iBoard
2017-11-21,18.980000,19.990000,18.940000,19.570000,3799100,SSI iBoard
2017-11-22,19.570000,20.160000,19.570000,20.110000,3116060,SSI iBoard
2017-11-23,20.410000,20.490000,19.630000,20.070000,2666680,SSI iBoard
2017-11-24,19.900000,19.990000,19.700000,19.860000,1363450,SSI iBoard
2017-11-27,19.900000,20.200000,19.610000,20.070000,2242960,SSI iBoard
2017-11-28,20.160000,20.280000,19.900000,20.200000,1712500,SSI iBoard
2017-11-29,20.110000,20.530000,20.110000,20.530000,1440140,SSI iBoard
2017-11-30,20.450000,20.950000,20.320000,20.320000,1997210,SSI iBoard
2017-12-01,20.370000,20.490000,20.110000,20.240000,2085760,SSI iBoard
2017-12-04,20.320000,20.700000,20.240000,20.700000,1939700,SSI iBoard
2017-12-05,20.530000,20.950000,20.160000,20.160000,1975550,SSI iBoard
2017-12-06,20.110000,20.240000,19.740000,20.110000,2102030,SSI iBoard
2017-12-07,20.110000,20.110000,19.570000,19.950000,2737090,SSI iBoard
2017-12-08,19.950000,19.950000,19.490000,19.720000,1517040,SSI iBoard
2017-12-11,19.280000,19.650000,18.690000,18.690000,1447900,SSI iBoard
2017-12-12,18.980000,19.020000,17.430000,18.730000,2440280,SSI iBoard
2017-12-13,18.860000,18.900000,18.310000,18.440000,1177420,SSI iBoard
2017-12-14,18.440000,19.070000,18.400000,18.980000,2166840,SSI iBoard
2017-12-15,18.980000,19.490000,18.940000,19.280000,2574240,SSI iBoard
2017-12-18,19.700000,20.200000,19.530000,20.030000,2349430,SSI iBoard
2017-12-19,20.070000,20.300000,19.840000,20.010000,1958480,SSI iBoard
2017-12-20,20.010000,20.680000,19.860000,20.530000,2587600,SSI iBoard
2017-12-21,20.530000,20.620000,20.320000,20.320000,1547200,SSI iBoard
2017-12-22,20.200000,21.290000,20.140000,21.290000,4459390,SSI iBoard
2017-12-25,21.370000,21.660000,21.290000,21.540000,1491740,SSI iBoard
2017-12-26,21.580000,21.660000,21.160000,21.540000,1701570,SSI iBoard
2017-12-27,21.540000,22.130000,21.410000,22.000000,2214360,SSI iBoard
2017-12-28,22.000000,23.010000,22.000000,22.670000,2321870,SSI iBoard
2017-12-29,22.630000,23.050000,22.590000,22.750000,2753570,SSI iBoard
2018-01-02,22.630000,23.220000,22.460000,23.050000,2801720,SSI iBoard
2018-01-03,23.260000,23.340000,22.840000,23.010000,1843870,SSI iBoard
2018-01-04,22.880000,23.220000,22.750000,23.220000,1990040,SSI iBoard
2018-01-05,23.090000,23.090000,22.590000,22.630000,2045200,SSI iBoard
2018-01-08,22.630000,23.260000,22.210000,23.220000,2071140,SSI iBoard
2018-01-09,23.470000,24.510000,22.840000,24.510000,2853160,SSI iBoard
2018-01-10,24.430000,24.810000,24.010000,24.300000,2842830,SSI iBoard
2018-01-11,24.100000,24.640000,23.970000,24.640000,1766240,SSI iBoard
2018-01-12,24.640000,24.890000,24.300000,24.300000,2525840,SSI iBoard
2018-01-15,24.300000,25.140000,23.890000,25.140000,2061850,SSI iBoard
2018-01-16,24.850000,25.270000,24.640000,25.140000,2218380,SSI iBoard
2018-01-17,25.060000,25.100000,23.550000,23.550000,2077670,SSI iBoard
2018-01-18,23.470000,24.510000,23.420000,24.510000,2845720,SSI iBoard
2018-01-19,24.560000,25.730000,24.430000,25.560000,2998270,SSI iBoard
2018-01-22,25.980000,26.570000,25.860000,26.530000,2300660,SSI iBoard
2018-01-25,27.450000,28.370000,26.740000,28.370000,4788340,SSI iBoard
2018-01-26,29.080000,29.330000,27.870000,28.960000,2617800,SSI iBoard
2018-01-29,29.330000,29.960000,28.410000,28.500000,2281360,SSI iBoard
2018-01-30,27.870000,28.410000,27.740000,28.080000,2818520,SSI iBoard
2018-01-31,28.080000,28.870000,27.740000,27.910000,1936300,SSI iBoard
2018-02-01,27.820000,28.410000,27.570000,27.910000,2166810,SSI iBoard
2018-02-02,28.290000,28.290000,27.910000,28.240000,1652660,SSI iBoard
2018-02-05,27.660000,28.080000,26.270000,26.270000,2687810,SSI iBoard
2018-02-06,24.470000,26.400000,24.470000,25.980000,6724710,SSI iBoard
2018-02-07,27.240000,27.320000,26.320000,26.610000,1635780,SSI iBoard
2018-02-08,26.230000,26.610000,25.770000,26.360000,855160,SSI iBoard
2018-02-09,24.510000,26.110000,24.510000,25.520000,2408810,SSI iBoard
2018-02-12,25.980000,26.610000,25.440000,26.610000,1847850,SSI iBoard
2018-02-13,26.940000,27.200000,26.650000,26.820000,1527780,SSI iBoard
2018-02-21,27.240000,28.450000,27.030000,27.740000,2132410,SSI iBoard
2018-02-22,27.490000,28.240000,27.410000,27.990000,2352100,SSI iBoard
2018-02-23,28.080000,29.920000,27.950000,29.920000,4825770,SSI iBoard
2018-02-26,31.140000,31.140000,29.920000,30.130000,3453290,SSI iBoard
2018-02-27,30.550000,30.800000,30.050000,30.670000,2249770,SSI iBoard
2018-02-28,30.210000,31.430000,30.170000,30.930000,3475320,SSI iBoard
2018-03-01,30.420000,31.260000,29.750000,29.960000,3615670,SSI iBoard
2018-03-02,29.330000,30.170000,29.330000,30.090000,2525210,SSI iBoard
2018-03-05,30.170000,30.380000,28.500000,28.500000,2914810,SSI iBoard
2018-03-06,28.910000,29.960000,28.370000,29.840000,3103920,SSI iBoard
2018-03-07,29.960000,30.130000,28.700000,29.170000,2277620,SSI iBoard
2018-03-08,29.170000,29.500000,28.830000,29.120000,1554260,SSI iBoard
2018-03-09,29.540000,29.960000,29.170000,29.750000,3236520,SSI iBoard
2018-03-12,30.170000,30.760000,29.960000,30.170000,2899140,SSI iBoard
2018-03-13,30.170000,30.420000,29.580000,30.170000,2146470,SSI iBoard
2018-03-14,30.420000,31.140000,30.420000,30.930000,4053460,SSI iBoard
2018-03-15,30.590000,31.220000,30.510000,30.930000,2111990,SSI iBoard
2018-03-16,31.220000,31.550000,31.050000,31.300000,5327050,SSI iBoard
2018-03-19,31.680000,32.060000,30.590000,31.140000,2803610,SSI iBoard
2018-03-20,30.720000,31.390000,30.720000,31.010000,1836040,SSI iBoard
2018-03-21,31.220000,31.510000,30.800000,30.800000,2952180,SSI iBoard
2018-03-22,31.010000,31.010000,30.170000,30.170000,3871380,SSI iBoard
2018-03-23,28.700000,29.630000,28.700000,29.290000,4563730,SSI iBoard
2018-03-26,29.330000,30.130000,29.170000,30.130000,1821910,SSI iBoard
2018-03-27,30.510000,30.550000,29.580000,29.750000,2322350,SSI iBoard
2018-03-28,29.290000,29.880000,29.250000,29.540000,1643300,SSI iBoard
2018-03-29,29.670000,30.000000,29.380000,29.750000,1457380,SSI iBoard
2018-03-30,29.750000,29.920000,29.420000,29.540000,1280140,SSI iBoard
2018-04-02,29.750000,31.010000,29.670000,31.010000,3055600,SSI iBoard
2018-04-03,31.010000,31.550000,30.800000,31.140000,3500060,SSI iBoard
2018-04-04,31.220000,31.340000,30.800000,30.800000,2089100,SSI iBoard
2018-04-05,30.930000,31.010000,30.420000,30.800000,1763710,SSI iBoard
2018-04-06,30.840000,31.340000,30.760000,30.800000,2346040,SSI iBoard
2018-04-09,30.800000,31.140000,30.800000,30.930000,2693260,SSI iBoard
2018-04-10,31.220000,31.550000,30.840000,31.220000,5026810,SSI iBoard
2018-04-11,31.300000,31.340000,29.330000,29.840000,3911130,SSI iBoard
2018-04-12,29.710000,29.960000,29.330000,29.710000,3262970,SSI iBoard
2018-04-13,29.880000,29.920000,28.290000,28.450000,5148440,SSI iBoard
2018-04-16,28.160000,28.330000,27.280000,27.620000,3992890,SSI iBoard
2018-04-17,27.660000,28.080000,27.450000,28.080000,2104840,SSI iBoard
2018-04-18,28.410000,28.410000,27.150000,27.150000,2005410,SSI iBoard
2018-04-19,26.990000,27.030000,25.560000,25.560000,4909820,SSI iBoard
2018-04-20,25.650000,26.820000,25.440000,26.820000,2996320,SSI iBoard
2018-04-23,27.030000,27.150000,24.980000,24.980000,2876760,SSI iBoard
2018-04-24,24.720000,25.440000,24.300000,25.140000,4451970,SSI iBoard
2018-04-26,25.140000,25.690000,24.300000,24.390000,4669710,SSI iBoard
2018-04-27,24.390000,25.230000,24.350000,25.140000,2940100,SSI iBoard
2018-05-02,25.390000,25.560000,24.220000,24.390000,2862030,SSI iBoard
2018-05-03,24.390000,25.020000,23.840000,24.980000,3451890,SSI iBoard
2018-05-04,25.230000,25.440000,24.680000,24.720000,3234250,SSI iBoard
2018-05-07,25.060000,26.020000,24.850000,26.020000,3511210,SSI iBoard
2018-05-08,25.690000,26.060000,25.560000,25.560000,2947160,SSI iBoard
2018-05-09,25.440000,25.560000,24.930000,24.930000,2787480,SSI iBoard
2018-05-10,25.100000,25.230000,23.300000,23.680000,4433980,SSI iBoard
2018-05-11,23.680000,24.300000,22.840000,24.260000,3954360,SSI iBoard
2018-05-14,24.390000,24.510000,23.840000,24.430000,1522180,SSI iBoard
2018-05-15,24.430000,25.060000,24.390000,24.600000,2498910,SSI iBoard
2018-05-16,24.510000,24.680000,23.890000,23.890000,2368960,SSI iBoard
2018-05-17,23.890000,24.050000,23.550000,23.800000,2079780,SSI iBoard
2018-05-18,23.840000,23.930000,22.960000,23.680000,2437850,SSI iBoard
2018-05-21,23.680000,24.050000,23.340000,23.340000,1835620,SSI iBoard
2018-05-22,23.010000,23.260000,21.790000,22.380000,3235250,SSI iBoard
2018-05-23,22.210000,22.840000,21.790000,22.840000,2045320,SSI iBoard
2018-05-24,22.840000,22.960000,22.210000,22.340000,1312180,SSI iBoard
2018-05-25,22.380000,22.500000,20.950000,20.950000,2718610,SSI iBoard
2018-05-28,20.530000,20.780000,19.610000,19.610000,4579370,SSI iBoard
2018-05-29,19.900000,20.950000,19.610000,20.950000,2610350,SSI iBoard
2018-05-30,21.370000,22.130000,21.160000,21.790000,4432950,SSI iBoard
2018-05-31,21.580000,22.840000,21.540000,22.670000,3736400,SSI iBoard
2018-06-01,22.670000,24.100000,22.590000,23.890000,5930650,SSI iBoard
2018-06-04,23.680000,24.980000,23.470000,24.850000,3837380,SSI iBoard
2018-06-05,24.560000,24.980000,24.180000,24.560000,3532580,SSI iBoard
2018-06-06,24.350000,25.020000,24.140000,24.770000,2183260,SSI iBoard
2018-06-07,24.720000,24.850000,24.470000,24.600000,2538580,SSI iBoard
2018-06-08,24.430000,25.310000,24.430000,25.020000,2693680,SSI iBoard
2018-06-11,24.890000,25.270000,24.510000,24.720000,2453150,SSI iBoard
2018-06-12,24.510000,24.720000,23.680000,24.300000,3024500,SSI iBoard
2018-06-13,24.140000,25.100000,24.140000,25.100000,2054850,SSI iBoard
2018-06-14,25.100000,25.100000,24.300000,24.350000,2814340,SSI iBoard
2018-06-15,24.100000,24.720000,24.050000,24.720000,2557670,SSI iBoard
2018-06-18,24.680000,24.720000,23.470000,23.680000,2461860,SSI iBoard
2018-06-19,22.840000,23.680000,22.630000,23.680000,5149160,SSI iBoard
2018-06-20,23.890000,24.600000,23.550000,24.350000,2767440,SSI iBoard
2018-06-21,24.300000,24.390000,23.630000,23.890000,1637920,SSI iBoard
2018-06-22,23.510000,24.600000,23.260000,24.600000,2529630,SSI iBoard
2018-06-25,25.140000,25.230000,24.680000,24.890000,2415610,SSI iBoard
2018-06-26,24.510000,24.890000,24.300000,24.850000,1346430,SSI iBoard
2018-06-27,24.720000,25.350000,24.300000,24.300000,2602270,SSI iBoard
2018-06-28,23.890000,24.600000,23.890000,24.260000,2114670,SSI iBoard
2018-06-29,24.260000,24.600000,23.800000,24.300000,1439520,SSI iBoard
2018-07-02,24.100000,24.470000,23.220000,24.350000,2846420,SSI iBoard
2018-07-03,24.430000,24.430000,23.470000,23.470000,3355250,SSI iBoard
2018-07-04,23.550000,23.680000,22.920000,23.300000,2452480,SSI iBoard
2018-07-05,23.220000,23.300000,21.790000,21.790000,2865870,SSI iBoard
2018-07-06,21.410000,23.220000,21.160000,23.050000,3443450,SSI iBoard
2018-07-09,23.050000,23.630000,22.630000,22.630000,1434270,SSI iBoard
2018-07-10,23.260000,23.260000,22.250000,22.250000,1360490,SSI iBoard
2018-07-11,21.750000,22.000000,20.990000,21.460000,3312190,SSI iBoard
2018-07-12,21.460000,22.460000,21.160000,21.960000,1422890,SSI iBoard
2018-07-13,22.340000,23.010000,21.790000,22.960000,1709410,SSI iBoard
2018-07-16,23.050000,23.260000,22.750000,23.010000,1302130,SSI iBoard
2018-07-17,22.630000,23.380000,22.630000,23.380000,1594780,SSI iBoard
2018-07-18,23.380000,24.100000,23.380000,24.100000,2473610,SSI iBoard
2018-07-19,24.180000,24.220000,23.760000,23.800000,1704000,SSI iBoard
2018-07-20,23.680000,23.970000,23.090000,23.800000,2204900,SSI iBoard
2018-07-23,23.800000,24.470000,23.680000,23.720000,2618240,SSI iBoard
2018-07-24,23.890000,24.050000,23.470000,23.890000,1683260,SSI iBoard
2018-07-25,24.010000,24.050000,23.170000,23.170000,1257900,SSI iBoard
2018-07-26,23.220000,23.760000,22.840000,23.760000,2107890,SSI iBoard
2018-07-27,23.760000,24.010000,23.550000,23.680000,979280,SSI iBoard
2018-07-30,23.890000,24.050000,23.680000,24.010000,1288790,SSI iBoard
2018-07-31,23.930000,24.850000,23.800000,24.510000,3438180,SSI iBoard
2018-08-01,24.770000,24.810000,24.470000,24.560000,1902040,SSI iBoard
2018-08-02,24.390000,24.720000,24.180000,24.720000,1855340,SSI iBoard
2018-08-03,24.930000,25.020000,24.350000,24.510000,1770230,SSI iBoard
2018-08-06,24.390000,24.980000,24.390000,24.720000,1782410,SSI iBoard
2018-08-07,24.640000,25.940000,24.560000,25.770000,5488590,SSI iBoard
2018-08-08,25.810000,26.150000,25.560000,26.020000,2193510,SSI iBoard
2018-08-09,26.020000,26.270000,25.690000,25.690000,2508810,SSI iBoard
2018-08-10,25.560000,26.610000,25.560000,26.610000,3849630,SSI iBoard
2018-08-13,26.400000,26.740000,26.060000,26.740000,2397270,SSI iBoard
2018-08-14,26.740000,26.740000,26.270000,26.320000,1274800,SSI iBoard
2018-08-15,26.480000,26.570000,25.350000,25.390000,3238040,SSI iBoard
2018-08-16,25.140000,25.560000,24.680000,25.390000,3426320,SSI iBoard
2018-08-17,25.600000,26.360000,25.480000,25.980000,2711770,SSI iBoard
2018-08-20,25.980000,26.190000,25.730000,25.730000,1601770,SSI iBoard
2018-08-23,25.980000,26.320000,25.810000,26.230000,1301270,SSI iBoard
2018-08-24,26.230000,26.230000,25.900000,25.980000,1779380,SSI iBoard
2018-08-27,26.190000,26.610000,26.150000,26.440000,1805900,SSI iBoard
2018-08-28,26.610000,26.940000,26.360000,26.820000,2588320,SSI iBoard
2018-08-29,26.780000,26.860000,26.440000,26.440000,1117930,SSI iBoard
2018-08-30,26.440000,26.900000,26.150000,26.740000,1336350,SSI iBoard
2018-08-31,26.740000,26.820000,25.980000,26.190000,1949400,SSI iBoard
2018-09-04,26.190000,26.230000,25.520000,25.560000,2050280,SSI iBoard
2018-09-05,25.560000,25.900000,25.270000,25.390000,1766180,SSI iBoard
2018-09-06,25.390000,25.560000,25.230000,25.270000,796450,SSI iBoard
2018-09-07,25.180000,26.060000,25.180000,25.980000,1595530,SSI iBoard
2018-09-10,25.980000,26.230000,25.600000,25.980000,1505560,SSI iBoard
2018-09-11,25.770000,26.440000,25.770000,26.400000,1543540,SSI iBoard
2018-09-12,26.480000,26.650000,26.190000,26.230000,1590110,SSI iBoard
2018-09-13,26.320000,26.570000,26.230000,26.360000,1069800,SSI iBoard
2018-09-14,26.480000,26.990000,26.480000,26.820000,2405940,SSI iBoard
2018-09-17,26.820000,26.820000,26.360000,26.360000,1007490,SSI iBoard
2018-09-18,26.190000,26.530000,26.110000,26.530000,1077110,SSI iBoard
2018-09-19,26.690000,26.690000,26.440000,26.530000,1075000,SSI iBoard
2018-09-20,26.530000,27.070000,26.530000,26.990000,1709890,SSI iBoard
2018-09-21,27.240000,27.530000,26.820000,27.070000,4889170,SSI iBoard
2018-09-24,27.450000,27.530000,27.150000,27.320000,1094970,SSI iBoard
2018-09-25,27.150000,27.320000,26.990000,26.990000,1031520,SSI iBoard
2018-09-26,26.990000,27.200000,26.740000,26.740000,2099660,SSI iBoard
2018-09-27,26.740000,26.900000,26.480000,26.570000,2121040,SSI iBoard
2018-09-28,26.690000,26.820000,26.400000,26.400000,2104400,SSI iBoard
2018-10-01,26.610000,26.610000,26.190000,26.190000,1932610,SSI iBoard
2018-10-02,26.190000,26.440000,26.060000,26.400000,1601040,SSI iBoard
2018-10-03,26.570000,26.610000,26.190000,26.400000,1034920,SSI iBoard
2018-10-04,26.400000,26.820000,26.320000,26.400000,2298750,SSI iBoard
2018-10-05,26.530000,26.740000,26.360000,26.360000,1633520,SSI iBoard
2018-10-08,26.320000,26.480000,26.150000,26.150000,1347760,SSI iBoard
2018-10-09,26.230000,26.400000,26.150000,26.190000,868060,SSI iBoard
2018-10-10,26.270000,26.320000,26.060000,26.190000,781330,SSI iBoard
2018-10-11,25.470000,25.470000,24.410000,24.490000,3432840,SSI iBoard
2018-10-12,24.190000,25.420000,24.190000,25.420000,2266290,SSI iBoard
2018-10-15,25.380000,25.470000,24.910000,25.080000,1155630,SSI iBoard
2018-10-16,25.040000,25.300000,25.000000,25.130000,1079700,SSI iBoard
2018-10-17,25.420000,25.420000,25.080000,25.130000,1293490,SSI iBoard
2018-10-18,25.040000,25.130000,24.580000,24.620000,1605080,SSI iBoard
2018-10-19,24.190000,24.870000,24.190000,24.490000,1188910,SSI iBoard
2018-10-22,24.830000,24.960000,24.240000,24.240000,1204690,SSI iBoard
2018-10-23,24.190000,24.320000,22.920000,23.680000,2346810,SSI iBoard
2018-10-24,23.680000,24.020000,23.560000,23.560000,1474260,SSI iBoard
2018-10-25,22.500000,23.430000,22.500000,23.260000,1744120,SSI iBoard
2018-10-26,23.730000,23.730000,22.710000,22.710000,1220360,SSI iBoard
2018-10-29,22.620000,22.880000,22.280000,22.450000,1261730,SSI iBoard
2018-10-30,22.450000,23.050000,22.370000,23.000000,1337430,SSI iBoard
2018-10-31,23.000000,24.070000,23.000000,23.600000,1245750,SSI iBoard
2018-11-01,23.680000,23.730000,23.260000,23.340000,1221200,SSI iBoard
2018-11-02,23.340000,23.900000,23.340000,23.850000,1136910,SSI iBoard
2018-11-05,23.730000,23.980000,23.600000,23.980000,873020,SSI iBoard
2018-11-06,24.190000,24.190000,23.680000,23.680000,667710,SSI iBoard
2018-11-07,23.680000,23.850000,23.390000,23.560000,668290,SSI iBoard
2018-11-08,24.070000,24.110000,23.640000,23.640000,575720,SSI iBoard
2018-11-09,23.430000,23.640000,23.050000,23.050000,885690,SSI iBoard
2018-11-12,22.920000,23.170000,22.410000,23.170000,687980,SSI iBoard
2018-11-13,22.620000,23.050000,22.620000,22.750000,601520,SSI iBoard
2018-11-14,22.750000,23.050000,22.410000,22.580000,530120,SSI iBoard
2018-11-15,22.580000,22.750000,22.280000,22.670000,828510,SSI iBoard
2018-11-16,22.920000,22.960000,22.540000,22.580000,1227840,SSI iBoard
2018-11-19,22.920000,22.920000,22.580000,22.920000,1145500,SSI iBoard
2018-11-20,22.920000,22.920000,22.620000,22.830000,1086240,SSI iBoard
2018-11-21,22.540000,23.510000,22.500000,23.510000,1908000,SSI iBoard
2018-11-22,23.340000,23.560000,23.220000,23.260000,961120,SSI iBoard
2018-11-23,23.220000,23.340000,22.920000,22.920000,897050,SSI iBoard
2018-11-26,22.920000,23.050000,22.790000,22.920000,673900,SSI iBoard
2018-11-27,23.090000,23.220000,22.580000,22.670000,1284900,SSI iBoard
2018-11-28,22.670000,23.390000,22.670000,23.390000,1483680,SSI iBoard
2018-11-29,23.600000,23.940000,23.340000,23.340000,2360280,SSI iBoard
2018-11-30,23.300000,23.770000,23.260000,23.510000,1430640,SSI iBoard
2018-12-03,24.070000,24.620000,23.850000,24.620000,2226730,SSI iBoard
2018-12-04,24.530000,24.740000,24.240000,24.450000,1367410,SSI iBoard
2018-12-05,24.190000,24.700000,23.980000,24.530000,2014850,SSI iBoard
2018-12-06,24.360000,24.620000,24.070000,24.150000,2258320,SSI iBoard
2018-12-07,24.360000,24.490000,24.240000,24.280000,835390,SSI iBoard
2018-12-10,24.280000,24.360000,24.020000,24.150000,1050910,SSI iBoard
2018-12-11,24.150000,24.280000,23.850000,24.110000,1119050,SSI iBoard
2018-12-12,24.320000,24.620000,24.110000,24.620000,1466430,SSI iBoard
2018-12-13,24.740000,24.790000,24.450000,24.450000,851900,SSI iBoard
2018-12-14,24.410000,24.450000,23.980000,23.980000,880580,SSI iBoard
2018-12-17,23.770000,23.940000,23.260000,23.260000,1787440,SSI iBoard
2018-12-18,22.960000,23.560000,22.960000,23.390000,1459730,SSI iBoard
2018-12-19,23.390000,23.510000,22.960000,23.090000,1131780,SSI iBoard
2018-12-20,23.050000,23.430000,23.050000,23.170000,877260,SSI iBoard
2018-12-21,23.130000,23.130000,22.830000,23.130000,1690120,SSI iBoard
2018-12-24,23.130000,23.300000,22.540000,22.540000,864160,SSI iBoard
2018-12-25,22.070000,22.500000,21.650000,22.370000,1964060,SSI iBoard
2018-12-26,22.330000,22.710000,22.330000,22.410000,782180,SSI iBoard
2018-12-27,22.920000,23.050000,22.710000,22.710000,571770,SSI iBoard
2018-12-28,22.830000,23.130000,22.620000,22.710000,781690,SSI iBoard
2019-01-02,22.880000,23.050000,22.710000,22.750000,1081640,SSI iBoard
2019-01-03,22.920000,22.960000,22.370000,22.750000,1071350,SSI iBoard
2019-01-04,22.620000,23.090000,22.330000,23.090000,1307310,SSI iBoard
2019-01-07,23.470000,23.560000,23.130000,23.170000,1175810,SSI iBoard
2019-01-08,23.340000,23.430000,23.130000,23.340000,1318810,SSI iBoard
2019-01-09,23.560000,23.810000,23.260000,23.680000,1136370,SSI iBoard
2019-01-10,23.680000,23.680000,23.340000,23.340000,794870,SSI iBoard
2019-01-11,23.430000,23.560000,23.300000,23.430000,1115410,SSI iBoard
2019-01-14,23.430000,23.560000,23.300000,23.470000,759980,SSI iBoard
2019-01-15,23.470000,23.810000,23.430000,23.730000,1071080,SSI iBoard
2019-01-16,23.900000,23.900000,23.340000,23.510000,706160,SSI iBoard
2019-01-17,23.470000,23.640000,23.390000,23.430000,460060,SSI iBoard
2019-01-18,23.430000,23.510000,23.260000,23.260000,542400,SSI iBoard
2019-01-21,23.170000,23.850000,23.130000,23.680000,870530,SSI iBoard
2019-01-22,23.770000,23.770000,23.430000,23.430000,398340,SSI iBoard
2019-01-23,23.300000,23.560000,23.300000,23.510000,514720,SSI iBoard
2019-01-24,23.510000,23.600000,23.340000,23.510000,463870,SSI iBoard
2019-01-25,23.560000,23.810000,23.510000,23.680000,1008850,SSI iBoard
2019-01-28,23.770000,23.770000,23.560000,23.560000,336990,SSI iBoard
2019-01-29,23.560000,24.070000,23.430000,24.070000,973050,SSI iBoard
2019-01-30,24.070000,24.280000,24.070000,24.070000,1152720,SSI iBoard
2019-01-31,24.110000,24.360000,24.110000,24.110000,1147760,SSI iBoard
2019-02-01,24.190000,24.360000,23.980000,23.980000,827040,SSI iBoard
2019-02-11,24.190000,24.700000,24.110000,24.660000,1395030,SSI iBoard
2019-02-12,24.660000,25.040000,24.530000,24.870000,1683680,SSI iBoard
2019-02-13,24.870000,25.420000,24.870000,25.380000,1853680,SSI iBoard
2019-02-14,25.380000,25.590000,25.300000,25.550000,1629070,SSI iBoard
2019-02-15,25.470000,25.470000,25.130000,25.170000,1249180,SSI iBoard
2019-02-18,25.250000,25.470000,25.250000,25.470000,1027840,SSI iBoard
2019-02-19,25.470000,25.550000,25.040000,25.040000,1304520,SSI iBoard
2019-02-20,25.170000,25.300000,25.000000,25.080000,818480,SSI iBoard
2019-02-21,25.250000,25.510000,25.080000,25.510000,2044240,SSI iBoard
2019-02-22,25.550000,26.480000,25.470000,26.320000,2502840,SSI iBoard
2019-02-25,26.530000,27.120000,26.440000,26.910000,2079790,SSI iBoard
2019-02-26,26.910000,26.950000,26.270000,26.740000,1976570,SSI iBoard
2019-02-27,26.650000,26.740000,26.150000,26.270000,1148480,SSI iBoard
2019-02-28,26.270000,26.530000,25.680000,25.680000,2027080,SSI iBoard
2019-03-01,25.890000,26.400000,25.810000,26.400000,713500,SSI iBoard
2019-03-04,26.400000,26.740000,26.400000,26.650000,1347480,SSI iBoard
2019-03-05,26.650000,27.080000,26.530000,26.740000,1576750,SSI iBoard
2019-03-06,26.780000,26.870000,26.270000,26.610000,1081870,SSI iBoard
2019-03-07,26.610000,27.080000,26.570000,26.780000,1897450,SSI iBoard
2019-03-08,26.480000,26.740000,26.360000,26.650000,997370,SSI iBoard
2019-03-11,26.480000,26.610000,26.270000,26.570000,1020600,SSI iBoard
2019-03-12,26.740000,27.500000,26.610000,27.500000,2194380,SSI iBoard
2019-03-13,27.590000,27.670000,27.380000,27.670000,1680350,SSI iBoard
2019-03-14,27.670000,28.440000,27.380000,28.390000,2115850,SSI iBoard
2019-03-15,28.520000,28.520000,28.010000,28.010000,2616060,SSI iBoard
2019-03-18,28.230000,28.780000,28.230000,28.690000,1936700,SSI iBoard
2019-03-19,28.690000,28.690000,28.310000,28.350000,1390640,SSI iBoard
2019-03-20,28.310000,28.520000,28.100000,28.310000,2441040,SSI iBoard
2019-03-21,28.390000,28.820000,28.230000,28.270000,1525770,SSI iBoard
2019-03-22,28.350000,28.440000,28.230000,28.390000,1375420,SSI iBoard
2019-03-25,27.590000,28.010000,27.160000,27.800000,1635900,SSI iBoard
2019-03-26,28.060000,28.230000,27.800000,27.800000,1127550,SSI iBoard
2019-03-27,27.970000,27.970000,27.460000,27.800000,538180,SSI iBoard
2019-03-28,27.890000,28.310000,27.760000,28.310000,742470,SSI iBoard
2019-03-29,28.440000,28.650000,28.350000,28.560000,678050,SSI iBoard
2019-04-01,28.820000,28.820000,28.690000,28.780000,684060,SSI iBoard
2019-04-02,28.860000,29.070000,28.650000,28.650000,556970,SSI iBoard
2019-04-03,28.650000,28.690000,28.230000,28.520000,445650,SSI iBoard
2019-04-04,28.520000,28.820000,28.350000,28.730000,948960,SSI iBoard
2019-04-05,28.780000,28.950000,28.780000,28.900000,477530,SSI iBoard
2019-04-08,28.900000,29.580000,28.820000,29.580000,1121900,SSI iBoard
2019-04-09,29.580000,29.710000,29.460000,29.630000,759180,SSI iBoard
2019-04-10,29.500000,29.500000,29.200000,29.240000,719030,SSI iBoard
2019-04-11,29.290000,29.290000,28.730000,29.070000,405090,SSI iBoard
2019-04-12,29.120000,29.120000,28.690000,28.860000,355400,SSI iBoard
2019-04-16,28.860000,28.860000,28.180000,28.610000,404640,SSI iBoard
2019-04-17,28.820000,28.950000,28.440000,28.860000,516710,SSI iBoard
2019-04-18,28.650000,29.160000,28.650000,28.820000,554820,SSI iBoard
2019-04-19,28.820000,29.070000,28.820000,28.860000,232550,SSI iBoard
2019-04-22,28.480000,28.900000,28.440000,28.820000,313210,SSI iBoard
2019-04-23,28.860000,28.860000,28.060000,28.650000,1260620,SSI iBoard
2019-04-24,28.650000,29.370000,28.650000,29.070000,684540,SSI iBoard
2019-04-25,29.070000,29.070000,28.730000,28.730000,348700,SSI iBoard
2019-04-26,28.780000,28.990000,28.650000,28.820000,277260,SSI iBoard
2019-05-02,28.690000,28.820000,28.180000,28.390000,628430,SSI iBoard
2019-05-03,28.350000,28.520000,28.060000,28.310000,789780,SSI iBoard
2019-05-06,28.100000,28.350000,27.970000,28.140000,364560,SSI iBoard
2019-05-07,28.140000,28.440000,27.500000,27.840000,1103060,SSI iBoard
2019-05-08,27.420000,27.840000,27.420000,27.630000,947120,SSI iBoard
2019-05-09,27.760000,28.010000,27.630000,27.800000,659180,SSI iBoard
2019-05-10,27.800000,28.060000,27.670000,27.840000,554370,SSI iBoard
2019-05-13,27.930000,28.060000,27.840000,27.970000,475420,SSI iBoard
2019-05-14,27.760000,28.270000,27.760000,28.270000,628480,SSI iBoard
2019-05-15,28.310000,28.610000,28.230000,28.350000,734230,SSI iBoard
2019-05-16,28.350000,28.610000,28.350000,28.350000,412210,SSI iBoard
2019-05-17,28.350000,28.440000,28.270000,28.350000,449040,SSI iBoard
2019-05-20,28.350000,28.900000,28.310000,28.780000,607060,SSI iBoard
2019-05-21,28.820000,29.030000,28.730000,28.730000,473170,SSI iBoard
2019-05-22,28.650000,29.120000,28.440000,28.520000,662700,SSI iBoard
2019-05-23,28.610000,28.860000,28.480000,28.690000,378440,SSI iBoard
2019-05-24,28.560000,28.860000,28.060000,28.230000,931250,SSI iBoard
2019-05-27,28.440000,28.780000,28.230000,28.610000,341320,SSI iBoard
2019-05-28,28.440000,29.120000,28.350000,28.610000,664400,SSI iBoard
2019-05-29,28.690000,28.900000,28.520000,28.650000,313510,SSI iBoard
2019-05-30,28.650000,28.900000,28.560000,28.730000,320900,SSI iBoard
2019-05-31,28.650000,28.860000,28.350000,28.520000,712090,SSI iBoard
2019-06-03,28.230000,28.520000,27.160000,28.230000,593660,SSI iBoard
2019-06-04,28.010000,28.650000,27.970000,28.520000,387780,SSI iBoard
2019-06-05,28.520000,28.650000,28.310000,28.310000,269120,SSI iBoard
2019-06-06,28.310000,28.310000,27.590000,27.970000,394550,SSI iBoard
2019-06-07,28.230000,28.440000,27.670000,27.840000,490880,SSI iBoard
2019-06-10,28.350000,28.650000,28.010000,28.310000,585460,SSI iBoard
2019-06-11,28.230000,28.650000,28.230000,28.610000,280100,SSI iBoard
2019-06-12,28.610000,28.650000,28.390000,28.440000,212910,SSI iBoard
2019-06-13,28.440000,28.650000,28.180000,28.560000,546960,SSI iBoard
2019-06-14,28.650000,29.540000,28.560000,29.370000,2478770,SSI iBoard
2019-06-17,29.370000,29.840000,29.290000,29.370000,1018520,SSI iBoard
2019-06-18,29.290000,29.920000,28.950000,29.840000,958120,SSI iBoard
2019-06-19,29.880000,30.010000,29.460000,29.630000,767310,SSI iBoard
2019-06-20,29.880000,30.010000,29.460000,29.630000,767310,SSI iBoard
2019-06-21,30.140000,30.560000,30.140000,30.140000,1785930,SSI iBoard
2019-06-24,30.350000,31.320000,30.140000,30.980000,1407410,SSI iBoard
2019-06-25,30.900000,30.900000,30.560000,30.730000,390840,SSI iBoard
2019-06-26,30.730000,30.770000,29.920000,29.920000,918850,SSI iBoard
2019-06-27,30.140000,30.140000,29.460000,29.500000,1187150,SSI iBoard
2019-06-28,29.540000,30.560000,29.030000,29.920000,830140,SSI iBoard
2019-07-01,30.140000,30.520000,30.090000,30.260000,565640,SSI iBoard
2019-07-02,30.350000,30.350000,29.840000,29.920000,363020,SSI iBoard
2019-07-03,29.920000,30.140000,29.540000,29.540000,796720,SSI iBoard
2019-07-04,29.710000,30.770000,29.580000,30.770000,1125010,SSI iBoard
2019-07-05,30.770000,30.810000,30.560000,30.810000,425620,SSI iBoard
2019-07-08,30.560000,30.690000,30.140000,30.260000,723300,SSI iBoard
2019-07-09,30.350000,30.520000,29.970000,30.520000,668550,SSI iBoard
2019-07-10,30.770000,30.860000,30.520000,30.770000,639160,SSI iBoard
2019-07-11,30.810000,31.660000,30.810000,31.410000,1286980,SSI iBoard
2019-07-12,31.410000,31.620000,31.240000,31.280000,926210,SSI iBoard
2019-07-15,31.280000,31.830000,31.280000,31.830000,1089930,SSI iBoard
2019-07-16,32.050000,33.110000,32.000000,32.770000,1901200,SSI iBoard
2019-07-17,32.470000,32.720000,32.170000,32.340000,802350,SSI iBoard
2019-07-18,32.210000,32.770000,32.090000,32.430000,858680,SSI iBoard
2019-07-19,32.430000,33.870000,32.430000,33.530000,1316760,SSI iBoard
2019-07-22,33.530000,33.740000,33.400000,33.530000,930520,SSI iBoard
2019-07-23,33.490000,33.660000,33.320000,33.490000,626060,SSI iBoard
2019-07-24,33.740000,33.740000,32.470000,32.640000,1380620,SSI iBoard
2019-07-25,32.640000,33.020000,32.550000,32.980000,457360,SSI iBoard
2019-07-26,32.980000,33.830000,32.890000,33.320000,942260,SSI iBoard
2019-07-29,33.320000,34.380000,33.230000,34.380000,986830,SSI iBoard
2019-07-30,34.800000,35.020000,34.210000,34.210000,1133490,SSI iBoard
2019-07-31,33.960000,34.170000,33.790000,34.040000,512820,SSI iBoard
2019-08-01,34.040000,34.170000,33.830000,34.170000,538850,SSI iBoard
2019-08-02,33.830000,34.170000,33.570000,33.570000,680000,SSI iBoard
2019-08-05,33.620000,33.830000,32.720000,32.850000,857570,SSI iBoard
2019-08-06,32.430000,32.640000,32.170000,32.380000,1172520,SSI iBoard
2019-08-07,32.380000,33.280000,32.380000,33.280000,567830,SSI iBoard
2019-08-08,33.320000,33.870000,33.150000,33.320000,612530,SSI iBoard
2019-08-09,33.400000,33.700000,33.280000,33.320000,638630,SSI iBoard
2019-08-12,33.320000,33.450000,32.770000,32.980000,475000,SSI iBoard
2019-08-13,32.770000,32.890000,32.210000,32.380000,809300,SSI iBoard
2019-08-14,33.110000,33.110000,32.380000,32.380000,354750,SSI iBoard
2019-08-15,31.660000,33.530000,31.660000,33.530000,510330,SSI iBoard
2019-08-16,33.020000,33.360000,33.020000,33.060000,551180,SSI iBoard
2019-08-19,33.060000,33.320000,32.550000,32.600000,692740,SSI iBoard
2019-08-20,33.020000,33.020000,32.550000,32.640000,453760,SSI iBoard
2019-08-21,32.640000,34.080000,32.550000,33.960000,1927720,SSI iBoard
2019-08-22,34.040000,34.120000,33.790000,33.960000,762090,SSI iBoard
2019-08-23,33.960000,34.040000,33.620000,33.620000,451500,SSI iBoard
2019-08-26,33.190000,33.360000,32.890000,33.020000,672220,SSI iBoard
2019-08-27,33.190000,33.450000,32.260000,32.470000,1116480,SSI iBoard
2019-08-28,32.600000,32.810000,32.600000,32.680000,588810,SSI iBoard
2019-08-29,32.640000,32.850000,32.470000,32.600000,422240,SSI iBoard
2019-08-30,32.680000,32.980000,32.680000,32.980000,280130,SSI iBoard
2019-09-03,33.020000,33.060000,32.550000,33.020000,580830,SSI iBoard
2019-09-04,32.890000,32.890000,32.640000,32.810000,527770,SSI iBoard
2019-09-05,32.770000,33.450000,32.770000,32.940000,408900,SSI iBoard
2019-09-06,33.110000,33.110000,32.680000,32.810000,287990,SSI iBoard
2019-09-09,32.810000,32.850000,32.680000,32.770000,236440,SSI iBoard
2019-09-10,32.770000,33.620000,32.720000,32.980000,651950,SSI iBoard
2019-09-11,32.810000,33.320000,32.810000,33.190000,141450,SSI iBoard
2019-09-12,33.320000,33.700000,33.320000,33.740000,800240,SSI iBoard
2019-09-13,33.870000,34.800000,33.870000,34.760000,1408780,SSI iBoard
2019-09-16,34.760000,35.100000,34.290000,34.380000,697310,SSI iBoard
2019-09-17,34.250000,34.510000,34.170000,34.420000,896290,SSI iBoard
2019-09-18,34.420000,35.020000,34.170000,34.210000,809820,SSI iBoard
2019-09-19,34.380000,34.680000,34.170000,34.590000,527230,SSI iBoard
2019-09-20,34.590000,35.140000,34.590000,34.380000,2794080,SSI iBoard
2019-09-23,34.630000,34.760000,33.530000,33.530000,1187100,SSI iBoard
2019-09-24,33.740000,34.290000,33.490000,34.210000,791470,SSI iBoard
2019-09-25,33.960000,34.340000,33.700000,34.250000,729340,SSI iBoard
2019-09-26,34.250000,34.510000,34.080000,34.380000,1040190,SSI iBoard
2019-09-27,34.510000,35.270000,34.290000,35.190000,1388490,SSI iBoard
2019-09-30,35.190000,35.360000,34.760000,34.850000,775770,SSI iBoard
2019-10-01,34.850000,35.480000,34.720000,35.400000,795100,SSI iBoard
2019-10-02,35.400000,35.530000,34.680000,34.800000,1224650,SSI iBoard
2019-10-03,34.720000,34.800000,34.210000,34.800000,1003810,SSI iBoard
2019-10-04,34.800000,35.440000,34.720000,35.230000,1121700,SSI iBoard
2019-10-07,35.650000,35.870000,35.190000,35.140000,1134390,SSI iBoard
2019-10-08,35.140000,36.200000,35.140000,36.120000,1461940,SSI iBoard
2019-10-09,36.120000,36.370000,35.990000,35.870000,860160,SSI iBoard
2019-10-10,36.030000,36.160000,35.870000,35.910000,753670,SSI iBoard
2019-10-11,35.870000,36.250000,35.820000,36.200000,730370,SSI iBoard
2019-10-14,36.290000,36.500000,36.080000,36.080000,620800,SSI iBoard
2019-10-15,36.080000,36.250000,35.950000,36.160000,648400,SSI iBoard
2019-10-16,36.590000,36.630000,36.370000,36.540000,668740,SSI iBoard
2019-10-17,36.670000,36.670000,35.990000,36.160000,1023870,SSI iBoard
2019-10-18,36.290000,36.420000,35.990000,36.080000,417240,SSI iBoard
2019-10-21,36.030000,36.030000,35.480000,35.740000,561470,SSI iBoard
2019-10-22,35.740000,36.420000,35.740000,36.250000,473090,SSI iBoard
2019-10-23,36.290000,36.420000,35.910000,36.200000,538120,SSI iBoard
2019-10-24,36.200000,36.930000,36.120000,36.880000,660180,SSI iBoard
2019-10-25,36.880000,37.560000,36.760000,37.350000,838210,SSI iBoard
2019-10-28,37.350000,37.440000,37.100000,37.100000,383850,SSI iBoard
2019-10-29,37.100000,37.140000,36.630000,36.670000,702620,SSI iBoard
2019-10-30,36.540000,37.440000,36.540000,37.270000,607710,SSI iBoard
2019-10-31,37.390000,37.560000,37.180000,37.220000,319340,SSI iBoard
2019-11-01,37.220000,37.940000,37.140000,37.690000,1071470,SSI iBoard
2019-11-04,37.900000,39.260000,37.900000,39.050000,1091260,SSI iBoard
2019-11-05,39.090000,39.260000,38.500000,38.540000,616630,SSI iBoard
2019-11-06,38.540000,39.180000,38.500000,38.620000,673230,SSI iBoard
2019-11-07,38.620000,39.010000,38.620000,38.750000,360850,SSI iBoard
2019-11-08,38.750000,39.010000,38.540000,38.840000,416510,SSI iBoard
2019-11-11,38.960000,38.960000,38.620000,38.750000,423790,SSI iBoard
2019-11-12,38.790000,39.090000,38.750000,38.920000,595820,SSI iBoard
2019-11-13,39.130000,39.130000,38.200000,38.410000,706550,SSI iBoard
2019-11-14,38.410000,38.790000,38.280000,38.580000,375320,SSI iBoard
2019-11-15,38.200000,38.620000,37.940000,38.070000,565270,SSI iBoard
2019-11-18,37.990000,38.160000,37.140000,37.180000,700550,SSI iBoard
2019-11-19,37.350000,38.620000,37.350000,38.670000,526560,SSI iBoard
2019-11-20,38.620000,38.620000,37.990000,37.990000,516280,SSI iBoard
2019-11-21,37.820000,38.070000,37.140000,37.140000,1000670,SSI iBoard
2019-11-22,37.180000,37.560000,36.160000,36.290000,1346230,SSI iBoard
2019-11-25,36.290000,36.500000,35.060000,35.870000,1445550,SSI iBoard
2019-11-26,35.870000,36.420000,35.870000,35.950000,727130,SSI iBoard
2019-11-27,36.290000,36.930000,36.200000,36.630000,484360,SSI iBoard
2019-11-28,36.500000,36.630000,36.030000,36.200000,494650,SSI iBoard
2019-11-29,36.330000,36.420000,36.080000,36.200000,318000,SSI iBoard
2019-12-02,36.200000,36.370000,35.230000,35.440000,438800,SSI iBoard
2019-12-03,35.230000,35.700000,34.800000,34.800000,635370,SSI iBoard
2019-12-04,34.760000,35.990000,34.590000,35.950000,376730,SSI iBoard
2019-12-05,36.080000,36.370000,35.910000,35.990000,378490,SSI iBoard
2019-12-06,35.990000,36.160000,35.820000,36.030000,256400,SSI iBoard
2019-12-09,36.030000,36.370000,35.820000,36.160000,400740,SSI iBoard
2019-12-10,36.200000,36.460000,36.080000,36.250000,512290,SSI iBoard
2019-12-11,36.500000,36.500000,36.160000,36.460000,415080,SSI iBoard
2019-12-12,36.540000,37.350000,36.500000,37.140000,464750,SSI iBoard
2019-12-13,37.390000,37.560000,37.140000,37.520000,746800,SSI iBoard
2019-12-16,37.520000,37.520000,36.080000,36.500000,665550,SSI iBoard
2019-12-17,36.670000,36.930000,36.200000,36.200000,266250,SSI iBoard
2019-12-18,36.250000,36.800000,36.200000,36.800000,845740,SSI iBoard
2019-12-19,36.800000,37.440000,36.500000,37.350000,1014960,SSI iBoard
2019-12-20,37.350000,37.560000,37.270000,37.480000,389360,SSI iBoard
2019-12-23,37.730000,38.620000,37.730000,38.580000,937250,SSI iBoard
2019-12-24,38.540000,38.540000,37.730000,38.200000,507600,SSI iBoard
2019-12-25,38.200000,38.580000,37.780000,38.160000,230880,SSI iBoard
2019-12-26,38.410000,38.410000,37.780000,37.940000,404110,SSI iBoard
2019-12-27,37.900000,38.410000,37.480000,38.410000,498870,SSI iBoard
2019-12-30,38.750000,39.480000,38.540000,38.970000,660140,SSI iBoard
2019-12-31,38.800000,39.010000,38.580000,38.620000,230770,SSI iBoard
2020-01-02,38.620000,39.140000,38.410000,38.880000,386290,SSI iBoard
2020-01-03,39.180000,39.310000,38.500000,38.500000,536130,SSI iBoard
2020-01-06,38.200000,38.320000,37.470000,37.470000,880110,SSI iBoard
2020-01-07,37.250000,37.640000,36.570000,37.600000,1013270,SSI iBoard
2020-01-08,37.210000,37.640000,36.910000,37.250000,722280,SSI iBoard
2020-01-09,37.550000,38.070000,37.550000,37.980000,722670,SSI iBoard
2020-01-10,37.980000,38.710000,37.640000,38.320000,1526920,SSI iBoard
2020-01-13,38.110000,38.450000,38.110000,38.280000,1044640,SSI iBoard
2020-01-14,38.320000,38.540000,38.150000,38.280000,1001130,SSI iBoard
2020-01-15,38.370000,38.370000,38.020000,38.240000,1471860,SSI iBoard
2020-01-16,38.240000,38.670000,38.070000,38.320000,1171580,SSI iBoard
2020-01-17,38.320000,40.470000,38.320000,40.470000,2219790,SSI iBoard
2020-01-20,40.470000,40.590000,40.040000,40.250000,832190,SSI iBoard
2020-01-21,40.210000,40.510000,40.080000,40.250000,749590,SSI iBoard
2020-01-22,40.250000,40.680000,39.870000,39.990000,877710,SSI iBoard
2020-01-30,39.440000,39.570000,37.250000,38.070000,3541560,SSI iBoard
2020-01-31,37.680000,38.450000,37.550000,37.980000,1270160,SSI iBoard
2020-02-03,36.010000,38.620000,35.540000,37.980000,1457070,SSI iBoard
2020-02-04,38.110000,38.450000,37.550000,38.450000,1118410,SSI iBoard
2020-02-05,38.620000,38.710000,38.020000,38.070000,731310,SSI iBoard
2020-02-06,38.110000,38.920000,38.020000,38.280000,889570,SSI iBoard
2020-02-07,38.450000,38.880000,38.110000,38.540000,1170540,SSI iBoard
2020-02-10,38.200000,38.320000,37.900000,38.070000,607060,SSI iBoard
2020-02-11,38.110000,38.320000,38.070000,38.200000,502860,SSI iBoard
2020-02-12,38.450000,38.450000,38.150000,38.280000,609750,SSI iBoard
2020-02-13,38.200000,38.320000,38.020000,38.240000,633270,SSI iBoard
2020-02-14,38.110000,38.450000,38.110000,38.240000,432800,SSI iBoard
2020-02-17,38.240000,38.500000,38.150000,38.280000,343900,SSI iBoard
2020-02-18,38.370000,38.370000,38.110000,38.280000,432880,SSI iBoard
2020-02-19,38.110000,38.320000,38.110000,38.320000,264010,SSI iBoard
2020-02-20,38.410000,38.710000,38.200000,38.320000,541120,SSI iBoard
2020-02-21,38.320000,38.320000,38.110000,38.110000,898350,SSI iBoard
2020-02-24,36.830000,37.680000,36.830000,37.340000,995910,SSI iBoard
2020-02-25,36.830000,37.250000,36.740000,36.910000,1229530,SSI iBoard
2020-02-26,36.830000,36.830000,35.970000,36.400000,1163030,SSI iBoard
2020-02-27,35.970000,36.230000,35.500000,35.970000,1227980,SSI iBoard
2020-02-28,34.300000,35.710000,34.300000,35.280000,1710080,SSI iBoard
2020-03-02,34.900000,35.200000,34.810000,35.030000,668980,SSI iBoard
2020-03-03,35.760000,35.760000,35.200000,35.200000,848270,SSI iBoard
2020-03-04,35.110000,35.110000,34.680000,34.940000,581530,SSI iBoard
2020-03-05,35.200000,35.800000,35.200000,35.580000,833710,SSI iBoard
2020-03-06,35.540000,36.700000,35.110000,36.180000,884750,SSI iBoard
2020-03-09,33.830000,34.640000,33.660000,33.660000,1209500,SSI iBoard
2020-03-10,33.400000,34.210000,32.290000,33.610000,1433230,SSI iBoard
2020-03-11,34.430000,34.430000,31.860000,32.970000,1806190,SSI iBoard
2020-03-12,30.830000,31.260000,30.700000,30.700000,1582400,SSI iBoard
2020-03-13,28.560000,31.260000,28.560000,30.400000,1859750,SSI iBoard
2020-03-16,30.400000,30.400000,28.480000,28.730000,1022550,SSI iBoard
2020-03-17,27.230000,28.900000,27.230000,28.900000,1364590,SSI iBoard
2020-03-18,29.120000,30.270000,29.120000,29.670000,1099800,SSI iBoard
2020-03-19,28.820000,29.420000,28.260000,28.260000,1191150,SSI iBoard
2020-03-20,28.260000,28.390000,26.330000,26.330000,2763360,SSI iBoard
2020-03-23,24.660000,25.050000,24.490000,24.490000,1875070,SSI iBoard
2020-03-24,24.490000,25.010000,24.240000,24.920000,1383970,SSI iBoard
2020-03-25,25.690000,26.550000,25.560000,26.550000,1835730,SSI iBoard
2020-03-26,26.550000,27.710000,26.330000,27.060000,1484590,SSI iBoard
2020-03-27,27.110000,28.220000,26.760000,27.450000,1569620,SSI iBoard
2020-03-30,25.740000,26.290000,25.610000,26.120000,1637330,SSI iBoard
2020-03-31,26.330000,27.450000,25.690000,26.550000,957500,SSI iBoard
2020-04-01,26.330000,28.220000,26.330000,27.830000,1229320,SSI iBoard
2020-04-03,27.830000,28.390000,27.410000,28.050000,1726690,SSI iBoard
2020-04-06,28.900000,29.250000,28.260000,29.120000,2111200,SSI iBoard
2020-04-07,29.120000,29.550000,28.600000,29.200000,1773570,SSI iBoard
2020-04-08,28.690000,29.200000,28.600000,28.900000,1778380,SSI iBoard
2020-04-09,29.120000,30.830000,29.120000,30.400000,1795170,SSI iBoard
2020-04-10,30.400000,30.790000,29.800000,30.230000,1599380,SSI iBoard
2020-04-13,30.230000,30.750000,29.970000,30.320000,1046830,SSI iBoard
2020-04-14,30.190000,30.320000,29.030000,29.930000,1944570,SSI iBoard
2020-04-15,29.850000,30.530000,29.850000,30.360000,1017740,SSI iBoard
2020-04-16,29.970000,30.490000,29.890000,30.490000,1057050,SSI iBoard
2020-04-17,30.620000,30.750000,30.360000,30.570000,1473140,SSI iBoard
2020-04-20,30.700000,31.000000,30.320000,30.790000,1026030,SSI iBoard
2020-04-21,30.400000,30.620000,29.030000,30.620000,2159110,SSI iBoard
2020-04-22,29.550000,30.450000,29.550000,29.670000,1612290,SSI iBoard
2020-04-23,30.400000,30.400000,29.460000,29.720000,1069690,SSI iBoard
2020-04-24,29.630000,29.800000,28.900000,29.460000,972170,SSI iBoard
2020-04-27,29.930000,29.930000,28.600000,28.600000,2407500,SSI iBoard
2020-04-28,28.600000,29.330000,27.920000,28.690000,2052860,SSI iBoard
2020-04-29,28.690000,29.160000,28.690000,29.120000,1523750,SSI iBoard
2020-05-04,29.120000,29.160000,28.600000,28.860000,852260,SSI iBoard
2020-05-05,28.820000,28.990000,28.600000,28.600000,1007640,SSI iBoard
2020-05-06,28.820000,28.990000,28.480000,28.950000,855770,SSI iBoard
2020-05-07,29.030000,29.850000,28.990000,29.850000,1936540,SSI iBoard
2020-05-08,29.970000,31.770000,29.890000,31.470000,3865590,SSI iBoard
2020-05-11,31.470000,31.900000,31.050000,31.900000,1696160,SSI iBoard
2020-05-12,31.940000,32.540000,31.860000,32.330000,2138290,SSI iBoard
2020-05-13,32.370000,32.760000,30.830000,32.370000,1851970,SSI iBoard
2020-05-14,32.120000,32.720000,32.070000,32.540000,2121750,SSI iBoard
2020-05-15,32.720000,32.760000,32.370000,32.540000,1596240,SSI iBoard
2020-05-18,32.670000,33.830000,32.460000,33.610000,1002690,SSI iBoard
2020-05-19,34.210000,34.300000,33.740000,33.830000,1129270,SSI iBoard
2020-05-20,33.570000,34.130000,33.570000,34.090000,710200,SSI iBoard
2020-05-21,34.260000,34.770000,34.090000,34.770000,1425500,SSI iBoard
2020-05-22,34.770000,34.810000,34.260000,34.680000,805710,SSI iBoard
2020-05-25,34.640000,34.810000,34.600000,34.730000,708710,SSI iBoard
2020-05-26,34.680000,35.370000,34.680000,35.330000,740930,SSI iBoard
2020-05-27,35.540000,36.140000,35.500000,35.500000,817770,SSI iBoard
2020-05-28,35.540000,36.440000,35.540000,36.180000,1849310,SSI iBoard
2020-05-29,36.400000,36.830000,36.180000,36.480000,1161180,SSI iBoard
2020-06-01,36.610000,37.130000,36.610000,37.040000,725310,SSI iBoard
2020-06-02,37.210000,37.210000,36.950000,37.080000,975820,SSI iBoard
2020-06-03,37.250000,37.640000,37.210000,37.640000,462750,SSI iBoard
2020-06-04,37.680000,38.110000,37.680000,38.110000,450240,SSI iBoard
2020-06-05,38.150000,38.240000,37.250000,38.110000,810570,SSI iBoard
2020-06-08,38.110000,38.620000,37.850000,38.280000,781110,SSI iBoard
2020-06-09,38.500000,38.540000,38.280000,38.450000,417690,SSI iBoard
2020-06-10,38.320000,38.450000,38.240000,38.370000,793590,SSI iBoard
2020-06-11,38.320000,38.370000,37.250000,37.680000,1163900,SSI iBoard
2020-06-12,35.330000,37.040000,35.330000,36.650000,1612920,SSI iBoard
2020-06-15,36.650000,36.740000,35.030000,35.110000,1218540,SSI iBoard
2020-06-16,35.970000,35.970000,35.280000,35.840000,802980,SSI iBoard
2020-06-17,36.400000,36.480000,35.880000,36.060000,737830,SSI iBoard
2020-06-18,35.970000,37.040000,35.930000,36.400000,1809780,SSI iBoard
2020-06-19,36.400000,36.830000,36.400000,36.570000,723970,SSI iBoard
2020-06-22,36.400000,36.650000,36.400000,36.610000,1308600,SSI iBoard
2020-06-23,36.610000,37.250000,36.530000,36.830000,917230,SSI iBoard
2020-06-24,36.830000,36.830000,36.010000,36.270000,710160,SSI iBoard
2020-06-25,35.410000,36.140000,35.410000,35.840000,506650,SSI iBoard
2020-06-26,36.010000,36.270000,35.540000,35.670000,355930,SSI iBoard
2020-06-29,35.670000,35.670000,34.730000,34.900000,594140,SSI iBoard
2020-06-30,35.330000,35.330000,34.260000,34.390000,709990,SSI iBoard
2020-07-01,34.390000,35.410000,34.260000,35.410000,404440,SSI iBoard
2020-07-02,35.630000,35.630000,34.680000,35.370000,469040,SSI iBoard
2020-07-03,35.330000,35.670000,35.200000,35.540000,370340,SSI iBoard
2020-07-06,35.540000,35.710000,35.280000,35.500000,1218830,SSI iBoard
2020-07-07,35.970000,36.060000,35.670000,35.710000,1336830,SSI iBoard
2020-07-08,35.630000,35.710000,35.460000,35.540000,485190,SSI iBoard
2020-07-09,35.930000,35.930000,35.670000,35.800000,962170,SSI iBoard
2020-07-10,35.710000,35.800000,35.160000,35.410000,918560,SSI iBoard
2020-07-13,35.710000,35.760000,35.280000,35.500000,371630,SSI iBoard
2020-07-14,35.500000,35.540000,35.200000,35.540000,427110,SSI iBoard
2020-07-15,35.630000,35.880000,35.630000,35.760000,1198530,SSI iBoard
2020-07-16,35.880000,35.930000,35.500000,35.760000,1091190,SSI iBoard
2020-07-17,35.800000,35.800000,35.460000,35.460000,628000,SSI iBoard
2020-07-20,35.330000,35.410000,34.980000,35.200000,696830,SSI iBoard
2020-07-21,35.330000,35.460000,34.980000,35.330000,681740,SSI iBoard
2020-07-22,35.330000,35.330000,35.200000,35.330000,625320,SSI iBoard
2020-07-23,35.330000,35.460000,35.160000,35.330000,1350870,SSI iBoard
2020-07-24,35.160000,35.240000,33.610000,34.680000,1341540,SSI iBoard
2020-07-27,32.540000,34.260000,32.540000,32.970000,1274570,SSI iBoard
2020-07-28,32.970000,33.740000,32.760000,33.610000,910690,SSI iBoard
2020-07-29,32.540000,33.400000,32.160000,33.190000,833570,SSI iBoard
2020-07-30,33.230000,33.610000,33.100000,33.140000,937680,SSI iBoard
2020-07-31,32.540000,33.140000,32.540000,32.720000,672940,SSI iBoard
2020-08-03,32.540000,33.740000,32.540000,33.740000,422820,SSI iBoard
2020-08-04,34.260000,35.070000,34.000000,35.070000,616840,SSI iBoard
2020-08-05,35.070000,35.540000,34.430000,35.410000,778840,SSI iBoard
2020-08-06,35.370000,35.580000,35.070000,35.460000,802350,SSI iBoard
2020-08-07,35.540000,35.540000,35.280000,35.500000,497870,SSI iBoard
2020-08-10,35.540000,35.630000,35.070000,35.070000,576570,SSI iBoard
2020-08-11,35.330000,35.370000,35.030000,35.160000,312920,SSI iBoard
2020-08-12,35.160000,35.240000,35.070000,35.160000,310430,SSI iBoard
2020-08-13,35.500000,35.540000,35.110000,35.540000,385320,SSI iBoard
2020-08-14,35.540000,35.580000,35.070000,35.110000,820270,SSI iBoard
2020-08-17,35.110000,35.500000,34.980000,35.240000,389480,SSI iBoard
2020-08-18,35.240000,35.370000,34.980000,35.240000,331690,SSI iBoard
2020-08-19,35.240000,35.540000,35.110000,35.540000,586790,SSI iBoard
2020-08-20,35.540000,36.180000,35.540000,35.540000,1093620,SSI iBoard
2020-08-21,35.540000,35.630000,35.370000,35.500000,1281740,SSI iBoard
2020-08-24,35.540000,36.230000,35.540000,35.930000,1530010,SSI iBoard
2020-08-25,35.930000,36.350000,35.930000,35.930000,1748400,SSI iBoard
2020-08-26,35.930000,35.930000,35.710000,35.760000,1585740,SSI iBoard
2020-08-27,35.760000,35.930000,35.630000,35.760000,956890,SSI iBoard
2020-08-28,35.800000,35.930000,35.670000,35.710000,1645430,SSI iBoard
2020-08-31,35.970000,36.180000,35.460000,35.540000,971310,SSI iBoard
2020-09-01,35.540000,35.670000,35.500000,35.540000,1625600,SSI iBoard
2020-09-03,35.840000,37.040000,35.840000,36.910000,2503810,SSI iBoard
2020-09-04,36.400000,36.870000,36.310000,36.350000,2425360,SSI iBoard
2020-09-07,36.270000,36.440000,35.800000,35.800000,1181750,SSI iBoard
2020-09-08,35.800000,35.930000,35.240000,35.330000,1985560,SSI iBoard
2020-09-09,35.110000,35.630000,34.900000,35.200000,1472680,SSI iBoard
2020-09-10,35.540000,35.670000,35.160000,35.160000,689700,SSI iBoard
2020-09-11,35.160000,35.370000,35.030000,35.240000,665690,SSI iBoard
2020-09-14,35.460000,35.580000,35.410000,35.540000,594680,SSI iBoard
2020-09-15,35.540000,35.760000,35.330000,35.330000,998970,SSI iBoard
2020-09-16,35.370000,35.580000,35.110000,35.500000,628030,SSI iBoard
2020-09-17,35.330000,35.540000,35.110000,35.330000,1043250,SSI iBoard
2020-09-18,35.280000,35.540000,35.280000,35.500000,1188400,SSI iBoard
2020-09-21,35.580000,35.800000,35.540000,35.540000,1671360,SSI iBoard
2020-09-22,35.540000,36.140000,35.460000,35.970000,1746960,SSI iBoard
2020-09-23,36.060000,36.610000,36.060000,36.570000,1395190,SSI iBoard
2020-09-24,36.010000,36.910000,36.010000,36.870000,1628730,SSI iBoard
2020-09-25,36.870000,36.910000,36.610000,36.830000,1107270,SSI iBoard
2020-09-28,36.740000,36.910000,36.570000,36.830000,1254760,SSI iBoard
2020-09-29,36.830000,36.870000,35.880000,36.230000,1609090,SSI iBoard
2020-09-30,36.400000,36.400000,35.880000,36.010000,584450,SSI iBoard
2020-10-01,36.440000,36.440000,36.060000,36.310000,367030,SSI iBoard
2020-10-02,36.310000,36.400000,34.260000,35.970000,890840,SSI iBoard
2020-10-05,36.180000,36.400000,35.710000,35.760000,811740,SSI iBoard
2020-10-06,35.880000,36.140000,35.630000,35.930000,1105060,SSI iBoard
2020-10-07,35.800000,36.480000,35.580000,36.400000,988270,SSI iBoard
2020-10-08,36.610000,36.610000,35.880000,36.310000,549140,SSI iBoard
2020-10-09,36.180000,36.400000,36.180000,36.310000,366200,SSI iBoard
2020-10-12,36.830000,37.250000,36.310000,36.780000,1574610,SSI iBoard
2020-10-13,36.830000,37.210000,36.610000,37.040000,814530,SSI iBoard
2020-10-14,37.170000,38.110000,37.130000,37.770000,1206380,SSI iBoard
2020-10-15,37.770000,37.940000,37.170000,37.940000,1424740,SSI iBoard
2020-10-16,37.900000,37.940000,37.470000,37.770000,668850,SSI iBoard
2020-10-19,37.680000,37.810000,37.470000,37.470000,1052250,SSI iBoard
2020-10-20,37.250000,37.600000,37.210000,37.550000,1075780,SSI iBoard
2020-10-21,37.600000,37.940000,36.780000,36.910000,1452050,SSI iBoard
2020-10-22,36.870000,37.080000,36.440000,37.080000,1320610,SSI iBoard
2020-10-23,37.210000,37.470000,37.130000,37.470000,657830,SSI iBoard
2020-10-26,37.470000,37.600000,36.830000,36.830000,911390,SSI iBoard
2020-10-27,36.830000,37.380000,36.610000,36.830000,1169320,SSI iBoard
2020-10-28,36.830000,37.040000,35.760000,36.060000,866330,SSI iBoard
2020-10-29,36.140000,36.310000,35.760000,35.800000,764720,SSI iBoard
2020-10-30,35.800000,36.140000,35.460000,35.540000,1090610,SSI iBoard
2020-11-02,35.540000,36.740000,35.540000,36.740000,366300,SSI iBoard
2020-11-03,36.740000,36.780000,36.270000,36.400000,308550,SSI iBoard
2020-11-04,36.400000,36.610000,36.100000,36.400000,394660,SSI iBoard
2020-11-05,36.610000,36.610000,36.310000,36.400000,504690,SSI iBoard
2020-11-06,36.440000,36.440000,35.970000,36.400000,323160,SSI iBoard
2020-11-09,36.400000,36.740000,36.310000,36.610000,1007000,SSI iBoard
2020-11-10,36.870000,37.380000,36.440000,36.440000,1511520,SSI iBoard
2020-11-11,36.610000,37.080000,36.350000,36.270000,1032520,SSI iBoard
2020-11-12,36.700000,37.040000,36.650000,37.000000,405350,SSI iBoard
2020-11-13,37.080000,37.210000,36.910000,37.210000,417840,SSI iBoard
2020-11-16,37.340000,37.600000,36.400000,36.740000,1250340,SSI iBoard
2020-11-17,36.740000,37.510000,36.610000,37.510000,548250,SSI iBoard
2020-11-18,37.510000,37.550000,37.250000,37.510000,906810,SSI iBoard
2020-11-19,37.550000,38.620000,37.430000,38.620000,2584440,SSI iBoard
2020-11-20,38.970000,39.610000,38.580000,39.610000,1231960,SSI iBoard
2020-11-23,39.440000,39.570000,38.970000,39.220000,648830,SSI iBoard
2020-11-24,39.400000,39.570000,38.880000,39.570000,996580,SSI iBoard
2020-11-25,39.610000,40.340000,39.520000,40.040000,1088020,SSI iBoard
2020-11-26,40.040000,40.250000,39.650000,40.250000,698350,SSI iBoard
2020-11-27,40.250000,40.470000,39.910000,40.470000,1210580,SSI iBoard
2020-11-30,40.120000,40.250000,39.180000,39.820000,1448340,SSI iBoard
2020-12-01,38.840000,39.910000,38.840000,39.400000,1162270,SSI iBoard
2020-12-02,39.400000,40.040000,39.180000,40.040000,746710,SSI iBoard
2020-12-03,40.040000,40.210000,39.570000,40.040000,736760,SSI iBoard
2020-12-04,39.910000,40.040000,39.010000,39.010000,860900,SSI iBoard
2020-12-07,39.140000,39.950000,39.140000,39.870000,945460,SSI iBoard
2020-12-08,39.820000,40.210000,39.180000,39.870000,702820,SSI iBoard
2020-12-09,40.080000,41.320000,39.910000,41.320000,1198160,SSI iBoard
2020-12-10,41.320000,41.840000,41.280000,41.620000,1299820,SSI iBoard
2020-12-11,41.620000,41.660000,41.070000,41.620000,776190,SSI iBoard
2020-12-14,41.620000,42.780000,41.070000,42.780000,931080,SSI iBoard
2020-12-15,42.390000,42.740000,41.320000,41.880000,1433260,SSI iBoard
2020-12-16,42.180000,42.780000,41.880000,42.780000,740700,SSI iBoard
2020-12-17,42.220000,42.220000,40.680000,41.110000,2305960,SSI iBoard
2020-12-18,41.110000,42.350000,41.110000,42.350000,1053200,SSI iBoard
2020-12-21,42.700000,42.740000,42.000000,42.700000,697030,SSI iBoard
2020-12-22,42.310000,42.350000,42.090000,42.260000,748840,SSI iBoard
2020-12-23,42.090000,42.520000,41.830000,42.090000,666390,SSI iBoard
2020-12-24,42.260000,42.260000,41.440000,42.000000,815730,SSI iBoard
2020-12-25,41.880000,42.130000,41.750000,42.130000,314960,SSI iBoard
2020-12-28,42.310000,42.390000,42.000000,42.310000,836090,SSI iBoard
2020-12-29,42.310000,43.080000,42.220000,42.830000,696510,SSI iBoard
2020-12-30,42.830000,43.000000,42.090000,42.260000,509510,SSI iBoard
2020-12-31,42.260000,42.740000,41.880000,42.260000,367140,SSI iBoard
2021-01-04,42.310000,43.080000,42.000000,42.740000,855900,SSI iBoard
2021-01-05,42.740000,43.430000,42.740000,42.870000,739200,SSI iBoard
2021-01-06,42.950000,45.850000,42.870000,45.330000,2080400,SSI iBoard
2021-01-07,44.900000,46.840000,44.900000,46.190000,889000,SSI iBoard
2021-01-08,46.620000,46.620000,45.110000,45.240000,963900,SSI iBoard
2021-01-11,45.160000,45.630000,44.940000,45.110000,847400,SSI iBoard
2021-01-12,45.590000,45.590000,44.980000,45.590000,634900,SSI iBoard
2021-01-13,45.590000,45.800000,44.900000,45.240000,1064200,SSI iBoard
2021-01-14,45.330000,45.420000,44.600000,44.850000,832200,SSI iBoard
2021-01-15,45.240000,45.290000,44.250000,44.550000,1099800,SSI iBoard
2021-01-18,44.680000,45.330000,44.470000,44.600000,1060400,SSI iBoard
2021-01-19,44.510000,44.600000,41.490000,42.740000,1130300,SSI iBoard
2021-01-20,42.740000,45.720000,42.310000,42.780000,2093000,SSI iBoard
2021-01-21,42.780000,44.470000,42.310000,44.470000,1283700,SSI iBoard
2021-01-22,44.470000,44.900000,44.030000,44.470000,1268500,SSI iBoard
2021-01-25,43.650000,44.470000,43.650000,44.250000,725900,SSI iBoard
2021-01-26,44.250000,44.250000,42.740000,43.560000,970500,SSI iBoard
2021-01-27,42.780000,43.170000,40.540000,42.050000,1566800,SSI iBoard
2021-01-28,39.720000,40.280000,39.110000,39.110000,1205500,SSI iBoard
2021-01-29,36.910000,41.830000,36.910000,40.150000,1359000,SSI iBoard
2021-02-01,41.440000,41.440000,39.290000,39.330000,1309600,SSI iBoard
2021-02-02,39.720000,41.750000,39.720000,41.660000,1064500,SSI iBoard
2021-02-03,42.260000,42.740000,41.700000,42.700000,1454600,SSI iBoard
2021-02-04,42.700000,42.740000,40.540000,42.700000,967300,SSI iBoard
2021-02-05,42.700000,43.170000,42.260000,43.170000,897400,SSI iBoard
2021-02-08,42.740000,43.080000,40.190000,40.620000,2902200,SSI iBoard
2021-02-09,41.880000,42.050000,40.190000,41.960000,2978900,SSI iBoard
2021-02-17,42.090000,43.170000,42.090000,43.170000,1054100,SSI iBoard
2021-02-18,42.740000,44.030000,42.310000,44.030000,1688900,SSI iBoard
2021-02-19,42.830000,43.900000,42.780000,43.730000,1851200,SSI iBoard
2021-02-22,43.390000,44.030000,43.300000,43.430000,1388700,SSI iBoard
2021-02-23,43.170000,43.600000,42.830000,43.170000,1441400,SSI iBoard
2021-02-24,43.390000,43.600000,41.660000,42.350000,1265300,SSI iBoard
2021-02-25,42.740000,42.950000,42.130000,42.390000,896100,SSI iBoard
2021-02-26,42.000000,42.740000,41.880000,42.390000,1070700,SSI iBoard
2021-03-01,42.390000,42.870000,42.390000,42.830000,911200,SSI iBoard
2021-03-02,43.170000,43.950000,42.310000,42.870000,1189600,SSI iBoard
2021-03-03,42.440000,42.910000,42.390000,42.480000,915600,SSI iBoard
2021-03-04,42.570000,42.950000,40.190000,42.000000,1118100,SSI iBoard
2021-03-05,41.920000,41.960000,41.010000,41.620000,1661600,SSI iBoard
2021-03-08,41.880000,41.880000,41.010000,41.100000,1501800,SSI iBoard
2021-03-09,41.010000,41.010000,40.190000,41.010000,1344300,SSI iBoard
2021-03-10,41.010000,41.360000,40.580000,41.230000,1063900,SSI iBoard
2021-03-11,41.360000,41.790000,41.360000,41.570000,1009800,SSI iBoard
2021-03-12,41.570000,41.660000,40.800000,41.360000,1259800,SSI iBoard
2021-03-15,41.440000,41.880000,41.230000,41.570000,1438400,SSI iBoard
2021-03-16,41.440000,41.440000,41.060000,41.310000,655800,SSI iBoard
2021-03-17,41.230000,41.360000,41.010000,41.270000,1239400,SSI iBoard
2021-03-18,41.530000,42.090000,41.230000,42.090000,1609100,SSI iBoard
2021-03-19,41.920000,41.920000,40.670000,40.670000,1595700,SSI iBoard
2021-03-22,41.440000,42.090000,41.180000,41.880000,1902000,SSI iBoard
2021-03-23,41.830000,41.830000,41.180000,41.360000,940800,SSI iBoard
2021-03-24,41.010000,41.400000,40.620000,40.880000,1422500,SSI iBoard
2021-03-25,40.880000,41.440000,40.800000,41.060000,1160300,SSI iBoard
2021-03-26,41.010000,41.230000,40.450000,40.970000,1196800,SSI iBoard
2021-03-29,41.100000,41.360000,40.360000,41.140000,1195800,SSI iBoard
2021-03-30,41.140000,41.140000,40.620000,40.930000,1748700,SSI iBoard
2021-03-31,40.800000,41.060000,40.620000,40.930000,944600,SSI iBoard
2021-04-01,41.100000,42.180000,41.100000,41.830000,2697600,SSI iBoard
2021-04-02,42.090000,42.520000,41.830000,42.220000,2277500,SSI iBoard
2021-04-05,43.170000,44.380000,42.570000,44.030000,3592400,SSI iBoard
2021-04-06,44.030000,44.250000,43.390000,43.990000,2243200,SSI iBoard
2021-04-07,43.600000,44.030000,43.340000,43.990000,1182700,SSI iBoard
2021-04-08,43.990000,43.990000,42.950000,43.170000,1575400,SSI iBoard
2021-04-09,42.950000,42.950000,42.090000,42.090000,2101700,SSI iBoard
2021-04-12,42.520000,42.830000,42.050000,42.700000,2670100,SSI iBoard
2021-04-13,43.170000,43.170000,42.090000,42.090000,1670900,SSI iBoard
2021-04-14,42.000000,42.610000,41.830000,42.610000,1336800,SSI iBoard
2021-04-15,43.080000,43.080000,41.790000,42.090000,2152800,SSI iBoard
2021-04-16,43.080000,42.520000,41.440000,41.570000,1515900,SSI iBoard
2021-04-19,41.880000,42.520000,41.360000,42.520000,1387500,SSI iBoard
2021-04-20,42.780000,45.330000,42.520000,44.470000,6274200,SSI iBoard
2021-04-22,44.470000,45.590000,44.120000,44.470000,2981300,SSI iBoard
2021-04-23,44.470000,44.900000,43.390000,44.900000,2285300,SSI iBoard
2021-04-26,44.900000,44.900000,42.260000,42.570000,3595400,SSI iBoard
2021-04-27,42.570000,43.000000,42.180000,42.740000,1191800,SSI iBoard
2021-04-28,42.740000,42.870000,42.180000,42.740000,1426900,SSI iBoard
2021-04-29,42.740000,43.170000,42.310000,43.170000,1615700,SSI iBoard
2021-05-04,42.740000,43.000000,42.310000,42.780000,1496300,SSI iBoard
2021-05-05,42.780000,44.030000,42.780000,43.690000,1826700,SSI iBoard
2021-05-06,43.690000,43.900000,42.740000,42.870000,1161200,SSI iBoard
2021-05-07,42.700000,42.740000,41.750000,41.880000,2284800,SSI iBoard
2021-05-10,42.700000,42.390000,41.400000,42.350000,1674000,SSI iBoard
2021-05-11,42.390000,42.870000,42.090000,42.260000,1171500,SSI iBoard
2021-05-12,42.260000,42.260000,41.880000,42.000000,1218300,SSI iBoard
2021-05-13,41.960000,42.220000,41.790000,41.790000,1698000,SSI iBoard
2021-05-14,42.050000,42.440000,41.700000,41.830000,1403600,SSI iBoard
2021-05-17,41.920000,42.000000,41.360000,41.440000,1715100,SSI iBoard
2021-05-18,41.140000,41.440000,40.800000,40.840000,2103400,SSI iBoard
2021-05-19,40.840000,40.840000,40.490000,40.620000,1678100,SSI iBoard
2021-05-20,40.620000,42.740000,40.620000,42.740000,1904100,SSI iBoard
2021-05-21,41.570000,42.310000,41.440000,41.790000,1459200,SSI iBoard
2021-05-24,42.090000,42.520000,41.660000,42.050000,1814700,SSI iBoard
2021-05-25,42.050000,43.170000,42.050000,43.080000,3816000,SSI iBoard
2021-05-26,43.130000,43.950000,43.040000,43.340000,2356000,SSI iBoard
2021-05-27,43.340000,43.340000,42.310000,42.610000,1455000,SSI iBoard
2021-05-28,42.740000,43.650000,42.130000,43.000000,2196000,SSI iBoard
2021-05-31,43.600000,43.600000,42.440000,42.570000,2621000,SSI iBoard
2021-06-01,42.910000,44.980000,42.610000,44.770000,4533500,SSI iBoard
2021-06-02,44.900000,46.410000,44.770000,45.760000,4274100,SSI iBoard
2021-06-03,45.800000,46.620000,45.760000,46.060000,2802000,SSI iBoard
2021-06-04,45.980000,45.980000,44.940000,45.290000,2405800,SSI iBoard
2021-06-07,45.030000,45.290000,43.690000,44.470000,2969900,SSI iBoard
2021-06-08,44.470000,44.900000,43.170000,43.170000,2351600,SSI iBoard
2021-06-09,43.170000,44.030000,42.830000,44.030000,2393900,SSI iBoard
2021-06-10,44.030000,44.420000,43.170000,43.950000,2262500,SSI iBoard
2021-06-11,43.650000,44.680000,43.390000,44.380000,2048000,SSI iBoard
2021-06-14,44.080000,44.640000,43.730000,44.030000,1459700,SSI iBoard
2021-06-15,44.080000,44.470000,43.600000,44.380000,1420700,SSI iBoard
2021-06-16,44.250000,45.760000,44.250000,44.900000,2898400,SSI iBoard
2021-06-17,44.900000,45.330000,44.030000,44.980000,1557000,SSI iBoard
2021-06-18,45.110000,47.060000,45.030000,46.840000,3234900,SSI iBoard
2021-06-21,46.620000,46.710000,45.760000,46.020000,2107900,SSI iBoard
2021-06-22,46.240000,46.840000,45.980000,46.450000,1481900,SSI iBoard
2021-06-23,46.620000,47.920000,46.190000,47.360000,2248600,SSI iBoard
2021-06-24,47.490000,47.830000,46.540000,47.790000,1143400,SSI iBoard
2021-06-25,47.790000,48.700000,47.010000,48.610000,1688800,SSI iBoard
2021-06-28,48.610000,48.780000,47.960000,48.610000,1524500,SSI iBoard
2021-06-29,48.350000,49.210000,48.130000,49.210000,1853100,SSI iBoard
2021-06-30,49.210000,50.600000,49.210000,50.250000,2768000,SSI iBoard
2021-07-01,50.380000,50.420000,49.650000,50.250000,1836400,SSI iBoard
2021-07-02,50.250000,50.340000,49.210000,49.600000,1727200,SSI iBoard
2021-07-05,49.170000,49.170000,47.880000,49.040000,2049100,SSI iBoard
2021-07-06,48.570000,49.650000,48.350000,48.350000,1669600,SSI iBoard
2021-07-07,48.350000,48.960000,45.760000,48.960000,2679800,SSI iBoard
2021-07-08,48.010000,48.780000,47.060000,47.920000,1384100,SSI iBoard
2021-07-09,47.490000,47.960000,46.110000,47.400000,2936900,SSI iBoard
2021-07-12,47.270000,47.270000,44.510000,46.240000,2480600,SSI iBoard
2021-07-13,46.150000,46.150000,44.080000,44.640000,1865300,SSI iBoard
2021-07-14,44.640000,44.680000,43.170000,43.950000,2251700,SSI iBoard
2021-07-15,43.260000,45.110000,43.260000,44.250000,2319400,SSI iBoard
2021-07-16,44.250000,44.640000,43.600000,44.250000,1467300,SSI iBoard
2021-07-19,43.170000,43.260000,41.400000,41.880000,2542200,SSI iBoard
2021-07-20,42.220000,43.600000,40.360000,43.260000,2386000,SSI iBoard
2021-07-21,42.950000,43.390000,42.440000,42.740000,1463700,SSI iBoard
2021-07-22,42.700000,43.470000,42.310000,43.300000,1455800,SSI iBoard
2021-07-23,42.870000,43.080000,41.880000,41.880000,1700300,SSI iBoard
2021-07-26,41.660000,42.090000,41.310000,41.440000,1264200,SSI iBoard
2021-07-27,42.090000,42.130000,41.010000,41.010000,2654200,SSI iBoard
2021-07-28,41.060000,41.880000,41.060000,41.880000,1490800,SSI iBoard
2021-07-29,42.050000,42.260000,41.880000,42.260000,1191800,SSI iBoard
2021-07-30,42.000000,42.650000,41.960000,42.310000,1354600,SSI iBoard
2021-08-02,41.880000,42.610000,41.620000,41.880000,1285000,SSI iBoard
2021-08-03,41.920000,42.650000,41.880000,42.650000,1265700,SSI iBoard
2021-08-04,42.830000,42.870000,42.350000,42.520000,1160300,SSI iBoard
2021-08-05,42.310000,42.950000,42.260000,42.910000,1127700,SSI iBoard
2021-08-06,43.080000,43.080000,42.350000,42.350000,1114400,SSI iBoard
2021-08-09,42.350000,42.700000,42.180000,42.440000,1228900,SSI iBoard
2021-08-10,42.740000,42.830000,42.520000,42.740000,1556400,SSI iBoard
2021-08-11,42.870000,43.900000,42.780000,43.390000,1711800,SSI iBoard
2021-08-12,43.390000,43.520000,42.950000,43.130000,986600,SSI iBoard
2021-08-13,43.130000,43.130000,42.440000,43.000000,1328900,SSI iBoard
2021-08-16,43.000000,43.430000,42.740000,43.430000,1992400,SSI iBoard
2021-08-17,44.250000,44.470000,43.600000,43.600000,1688700,SSI iBoard
2021-08-18,43.600000,44.250000,43.040000,43.600000,1848000,SSI iBoard
2021-08-19,43.470000,44.470000,43.080000,44.380000,2576600,SSI iBoard
2021-08-20,43.690000,43.990000,42.910000,43.210000,1798500,SSI iBoard
2021-08-23,42.740000,43.170000,41.700000,42.000000,2136200,SSI iBoard
2021-08-24,42.830000,42.830000,41.660000,41.880000,1069100,SSI iBoard
2021-08-25,41.880000,42.740000,41.790000,42.090000,1069200,SSI iBoard
2021-08-26,42.220000,42.740000,41.790000,41.790000,1076900,SSI iBoard
2021-08-27,41.440000,42.520000,41.440000,42.220000,1106600,SSI iBoard
2021-08-30,42.480000,42.910000,42.220000,42.870000,1221700,SSI iBoard
2021-08-31,42.950000,43.130000,42.440000,42.910000,747500,SSI iBoard
2021-09-01,42.910000,43.130000,41.440000,42.910000,907500,SSI iBoard
2021-09-06,42.910000,43.210000,42.910000,43.170000,905000,SSI iBoard
2021-09-07,43.130000,43.520000,43.080000,43.170000,1041800,SSI iBoard
2021-09-08,43.170000,43.210000,41.790000,43.040000,863000,SSI iBoard
2021-09-09,43.040000,43.210000,42.570000,42.870000,817200,SSI iBoard
2021-09-10,43.080000,43.080000,42.570000,42.830000,857800,SSI iBoard
2021-09-13,42.650000,42.740000,42.350000,42.350000,1043100,SSI iBoard
2021-09-14,42.350000,42.520000,41.880000,42.440000,1230500,SSI iBoard
2021-09-15,42.440000,42.440000,41.920000,41.920000,798500,SSI iBoard
2021-09-16,42.700000,42.700000,42.090000,42.350000,570400,SSI iBoard
2021-09-17,42.090000,42.480000,41.960000,41.960000,1002200,SSI iBoard
2021-09-20,42.000000,43.600000,42.000000,43.000000,1277900,SSI iBoard
2021-09-21,42.950000,43.080000,42.310000,42.310000,862000,SSI iBoard
2021-09-22,42.480000,42.950000,42.310000,42.950000,362800,SSI iBoard
2021-09-23,43.000000,43.340000,42.520000,42.950000,676000,SSI iBoard
2021-09-24,42.950000,43.080000,42.870000,42.950000,454700,SSI iBoard
2021-09-27,42.950000,43.040000,42.310000,42.310000,465500,SSI iBoard
2021-09-28,42.220000,42.870000,42.090000,42.830000,484500,SSI iBoard
2021-09-29,42.950000,42.950000,42.090000,42.520000,565000,SSI iBoard
2021-09-30,42.520000,42.570000,41.920000,41.960000,1199900,SSI iBoard
2021-10-01,42.000000,42.390000,41.360000,41.400000,1611900,SSI iBoard
2021-10-04,41.440000,41.660000,40.750000,40.840000,913400,SSI iBoard
2021-10-05,41.060000,41.490000,41.060000,41.270000,973700,SSI iBoard
2021-10-06,41.270000,41.270000,40.930000,41.270000,691200,SSI iBoard
2021-10-07,41.270000,41.790000,41.010000,41.790000,797200,SSI iBoard
2021-10-08,41.700000,41.880000,41.270000,41.880000,697000,SSI iBoard
2021-10-11,41.880000,42.480000,41.790000,42.090000,1096000,SSI iBoard
2021-10-12,42.440000,42.440000,41.880000,41.880000,761100,SSI iBoard
2021-10-13,42.260000,42.310000,41.880000,41.880000,1426300,SSI iBoard
2021-10-14,41.880000,41.960000,41.400000,41.750000,1784700,SSI iBoard
2021-10-15,41.790000,42.000000,41.660000,41.660000,731500,SSI iBoard
2021-10-18,41.570000,41.880000,41.010000,41.440000,1247900,SSI iBoard
2021-10-19,41.490000,41.660000,41.100000,41.620000,836300,SSI iBoard
2021-10-20,41.620000,41.750000,40.580000,41.010000,1561000,SSI iBoard
2021-10-21,41.180000,41.440000,40.580000,40.580000,1226100,SSI iBoard
2021-10-22,41.010000,41.010000,40.580000,40.710000,240000,SSI iBoard
2021-10-25,41.400000,41.400000,40.620000,40.620000,800600,SSI iBoard
2021-10-26,40.620000,40.840000,40.410000,40.580000,632000,SSI iBoard
2021-10-27,40.840000,41.660000,40.710000,41.490000,1428600,SSI iBoard
2021-10-28,41.700000,42.260000,41.490000,42.260000,1772600,SSI iBoard
2021-10-29,42.000000,42.480000,41.830000,42.310000,1263800,SSI iBoard
2021-11-01,42.350000,42.390000,41.880000,41.880000,1057500,SSI iBoard
2021-11-02,42.050000,42.310000,42.000000,42.260000,808300,SSI iBoard
2021-11-03,42.180000,42.650000,42.000000,42.610000,1830000,SSI iBoard
2021-11-04,42.610000,42.650000,41.960000,42.480000,989400,SSI iBoard
2021-11-05,42.090000,42.740000,41.880000,42.090000,1126300,SSI iBoard
2021-11-08,42.350000,42.480000,42.090000,42.390000,1184200,SSI iBoard
2021-11-09,42.310000,42.570000,41.880000,41.920000,1377600,SSI iBoard
2021-11-10,41.920000,42.390000,41.790000,42.130000,857100,SSI iBoard
2021-11-11,42.220000,42.870000,41.880000,42.440000,1115600,SSI iBoard
2021-11-12,42.440000,42.440000,42.090000,42.390000,614800,SSI iBoard
2021-11-15,42.440000,42.740000,41.960000,42.180000,766700,SSI iBoard
2021-11-16,42.180000,42.520000,41.880000,41.960000,706300,SSI iBoard
2021-11-17,41.960000,42.350000,41.960000,42.310000,788300,SSI iBoard
2021-11-18,42.440000,42.440000,41.880000,41.880000,709700,SSI iBoard
2021-11-19,41.960000,42.260000,41.920000,41.920000,413000,SSI iBoard
2021-11-22,42.000000,42.700000,41.920000,42.650000,1017300,SSI iBoard
2021-11-23,42.740000,42.780000,42.390000,42.780000,549200,SSI iBoard
2021-11-24,42.830000,45.590000,42.830000,45.240000,1883300,SSI iBoard
2021-11-25,45.330000,46.620000,45.160000,46.240000,1473200,SSI iBoard
2021-11-26,46.060000,46.710000,44.900000,45.330000,879600,SSI iBoard
2021-11-29,44.600000,45.290000,43.600000,43.650000,851000,SSI iBoard
2021-11-30,44.900000,44.900000,42.700000,42.700000,1336500,SSI iBoard
2021-12-01,42.910000,43.820000,42.440000,42.740000,551500,SSI iBoard
2021-12-02,43.300000,43.520000,42.650000,42.780000,787700,SSI iBoard
2021-12-03,42.830000,43.520000,42.090000,42.310000,795900,SSI iBoard
2021-12-06,42.310000,43.170000,41.180000,41.180000,1008600,SSI iBoard
2021-12-07,41.490000,42.910000,41.490000,42.390000,820000,SSI iBoard
2021-12-08,42.310000,42.910000,42.310000,42.610000,507500,SSI iBoard
2021-12-09,42.050000,42.910000,42.000000,42.830000,805400,SSI iBoard
2021-12-10,43.600000,44.380000,43.130000,43.170000,1881200,SSI iBoard
2021-12-13,44.030000,44.030000,42.830000,43.000000,1038000,SSI iBoard
2021-12-14,43.000000,43.390000,42.780000,42.870000,862300,SSI iBoard
2021-12-15,42.950000,43.470000,42.740000,43.130000,732300,SSI iBoard
2021-12-16,43.520000,43.520000,42.350000,42.780000,1047100,SSI iBoard
2021-12-17,43.170000,43.170000,41.660000,41.660000,3475700,SSI iBoard
2021-12-20,42.520000,42.950000,42.350000,42.950000,736900,SSI iBoard
2021-12-21,42.740000,43.080000,42.520000,42.700000,774100,SSI iBoard
2021-12-22,42.940000,43.380000,42.710000,42.880000,1915300,SSI iBoard
2021-12-23,43.220000,44.000000,42.660000,42.660000,1489000,SSI iBoard
2021-12-24,42.820000,43.770000,42.820000,43.770000,849400,SSI iBoard
2021-12-27,44.000000,44.780000,43.440000,44.500000,934100,SSI iBoard
2021-12-28,44.610000,45.170000,43.490000,44.610000,1168800,SSI iBoard
2021-12-29,44.330000,44.500000,44.110000,44.330000,440000,SSI iBoard
2021-12-30,44.500000,44.550000,43.330000,43.720000,920300,SSI iBoard
2021-12-31,44.050000,44.160000,43.720000,43.940000,422000,SSI iBoard
2022-01-04,44.050000,44.270000,43.490000,44.050000,1133800,SSI iBoard
2022-01-05,44.050000,44.830000,43.490000,43.490000,1603100,SSI iBoard
2022-01-06,43.830000,44.550000,43.440000,44.110000,1215600,SSI iBoard
2022-01-07,44.390000,44.550000,43.610000,44.500000,966200,SSI iBoard
2022-01-10,44.440000,44.550000,43.770000,44.330000,1097000,SSI iBoard
2022-01-11,44.610000,44.610000,43.770000,44.270000,952700,SSI iBoard
2022-01-12,44.270000,44.610000,43.490000,44.610000,1801500,SSI iBoard
2022-01-13,44.890000,47.060000,44.720000,45.670000,2532800,SSI iBoard
2022-01-14,45.670000,46.500000,45.170000,46.500000,1522100,SSI iBoard
2022-01-17,46.280000,49.070000,45.890000,48.070000,2628500,SSI iBoard
2022-01-18,47.680000,48.850000,46.840000,48.850000,1696600,SSI iBoard
2022-01-19,48.790000,48.790000,47.400000,48.400000,914800,SSI iBoard
2022-01-20,47.510000,48.790000,46.340000,48.570000,2794300,SSI iBoard
2022-01-21,48.460000,50.190000,48.010000,49.740000,2502300,SSI iBoard
2022-01-24,49.850000,52.140000,49.180000,51.860000,2728300,SSI iBoard
2022-01-25,51.580000,53.530000,49.630000,53.420000,2396600,SSI iBoard
2022-01-26,53.420000,53.420000,51.630000,52.690000,2523500,SSI iBoard
2022-01-27,51.860000,52.690000,50.410000,50.740000,1732900,SSI iBoard
2022-01-28,50.740000,51.300000,49.630000,49.630000,2055700,SSI iBoard
2022-02-07,50.520000,51.800000,49.910000,51.520000,1620800,SSI iBoard
2022-02-08,51.520000,51.520000,50.240000,51.300000,1146400,SSI iBoard
2022-02-09,50.850000,51.240000,50.350000,50.630000,1582900,SSI iBoard
2022-02-10,50.800000,52.080000,50.740000,50.910000,1827200,SSI iBoard
2022-02-11,50.910000,51.080000,50.190000,50.190000,1158400,SSI iBoard
2022-02-14,49.130000,49.520000,47.950000,47.950000,3629100,SSI iBoard
2022-02-15,47.950000,49.240000,46.730000,48.510000,2453500,SSI iBoard
2022-02-16,48.790000,49.010000,48.180000,48.510000,1286000,SSI iBoard
2022-02-17,48.510000,48.900000,48.400000,48.790000,1431200,SSI iBoard
2022-02-18,48.180000,48.790000,48.180000,48.620000,1066200,SSI iBoard
2022-02-21,48.290000,48.850000,48.290000,48.740000,1017900,SSI iBoard
2022-02-22,48.510000,48.510000,47.400000,48.400000,1540200,SSI iBoard
2022-02-23,48.510000,48.510000,47.840000,48.460000,986300,SSI iBoard
2022-02-24,48.350000,48.400000,47.400000,47.560000,2078700,SSI iBoard
2022-02-25,47.560000,47.900000,47.400000,47.450000,1616500,SSI iBoard
2022-02-28,47.450000,47.450000,47.060000,47.120000,1322100,SSI iBoard
2022-03-01,47.120000,47.620000,46.900000,47.400000,1295400,SSI iBoard
2022-03-02,47.730000,47.730000,46.950000,47.400000,1655600,SSI iBoard
2022-03-03,47.400000,47.680000,47.230000,47.680000,1052200,SSI iBoard
2022-03-04,47.510000,47.680000,47.290000,47.340000,1058100,SSI iBoard
2022-03-07,47.010000,47.340000,46.780000,47.340000,1002800,SSI iBoard
2022-03-08,46.730000,47.120000,45.450000,45.450000,2936300,SSI iBoard
2022-03-09,45.610000,46.340000,45.560000,46.280000,1325300,SSI iBoard
2022-03-10,46.280000,46.670000,46.230000,46.560000,1154100,SSI iBoard
2022-03-11,46.670000,46.780000,46.280000,46.730000,876100,SSI iBoard
2022-03-14,46.450000,46.950000,46.390000,46.950000,1438200,SSI iBoard
2022-03-15,46.840000,46.900000,45.170000,45.220000,2385900,SSI iBoard
2022-03-16,45.330000,46.390000,45.330000,46.000000,1000600,SSI iBoard
2022-03-17,46.280000,46.560000,46.110000,46.280000,1222400,SSI iBoard
2022-03-18,46.340000,47.510000,46.230000,46.950000,1406600,SSI iBoard
2022-03-21,46.950000,47.680000,46.840000,47.340000,933900,SSI iBoard
2022-03-22,47.340000,47.680000,47.340000,47.340000,775100,SSI iBoard
2022-03-23,47.340000,47.730000,47.340000,47.340000,966600,SSI iBoard
2022-03-24,47.340000,47.340000,46.560000,46.560000,570200,SSI iBoard
2022-03-25,46.840000,46.840000,45.720000,46.000000,1137800,SSI iBoard
2022-03-28,46.280000,46.280000,45.720000,45.950000,725400,SSI iBoard
2022-03-29,45.950000,46.280000,45.500000,45.670000,1018600,SSI iBoard
2022-03-30,45.610000,46.560000,45.450000,45.720000,913900,SSI iBoard
2022-03-31,45.720000,46.060000,45.720000,45.780000,492400,SSI iBoard
2022-04-01,45.780000,46.620000,45.220000,46.170000,900300,SSI iBoard
2022-04-04,46.390000,46.900000,46.060000,46.060000,712000,SSI iBoard
2022-04-05,46.170000,46.390000,46.060000,46.280000,526100,SSI iBoard
2022-04-06,46.230000,47.400000,45.560000,47.170000,2009600,SSI iBoard
2022-04-07,47.340000,47.510000,46.280000,46.280000,928000,SSI iBoard
2022-04-08,46.780000,46.780000,46.230000,46.280000,788200,SSI iBoard
2022-04-12,46.280000,46.390000,45.500000,45.950000,841300,SSI iBoard
2022-04-13,46.280000,46.340000,45.720000,45.950000,850700,SSI iBoard
2022-04-14,45.950000,46.230000,45.170000,45.170000,1151400,SSI iBoard
2022-04-15,45.280000,45.450000,44.720000,44.720000,894800,SSI iBoard
2022-04-18,44.610000,44.720000,43.270000,43.330000,1237300,SSI iBoard
2022-04-19,43.380000,43.770000,43.270000,43.330000,1003400,SSI iBoard
2022-04-20,43.490000,44.000000,43.330000,43.720000,904600,SSI iBoard
2022-04-21,43.720000,44.160000,43.610000,43.720000,2178200,SSI iBoard
2022-04-22,44.110000,46.060000,44.110000,45.840000,2776600,SSI iBoard
2022-04-25,45.840000,46.280000,42.940000,45.610000,2479400,SSI iBoard
2022-04-26,44.050000,44.890000,44.050000,44.890000,1912000,SSI iBoard
2022-04-27,44.550000,45.720000,43.610000,45.450000,1429800,SSI iBoard
2022-04-28,45.450000,45.500000,44.330000,45.450000,564100,SSI iBoard
2022-04-29,45.390000,45.890000,44.610000,45.110000,1259200,SSI iBoard
2022-05-04,45.110000,45.170000,44.050000,44.550000,892600,SSI iBoard
2022-05-05,44.890000,45.450000,44.390000,45.170000,1019300,SSI iBoard
2022-05-06,44.440000,45.280000,44.270000,44.270000,775900,SSI iBoard
2022-05-09,43.940000,44.830000,43.380000,43.440000,1674200,SSI iBoard
2022-05-10,42.990000,44.610000,42.990000,44.610000,926000,SSI iBoard
2022-05-11,44.610000,44.780000,44.050000,44.610000,931300,SSI iBoard
2022-05-12,44.050000,44.550000,42.940000,42.940000,972300,SSI iBoard
2022-05-13,42.940000,43.490000,40.710000,40.710000,1963600,SSI iBoard
2022-05-16,42.100000,42.600000,41.260000,41.370000,1558800,SSI iBoard
2022-05-17,41.370000,42.940000,40.760000,42.380000,2262300,SSI iBoard
2022-05-18,42.940000,42.940000,41.820000,42.040000,881000,SSI iBoard
2022-05-19,41.820000,42.770000,41.710000,42.380000,575800,SSI iBoard
2022-05-20,41.880000,42.660000,41.820000,41.990000,661800,SSI iBoard
2022-05-23,42.160000,42.160000,41.040000,41.490000,631600,SSI iBoard
2022-05-24,41.770000,42.210000,41.430000,42.160000,898700,SSI iBoard
2022-05-25,42.380000,42.940000,41.710000,42.940000,817000,SSI iBoard
2022-05-26,42.940000,42.990000,42.380000,42.770000,978900,SSI iBoard
2022-05-27,42.770000,43.160000,42.550000,43.160000,892000,SSI iBoard
2022-05-30,43.160000,45.170000,42.600000,43.490000,1327400,SSI iBoard
2022-05-31,44.000000,44.000000,43.490000,44.000000,483700,SSI iBoard
2022-06-01,44.050000,44.890000,44.050000,44.890000,798800,SSI iBoard
2022-06-02,45.060000,45.060000,44.050000,44.050000,641400,SSI iBoard
2022-06-03,43.720000,44.330000,42.600000,43.220000,527800,SSI iBoard
2022-06-06,43.220000,44.610000,41.880000,44.440000,880500,SSI iBoard
2022-06-07,44.050000,45.720000,43.550000,45.170000,933000,SSI iBoard
2022-06-08,45.170000,45.170000,43.940000,44.160000,1164700,SSI iBoard
2022-06-09,44.050000,44.550000,43.330000,43.380000,1067500,SSI iBoard
2022-06-10,43.380000,44.050000,43.160000,43.330000,390900,SSI iBoard
2022-06-13,42.940000,42.940000,41.320000,42.600000,1105800,SSI iBoard
2022-06-14,42.100000,43.550000,41.260000,42.940000,1066200,SSI iBoard
2022-06-15,43.160000,43.660000,41.990000,42.660000,1243600,SSI iBoard
2022-06-16,42.770000,44.610000,42.660000,44.110000,1209600,SSI iBoard
2022-06-17,42.940000,43.660000,42.430000,42.430000,1050600,SSI iBoard
2022-06-20,44.330000,44.330000,41.990000,42.380000,1089700,SSI iBoard
2022-06-21,42.380000,43.330000,41.930000,43.330000,937100,SSI iBoard
2022-06-22,43.440000,43.490000,41.820000,42.380000,1069200,SSI iBoard
2022-06-23,41.880000,42.770000,41.770000,42.320000,590200,SSI iBoard
2022-06-24,42.490000,42.550000,41.600000,41.820000,648600,SSI iBoard
2022-06-27,42.100000,42.380000,41.710000,41.770000,862500,SSI iBoard
2022-06-28,41.820000,42.940000,41.710000,42.550000,1095800,SSI iBoard
2022-06-29,42.270000,42.320000,41.990000,42.100000,847500,SSI iBoard
2022-06-30,42.100000,42.380000,41.710000,41.710000,678400,SSI iBoard
2022-07-01,41.540000,41.820000,40.650000,41.260000,1383000,SSI iBoard
2022-07-04,41.770000,41.930000,41.210000,41.320000,746200,SSI iBoard
2022-07-05,41.770000,41.770000,41.040000,41.260000,1064500,SSI iBoard
2022-07-06,41.100000,41.210000,38.420000,40.590000,1548200,SSI iBoard
2022-07-07,40.540000,42.100000,39.980000,42.100000,1258400,SSI iBoard
2022-07-08,41.770000,41.820000,41.210000,41.260000,761000,SSI iBoard
2022-07-11,40.870000,40.980000,40.150000,40.150000,660800,SSI iBoard
2022-07-12,40.200000,40.480000,39.980000,40.090000,811500,SSI iBoard
2022-07-13,40.040000,40.930000,39.810000,40.040000,1379900,SSI iBoard
2022-07-14,40.040000,40.590000,39.930000,40.370000,329400,SSI iBoard
2022-07-15,40.200000,40.980000,40.200000,40.320000,597500,SSI iBoard
2022-07-18,40.430000,40.650000,40.150000,40.150000,391400,SSI iBoard
2022-07-19,40.150000,40.200000,39.650000,39.760000,812100,SSI iBoard
2022-07-20,39.930000,40.430000,39.930000,40.430000,544900,SSI iBoard
2022-07-21,40.430000,40.650000,40.200000,40.430000,1164600,SSI iBoard
2022-07-22,40.200000,40.540000,40.150000,40.430000,1009600,SSI iBoard
2022-07-25,40.370000,40.820000,40.150000,40.650000,962700,SSI iBoard
2022-07-26,40.820000,41.490000,40.820000,41.210000,1119800,SSI iBoard
2022-07-27,41.260000,41.820000,41.100000,41.820000,1259900,SSI iBoard
2022-07-28,42.040000,42.160000,41.710000,41.990000,1164800,SSI iBoard
2022-07-29,42.040000,42.100000,41.650000,41.650000,1176000,SSI iBoard
2022-08-01,41.650000,42.940000,41.490000,42.940000,1577300,SSI iBoard
2022-08-02,42.940000,44.160000,42.380000,44.000000,1777800,SSI iBoard
2022-08-03,43.660000,44.330000,43.490000,44.330000,1005700,SSI iBoard
2022-08-04,44.330000,46.000000,44.270000,46.000000,2261100,SSI iBoard
2022-08-05,45.720000,45.950000,45.220000,45.720000,1395800,SSI iBoard
2022-08-08,45.720000,46.000000,45.670000,45.720000,915000,SSI iBoard
2022-08-09,45.720000,45.720000,44.550000,45.060000,1217900,SSI iBoard
2022-08-10,44.660000,45.170000,44.660000,44.890000,507500,SSI iBoard
2022-08-11,45.330000,45.720000,44.940000,45.450000,1171500,SSI iBoard
2022-08-12,45.450000,45.670000,45.110000,45.500000,1251800,SSI iBoard
2022-08-15,45.720000,45.890000,45.560000,45.610000,1259500,SSI iBoard
2022-08-16,45.720000,45.720000,45.220000,45.450000,687100,SSI iBoard
2022-08-17,45.280000,45.560000,45.280000,45.450000,764000,SSI iBoard
2022-08-18,45.330000,45.720000,45.280000,45.450000,1568600,SSI iBoard
2022-08-19,44.940000,45.720000,44.940000,45.110000,1148000,SSI iBoard
2022-08-22,44.660000,45.450000,44.610000,44.610000,525800,SSI iBoard
2022-08-23,44.610000,45.330000,44.550000,44.720000,648000,SSI iBoard
2022-08-24,45.280000,46.230000,44.780000,45.720000,1083700,SSI iBoard
2022-08-25,45.840000,45.840000,45.330000,45.720000,538800,SSI iBoard
2022-08-26,45.720000,46.670000,45.720000,46.000000,1559500,SSI iBoard
2022-08-29,45.390000,46.000000,45.110000,46.000000,951500,SSI iBoard
2022-08-30,46.000000,47.950000,46.000000,47.950000,2502800,SSI iBoard
2022-08-31,47.950000,48.230000,46.840000,46.840000,1055900,SSI iBoard
2022-09-05,46.840000,47.010000,46.000000,46.060000,1547800,SSI iBoard
2022-09-06,46.060000,46.840000,45.780000,46.110000,1027300,SSI iBoard
2022-09-07,45.720000,46.000000,44.500000,44.610000,2293300,SSI iBoard
2022-09-08,45.110000,45.110000,43.490000,43.490000,1074300,SSI iBoard
2022-09-09,43.770000,44.220000,43.610000,43.940000,1029200,SSI iBoard
2022-09-12,44.390000,44.440000,43.940000,44.110000,700800,SSI iBoard
2022-09-13,44.270000,44.270000,43.830000,43.830000,1187900,SSI iBoard
2022-09-14,43.050000,44.330000,42.940000,43.660000,1085800,SSI iBoard
2022-09-15,43.770000,44.220000,43.550000,44.160000,611900,SSI iBoard
2022-09-16,44.220000,44.610000,43.770000,44.610000,1519200,SSI iBoard
2022-09-19,44.050000,44.720000,43.490000,43.940000,938500,SSI iBoard
2022-09-20,43.940000,44.610000,43.830000,44.160000,521200,SSI iBoard
2022-09-21,44.220000,44.390000,43.440000,44.000000,499200,SSI iBoard
2022-09-22,43.330000,43.830000,43.220000,43.490000,1183000,SSI iBoard
2022-09-23,43.050000,43.330000,42.270000,42.320000,1034100,SSI iBoard
2022-09-26,41.880000,42.940000,41.320000,41.820000,1255900,SSI iBoard
2022-09-27,42.380000,42.380000,41.370000,41.430000,653400,SSI iBoard
2022-09-28,41.260000,41.820000,41.150000,41.820000,587700,SSI iBoard
2022-09-29,42.380000,42.380000,41.260000,41.260000,587800,SSI iBoard
2022-09-30,40.820000,41.430000,40.370000,40.820000,1262400,SSI iBoard
2022-10-03,40.980000,41.150000,39.200000,39.370000,894900,SSI iBoard
2022-10-04,39.030000,40.090000,38.750000,39.760000,1280900,SSI iBoard
2022-10-05,39.810000,40.150000,39.650000,39.870000,835000,SSI iBoard
2022-10-06,40.150000,40.150000,38.980000,39.090000,751500,SSI iBoard
2022-10-07,38.810000,38.810000,36.410000,37.190000,2113700,SSI iBoard
2022-10-10,37.080000,37.750000,35.740000,36.300000,1317000,SSI iBoard
2022-10-11,36.410000,36.800000,34.570000,34.570000,1161700,SSI iBoard
2022-10-12,35.130000,36.410000,34.680000,35.690000,1517400,SSI iBoard
2022-10-13,35.740000,37.080000,34.960000,37.080000,1596800,SSI iBoard
2022-10-14,38.200000,38.200000,37.530000,37.970000,1599300,SSI iBoard
2022-10-17,37.530000,37.920000,36.520000,36.970000,1241400,SSI iBoard
2022-10-18,37.920000,37.920000,37.530000,37.750000,885000,SSI iBoard
2022-10-19,37.860000,37.920000,37.530000,37.860000,627400,SSI iBoard
2022-10-20,37.860000,39.030000,37.420000,38.590000,1517200,SSI iBoard
2022-10-21,38.590000,39.420000,37.920000,37.920000,1283700,SSI iBoard
2022-10-24,38.750000,38.750000,36.690000,37.920000,670100,SSI iBoard
2022-10-25,36.800000,39.370000,36.800000,38.980000,1535500,SSI iBoard
2022-10-26,39.370000,39.370000,38.200000,39.030000,591400,SSI iBoard
2022-10-27,39.310000,40.650000,38.640000,39.980000,1297800,SSI iBoard
2022-10-28,40.430000,41.540000,39.930000,39.930000,1561000,SSI iBoard
2022-10-31,40.980000,40.980000,40.430000,40.980000,659400,SSI iBoard
2022-11-01,41.260000,41.820000,40.870000,41.820000,826100,SSI iBoard
2022-11-02,41.260000,41.540000,40.150000,41.040000,1255100,SSI iBoard
2022-11-03,40.150000,40.930000,40.150000,40.710000,726600,SSI iBoard
2022-11-04,39.870000,40.430000,38.420000,40.040000,1538000,SSI iBoard
2022-11-07,40.040000,40.710000,39.650000,40.040000,1232000,SSI iBoard
2022-11-08,40.150000,41.820000,39.930000,40.480000,1659900,SSI iBoard
2022-11-09,40.980000,41.370000,40.480000,41.260000,1214800,SSI iBoard
2022-11-10,41.210000,41.210000,39.930000,40.590000,958500,SSI iBoard
2022-11-11,40.710000,42.100000,40.710000,42.100000,1314200,SSI iBoard
2022-11-14,42.100000,42.660000,41.320000,41.880000,1536500,SSI iBoard
2022-11-15,41.490000,42.600000,40.200000,41.820000,1581800,SSI iBoard
2022-11-16,39.200000,43.490000,39.200000,41.880000,2349800,SSI iBoard
2022-11-17,42.430000,42.710000,42.100000,42.660000,1645700,SSI iBoard
2022-11-18,42.320000,42.880000,41.040000,42.660000,1564800,SSI iBoard
2022-11-21,42.660000,42.660000,41.820000,41.820000,1106900,SSI iBoard
2022-11-22,41.540000,42.380000,40.430000,40.980000,1936000,SSI iBoard
2022-11-23,40.710000,40.980000,40.370000,40.980000,794200,SSI iBoard
2022-11-24,40.980000,41.260000,40.430000,40.710000,1082000,SSI iBoard
2022-11-25,40.760000,41.040000,40.590000,40.760000,1675100,SSI iBoard
2022-11-28,41.540000,42.940000,41.150000,42.770000,1341900,SSI iBoard
2022-11-29,42.380000,44.500000,42.380000,44.500000,1707400,SSI iBoard
2022-11-30,44.780000,45.170000,42.940000,45.170000,1322600,SSI iBoard
2022-12-01,45.110000,45.390000,44.160000,44.610000,1178900,SSI iBoard
2022-12-02,44.550000,47.400000,44.220000,47.400000,1241300,SSI iBoard
2022-12-05,46.900000,48.510000,46.000000,47.400000,1664000,SSI iBoard
2022-12-06,47.400000,47.510000,44.610000,44.610000,1308000,SSI iBoard
2022-12-07,44.610000,45.720000,43.490000,43.770000,1455800,SSI iBoard
2022-12-08,44.050000,45.170000,42.940000,42.940000,2109700,SSI iBoard
2022-12-09,43.720000,44.160000,42.990000,43.100000,1684100,SSI iBoard
2022-12-12,43.940000,44.890000,43.160000,43.160000,2105700,SSI iBoard
2022-12-13,43.550000,44.220000,43.440000,43.610000,2232500,SSI iBoard
2022-12-14,44.440000,44.440000,43.770000,43.940000,1083500,SSI iBoard
2022-12-15,43.940000,45.000000,43.830000,44.330000,1250400,SSI iBoard
2022-12-16,44.330000,46.230000,44.000000,44.440000,3158100,SSI iBoard
2022-12-19,44.610000,45.170000,44.050000,44.160000,757500,SSI iBoard
2022-12-20,44.440000,45.720000,44.050000,44.050000,1424400,SSI iBoard
2022-12-21,45.390000,45.390000,43.880000,43.880000,962000,SSI iBoard
2022-12-22,44.330000,45.220000,44.220000,44.220000,1073500,SSI iBoard
2022-12-23,44.720000,45.280000,44.110000,44.110000,1079200,SSI iBoard
2022-12-26,44.160000,45.060000,44.000000,44.000000,1203600,SSI iBoard
2022-12-27,44.720000,44.890000,44.000000,44.110000,1058000,SSI iBoard
2022-12-28,44.830000,45.720000,44.330000,44.610000,1173500,SSI iBoard
2022-12-29,45.890000,46.000000,44.890000,45.000000,1237400,SSI iBoard
2022-12-30,46.230000,46.340000,44.610000,44.610000,1510900,SSI iBoard
2023-01-03,44.720000,46.060000,44.720000,46.060000,1089800,SSI iBoard
2023-01-04,46.230000,46.230000,45.610000,46.170000,837900,SSI iBoard
2023-01-05,46.170000,46.840000,46.000000,46.840000,1078600,SSI iBoard
2023-01-06,46.840000,47.290000,46.780000,46.840000,1125500,SSI iBoard
2023-01-09,47.840000,48.460000,47.290000,48.460000,1667100,SSI iBoard
2023-01-10,48.070000,50.130000,48.070000,48.680000,2112500,SSI iBoard
2023-01-11,48.680000,48.680000,47.450000,47.450000,983000,SSI iBoard
2023-01-12,47.510000,47.510000,46.730000,47.290000,1879000,SSI iBoard
2023-01-13,47.510000,48.230000,47.510000,47.840000,822000,SSI iBoard
2023-01-16,47.950000,49.350000,47.950000,48.680000,735200,SSI iBoard
2023-01-17,49.350000,49.850000,48.680000,49.850000,644600,SSI iBoard
2023-01-18,50.190000,50.740000,49.850000,50.190000,834000,SSI iBoard
2023-01-19,49.910000,53.530000,48.790000,51.860000,1716800,SSI iBoard
2023-01-27,51.860000,52.750000,51.020000,51.860000,1552000,SSI iBoard
2023-01-30,51.360000,51.580000,50.070000,50.130000,1045000,SSI iBoard
2023-01-31,50.130000,51.240000,48.960000,51.240000,1447700,SSI iBoard
2023-02-01,51.300000,51.580000,49.680000,49.680000,1136400,SSI iBoard
2023-02-02,49.400000,51.300000,49.400000,50.520000,984600,SSI iBoard
2023-02-03,50.350000,51.860000,49.680000,51.860000,893400,SSI iBoard
2023-02-06,51.630000,53.700000,51.020000,53.530000,1151200,SSI iBoard
2023-02-07,53.140000,53.250000,51.300000,51.300000,1195400,SSI iBoard
2023-02-08,51.360000,53.640000,51.360000,52.530000,884800,SSI iBoard
2023-02-09,52.300000,52.970000,51.860000,51.860000,759400,SSI iBoard
2023-02-10,52.690000,52.690000,51.750000,52.690000,647700,SSI iBoard
2023-02-13,52.860000,53.200000,51.300000,52.140000,872700,SSI iBoard
2023-02-14,52.140000,52.140000,50.850000,51.580000,1143100,SSI iBoard
2023-02-15,51.580000,52.530000,50.850000,51.860000,899300,SSI iBoard
2023-02-16,51.860000,52.420000,51.410000,51.520000,776600,SSI iBoard
2023-02-17,51.860000,52.030000,51.300000,51.860000,918900,SSI iBoard
2023-02-20,51.860000,52.690000,51.860000,52.300000,1095000,SSI iBoard
2023-02-21,52.530000,52.920000,52.420000,52.530000,675500,SSI iBoard
2023-02-22,52.530000,52.580000,51.580000,51.860000,1025500,SSI iBoard
2023-02-23,51.860000,52.420000,50.850000,52.030000,1025700,SSI iBoard
2023-02-24,51.860000,52.420000,50.190000,52.140000,631400,SSI iBoard
2023-02-27,51.860000,52.140000,51.130000,51.750000,501000,SSI iBoard
2023-02-28,51.910000,52.250000,51.630000,52.140000,565800,SSI iBoard
2023-03-01,51.470000,52.080000,51.410000,51.860000,729700,SSI iBoard
2023-03-02,51.860000,52.300000,51.190000,51.970000,984700,SSI iBoard
2023-03-03,51.190000,51.750000,50.690000,50.690000,798600,SSI iBoard
2023-03-06,50.740000,51.410000,50.740000,50.740000,711900,SSI iBoard
2023-03-07,51.020000,51.580000,50.800000,51.240000,970300,SSI iBoard
2023-03-08,50.740000,51.410000,50.580000,51.410000,871900,SSI iBoard
2023-03-09,51.300000,52.080000,51.130000,51.860000,1098100,SSI iBoard
2023-03-10,51.410000,51.580000,51.020000,51.360000,707800,SSI iBoard
2023-03-13,51.300000,51.300000,50.630000,51.020000,759200,SSI iBoard
2023-03-14,50.740000,50.850000,50.460000,50.740000,863700,SSI iBoard
2023-03-15,51.080000,51.300000,50.800000,50.970000,807800,SSI iBoard
2023-03-16,50.740000,51.300000,49.910000,50.740000,806000,SSI iBoard
2023-03-17,50.740000,50.800000,49.630000,49.630000,2272200,SSI iBoard
2023-03-20,49.630000,49.910000,47.450000,47.450000,1034000,SSI iBoard
2023-03-21,47.620000,50.130000,47.620000,48.230000,1057400,SSI iBoard
2023-03-22,48.290000,50.130000,48.290000,49.630000,1055800,SSI iBoard
2023-03-23,49.520000,50.580000,48.680000,50.580000,849500,SSI iBoard
2023-03-24,50.740000,50.740000,49.570000,49.630000,630000,SSI iBoard
2023-03-27,49.630000,50.740000,49.070000,50.740000,730100,SSI iBoard
2023-03-28,50.630000,51.800000,50.240000,51.190000,845800,SSI iBoard
2023-03-29,51.580000,51.580000,50.460000,51.470000,422800,SSI iBoard
2023-03-30,51.470000,51.970000,51.300000,51.690000,409700,SSI iBoard
2023-03-31,51.750000,51.970000,50.460000,50.970000,950600,SSI iBoard
2023-04-03,51.130000,51.800000,50.850000,51.750000,736700,SSI iBoard
2023-04-04,51.750000,51.800000,51.080000,51.300000,269900,SSI iBoard
2023-04-05,51.470000,51.470000,50.800000,51.360000,336000,SSI iBoard
2023-04-06,51.020000,51.360000,50.850000,50.850000,376300,SSI iBoard
2023-04-07,50.740000,50.800000,49.910000,50.190000,747200,SSI iBoard
2023-04-10,50.190000,50.190000,49.630000,49.630000,639300,SSI iBoard
2023-04-11,49.630000,50.190000,49.180000,49.180000,751600,SSI iBoard
2023-04-12,49.240000,49.400000,49.070000,49.240000,518400,SSI iBoard
2023-04-13,49.240000,49.350000,48.960000,49.180000,491000,SSI iBoard
2023-04-14,49.240000,49.680000,49.180000,49.290000,414800,SSI iBoard
2023-04-17,49.290000,49.350000,48.960000,49.290000,488900,SSI iBoard
2023-04-18,49.240000,49.400000,48.790000,49.070000,695100,SSI iBoard
2023-04-19,49.130000,49.460000,49.070000,49.350000,416900,SSI iBoard
2023-04-20,49.520000,49.520000,49.070000,49.240000,257800,SSI iBoard
2023-04-21,49.070000,49.130000,48.740000,48.790000,356500,SSI iBoard
2023-04-24,49.070000,49.350000,48.510000,49.010000,505800,SSI iBoard
2023-04-25,49.180000,49.350000,48.790000,49.240000,545800,SSI iBoard
2023-04-26,49.070000,49.910000,49.010000,49.850000,710200,SSI iBoard
2023-04-27,49.460000,50.460000,49.290000,50.190000,580400,SSI iBoard
2023-04-28,50.190000,50.460000,49.520000,50.460000,704700,SSI iBoard
2023-05-04,50.190000,50.190000,49.350000,49.350000,496000,SSI iBoard
2023-05-05,49.350000,50.130000,49.180000,50.070000,225700,SSI iBoard
2023-05-08,50.190000,51.970000,50.070000,51.860000,1500200,SSI iBoard
2023-05-09,51.860000,52.360000,51.470000,51.470000,563400,SSI iBoard
2023-05-10,51.240000,51.860000,51.080000,51.300000,417400,SSI iBoard
2023-05-11,51.300000,51.360000,50.740000,50.740000,505600,SSI iBoard
2023-05-12,50.740000,51.750000,50.630000,51.750000,710500,SSI iBoard
2023-05-15,51.300000,51.860000,50.850000,51.130000,450500,SSI iBoard
2023-05-16,51.300000,51.910000,50.910000,51.630000,666100,SSI iBoard
2023-05-17,51.580000,51.860000,51.470000,51.750000,572700,SSI iBoard
2023-05-18,51.800000,53.530000,51.410000,52.970000,1678500,SSI iBoard
2023-05-19,52.690000,52.920000,51.630000,52.530000,439900,SSI iBoard
2023-05-22,51.860000,52.360000,51.410000,51.910000,622300,SSI iBoard
2023-05-23,51.860000,52.190000,51.360000,51.750000,568800,SSI iBoard
2023-05-24,51.750000,51.750000,51.240000,51.630000,342200,SSI iBoard
2023-05-25,51.630000,52.420000,50.970000,51.970000,606600,SSI iBoard
2023-05-26,51.970000,52.140000,51.300000,51.300000,283700,SSI iBoard
2023-05-29,51.300000,52.970000,51.300000,51.910000,590500,SSI iBoard
2023-05-30,51.910000,52.860000,51.520000,52.690000,564500,SSI iBoard
2023-05-31,52.360000,52.470000,51.910000,52.420000,380100,SSI iBoard
2023-06-01,52.750000,52.750000,51.970000,52.360000,646300,SSI iBoard
2023-06-02,52.360000,52.970000,52.030000,52.920000,737800,SSI iBoard
2023-06-05,53.080000,55.040000,53.080000,54.650000,1297800,SSI iBoard
2023-06-06,54.650000,55.200000,53.810000,55.200000,759500,SSI iBoard
2023-06-07,55.200000,55.200000,54.090000,54.090000,749600,SSI iBoard
2023-06-08,54.090000,56.710000,54.090000,55.760000,1339400,SSI iBoard
2023-06-09,55.760000,56.880000,55.200000,56.040000,820200,SSI iBoard
2023-06-12,55.710000,56.600000,54.700000,56.320000,435100,SSI iBoard
2023-06-13,55.760000,57.430000,55.590000,57.160000,838900,SSI iBoard
2023-06-14,57.100000,57.990000,56.600000,57.210000,840500,SSI iBoard
2023-06-15,57.160000,57.820000,56.650000,57.710000,912200,SSI iBoard
2023-06-16,58.100000,59.330000,57.550000,58.550000,1331800,SSI iBoard
2023-06-19,57.770000,58.050000,56.710000,56.710000,1139900,SSI iBoard
2023-06-20,56.370000,56.370000,55.650000,55.710000,1781600,SSI iBoard
2023-06-21,55.590000,56.040000,55.590000,55.760000,1187900,SSI iBoard
2023-06-22,56.880000,56.880000,55.710000,55.980000,716500,SSI iBoard
2023-06-23,55.980000,55.980000,55.480000,55.710000,705200,SSI iBoard
2023-06-26,55.260000,56.260000,55.260000,55.760000,807200,SSI iBoard
2023-06-27,55.760000,56.320000,55.590000,55.760000,685900,SSI iBoard
2023-06-28,55.760000,56.990000,55.650000,56.370000,821200,SSI iBoard
2023-06-29,56.760000,57.430000,56.370000,56.820000,640600,SSI iBoard
2023-06-30,56.370000,56.760000,55.760000,55.760000,556600,SSI iBoard
2023-07-03,55.760000,56.210000,55.650000,55.760000,490100,SSI iBoard
2023-07-04,56.150000,56.820000,55.710000,55.760000,682700,SSI iBoard
2023-07-05,56.320000,57.160000,55.930000,56.880000,953900,SSI iBoard
2023-07-06,56.930000,56.990000,56.040000,56.150000,1021000,SSI iBoard
2023-07-07,56.040000,58.550000,55.980000,58.550000,1064800,SSI iBoard
2023-07-10,58.490000,58.490000,57.040000,57.270000,915100,SSI iBoard
2023-07-11,56.760000,58.550000,56.760000,57.430000,887600,SSI iBoard
2023-07-12,57.270000,58.270000,57.270000,57.990000,742800,SSI iBoard
2023-07-13,58.550000,58.550000,57.820000,58.490000,928300,SSI iBoard
2023-07-14,58.490000,58.550000,57.990000,58.550000,797700,SSI iBoard
2023-07-17,58.550000,58.550000,58.100000,58.440000,791600,SSI iBoard
2023-07-18,58.490000,58.550000,58.160000,58.160000,590000,SSI iBoard
2023-07-19,58.330000,59.720000,58.330000,59.390000,926200,SSI iBoard
2023-07-20,58.830000,59.330000,57.770000,58.550000,771600,SSI iBoard
2023-07-21,58.550000,58.550000,57.990000,58.550000,663400,SSI iBoard
2023-07-24,58.610000,58.770000,58.270000,58.330000,808500,SSI iBoard
2023-07-25,59.530000,60.920000,59.470000,60.390000,2374800,SSI iBoard
2023-07-26,60.520000,61.510000,60.520000,61.510000,1146400,SSI iBoard
2023-07-27,61.710000,61.710000,60.920000,61.050000,957200,SSI iBoard
2023-07-28,61.050000,61.250000,60.460000,61.250000,1116900,SSI iBoard
2023-07-31,61.250000,61.380000,60.330000,60.330000,1468300,SSI iBoard
2023-08-01,60.330000,61.120000,60.060000,60.060000,1281600,SSI iBoard
2023-08-02,60.060000,60.260000,59.930000,60.260000,1055800,SSI iBoard
2023-08-03,60.260000,60.260000,59.600000,59.670000,837900,SSI iBoard
2023-08-04,59.730000,60.000000,59.340000,59.340000,1231600,SSI iBoard
2023-08-07,59.340000,59.800000,59.270000,59.800000,1111700,SSI iBoard
2023-08-08,59.800000,60.060000,59.340000,59.730000,823400,SSI iBoard
2023-08-09,59.730000,59.860000,59.340000,59.400000,591600,SSI iBoard
2023-08-10,59.600000,59.600000,58.280000,58.280000,1336100,SSI iBoard
2023-08-11,58.280000,59.530000,58.280000,59.530000,920800,SSI iBoard
2023-08-14,59.470000,59.470000,58.610000,58.610000,1471800,SSI iBoard
2023-08-15,59.270000,59.270000,58.280000,58.550000,1148500,SSI iBoard
2023-08-16,58.480000,58.880000,58.420000,58.740000,727300,SSI iBoard
2023-08-17,58.740000,59.140000,58.350000,58.880000,2145100,SSI iBoard
2023-08-18,59.140000,59.470000,58.610000,58.940000,2430400,SSI iBoard
2023-08-21,59.070000,59.400000,58.740000,59.140000,1710900,SSI iBoard
2023-08-22,58.940000,59.070000,57.820000,58.220000,1825000,SSI iBoard
2023-08-23,58.550000,58.550000,56.700000,56.830000,1754800,SSI iBoard
2023-08-24,56.830000,58.090000,56.640000,57.300000,902800,SSI iBoard
2023-08-25,56.770000,57.300000,56.640000,56.770000,1404600,SSI iBoard
2023-08-28,56.900000,57.630000,56.770000,57.300000,1378300,SSI iBoard
2023-08-29,57.300000,58.280000,57.230000,58.220000,1391900,SSI iBoard
2023-08-30,58.280000,58.940000,58.280000,58.680000,1350000,SSI iBoard
2023-08-31,58.680000,59.010000,58.150000,58.680000,1531200,SSI iBoard
2023-09-05,58.680000,59.730000,58.680000,59.340000,1942200,SSI iBoard
2023-09-06,59.400000,59.400000,59.070000,59.400000,2017600,SSI iBoard
2023-09-07,59.270000,59.800000,58.940000,58.940000,1765300,SSI iBoard
2023-09-08,58.940000,58.940000,58.680000,58.940000,1341900,SSI iBoard
2023-09-11,59.010000,59.270000,57.950000,58.280000,1649500,SSI iBoard
2023-09-12,58.610000,59.270000,58.550000,59.210000,1572100,SSI iBoard
2023-09-13,59.270000,59.270000,58.550000,58.680000,1582000,SSI iBoard
2023-09-14,58.610000,58.940000,58.020000,58.680000,1512600,SSI iBoard
2023-09-15,58.550000,59.140000,58.350000,59.140000,2142400,SSI iBoard
2023-09-18,58.940000,59.070000,58.150000,58.480000,718100,SSI iBoard
2023-09-19,58.480000,58.740000,56.640000,58.020000,1117200,SSI iBoard
2023-09-20,58.020000,58.220000,56.900000,57.950000,786000,SSI iBoard
2023-09-21,57.950000,57.950000,57.160000,57.300000,1066900,SSI iBoard
2023-09-22,56.900000,58.940000,56.640000,58.810000,2408600,SSI iBoard
2023-09-25,58.610000,58.940000,58.150000,58.810000,2210400,SSI iBoard
2023-09-26,58.740000,58.880000,57.230000,57.300000,1663200,SSI iBoard
2023-09-27,57.690000,58.610000,57.300000,57.820000,1204900,SSI iBoard
2023-09-28,57.430000,58.150000,57.030000,57.950000,1065100,SSI iBoard
2023-09-29,58.150000,58.150000,57.360000,57.630000,449300,SSI iBoard
2023-10-02,57.360000,57.430000,56.970000,56.970000,765700,SSI iBoard
2023-10-03,56.970000,57.100000,56.510000,56.830000,882600,SSI iBoard
2023-10-04,56.830000,56.830000,56.180000,56.830000,923800,SSI iBoard
2023-10-05,56.640000,56.640000,55.650000,55.650000,890000,SSI iBoard
2023-10-06,55.650000,56.240000,54.990000,56.240000,800900,SSI iBoard
2023-10-09,56.240000,56.240000,55.320000,55.720000,1096100,SSI iBoard
2023-10-10,55.720000,56.770000,55.720000,56.700000,734100,SSI iBoard
2023-10-11,56.770000,56.970000,56.440000,56.970000,719400,SSI iBoard
2023-10-12,57.230000,57.230000,56.310000,56.640000,714100,SSI iBoard
2023-10-13,56.640000,57.030000,56.310000,57.030000,663100,SSI iBoard
2023-10-16,56.370000,57.030000,56.370000,56.700000,332300,SSI iBoard
2023-10-17,56.700000,56.970000,56.310000,56.570000,363400,SSI iBoard
2023-10-18,56.310000,56.640000,55.980000,56.570000,1147400,SSI iBoard
2023-10-19,56.310000,56.640000,55.390000,55.650000,1363600,SSI iBoard
2023-10-20,54.990000,56.180000,54.460000,55.850000,938400,SSI iBoard
2023-10-23,55.650000,55.650000,54.330000,55.650000,966600,SSI iBoard
2023-10-24,55.650000,56.970000,55.250000,56.640000,994000,SSI iBoard
2023-10-25,56.040000,56.510000,55.720000,56.510000,660100,SSI iBoard
2023-10-26,55.980000,56.640000,54.990000,55.650000,1420300,SSI iBoard
2023-10-27,55.720000,55.980000,55.190000,55.980000,773400,SSI iBoard
2023-10-30,54.990000,56.640000,54.990000,56.570000,592900,SSI iBoard
2023-10-31,56.570000,57.230000,55.910000,57.160000,1345300,SSI iBoard
2023-11-01,57.160000,57.820000,56.700000,57.820000,1479100,SSI iBoard
2023-11-02,57.950000,58.610000,57.030000,58.610000,1057500,SSI iBoard
2023-11-03,58.610000,58.880000,58.020000,58.550000,1086600,SSI iBoard
2023-11-06,58.550000,59.140000,58.280000,58.940000,774800,SSI iBoard
2023-11-07,58.610000,58.810000,58.150000,58.150000,413900,SSI iBoard
2023-11-08,57.950000,59.070000,57.890000,58.940000,1270300,SSI iBoard
2023-11-09,58.940000,58.940000,57.890000,57.890000,1166800,SSI iBoard
2023-11-10,57.360000,57.630000,56.640000,56.640000,1352000,SSI iBoard
2023-11-13,56.640000,56.700000,56.240000,56.310000,937700,SSI iBoard
2023-11-14,56.640000,56.970000,56.240000,56.640000,987500,SSI iBoard
2023-11-15,56.970000,57.760000,56.970000,57.760000,4067800,SSI iBoard
2023-11-16,57.300000,57.950000,57.100000,57.950000,1284800,SSI iBoard
2023-11-17,57.820000,57.890000,56.310000,56.370000,1588000,SSI iBoard
2023-11-20,56.370000,57.300000,55.980000,56.700000,1098400,SSI iBoard
2023-11-21,56.700000,57.100000,56.510000,57.030000,1151400,SSI iBoard
2023-11-22,56.830000,57.100000,56.310000,57.100000,1012700,SSI iBoard
2023-11-23,57.100000,57.160000,56.310000,56.310000,647200,SSI iBoard
2023-11-24,56.310000,56.640000,55.980000,56.640000,734500,SSI iBoard
2023-11-27,56.640000,56.640000,56.040000,56.510000,443000,SSI iBoard
2023-11-28,56.310000,56.570000,55.850000,56.510000,779400,SSI iBoard
2023-11-29,56.240000,56.570000,56.040000,56.040000,733100,SSI iBoard
2023-11-30,56.040000,56.240000,55.780000,55.780000,927600,SSI iBoard
2023-12-01,55.910000,55.980000,55.390000,55.980000,714700,SSI iBoard
2023-12-04,56.240000,56.770000,55.850000,56.640000,888100,SSI iBoard
2023-12-05,56.640000,56.700000,55.850000,56.240000,992800,SSI iBoard
2023-12-06,56.180000,56.640000,55.980000,56.570000,638000,SSI iBoard
2023-12-07,56.440000,56.640000,55.980000,56.110000,992300,SSI iBoard
2023-12-08,56.110000,56.310000,55.980000,55.980000,1183000,SSI iBoard
2023-12-11,55.980000,56.180000,55.390000,55.450000,1400000,SSI iBoard
2023-12-12,55.780000,55.780000,55.320000,55.450000,1006400,SSI iBoard
2023-12-13,55.450000,55.650000,55.120000,55.120000,1152900,SSI iBoard
2023-12-14,55.320000,55.650000,55.320000,55.580000,840600,SSI iBoard
2023-12-15,55.320000,55.580000,54.130000,54.130000,2530300,SSI iBoard
2023-12-18,54.530000,54.600000,53.670000,53.670000,1804000,SSI iBoard
2023-12-19,53.670000,53.670000,52.750000,53.480000,1961300,SSI iBoard
2023-12-20,53.480000,53.540000,53.020000,53.410000,1872300,SSI iBoard
2023-12-21,53.340000,53.340000,52.880000,53.280000,2030300,SSI iBoard
2023-12-22,53.280000,53.410000,52.950000,53.280000,1579800,SSI iBoard
2023-12-25,53.280000,53.870000,53.150000,53.870000,1301600,SSI iBoard
2023-12-26,54.000000,54.530000,54.000000,54.530000,971200,SSI iBoard
2023-12-27,54.600000,54.790000,54.330000,54.460000,899600,SSI iBoard
2023-12-28,54.460000,54.730000,54.270000,54.530000,703200,SSI iBoard
2023-12-29,54.990000,55.250000,52.880000,52.880000,1621700,SSI iBoard
2024-01-02,54.600000,55.060000,54.130000,54.990000,1785800,SSI iBoard
2024-01-03,54.990000,55.650000,54.530000,55.650000,1373000,SSI iBoard
2024-01-04,55.650000,56.770000,55.320000,56.570000,2657900,SSI iBoard
2024-01-05,56.570000,56.770000,56.440000,56.770000,1180300,SSI iBoard
2024-01-08,56.830000,57.160000,56.830000,57.160000,1607800,SSI iBoard
2024-01-09,57.160000,57.890000,57.160000,57.820000,1926400,SSI iBoard
2024-01-10,57.820000,58.940000,57.430000,58.940000,1795400,SSI iBoard
2024-01-11,58.940000,59.270000,58.350000,58.810000,1489100,SSI iBoard
2024-01-12,58.020000,58.940000,57.560000,58.420000,1909500,SSI iBoard
2024-01-15,58.610000,59.340000,58.550000,59.270000,1914200,SSI iBoard
2024-01-16,58.610000,59.340000,58.550000,59.270000,1367200,SSI iBoard
2024-01-17,58.610000,59.930000,58.610000,59.860000,1578200,SSI iBoard
2024-01-18,59.860000,60.060000,59.270000,60.000000,1422900,SSI iBoard
2024-01-19,59.930000,61.250000,59.530000,60.980000,1472600,SSI iBoard
2024-01-22,61.580000,61.580000,60.590000,60.590000,1046300,SSI iBoard
2024-01-23,60.650000,60.850000,59.530000,60.260000,1256900,SSI iBoard
2024-01-24,60.330000,60.590000,59.860000,60.000000,744700,SSI iBoard
2024-01-25,60.000000,60.330000,59.730000,59.930000,503300,SSI iBoard
2024-01-26,60.330000,60.590000,60.190000,60.590000,953100,SSI iBoard
2024-01-29,60.460000,60.590000,59.860000,60.060000,730500,SSI iBoard
2024-01-30,60.060000,60.060000,59.340000,59.930000,888600,SSI iBoard
2024-01-31,59.670000,59.670000,58.280000,58.280000,945600,SSI iBoard
2024-02-01,57.950000,59.400000,57.950000,59.140000,598100,SSI iBoard
2024-02-02,58.680000,59.600000,58.680000,59.470000,733000,SSI iBoard
2024-02-05,59.400000,59.670000,58.880000,59.270000,1949000,SSI iBoard
2024-02-06,59.470000,59.670000,58.680000,58.940000,1352300,SSI iBoard
2024-02-07,59.270000,59.800000,58.810000,59.270000,1371400,SSI iBoard
2024-02-15,59.270000,59.730000,58.680000,59.210000,1046700,SSI iBoard
2024-02-16,59.210000,59.400000,58.940000,59.010000,734100,SSI iBoard
2024-02-19,59.210000,59.600000,58.810000,59.400000,1045300,SSI iBoard
2024-02-20,59.340000,60.190000,58.880000,60.130000,1404300,SSI iBoard
2024-02-21,60.390000,60.390000,59.600000,60.060000,1367400,SSI iBoard
2024-02-22,59.670000,59.930000,58.940000,58.940000,1223900,SSI iBoard
2024-02-23,58.940000,60.190000,58.550000,58.550000,1800900,SSI iBoard
2024-02-26,58.550000,59.270000,58.550000,58.940000,722000,SSI iBoard
2024-02-27,59.010000,60.060000,58.680000,60.000000,1604900,SSI iBoard
2024-02-28,59.930000,64.140000,59.530000,64.140000,4219900,SSI iBoard
2024-02-29,64.870000,66.190000,64.080000,64.080000,1897000,SSI iBoard
2024-03-01,64.670000,64.670000,62.500000,64.080000,2379600,SSI iBoard
2024-03-04,64.540000,64.540000,62.960000,63.220000,1640400,SSI iBoard
2024-03-05,63.620000,63.620000,62.700000,62.890000,1364800,SSI iBoard
2024-03-06,62.890000,63.750000,62.630000,62.960000,2070600,SSI iBoard
2024-03-07,63.160000,64.140000,62.890000,63.090000,2362300,SSI iBoard
2024-03-08,63.160000,63.550000,62.630000,62.630000,2229600,SSI iBoard
2024-03-11,62.630000,63.220000,61.970000,61.970000,1840000,SSI iBoard
2024-03-12,61.970000,62.500000,61.910000,62.170000,1107000,SSI iBoard
2024-03-13,62.500000,63.550000,62.100000,63.220000,3124500,SSI iBoard
2024-03-14,63.220000,63.290000,62.300000,62.560000,2319300,SSI iBoard
2024-03-15,62.560000,62.560000,61.840000,61.910000,2302500,SSI iBoard
2024-03-18,62.100000,62.240000,60.920000,61.250000,1839300,SSI iBoard
2024-03-19,60.920000,61.580000,60.920000,60.920000,868500,SSI iBoard
2024-03-20,60.920000,61.970000,60.920000,61.380000,897700,SSI iBoard
2024-03-21,61.910000,62.890000,61.910000,62.700000,1452700,SSI iBoard
2024-03-22,62.700000,63.750000,62.700000,63.490000,1844100,SSI iBoard
2024-03-25,62.560000,63.820000,61.970000,63.030000,1368800,SSI iBoard
2024-03-26,63.220000,63.620000,63.090000,63.420000,735400,SSI iBoard
2024-03-27,63.350000,63.350000,62.960000,63.090000,1046200,SSI iBoard
2024-03-28,63.350000,63.490000,62.960000,63.030000,1232800,SSI iBoard
2024-03-29,63.160000,63.160000,62.500000,62.500000,801200,SSI iBoard
2024-04-01,62.500000,63.220000,62.370000,62.700000,1221000,SSI iBoard
2024-04-02,62.630000,62.700000,61.840000,62.240000,969000,SSI iBoard
2024-04-03,62.170000,62.430000,61.770000,61.770000,1321100,SSI iBoard
2024-04-04,62.500000,63.220000,62.170000,63.220000,2022700,SSI iBoard
2024-04-05,62.430000,62.960000,62.040000,62.500000,779200,SSI iBoard
2024-04-08,62.500000,62.760000,62.040000,62.500000,864100,SSI iBoard
2024-04-09,62.560000,62.830000,62.040000,62.100000,686800,SSI iBoard
2024-04-10,62.100000,62.300000,61.970000,62.240000,737400,SSI iBoard
2024-04-11,61.910000,62.300000,61.580000,61.910000,778000,SSI iBoard
2024-04-12,62.240000,62.890000,61.770000,62.300000,844800,SSI iBoard
2024-04-15,62.300000,63.550000,60.590000,60.590000,1900300,SSI iBoard
2024-04-16,61.770000,61.770000,59.600000,59.930000,1857700,SSI iBoard
2024-04-17,60.060000,60.650000,58.940000,59.600000,1452600,SSI iBoard
2024-04-19,59.270000,59.860000,59.070000,59.600000,1324800,SSI iBoard
2024-04-22,59.600000,60.190000,59.400000,59.670000,999100,SSI iBoard
2024-04-23,59.670000,60.060000,58.740000,59.340000,1562900,SSI iBoard
2024-04-24,59.930000,60.000000,59.340000,59.670000,1925200,SSI iBoard
2024-04-25,59.670000,61.180000,59.600000,59.930000,1235700,SSI iBoard
2024-04-26,60.390000,61.440000,60.060000,60.060000,1698300,SSI iBoard
2024-05-02,60.650000,60.920000,60.000000,60.520000,932400,SSI iBoard
2024-05-03,60.850000,61.510000,60.460000,60.920000,1470700,SSI iBoard
2024-05-06,61.180000,61.440000,61.050000,61.250000,1147200,SSI iBoard
2024-05-07,61.510000,61.970000,61.180000,61.180000,1154200,SSI iBoard
2024-05-08,61.050000,61.380000,60.650000,61.250000,1246000,SSI iBoard
2024-05-09,61.180000,61.510000,60.790000,60.920000,606600,SSI iBoard
2024-05-10,61.050000,61.050000,60.390000,60.590000,823400,SSI iBoard
2024-05-13,60.650000,60.850000,59.600000,59.930000,1232600,SSI iBoard
2024-05-14,60.000000,60.330000,59.600000,59.670000,818400,SSI iBoard
2024-05-15,59.930000,60.130000,59.800000,59.930000,883100,SSI iBoard
2024-05-16,60.590000,61.050000,60.260000,60.980000,1713900,SSI iBoard
2024-05-17,60.980000,60.980000,60.390000,60.460000,1084700,SSI iBoard
2024-05-20,60.790000,61.250000,60.460000,60.520000,1043800,SSI iBoard
2024-05-21,60.520000,60.590000,59.730000,60.000000,1486400,SSI iBoard
2024-05-22,60.260000,60.390000,59.730000,59.730000,1347700,SSI iBoard
2024-05-23,59.730000,60.260000,59.600000,59.930000,1317500,SSI iBoard
2024-05-24,59.930000,59.930000,59.270000,59.400000,2241500,SSI iBoard
2024-05-27,59.530000,59.670000,59.070000,59.400000,1058500,SSI iBoard
2024-05-28,59.140000,59.730000,59.140000,59.730000,1350100,SSI iBoard
2024-05-29,59.800000,59.930000,59.140000,59.140000,1186300,SSI iBoard
2024-05-30,58.940000,59.070000,58.280000,58.350000,2356000,SSI iBoard
2024-05-31,58.420000,58.610000,57.430000,57.430000,3921500,SSI iBoard
2024-06-03,57.950000,58.810000,57.950000,58.090000,2108600,SSI iBoard
2024-06-04,58.550000,58.740000,58.150000,58.420000,1814600,SSI iBoard
2024-06-05,58.420000,58.940000,58.350000,58.480000,1882800,SSI iBoard
2024-06-06,58.550000,59.070000,58.480000,58.610000,1699700,SSI iBoard
2024-06-07,58.680000,59.070000,58.280000,58.280000,1129500,SSI iBoard
2024-06-10,58.550000,58.740000,57.890000,57.950000,2641600,SSI iBoard
2024-06-11,58.150000,58.220000,57.360000,57.430000,2252400,SSI iBoard
2024-06-12,57.560000,58.740000,57.300000,58.420000,2249800,SSI iBoard
2024-06-13,58.550000,58.680000,58.220000,58.220000,1600400,SSI iBoard
2024-06-14,58.280000,58.680000,57.630000,57.630000,2482100,SSI iBoard
2024-06-17,57.690000,57.820000,57.360000,57.360000,2293700,SSI iBoard
2024-06-18,57.630000,58.280000,57.360000,57.360000,1370900,SSI iBoard
2024-06-19,57.490000,57.630000,56.970000,57.030000,2174300,SSI iBoard
2024-06-20,57.030000,57.030000,56.370000,56.640000,2648800,SSI iBoard
2024-06-21,56.700000,57.100000,56.310000,56.640000,1808400,SSI iBoard
2024-06-24,56.640000,57.560000,56.310000,56.310000,2149800,SSI iBoard
2024-06-25,56.440000,57.100000,56.310000,56.310000,1565900,SSI iBoard
2024-06-26,56.570000,56.830000,56.110000,56.110000,1706900,SSI iBoard
2024-06-27,56.110000,56.640000,56.110000,56.110000,1423000,SSI iBoard
2024-06-28,56.640000,56.640000,55.980000,56.110000,1112400,SSI iBoard
2024-07-01,56.510000,56.770000,56.110000,56.700000,1179200,SSI iBoard
2024-07-02,57.100000,58.480000,56.770000,58.090000,2425200,SSI iBoard
2024-07-03,57.950000,58.420000,57.820000,58.280000,2250700,SSI iBoard
2024-07-04,58.350000,59.070000,57.950000,57.950000,3060300,SSI iBoard
2024-07-05,58.020000,58.740000,57.950000,57.950000,1847400,SSI iBoard
2024-07-08,57.950000,58.420000,57.430000,57.430000,1143800,SSI iBoard
2024-07-09,57.630000,58.220000,57.100000,58.020000,1549000,SSI iBoard
2024-07-10,58.150000,58.740000,57.950000,58.350000,1722900,SSI iBoard
2024-07-11,58.350000,58.550000,58.020000,58.020000,1445100,SSI iBoard
2024-07-12,58.090000,58.350000,57.690000,57.690000,1373400,SSI iBoard
2024-07-15,57.690000,58.150000,57.630000,57.630000,1172000,SSI iBoard
2024-07-16,57.690000,58.350000,57.690000,57.890000,1534100,SSI iBoard
2024-07-17,58.480000,59.270000,57.630000,57.950000,3362500,SSI iBoard
2024-07-18,58.150000,58.480000,57.890000,57.950000,1651700,SSI iBoard
2024-07-19,57.950000,58.480000,57.630000,57.630000,1323100,SSI iBoard
2024-07-22,57.630000,58.150000,57.490000,57.760000,1461100,SSI iBoard
2024-07-23,57.820000,58.150000,57.630000,57.630000,1410400,SSI iBoard
2024-07-24,57.560000,58.020000,57.560000,57.630000,1476700,SSI iBoard
2024-07-25,57.690000,57.760000,57.430000,57.490000,881000,SSI iBoard
2024-07-26,57.490000,57.760000,57.430000,57.490000,903300,SSI iBoard
2024-07-29,57.690000,57.820000,57.490000,57.490000,452800,SSI iBoard
2024-07-30,57.490000,58.150000,57.490000,57.630000,977800,SSI iBoard
2024-07-31,57.630000,58.740000,57.630000,58.740000,1863400,SSI iBoard
2024-08-01,58.810000,60.190000,58.740000,59.730000,4800600,SSI iBoard
2024-08-02,59.530000,59.530000,58.420000,58.420000,1511400,SSI iBoard
2024-08-05,58.280000,58.280000,57.230000,57.230000,3059700,SSI iBoard
2024-08-06,57.230000,57.760000,57.100000,57.490000,1653100,SSI iBoard
2024-08-07,57.560000,57.760000,57.300000,57.760000,713000,SSI iBoard
2024-08-08,57.760000,57.760000,57.430000,57.490000,961200,SSI iBoard
2024-08-09,57.560000,58.150000,57.560000,57.760000,1136700,SSI iBoard
2024-08-12,58.220000,58.220000,57.490000,57.820000,1060300,SSI iBoard
2024-08-13,57.690000,58.940000,57.690000,58.940000,1592900,SSI iBoard
2024-08-14,58.810000,58.880000,57.820000,57.950000,1492800,SSI iBoard
2024-08-15,57.950000,58.480000,57.690000,57.690000,921000,SSI iBoard
2024-08-16,57.950000,58.550000,57.950000,58.020000,1370400,SSI iBoard
2024-08-19,58.480000,58.810000,58.150000,58.480000,1655200,SSI iBoard
2024-08-20,58.550000,59.800000,58.550000,59.800000,3384300,SSI iBoard
2024-08-21,59.800000,61.250000,59.530000,61.120000,2745300,SSI iBoard
2024-08-22,61.180000,61.380000,60.650000,60.850000,1413500,SSI iBoard
2024-08-23,60.920000,61.120000,59.600000,60.850000,1075500,SSI iBoard
2024-08-26,60.650000,60.980000,60.330000,60.590000,1565800,SSI iBoard
2024-08-27,60.590000,60.650000,59.860000,60.260000,900600,SSI iBoard
2024-08-28,60.390000,60.520000,60.000000,60.000000,1031600,SSI iBoard
2024-08-29,59.930000,60.850000,59.930000,60.260000,1496300,SSI iBoard
2024-08-30,60.260000,60.790000,60.260000,60.390000,1669800,SSI iBoard
2024-09-04,60.000000,60.000000,59.470000,59.930000,1012700,SSI iBoard
2024-09-05,59.670000,60.000000,59.340000,59.340000,1184100,SSI iBoard
2024-09-06,59.400000,59.800000,59.140000,59.400000,784800,SSI iBoard
2024-09-09,59.340000,59.400000,58.740000,59.400000,702800,SSI iBoard
2024-09-10,59.340000,59.400000,58.610000,58.610000,1192200,SSI iBoard
2024-09-11,58.350000,58.610000,57.950000,58.220000,1027300,SSI iBoard
2024-09-12,58.280000,59.340000,58.220000,58.940000,1609600,SSI iBoard
2024-09-13,59.140000,59.400000,58.680000,59.210000,1624800,SSI iBoard
2024-09-16,59.010000,59.270000,58.480000,58.550000,727700,SSI iBoard
2024-09-17,58.610000,59.600000,58.350000,59.600000,970800,SSI iBoard
2024-09-18,59.670000,60.520000,59.070000,59.930000,1721200,SSI iBoard
2024-09-19,59.930000,60.390000,59.860000,60.260000,1345500,SSI iBoard
2024-09-20,60.460000,60.590000,59.670000,59.670000,2180400,SSI iBoard
2024-09-23,60.130000,60.330000,59.860000,59.860000,696500,SSI iBoard
2024-09-24,59.860000,60.260000,59.860000,60.060000,522400,SSI iBoard
2024-09-25,60.260000,61.250000,60.060000,61.120000,2602400,SSI iBoard
2024-09-26,61.180000,61.770000,60.920000,60.920000,1816800,SSI iBoard
2024-09-27,60.920000,61.640000,60.920000,60.920000,1070900,SSI iBoard
2024-09-30,60.920000,60.920000,60.590000,60.590000,1276900,SSI iBoard
2024-10-01,60.790000,61.510000,60.590000,60.590000,1724400,SSI iBoard
2024-10-02,60.790000,61.050000,60.460000,61.050000,1378900,SSI iBoard
2024-10-03,60.980000,61.840000,60.850000,60.980000,1699200,SSI iBoard
2024-10-04,60.920000,61.120000,60.790000,60.790000,859700,SSI iBoard
2024-10-07,60.790000,60.920000,60.460000,60.590000,610700,SSI iBoard
2024-10-08,60.590000,60.590000,59.930000,60.260000,1123100,SSI iBoard
2024-10-09,60.130000,60.460000,59.860000,59.930000,2175700,SSI iBoard
2024-10-10,60.790000,61.250000,60.060000,60.520000,1325200,SSI iBoard
2024-10-11,60.520000,60.520000,60.060000,60.260000,1083500,SSI iBoard
2024-10-14,60.720000,60.720000,60.130000,60.190000,930700,SSI iBoard
2024-10-15,60.130000,60.650000,60.130000,60.190000,1430600,SSI iBoard
2024-10-16,60.190000,60.460000,60.130000,60.260000,1293000,SSI iBoard
2024-10-17,60.590000,60.790000,60.390000,60.720000,1285400,SSI iBoard
2024-10-18,61.050000,61.310000,60.590000,60.850000,1162700,SSI iBoard
2024-10-21,60.920000,61.440000,60.590000,60.590000,1423100,SSI iBoard
2024-10-22,60.590000,60.720000,60.190000,60.190000,1259500,SSI iBoard
2024-10-23,60.060000,60.460000,60.060000,60.260000,749300,SSI iBoard
2024-10-24,60.720000,60.790000,60.190000,60.390000,755400,SSI iBoard
2024-10-25,60.650000,60.790000,60.390000,60.460000,996300,SSI iBoard
2024-10-28,60.260000,60.790000,60.260000,60.590000,1105800,SSI iBoard
2024-10-29,60.650000,60.980000,60.590000,60.590000,1297600,SSI iBoard
2024-10-30,60.590000,60.850000,60.330000,60.390000,626500,SSI iBoard
2024-10-31,60.260000,62.560000,60.260000,61.640000,2888900,SSI iBoard
2024-11-01,61.910000,62.500000,61.580000,61.580000,1729900,SSI iBoard
2024-11-04,61.910000,62.760000,60.850000,60.920000,1853600,SSI iBoard
2024-11-05,60.980000,61.250000,60.590000,60.980000,1082700,SSI iBoard
2024-11-06,61.120000,61.510000,61.120000,61.180000,1416800,SSI iBoard
2024-11-07,61.380000,61.840000,61.380000,61.380000,1418900,SSI iBoard
2024-11-08,61.580000,61.840000,60.720000,60.720000,1380000,SSI iBoard
2024-11-11,61.120000,61.120000,60.520000,60.590000,1873400,SSI iBoard
2024-11-12,60.590000,61.380000,60.520000,60.520000,1336300,SSI iBoard
2024-11-13,60.520000,61.180000,60.520000,60.920000,1331800,SSI iBoard
2024-11-14,60.590000,60.920000,60.520000,60.590000,1719700,SSI iBoard
2024-11-15,60.590000,60.920000,60.330000,60.390000,1508600,SSI iBoard
2024-11-18,60.390000,60.790000,59.860000,59.930000,1874900,SSI iBoard
2024-11-19,60.260000,60.330000,59.270000,59.270000,1577000,SSI iBoard
2024-11-20,59.270000,60.060000,59.210000,59.470000,1640700,SSI iBoard
2024-11-21,59.530000,60.130000,59.400000,59.600000,1461100,SSI iBoard
2024-11-22,59.930000,60.130000,59.670000,59.670000,1729700,SSI iBoard
2024-11-25,59.860000,60.720000,59.860000,60.130000,1814000,SSI iBoard
2024-11-26,60.190000,61.180000,60.190000,60.850000,1759900,SSI iBoard
2024-11-27,60.790000,61.380000,60.790000,61.050000,1047200,SSI iBoard
2024-11-28,61.310000,61.580000,60.920000,60.980000,1289900,SSI iBoard
2024-11-29,60.980000,61.440000,60.920000,61.440000,1010500,SSI iBoard
2024-12-02,62.500000,62.630000,61.840000,62.040000,1573100,SSI iBoard
2024-12-03,62.170000,62.170000,60.980000,61.250000,2445800,SSI iBoard
2024-12-04,61.120000,61.840000,60.920000,61.580000,1204400,SSI iBoard
2024-12-05,61.250000,62.300000,61.250000,61.910000,2333000,SSI iBoard
2024-12-06,61.910000,62.760000,61.840000,62.040000,1700100,SSI iBoard
2024-12-09,62.040000,62.760000,61.840000,62.760000,1957500,SSI iBoard
2024-12-10,62.760000,62.760000,62.240000,62.240000,912700,SSI iBoard
2024-12-11,62.240000,62.430000,61.380000,61.440000,1609700,SSI iBoard
2024-12-12,61.580000,62.170000,61.580000,61.580000,671500,SSI iBoard
2024-12-13,61.380000,61.640000,61.180000,61.310000,1227700,SSI iBoard
2024-12-16,61.250000,61.380000,61.180000,61.310000,1121800,SSI iBoard
2024-12-17,61.250000,61.310000,61.120000,61.250000,1048100,SSI iBoard
2024-12-18,61.250000,61.440000,61.250000,61.310000,530300,SSI iBoard
2024-12-19,61.120000,61.120000,60.720000,60.850000,1869700,SSI iBoard
2024-12-20,60.850000,61.180000,60.790000,60.920000,1245900,SSI iBoard
2024-12-23,60.980000,61.120000,60.850000,60.850000,707200,SSI iBoard
2024-12-24,61.050000,61.120000,60.590000,60.650000,1024300,SSI iBoard
2024-12-25,60.720000,61.770000,60.720000,60.850000,1827700,SSI iBoard
2024-12-26,60.920000,61.120000,60.590000,60.650000,2202900,SSI iBoard
2024-12-27,60.920000,61.250000,60.720000,60.720000,1639900,SSI iBoard
2024-12-30,60.720000,60.920000,60.590000,60.590000,1706700,SSI iBoard
2024-12-31,60.720000,60.850000,60.060000,60.060000,2374000,SSI iBoard
2025-01-02,60.330000,60.920000,60.260000,60.520000,1630500,SSI iBoard
2025-01-03,60.520000,60.850000,60.520000,60.590000,1402200,SSI iBoard
2025-01-06,60.590000,61.510000,60.520000,61.180000,1936800,SSI iBoard
2025-01-07,61.380000,61.380000,60.790000,60.790000,1252400,SSI iBoard
2025-01-08,60.790000,60.850000,60.260000,60.850000,1052000,SSI iBoard
2025-01-09,60.590000,60.720000,60.390000,60.520000,738300,SSI iBoard
2025-01-10,60.520000,60.850000,60.190000,60.190000,1112500,SSI iBoard
2025-01-13,60.130000,60.520000,60.000000,60.520000,937600,SSI iBoard
2025-01-14,60.520000,60.520000,60.060000,60.390000,677300,SSI iBoard
2025-01-15,60.520000,60.520000,60.190000,60.190000,445300,SSI iBoard
2025-01-16,60.520000,61.380000,60.460000,61.050000,2460200,SSI iBoard
2025-01-17,61.050000,61.250000,60.720000,60.920000,1122600,SSI iBoard
2025-01-20,60.790000,60.920000,60.330000,60.390000,1761500,SSI iBoard
2025-01-21,60.650000,60.650000,60.130000,60.190000,1264900,SSI iBoard
2025-01-22,60.590000,60.590000,60.060000,60.060000,979100,SSI iBoard
2025-01-23,60.130000,61.180000,60.130000,60.920000,1685100,SSI iBoard
2025-01-24,60.650000,61.250000,60.650000,60.980000,944000,SSI iBoard
2025-02-03,60.790000,60.850000,60.330000,60.330000,1435800,SSI iBoard
2025-02-04,60.650000,60.720000,60.390000,60.590000,855200,SSI iBoard
2025-02-05,60.590000,61.120000,60.590000,60.980000,1345800,SSI iBoard
2025-02-06,61.120000,61.510000,61.050000,61.180000,1351600,SSI iBoard
2025-02-07,61.180000,61.380000,60.920000,61.250000,2260900,SSI iBoard
2025-02-10,61.180000,61.180000,60.520000,60.720000,2298100,SSI iBoard
2025-02-11,60.720000,60.790000,60.390000,60.520000,1039400,SSI iBoard
2025-02-12,60.520000,60.920000,60.260000,60.260000,1054100,SSI iBoard
2025-02-13,60.520000,60.520000,60.190000,60.330000,862300,SSI iBoard
2025-02-14,60.720000,60.720000,60.260000,60.330000,947800,SSI iBoard
2025-02-17,60.260000,60.590000,60.260000,60.330000,787100,SSI iBoard
2025-02-18,60.330000,60.590000,60.190000,60.330000,1065500,SSI iBoard
2025-02-19,60.330000,60.390000,60.130000,60.390000,1509500,SSI iBoard
2025-02-20,60.720000,60.790000,60.390000,60.390000,1636600,SSI iBoard
2025-02-21,60.650000,61.310000,60.650000,61.310000,2513400,SSI iBoard
2025-02-24,61.440000,61.580000,61.050000,61.580000,1956000,SSI iBoard
2025-02-25,61.580000,61.640000,60.920000,60.980000,1926600,SSI iBoard
2025-02-26,60.980000,61.180000,60.720000,60.790000,769200,SSI iBoard
2025-02-27,62.500000,62.830000,61.910000,61.910000,5028800,SSI iBoard
2025-02-28,62.040000,62.040000,61.440000,61.440000,2070800,SSI iBoard
2025-03-03,61.580000,61.580000,61.250000,61.440000,1251000,SSI iBoard
2025-03-04,61.380000,61.510000,61.050000,61.250000,2498900,SSI iBoard
2025-03-05,61.250000,61.770000,61.250000,61.250000,1820200,SSI iBoard
2025-03-06,61.580000,62.040000,61.380000,61.580000,2357600,SSI iBoard
2025-03-07,61.640000,62.760000,61.580000,62.630000,3999500,SSI iBoard
2025-03-10,63.490000,64.140000,63.290000,63.750000,4428800,SSI iBoard
2025-03-11,63.220000,63.750000,62.960000,63.750000,3640200,SSI iBoard
2025-03-12,64.980000,67.540000,64.590000,65.670000,7560300,SSI iBoard
2025-03-13,66.160000,66.160000,64.190000,64.490000,4496300,SSI iBoard
2025-03-14,64.390000,65.770000,64.390000,64.980000,4920600,SSI iBoard
2025-03-17,64.980000,66.260000,64.980000,66.260000,4940800,SSI iBoard
2025-03-18,66.750000,66.750000,65.770000,65.770000,3656000,SSI iBoard
2025-03-19,66.160000,66.160000,65.470000,65.470000,3674000,SSI iBoard
2025-03-20,65.470000,65.970000,65.180000,65.770000,1688900,SSI iBoard
2025-03-21,65.970000,65.970000,64.980000,64.980000,1701500,SSI iBoard
2025-03-24,65.280000,65.470000,64.490000,65.470000,1977600,SSI iBoard
2025-03-25,65.470000,65.570000,65.180000,65.180000,2028100,SSI iBoard
2025-03-26,65.370000,65.570000,64.780000,64.780000,1507400,SSI iBoard
2025-03-27,64.780000,64.880000,64.490000,64.490000,901500,SSI iBoard
2025-03-28,64.490000,64.690000,63.800000,63.800000,1650600,SSI iBoard
2025-03-31,63.700000,64.190000,63.010000,63.010000,1771900,SSI iBoard
2025-04-01,63.700000,64.290000,63.010000,63.500000,1715200,SSI iBoard
2025-04-02,64.000000,64.980000,63.600000,63.800000,2330700,SSI iBoard
2025-04-03,63.010000,63.410000,59.370000,59.370000,9806100,SSI iBoard
2025-04-04,55.820000,59.070000,55.330000,59.070000,11887700,SSI iBoard
2025-04-08,58.880000,58.880000,54.940000,54.940000,7181200,SSI iBoard
2025-04-09,51.200000,58.780000,51.200000,51.690000,8995800,SSI iBoard
2025-04-10,55.230000,55.230000,55.230000,55.230000,174400,SSI iBoard
2025-04-11,58.880000,58.980000,57.100000,58.880000,8059500,SSI iBoard
2025-04-14,59.070000,59.070000,57.790000,58.380000,3619500,SSI iBoard
2025-04-15,58.190000,59.960000,57.400000,59.070000,5633100,SSI iBoard
2025-04-16,58.780000,59.370000,58.090000,58.380000,2625800,SSI iBoard
2025-04-17,58.380000,58.380000,57.200000,57.200000,3151800,SSI iBoard
2025-04-18,57.790000,58.680000,57.200000,57.200000,2165400,SSI iBoard
2025-04-21,57.600000,57.990000,57.200000,57.300000,1290500,SSI iBoard
2025-04-22,57.200000,57.890000,53.860000,57.600000,3850700,SSI iBoard
2025-04-23,58.480000,58.480000,57.100000,57.100000,1928700,SSI iBoard
2025-04-24,57.300000,57.700000,57.100000,57.300000,1861200,SSI iBoard
2025-04-25,57.300000,58.090000,56.610000,56.610000,3682000,SSI iBoard
2025-04-28,56.810000,57.400000,56.610000,56.610000,1654600,SSI iBoard
2025-04-29,56.810000,57.600000,56.420000,56.420000,2432200,SSI iBoard
2025-05-05,56.610000,57.100000,56.120000,56.220000,2101500,SSI iBoard
2025-05-06,56.420000,57.100000,56.120000,56.120000,2992900,SSI iBoard
2025-05-07,56.220000,56.610000,56.120000,56.120000,2415400,SSI iBoard
2025-05-08,56.510000,56.810000,56.020000,56.220000,3022300,SSI iBoard
2025-05-09,56.420000,56.710000,55.730000,55.730000,5827400,SSI iBoard
2025-05-12,56.120000,56.420000,55.330000,55.730000,5992500,SSI iBoard
2025-05-13,56.220000,56.420000,55.730000,55.920000,7392600,SSI iBoard
2025-05-14,56.320000,57.890000,56.320000,57.790000,8014200,SSI iBoard
2025-05-15,58.380000,58.880000,57.790000,57.790000,8070600,SSI iBoard
2025-05-16,57.890000,58.090000,56.610000,56.610000,8364800,SSI iBoard
2025-05-19,56.510000,56.710000,56.120000,56.120000,4784400,SSI iBoard
2025-05-20,56.120000,56.510000,55.920000,56.220000,3867000,SSI iBoard
2025-05-21,56.610000,57.010000,56.120000,56.220000,5161800,SSI iBoard
2025-05-22,56.220000,56.510000,56.020000,56.020000,3694300,SSI iBoard
2025-05-23,56.020000,56.610000,55.820000,55.920000,3546500,SSI iBoard
2025-05-26,56.020000,56.120000,55.140000,56.120000,4728300,SSI iBoard
2025-05-27,55.920000,56.320000,55.820000,55.920000,5548900,SSI iBoard
2025-05-28,56.220000,56.710000,55.920000,55.920000,4950200,SSI iBoard
2025-05-29,56.320000,56.320000,55.820000,55.820000,3904500,SSI iBoard
2025-05-30,55.920000,56.020000,55.530000,55.530000,3934000,SSI iBoard
2025-06-02,55.630000,55.630000,55.230000,55.330000,3225700,SSI iBoard
2025-06-03,55.820000,56.020000,55.530000,55.920000,3364000,SSI iBoard
2025-06-04,56.020000,56.120000,55.630000,55.730000,2690500,SSI iBoard
2025-06-05,55.820000,55.920000,55.430000,55.430000,2783100,SSI iBoard
2025-06-06,55.430000,55.730000,55.230000,55.230000,2531900,SSI iBoard
2025-06-09,55.330000,55.530000,55.040000,55.040000,2223900,SSI iBoard
2025-06-10,55.140000,55.330000,55.040000,55.040000,2231400,SSI iBoard
2025-06-11,55.330000,55.330000,54.840000,54.840000,2295800,SSI iBoard
2025-06-12,55.140000,55.230000,54.840000,55.140000,2560800,SSI iBoard
2025-06-13,55.040000,56.220000,54.740000,55.330000,5364900,SSI iBoard
2025-06-16,55.330000,55.820000,55.330000,55.730000,4336600,SSI iBoard
2025-06-17,56.020000,56.610000,55.920000,56.320000,5159800,SSI iBoard
2025-06-18,56.320000,56.420000,55.630000,55.820000,3421100,SSI iBoard
2025-06-19,55.820000,56.120000,55.630000,55.730000,2368700,SSI iBoard
2025-06-20,55.820000,56.320000,55.630000,56.220000,6886500,SSI iBoard
2025-06-23,55.820000,56.020000,55.630000,55.730000,2480600,SSI iBoard
2025-06-24,56.020000,56.220000,55.730000,55.730000,3507600,SSI iBoard
2025-06-25,55.920000,56.020000,55.730000,55.730000,2739800,SSI iBoard
2025-06-26,55.820000,55.920000,55.530000,55.530000,2842900,SSI iBoard
2025-06-27,55.730000,56.420000,55.530000,55.820000,4082600,SSI iBoard
2025-06-30,56.120000,56.320000,56.020000,56.120000,2952200,SSI iBoard
2025-07-01,56.320000,57.890000,56.220000,57.300000,10049500,SSI iBoard
2025-07-02,57.400000,57.700000,56.810000,57.100000,2913600,SSI iBoard
2025-07-03,57.200000,57.890000,56.810000,57.010000,7395300,SSI iBoard
2025-07-04,57.010000,57.890000,56.910000,57.500000,4849800,SSI iBoard
2025-07-07,57.600000,57.990000,57.300000,57.700000,8056200,SSI iBoard
2025-07-08,57.890000,58.580000,57.700000,58.090000,10394500,SSI iBoard
2025-07-09,58.480000,60.850000,58.480000,60.550000,16449700,SSI iBoard
2025-07-10,60.850000,60.850000,60.060000,60.450000,8152900,SSI iBoard
2025-07-11,60.550000,62.130000,60.550000,61.730000,12701900,SSI iBoard
2025-07-14,61.930000,61.930000,60.060000,61.440000,6475000,SSI iBoard
2025-07-15,61.440000,61.630000,60.450000,60.450000,6315400,SSI iBoard
2025-07-16,60.450000,61.140000,60.160000,60.850000,7603200,SSI iBoard
2025-07-17,60.850000,61.730000,60.850000,61.240000,9992700,SSI iBoard
2025-07-18,61.340000,61.630000,60.850000,60.940000,6915300,SSI iBoard
2025-07-21,61.240000,61.730000,60.350000,60.350000,6138200,SSI iBoard
2025-07-22,60.350000,61.240000,59.960000,61.240000,4902600,SSI iBoard
2025-07-23,61.530000,61.630000,60.850000,61.140000,5087300,SSI iBoard
2025-07-24,61.240000,62.520000,60.940000,61.140000,8710200,SSI iBoard
2025-07-25,61.140000,61.530000,60.940000,61.040000,4978400,SSI iBoard
2025-07-28,61.240000,62.030000,61.140000,61.830000,10484700,SSI iBoard
2025-07-29,62.220000,62.220000,60.060000,60.060000,10595600,SSI iBoard
2025-07-30,60.060000,60.940000,59.470000,59.960000,7271000,SSI iBoard
2025-07-31,60.550000,60.750000,59.170000,59.270000,6066900,SSI iBoard
2025-08-01,59.370000,59.660000,58.780000,59.270000,4751600,SSI iBoard
2025-08-04,59.170000,60.450000,59.070000,60.160000,4462400,SSI iBoard
2025-08-05,60.550000,62.720000,60.260000,60.550000,18590000,SSI iBoard
2025-08-06,61.140000,61.830000,60.940000,61.340000,4677500,SSI iBoard
2025-08-07,61.930000,61.930000,60.350000,60.750000,9498700,SSI iBoard
2025-08-08,61.240000,62.320000,60.650000,60.940000,10679800,SSI iBoard
2025-08-11,61.140000,62.220000,61.140000,61.530000,7266300,SSI iBoard
2025-08-12,61.830000,63.800000,61.730000,62.030000,12129000,SSI iBoard
2025-08-13,62.520000,62.620000,61.040000,61.530000,7519800,SSI iBoard
2025-08-14,62.720000,65.280000,62.320000,64.190000,19003100,SSI iBoard
2025-08-15,66.360000,66.460000,63.210000,63.310000,16667800,SSI iBoard
2025-08-18,63.800000,64.590000,63.010000,63.500000,8297300,SSI iBoard
2025-08-19,63.500000,64.390000,63.210000,63.210000,9191400,SSI iBoard
2025-08-20,63.500000,63.600000,61.240000,62.030000,10537600,SSI iBoard
2025-08-21,62.320000,64.000000,62.320000,63.210000,9639300,SSI iBoard
2025-08-22,63.010000,66.160000,62.720000,63.600000,18944300,SSI iBoard
2025-08-25,64.780000,64.780000,62.420000,62.620000,7750800,SSI iBoard
2025-08-26,62.620000,64.000000,61.930000,63.600000,7988400,SSI iBoard
2025-08-27,64.000000,68.030000,64.000000,68.030000,31048100,SSI iBoard
2025-08-28,68.430000,69.510000,67.640000,67.930000,8799400,SSI iBoard
2025-08-29,68.130000,69.020000,67.440000,67.540000,14696100,SSI iBoard
2025-09-03,67.740000,67.740000,65.970000,65.970000,14216900,SSI iBoard
2025-09-04,66.460000,67.930000,65.870000,67.840000,8942100,SSI iBoard
2025-09-05,68.430000,68.530000,66.460000,66.460000,11047800,SSI iBoard
2025-09-08,66.060000,66.460000,64.290000,64.290000,11249800,SSI iBoard
2025-09-09,64.490000,65.180000,63.500000,63.900000,6192300,SSI iBoard
2025-09-10,64.590000,64.980000,63.800000,64.780000,5006400,SSI iBoard
2025-09-11,64.590000,64.980000,63.210000,64.690000,6349100,SSI iBoard
2025-09-12,65.180000,65.180000,64.000000,64.780000,5694200,SSI iBoard
2025-09-15,64.980000,64.980000,64.490000,64.780000,5367400,SSI iBoard
2025-09-16,64.980000,65.570000,64.590000,64.590000,6765400,SSI iBoard
2025-09-17,64.490000,64.780000,63.800000,63.800000,5627200,SSI iBoard
2025-09-18,63.900000,63.900000,62.620000,62.910000,8783400,SSI iBoard
2025-09-19,63.210000,63.500000,62.030000,62.030000,6932700,SSI iBoard
2025-09-22,62.030000,62.220000,60.850000,61.040000,6061300,SSI iBoard
2025-09-23,61.440000,62.130000,61.240000,61.240000,3267800,SSI iBoard
2025-09-24,61.440000,61.730000,60.850000,61.730000,3879200,SSI iBoard
2025-09-25,62.320000,62.420000,61.730000,62.030000,3870300,SSI iBoard
2025-09-26,62.220000,62.420000,61.930000,62.030000,3981900,SSI iBoard
2025-09-29,61.930000,61.930000,61.440000,61.630000,2782900,SSI iBoard
2025-09-30,61.830000,61.930000,60.850000,61.040000,4104100,SSI iBoard
2025-10-01,61.730000,61.730000,61.040000,61.440000,3022000,SSI iBoard
2025-10-02,61.440000,62.130000,61.140000,61.140000,3657500,SSI iBoard
2025-10-03,61.490000,61.490000,60.890000,61.190000,2821100,SSI iBoard
2025-10-06,62.280000,63.470000,62.280000,63.470000,7461700,SSI iBoard
2025-10-07,63.570000,63.570000,62.770000,63.170000,4229300,SSI iBoard
2025-10-08,63.670000,64.360000,63.070000,64.060000,8113800,SSI iBoard
2025-10-09,63.960000,64.660000,63.270000,63.270000,5734200,SSI iBoard
2025-10-10,63.370000,63.870000,63.070000,63.670000,4985600,SSI iBoard
2025-10-13,62.870000,63.270000,62.280000,62.580000,7992500,SSI iBoard
2025-10-14,62.970000,63.470000,62.380000,62.580000,7008900,SSI iBoard
2025-10-15,62.580000,62.870000,61.980000,61.980000,5218800,SSI iBoard
2025-10-16,62.180000,62.480000,61.980000,62.380000,4634400,SSI iBoard
2025-10-17,62.380000,62.380000,61.290000,61.390000,5405900,SSI iBoard
2025-10-20,61.290000,61.680000,58.110000,58.910000,12115600,SSI iBoard
2025-10-21,59.200000,60.200000,58.810000,58.810000,8416700,SSI iBoard
2025-10-22,59.600000,59.700000,58.010000,59.110000,4664800,SSI iBoard
2025-10-23,58.410000,59.800000,58.410000,59.300000,4227100,SSI iBoard
2025-10-24,59.300000,59.400000,58.310000,59.010000,4372700,SSI iBoard
2025-10-27,59.500000,59.500000,58.710000,58.710000,2640000,SSI iBoard
2025-10-28,58.710000,59.700000,58.610000,59.500000,2789700,SSI iBoard
2025-10-29,59.500000,60.490000,59.300000,60.200000,3716000,SSI iBoard
2025-10-30,60.490000,60.690000,59.800000,60.100000,1946600,SSI iBoard
2025-10-31,60.300000,60.300000,59.110000,59.110000,2117800,SSI iBoard
2025-11-03,59.500000,59.800000,58.810000,58.810000,2800100,SSI iBoard
2025-11-04,58.710000,59.900000,58.610000,59.600000,2952400,SSI iBoard
2025-11-05,59.500000,60.590000,59.400000,60.300000,4601700,SSI iBoard
2025-11-06,60.390000,60.790000,59.700000,59.800000,2821200,SSI iBoard
2025-11-07,59.500000,59.500000,58.510000,58.810000,3586300,SSI iBoard
2025-11-10,58.910000,59.200000,58.310000,58.310000,2316500,SSI iBoard
2025-11-11,58.610000,59.110000,58.310000,58.410000,2540900,SSI iBoard
2025-11-12,58.610000,59.200000,58.510000,59.010000,2012700,SSI iBoard
2025-11-13,59.010000,59.500000,58.710000,59.300000,2113500,SSI iBoard
2025-11-14,59.300000,59.900000,58.910000,59.500000,2069600,SSI iBoard
2025-11-17,59.500000,59.900000,59.400000,59.700000,1585600,SSI iBoard
2025-11-18,59.900000,59.900000,59.300000,59.400000,2158800,SSI iBoard
2025-11-19,59.400000,59.600000,58.810000,58.910000,2896200,SSI iBoard
2025-11-20,59.110000,59.200000,58.710000,58.910000,2259400,SSI iBoard
2025-11-21,58.610000,58.710000,58.210000,58.510000,3452400,SSI iBoard
2025-11-24,58.510000,58.810000,58.210000,58.310000,2025600,SSI iBoard
2025-11-25,58.410000,58.510000,57.720000,57.720000,2755000,SSI iBoard
2025-11-26,58.010000,58.110000,57.320000,57.620000,5371200,SSI iBoard
2025-11-27,57.720000,58.010000,57.420000,57.420000,3113500,SSI iBoard
2025-11-28,57.520000,57.620000,56.920000,56.920000,3534300,SSI iBoard
2025-12-01,57.120000,57.520000,57.020000,57.020000,2824900,SSI iBoard
2025-12-02,57.020000,57.320000,56.730000,57.120000,3185600,SSI iBoard
2025-12-03,57.320000,58.610000,57.320000,58.410000,6161200,SSI iBoard
2025-12-04,58.510000,58.910000,58.210000,58.410000,2923100,SSI iBoard
2025-12-05,58.510000,58.710000,57.720000,57.820000,3604700,SSI iBoard
2025-12-08,57.720000,57.820000,57.320000,57.420000,2141500,SSI iBoard
2025-12-09,57.420000,58.210000,56.820000,57.520000,4519400,SSI iBoard
2025-12-10,57.820000,58.110000,57.320000,57.720000,3082500,SSI iBoard
2025-12-11,57.920000,57.920000,57.120000,57.120000,1746700,SSI iBoard
2025-12-12,57.320000,57.320000,56.330000,56.330000,4847700,SSI iBoard
2025-12-15,56.330000,56.820000,56.230000,56.330000,3203100,SSI iBoard
2025-12-16,56.430000,56.920000,55.540000,56.430000,6346800,SSI iBoard
2025-12-17,56.530000,57.020000,56.230000,56.230000,2331200,SSI iBoard
2025-12-18,56.730000,57.020000,56.230000,56.330000,3075800,SSI iBoard
2025-12-19,56.530000,57.020000,56.230000,57.020000,4265500,SSI iBoard
2025-12-22,57.220000,57.520000,56.820000,57.320000,2961200,SSI iBoard
2025-12-23,57.320000,57.620000,56.530000,56.730000,3147900,SSI iBoard
2025-12-24,56.820000,56.820000,56.430000,56.530000,4431500,SSI iBoard
2025-12-25,56.530000,57.420000,56.530000,56.630000,3968100,SSI iBoard
2025-12-26,56.630000,56.920000,56.130000,56.630000,3302500,SSI iBoard
2025-12-29,56.920000,57.020000,56.630000,56.630000,2099700,SSI iBoard
2025-12-30,56.820000,57.620000,56.730000,56.820000,2958000,SSI iBoard
2025-12-31,56.920000,57.420000,56.820000,57.020000,2530800,SSI iBoard
2026-01-05,57.020000,57.120000,56.530000,56.630000,3591800,SSI iBoard
2026-01-06,56.630000,57.020000,56.130000,56.820000,4173200,SSI iBoard
2026-01-07,57.120000,59.400000,57.020000,59.110000,12918300,SSI iBoard
2026-01-08,59.300000,63.170000,59.200000,63.170000,27104600,SSI iBoard
2026-01-09,64.860000,67.440000,64.860000,67.440000,32481400,SSI iBoard
2026-01-12,69.320000,72.100000,69.020000,72.100000,21973100,SSI iBoard
2026-01-13,73.680000,75.370000,71.200000,73.390000,28198200,SSI iBoard
2026-01-14,72.490000,78.150000,72.490000,75.370000,21213600,SSI iBoard
2026-01-15,73.390000,74.280000,71.300000,71.300000,23227200,SSI iBoard
2026-01-16,72.390000,75.370000,71.400000,72.390000,13426500,SSI iBoard
2026-01-19,72.390000,72.890000,71.010000,72.100000,8212000,SSI iBoard
2026-01-20,73.390000,74.380000,71.500000,72.890000,18491600,SSI iBoard
2026-01-21,72.200000,72.990000,71.100000,72.200000,11179000,SSI iBoard
2026-01-22,72.790000,75.270000,70.010000,70.410000,18577500,SSI iBoard
2026-01-23,70.410000,70.410000,67.930000,68.030000,16804700,SSI iBoard
2026-01-26,68.330000,70.510000,68.130000,69.020000,10990600,SSI iBoard
2026-01-27,69.120000,70.910000,67.530000,70.010000,9645200,SSI iBoard
2026-01-28,70.510000,72.290000,68.820000,69.020000,12283200,SSI iBoard
2026-01-29,68.720000,70.210000,68.030000,69.220000,7855400,SSI iBoard
2026-01-30,70.010000,71.300000,69.020000,69.910000,11480700,SSI iBoard
2026-02-02,69.910000,70.910000,68.720000,70.910000,10711000,SSI iBoard
2026-02-03,71.800000,72.690000,70.710000,71.200000,15094700,SSI iBoard
2026-02-04,71.400000,71.400000,69.910000,70.210000,8726700,SSI iBoard
2026-02-05,70.110000,70.210000,67.830000,67.830000,11688700,SSI iBoard
2026-02-06,67.340000,67.340000,64.360000,64.560000,24570400,SSI iBoard
2026-02-09,64.960000,65.450000,63.670000,64.460000,7308900,SSI iBoard
2026-02-10,63.960000,64.960000,62.080000,62.580000,15811100,SSI iBoard
2026-02-11,63.470000,66.050000,62.970000,64.160000,11121200,SSI iBoard
2026-02-12,64.960000,64.960000,63.670000,63.670000,7950400,SSI iBoard
2026-02-13,64.160000,64.560000,63.470000,63.870000,4951400,SSI iBoard
2026-02-23,64.460000,66.150000,64.060000,65.850000,10104200,SSI iBoard
2026-02-24,66.050000,66.050000,64.360000,64.460000,10246500,SSI iBoard
2026-02-25,64.460000,65.950000,64.160000,64.560000,9488800,SSI iBoard
2026-02-26,64.660000,65.350000,64.460000,64.860000,7561900,SSI iBoard
2026-02-27,64.960000,65.850000,64.260000,64.360000,8831200,SSI iBoard
2026-03-02,62.380000,63.370000,62.380000,62.380000,17105000,SSI iBoard
2026-03-03,62.380000,63.170000,60.890000,61.090000,12575400,SSI iBoard
2026-03-04,61.290000,62.680000,61.190000,62.480000,10259500,SSI iBoard
2026-03-05,63.170000,63.170000,61.980000,61.980000,6037000,SSI iBoard
2026-03-06,61.490000,62.680000,61.090000,61.090000,8854200,SSI iBoard
2026-03-09,56.920000,59.200000,56.820000,56.820000,29396000,SSI iBoard
2026-03-10,59.300000,60.390000,58.310000,59.900000,11524700,SSI iBoard
2026-03-11,60.000000,60.690000,59.500000,59.900000,8789200,SSI iBoard
2026-03-12,59.700000,59.800000,59.010000,59.300000,6217000,SSI iBoard
2026-03-13,58.710000,59.600000,58.410000,58.510000,5656900,SSI iBoard
2026-03-16,58.810000,59.300000,58.110000,58.310000,3985900,SSI iBoard
2026-03-17,59.010000,60.000000,58.910000,60.000000,7148800,SSI iBoard
2026-03-18,60.390000,61.490000,59.500000,60.000000,8225000,SSI iBoard
2026-03-19,59.200000,59.500000,58.510000,59.300000,6184000,SSI iBoard
2026-03-20,59.300000,59.300000,57.520000,57.520000,8322900,SSI iBoard
2026-03-23,57.320000,57.820000,56.030000,57.120000,9648600,SSI iBoard
2026-03-24,58.510000,58.510000,57.520000,57.720000,4332300,SSI iBoard
2026-03-25,58.310000,58.610000,57.520000,57.920000,8558200,SSI iBoard
2026-03-26,58.010000,58.110000,57.020000,57.420000,6217800,SSI iBoard
2026-03-27,57.520000,58.510000,57.420000,58.310000,6135900,SSI iBoard
2026-03-30,57.420000,58.010000,57.320000,57.520000,5546000,SSI iBoard
2026-03-31,57.720000,58.410000,57.520000,57.620000,5481100,SSI iBoard
2026-04-01,58.410000,58.710000,58.010000,58.510000,8254700,SSI iBoard
2026-04-02,58.210000,58.310000,57.620000,57.720000,5664500,SSI iBoard
2026-04-03,57.820000,58.010000,57.220000,57.220000,5919600,SSI iBoard
2026-04-06,57.320000,57.720000,57.220000,57.520000,4303300,SSI iBoard
2026-04-07,57.520000,57.820000,57.220000,57.520000,3889100,SSI iBoard
2026-04-08,58.710000,59.800000,58.310000,59.700000,13743100,SSI iBoard
2026-04-09,59.500000,59.600000,58.810000,58.910000,6217700,SSI iBoard
2026-04-10,59.110000,60.490000,59.110000,59.300000,7655400,SSI iBoard
2026-04-13,59.010000,59.010000,58.510000,58.710000,5088700,SSI iBoard
2026-04-14,59.200000,59.300000,58.610000,58.810000,5548100,SSI iBoard
2026-04-15,59.200000,60.000000,59.110000,59.400000,8919600,SSI iBoard
2026-04-16,59.500000,59.600000,58.810000,58.910000,4174500,SSI iBoard
2026-04-17,58.910000,59.400000,58.910000,59.010000,4257800,SSI iBoard
2026-04-20,59.110000,60.000000,59.010000,59.600000,6442900,SSI iBoard
2026-04-21,59.900000,60.100000,59.110000,59.110000,6379000,SSI iBoard
2026-04-22,59.110000,59.300000,58.710000,58.910000,3011000,SSI iBoard
2026-04-23,59.200000,62.970000,59.110000,62.280000,35200000,SSI iBoard
2026-04-24,62.480000,62.480000,60.100000,60.100000,11882500,SSI iBoard
2026-04-28,60.300000,60.990000,59.300000,59.300000,7596400,SSI iBoard
2026-04-29,59.400000,60.000000,59.010000,59.300000,6431000,SSI iBoard
2026-05-04,60.000000,60.690000,59.500000,60.200000,7506200,SSI iBoard
2026-05-05,60.100000,60.200000,59.200000,59.400000,6407700,SSI iBoard
2026-05-06,59.700000,60.000000,59.200000,60.000000,5807400,SSI iBoard
2026-05-07,60.390000,60.590000,59.800000,59.800000,6055700,SSI iBoard
2026-05-08,60.000000,61.190000,59.800000,60.200000,9970000,SSI iBoard
2026-05-11,60.490000,60.590000,59.700000,59.800000,5510000,SSI iBoard
2026-05-12,59.800000,60.000000,59.010000,59.400000,6549200,SSI iBoard
2026-05-13,59.200000,60.790000,58.710000,59.600000,8868000,SSI iBoard
2026-05-14,60.000000,60.990000,59.500000,60.490000,5612100,SSI iBoard
2026-05-15,60.790000,61.190000,60.200000,60.200000,8271800,SSI iBoard
2026-05-18,60.200000,62.970000,59.800000,62.680000,18877600,SSI iBoard
2026-05-19,62.870000,64.460000,62.080000,63.870000,24224800,SSI iBoard
2026-05-20,63.170000,64.160000,61.290000,64.060000,14381600,SSI iBoard
2026-05-21,64.060000,65.650000,63.270000,64.360000,20114300,SSI iBoard
2026-05-22,64.360000,64.360000,62.770000,62.970000,8118400,SSI iBoard
2026-05-25,62.680000,63.470000,61.580000,63.170000,5410300,SSI iBoard
2026-05-26,62.770000,63.870000,62.770000,63.870000,5623900,SSI iBoard
2026-05-27,63.870000,63.960000,63.270000,63.670000,4185600,SSI iBoard
2026-05-28,63.670000,63.670000,62.280000,62.280000,4972400,SSI iBoard
2026-05-29,62.480000,62.480000,61.290000,61.490000,5820000,SSI iBoard
2026-06-01,61.780000,62.280000,61.190000,61.680000,2924300,SSI iBoard
2026-06-02,61.780000,62.180000,61.090000,61.090000,5063900,SSI iBoard
2026-06-03,61.190000,61.980000,60.890000,61.390000,4431300,SSI iBoard
2026-06-04,61.290000,61.980000,61.190000,61.680000,3910600,SSI iBoard
2026-06-05,61.880000,61.980000,61.090000,61.190000,4011200,SSI iBoard
2026-06-08,60.690000,61.580000,60.390000,60.790000,7352300,SSI iBoard
2026-06-09,60.790000,61.190000,60.490000,60.990000,2564800,SSI iBoard
2026-06-10,61.090000,61.680000,61.090000,61.190000,2309200,SSI iBoard
2026-06-11,60.990000,61.390000,60.790000,61.090000,2588500,SSI iBoard
2026-06-12,61.390000,61.580000,61.090000,61.090000,3152300,SSI iBoard
2026-06-15,61.780000,61.880000,61.090000,61.090000,5222300,SSI iBoard
2026-06-16,61.290000,61.780000,61.090000,61.290000,3110000,SSI iBoard
2026-06-17,61.290000,61.880000,61.090000,61.680000,6825500,SSI iBoard
2026-06-18,61.780000,61.880000,61.090000,61.090000,4650700,SSI iBoard
2026-06-19,61.390000,61.390000,60.690000,61.190000,4869000,SSI iBoard
2026-06-22,61.190000,61.290000,60.690000,60.790000,2686300,SSI iBoard
2026-06-23,61.190000,62.080000,60.790000,60.790000,5176000,SSI iBoard
2026-06-24,60.890000,61.090000,60.490000,60.490000,2542500,SSI iBoard
2026-06-25,60.590000,60.790000,60.300000,60.300000,3093500,SSI iBoard
2026-06-26,60.490000,60.990000,60.300000,60.890000,3344300,SSI iBoard
2026-06-29,61.090000,61.680000,60.890000,61.490000,5481600,SSI iBoard
2026-06-30,61.680000,62.080000,61.390000,61.680000,4622500,SSI iBoard
2026-07-01,61.880000,62.480000,61.580000,62.480000,4232900,SSI iBoard
2026-07-02,62.480000,62.580000,61.580000,61.580000,2744500,SSI iBoard
2026-07-03,61.780000,61.880000,61.490000,61.490000,2601900,SSI iBoard
2026-07-06,61.490000,61.980000,60.200000,60.690000,4173100,SSI iBoard
2026-07-07,60.690000,60.990000,60.390000,60.790000,2547200,SSI iBoard
2026-07-08,60.790000,61.290000,60.590000,61.090000,2051000,SSI iBoard
2026-07-09,60.790000,60.990000,60.490000,60.590000,2209800,SSI iBoard
2026-07-10,60.590000,60.990000,60.000000,60.000000,3016400,SSI iBoard
2026-07-13,60.000000,60.000000,58.310000,58.410000,6789000,SSI iBoard
2026-07-14,58.410000,59.010000,58.110000,58.710000,2829200,SSI iBoard
2026-07-15,58.710000,58.910000,58.210000,58.710000,2633300,SSI iBoard
2026-07-16,58.610000,59.300000,57.920000,58.910000,3349700,SSI iBoard
2026-07-17,58.810000,58.810000,58.010000,58.010000,1990100,SSI iBoard
2026-07-20,58.310000,58.310000,55.830000,56.230000,8536800,SSI iBoard
2026-07-21,56.230000,56.730000,56.130000,56.230000,3413200,SSI iBoard
2026-07-22,56.330000,56.630000,54.050000,54.050000,9173400,SSI iBoard
2026-07-23,54.100000,54.900000,52.600000,54.000000,7435600,SSI iBoard
2026-07-24,54.000000,55.300000,53.200000,54.100000,2503700,SSI iBoard
2026-07-27,54.500000,54.800000,53.500000,54.000000,2581300,SSI iBoard
2026-07-28,53.700000,54.600000,53.300000,54.100000,2607000,SSI iBoard
2026-07-29,54.200000,54.700000,54.000000,54.600000,2072300,SSI iBoard
2026-07-30,55.000000,56.700000,54.700000,56.500000,5427800,SSI iBoard
2026-07-31,57.700000,60.400000,57.300000,59.300000,18314600,SSI iBoard
2026-08-03,59.600000,61.000000,59.300000,60.800000,7642500,SSI iBoard
2026-08-04,60.900000,60.900000,59.600000,60.000000,5093100,SSI iBoard
2026-08-05,60.200000,60.600000,59.200000,59.300000,3663100,SSI iBoard
2026-08-06,59.500000,59.500000,58.500000,59.000000,2962800,SSI iBoard
2026-08-07,58.700000,60.800000,58.700000,59.700000,6522200,SSI iBoard
2026-08-10,60.300000,60.500000,59.800000,60.300000,2714200,SSI iBoard
2026-08-11,60.500000,60.800000,59.600000,59.800000,4065600,SSI iBoard
2026-08-12,59.900000,60.300000,59.600000,59.700000,2384500,SSI iBoard
2026-08-13,59.900000,60.500000,59.100000,59.500000,4579700,SSI iBoard
2026-08-14,59.500000,59.600000,58.500000,58.500000,4805500,SSI iBoard
2026-08-17,58.300000,58.900000,58.200000,58.200000,2745300,SSI iBoard
2026-08-18,58.200000,59.000000,57.700000,58.000000,2888000,SSI iBoard
2026-08-19,58.000000,58.200000,57.200000,57.400000,3770600,SSI iBoard
2026-08-20,57.800000,58.100000,57.300000,57.800000,3006600,SSI iBoard
2026-08-21,57.800000,59.100000,57.500000,59.100000,4695200,SSI iBoard
2026-08-24,60.200000,60.500000,59.200000,59.200000,4773600,SSI iBoard
2026-08-25,59.300000,60.200000,59.200000,59.400000,5577200,SSI iBoard
2026-08-26,59.200000,60.300000,59.200000,60.300000,7177300,SSI iBoard
2026-08-27,60.500000,61.400000,60.000000,60.100000,4904300,SSI iBoard
2026-08-28,60.200000,60.500000,59.800000,60.100000,3386900,SSI iBoard
2026-09-03,59.600000,59.800000,58.700000,58.700000,8465900,SSI iBoard
2026-09-04,58.900000,59.300000,58.600000,58.900000,4309500,SSI iBoard
2026-09-07,59.000000,59.100000,58.000000,58.000000,4761600,SSI iBoard
2026-09-08,58.000000,58.300000,57.900000,58.100000,2867600,SSI iBoard
2026-09-09,58.400000,59.300000,58.200000,58.700000,5324200,SSI iBoard
2026-09-10,58.700000,59.400000,58.500000,59.000000,3066000,SSI iBoard
2026-09-11,58.900000,59.000000,58.200000,58.200000,4365200,SSI iBoard
2026-09-14,58.200000,58.800000,58.000000,58.500000,4818800,SSI iBoard
2026-09-15,58.600000,60.000000,58.600000,60.000000,9547200,SSI iBoard
2026-09-16,60.100000,60.300000,59.300000,59.300000,2880800,SSI iBoard
2026-09-17,59.000000,60.000000,58.800000,59.600000,5395900,SSI iBoard
2026-09-18,60.000000,61.000000,59.800000,59.900000,10362600,SSI iBoard
2026-09-21,60.200000,60.200000,58.800000,58.900000,5480900,SSI iBoard
2026-09-22,59.100000,59.400000,58.800000,58.900000,2571300,SSI iBoard
2026-09-23,58.900000,59.200000,58.500000,58.500000,4077100,SSI iBoard
2026-09-24,58.600000,58.700000,58.100000,58.100000,4188600,SSI iBoard
2026-09-25,58.200000,58.500000,57.700000,58.000000,4390100,SSI iBoard
2026-09-28,58.000000,58.400000,57.600000,58.300000,3824000,SSI iBoard
2026-09-29,58.300000,58.400000,57.900000,58.000000,2495400,SSI iBoard
2026-09-30,58.300000,58.500000,58.000000,58.000000,2228800,SSI iBoard
